frame_idx,time,node_idx,node_x,node_y,node_z,radial_dist,overlap,normal_force,normal_velocity,tangential_speed,friction_force,cyl_center_x,cyl_center_y,cyl_center_z,cyl_axis_x,cyl_axis_y,cyl_axis_z,cyl_radius
2,0.0666660926548965,73,0.050837947710001295,0.0,-0.02042805965672527,0.009571940343274729,0.0004280596567252711,0.8561193134505423,-1.0608855183430215,0.11047004048127884,0.5136715880703253,0.025,0.0,-0.03,0.0,1.0,0.0,0.01
2,0.0666660926548965,74,0.0512993892265462,0.0,-0.021584659955972852,0.008415340044027147,0.0015846599559728534,3.1693199119457067,-0.5963989917396123,0.1530022321093613,1.9015919471674239,0.025,0.0,-0.03,0.0,1.0,0.0,0.01
2,0.0666660926548965,75,0.05173599513462018,0.0,-0.02274508441598994,0.00725491558401006,0.0027450844159899405,5.490168831979881,0.2465779184057404,0.41238742101631587,3.2941012991879286,0.025,0.0,-0.03,0.0,1.0,0.0,0.01
2,0.0666660926548965,76,0.05214896790587755,0.0,-0.023910784217123,0.006089215782876998,0.003910784217123002,7.821568434246005,-0.8775492112737491,0.0438205213636519,4.692941060547603,0.025,0.0,-0.03,0.0,1.0,0.0,0.01
2,0.0666660926548965,77,0.05254364023226358,0.0,-0.02509294723538618,0.004907052764613819,0.0050929472353861815,10.185894470772363,-0.30218094783537863,0.27854574115949526,6.111536682463417,0.025,0.0,-0.03,0.0,1.0,0.0,0.01
2,0.0666660926548965,78,0.05291420574315042,0.0,-0.02627640173385755,0.00372359826614245,0.00627640173385755,12.552803467715101,-0.5572750800690623,0.20678832097364153,7.531682080629061,0.025,0.0,-0.03,0.0,1.0,0.0,0.01
2,0.0666660926548965,79,0.053261801189970426,0.0,-0.02746430389869102,0.002535696101308979,0.007464303898691021,14.928607797382043,-0.5150548816557873,0.26613788195961124,8.957164678429224,0.025,0.0,-0.03,0.0,1.0,0.0,0.01
2,0.0666660926548965,80,0.053698398987432665,0.0,-0.028639448675491945,0.0013605513245080539,0.008639448675491946,17.278897350983893,-0.36798703172999925,0.40779372086553606,10.367338410590335,0.025,0.0,-0.03,0.0,1.0,0.0,0.01
3,0.09999913898234475,62,0.04275167494952224,0.0,-0.020021023713084934,0.009978976286915065,2.1023713084935072e-05,0.042047426169870145,-1.2098101454944297,4.883801267788199,0.025228455701922087,0.025,0.0,-0.03,0.0,1.0,0.0,0.01
3,0.09999913898234475,63,0.04399757632354564,0.0,-0.02026294997383866,0.009737050026161338,0.00026294997383866266,0.5258999476773253,0.41216020979168017,2.7782891785722788,0.31553996860639516,0.025,0.0,-0.03,0.0,1.0,0.0,0.01
3,0.09999913898234475,64,0.043896385554893266,0.0,-0.02150121960469614,0.00849878039530386,0.0015012196046961402,3.0024392093922803,-0.26790407664111254,0.21335775680671795,1.8014635256353682,0.025,0.0,-0.03,0.0,1.0,0.0,0.01
3,0.09999913898234475,65,0.04378779854705959,0.0,-0.02273198628326779,0.0072680137167322086,0.0027319862832677917,5.463972566535583,-0.6724509900880052,0.2475815369051205,3.2783835399213497,0.025,0.0,-0.03,0.0,1.0,0.0,0.01
3,0.09999913898234475,66,0.04365645860475374,0.0,-0.023970457696815654,0.0060295423031843445,0.003970457696815656,7.940915393631311,0.41292794773463376,0.09720489513828871,4.7645492361787865,0.025,0.0,-0.03,0.0,1.0,0.0,0.01
3,0.09999913898234475,67,0.04350449258529216,0.0,-0.025200820053991106,0.004799179946008893,0.005200820053991107,10.401640107982214,-0.7064375157182498,0.25243782910760765,6.240984064789328,0.025,0.0,-0.03,0.0,1.0,0.0,0.01
3,0.09999913898234475,68,0.043330838784850556,0.0,-0.026425648047374104,0.0035743519526258948,0.0064256480473741055,12.85129609474821,-0.12510476962547032,0.19896285273259556,7.710777656848926,0.025,0.0,-0.03,0.0,1.0,0.0,0.01
3,0.09999913898234475,69,0.04313307845777487,0.0,-0.027656347659776963,0.0023436523402230354,0.007656347659776965,15.31269531955393,0.042561603666369914,0.18548459654154703,9.187617191732357,0.025,0.0,-0.03,0.0,1.0,0.0,0.01
3,0.09999913898234475,70,0.04291388658726173,0.0,-0.0288730725029454,0.0011269274970545987,0.008873072502945402,17.746145005890803,-0.5098183794682686,0.30667515171447174,10.64768700353448,0.025,0.0,-0.03,0.0,1.0,0.0,0.01
3,0.09999913898234475,71,0.0426708128257113,0.0,-0.030089427930034045,8.942793003404587e-05,0.009910572069965954,19.82114413993191,0.2522176755528414,0.30041393667449756,11.892686483959146,0.025,0.0,-0.03,0.0,1.0,0.0,0.01
3,0.09999913898234475,72,0.042402983748151026,0.0,-0.03130611416522171,0.0013061141652217084,0.008693885834778292,17.387771669556585,-0.3274522736811411,0.1793549314483067,10.432663001733951,0.025,0.0,-0.03,0.0,1.0,0.0,0.01
3,0.09999913898234475,73,0.04211416224859717,0.0,-0.03250561101290323,0.002505611012903232,0.007494388987096768,14.988777974193537,0.8919517462221895,0.4955781221829275,8.993266784516122,0.025,0.0,-0.03,0.0,1.0,0.0,0.01
3,0.09999913898234475,74,0.0417992744354182,0.0,-0.03370994591013339,0.0037099459101333915,0.006290054089866609,12.580108179733218,-0.1533677518036224,0.2632459482966891,7.5480649078399304,0.025,0.0,-0.03,0.0,1.0,0.0,0.01
3,0.09999913898234475,75,0.041461494501050994,0.0,-0.03490555492192631,0.0049055549219263125,0.005094445078073688,10.188890156147375,-0.13990327072981992,0.25563294994977104,6.113334093688425,0.025,0.0,-0.03,0.0,1.0,0.0,0.01
3,0.09999913898234475,76,0.04110313966459889,0.0,-0.03608636813930133,0.006086368139301329,0.003913631860698671,7.827263721397342,0.9766765043331532,0.6232116662364126,4.6963582328384055,0.025,0.0,-0.03,0.0,1.0,0.0,0.01
3,0.09999913898234475,77,0.040717871807738275,0.0,-0.0372740499595082,0.0072740499595082,0.0027259500404918004,5.4519000809836005,-0.5789787450444468,0.15361747050680843,3.2711400485901603,0.025,0.0,-0.03,0.0,1.0,0.0,0.01
3,0.09999913898234475,78,0.040314076418836865,0.0,-0.03844343243240248,0.008443432432402483,0.0015565675675975176,3.1131351351950354,0.4147641174091962,0.49803399186555947,1.8678810811170212,0.025,0.0,-0.03,0.0,1.0,0.0,0.01
3,0.09999913898234475,79,0.03988872532824489,0.0,-0.03960574881240452,0.009605748812404523,0.0003942511875954773,0.7885023751909547,0.46201793185830015,0.5261526252619132,0.47310142511457276,0.025,0.0,-0.03,0.0,1.0,0.0,0.01
4,0.133332185309793,54,0.03369899265497124,0.0,-0.020264341432662387,0.009735658567337612,0.0002643414326623881,0.5286828653247762,0.044115732202867144,0.13498708803232942,0.3172097191948657,0.025,0.0,-0.03,0.0,1.0,0.0,0.01
4,0.133332185309793,55,0.034796812076662964,0.0,-0.02084426713705461,0.009155732862945389,0.0008442671370546117,1.6885342741092233,-0.18371169159622217,0.27274634176262214,1.013120564465534,0.025,0.0,-0.03,0.0,1.0,0.0,0.01
4,0.133332185309793,56,0.03589320704708569,0.0,-0.021427974312007318,0.00857202568799268,0.0014279743120073195,2.8559486240146392,0.09483669873631691,0.2605059215329571,1.7135691744087835,0.025,0.0,-0.03,0.0,1.0,0.0,0.01
4,0.133332185309793,57,0.03698664383466905,0.0,-0.022015979268933783,0.007984020731066216,0.0020159792689337843,4.031958537867569,-0.2667091181762224,0.37197988671982873,2.419175122720541,0.025,0.0,-0.03,0.0,1.0,0.0,0.01
4,0.133332185309793,58,0.038077427613224024,0.0,-0.02260968101961881,0.007390318980381189,0.002609681019618811,5.219362039237621,0.12861415668281947,0.3824486907797869,3.1316172235425728,0.025,0.0,-0.03,0.0,1.0,0.0,0.01
4,0.133332185309793,59,0.039165219761626624,0.0,-0.023210202912583747,0.0067897970874162515,0.0032102029125837487,6.420405825167498,-0.2321834836514832,0.25940758369058886,3.8522434951004985,0.025,0.0,-0.03,0.0,1.0,0.0,0.01
4,0.133332185309793,60,0.040248088719359976,0.0,-0.02381766924894474,0.006182330751055259,0.003817669248944741,7.635338497889482,0.010727942702006416,0.20098444747464536,4.581203098733689,0.025,0.0,-0.03,0.0,1.0,0.0,0.01
4,0.133332185309793,61,0.04132699682169345,0.0,-0.024433759382888685,0.0055662406171113135,0.004433759382888687,8.867518765777373,-0.18837760166900896,0.1257145534139885,5.320511259466423,0.025,0.0,-0.03,0.0,1.0,0.0,0.01
4,0.133332185309793,62,0.04239948868344262,0.0,-0.0250583018505375,0.004941698149462499,0.005058301850537501,10.116603701075002,-0.06901233358341417,0.08955093071522915,6.069962220645001,0.025,0.0,-0.03,0.0,1.0,0.0,0.01
4,0.133332185309793,63,0.043467632335088435,0.0,-0.025692760105577403,0.004307239894422596,0.005692760105577404,11.385520211154809,-0.13793936721543787,0.02459690820633043,6.831312126692885,0.025,0.0,-0.03,0.0,1.0,0.0,0.01
4,0.133332185309793,64,0.04288341574274866,0.0,-0.0267883345774048,0.0032116654225951974,0.006788334577404803,13.576669154809606,-0.1513874242333204,0.03084072447838849,8.146001492885762,0.025,0.0,-0.03,0.0,1.0,0.0,0.01
4,0.133332185309793,65,0.042282802375262815,0.0,-0.02787164012465478,0.0021283598753452197,0.00787164012465478,15.743280249309562,-0.11503982240152694,0.019489327002105105,9.445968149585736,0.025,0.0,-0.03,0.0,1.0,0.0,0.01
4,0.133332185309793,66,0.04166214413030086,0.0,-0.028946320736128947,0.0010536792638710518,0.008946320736128948,17.892641472257896,-0.06612816018803677,0.0034101868368479962,10.735584883354738,0.025,0.0,-0.03,0.0,1.0,0.0,0.01
4,0.133332185309793,67,0.041022174361725734,0.0,-0.030009100186329546,9.100186329547011e-06,0.009990899813670453,19.981799627340905,0.24773140604395755,0.117619277414926,11.989079776404543,0.025,0.0,-0.03,0.0,1.0,0.0,0.01
4,0.133332185309793,68,0.04036301312931155,0.0,-0.031058169712108927,0.0010581697121089285,0.008941830287891072,17.883660575782145,-0.08834294817289123,0.0912581392003352,10.730196345469286,0.025,0.0,-0.03,0.0,1.0,0.0,0.01
4,0.133332185309793,69,0.039682077008122,0.0,-0.03209609100547062,0.0020960910054706183,0.007903908994529382,15.807817989058764,0.31218361441614934,0.18539148016487453,9.484690793435258,0.025,0.0,-0.03,0.0,1.0,0.0,0.01
4,0.133332185309793,70,0.03898135913443511,0.0,-0.03311866286718339,0.003118662867183389,0.006881337132816611,13.762674265633223,-0.024868059226933373,0.04338728792569239,8.257604559379933,0.025,0.0,-0.03,0.0,1.0,0.0,0.01
4,0.133332185309793,71,0.038259602278483636,0.0,-0.03412674885779997,0.0041267488577999695,0.005873251142200031,11.746502284400062,0.1382993262792422,0.06935663238812322,7.047901370640037,0.025,0.0,-0.03,0.0,1.0,0.0,0.01
4,0.133332185309793,72,0.03751610955988256,0.0,-0.03512058424777018,0.005120584247770184,0.004879415752229816,9.758831504459632,0.14341794883811332,0.080159967871891,5.855298902675779,0.025,0.0,-0.03,0.0,1.0,0.0,0.01
4,0.133332185309793,73,0.036753355680928274,0.0,-0.036096780670483206,0.006096780670483207,0.0039032193295167935,7.806438659033587,0.05763669744954355,0.028880190451702512,4.683863195420152,0.025,0.0,-0.03,0.0,1.0,0.0,0.01
4,0.133332185309793,74,0.03596883359187636,0.0,-0.03705839621122982,0.00705839621122982,0.0029416037887701803,5.883207577540361,0.11064204291062966,0.08713166976445917,3.5299245465242164,0.025,0.0,-0.03,0.0,1.0,0.0,0.01
4,0.133332185309793,75,0.03516420615149739,0.0,-0.03800259216181715,0.008002592161817153,0.0019974078381828474,3.994815676365695,0.07402226561979387,0.06361192353506497,2.396889405819417,0.025,0.0,-0.03,0.0,1.0,0.0,0.01
4,0.133332185309793,76,0.03434019704149657,0.0,-0.03892844997165635,0.00892844997165635,0.0010715500283436496,2.1431000566872993,0.10717666305128036,0.10407843754577777,1.2858600340123796,0.025,0.0,-0.03,0.0,1.0,0.0,0.01
4,0.133332185309793,77,0.03349541869726958,0.0,-0.03983875515361339,0.00983875515361339,0.00016124484638660973,0.3224896927732195,0.006002027138066094,0.01708759342294508,0.19349381566393167,0.025,0.0,-0.03,0.0,1.0,0.0,0.01
5,0.16666523163724123,51,0.03396929404800808,0.0,-0.02080911528588798,0.00919088471411202,0.0008091152858879808,1.6182305717759617,1.6931609519407154,1.224127260464678,0.970938343065577,0.025,0.0,-0.03,0.0,1.0,0.0,0.01
5,0.16666523163724123,52,0.03471645183968482,0.0,-0.02179568440909779,0.00820431559090221,0.0017956844090977909,3.5913688181955816,-1.2718011574975339,0.9669578300200428,2.154821290917349,0.025,0.0,-0.03,0.0,1.0,0.0,0.01
5,0.16666523163724123,53,0.035463459760557724,0.0,-0.022790078440861308,0.007209921559138691,0.002790078440861309,5.580156881722618,0.12279166319133172,0.09895495275947226,3.3480941290335706,0.025,0.0,-0.03,0.0,1.0,0.0,0.01
5,0.16666523163724123,54,0.03620323334571272,0.0,-0.023784764832131412,0.006215235167868587,0.0037847648321314136,7.569529664262827,0.5115200099410805,0.4145131169275186,4.541717798557696,0.025,0.0,-0.03,0.0,1.0,0.0,0.01
5,0.16666523163724123,55,0.03694153282562614,0.0,-0.024786804175606504,0.005213195824393495,0.0047868041756065054,9.57360835121301,-1.320062574377612,0.9167098597869627,5.744165010727806,0.025,0.0,-0.03,0.0,1.0,0.0,0.01
5,0.16666523163724123,56,0.03767314935141398,0.0,-0.0257865415645788,0.004213458435421199,0.005786541564578801,11.573083129157602,1.1826169899250347,0.9503470036473636,6.943849877494562,0.025,0.0,-0.03,0.0,1.0,0.0,0.01
5,0.16666523163724123,57,0.03840376435082922,0.0,-0.02678963702404843,0.0032103629759515674,0.006789637024048433,13.579274048096865,-1.3138860100805212,0.8644920127947381,8.147564428858118,0.025,0.0,-0.03,0.0,1.0,0.0,0.01
5,0.16666523163724123,58,0.03913529719103534,0.0,-0.027798402037097793,0.0022015979629022055,0.007798402037097795,15.596804074195589,0.5058231913922956,0.49303450553682227,9.358082444517352,0.025,0.0,-0.03,0.0,1.0,0.0,0.01
5,0.16666523163724123,59,0.03985820829848099,0.0,-0.028799287367402036,0.0012007126325979632,0.008799287367402037,17.598574734804075,-0.17866785514623612,0.013690942018419318,10.559144840882444,0.025,0.0,-0.03,0.0,1.0,0.0,0.01
5,0.16666523163724123,60,0.04058797738012641,0.0,-0.029813029984667457,0.00018697001533254237,0.009813029984667458,19.626059969334914,-0.8148574368936192,0.4232966402124279,11.775635981600947,0.025,0.0,-0.03,0.0,1.0,0.0,0.01
5,0.16666523163724123,61,0.0413071951357579,0.0,-0.030815104411061243,0.0008151044110612446,0.009184895588938756,18.369791177877513,-0.6872083420294828,0.6841961491405602,11.021874706726507,0.025,0.0,-0.03,0.0,1.0,0.0,0.01
5,0.16666523163724123,62,0.0420348644588189,0.0,-0.031831508058887105,0.001831508058887106,0.008168491941112894,16.336983882225788,0.957122991440253,0.4448699751672219,9.802190329335472,0.025,0.0,-0.03,0.0,1.0,0.0,0.01
5,0.16666523163724123,63,0.04275435200852419,0.0,-0.0328355810211958,0.002835581021195799,0.007164418978804201,14.328837957608403,-0.2823454648158572,0.06130618272317672,8.597302774565042,0.025,0.0,-0.03,0.0,1.0,0.0,0.01
5,0.16666523163724123,64,0.04183006704316285,0.0,-0.033668615078019416,0.0036686150780194174,0.006331384921980583,12.662769843961165,0.6795349775262017,0.5622565310537708,7.597661906376699,0.025,0.0,-0.03,0.0,1.0,0.0,0.01
5,0.16666523163724123,65,0.04089727094351921,0.0,-0.034479342969859494,0.0044793429698594955,0.005520657030140505,11.041314060281008,-0.29188727048812374,0.49467919993897524,6.624788436168605,0.025,0.0,-0.03,0.0,1.0,0.0,0.01
5,0.16666523163724123,66,0.039945395421110176,0.0,-0.03527936839479236,0.005279368394792358,0.004720631605207642,9.441263210415284,0.5155721023017299,0.4892981631391137,5.6647579262491705,0.025,0.0,-0.03,0.0,1.0,0.0,0.01
5,0.16666523163724123,67,0.038982508068512674,0.0,-0.036059848118731454,0.006059848118731455,0.003940151881268545,7.880303762537091,0.16166593670032822,0.09480481530991784,4.7281822575222545,0.025,0.0,-0.03,0.0,1.0,0.0,0.01
5,0.16666523163724123,68,0.03800602276767008,0.0,-0.036822157681801373,0.006822157681801375,0.0031778423181986256,6.3556846363972515,-0.1498988820198471,0.29315556787921176,3.8134107818383507,0.025,0.0,-0.03,0.0,1.0,0.0,0.01
5,0.16666523163724123,69,0.03701090801444228,0.0,-0.03756869431537386,0.00756869431537386,0.0024313056846261404,4.8626113692522805,0.6619913043613994,0.8211488775891567,2.917566821551368,0.025,0.0,-0.03,0.0,1.0,0.0,0.01
5,0.16666523163724123,70,0.036008262230149246,0.0,-0.03829045872829102,0.008290458728291018,0.0017095412717089819,3.419082543417964,-0.37886773882082997,0.606293912193649,2.0514495260507783,0.025,0.0,-0.03,0.0,1.0,0.0,0.01
5,0.16666523163724123,71,0.03498376952896281,0.0,-0.03899711949339517,0.00899711949339517,0.0010028805066048304,2.0057610132096606,0.4803663922257341,0.649243041264071,1.2034566079257962,0.025,0.0,-0.03,0.0,1.0,0.0,0.01
5,0.16666523163724123,72,0.03395021606116964,0.0,-0.03967916340454442,0.009679163404544423,0.0003208365954555769,0.6416731909111538,0.05642352698997565,0.06108650904449452,0.3850039145466923,0.025,0.0,-0.03,0.0,1.0,0.0,0.01
6,0.1999982779646895,47,0.03788757130780878,0.0,-0.02000670624424969,0.00999329375575031,6.706244249690338e-06,0.013412488499380676,0.004517811197149281,0.17887952885673516,0.008047493099628406,0.025,0.0,-0.03,0.0,1.0,0.0,0.01
6,0.1999982779646895,48,0.037873660511441344,0.0,-0.0212515977750329,0.0087484022249671,0.0012515977750329008,2.5031955500658016,-0.2535910163314456,0.1646183386251272,1.501917330039481,0.025,0.0,-0.03,0.0,1.0,0.0,0.01
6,0.1999982779646895,49,0.037858694497740056,0.0,-0.022496072260356527,0.007503927739643472,0.0024960722603565282,4.992144520713056,-0.01738973038094188,0.14173808269313984,2.9952867124278337,0.025,0.0,-0.03,0.0,1.0,0.0,0.01
6,0.1999982779646895,50,0.03784366395625029,0.0,-0.023732207314127358,0.006267792685872641,0.003732207314127359,7.464414628254718,-0.25082399529581734,0.11767958780905473,4.478648776952831,0.025,0.0,-0.03,0.0,1.0,0.0,0.01
6,0.1999982779646895,51,0.037829114358407745,0.0,-0.02498335150422354,0.00501664849577646,0.00498335150422354,9.96670300844708,-0.01837589812438188,0.09642635144555266,5.980021805068248,0.025,0.0,-0.03,0.0,1.0,0.0,0.01
6,0.1999982779646895,52,0.03781582958174712,0.0,-0.026217199280449084,0.0037828007195509147,0.0062171992804490855,12.43439856089817,-0.25429047606789257,0.0622966800896149,7.4606391365389015,0.025,0.0,-0.03,0.0,1.0,0.0,0.01
6,0.1999982779646895,53,0.03780456532754278,0.0,-0.027465526090221022,0.0025344739097789767,0.0074655260902210235,14.931052180442046,-0.01914152356019625,0.04434197752491557,8.958631308265227,0.025,0.0,-0.03,0.0,1.0,0.0,0.01
6,0.1999982779646895,54,0.03779529849712092,0.0,-0.02870650023078472,0.0012934997692152783,0.008706500230784722,17.413000461569442,-0.22110278745524609,0.032589687616423564,10.447800276941665,0.025,0.0,-0.03,0.0,1.0,0.0,0.01
6,0.1999982779646895,55,0.03778745001312264,0.0,-0.029946103537542186,5.389646245781282e-05,0.009946103537542187,19.892207075084375,-0.10053844398535547,0.0023291590295994556,11.935324245050625,0.025,0.0,-0.03,0.0,1.0,0.0,0.01
6,0.1999982779646895,56,0.037781702342437586,0.0,-0.03119568928480761,0.0011956892848076113,0.008804310715192389,17.608621430384776,0.1559517455569349,0.01744312086987755,10.565172858230865,0.025,0.0,-0.03,0.0,1.0,0.0,0.01
6,0.1999982779646895,57,0.037779780453756434,0.0,-0.032430764349644176,0.0024307643496441766,0.0075692356503558236,15.138471300711647,0.09319411156751271,0.0353959086467385,9.083082780426988,0.025,0.0,-0.03,0.0,1.0,0.0,0.01
6,0.1999982779646895,58,0.03778548641982461,0.0,-0.03368135930107642,0.003681359301076423,0.006318640698923577,12.637281397847154,0.23103486931906092,0.054195682332359336,7.582368838708292,0.025,0.0,-0.03,0.0,1.0,0.0,0.01
6,0.1999982779646895,59,0.03780130435151713,0.0,-0.03492008557380563,0.004920085573805633,0.005079914426194368,10.159828852388735,-0.010978441367385263,0.08218063751821872,6.095897311433241,0.025,0.0,-0.03,0.0,1.0,0.0,0.01
6,0.1999982779646895,60,0.037829815875440036,0.0,-0.03616367486305873,0.00616367486305873,0.0038363251369412706,7.6726502738825415,0.3146762962042867,0.087102408223726,4.603590164329525,0.025,0.0,-0.03,0.0,1.0,0.0,0.01
6,0.1999982779646895,61,0.03787324400268847,0.0,-0.03740854223788519,0.007408542237885188,0.0025914577621148124,5.1829155242296245,-0.029010455667300858,0.12359920625005671,3.109749314537775,0.025,0.0,-0.03,0.0,1.0,0.0,0.01
6,0.1999982779646895,62,0.03793337719626894,0.0,-0.038646234007886734,0.008646234007886736,0.0013537659921132646,2.707531984226529,0.25717464196564566,0.12676365884331275,1.6245191905359173,0.025,0.0,-0.03,0.0,1.0,0.0,0.01
6,0.1999982779646895,63,0.03801155777520158,0.0,-0.039890251459905865,0.009890251459905866,0.00010974854009413414,0.21949708018826827,0.08817865772302218,0.14455742720334128,0.13169824811296096,0.025,0.0,-0.03,0.0,1.0,0.0,0.01
7,0.23333132429213774,43,0.04047273016597628,0.0,-0.020529757782439866,0.009470242217560133,0.0005297577824398669,1.0595155648797336,-0.2451365183953176,0.05989487732997895,0.6357093389278402,0.025,0.0,-0.03,0.0,1.0,0.0,0.01
7,0.23333132429213774,44,0.040776125612782356,0.0,-0.021731075017809666,0.008268924982190333,0.0017310750178096673,3.4621500356193344,0.08219404176937437,0.022732563317973672,2.0772900213716006,0.025,0.0,-0.03,0.0,1.0,0.0,0.01
7,0.23333132429213774,45,0.04109112366667812,0.0,-0.022945909948183137,0.007054090051816862,0.002945909948183138,5.891819896366276,-0.6119992324894029,0.16386747077981823,3.535091937819766,0.025,0.0,-0.03,0.0,1.0,0.0,0.01
7,0.23333132429213774,46,0.04140956178904885,0.0,-0.024136693406954384,0.005863306593045615,0.0041366934069543854,8.27338681390877,0.25086532587084315,0.054029247501254304,4.964032088345262,0.025,0.0,-0.03,0.0,1.0,0.0,0.01
7,0.23333132429213774,47,0.04173549283944051,0.0,-0.025345169019759337,0.004654830980240662,0.005345169019759339,10.690338039518677,-0.5403673870741965,0.046935365200903405,6.414202823711206,0.025,0.0,-0.03,0.0,1.0,0.0,0.01
7,0.23333132429213774,48,0.04117729572544182,0.0,-0.02645501114984515,0.003544988850154848,0.006455011149845152,12.910022299690304,0.055956332977117856,0.1454668594058239,7.746013379814182,0.025,0.0,-0.03,0.0,1.0,0.0,0.01
7,0.23333132429213774,49,0.04061563126764012,0.0,-0.027561219687652783,0.0024387803123472156,0.007561219687652785,15.12243937530557,-0.3314484301641145,0.04422162202130682,9.073463625183342,0.025,0.0,-0.03,0.0,1.0,0.0,0.01
7,0.23333132429213774,50,0.040044449329613055,0.0,-0.02867565503503757,0.0013243449649624275,0.008675655035037573,17.351310070075144,-0.08313662227153691,0.0605972316070274,10.410786042045086,0.025,0.0,-0.03,0.0,1.0,0.0,0.01
7,0.23333132429213774,51,0.03947904197093962,0.0,-0.029773060059896172,0.00022693994010382704,0.009773060059896173,19.546120119792345,-0.20813808170364378,0.017297439425822122,11.727672071875407,0.025,0.0,-0.03,0.0,1.0,0.0,0.01
7,0.23333132429213774,52,0.038905449170327164,0.0,-0.030886530861561876,0.0008865308615618774,0.009113469138438123,18.226938276876247,0.1285433047569857,0.005315307917014269,10.936162966125748,0.025,0.0,-0.03,0.0,1.0,0.0,0.01
7,0.23333132429213774,53,0.038339178196717665,0.0,-0.031989843558971456,0.0019898435589714575,0.008010156441028543,16.020312882057084,0.1696522756223978,0.03231457974205333,9.61218772923425,0.025,0.0,-0.03,0.0,1.0,0.0,0.01
7,0.23333132429213774,54,0.03777547304767005,0.0,-0.03309752963456497,0.0030975296345649717,0.0069024703654350286,13.804940730870056,0.13029716283773285,0.024780319255264638,8.282964438522033,0.025,0.0,-0.03,0.0,1.0,0.0,0.01
7,0.23333132429213774,55,0.03721356459826929,0.0,-0.03421473668569561,0.004214736685695608,0.005785263314304392,11.570526628608784,0.1218550488339617,0.03804911551119178,6.94231597716527,0.025,0.0,-0.03,0.0,1.0,0.0,0.01
7,0.23333132429213774,56,0.036664441590502694,0.0,-0.035321525300065236,0.005321525300065237,0.004678474699934763,9.356949399869526,0.1261403899043789,0.05788346786903802,5.614169639921715,0.025,0.0,-0.03,0.0,1.0,0.0,0.01
7,0.23333132429213774,57,0.03611587641092176,0.0,-0.03644896485918885,0.0064489648591888535,0.0035510351408111467,7.102070281622294,0.1564077488903322,0.09995612379817591,4.261242168973376,0.025,0.0,-0.03,0.0,1.0,0.0,0.01
7,0.23333132429213774,58,0.03558489242404653,0.0,-0.037568923396618485,0.007568923396618486,0.002431076603381514,4.862153206763028,0.0010495514838144504,0.05163058185516994,2.917291924057817,0.025,0.0,-0.03,0.0,1.0,0.0,0.01
7,0.23333132429213774,59,0.03506729788241251,0.0,-0.038701578733761705,0.008701578733761706,0.0012984212662382946,2.596842532476589,0.26078193380562126,0.16444060385036516,1.5581055194859534,0.025,0.0,-0.03,0.0,1.0,0.0,0.01
7,0.23333132429213774,60,0.03456780212514379,0.0,-0.039847432389725074,0.009847432389725075,0.00015256761027492537,0.30513522054985076,-0.08473209071310847,0.04622638967199714,0.18308113232991044,0.025,0.0,-0.03,0.0,1.0,0.0,0.01
8,0.266664370619586,38,0.03934366089956211,0.0,-0.0202267911090423,0.009773208890957698,0.00022679110904230172,0.4535822180846034,1.0278898370296712,0.31600266789833503,0.27214933085076204,0.025,0.0,-0.03,0.0,1.0,0.0,0.01
8,0.266664370619586,39,0.03963641311035546,0.0,-0.02143507855078033,0.008564921449219668,0.0014350785507803322,2.870157101560664,-2.202980844055215,0.5004030516755457,1.7220942609363985,0.025,0.0,-0.03,0.0,1.0,0.0,0.01
8,0.266664370619586,40,0.03992950522204489,0.0,-0.022646295412702595,0.007353704587297404,0.002646295412702596,5.292590825405192,2.033526642462388,0.5744556076909727,3.175554495243115,0.025,0.0,-0.03,0.0,1.0,0.0,0.01
8,0.266664370619586,41,0.04022399119014613,0.0,-0.023856787006676955,0.006143212993323044,0.0038567870066769563,7.713574013353912,-1.7048879145811635,0.37335587869166054,4.628144408012347,0.025,0.0,-0.03,0.0,1.0,0.0,0.01
8,0.266664370619586,42,0.04052130745230347,0.0,-0.025064565117673153,0.004935434882326846,0.005064565117673154,10.129130235346308,0.2111099179902515,0.11517293641884062,6.077478141207784,0.025,0.0,-0.03,0.0,1.0,0.0,0.01
8,0.266664370619586,43,0.04082450430270544,0.0,-0.026273990955836275,0.0037260090441637236,0.006273990955836277,12.547981911672553,0.8060562656420869,0.28342099305818275,7.528789147003531,0.025,0.0,-0.03,0.0,1.0,0.0,0.01
8,0.266664370619586,44,0.04113390311833165,0.0,-0.027478730800556152,0.0025212691994438464,0.007478730800556154,14.957461601112307,-2.131323597325336,0.5128677115644896,8.974476960667383,0.025,0.0,-0.03,0.0,1.0,0.0,0.01
8,0.266664370619586,45,0.04145259577391416,0.0,-0.028683403415173125,0.0013165965848268742,0.008683403415173126,17.366806830346253,2.1854551145536023,0.6804527419897209,10.42008409820775,0.025,0.0,-0.03,0.0,1.0,0.0,0.01
8,0.266664370619586,46,0.04178149804944668,0.0,-0.029884290440335762,0.00011570955966423713,0.009884290440335763,19.768580880671525,-2.092142359393833,0.5048212141590089,11.861148528402914,0.025,0.0,-0.03,0.0,1.0,0.0,0.01
8,0.266664370619586,47,0.042113589352070886,0.0,-0.031082924932089043,0.0010829249320890438,0.008917075067910956,17.83415013582191,-0.7492000686120486,0.20948645965795998,10.700490081493147,0.025,0.0,-0.03,0.0,1.0,0.0,0.01
8,0.266664370619586,48,0.041238124061702616,0.0,-0.031970050074687346,0.0019700500746873476,0.008029949925312653,16.059899850625307,0.12941447064171233,0.0991280728924985,9.635939910375184,0.025,0.0,-0.03,0.0,1.0,0.0,0.01
8,0.266664370619586,49,0.04035710635070509,0.0,-0.03284758578479985,0.00284758578479985,0.00715241421520015,14.3048284304003,0.6325477600677525,0.5376281089419019,8.58289705824018,0.025,0.0,-0.03,0.0,1.0,0.0,0.01
8,0.266664370619586,50,0.039467766906182436,0.0,-0.03372228638002684,0.0037222863800268416,0.006277713619973159,12.555427239946317,-0.604221364663355,0.683603768590509,7.53325634396779,0.025,0.0,-0.03,0.0,1.0,0.0,0.01
8,0.266664370619586,51,0.03857766380815421,0.0,-0.03459007811113721,0.004590078111137208,0.005409921888862792,10.819843777725584,0.8522133088212295,0.7778913485944876,6.49190626663535,0.025,0.0,-0.03,0.0,1.0,0.0,0.01
8,0.266664370619586,52,0.03768256401159269,0.0,-0.035458900336341415,0.005458900336341416,0.0045410996636585845,9.082199327317168,-0.336350766227723,0.3926281024001057,5.449319596390301,0.025,0.0,-0.03,0.0,1.0,0.0,0.01
8,0.266664370619586,53,0.03679015443310157,0.0,-0.036324609855247235,0.006324609855247236,0.003675390144752764,7.350780289505528,0.14022445112235718,0.0940767081626887,4.4104681737033165,0.025,0.0,-0.03,0.0,1.0,0.0,0.01
8,0.266664370619586,54,0.03589638355659095,0.0,-0.037194740610120236,0.007194740610120237,0.002805259389879763,5.610518779759526,0.5302449917174054,0.4920492731458745,3.3663112678557154,0.025,0.0,-0.03,0.0,1.0,0.0,0.01
8,0.266664370619586,55,0.03500809082576345,0.0,-0.038064544124599045,0.008064544124599046,0.001935455875400954,3.8709117508019077,-0.6499478324721514,0.6474894253409567,2.3225470504811447,0.025,0.0,-0.03,0.0,1.0,0.0,0.01
8,0.266664370619586,56,0.034120051349220984,0.0,-0.03894189571552991,0.008941895715529911,0.0010581042844700888,2.1162085689401775,0.9264744690238935,0.8965886436802852,1.2697251413641064,0.025,0.0,-0.03,0.0,1.0,0.0,0.01
8,0.266664370619586,57,0.033240983724614245,0.0,-0.03982245036585903,0.009822450365859034,0.00017754963414096624,0.3550992682819325,-0.5648365375973401,0.5210649889958346,0.21305956096915948,0.025,0.0,-0.03,0.0,1.0,0.0,0.01
8,0.266664370619586,74,0.01597519565451779,0.0,-0.039640416726842126,0.009640416726842127,0.0003595832731578732,0.7191665463157464,0.2752219073338994,0.49756775441493756,0.43149992778944785,0.025,0.0,-0.03,0.0,1.0,0.0,0.01
8,0.266664370619586,75,0.014925064981831175,0.0,-0.03897630179360312,0.00897630179360312,0.0010236982063968805,2.047396412793761,-0.4933301801364015,0.7070035550509457,1.2284378476762565,0.025,0.0,-0.03,0.0,1.0,0.0,0.01
8,0.266664370619586,76,0.013891465987125515,0.0,-0.0382928454883639,0.008292845488363898,0.0017071545116361022,3.4143090232722044,0.18543991876452826,0.3682825213031114,2.0485854139633224,0.025,0.0,-0.03,0.0,1.0,0.0,0.01
8,0.266664370619586,77,0.012869204606028098,0.0,-0.03758774532051758,0.007587745320517578,0.0024122546794824225,4.824509358964845,-0.18137620588868947,0.1682137291618755,2.894705615378907,0.025,0.0,-0.03,0.0,1.0,0.0,0.01
8,0.266664370619586,78,0.011861482793961936,0.0,-0.03686419928611696,0.006864199286116958,0.0031358007138830423,6.271601427766084,-0.3217690895264042,0.32965762552522904,3.7629608566596504,0.025,0.0,-0.03,0.0,1.0,0.0,0.01
8,0.266664370619586,79,0.010867044141365688,0.0,-0.03612276798242569,0.006122767982425691,0.0038772320175743096,7.75446403514862,0.24810804841983564,0.49356364330719543,4.652678421089171,0.025,0.0,-0.03,0.0,1.0,0.0,0.01
8,0.266664370619586,80,0.009835497370404019,0.0,-0.035415218499955506,0.005415218499955507,0.004584781500044493,9.169563000088987,-0.5927681574248664,0.6927996756476072,5.501737800053392,0.025,0.0,-0.03,0.0,1.0,0.0,0.01
9,0.29999741694703425,35,0.037837927890347595,0.0,-0.02064054125822893,0.00935945874177107,0.000640541258228931,1.2810825164578619,0.7248531044340247,0.19304108459688282,0.7686495098747171,0.025,0.0,-0.03,0.0,1.0,0.0,0.01
9,0.29999741694703425,36,0.03807632897359677,0.0,-0.02187467852057889,0.008125321479421108,0.001874678520578892,3.7493570411577837,-0.5868849955472358,0.07247697606867884,2.24961422469467,0.025,0.0,-0.03,0.0,1.0,0.0,0.01
9,0.29999741694703425,37,0.038306750109721385,0.0,-0.02309549904297359,0.00690450095702641,0.00309549904297359,6.19099808594718,-0.07926072850362248,0.032077832818608154,3.7145988515683075,0.025,0.0,-0.03,0.0,1.0,0.0,0.01
9,0.29999741694703425,38,0.038533424835253384,0.0,-0.024314072967875706,0.005685927032124293,0.004314072967875707,8.628145935751414,0.33137074033514585,0.11422963695891075,5.176887561450848,0.025,0.0,-0.03,0.0,1.0,0.0,0.01
9,0.29999741694703425,39,0.03876249290305,0.0,-0.02555249648936107,0.004447503510638929,0.005552496489361071,11.104992978722143,-0.8144550735164547,0.10730203390447862,6.662995787233285,0.025,0.0,-0.03,0.0,1.0,0.0,0.01
9,0.29999741694703425,40,0.038986030933930195,0.0,-0.026760670820879937,0.0032393291791200617,0.0067606708208799386,13.521341641759877,0.6372980404626047,0.1782760939336566,8.112804985055925,0.025,0.0,-0.03,0.0,1.0,0.0,0.01
9,0.29999741694703425,41,0.03921795202194804,0.0,-0.02799990115705075,0.0020000988429492474,0.007999901157050753,15.999802314101506,-0.5920471822423254,0.0613044711224341,9.599881388460904,0.025,0.0,-0.03,0.0,1.0,0.0,0.01
9,0.29999741694703425,42,0.03944931011171617,0.0,-0.02921528464060975,0.0007847153593902485,0.009215284640609752,18.430569281219505,-0.027889409239775013,0.05299996293480558,11.058341568731702,0.025,0.0,-0.03,0.0,1.0,0.0,0.01
9,0.29999741694703425,43,0.03968790454650546,0.0,-0.03043713615112104,0.00043713615112104046,0.00956286384887896,19.12572769775792,-0.28528855581476104,0.12138775336189414,11.475436618654753,0.025,0.0,-0.03,0.0,1.0,0.0,0.01
9,0.29999741694703425,44,0.03993617582619514,0.0,-0.03166707154625852,0.0016670715462585237,0.008332928453741477,16.665856907482954,0.826474910230491,0.11394122496649896,9.999514144489773,0.025,0.0,-0.03,0.0,1.0,0.0,0.01
9,0.29999741694703425,45,0.04018874034465313,0.0,-0.032872266877303866,0.0028722668773038668,0.0071277331226961334,14.255466245392267,-0.7233787688073695,0.22791669351155658,8.55327974723536,0.025,0.0,-0.03,0.0,1.0,0.0,0.01
9,0.29999741694703425,46,0.040458523942116284,0.0,-0.034102985479808466,0.004102985479808467,0.005897014520191533,11.794029040383066,0.752412391678919,0.10220659437677627,7.076417424229839,0.025,0.0,-0.03,0.0,1.0,0.0,0.01
9,0.29999741694703425,47,0.040726635730085003,0.0,-0.035308886722742995,0.005308886722742996,0.004691113277257004,9.382226554514007,-0.14991560217705363,0.14622015339026206,5.629335932708404,0.025,0.0,-0.03,0.0,1.0,0.0,0.01
9,0.29999741694703425,48,0.039680514697746624,0.0,-0.035985880555260634,0.005985880555260635,0.004014119444739365,8.02823888947873,0.025928402539589168,0.10295386776417609,4.816943333687238,0.025,0.0,-0.03,0.0,1.0,0.0,0.01
9,0.29999741694703425,49,0.038624035255770836,0.0,-0.03665063546969743,0.006650635469697429,0.0033493645303025715,6.698729060605143,0.2661151434495712,0.3334864705055016,4.019237436363086,0.025,0.0,-0.03,0.0,1.0,0.0,0.01
9,0.29999741694703425,50,0.03756886080537577,0.0,-0.0373031175675064,0.007303117567506401,0.0026968824324935994,5.393764864987198,-0.10842926381239643,0.2432325510496111,3.236258918992319,0.025,0.0,-0.03,0.0,1.0,0.0,0.01
9,0.29999741694703425,51,0.03650053229002418,0.0,-0.03795514634213176,0.007955146342131764,0.0020448536578682366,4.089707315736473,0.21011985270171887,0.2741681824019896,2.4538243894418836,0.025,0.0,-0.03,0.0,1.0,0.0,0.01
9,0.29999741694703425,52,0.03543901404679169,0.0,-0.03859724631681699,0.008597246316816992,0.001402753683183008,2.805507366366016,0.05861443124097123,0.0474619910510006,1.6833044198196097,0.025,0.0,-0.03,0.0,1.0,0.0,0.01
9,0.29999741694703425,53,0.03436970820630652,0.0,-0.03924170144977893,0.009241701449778934,0.0007582985502210659,1.5165971004421317,-0.05792889864988756,0.13391313007092778,0.9099582602652789,0.025,0.0,-0.03,0.0,1.0,0.0,0.01
9,0.29999741694703425,54,0.033302301270767665,0.0,-0.03988445446028599,0.00988445446028599,0.00011554553971400948,0.23109107942801896,0.2908208181643124,0.4366938240605931,0.13865464765681138,0.025,0.0,-0.03,0.0,1.0,0.0,0.01
9,0.29999741694703425,71,0.01648471693112103,0.0,-0.03970492500262145,0.009704925002621448,0.00029507499737855235,0.5901499947571047,-0.04847713463742569,0.05797610309275065,0.35408999685426285,0.025,0.0,-0.03,0.0,1.0,0.0,0.01
9,0.29999741694703425,72,0.015619527170178326,0.0,-0.038814433271342735,0.008814433271342736,0.0011855667286572637,2.3711334573145275,-0.036838689041224414,0.03259692532965035,1.4226800743887165,0.025,0.0,-0.03,0.0,1.0,0.0,0.01
9,0.29999741694703425,73,0.014775682384060466,0.0,-0.03790439864789996,0.007904398647899963,0.0020956013521000374,4.191202704200075,-0.11218422898775766,0.09278722010052785,2.5147216225200446,0.025,0.0,-0.03,0.0,1.0,0.0,0.01
9,0.29999741694703425,74,0.013954278845349385,0.0,-0.03697747850595508,0.006977478505955079,0.0030225214940449215,6.045042988089843,-0.0024502762491661455,0.01737917356505233,3.627025792853906,0.025,0.0,-0.03,0.0,1.0,0.0,0.01
9,0.29999741694703425,75,0.013149587733321352,0.0,-0.036029248012150426,0.0060292480121504274,0.003970751987849573,7.9415039756991455,-0.14956761022545087,0.09332375236563233,4.764902385419487,0.025,0.0,-0.03,0.0,1.0,0.0,0.01
9,0.29999741694703425,76,0.012368083681215458,0.0,-0.03506894018730545,0.00506894018730545,0.00493105981269455,9.8621196253891,-0.03483348455020438,0.013758560759139655,5.91727177523346,0.025,0.0,-0.03,0.0,1.0,0.0,0.01
9,0.29999741694703425,77,0.011603164206996109,0.0,-0.034090231372989915,0.0040902313729899165,0.005909768627010084,11.819537254020167,-0.11026194456924356,0.033334032519794214,7.0917223524121,0.025,0.0,-0.03,0.0,1.0,0.0,0.01
9,0.29999741694703425,78,0.010857428093157897,0.0,-0.03309794723861979,0.0030979472386197943,0.006902052761380206,13.804105522760413,-0.11212175067881437,0.02278897523817756,8.282463313656248,0.025,0.0,-0.03,0.0,1.0,0.0,0.01
9,0.29999741694703425,79,0.010131022273245758,0.0,-0.03209448204683695,0.0020944820468369527,0.007905517953163048,15.811035906326095,-0.0653886758383138,0.0256048602580484,9.486621543795657,0.025,0.0,-0.03,0.0,1.0,0.0,0.01
9,0.29999741694703425,80,0.009362951344008942,0.0,-0.031104427014071623,0.001104427014071624,0.008895572985928376,17.791145971856754,-0.15465217338974577,0.030417373172085666,10.674687583114052,0.025,0.0,-0.03,0.0,1.0,0.0,0.01
10,0.33333046327448246,33,0.036796959578336334,0.0,-0.02067607975332253,0.00932392024667747,0.0006760797533225307,1.3521595066450613,0.5254083929756879,0.08613596989176839,0.8112957039870368,0.025,0.0,-0.03,0.0,1.0,0.0,0.01
10,0.33333046327448246,34,0.03697993630837581,0.0,-0.021916238745957828,0.008083761254042171,0.0019162387459578292,3.8324774919156583,-0.7206597950602761,0.1025906807330477,2.2994864951493947,0.025,0.0,-0.03,0.0,1.0,0.0,0.01
10,0.33333046327448246,35,0.03715124578618781,0.0,-0.023142206328292454,0.006857793671707545,0.0031422063282924555,6.284412656584911,0.5784004252014381,0.08995611154415109,3.7706475939509465,0.025,0.0,-0.03,0.0,1.0,0.0,0.01
10,0.33333046327448246,36,0.0373165770052305,0.0,-0.024382865615703908,0.005617134384296091,0.004382865615703909,8.765731231407818,-0.38283386905382666,0.04693863197544997,5.259438738844691,0.025,0.0,-0.03,0.0,1.0,0.0,0.01
10,0.33333046327448246,37,0.037474416049709275,0.0,-0.02561811525351535,0.0043818847464846475,0.005618115253515353,11.236230507030706,-0.022726239690192968,0.011208166433747278,6.741738304218424,0.025,0.0,-0.03,0.0,1.0,0.0,0.01
10,0.33333046327448246,38,0.03762614146920948,0.0,-0.026849910110176015,0.0031500898898239836,0.006849910110176017,13.699820220352033,0.2436109306482899,0.04686621447562645,8.21989213221122,0.025,0.0,-0.03,0.0,1.0,0.0,0.01
10,0.33333046327448246,39,0.037774973763122825,0.0,-0.028096894098561465,0.0019031059014385336,0.008096894098561467,16.193788197122934,-0.444407403480121,0.04621666567668168,9.716272918273761,0.025,0.0,-0.03,0.0,1.0,0.0,0.01
10,0.33333046327448246,40,0.037917858985247285,0.0,-0.029323395310712635,0.0006766046892873641,0.009323395310712636,18.64679062142527,0.3567212162958284,0.05186200394020771,11.188074372855162,0.025,0.0,-0.03,0.0,1.0,0.0,0.01
10,0.33333046327448246,41,0.03806282904018,0.0,-0.030571519735013715,0.0005715197350137161,0.009428480264986284,18.856960529972568,0.22246674183432175,0.01965974942674138,11.31417631798354,0.025,0.0,-0.03,0.0,1.0,0.0,0.01
10,0.33333046327448246,42,0.038208051674825064,0.0,-0.03180358490375259,0.0018035849037525906,0.00819641509624741,16.39283019249482,0.1755896718875808,0.004965440600217232,9.835698115496891,0.025,0.0,-0.03,0.0,1.0,0.0,0.01
10,0.33333046327448246,43,0.03835881244873591,0.0,-0.033040863489349634,0.003040863489349635,0.006959136510650365,13.918273021300731,-0.45772731010069356,0.08487493041669873,8.350963812780439,0.025,0.0,-0.03,0.0,1.0,0.0,0.01
10,0.33333046327448246,44,0.03851746502625322,0.0,-0.03428238047375638,0.004282380473756384,0.0057176195262436166,11.435239052487233,0.7602584956942616,0.0840598593552307,6.86114343149234,0.025,0.0,-0.03,0.0,1.0,0.0,0.01
10,0.33333046327448246,45,0.03868348454542046,0.0,-0.035509089807080396,0.005509089807080397,0.004490910192919603,8.981820385839205,-0.7324094144767467,0.14019248897796405,5.389092231503523,0.025,0.0,-0.03,0.0,1.0,0.0,0.01
10,0.33333046327448246,46,0.03886365405715443,0.0,-0.03675100395969996,0.006751003959699964,0.0032489960403000364,6.497992080600072,0.6183046653827586,0.0640334000584051,3.8987952483600434,0.025,0.0,-0.03,0.0,1.0,0.0,0.01
10,0.33333046327448246,47,0.03904594544168564,0.0,-0.037977345883708206,0.007977345883708208,0.0020226541162917926,4.045308232583586,-0.19720009474401218,0.09987625579186969,2.4271849395501515,0.025,0.0,-0.03,0.0,1.0,0.0,0.01
10,0.33333046327448246,48,0.03790756230212401,0.0,-0.038486359912151276,0.008486359912151277,0.0015136400878487232,3.0272801756974466,0.0015311057162701819,0.09332092037019786,1.816368105418468,0.025,0.0,-0.03,0.0,1.0,0.0,0.01
10,0.33333046327448246,49,0.03676290472069896,0.0,-0.038980844427723677,0.008980844427723678,0.0010191555722763226,2.038311144552645,0.12100530842034321,0.24450387966155285,1.222986686731587,0.025,0.0,-0.03,0.0,1.0,0.0,0.01
10,0.33333046327448246,50,0.035615799266504676,0.0,-0.039464379380127194,0.009464379380127196,0.0005356206198728047,1.0712412397456093,-0.06723702160645126,0.1846991085884573,0.6427447438473656,0.025,0.0,-0.03,0.0,1.0,0.0,0.01
10,0.33333046327448246,51,0.03446197269819947,0.0,-0.039941244809623036,0.009941244809623037,5.875519037696307e-05,0.11751038075392614,0.08268668145856668,0.16935715600253218,0.07050622845235568,0.025,0.0,-0.03,0.0,1.0,0.0,0.01
10,0.33333046327448246,70,0.015527521497364017,0.0,-0.03912759389310291,0.009127593893102914,0.0008724061068970859,1.7448122137941717,-0.05207621157868347,0.043757393161735984,1.046887328276503,0.025,0.0,-0.03,0.0,1.0,0.0,0.01
10,0.33333046327448246,71,0.01485626072030009,0.0,-0.03808653410819395,0.008086534108193953,0.001913465891806047,3.826931783612094,-0.02163144847744714,0.01845479147998279,2.2961590701672563,0.025,0.0,-0.03,0.0,1.0,0.0,0.01
10,0.33333046327448246,72,0.014208626973085546,0.0,-0.03702835752604467,0.007028357526044672,0.002971642473955328,5.943284947910656,-0.022839916744334287,0.01369075889464694,3.5659709687463934,0.025,0.0,-0.03,0.0,1.0,0.0,0.01
10,0.33333046327448246,73,0.013586829835256695,0.0,-0.03595510729607543,0.005955107296075429,0.004044892703924571,8.089785407849142,-0.04879257452069996,0.02372308907242756,4.853871244709485,0.025,0.0,-0.03,0.0,1.0,0.0,0.01
10,0.33333046327448246,74,0.012990996089976026,0.0,-0.03486778576262118,0.004867785762621181,0.005132214237378819,10.264428474757638,-0.0037530867847831205,0.006821803298980704,6.158657084854583,0.025,0.0,-0.03,0.0,1.0,0.0,0.01
10,0.33333046327448246,75,0.012418852722854328,0.0,-0.03376569304630482,0.0037656930463048216,0.006234306953695179,12.468613907390358,-0.07564202807878263,0.024840747382435035,7.481168344434215,0.025,0.0,-0.03,0.0,1.0,0.0,0.01
10,0.33333046327448246,76,0.011870839988574048,0.0,-0.03265358089042634,0.0026535808904263394,0.007346419109573661,14.69283821914732,-0.008016142772892703,0.014592935730501574,8.815702931488392,0.025,0.0,-0.03,0.0,1.0,0.0,0.01
10,0.33333046327448246,77,0.011344488012321585,0.0,-0.031529326027922966,0.001529326027922967,0.008470673972077033,16.941347944154067,-0.05952478875488571,0.004489286108971165,10.16480876649244,0.025,0.0,-0.03,0.0,1.0,0.0,0.01
10,0.33333046327448246,78,0.010839682916064578,0.0,-0.03039571876969565,0.00039571876969565073,0.00960428123030435,19.2085624606087,-0.04503877363128232,0.007675952095695942,11.52513747636522,0.025,0.0,-0.03,0.0,1.0,0.0,0.01
10,0.33333046327448246,79,0.010355299907837227,0.0,-0.02925395133673229,0.0007460486632677073,0.009253951336732293,18.507902673464585,0.03121606302776604,0.019486994125143313,11.10474160407875,0.025,0.0,-0.03,0.0,1.0,0.0,0.01
10,0.33333046327448246,80,0.009840436981174996,0.0,-0.028113832255937492,0.0018861677440625071,0.008113832255937493,16.227664511874988,0.06903821952994776,0.009276563420409127,9.736598707124992,0.025,0.0,-0.03,0.0,1.0,0.0,0.01
11,0.3666635096019307,33,0.03678403779583076,0.0,-0.021094740580729916,0.008905259419270083,0.0010947405807299176,2.189481161459835,0.15821184866940785,0.024441095104399024,1.313688696875901,0.025,0.0,-0.03,0.0,1.0,0.0,0.01
11,0.3666635096019307,34,0.036962030414142984,0.0,-0.022326915159810005,0.007673084840189994,0.002326915159810006,4.653830319620012,-0.17276851988031922,0.024533373419989582,2.7922981917720073,0.025,0.0,-0.03,0.0,1.0,0.0,0.01
11,0.3666635096019307,35,0.03712921585357784,0.0,-0.023563417789163783,0.006436582210836216,0.003563417789163784,7.126835578327568,0.1368421485463869,0.019207370308964605,4.2761013469965405,0.025,0.0,-0.03,0.0,1.0,0.0,0.01
11,0.3666635096019307,36,0.03728559739580807,0.0,-0.024798699200127287,0.005201300799872712,0.004798699200127288,9.597398400254576,-0.08434169841942923,0.010695991056200912,5.758439040152745,0.025,0.0,-0.03,0.0,1.0,0.0,0.01
11,0.3666635096019307,37,0.03743227183769678,0.0,-0.0260377016239778,0.003962298376022199,0.006037701623977801,12.075403247955602,0.01427121509313802,0.0018809728445039122,7.245241948773361,0.025,0.0,-0.03,0.0,1.0,0.0,0.01
11,0.3666635096019307,38,0.03756836812479436,0.0,-0.027275362326125773,0.0027246376738742258,0.0072753623261257745,14.55072465225155,-0.010634321917439737,0.0011835521362806413,8.730434791350929,0.025,0.0,-0.03,0.0,1.0,0.0,0.01
11,0.3666635096019307,39,0.03769479095512658,0.0,-0.028517188057229168,0.0014828119427708307,0.00851718805722917,17.03437611445834,0.0019501314425490071,0.0014178364356637891,10.220625668675003,0.025,0.0,-0.03,0.0,1.0,0.0,0.01
11,0.3666635096019307,40,0.03781247090875631,0.0,-0.029756690104442252,0.0002433098955577466,0.009756690104442254,19.513380208884506,-0.009286808832392324,0.0004927729124814632,11.708028125330703,0.025,0.0,-0.03,0.0,1.0,0.0,0.01
11,0.3666635096019307,41,0.037925080208569106,0.0,-0.031000229652786017,0.001000229652786018,0.008999770347213982,17.999540694427964,-0.00705475082913993,0.0024927354036979247,10.799724416656778,0.025,0.0,-0.03,0.0,1.0,0.0,0.01
11,0.3666635096019307,42,0.03803607340939116,0.0,-0.03224041032178295,0.0022404103217829527,0.0077595896782170475,15.519179356434096,0.03330644032733845,0.0017534260862788048,9.311507613860456,0.025,0.0,-0.03,0.0,1.0,0.0,0.01
11,0.3666635096019307,43,0.0381500771895907,0.0,-0.033483937877368246,0.003483937877368247,0.006516062122631753,13.032124245263507,-0.053463194346119444,0.008455763079127378,7.819274547158104,0.025,0.0,-0.03,0.0,1.0,0.0,0.01
11,0.3666635096019307,44,0.0382693659731929,0.0,-0.034723319819263326,0.0047233198192633274,0.005276680180736673,10.553360361473345,0.0819961365510992,0.006854664164899979,6.332016216884007,0.025,0.0,-0.03,0.0,1.0,0.0,0.01
11,0.3666635096019307,45,0.03839777173070556,0.0,-0.035965133947186555,0.005965133947186556,0.004034866052813444,8.069732105626889,-0.08153051393606313,0.013161595448113723,4.841839263376133,0.025,0.0,-0.03,0.0,1.0,0.0,0.01
11,0.3666635096019307,46,0.03853760086331751,0.0,-0.03720287126843501,0.00720287126843501,0.0027971287315649903,5.59425746312998,0.0744146972768472,0.003480813795354361,3.3565544778779883,0.025,0.0,-0.03,0.0,1.0,0.0,0.01
11,0.3666635096019307,47,0.03868196223575771,0.0,-0.03844106624205644,0.008441066242056441,0.0015589337579435588,3.1178675158871174,-0.03562848028738598,0.010400462258259077,1.8707205095322703,0.025,0.0,-0.03,0.0,1.0,0.0,0.01
11,0.3666635096019307,48,0.037527958771008695,0.0,-0.03891391949384017,0.00891391949384017,0.0010860805061598307,2.1721610123196613,0.02134144609880976,0.03806338885922434,1.3032966073917966,0.025,0.0,-0.03,0.0,1.0,0.0,0.01
11,0.3666635096019307,49,0.036368931880543,0.0,-0.03937418612992056,0.00937418612992056,0.0006258138700794402,1.2516277401588802,-0.011083293642319204,0.02949940559559884,0.7509766440953282,0.025,0.0,-0.03,0.0,1.0,0.0,0.01
11,0.3666635096019307,50,0.03520543568898594,0.0,-0.03982397587667486,0.009823975876674863,0.00017602412332513688,0.3520482466502738,0.010571641456044237,0.023650079901068037,0.21122894799016426,0.025,0.0,-0.03,0.0,1.0,0.0,0.01
11,0.3666635096019307,69,0.015854693535507502,0.0,-0.03985431201993823,0.009854312019938229,0.00014568798006177157,0.29137596012354317,-0.004657093026119283,0.0039931479961103885,0.17482557607412588,0.025,0.0,-0.03,0.0,1.0,0.0,0.01
11,0.3666635096019307,70,0.015205170087384439,0.0,-0.03879836713734143,0.008798367137341431,0.001201632862658569,2.4032657253171377,-0.007986787454173076,0.005389413780903744,1.4419594351902825,0.025,0.0,-0.03,0.0,1.0,0.0,0.01
11,0.3666635096019307,71,0.014580096576374473,0.0,-0.03772771603372556,0.00772771603372556,0.0022722839662744406,4.5445679325488815,-0.0022935043945564826,0.0016206398612516962,2.7267407595293287,0.025,0.0,-0.03,0.0,1.0,0.0,0.01
11,0.3666635096019307,72,0.013981142570268282,0.0,-0.0366419080300379,0.006641908030037898,0.0033580919699621025,6.716183939924205,-0.009488259444158258,0.005029485877863208,4.029710363954523,0.025,0.0,-0.03,0.0,1.0,0.0,0.01
11,0.3666635096019307,73,0.013409392399049846,0.0,-0.03554132520483613,0.005541325204836134,0.004458674795163866,8.917349590327733,-0.0034160883861337533,0.0013217587285294387,5.350409754196639,0.025,0.0,-0.03,0.0,1.0,0.0,0.01
11,0.3666635096019307,74,0.012864801504337837,0.0,-0.034426650153661156,0.0044266501536611574,0.005573349846338843,11.146699692677686,-0.009470687981250552,0.003756846239808479,6.688019815606611,0.025,0.0,-0.03,0.0,1.0,0.0,0.01
11,0.3666635096019307,75,0.012346252409312058,0.0,-0.033299529438685374,0.003299529438685375,0.006700470561314625,13.40094112262925,-0.0034835919501007328,0.00037355911066733964,8.04056467357755,0.025,0.0,-0.03,0.0,1.0,0.0,0.01
11,0.3666635096019307,76,0.011852017983918732,0.0,-0.032161351593893314,0.0021613515938933153,0.007838648406106685,15.67729681221337,-0.010904856545029278,0.003111595051157142,9.406378087328022,0.025,0.0,-0.03,0.0,1.0,0.0,0.01
11,0.3666635096019307,77,0.011380897544518827,0.0,-0.031013463933722677,0.0010134639337226782,0.008986536066277322,17.973072132554645,-0.0030665068180871892,0.0007229154628986506,10.783843279532787,0.025,0.0,-0.03,0.0,1.0,0.0,0.01
11,0.3666635096019307,78,0.010931531960763725,0.0,-0.029856750404308338,0.00014324959569166074,0.00985675040430834,19.71350080861668,0.011806158422973738,0.0022105743219078566,11.828100485170006,0.025,0.0,-0.03,0.0,1.0,0.0,0.01
11,0.3666635096019307,79,0.010502530374897717,0.0,-0.028692347876078605,0.0013076521239213934,0.008692347876078607,17.384695752157214,0.003231280336294141,0.0016264057121272853,10.430817451294327,0.025,0.0,-0.03,0.0,1.0,0.0,0.01
11,0.3666635096019307,80,0.010060822134193674,0.0,-0.027522968621383752,0.002477031378616247,0.007522968621383753,15.045937242767506,0.012165095302175645,0.0011063956419004712,9.027562345660503,0.025,0.0,-0.03,0.0,1.0,0.0,0.01
12,0.399996555929379,33,0.0367837869466254,0.0,-0.021193000294624637,0.008806999705375362,0.0011930002946246385,2.386000589249277,0.055437778923055986,0.00959840159618735,1.4316003535495663,0.025,0.0,-0.03,0.0,1.0,0.0,0.01
12,0.399996555929379,34,0.036960978277200913,0.0,-0.02242686622250156,0.00757313377749844,0.0024268662225015603,4.8537324450031205,-0.0517358641773565,0.0069166373200801505,2.9122394670018723,0.025,0.0,-0.03,0.0,1.0,0.0,0.01
12,0.399996555929379,35,0.03712643998990805,0.0,-0.02366238552442739,0.006337614475572607,0.0036623855244273928,7.324771048854785,0.033929662747424344,0.005020109952837234,4.394862629312871,0.025,0.0,-0.03,0.0,1.0,0.0,0.01
12,0.399996555929379,36,0.03728072865006202,0.0,-0.024899178233910926,0.0051008217660890726,0.004899178233910928,9.798356467821856,-0.02859805940782658,0.0027070105441449653,5.879013880693114,0.025,0.0,-0.03,0.0,1.0,0.0,0.01
12,0.399996555929379,37,0.03742397766981228,0.0,-0.026137714685460174,0.0038622853145398248,0.0061377146854601754,12.275429370920351,0.02381962381079681,0.003566746109921488,7.36525762255221,0.025,0.0,-0.03,0.0,1.0,0.0,0.01
12,0.399996555929379,38,0.03755553580260811,0.0,-0.02737728026654713,0.0026227197334528704,0.00737728026654713,14.75456053309426,-0.031587908439036146,0.003000785258562495,8.852736319856556,0.025,0.0,-0.03,0.0,1.0,0.0,0.01
12,0.399996555929379,39,0.03767572278902414,0.0,-0.02861870671274577,0.0013812932872542295,0.00861870671274577,17.237413425491543,0.026043502562434158,0.003628717118495743,10.342448055294925,0.025,0.0,-0.03,0.0,1.0,0.0,0.01
12,0.399996555929379,40,0.03778607417385513,0.0,-0.029860561441530674,0.000139438558469325,0.009860561441530675,19.72112288306135,-0.03278258128673175,0.0024944769758845006,11.832673729836811,0.025,0.0,-0.03,0.0,1.0,0.0,0.01
12,0.399996555929379,41,0.03788978799355284,0.0,-0.031103787799107174,0.0011037877991071747,0.008896212200892826,17.792424401785652,-0.02575741894488207,0.003597700539446505,10.675454641071392,0.025,0.0,-0.03,0.0,1.0,0.0,0.01
12,0.399996555929379,42,0.03799126497085445,0.0,-0.03234649350138744,0.0023464935013874436,0.007653506498612557,15.307012997225113,0.025655255880068374,0.001154947401753374,9.184207798335068,0.025,0.0,-0.03,0.0,1.0,0.0,0.01
12,0.399996555929379,43,0.03809487673698646,0.0,-0.0335897536281799,0.003589753628179898,0.006410246371820102,12.820492743640203,-0.013290379904941389,0.003068210407610609,7.692295646184122,0.025,0.0,-0.03,0.0,1.0,0.0,0.01
12,0.399996555929379,44,0.038203755380851065,0.0,-0.03483185544240496,0.004831855442404963,0.005168144557595037,10.336289115190075,0.015282754953149942,0.00031344346961781404,6.201773469114045,0.025,0.0,-0.03,0.0,1.0,0.0,0.01
12,0.399996555929379,45,0.03832129818695059,0.0,-0.03607372634270915,0.006073726342709154,0.003926273657290846,7.852547314581692,-0.004812384267943418,0.0028033225352531665,4.711528388749015,0.025,0.0,-0.03,0.0,1.0,0.0,0.01
12,0.399996555929379,46,0.03845063255445582,0.0,-0.03731391662078014,0.007313916620780139,0.002686083379219861,5.372166758439722,0.008754975969905288,0.001792327290928427,3.223300055063833,0.025,0.0,-0.03,0.0,1.0,0.0,0.01
12,0.399996555929379,47,0.03858441289066816,0.0,-0.03855298029456907,0.008552980294569072,0.001447019705430928,2.894039410861856,0.0003253880029794426,0.0002290016309310463,1.7364236465171135,0.025,0.0,-0.03,0.0,1.0,0.0,0.01
12,0.399996555929379,48,0.03742625742059086,0.0,-0.03901639357685999,0.009016393576859988,0.0009836064231400123,1.9672128462800247,0.0057915282393105495,0.00846697913004164,1.1803277077680148,0.025,0.0,-0.03,0.0,1.0,0.0,0.01
12,0.399996555929379,49,0.03626300610089696,0.0,-0.039466898921934356,0.009466898921934357,0.0005331010780656436,1.066202156131287,-0.0007302837269623633,0.0062952072663664165,0.6397212936787723,0.025,0.0,-0.03,0.0,1.0,0.0,0.01
12,0.399996555929379,50,0.03509550039910057,0.0,-0.039906571717575764,0.009906571717575766,9.342828242423461e-05,0.18685656484846921,0.007017519376856201,0.014468782007641113,0.11211393890908153,0.025,0.0,-0.03,0.0,1.0,0.0,0.01
12,0.399996555929379,69,0.015728072373184517,0.0,-0.039700352350290735,0.009700352350290736,0.00029964764970926393,0.5992952994185279,-0.0030277140652394483,0.0026900133453235603,0.35957717965111674,0.025,0.0,-0.03,0.0,1.0,0.0,0.01
12,0.399996555929379,70,0.015089540647639047,0.0,-0.038637499530741026,0.008637499530741027,0.0013625004692589728,2.7250009385179457,-0.005346588654496843,0.0036713134840501587,1.6350005631107674,0.025,0.0,-0.03,0.0,1.0,0.0,0.01
12,0.399996555929379,71,0.014475698048329258,0.0,-0.0375600588594335,0.007560058859433498,0.002439941140566502,4.879882281133004,-0.003143562475878877,0.002030940172605293,2.9279293686798025,0.025,0.0,-0.03,0.0,1.0,0.0,0.01
12,0.399996555929379,72,0.013888378310254973,0.0,-0.03646777956181278,0.006467779561812784,0.0035322204381872165,7.064440876374433,-0.0060505943093424035,0.0031899964961104163,4.238664525824659,0.025,0.0,-0.03,0.0,1.0,0.0,0.01
12,0.399996555929379,73,0.01332852332209544,0.0,-0.03536089531682612,0.005360895316826118,0.004639104683173882,9.278209366347763,-0.0031384377551903174,0.0013200597021676874,5.566925619808658,0.025,0.0,-0.03,0.0,1.0,0.0,0.01
12,0.399996555929379,74,0.012796146200932503,0.0,-0.034240365473671895,0.004240365473671896,0.005759634526328104,11.519269052656208,-0.0066706104231925335,0.0026150310669801734,6.911561431593724,0.025,0.0,-0.03,0.0,1.0,0.0,0.01
12,0.399996555929379,75,0.012289895664697487,0.0,-0.03310757709802056,0.003107577098020564,0.006892422901979436,13.784845803958872,-0.003216029487210626,0.0006637156591219199,8.270907482375323,0.025,0.0,-0.03,0.0,1.0,0.0,0.01
12,0.399996555929379,76,0.011808127314262494,0.0,-0.03196414988920035,0.0019641498892003506,0.00803585011079965,16.0717002215993,-0.007082457922359316,0.0019422531194249017,9.64302013295958,0.025,0.0,-0.03,0.0,1.0,0.0,0.01
12,0.399996555929379,77,0.01134952276564589,0.0,-0.030811123514536687,0.000811123514536688,0.009188876485463312,18.377752970926625,-0.0033949005477761714,5.5691329308482195e-05,11.026651782555975,0.025,0.0,-0.03,0.0,1.0,0.0,0.01
12,0.399996555929379,78,0.010912815165699252,0.0,-0.02964964106032016,0.0003503589396798394,0.00964964106032016,19.29928212064032,0.007369873107614591,0.0012193759923181176,11.579569272384193,0.025,0.0,-0.03,0.0,1.0,0.0,0.01
12,0.399996555929379,79,0.010496495466725087,0.0,-0.028480580882445754,0.0015194191175542451,0.008480580882445755,16.96116176489151,0.003678424054300811,0.000533023141235341,10.176697058934906,0.025,0.0,-0.03,0.0,1.0,0.0,0.01
12,0.399996555929379,80,0.01006830314253758,0.0,-0.02730624067680295,0.0026937593231970494,0.007306240676802951,14.6124813536059,0.007538735310674514,0.000493060887177633,8.76748881216354,0.025,0.0,-0.03,0.0,1.0,0.0,0.01
13,0.4333296022568272,32,0.036590106096737865,0.0,-0.020071019222263675,0.009928980777736324,7.10192222636765e-05,0.142038444527353,-0.012662024721228137,0.002109481228881743,0.0852230667164118,0.025,0.0,-0.03,0.0,1.0,0.0,0.01
13,0.4333296022568272,33,0.03678009019547084,0.0,-0.02130244211220161,0.008697557887798388,0.0013024421122016117,2.6048842244032233,0.006361136897338007,0.0017577927820671207,1.562930534641934,0.025,0.0,-0.03,0.0,1.0,0.0,0.01
13,0.4333296022568272,34,0.0369577427931738,0.0,-0.02253724567441166,0.0074627543255883395,0.0025372456744116607,5.074491348823321,-0.0125458029381548,0.0012299248014464277,3.044694809293993,0.025,0.0,-0.03,0.0,1.0,0.0,0.01
13,0.4333296022568272,35,0.037122954842717985,0.0,-0.023771670856996083,0.0062283291430039155,0.0037716708569960847,7.543341713992169,0.004505165751906494,0.0011763178228027772,4.526005028395302,0.025,0.0,-0.03,0.0,1.0,0.0,0.01
13,0.4333296022568272,36,0.03727677242217221,0.0,-0.02501019111433494,0.0049898088856650605,0.00501019111433494,10.02038222866988,-0.009239169604660974,0.00045054813251774813,6.012229337201927,0.025,0.0,-0.03,0.0,1.0,0.0,0.01
13,0.4333296022568272,37,0.03741822824971361,0.0,-0.026247320266835992,0.003752679733164007,0.006247320266835993,12.494640533671987,-0.004960484689613296,1.1596374761506936e-05,7.496784320203192,0.025,0.0,-0.03,0.0,1.0,0.0,0.01
13,0.4333296022568272,38,0.037547194149019615,0.0,-0.02748909178730528,0.0025109082126947187,0.0074890917873052815,14.978183574610563,0.0030515355896782157,0.0009136741134696279,8.986910144766338,0.025,0.0,-0.03,0.0,1.0,0.0,0.01
13,0.4333296022568272,39,0.03766323977360785,0.0,-0.028729216812478385,0.0012707831875216138,0.008729216812478386,17.458433624956772,-0.012074078270126347,0.000555013832664099,10.475060174974063,0.025,0.0,-0.03,0.0,1.0,0.0,0.01
13,0.4333296022568272,40,0.03776872911495832,0.0,-0.029973521462119894,2.6478537880104958e-05,0.009973521462119895,19.947042924239792,0.004965234943054049,0.0012408199714901884,11.968225754543875,0.025,0.0,-0.03,0.0,1.0,0.0,0.01
13,0.4333296022568272,41,0.037866252384332194,0.0,-0.03121551153702571,0.001215511537025711,0.00878448846297429,17.56897692594858,0.008969021216200329,9.68403003788322e-05,10.541386155569148,0.025,0.0,-0.03,0.0,1.0,0.0,0.01
13,0.4333296022568272,42,0.03796120556740281,0.0,-0.03246073101952448,0.00246073101952448,0.00753926898047552,15.07853796095104,-0.0027553127488833522,0.0014448488072599703,9.047122776570625,0.025,0.0,-0.03,0.0,1.0,0.0,0.01
13,0.4333296022568272,43,0.03805751272681238,0.0,-0.03370305494147379,0.003703054941473792,0.006296945058526208,12.593890117052416,0.009676202949739261,0.00025393929689344305,7.556334070231449,0.025,0.0,-0.03,0.0,1.0,0.0,0.01
13,0.4333296022568272,44,0.03815912029608778,0.0,-0.03494739163717316,0.004947391637173164,0.005052608362826836,10.105216725653673,-0.0021646489612114584,0.0017448386328137095,6.063130035392203,0.025,0.0,-0.03,0.0,1.0,0.0,0.01
13,0.4333296022568272,45,0.03826901108687966,0.0,-0.0361889457724068,0.0061889457724067995,0.0038110542275932007,7.622108455186401,0.00798756017698189,0.0007814763196105153,4.57326507311184,0.025,0.0,-0.03,0.0,1.0,0.0,0.01
13,0.4333296022568272,46,0.03839096441374738,0.0,-0.03743088153911849,0.007430881539118493,0.002569118460881507,5.138236921763014,0.0006204744970092728,0.001915696857013937,3.0829421530578087,0.025,0.0,-0.03,0.0,1.0,0.0,0.01
13,0.4333296022568272,47,0.03851732979315059,0.0,-0.03867038418231168,0.008670384182311683,0.0013296158176883174,2.6592316353766345,0.004478928724595671,0.0009065791568028138,1.5955389812259806,0.025,0.0,-0.03,0.0,1.0,0.0,0.01
13,0.4333296022568272,48,0.037354574484746175,0.0,-0.03912301656253658,0.009123016562536584,0.0008769834374634158,1.7539668749268316,0.0037319606421678557,0.003748122918601206,1.052380124956099,0.025,0.0,-0.03,0.0,1.0,0.0,0.01
13,0.4333296022568272,49,0.036186955052723443,0.0,-0.03956238258725383,0.00956238258725383,0.0004376174127461701,0.8752348254923402,0.0016219122014288286,0.0013698164729484545,0.5251408952954041,0.025,0.0,-0.03,0.0,1.0,0.0,0.01
13,0.4333296022568272,50,0.03501498796616373,0.0,-0.039990805283603104,0.009990805283603105,9.194716396895494e-06,0.01838943279379099,0.00425633839650657,0.006796870530237116,0.011033659676274593,0.025,0.0,-0.03,0.0,1.0,0.0,0.01
13,0.4333296022568272,69,0.015628332469313527,0.0,-0.03957544686628589,0.009575446866285892,0.0004245531337141086,0.8491062674282173,-0.005133226752985713,0.0036943275865808454,0.5094637604569303,0.025,0.0,-0.03,0.0,1.0,0.0,0.01
13,0.4333296022568272,70,0.014998444407629053,0.0,-0.038507257205189833,0.008507257205189835,0.0014927427948101656,2.9854855896203314,-0.0016605006375344268,0.0013654929848271433,1.7912913537721988,0.025,0.0,-0.03,0.0,1.0,0.0,0.01
13,0.4333296022568272,71,0.014393500053763986,0.0,-0.03742469381135498,0.007424693811354979,0.002575306188645021,5.150612377290042,-0.005723167027119551,0.003293244623971217,3.090367426374025,0.025,0.0,-0.03,0.0,1.0,0.0,0.01
13,0.4333296022568272,72,0.013815320877297548,0.0,-0.03632741540801832,0.006327415408018323,0.003672584591981677,7.345169183963353,-0.0019154009127060503,0.0009831017480979518,4.407101510378012,0.025,0.0,-0.03,0.0,1.0,0.0,0.01
13,0.4333296022568272,73,0.013264866541905732,0.0,-0.03521579473445694,0.0052157947344569425,0.004784205265543058,9.568410531086116,-0.00596585154110462,0.002676964370254486,5.741046318651669,0.025,0.0,-0.03,0.0,1.0,0.0,0.01
13,0.4333296022568272,74,0.01274204284737494,0.0,-0.03409071548997339,0.00409071548997339,0.00590928451002661,11.81856902005322,-0.0022072015592036996,0.0005886823362043623,7.091141412031932,0.025,0.0,-0.03,0.0,1.0,0.0,0.01
13,0.4333296022568272,75,0.012245462169198204,0.0,-0.03295368008060513,0.002953680080605134,0.007046319919394866,14.092639838789733,-0.006299727767416352,0.002101959269496507,8.455583903273839,0.025,0.0,-0.03,0.0,1.0,0.0,0.01
13,0.4333296022568272,76,0.011773406663657995,0.0,-0.03180617693208778,0.0018061769320877816,0.008193823067912219,16.387646135824436,-0.0022099307817701713,7.506889285884901e-05,9.832587681494662,0.025,0.0,-0.03,0.0,1.0,0.0,0.01
13,0.4333296022568272,77,0.011324618094435707,0.0,-0.03064932499645157,0.0006493249964515703,0.00935067500354843,18.70135000709686,-0.006653252418154669,0.0015391633761943667,11.220810004258116,0.025,0.0,-0.03,0.0,1.0,0.0,0.01
13,0.4333296022568272,78,0.010897772546569337,0.0,-0.029484150650636868,0.000515849349363131,0.00948415065063687,18.968301301273737,0.0023511455232453063,0.0003895019351195212,11.380980780764242,0.025,0.0,-0.03,0.0,1.0,0.0,0.01
13,0.4333296022568272,79,0.01049138971244324,0.0,-0.028311628070604073,0.0016883719293959258,0.008311628070604074,16.62325614120815,0.00680493733067468,0.0009252547766367185,9.973953684724888,0.025,0.0,-0.03,0.0,1.0,0.0,0.01
13,0.4333296022568272,80,0.010073379600312682,0.0,-0.027133596086478754,0.0028664039135212448,0.0071335960864787554,14.267192172957511,0.002623781574047806,0.0008736703555373944,8.560315303774507,0.025,0.0,-0.03,0.0,1.0,0.0,0.01
14,0.4666626485842755,32,0.03658307084431936,0.0,-0.02018178823968321,0.009818211760316789,0.00018178823968321121,0.36357647936642246,0.0216162029016783,0.0054818399295643505,0.21814588761985346,0.025,0.0,-0.03,0.0,1.0,0.0,0.01
14,0.4666626485842755,33,0.03677424651897816,0.0,-0.021413264622401843,0.008586735377598156,0.0014132646224018445,2.826529244803689,-0.03513439094569459,0.004747898389188603,1.6959175468822134,0.025,0.0,-0.03,0.0,1.0,0.0,0.01
14,0.4666626485842755,34,0.03695282173403027,0.0,-0.02264761707213287,0.007352382927867128,0.0026476170721328723,5.295234144265745,0.03409755563986872,0.005427551360089958,3.177140486559447,0.025,0.0,-0.03,0.0,1.0,0.0,0.01
14,0.4666626485842755,35,0.03711875552704402,0.0,-0.023882757159839736,0.006117242840160263,0.0038827571598397375,7.765514319679475,-0.04455974047807331,0.0052740664371264045,4.659308591807685,0.025,0.0,-0.03,0.0,1.0,0.0,0.01
14,0.4666626485842755,36,0.037272596932162866,0.0,-0.025120413400385715,0.0048795865996142836,0.005120413400385717,10.240826800771433,0.04046060235843119,0.005480330790578858,6.14449608046286,0.025,0.0,-0.03,0.0,1.0,0.0,0.01
14,0.4666626485842755,37,0.037413523551131096,0.0,-0.026358799778718304,0.003641200221281695,0.006358799778718305,12.71759955743661,-0.04567299234719629,0.004633060779914022,7.630559734461966,0.025,0.0,-0.03,0.0,1.0,0.0,0.01
14,0.4666626485842755,38,0.03754068335635853,0.0,-0.0275997523327948,0.0024002476672051985,0.007599752332794802,15.199504665589604,0.03734664395302376,0.004442372383750107,9.119702799353762,0.025,0.0,-0.03,0.0,1.0,0.0,0.01
14,0.4666626485842755,39,0.03765417679840625,0.0,-0.028841327111107727,0.0011586728888922718,0.008841327111107728,17.682654222215458,-0.04166209339752018,0.003576882653529977,10.609592533329275,0.025,0.0,-0.03,0.0,1.0,0.0,0.01
14,0.4666626485842755,40,0.03775599154662732,0.0,-0.030084928035582423,8.49280355824239e-05,0.009915071964417576,19.830143928835152,-0.03248298618168548,0.003800265885011337,11.898086357301091,0.025,0.0,-0.03,0.0,1.0,0.0,0.01
14,0.4666626485842755,41,0.0378493070868499,0.0,-0.031328421178363604,0.001328421178363605,0.008671578821636395,17.34315764327279,0.036072828835781806,0.0025948988095856533,10.405894585963674,0.025,0.0,-0.03,0.0,1.0,0.0,0.01
14,0.4666626485842755,42,0.0379393053854198,0.0,-0.03257304125632965,0.00257304125632965,0.00742695874367035,14.8539174873407,-0.02568493314167732,0.0032681214876464693,8.91235049240442,0.025,0.0,-0.03,0.0,1.0,0.0,0.01
14,0.4666626485842755,43,0.03803049749304398,0.0,-0.03381680960401774,0.003816809604017743,0.006183190395982257,12.366380791964515,0.02803483740875165,0.0016378320581015605,7.419828475178709,0.025,0.0,-0.03,0.0,1.0,0.0,0.01
14,0.4666626485842755,44,0.03812658496116434,0.0,-0.0350608238106816,0.005060823810681604,0.004939176189318396,9.878352378636793,-0.0167334069214341,0.0028473017482922914,5.927011427182076,0.025,0.0,-0.03,0.0,1.0,0.0,0.01
14,0.4666626485842755,45,0.0382310213501233,0.0,-0.0363036211313484,0.0063036211313484,0.0036963788686516005,7.392757737303201,0.018492598158518832,0.0005813454425884855,4.4356546423819205,0.025,0.0,-0.03,0.0,1.0,0.0,0.01
14,0.4666626485842755,46,0.03834743631283232,0.0,-0.03754568032946692,0.007545680329466918,0.002454319670533082,4.908639341066165,-0.006708282357310437,0.0019257558845602967,2.945183604639699,0.025,0.0,-0.03,0.0,1.0,0.0,0.01
14,0.4666626485842755,47,0.038468383671274343,0.0,-0.038786066711915784,0.008786066711915785,0.0012139332880842148,2.4278665761684297,0.008415060841582883,0.003473957312570858,1.4567199457010578,0.025,0.0,-0.03,0.0,1.0,0.0,0.01
14,0.4666626485842755,48,0.03730117430822864,0.0,-0.039227326599807946,0.009227326599807947,0.0007726734001920529,1.5453468003841058,0.00033411379733778735,0.004552880898738121,0.9272080802304634,0.025,0.0,-0.03,0.0,1.0,0.0,0.01
14,0.4666626485842755,49,0.0361291194964275,0.0,-0.03965532162323914,0.009655321623239142,0.0003446783767608579,0.6893567535217159,0.005898632824212605,0.010014267074214303,0.41361405211302954,0.025,0.0,-0.03,0.0,1.0,0.0,0.01
14,0.4666626485842755,69,0.015545386418519647,0.0,-0.039466694715694854,0.009466694715694855,0.0005333052843051449,1.0666105686102898,-0.0023373046357906516,0.0018642228854401353,0.6399663411661739,0.025,0.0,-0.03,0.0,1.0,0.0,0.01
14,0.4666626485842755,70,0.014922604755510795,0.0,-0.03839424668326939,0.008394246683269393,0.0016057533167306067,3.2115066334612132,-0.004220419037216706,0.0026719009109216997,1.9269039800767278,0.025,0.0,-0.03,0.0,1.0,0.0,0.01
14,0.4666626485842755,71,0.014324950844916534,0.0,-0.03730753933964431,0.0073075393396443145,0.0026924606603556858,5.3849213207113715,-0.0021955791154106255,0.0013168855131468688,3.2309527924268227,0.025,0.0,-0.03,0.0,1.0,0.0,0.01
14,0.4666626485842755,72,0.01375429854791326,0.0,-0.03620626324343819,0.00620626324343819,0.0037937367565618104,7.587473513123621,-0.004574673992324759,0.002272182995988305,4.5524841078741725,0.025,0.0,-0.03,0.0,1.0,0.0,0.01
14,0.4666626485842755,73,0.013211564175065636,0.0,-0.035090804221538624,0.005090804221538625,0.004909195778461375,9.81839155692275,-0.002296514329280912,0.0009057441034631117,5.89103493415365,0.025,0.0,-0.03,0.0,1.0,0.0,0.01
14,0.4666626485842755,74,0.012696606746242366,0.0,-0.03396208092849405,0.003962080928494052,0.006037919071505948,12.075838143011897,-0.004872852160783909,0.0018310959774016384,7.245502885807138,0.025,0.0,-0.03,0.0,1.0,0.0,0.01
14,0.4666626485842755,75,0.012207957755728298,0.0,-0.03282160986674436,0.0028216098667443595,0.007178390133255641,14.356780266511281,-0.0022317433374997525,0.0004174648902586888,8.614068159906768,0.025,0.0,-0.03,0.0,1.0,0.0,0.01
14,0.4666626485842755,76,0.011743878702664646,0.0,-0.03167085427595071,0.001670854275950713,0.008329145724049287,16.658291448098574,-0.005454612184760917,0.0014899333043546506,9.994974868859144,0.025,0.0,-0.03,0.0,1.0,0.0,0.01
14,0.4666626485842755,77,0.011303132664888128,0.0,-0.030510918086942746,0.0005109180869427472,0.009489081913057253,18.978163826114507,-0.0020853871850825484,7.438459229701243e-05,11.386898295668704,0.025,0.0,-0.03,0.0,1.0,0.0,0.01
14,0.4666626485842755,78,0.010884379636216288,0.0,-0.0293428048920695,0.0006571951079304972,0.009342804892069503,18.685609784139007,0.00582615798035016,0.001055527979513261,11.211365870483403,0.025,0.0,-0.03,0.0,1.0,0.0,0.01
14,0.4666626485842755,79,0.010486136065322903,0.0,-0.028167498222820376,0.001832501777179623,0.008167498222820377,16.334996445640755,0.002164277856456419,0.0004934823002224049,9.800997867384453,0.025,0.0,-0.03,0.0,1.0,0.0,0.01
14,0.4666626485842755,80,0.01007644892008409,0.0,-0.026986539665966057,0.003013460334033942,0.006986539665966058,13.973079331932116,0.005965594580010922,0.0005755272904081703,8.38384759915927,0.025,0.0,-0.03,0.0,1.0,0.0,0.01
15,0.4999956949117237,32,0.0365748387982084,0.0,-0.0202868818211267,0.009713118178873298,0.00028688182112670234,0.5737636422534047,-0.021000341091702415,0.0027911434180801276,0.34425818535204283,0.025,0.0,-0.03,0.0,1.0,0.0,0.01
15,0.4999956949117237,33,0.03676746800618745,0.0,-0.02151859956893807,0.00848140043106193,0.001518599568938071,3.037199137876142,0.02467090290499983,0.004393947953077845,1.822319482725685,0.025,0.0,-0.03,0.0,1.0,0.0,0.01
15,0.4999956949117237,34,0.036947191208828764,0.0,-0.02275255631446058,0.00724744368553942,0.0027525563144605806,5.505112628921161,-0.039858148490994484,0.004996981346866908,3.3030675773526963,0.025,0.0,-0.03,0.0,1.0,0.0,0.01
15,0.4999956949117237,35,0.037114061902980194,0.0,-0.02398793244298928,0.006012067557010718,0.003987932442989282,7.975864885978564,0.041727071955830385,0.005982837861643046,4.785518931587138,0.025,0.0,-0.03,0.0,1.0,0.0,0.01
15,0.4999956949117237,36,0.037268366895309615,0.0,-0.02522542318407411,0.0047745768159258885,0.005225423184074112,10.450846368148223,-0.054141563895169824,0.006044759086477755,6.270507820888934,0.025,0.0,-0.03,0.0,1.0,0.0,0.01
15,0.4999956949117237,37,0.03740910035626557,0.0,-0.026464074724426703,0.0035359252755732956,0.006464074724426705,12.928149448853409,0.047315056472226454,0.005667428439562569,7.756889669312045,0.025,0.0,-0.03,0.0,1.0,0.0,0.01
15,0.4999956949117237,38,0.03753513733264171,0.0,-0.02770509971752495,0.0022949002824750493,0.007705099717524951,15.410199435049902,-0.052748849942810726,0.004976615485155794,9.24611966102994,0.025,0.0,-0.03,0.0,1.0,0.0,0.01
15,0.4999956949117237,39,0.0376466958359103,0.0,-0.028947042637541706,0.0010529573624582927,0.008947042637541707,17.894085275083416,0.04618940011338638,0.005029267856769059,10.736451165050049,0.025,0.0,-0.03,0.0,1.0,0.0,0.01
15,0.4999956949117237,40,0.03774579309059961,0.0,-0.03019081604821264,0.00019081604821264211,0.009809183951787358,19.618367903574715,0.052088393156805704,0.004338745016617733,11.77102074214483,0.025,0.0,-0.03,0.0,1.0,0.0,0.01
15,0.4999956949117237,41,0.037835803544264204,0.0,-0.031434732743305834,0.0014347327433058346,0.008565267256694166,17.13053451338833,-0.045989869925446035,0.004764856003114512,10.278320708032998,0.025,0.0,-0.03,0.0,1.0,0.0,0.01
15,0.4999956949117237,42,0.03792203921539004,0.0,-0.03267955772390497,0.0026795577239049698,0.0073204422760950304,14.64088455219006,0.048091032205844715,0.0035389589855030802,8.784530731314035,0.025,0.0,-0.03,0.0,1.0,0.0,0.01
15,0.4999956949117237,43,0.03800918845670526,0.0,-0.033923746092148446,0.003923746092148447,0.006076253907851553,12.152507815703105,-0.036440024150917336,0.004182788513595887,7.2915046894218625,0.025,0.0,-0.03,0.0,1.0,0.0,0.01
15,0.4999956949117237,44,0.03810103176034333,0.0,-0.035168080783984645,0.0051680807839846465,0.004831919216015354,9.663838432030706,0.035846310386579996,0.002446606246662373,5.798303059218424,0.025,0.0,-0.03,0.0,1.0,0.0,0.01
15,0.4999956949117237,45,0.03820115435460914,0.0,-0.036411318388138325,0.006411318388138326,0.003588681611861674,7.177363223723348,-0.021783162595238114,0.0033440702959834697,4.306417934234009,0.025,0.0,-0.03,0.0,1.0,0.0,0.01
15,0.4999956949117237,46,0.038313282045482816,0.0,-0.03765379941646768,0.007653799416467683,0.0023462005835323176,4.692401167064635,0.01934943767031067,0.000510730444624839,2.815440700238781,0.025,0.0,-0.03,0.0,1.0,0.0,0.01
15,0.4999956949117237,47,0.038429979394271015,0.0,-0.03889464633806126,0.008894646338061259,0.0011053536619387416,2.2107073238774833,-0.00401215774445456,0.0004498354207763111,1.32642439432649,0.025,0.0,-0.03,0.0,1.0,0.0,0.01
15,0.4999956949117237,48,0.03725863021667388,0.0,-0.03932503395671979,0.00932503395671979,0.0006749660432802101,1.34993208656042,0.005005476274264087,0.005356726939915503,0.8099592519362521,0.025,0.0,-0.03,0.0,1.0,0.0,0.01
15,0.4999956949117237,49,0.036082430033782024,0.0,-0.0397420855887949,0.0097420855887949,0.00025791441120510093,0.5158288224102019,0.0006221771569077174,0.003751566680925705,0.30949729344612115,0.025,0.0,-0.03,0.0,1.0,0.0,0.01
15,0.4999956949117237,69,0.015474383486630876,0.0,-0.0393696722609441,0.009369672260944102,0.000630327739055898,1.260655478111796,-0.0031199096035909746,0.0021890001880601217,0.7563932868670776,0.025,0.0,-0.03,0.0,1.0,0.0,0.01
15,0.4999956949117237,70,0.014857599133698404,0.0,-0.03829367898338531,0.00829367898338531,0.0017063210166146908,3.4126420332293814,-0.0023364555823483873,0.0015304840394943782,2.0475852199376288,0.025,0.0,-0.03,0.0,1.0,0.0,0.01
15,0.4999956949117237,71,0.014266109438056309,0.0,-0.03720352833833675,0.007203528338336748,0.002796471661663252,5.592943323326504,-0.003511620022536694,0.0019336690481541804,3.3557659939959024,0.025,0.0,-0.03,0.0,1.0,0.0,0.01
15,0.4999956949117237,72,0.013701827440941658,0.0,-0.03609892264046916,0.0060989226404691635,0.0039010773595308367,7.802154719061673,-0.0024504653024680816,0.0011757061189689093,4.681292831437004,0.025,0.0,-0.03,0.0,1.0,0.0,0.01
15,0.4999956949117237,73,0.01316563236403177,0.0,-0.03498026297395502,0.00498026297395502,0.00501973702604498,10.039474052089961,-0.003759393980277843,0.0015751537305164856,6.023684431253977,0.025,0.0,-0.03,0.0,1.0,0.0,0.01
15,0.4999956949117237,74,0.012657341855635799,0.0,-0.03384850917890644,0.0038485091789064382,0.006151490821093562,12.302981642187124,-0.002559647700702503,0.0008083945080493239,7.381788985312274,0.025,0.0,-0.03,0.0,1.0,0.0,0.01
15,0.4999956949117237,75,0.012175402594333964,0.0,-0.03270517360567893,0.002705173605678929,0.007294826394321071,14.589652788642143,-0.0040881611422980205,0.0012463695038685747,8.753791673185285,0.025,0.0,-0.03,0.0,1.0,0.0,0.01
15,0.4999956949117237,76,0.011718071375571628,0.0,-0.031551726607840544,0.001551726607840545,0.008448273392159455,16.89654678431891,-0.0024541254631484386,0.0003665306376312967,10.137928070591347,0.025,0.0,-0.03,0.0,1.0,0.0,0.01
15,0.4999956949117237,77,0.011284120167088121,0.0,-0.030389223519036723,0.00038922351903672436,0.009610776480963276,19.22155296192655,-0.004446735758710738,0.0009120274708065714,11.53293177715593,0.025,0.0,-0.03,0.0,1.0,0.0,0.01
15,0.4999956949117237,78,0.010872210146852766,0.0,-0.029218686208512704,0.0007813137914872946,0.009218686208512706,18.43737241702541,0.002445136787849993,2.7467612229453037e-05,11.062423450215247,0.025,0.0,-0.03,0.0,1.0,0.0,0.01
15,0.4999956949117237,79,0.0104808402757343,0.0,-0.028041065475597347,0.0019589345244026522,0.008041065475597348,16.082130951194696,0.004640844722865713,0.0005235233556674181,9.649278570716817,0.025,0.0,-0.03,0.0,1.0,0.0,0.01
15,0.4999956949117237,80,0.01007817039240504,0.0,-0.026857702403602912,0.0031422975963970867,0.0068577024036029135,13.715404807205827,0.0025730595262964335,0.0004004576006788789,8.229242884323495,0.025,0.0,-0.03,0.0,1.0,0.0,0.01
16,0.533328741239172,32,0.03656794954793587,0.0,-0.020382652544131023,0.009617347455868976,0.0003826525441310239,0.7653050882620478,-0.0270330441583249,0.004958598434872557,0.45918305295722867,0.025,0.0,-0.03,0.0,1.0,0.0,0.01
16,0.533328741239172,33,0.03676205777351095,0.0,-0.021614632022099102,0.008385367977900897,0.0016146320220991033,3.2292640441982066,0.028904625538179903,0.0049772640476270875,1.9375584265189238,0.025,0.0,-0.03,0.0,1.0,0.0,0.01
16,0.533328741239172,34,0.03694294475492081,0.0,-0.022848046665674235,0.007151953334325764,0.002848046665674236,5.6960933313484725,-0.039743613686394855,0.005178339972828593,3.4176559988090833,0.025,0.0,-0.03,0.0,1.0,0.0,0.01
16,0.533328741239172,35,0.03711082673242835,0.0,-0.024083896515535566,0.005916103484464433,0.004083896515535567,8.167793031071135,0.03895899613330354,0.005440236377603434,4.90067581864268,0.025,0.0,-0.03,0.0,1.0,0.0,0.01
16,0.533328741239172,36,0.03726554482717086,0.0,-0.025320881426260034,0.004679118573739965,0.0053208814262600355,10.64176285252007,-0.04693076924173794,0.0053806928639683746,6.385057711512042,0.025,0.0,-0.03,0.0,1.0,0.0,0.01
16,0.533328741239172,37,0.03740612394729071,0.0,-0.026560253470541677,0.0034397465294583214,0.006560253470541679,13.120506941083358,0.0416059169416468,0.004935725395686407,7.872304164650014,0.025,0.0,-0.03,0.0,1.0,0.0,0.01
16,0.533328741239172,38,0.037531078936895404,0.0,-0.02780089273600126,0.0021991072639987383,0.007800892736001262,15.601785472002524,-0.046113979297589466,0.004385600129733293,9.361071283201515,0.025,0.0,-0.03,0.0,1.0,0.0,0.01
16,0.533328741239172,39,0.03764094577123697,0.0,-0.029043673506202128,0.000956326493797871,0.00904367350620213,18.08734701240426,0.039840492027031583,0.004257977752656132,10.852408207442554,0.025,0.0,-0.03,0.0,1.0,0.0,0.01
16,0.533328741239172,40,0.03773758514870803,0.0,-0.03028710006135688,0.00028710006135687985,0.00971289993864312,19.42579987728624,0.04353819569635852,0.003580512558388616,11.655479926371745,0.025,0.0,-0.03,0.0,1.0,0.0,0.01
16,0.533328741239172,41,0.03782474246135322,0.0,-0.03153186847361856,0.0015318684736185598,0.00846813152638144,16.936263052762882,-0.03640406404962185,0.003746653638259273,10.161757831657729,0.025,0.0,-0.03,0.0,1.0,0.0,0.01
16,0.533328741239172,42,0.03790765860643076,0.0,-0.03277638182480808,0.0027763818248080843,0.007223618175191916,14.447236350383832,0.037604263192603446,0.002654070730707907,8.668341810230299,0.025,0.0,-0.03,0.0,1.0,0.0,0.01
16,0.533328741239172,43,0.03799133023231229,0.0,-0.034021354949546556,0.004021354949546557,0.005978645050453443,11.957290100906885,-0.02751738364892795,0.003222925844315132,7.174374060544131,0.025,0.0,-0.03,0.0,1.0,0.0,0.01
16,0.533328741239172,44,0.03807945133746881,0.0,-0.03526556476217484,0.005265564762174844,0.004734435237825156,9.468870475650311,0.02727326407923063,0.0016802911907462987,5.681322285390187,0.025,0.0,-0.03,0.0,1.0,0.0,0.01
16,0.533328741239172,45,0.03817585942531908,0.0,-0.03650947338603426,0.006509473386034262,0.0034905266139657384,6.9810532279314765,-0.015931293914669614,0.0025940123783656927,4.188631936758886,0.025,0.0,-0.03,0.0,1.0,0.0,0.01
16,0.533328741239172,46,0.03828424603194912,0.0,-0.03775208062822488,0.007752080628224883,0.002247919371775117,4.495838743550234,0.014806953469077722,0.00013646237280021554,2.69750324613014,0.025,0.0,-0.03,0.0,1.0,0.0,0.01
16,0.533328741239172,47,0.03839727075874926,0.0,-0.03899342539622052,0.008993425396220521,0.0010065746037794792,2.0131492075589583,-0.002892330430845419,0.0006675525881426276,1.207889524535375,0.025,0.0,-0.03,0.0,1.0,0.0,0.01
16,0.533328741239172,48,0.037222212807526314,0.0,-0.03941379378900041,0.00941379378900041,0.0005862062109995899,1.1724124219991798,0.00454250547862423,0.0055930169662203,0.7034474531995079,0.025,0.0,-0.03,0.0,1.0,0.0,0.01
16,0.533328741239172,49,0.03604235423150597,0.0,-0.03982078658962356,0.009820786589623563,0.00017921341037643694,0.3584268207528739,-3.270343563607102e-05,0.004851932386998581,0.21505609245172433,0.025,0.0,-0.03,0.0,1.0,0.0,0.01
16,0.533328741239172,69,0.015412197593290464,0.0,-0.03928417492970174,0.009284174929701738,0.0007158250702982618,1.4316501405965236,-0.001952009322027779,0.0014939696264451056,0.8589900843579141,0.025,0.0,-0.03,0.0,1.0,0.0,0.01
16,0.533328741239172,70,0.014800612720234274,0.0,-0.03820512910106131,0.00820512910106131,0.0017948708989386896,3.5897417978773793,-0.002789660494112993,0.001767757523992138,2.1538450787264276,0.025,0.0,-0.03,0.0,1.0,0.0,0.01
16,0.533328741239172,71,0.014214525650084405,0.0,-0.03711198941741978,0.007111989417419778,0.002888010582580222,5.776021165160444,-0.0022260933911137626,0.0012683993488246338,3.465612699096266,0.025,0.0,-0.03,0.0,1.0,0.0,0.01
16,0.533328741239172,72,0.013655828519609796,0.0,-0.036004480456598646,0.006004480456598647,0.003995519543401353,7.991039086802706,-0.0029133728383770306,0.001419633654331533,4.794623452081623,0.025,0.0,-0.03,0.0,1.0,0.0,0.01
16,0.533328741239172,73,0.01312537673436405,0.0,-0.03488305235147105,0.0048830523514710525,0.005116947648528948,10.233895297057895,-0.002416949981012768,0.0009799302081680262,6.140337178234737,0.025,0.0,-0.03,0.0,1.0,0.0,0.01
16,0.533328741239172,74,0.012622926353408193,0.0,-0.033748666114538105,0.003748666114538106,0.006251333885461894,12.50266777092379,-0.0030415731842589424,0.0010640794615948542,7.5016006625542735,0.025,0.0,-0.03,0.0,1.0,0.0,0.01
16,0.533328741239172,75,0.012146863039769534,0.0,-0.03260287291652277,0.0026028729165227735,0.007397127083477227,14.794254166954454,-0.0026674758567972134,0.0007079349653999815,8.876552500172672,0.025,0.0,-0.03,0.0,1.0,0.0,0.01
16,0.533328741239172,76,0.011695422910568003,0.0,-0.03144710009117201,0.0014471000911720142,0.008552899908827986,17.10579981765597,-0.0029886637525733313,0.0006493082543902949,10.263479890593581,0.025,0.0,-0.03,0.0,1.0,0.0,0.01
16,0.533328741239172,77,0.011267408949635828,0.0,-0.030282403620873456,0.00028240362087345733,0.009717596379126543,19.435192758253084,-0.002957762804911771,0.00044471415875121185,11.66111565495185,0.025,0.0,-0.03,0.0,1.0,0.0,0.01
16,0.533328741239172,78,0.010861465903905625,0.0,-0.029109776871857476,0.0008902231281425234,0.009109776871857477,18.219553743714954,0.002975919462204569,0.0002634103116522616,10.931732246228972,0.025,0.0,-0.03,0.0,1.0,0.0,0.01
16,0.533328741239172,79,0.010476092869432905,0.0,-0.027930184908390308,0.002069815091609691,0.007930184908390309,15.860369816780619,0.0031614420774042644,0.00013883863602521176,9.51622189006837,0.025,0.0,-0.03,0.0,1.0,0.0,0.01
16,0.533328741239172,80,0.010079515436834448,0.0,-0.02674476084200982,0.00325523915799018,0.00674476084200982,13.48952168401964,0.003044710636466448,9.166220312381637e-05,8.093713010411784,0.025,0.0,-0.03,0.0,1.0,0.0,0.01
17,0.5666617875666202,32,0.036564622515545424,0.0,-0.020460226968292826,0.009539773031707173,0.0004602269682928272,0.9204539365856544,0.007463934483282121,0.0019296253073092734,0.5522723619513926,0.025,0.0,-0.03,0.0,1.0,0.0,0.01
17,0.5666617875666202,33,0.03675977565688748,0.0,-0.02169186243136343,0.008308137568636569,0.0016918624313634317,3.3837248627268632,-0.015600112731015336,0.00197953204595549,2.030234917636118,0.025,0.0,-0.03,0.0,1.0,0.0,0.01
17,0.5666617875666202,34,0.036941617983459914,0.0,-0.022925495211810018,0.007074504788189981,0.0029254952118100194,5.850990423620039,0.015242882394345934,0.002513284542088531,3.510594254172023,0.025,0.0,-0.03,0.0,1.0,0.0,0.01
17,0.5666617875666202,35,0.03711008844310606,0.0,-0.02416107631151715,0.00583892368848285,0.00416107631151715,8.3221526230343,-0.022767429375960734,0.00269493970874047,4.9932915738205805,0.025,0.0,-0.03,0.0,1.0,0.0,0.01
17,0.5666617875666202,36,0.03726493932941343,0.0,-0.025398415163402313,0.004601584836597686,0.005398415163402314,10.79683032680463,0.019299101018305623,0.002567635213368176,6.478098196082778,0.025,0.0,-0.03,0.0,1.0,0.0,0.01
17,0.5666617875666202,37,0.03740487725321353,0.0,-0.02663774930636999,0.0033622506936300083,0.006637749306369992,13.275498612739984,-0.023740580257405938,0.0022743271851641397,7.96529916764399,0.025,0.0,-0.03,0.0,1.0,0.0,0.01
17,0.5666617875666202,38,0.03752854782614715,0.0,-0.02787885644206568,0.0021211435579343192,0.007878856442065681,15.757712884131362,0.019792132549029562,0.002309398964352665,9.454627730478817,0.025,0.0,-0.03,0.0,1.0,0.0,0.01
17,0.5666617875666202,39,0.03763644668449914,0.0,-0.029121679433555096,0.0008783205664449033,0.009121679433555097,18.243358867110192,-0.024185583339614014,0.0019494080753023786,10.946015320266115,0.025,0.0,-0.03,0.0,1.0,0.0,0.01
17,0.5666617875666202,40,0.037730601332677985,0.0,-0.03036559321894262,0.00036559321894262184,0.009634406781057378,19.268813562114758,-0.02009622859050616,0.002221027951232167,11.561288137268855,0.025,0.0,-0.03,0.0,1.0,0.0,0.01
17,0.5666617875666202,41,0.037814792906702636,0.0,-0.03161038894319895,0.0016103889431989538,0.008389611056801046,16.779222113602092,0.024443253470331022,0.0016286534676832381,10.067533268161254,0.025,0.0,-0.03,0.0,1.0,0.0,0.01
17,0.5666617875666202,42,0.037894466765710455,0.0,-0.03285537841876546,0.0028553784187654585,0.007144621581234542,14.289243162469083,-0.018627349994424634,0.0021455242281874314,8.573545897481448,0.025,0.0,-0.03,0.0,1.0,0.0,0.01
17,0.5666617875666202,43,0.037974640417845165,0.0,-0.03410043685922376,0.0041004368592237606,0.00589956314077624,11.799126281552478,0.020586046627167284,0.0011165092793393586,7.079475768931487,0.025,0.0,-0.03,0.0,1.0,0.0,0.01
17,0.5666617875666202,44,0.038059157726609415,0.0,-0.03534509849379133,0.005345098493791334,0.0046549015062086665,9.309803012417333,-0.01326232511100593,0.0019862730678907115,5.5858818074503995,0.025,0.0,-0.03,0.0,1.0,0.0,0.01
17,0.5666617875666202,45,0.03815188470543772,0.0,-0.0365892100445058,0.0065892100445058,0.0034107899554942003,6.8215799109884,0.013961418321551145,0.0004584756344458575,4.09294794659304,0.025,0.0,-0.03,0.0,1.0,0.0,0.01
17,0.5666617875666202,46,0.03825664309748314,0.0,-0.037832256555071914,0.007832256555071915,0.0021677434449280854,4.3354868898561705,-0.005562826725531956,0.0014303879901930376,2.6012921339137023,0.025,0.0,-0.03,0.0,1.0,0.0,0.01
17,0.5666617875666202,47,0.038366070730757984,0.0,-0.03907390893260714,0.009073908932607143,0.0009260910673928573,1.8521821347857146,0.005610344905100417,0.0016755052267173904,1.1113092808714287,0.025,0.0,-0.03,0.0,1.0,0.0,0.01
17,0.5666617875666202,48,0.037188052591084805,0.0,-0.039486240780868744,0.009486240780868745,0.0005137592191312556,1.027518438262511,0.0008822174793038122,0.00122143369139311,0.6165110629575067,0.025,0.0,-0.03,0.0,1.0,0.0,0.01
17,0.5666617875666202,49,0.0360053341157028,0.0,-0.03988509085670949,0.009885090856709494,0.00011490914329050604,0.22981828658101208,0.0027103752440286234,0.0037592483026349954,0.13789097194860725,0.025,0.0,-0.03,0.0,1.0,0.0,0.01
17,0.5666617875666202,69,0.015358923567462813,0.0,-0.03921170994498519,0.009211709944985193,0.0007882900550148075,1.5765801100296148,-0.0021061697086986594,0.0015377636126944554,0.9459480660177688,0.025,0.0,-0.03,0.0,1.0,0.0,0.01
17,0.5666617875666202,70,0.014751841738998208,0.0,-0.03813005392635132,0.00813005392635132,0.00186994607364868,3.73989214729736,-0.0019387012778662768,0.0012836453579526993,2.243935288378416,0.025,0.0,-0.03,0.0,1.0,0.0,0.01
17,0.5666617875666202,71,0.014170413086811127,0.0,-0.037034348136988055,0.007034348136988056,0.0029656518630119446,5.931303726023889,-0.0022525613861537393,0.0012842768923505778,3.5587822356143333,0.025,0.0,-0.03,0.0,1.0,0.0,0.01
17,0.5666617875666202,72,0.013616521832703952,0.0,-0.035924378417687426,0.005924378417687427,0.004075621582312573,8.151243164625146,-0.0020424207219256396,0.00101642622847799,4.890745898775088,0.025,0.0,-0.03,0.0,1.0,0.0,0.01
17,0.5666617875666202,73,0.01309098460625094,0.0,-0.03480059964039973,0.004800599640399729,0.005199400359600271,10.398800719200542,-0.002415722629592748,0.0010298832699528694,6.239280431520325,0.025,0.0,-0.03,0.0,1.0,0.0,0.01
17,0.5666617875666202,74,0.012593523087909177,0.0,-0.03366400693083794,0.003664006930837939,0.006335993069162061,12.671986138324122,-0.002130401684780368,0.0007423698054798659,7.603191682994473,0.025,0.0,-0.03,0.0,1.0,0.0,0.01
17,0.5666617875666202,75,0.012122479184235103,0.0,-0.032516135125756976,0.002516135125756977,0.007483864874243023,14.967729748486047,-0.0025369145397745067,0.0007546424789093217,8.980637849091627,0.025,0.0,-0.03,0.0,1.0,0.0,0.01
17,0.5666617875666202,76,0.011676093649364842,0.0,-0.031358403286467045,0.0013584032864670456,0.008641596713532955,17.28319342706591,-0.002260139750344643,0.0004879209852735849,10.369916056239546,0.025,0.0,-0.03,0.0,1.0,0.0,0.01
17,0.5666617875666202,77,0.011253169431231117,0.0,-0.030191845896748205,0.00019184589674820646,0.009808154103251794,19.616308206503586,-0.0026162194367028665,0.0004647606655127634,11.76978492390215,0.025,0.0,-0.03,0.0,1.0,0.0,0.01
17,0.5666617875666202,78,0.010852347800674901,0.0,-0.029017460224525733,0.0009825397754742657,0.009017460224525735,18.03492044905147,0.002379815801195374,0.00022627941461256758,10.820952269430881,0.025,0.0,-0.03,0.0,1.0,0.0,0.01
17,0.5666617875666202,79,0.010472118372078114,0.0,-0.027836197880084793,0.0021638021199152056,0.007836197880084795,15.67239576016959,0.002687573562940799,0.0001760973572914719,9.403437456101754,0.025,0.0,-0.03,0.0,1.0,0.0,0.01
17,0.5666617875666202,80,0.010080805079344881,0.0,-0.0266490272634669,0.003350972736533099,0.006649027263466901,13.298054526933802,0.002485630378368309,4.8189394107241595e-05,7.978832716160281,0.025,0.0,-0.03,0.0,1.0,0.0,0.01
18,0.5999948338940685,32,0.0365619315914989,0.0,-0.020525561070800634,0.009474438929199365,0.0005255610708006352,1.0511221416012704,0.0022188939221984114,0.0014720837973507962,0.6306732849607622,0.025,0.0,-0.03,0.0,1.0,0.0,0.01
18,0.5999948338940685,33,0.036757996513224415,0.0,-0.021757172886520935,0.008242827113479064,0.001757172886520936,3.5143457730418723,-0.003317362889182562,0.0002441704818083747,2.1086074638251233,0.025,0.0,-0.03,0.0,1.0,0.0,0.01
18,0.5999948338940685,34,0.0369405773131537,0.0,-0.022990754839261218,0.007009245160738781,0.0029907548392612195,5.981509678522439,-0.0029908848708656705,0.00012471244971248431,3.588905807113463,0.025,0.0,-0.03,0.0,1.0,0.0,0.01
18,0.5999948338940685,35,0.037109536685926814,0.0,-0.024226334913647812,0.0057736650863521866,0.004226334913647814,8.452669827295628,0.0016804329097642404,0.000556104064966603,5.071601896377376,0.025,0.0,-0.03,0.0,1.0,0.0,0.01
18,0.5999948338940685,36,0.03726441952891633,0.0,-0.025463778946399954,0.0045362210536000445,0.005463778946399956,10.92755789279991,-0.004945683006641407,0.0003119094752967584,6.556534735679946,0.025,0.0,-0.03,0.0,1.0,0.0,0.01
18,0.5999948338940685,37,0.037403759380404196,0.0,-0.0267032076272663,0.003296792372733698,0.006703207627266302,13.406415254532604,0.0007932050790953689,0.00026872051132537404,8.043849152719561,0.025,0.0,-0.03,0.0,1.0,0.0,0.01
18,0.5999948338940685,38,0.037526255128598064,0.0,-0.027944569208089094,0.0020554307919109054,0.007944569208089095,15.88913841617819,-0.0040862356368978935,0.00014262103306936525,9.533483049706913,0.025,0.0,-0.03,0.0,1.0,0.0,0.01
18,0.5999948338940685,39,0.03763242288079351,0.0,-0.029187523731160563,0.0008124762688394363,0.009187523731160564,18.375047462321128,1.6336004947630763e-05,0.00026712447886188714,11.025028477392675,0.025,0.0,-0.03,0.0,1.0,0.0,0.01
18,0.5999948338940685,40,0.0377243839883864,0.0,-0.030431738023948027,0.00043173802394802854,0.009568261976051972,19.136523952103943,0.0034753641492382783,3.4920119783006435e-05,11.481914371262365,0.025,0.0,-0.03,0.0,1.0,0.0,0.01
18,0.5999948338940685,41,0.03780599142670163,0.0,-0.03167665955232185,0.001676659552321852,0.008323340447678148,16.646680895356297,0.00044718293122492173,0.0003851770163403432,9.988008537213778,0.025,0.0,-0.03,0.0,1.0,0.0,0.01
18,0.5999948338940685,42,0.03788282538227786,0.0,-0.032921947619933195,0.002921947619933196,0.007078052380066804,14.156104760133609,0.003627529968067889,0.00017276962461361812,8.493662856080165,0.025,0.0,-0.03,0.0,1.0,0.0,0.01
18,0.5999948338940685,43,0.0379599560034551,0.0,-0.03416715568264974,0.004167155682649741,0.005832844317350259,11.665688634700519,5.650471739121865e-05,0.0005546447974549021,6.999413180820311,0.025,0.0,-0.03,0.0,1.0,0.0,0.01
18,0.5999948338940685,44,0.03804132641770716,0.0,-0.03541213305372406,0.0054121330537240595,0.004587866946275941,9.175733892551882,0.0035805867093918137,0.0003390179975541499,5.505440335531129,0.025,0.0,-0.03,0.0,1.0,0.0,0.01
18,0.5999948338940685,45,0.03813085076565313,0.0,-0.0366564585170681,0.006656458517068101,0.0033435414829318996,6.687082965863799,0.0005429316452690622,0.0007049592552415508,4.012249779518279,0.025,0.0,-0.03,0.0,1.0,0.0,0.01
18,0.5999948338940685,46,0.038232444092020625,0.0,-0.03789984418691021,0.007899844186910213,0.0021001558130897876,4.200311626179575,0.002783085746116334,0.0005664883010951846,2.520186975707745,0.025,0.0,-0.03,0.0,1.0,0.0,0.01
18,0.5999948338940685,47,0.03833873786653704,0.0,-0.039141769493947064,0.009141769493947065,0.0008582305060529354,1.7164610121058708,0.001619848180084718,0.0008934914779061045,1.0298766072635224,0.025,0.0,-0.03,0.0,1.0,0.0,0.01
18,0.5999948338940685,48,0.03715826964232772,0.0,-0.039547322556183165,0.009547322556183166,0.00045267744381683427,0.9053548876336686,0.0016271584102324343,0.00044687525063951647,0.5432129325802011,0.025,0.0,-0.03,0.0,1.0,0.0,0.01
18,0.5999948338940685,49,0.03597319459311015,0.0,-0.039939308582269364,0.009939308582269366,6.0691417730634675e-05,0.12138283546126935,0.0017551987236914168,0.0015639816389287314,0.07282970127676161,0.025,0.0,-0.03,0.0,1.0,0.0,0.01
18,0.5999948338940685,69,0.015314150865255467,0.0,-0.0391510805958112,0.009151080595811198,0.0008489194041888023,1.6978388083776046,-0.0015719699002585262,0.0011747332999711483,1.0187032850265627,0.025,0.0,-0.03,0.0,1.0,0.0,0.01
18,0.5999948338940685,70,0.014710860091523227,0.0,-0.03806724286614395,0.00806724286614395,0.0019327571338560497,3.8655142677120993,-0.0018559074546840573,0.0011916734778974303,2.3193085606272597,0.025,0.0,-0.03,0.0,1.0,0.0,0.01
18,0.5999948338940685,71,0.014133342277678642,0.0,-0.0369694131239439,0.0069694131239439044,0.0030305868760560958,6.061173752112191,-0.0016631573446483177,0.0009527480265197337,3.6367042512673144,0.025,0.0,-0.03,0.0,1.0,0.0,0.01
18,0.5999948338940685,72,0.013583463250153055,0.0,-0.03585740664060533,0.005857406640605328,0.004142593359394672,8.285186718789344,-0.001971385407790673,0.0009652602524254855,4.971112031273607,0.025,0.0,-0.03,0.0,1.0,0.0,0.01
18,0.5999948338940685,73,0.013062017788447488,0.0,-0.03473169984495923,0.0047316998449592335,0.005268300155040767,10.536600310081534,-0.0017729942064349648,0.0007355068737695379,6.32196018604892,0.025,0.0,-0.03,0.0,1.0,0.0,0.01
18,0.5999948338940685,74,0.012568692010662541,0.0,-0.03359329612768915,0.0035932961276891537,0.0064067038723108465,12.813407744621694,-0.002072340919239035,0.0007310742484179807,7.688044646773016,0.025,0.0,-0.03,0.0,1.0,0.0,0.01
18,0.5999948338940685,75,0.012101815711672691,0.0,-0.03244372401052273,0.00244372401052273,0.00755627598947727,15.11255197895454,-0.0018574232883961166,0.0005067857582069791,9.067531187372724,0.025,0.0,-0.03,0.0,1.0,0.0,0.01
18,0.5999948338940685,76,0.011659633691834835,0.0,-0.03128437889135155,0.0012843788913515508,0.00871562110864845,17.431242217296898,-0.0021873276376207598,0.0005018776091122157,10.458745330378138,0.025,0.0,-0.03,0.0,1.0,0.0,0.01
18,0.5999948338940685,77,0.011240945003575167,0.0,-0.030116295095560217,0.00011629509556021836,0.009883704904439782,19.767409808879563,-0.0019271780857984962,0.0002734835749575566,11.860445885327737,0.025,0.0,-0.03,0.0,1.0,0.0,0.01
18,0.5999948338940685,78,0.010844384690490004,0.0,-0.028940462784150505,0.0010595372158494938,0.008940462784150506,17.880925568301013,0.002277871434403283,0.0002638587757190634,10.728555340980607,0.025,0.0,-0.03,0.0,1.0,0.0,0.01
18,0.5999948338940685,79,0.010468438026617663,0.0,-0.027757830498026492,0.0022421695019735066,0.007757830498026494,15.515660996052986,0.002004502214266746,4.1605878722188755e-05,9.30939659763179,0.025,0.0,-0.03,0.0,1.0,0.0,0.01
18,0.5999948338940685,80,0.01008149589641983,0.0,-0.026569227667792843,0.003430772332207156,0.006569227667792844,13.138455335585688,0.002350414942121318,2.098405286019167e-05,7.883073201351412,0.025,0.0,-0.03,0.0,1.0,0.0,0.01
19,0.6333278802215166,32,0.03655930800162201,0.0,-0.020583673299662243,0.009416326700337756,0.0005836732996622445,1.167346599324489,-0.0018338293210978464,6.619996224684635e-05,0.7004079595946934,0.025,0.0,-0.03,0.0,1.0,0.0,0.01
19,0.6333278802215166,33,0.03675620839263323,0.0,-0.021815206579678878,0.008184793420321121,0.0018152065796788793,3.6304131593577584,-0.0018048169414550542,4.1787542188737515e-05,2.178247895614655,0.025,0.0,-0.03,0.0,1.0,0.0,0.01
19,0.6333278802215166,34,0.03693949260224701,0.0,-0.023048744999872472,0.006951255000127526,0.003048744999872474,6.097489999744948,-0.0012328633040029745,8.827826279516119e-05,3.6584939998469683,0.025,0.0,-0.03,0.0,1.0,0.0,0.01
19,0.6333278802215166,35,0.037108941172991385,0.0,-0.024284348919124787,0.0057156510808752115,0.004284348919124789,8.568697838249577,-0.002133088091553378,3.520970192793589e-05,5.141218702949746,0.025,0.0,-0.03,0.0,1.0,0.0,0.01
19,0.6333278802215166,36,0.0372639002769768,0.0,-0.02552180786637897,0.00447819213362103,0.00552180786637897,11.04361573275794,-0.0011581522166484767,7.185595276428012e-05,6.626169439654764,0.025,0.0,-0.03,0.0,1.0,0.0,0.01
19,0.6333278802215166,37,0.03740278416071239,0.0,-0.02676140098874715,0.0032385990112528476,0.006761400988747153,13.522801977494305,-0.002126928440601664,2.70903581335384e-05,8.113681186496583,0.025,0.0,-0.03,0.0,1.0,0.0,0.01
19,0.6333278802215166,38,0.037524303564669424,0.0,-0.028002854531087817,0.001997145468912182,0.008002854531087818,16.005709062175637,-0.0011130753149401567,0.00011099616380486779,9.603425437305381,0.025,0.0,-0.03,0.0,1.0,0.0,0.01
19,0.6333278802215166,39,0.037629041055125725,0.0,-0.02924603866818605,0.0007539613318139488,0.009246038668186051,18.492077336372102,-0.002252484183854234,3.351077929997697e-05,11.09524640182326,0.025,0.0,-0.03,0.0,1.0,0.0,0.01
19,0.6333278802215166,40,0.037719152450201424,0.0,-0.03049035818898181,0.0004903581889818126,0.009509641811018188,19.019283622036376,0.0009401275945494968,0.0002111143359135674,11.411570173221826,0.025,0.0,-0.03,0.0,1.0,0.0,0.01
19,0.6333278802215166,41,0.03779860709864183,0.0,-0.031735515356966545,0.0017355153569665466,0.008264484643033454,16.528969286066907,0.0025074702582485826,0.00014537739607981023,9.917381571640144,0.025,0.0,-0.03,0.0,1.0,0.0,0.01
19,0.6333278802215166,42,0.03787304948867177,0.0,-0.03298090254337551,0.002980902543375512,0.007019097456624488,14.038194913248978,0.0010277060864093187,0.00031824886866839387,8.422916947949386,0.025,0.0,-0.03,0.0,1.0,0.0,0.01
19,0.6333278802215166,43,0.03794763891006021,0.0,-0.03422635507182966,0.004226355071829661,0.005773644928170339,11.547289856340678,0.002109098729320247,0.0003062670209209192,6.928373913804406,0.025,0.0,-0.03,0.0,1.0,0.0,0.01
19,0.6333278802215166,44,0.03802635799174677,0.0,-0.035471468171722115,0.005471468171722116,0.004528531828277884,9.05706365655577,0.0013836311688194365,0.0004369019155613993,5.434238193933461,0.025,0.0,-0.03,0.0,1.0,0.0,0.01
19,0.6333278802215166,45,0.038113202283129394,0.0,-0.03671605547865156,0.006716055478651561,0.003283944521348439,6.567889042696877,0.0018457947922531236,0.00047189410503295574,3.9407334256181263,0.025,0.0,-0.03,0.0,1.0,0.0,0.01
19,0.6333278802215166,46,0.0382121315850205,0.0,-0.037959643690886856,0.007959643690886857,0.002040356309113143,4.080712618226286,0.0016008200641415772,0.0005692635450354741,2.4484275709357717,0.025,0.0,-0.03,0.0,1.0,0.0,0.01
19,0.6333278802215166,47,0.038315793106461375,0.0,-0.03920182525869464,0.009201825258694639,0.0007981747413053613,1.5963494826107225,0.001708676315658197,0.0006168491574778178,0.9578096895664334,0.025,0.0,-0.03,0.0,1.0,0.0,0.01
19,0.6333278802215166,48,0.037133197052104334,0.0,-0.039601328676563345,0.009601328676563346,0.00039867132343665394,0.7973426468733079,0.0015338343277108589,0.0007339415529108065,0.4784055881239847,0.025,0.0,-0.03,0.0,1.0,0.0,0.01
19,0.6333278802215166,49,0.03594605089316526,0.0,-0.03998721648581818,0.009987216485818184,1.2783514181815767e-05,0.025567028363631533,0.0013238806600950014,0.0006817377545874573,0.01534021701817892,0.025,0.0,-0.03,0.0,1.0,0.0,0.01
19,0.6333278802215166,69,0.015276370002904788,0.0,-0.039099517340582444,0.009099517340582446,0.0009004826594175546,1.8009653188351091,-0.0015000095472767988,0.001081879543028815,1.0805791913010654,0.025,0.0,-0.03,0.0,1.0,0.0,0.01
19,0.6333278802215166,70,0.014676321861428527,0.0,-0.0380138346128856,0.0080138346128856,0.0019861653871143994,3.9723307742287988,-0.001410623924281725,0.0009156146054260868,2.383398464537279,0.025,0.0,-0.03,0.0,1.0,0.0,0.01
19,0.6333278802215166,71,0.014102146408387068,0.0,-0.036914207330278656,0.006914207330278657,0.003085792669721343,6.171585339442686,-0.0016031744599627452,0.0008969475825192103,3.702951203665611,0.025,0.0,-0.03,0.0,1.0,0.0,0.01
19,0.6333278802215166,72,0.013555696176370811,0.0,-0.035800479917653255,0.005800479917653256,0.004199520082346744,8.399040164693488,-0.0015123369619006266,0.0007340996838483211,5.0394240988160925,0.025,0.0,-0.03,0.0,1.0,0.0,0.01
19,0.6333278802215166,73,0.013037744766595645,0.0,-0.034673141395075734,0.004673141395075735,0.0053268586049242655,10.653717209848532,-0.0016910995394739151,0.0006990041942169278,6.392230325909119,0.025,0.0,-0.03,0.0,1.0,0.0,0.01
19,0.6333278802215166,74,0.012547950732356178,0.0,-0.03353320789133192,0.0035332078913319215,0.006466792108668079,12.933584217336158,-0.0016043729548516745,0.0005445265162934537,7.7601505304016944,0.025,0.0,-0.03,0.0,1.0,0.0,0.01
19,0.6333278802215166,75,0.012084631373696796,0.0,-0.032382196683419316,0.0023821966834193173,0.007617803316580683,15.235606633161366,-0.0017704136931117915,0.0004980618632672047,9.14136397989682,0.025,0.0,-0.03,0.0,1.0,0.0,0.01
19,0.6333278802215166,76,0.011646037863597775,0.0,-0.031221489866588906,0.0012214898665889075,0.008778510133411093,17.557020266822185,-0.001682958837907155,0.00035000710669608626,10.534212160093311,0.025,0.0,-0.03,0.0,1.0,0.0,0.01
19,0.6333278802215166,77,0.011230963613372141,0.0,-0.030052115604890624,5.211560489062558e-05,0.009947884395109375,19.89576879021875,-0.001841117154257447,0.0002945903128051318,11.93746127413125,0.025,0.0,-0.03,0.0,1.0,0.0,0.01
19,0.6333278802215166,78,0.01083804049648292,0.0,-0.02887506363278193,0.0011249363672180684,0.008875063632781932,17.750127265563865,0.0017557703328100797,0.00015260938729122275,10.65007635933832,0.025,0.0,-0.03,0.0,1.0,0.0,0.01
19,0.6333278802215166,79,0.010465748256017657,0.0,-0.027691274524873362,0.002308725475126637,0.007691274524873363,15.382549049746727,0.0019021199874480433,8.907665363815463e-05,9.229529429848036,0.025,0.0,-0.03,0.0,1.0,0.0,0.01
19,0.6333278802215166,80,0.010082535462623417,0.0,-0.02650146514769559,0.0034985348523044087,0.0065014651476955915,13.002930295391183,0.0018248971146051264,5.007947365587413e-05,7.801758177234709,0.025,0.0,-0.03,0.0,1.0,0.0,0.01
20,0.6666609265489649,32,0.03655676706373351,0.0,-0.020634886748290546,0.009365113251709453,0.000634886748290547,1.269773496581094,-0.00883307304122419,0.0018806406942932638,0.7618640979486564,0.025,0.0,-0.03,0.0,1.0,0.0,0.01
20,0.6666609265489649,33,0.036754427835539435,0.0,-0.021866373964279057,0.008133626035720942,0.0018663739642790587,3.7327479285581173,0.005520825564321737,0.0011941334800776103,2.23964875713487,0.025,0.0,-0.03,0.0,1.0,0.0,0.01
20,0.6666609265489649,34,0.03693835021077023,0.0,-0.02309986391076648,0.006900136089233518,0.0030998639107664826,6.199727821532965,-0.007729640541090123,0.0008662568914457332,3.7198366929197793,0.025,0.0,-0.03,0.0,1.0,0.0,0.01
20,0.6666609265489649,35,0.037108251580124665,0.0,-0.02433547017824591,0.00566452982175409,0.00433547017824591,8.67094035649182,0.004091287890944668,0.0007247475133382221,5.2025642138950925,0.025,0.0,-0.03,0.0,1.0,0.0,0.01
20,0.6666609265489649,36,0.03726331127101417,0.0,-0.02557296724169771,0.00442703275830229,0.00557296724169771,11.14593448339542,-0.0066525837183830485,0.0006213277404053516,6.687560690037252,0.025,0.0,-0.03,0.0,1.0,0.0,0.01
20,0.6666609265489649,37,0.03740182692408537,0.0,-0.026812664242045526,0.003187335757954473,0.006812664242045527,13.625328484091055,0.0034449552668869665,0.0005772061375610846,8.175197090454633,0.025,0.0,-0.03,0.0,1.0,0.0,0.01
20,0.6666609265489649,38,0.037522536216949086,0.0,-0.028054229683371887,0.001945770316628112,0.008054229683371888,16.108459366743777,-0.005973353860360177,0.00040375088285500896,9.665075620046265,0.025,0.0,-0.03,0.0,1.0,0.0,0.01
20,0.6666609265489649,39,0.03762606550597516,0.0,-0.02929756715286137,0.0007024328471386294,0.00929756715286137,18.59513430572274,0.0026943916959283423,0.00047459350419580315,11.157080583433645,0.025,0.0,-0.03,0.0,1.0,0.0,0.01
20,0.6666609265489649,40,0.0377146163391782,0.0,-0.030542009158736685,0.0005420091587366865,0.009457990841263314,18.915981682526628,0.005173495375879834,0.00020405648353409662,11.349589009515975,0.025,0.0,-0.03,0.0,1.0,0.0,0.01
20,0.6666609265489649,41,0.037792247242265285,0.0,-0.031787323201425244,0.001787323201425245,0.008212676798574755,16.42535359714951,-0.0018092840454666862,0.00043270001943178957,9.855212158289705,0.025,0.0,-0.03,0.0,1.0,0.0,0.01
20,0.6666609265489649,42,0.037864670634559575,0.0,-0.03303282439342286,0.00303282439342286,0.00696717560657714,13.93435121315428,0.004050296229163607,2.3827675512876248e-05,8.360610727892567,0.025,0.0,-0.03,0.0,1.0,0.0,0.01
20,0.6666609265489649,43,0.037937106564296746,0.0,-0.034278438781303676,0.004278438781303677,0.005721561218696323,11.443122437392647,-0.0005268445838354646,0.00045849590006440247,6.865873462435588,0.025,0.0,-0.03,0.0,1.0,0.0,0.01
20,0.6666609265489649,44,0.03801358446906276,0.0,-0.0355236946019719,0.0055236946019718985,0.004476305398028102,8.952610796056204,0.0029293868828395367,0.00022909930036949482,5.371566477633722,0.025,0.0,-0.03,0.0,1.0,0.0,0.01
20,0.6666609265489649,45,0.03809815680704257,0.0,-0.03676846596951587,0.006768465969515872,0.0032315340304841286,6.463068060968257,0.0004671366872859931,0.0005111125935883904,3.877840836580954,0.025,0.0,-0.03,0.0,1.0,0.0,0.01
20,0.6666609265489649,46,0.038194832610375144,0.0,-0.03801223984975613,0.008012239849756131,0.0019877601502438693,3.9755203004877386,0.0020827797321206908,0.0004319618805750559,2.385312180292643,0.025,0.0,-0.03,0.0,1.0,0.0,0.01
20,0.6666609265489649,47,0.03829626322250933,0.0,-0.039254619296795044,0.009254619296795046,0.0007453807032049547,1.4907614064099093,0.0012420481925235257,0.0005292347640567568,0.8944568438459456,0.025,0.0,-0.03,0.0,1.0,0.0,0.01
20,0.6666609265489649,48,0.0371118230124935,0.0,-0.03964878167830174,0.009648781678301743,0.00035121832169825694,0.7024366433965139,0.0013744096543687138,0.0006441071670815193,0.42146198603790835,0.025,0.0,-0.03,0.0,1.0,0.0,0.01
20,0.6666609265489649,69,0.01524406724017392,0.0,-0.039055000872557706,0.009055000872557707,0.000944999127442293,1.889998254884586,-0.0012102969274664247,0.0008794329568678518,1.1339989529307515,0.025,0.0,-0.03,0.0,1.0,0.0,0.01
20,0.6666609265489649,70,0.014646802181473281,0.0,-0.03796774897645497,0.00796774897645497,0.002032251023545031,4.064502047090062,-0.0013471608461163708,0.0008530638443004841,2.438701228254037,0.025,0.0,-0.03,0.0,1.0,0.0,0.01
20,0.6666609265489649,71,0.014075497113040293,0.0,-0.03686659421752191,0.006866594217521914,0.0031334057824780864,6.266811564956173,-0.001305439691528697,0.0007300736016209155,3.7600869389737035,0.025,0.0,-0.03,0.0,1.0,0.0,0.01
20,0.6666609265489649,72,0.013531990445193365,0.0,-0.035751403617016765,0.005751403617016766,0.004248596382983234,8.497192765966467,-0.0014194183356419122,0.000684205255762399,5.09831565957988,0.025,0.0,-0.03,0.0,1.0,0.0,0.01
20,0.6666609265489649,73,0.013017037750997112,0.0,-0.0346226779779229,0.004622677977922901,0.005377322022077099,10.754644044154198,-0.0013946221002650722,0.0005716560195232423,6.452786426492518,0.025,0.0,-0.03,0.0,1.0,0.0,0.01
20,0.6666609265489649,74,0.012530272859334442,0.0,-0.03348144298244726,0.0034814429824472637,0.0065185570175527365,13.037114035105473,-0.0014830771391984839,0.0005105820893629202,7.822268421063283,0.025,0.0,-0.03,0.0,1.0,0.0,0.01
20,0.6666609265489649,75,0.012070003710290683,0.0,-0.03232920859484898,0.002329208594848982,0.007670791405151018,15.341582810302036,-0.001474618255187289,0.00040849769401089835,9.204949686181221,0.025,0.0,-0.03,0.0,1.0,0.0,0.01
20,0.6666609265489649,76,0.011634486618308617,0.0,-0.031167343492591953,0.0011673434925919546,0.008832656507408046,17.665313014816093,-0.0015393280760046752,0.00033595604917290906,10.599187808889655,0.025,0.0,-0.03,0.0,1.0,0.0,0.01
20,0.6666609265489649,77,0.011222511488216461,0.0,-0.02999687398738401,3.1260126159872448e-06,0.009996873987384013,19.993747974768027,0.0015454961331118414,0.00024107802859425477,11.996248784860816,0.025,0.0,-0.03,0.0,1.0,0.0,0.01
20,0.6666609265489649,78,0.01083270594095073,0.0,-0.0288187851731803,0.0011812148268196994,0.0088187851731803,17.6375703463606,0.001591125117918155,0.00016052902142192515,10.58254220781636,0.025,0.0,-0.03,0.0,1.0,0.0,0.01
20,0.6666609265489649,79,0.010463546669224942,0.0,-0.02763401562273398,0.0023659843772660186,0.007634015622733982,15.268031245467963,0.0016063196243804607,6.971035287540916e-05,9.160818747280777,0.025,0.0,-0.03,0.0,1.0,0.0,0.01
20,0.6666609265489649,80,0.01008352927156896,0.0,-0.026443181245572062,0.0035568187544279366,0.006443181245572064,12.886362491144128,0.0016437398136921924,1.599662387256247e-05,7.731817494686476,0.025,0.0,-0.03,0.0,1.0,0.0,0.01
21,0.6999939728764132,32,0.036554386830826686,0.0,-0.02068000408186218,0.00931999591813782,0.0006800040818621799,1.3600081637243597,-0.0055531224110580745,0.0009604128040787181,0.8160048982346159,0.025,0.0,-0.03,0.0,1.0,0.0,0.01
21,0.6999939728764132,33,0.036752714250036636,0.0,-0.021911414373014002,0.008088585626985997,0.0019114143730140035,3.8228287460280073,0.0035390183883096268,0.0008174917942899116,2.2936972476168043,0.025,0.0,-0.03,0.0,1.0,0.0,0.01
21,0.6999939728764132,34,0.03693720923687433,0.0,-0.023144892056544082,0.006855107943455917,0.0031448920565440835,6.289784113088167,-0.006538860594307404,0.0007149201622626495,3.7738704678529,0.025,0.0,-0.03,0.0,1.0,0.0,0.01
21,0.6999939728764132,35,0.03710751425036373,0.0,-0.024380472765662107,0.005619527234337892,0.004380472765662108,8.760945531324216,0.004395045573316412,0.0007698157190812594,5.25656731879453,0.025,0.0,-0.03,0.0,1.0,0.0,0.01
21,0.6999939728764132,36,0.03726267730807386,0.0,-0.0256180283649067,0.004381971635093299,0.005618028364906701,11.236056729813402,-0.0068839373838304845,0.0006412911817044692,6.7416340378880415,0.025,0.0,-0.03,0.0,1.0,0.0,0.01
21,0.6999939728764132,37,0.03740088099279605,0.0,-0.026857781794688083,0.0031422182053119155,0.006857781794688085,13.715563589376169,0.004245035569621103,0.0006187108124396316,8.2293381536257,0.025,0.0,-0.03,0.0,1.0,0.0,0.01
21,0.6999939728764132,38,0.03752090260029981,0.0,-0.02809948204523005,0.001900517954769948,0.008099482045230052,16.198964090460105,-0.00666012036988571,0.0004821576485432781,9.719378454276063,0.025,0.0,-0.03,0.0,1.0,0.0,0.01
21,0.6999939728764132,39,0.0376233901679032,0.0,-0.029342906392314235,0.0006570936076857638,0.009342906392314236,18.685812784628475,0.003941299359809254,0.0005509003439088796,11.211487670777084,0.025,0.0,-0.03,0.0,1.0,0.0,0.01
21,0.6999939728764132,40,0.037710603222593723,0.0,-0.030587502597256552,0.0005875025972565534,0.009412497402743447,18.824994805486895,0.006306977765958257,0.0003179222798865584,11.294996883292137,0.025,0.0,-0.03,0.0,1.0,0.0,0.01
21,0.6999939728764132,41,0.037786661583775895,0.0,-0.03183289634028451,0.0018328963402845094,0.00816710365971549,16.33420731943098,-0.003513262589417533,0.0005446669697931194,9.800524391658588,0.025,0.0,-0.03,0.0,1.0,0.0,0.01
21,0.6999939728764132,42,0.037857353578229724,0.0,-0.033078545951626244,0.003078545951626245,0.006921454048373755,13.84290809674751,0.005673917673613443,0.0001413651795837442,8.305744858048506,0.025,0.0,-0.03,0.0,1.0,0.0,0.01
21,0.6999939728764132,43,0.03792793472588318,0.0,-0.034324252914347084,0.004324252914347085,0.005675747085652915,11.35149417130583,-0.0025517778502773623,0.0005671638168971367,6.810896502783498,0.025,0.0,-0.03,0.0,1.0,0.0,0.01
21,0.6999939728764132,44,0.03800248914492301,0.0,-0.03556966568531565,0.005569665685315653,0.004430334314684347,8.860668629368694,0.004478573404371203,4.2469856631248096e-05,5.316401177621216,0.025,0.0,-0.03,0.0,1.0,0.0,0.01
21,0.6999939728764132,45,0.03808510635517158,0.0,-0.03681456450823884,0.006814564508238842,0.003185435491761158,6.370870983522316,-0.001119839106217603,0.0005842858704900654,3.8225225901133895,0.025,0.0,-0.03,0.0,1.0,0.0,0.01
21,0.6999939728764132,46,0.038179847492246066,0.0,-0.038058515785756024,0.008058515785756025,0.0019414842142439753,3.8829684284879504,0.002882544234770061,0.0002997581885725387,2.32978105709277,0.025,0.0,-0.03,0.0,1.0,0.0,0.01
21,0.6999939728764132,47,0.03827936395262186,0.0,-0.03930105089402104,0.009301050894021043,0.0006989491059789573,1.3978982119579146,0.0006185171230883454,0.00032016886203052396,0.8387389271747487,0.025,0.0,-0.03,0.0,1.0,0.0,0.01
21,0.6999939728764132,48,0.037093304237455584,0.0,-0.039690486854137536,0.009690486854137537,0.0003095131458624636,0.6190262917249272,0.0013804450076103413,0.0009427934912934941,0.3714157750349563,0.025,0.0,-0.03,0.0,1.0,0.0,0.01
21,0.6999939728764132,69,0.015215583632759983,0.0,-0.039014961684706105,0.009014961684706106,0.000985038315293894,1.970076630587788,-0.0011534011905786079,0.0008102724074192873,1.1820459783526727,0.025,0.0,-0.03,0.0,1.0,0.0,0.01
21,0.6999939728764132,70,0.01462071410811939,0.0,-0.03792636696740525,0.00792636696740525,0.00207363303259475,4.1472660651895,-0.0011695343596906179,0.0007317286794188309,2.4883596391137,0.025,0.0,-0.03,0.0,1.0,0.0,0.01
21,0.6999939728764132,71,0.014051887159616142,0.0,-0.036823906960583665,0.006823906960583666,0.0031760930394163344,6.352186078832669,-0.0012247299442627257,0.0006717564462342716,3.8113116472996014,0.025,0.0,-0.03,0.0,1.0,0.0,0.01
21,0.6999939728764132,72,0.013510922372614677,0.0,-0.0357074641892743,0.0057074641892743,0.0042925358107257,8.5850716214514,-0.001244549905902121,0.0005934688625413769,5.151042972870839,0.025,0.0,-0.03,0.0,1.0,0.0,0.01
21,0.6999939728764132,73,0.012998558700192772,0.0,-0.03457755124938641,0.0045775512493864134,0.005422448750613587,10.844897501227173,-0.0012886987378154153,0.0005258776545888757,6.506938500736304,0.025,0.0,-0.03,0.0,1.0,0.0,0.01
21,0.6999939728764132,74,0.012514406295761957,0.0,-0.033435201987235943,0.0034352019872359446,0.006564798012764056,13.12959602552811,-0.001313285526475093,0.000449977421445544,7.877757615316866,0.025,0.0,-0.03,0.0,1.0,0.0,0.01
21,0.6999939728764132,75,0.012056765793140179,0.0,-0.03228192098789052,0.002281920987890519,0.007718079012109481,15.436158024218962,-0.0013503405770218463,0.00037963008719394856,9.261694814531376,0.025,0.0,-0.03,0.0,1.0,0.0,0.01
21,0.6999939728764132,76,0.011623899632865252,0.0,-0.031119065539378273,0.0011190655393782736,0.008880934460621727,17.761868921243455,-0.0013629985605571836,0.0002998155895322061,10.657121352746072,0.025,0.0,-0.03,0.0,1.0,0.0,0.01
21,0.6999939728764132,77,0.011214594350884299,0.0,-0.029947659327512064,5.234067248793481e-05,0.009947659327512065,19.89531865502413,0.001410246363973133,0.00023268346400026944,11.937191193014478,0.025,0.0,-0.03,0.0,1.0,0.0,0.01
21,0.6999939728764132,78,0.010827474602105746,0.0,-0.028768685344728692,0.0012313146552713067,0.008768685344728694,17.537370689457386,0.0014090309938579752,0.00014879842120512618,10.522422413674432,0.025,0.0,-0.03,0.0,1.0,0.0,0.01
21,0.6999939728764132,79,0.010461013588371286,0.0,-0.02758307781325895,0.002416922186741048,0.007583077813258952,15.166155626517904,0.0014610739606848036,8.264161223738798e-05,9.099693375910743,0.025,0.0,-0.03,0.0,1.0,0.0,0.01
21,0.6999939728764132,80,0.010083745689437774,0.0,-0.02639136993248986,0.003608630067510138,0.006391369932489862,12.782739864979725,0.0014556650316924944,3.6792543880120742e-06,7.669643918987834,0.025,0.0,-0.03,0.0,1.0,0.0,0.01
22,0.7333270192038615,32,0.03655216460671935,0.0,-0.020719954134924952,0.009280045865075047,0.0007199541349249532,1.4399082698499064,-0.000517639146244065,0.0001846594156555816,0.8639449619099439,0.025,0.0,-0.03,0.0,1.0,0.0,0.01
22,0.7333270192038615,33,0.036751092545738405,0.0,-0.02195133656189222,0.00804866343810778,0.00195133656189222,3.90267312378444,-0.0017947716945012275,5.0806780783470675e-05,2.341603874270664,0.025,0.0,-0.03,0.0,1.0,0.0,0.01
22,0.7333270192038615,34,0.03693609163098925,0.0,-0.023184766693709325,0.006815233306290674,0.0031847666937093264,6.369533387418653,-0.00041600380122936705,0.00013125343546461612,3.821720032451192,0.025,0.0,-0.03,0.0,1.0,0.0,0.01
22,0.7333270192038615,35,0.037106762320067786,0.0,-0.024420354467649518,0.005579645532350481,0.004420354467649519,8.84070893529904,-0.0018811646193100636,5.9417036443869566e-05,5.304425361179423,0.025,0.0,-0.03,0.0,1.0,0.0,0.01
22,0.7333270192038615,36,0.037262019756150074,0.0,-0.025657931657981827,0.004342068342018172,0.0056579316579818285,11.315863315963657,-5.2564348321788297e-05,0.00014484044824717918,6.7895179895781945,0.025,0.0,-0.03,0.0,1.0,0.0,0.01
22,0.7333270192038615,37,0.03739996052880957,0.0,-0.026897766930908864,0.003102233069091135,0.006897766930908865,13.79553386181773,-0.002523096902090831,0.0001267245651964648,8.277320317090638,0.025,0.0,-0.03,0.0,1.0,0.0,0.01
22,0.7333270192038615,38,0.037519382346127644,0.0,-0.028139548858665677,0.0018604511413343218,0.008139548858665678,16.279097717331357,0.0005654843722423527,0.00021370499338243105,9.767458630398814,0.025,0.0,-0.03,0.0,1.0,0.0,0.01
22,0.7333270192038615,39,0.03762096756749661,0.0,-0.02938308626648645,0.0006169137335135487,0.009383086266486452,18.766172532972902,-0.003127992208981603,0.00011587890663745552,11.259703519783741,0.025,0.0,-0.03,0.0,1.0,0.0,0.01
22,0.7333270192038615,40,0.03770701241062802,0.0,-0.03062777784637037,0.0006277778463703726,0.009372222153629628,18.744444307259254,-0.001131819677701129,0.00029384644485207993,11.246666584355552,0.025,0.0,-0.03,0.0,1.0,0.0,0.01
22,0.7333270192038615,41,0.03778170553475054,0.0,-0.03187327818647046,0.0018732781864704631,0.008126721813529537,16.253443627059074,0.0036729887736650806,5.293652145926709e-05,9.752066176235443,0.025,0.0,-0.03,0.0,1.0,0.0,0.01
22,0.7333270192038615,42,0.03785088878587726,0.0,-0.03311902126595661,0.0031190212659566105,0.00688097873404339,13.761957468086779,-0.0011475043119254294,0.00035526420832462984,8.257174480852067,0.025,0.0,-0.03,0.0,1.0,0.0,0.01
22,0.7333270192038615,43,0.03791985903606147,0.0,-0.03436483643944588,0.004364836439445879,0.005635163560554121,11.270327121108242,0.0031392623835339215,6.92284393571896e-05,6.762196272664945,0.025,0.0,-0.03,0.0,1.0,0.0,0.01
22,0.7333270192038615,44,0.03799273865539039,0.0,-0.035610360927996805,0.005610360927996806,0.004389639072003194,8.779278144006389,-0.0004885254863084612,0.00040662757342725783,5.267566886403833,0.025,0.0,-0.03,0.0,1.0,0.0,0.01
22,0.7333270192038615,45,0.03807365743061711,0.0,-0.036855386881757754,0.006855386881757755,0.003144613118242245,6.28922623648449,0.002393416089292894,0.0002079591219227729,3.7735357418906936,0.025,0.0,-0.03,0.0,1.0,0.0,0.01
22,0.7333270192038615,46,0.038166715846040214,0.0,-0.03809947834340693,0.008099478343406928,0.001900521656593072,3.801043313186144,0.0003505526122145533,0.00042413824475026,2.2806259879116864,0.025,0.0,-0.03,0.0,1.0,0.0,0.01
22,0.7333270192038615,47,0.03826456795755546,0.0,-0.03934215488278786,0.009342154882787862,0.0006578451172121382,1.3156902344242765,0.001517687127581347,0.0005075839799840978,0.7894141406545658,0.025,0.0,-0.03,0.0,1.0,0.0,0.01
22,0.7333270192038615,48,0.03707709468500754,0.0,-0.0397273931449403,0.009727393144940304,0.00027260685505969655,0.5452137101193931,0.000927711940186597,0.00018817151965157657,0.3271282260716359,0.025,0.0,-0.03,0.0,1.0,0.0,0.01
22,0.7333270192038615,69,0.015190392461109512,0.0,-0.038978885959294315,0.008978885959294317,0.0010211140407056837,2.042228081411367,-0.001016506604794025,0.0007041030612418995,1.2253368488468201,0.025,0.0,-0.03,0.0,1.0,0.0,0.01
22,0.7333270192038615,70,0.014597612588634925,0.0,-0.03788912111922483,0.00788912111922483,0.00211087888077517,4.221757761550339,-0.0010468001267024292,0.0006442765689161913,2.5330546569302035,0.025,0.0,-0.03,0.0,1.0,0.0,0.01
22,0.7333270192038615,71,0.014030949699746146,0.0,-0.03678552261758385,0.006785522617583854,0.003214477382416146,6.428954764832292,-0.0010812421940872747,0.0005852022345177912,3.857372858899375,0.025,0.0,-0.03,0.0,1.0,0.0,0.01
22,0.7333270192038615,72,0.013492206963196859,0.0,-0.035667988884060524,0.005667988884060525,0.004332011115939475,8.66402223187895,-0.0011089309978402524,0.0005213660093338879,5.19841333912737,0.025,0.0,-0.03,0.0,1.0,0.0,0.01
22,0.7333270192038615,73,0.012982107141026782,0.0,-0.03453704165103042,0.004537041651030423,0.005462958348969578,10.925916697939154,-0.0011414628985934002,0.0004597175867744741,6.555550018763492,0.025,0.0,-0.03,0.0,1.0,0.0,0.01
22,0.7333270192038615,74,0.012500238947299843,0.0,-0.03339372372052589,0.0033937237205258902,0.00660627627947411,13.21255255894822,-0.0011642775924600814,0.0003937616296187494,7.9275315353689315,0.025,0.0,-0.03,0.0,1.0,0.0,0.01
22,0.7333270192038615,75,0.01204489586888792,0.0,-0.03223953351649966,0.0022395335164996644,0.007760466483500336,15.520932967000672,-0.0011899773103331937,0.00032944868164815554,9.312559780200402,0.025,0.0,-0.03,0.0,1.0,0.0,0.01
22,0.7333270192038615,76,0.01161434641128643,0.0,-0.031075818130011763,0.0010758181300117645,0.008924181869988236,17.84836373997647,-0.0012222169848209235,0.00026745194619140435,10.709018243985883,0.025,0.0,-0.03,0.0,1.0,0.0,0.01
22,0.7333270192038615,77,0.011207374281542877,0.0,-0.029903599221142194,9.64007788578046e-05,0.009903599221142196,19.807198442284392,0.0012294274282781906,0.00019654436834807878,11.884319065370635,0.025,0.0,-0.03,0.0,1.0,0.0,0.01
22,0.7333270192038615,78,0.010822601229494591,0.0,-0.028723856938691828,0.0012761430613081708,0.00872385693869183,17.44771387738366,0.001272063190175818,0.00013778291362343169,10.468628326430196,0.025,0.0,-0.03,0.0,1.0,0.0,0.01
22,0.7333270192038615,79,0.010458497949340024,0.0,-0.027537523220149386,0.002462476779850613,0.007537523220149387,15.075046440298776,0.0012677359114049082,6.370901760095376e-05,9.045027864179264,0.025,0.0,-0.03,0.0,1.0,0.0,0.01
22,0.7333270192038615,80,0.010083629415457023,0.0,-0.026345058204073808,0.0036549417959261914,0.006345058204073809,12.690116408147619,0.0013149650952888501,4.5455659869326e-06,7.61406984488857,0.025,0.0,-0.03,0.0,1.0,0.0,0.01
23,0.7666600655313097,32,0.03655006587580771,0.0,-0.020755498780644904,0.009244501219355095,0.0007554987806449049,1.5109975612898099,0.0045160274493355225,0.00144683274862864,0.9065985367738859,0.025,0.0,-0.03,0.0,1.0,0.0,0.01
23,0.7666600655313097,33,0.03674952719050775,0.0,-0.021986790109744397,0.008013209890255602,0.001986790109744398,3.973580219488796,-0.006620184684512618,0.0008616544001951953,2.3841481316932778,0.025,0.0,-0.03,0.0,1.0,0.0,0.01
23,0.7666600655313097,34,0.03693499846730969,0.0,-0.023220227656190154,0.006779772343809845,0.003220227656190155,6.44045531238031,0.004608173337387462,0.0008313188571568511,3.8642731874281857,0.025,0.0,-0.03,0.0,1.0,0.0,0.01
23,0.7666600655313097,35,0.03710600776742444,0.0,-0.02445577854216468,0.00554422145783532,0.00445577854216468,8.91155708432936,-0.006520413955180182,0.0006820390181667214,5.346934250597616,0.025,0.0,-0.03,0.0,1.0,0.0,0.01
23,0.7666600655313097,36,0.03726137629308205,0.0,-0.02569340550232919,0.004306594497670808,0.0056934055023291925,11.386811004658385,0.004433125761575207,0.0006653397617563935,6.832086602795031,0.025,0.0,-0.03,0.0,1.0,0.0,0.01
23,0.7666600655313097,37,0.03739910779721058,0.0,-0.026933275701131885,0.003066724298868114,0.006933275701131886,13.866551402263772,-0.006346466332481111,0.0005561900026500933,8.319930841358262,0.025,0.0,-0.03,0.0,1.0,0.0,0.01
23,0.7666600655313097,38,0.03751803535895657,0.0,-0.02817515926357805,0.001824840736421949,0.008175159263578051,16.3503185271561,0.004253037352743778,0.0005541143067980787,9.81019111629366,0.025,0.0,-0.03,0.0,1.0,0.0,0.01
23,0.7666600655313097,39,0.037618857472922866,0.0,-0.02941875877968706,0.0005812412203129377,0.009418758779687062,18.837517559374124,-0.006178197992828611,0.00041284202029819256,11.302510535624474,0.025,0.0,-0.03,0.0,1.0,0.0,0.01
23,0.7666600655313097,40,0.03770391647935894,0.0,-0.030663562032178182,0.0006635620321781832,0.009336437967821817,18.672875935643635,-0.0040831979980723914,0.0005191955405148299,11.20372556138618,0.025,0.0,-0.03,0.0,1.0,0.0,0.01
23,0.7666600655313097,41,0.03777745118444715,0.0,-0.03190911979157426,0.0019091197915742583,0.008090880208425742,16.181760416851485,0.00602487779762012,0.0002640915210741571,9.70905625011089,0.025,0.0,-0.03,0.0,1.0,0.0,0.01
23,0.7666600655313097,42,0.037845358938491815,0.0,-0.03315496645966762,0.0031549664596676186,0.006845033540332382,13.690067080664763,-0.0033924057095746384,0.0004895778841259858,8.214040248398858,0.025,0.0,-0.03,0.0,1.0,0.0,0.01
23,0.7666600655313097,43,0.03791296267916981,0.0,-0.03440085067392744,0.0044008506739274394,0.005599149326072561,11.198298652145121,0.004748999186402319,9.98175035560306e-05,6.718979191287072,0.025,0.0,-0.03,0.0,1.0,0.0,0.01
23,0.7666600655313097,44,0.03798442390262781,0.0,-0.035646481851028616,0.0056464818510286174,0.004353518148971383,8.707036297942766,-0.0019875391100556772,0.00047614313573523474,5.224221778765659,0.025,0.0,-0.03,0.0,1.0,0.0,0.01
23,0.7666600655313097,45,0.03806390214246956,0.0,-0.03689160284140216,0.00689160284140216,0.0031083971585978403,6.2167943171956805,0.003249440440503547,7.31085287621564e-05,3.7300765903174082,0.025,0.0,-0.03,0.0,1.0,0.0,0.01
23,0.7666600655313097,46,0.03815553505751798,0.0,-0.038135816818943444,0.008135816818943445,0.0018641831810565553,3.7283663621131105,-0.0003936709506498045,0.00042101736071222353,2.2370198172678664,0.025,0.0,-0.03,0.0,1.0,0.0,0.01
23,0.7666600655313097,47,0.03825197722449236,0.0,-0.03937860736101411,0.009378607361014112,0.0006213926389858886,1.2427852779717772,0.0016077738538285956,0.0004071168021209312,0.7456711667830663,0.025,0.0,-0.03,0.0,1.0,0.0,0.01
23,0.7666600655313097,48,0.037063275811031,0.0,-0.03976015738975167,0.009760157389751674,0.00023984261024832636,0.47968522049665274,0.0008115211546653327,0.00020816920385722197,0.28781113229799166,0.025,0.0,-0.03,0.0,1.0,0.0,0.01
23,0.7666600655313097,69,0.015168663219493086,0.0,-0.03894740128974639,0.008947401289746394,0.001052598710253606,2.105197420507212,-0.0008690840708827493,0.0005986388905266912,1.2631184523043273,0.025,0.0,-0.03,0.0,1.0,0.0,0.01
23,0.7666600655313097,70,0.014577689642131759,0.0,-0.03785662289685055,0.007856622896850553,0.0021433771031494474,4.286754206298895,-0.0009142061024013888,0.0005575795356039556,2.5720525237793366,0.025,0.0,-0.03,0.0,1.0,0.0,0.01
23,0.7666600655313097,71,0.014012899282843149,0.0,-0.03675203949308238,0.006752039493082382,0.0032479605069176184,6.495921013835237,-0.0009273321718690865,0.0004982811422004691,3.897552608301142,0.025,0.0,-0.03,0.0,1.0,0.0,0.01
23,0.7666600655313097,72,0.013476080447430887,0.0,-0.03563356213795957,0.005633562137959569,0.004366437862040431,8.732875724080863,-0.0009647621705791379,0.00045028678729110345,5.239725434448517,0.025,0.0,-0.03,0.0,1.0,0.0,0.01
23,0.7666600655313097,73,0.012967942177652288,0.0,-0.03450172147113288,0.004501721471132883,0.005498278528867117,10.996557057734234,-0.0009812268280147269,0.00039191181087563833,6.59793423464054,0.025,0.0,-0.03,0.0,1.0,0.0,0.01
23,0.7666600655313097,74,0.0124880538317658,0.0,-0.03335756754488248,0.003357567544882478,0.006642432455117522,13.284864910235044,-0.0010097071666595285,0.0003392483701474334,7.970918946141026,0.025,0.0,-0.03,0.0,1.0,0.0,0.01
23,0.7666600655313097,75,0.012034702446859025,0.0,-0.032202593454826116,0.002202593454826117,0.007797406545173883,15.594813090347767,-0.0010296759994096749,0.0002831474277813787,9.35688785420866,0.025,0.0,-0.03,0.0,1.0,0.0,0.01
23,0.7666600655313097,76,0.011606161443227821,0.0,-0.0310381368060726,0.0010381368060725996,0.0089618631939274,17.923726387854803,-0.001048037851648357,0.00022660518674878655,10.754235832712881,0.025,0.0,-0.03,0.0,1.0,0.0,0.01
23,0.7666600655313097,77,0.011201212011168473,0.0,-0.029865217468207677,0.00013478253179232194,0.009865217468207678,19.730434936415357,0.0010730250199562968,0.00017233369377643264,11.838260961849214,0.025,0.0,-0.03,0.0,1.0,0.0,0.01
23,0.7666600655313097,78,0.010818473418538015,0.0,-0.028684813403951487,0.001315186596048512,0.008684813403951488,17.369626807902975,0.0010831502466747181,0.00011309733090748944,10.421776084741785,0.025,0.0,-0.03,0.0,1.0,0.0,0.01
23,0.7666600655313097,79,0.010456413994641577,0.0,-0.02749785416988204,0.0025021458301179578,0.0074978541698820424,14.995708339764084,0.0011103216518165702,5.946364913641387e-05,8.99742500385845,0.025,0.0,-0.03,0.0,1.0,0.0,0.01
23,0.7666600655313097,80,0.010083629825933084,0.0,-0.026304735882032658,0.003695264117967341,0.006304735882032659,12.609471764065319,0.0011178757294925542,1.7395128972737267e-06,7.565683058439191,0.025,0.0,-0.03,0.0,1.0,0.0,0.01
24,0.799993111858758,32,0.03654814160911303,0.0,-0.020786714665902113,0.009213285334097886,0.0007867146659021138,1.5734293318042276,-0.00020378184102077754,0.0002458264491610049,0.9440575990825365,0.025,0.0,-0.03,0.0,1.0,0.0,0.01
24,0.799993111858758,33,0.036748073744291995,0.0,-0.022017901248076746,0.007982098751923253,0.0020179012480767474,4.035802496153495,-0.001528954604302263,7.156014485770779e-05,2.421481497692097,0.025,0.0,-0.03,0.0,1.0,0.0,0.01
24,0.799993111858758,34,0.03693397197173196,0.0,-0.02325137287234322,0.006748627127656778,0.0032513728723432226,6.502745744686445,-0.00024411140044664837,0.00012078150352582343,3.9016474468118667,0.025,0.0,-0.03,0.0,1.0,0.0,0.01
24,0.799993111858758,35,0.03710528337178975,0.0,-0.02448685539360719,0.005513144606392809,0.004486855393607192,8.973710787214383,-0.0014522551678090923,6.529266490695402e-05,5.3842264723286295,0.025,0.0,-0.03,0.0,1.0,0.0,0.01
24,0.799993111858758,36,0.03726076579921541,0.0,-0.025724560904731412,0.004275439095268587,0.005724560904731413,11.449121809462826,-0.000492296132171107,6.501608981469567e-05,6.869473085677695,0.025,0.0,-0.03,0.0,1.0,0.0,0.01
24,0.799993111858758,37,0.037398324090263696,0.0,-0.026964422594333147,0.003035577405666852,0.006964422594333148,13.928845188666296,-0.001036201870543148,6.1682937400714816e-06,8.357307113199777,0.025,0.0,-0.03,0.0,1.0,0.0,0.01
24,0.799993111858758,38,0.037516839219604636,0.0,-0.02820642766873225,0.0017935723312677496,0.00820642766873225,16.412855337464503,-0.0009287886427656201,2.6953668779618295e-05,9.847713202478701,0.025,0.0,-0.03,0.0,1.0,0.0,0.01
24,0.799993111858758,39,0.037617010040559166,0.0,-0.02945004685060066,0.000549953149399339,0.009450046850600661,18.90009370120132,-0.0005942026218340875,7.965976475183355e-05,11.340056220720792,0.025,0.0,-0.03,0.0,1.0,0.0,0.01
24,0.799993111858758,40,0.037701231655053694,0.0,-0.030694975627697848,0.000694975627697849,0.009305024372302151,18.610048744604303,0.0013900931655071367,3.398378496902108e-05,11.166029246762582,0.025,0.0,-0.03,0.0,1.0,0.0,0.01
24,0.799993111858758,41,0.0377737770409409,0.0,-0.0319405527238056,0.001940552723805604,0.008059447276194396,16.11889455238879,0.00013167750801456327,0.00015661031250151694,9.671336731433275,0.025,0.0,-0.03,0.0,1.0,0.0,0.01
24,0.799993111858758,42,0.037840600140126135,0.0,-0.03318651109572051,0.003186511095720511,0.006813488904279489,13.626977808558978,0.001580594900329262,8.437012747132731e-05,8.176186685135386,0.025,0.0,-0.03,0.0,1.0,0.0,0.01
24,0.799993111858758,43,0.03790703727062676,0.0,-0.03443242817227855,0.004432428172278548,0.0055675718277214525,11.135143655442905,0.00025948676496141796,0.00021376900084226549,6.681086193265743,0.025,0.0,-0.03,0.0,1.0,0.0,0.01
24,0.799993111858758,44,0.03797729078164679,0.0,-0.035678168640139576,0.0056781686401395776,0.004321831359860423,8.643662719720846,0.0014097256784393036,0.00015989913569038611,5.186197631832507,0.025,0.0,-0.03,0.0,1.0,0.0,0.01
24,0.799993111858758,45,0.03805553918709753,0.0,-0.03692335137468405,0.006923351374684049,0.0030766486253159513,6.153297250631903,0.0004851825491827155,0.0002710025861791281,3.6919783503791415,0.025,0.0,-0.03,0.0,1.0,0.0,0.01
24,0.799993111858758,46,0.03814595744766419,0.0,-0.038167679632313475,0.008167679632313476,0.0018323203676865237,3.6646407353730472,0.0011559556755270694,0.0002520409226103003,2.1987844412238284,0.025,0.0,-0.03,0.0,1.0,0.0,0.01
24,0.799993111858758,47,0.038241197539069204,0.0,-0.03941055797722356,0.009410557977223559,0.0005894420227764412,1.1788840455528824,0.0007743704769782739,0.00026411276680520743,0.7073304273317295,0.025,0.0,-0.03,0.0,1.0,0.0,0.01
24,0.799993111858758,48,0.037051425428068885,0.0,-0.039788867859142034,0.009788867859142035,0.0002111321408579652,0.42226428171593045,0.0008456317686709537,0.00044038713954063267,0.2533585690295583,0.025,0.0,-0.03,0.0,1.0,0.0,0.01
24,0.799993111858758,68,0.015763530359815064,0.0,-0.039998387985231726,0.009998387985231727,1.6120147682732039e-06,0.0032240295365464078,-0.0007371533315286049,0.0005645658678386212,0.0019344177219278447,0.025,0.0,-0.03,0.0,1.0,0.0,0.01
24,0.799993111858758,69,0.015149965815738083,0.0,-0.03892010772337441,0.008920107723374412,0.0010798922766255877,2.1597845532511752,-0.0007645519406242993,0.0005234522367665522,1.295870731950705,0.025,0.0,-0.03,0.0,1.0,0.0,0.01
24,0.799993111858758,70,0.014560548422142258,0.0,-0.037828459948718814,0.007828459948718815,0.0021715400512811855,4.343080102562371,-0.000783688453891455,0.0004769755304670791,2.605848061537422,0.025,0.0,-0.03,0.0,1.0,0.0,0.01
24,0.799993111858758,71,0.013997371250696618,0.0,-0.036723031717641186,0.006723031717641187,0.0032769682823588133,6.553936564717627,-0.0008119505441468176,0.00043392027287775714,3.9323619388305757,0.025,0.0,-0.03,0.0,1.0,0.0,0.01
24,0.799993111858758,72,0.01346220984529048,0.0,-0.03560374512119574,0.005603745121195741,0.004396254878804259,8.792509757608517,-0.0008308558935828083,0.0003858001874179644,5.27550585456511,0.025,0.0,-0.03,0.0,1.0,0.0,0.01
24,0.799993111858758,73,0.012955761238451484,0.0,-0.03447113832226219,0.004471138322262189,0.0055288616777378116,11.057723355475623,-0.0008548900573459214,0.00033955215485232396,6.634634013285374,0.025,0.0,-0.03,0.0,1.0,0.0,0.01
24,0.799993111858758,74,0.012477577914318232,0.0,-0.03332626777268587,0.0033262677726858744,0.006673732227314126,13.347464454628252,-0.0008734503571167597,0.00029121258898685555,8.00847867277695,0.025,0.0,-0.03,0.0,1.0,0.0,0.01
24,0.799993111858758,75,0.012025941402948437,0.0,-0.03217062188294529,0.002170621882945291,0.00782937811705471,15.658756234109418,-0.0008955955336698672,0.00024458498348931614,9.39525374046565,0.025,0.0,-0.03,0.0,1.0,0.0,0.01
24,0.799993111858758,76,0.011599129623952613,0.0,-0.031005530275542228,0.001005530275542229,0.008994469724457771,17.98893944891554,-0.0009050655667440496,0.00019316399963052605,10.793363669349324,0.025,0.0,-0.03,0.0,1.0,0.0,0.01
24,0.799993111858758,77,0.011195921506612454,0.0,-0.029832010937749058,0.00016798906225094085,0.00983201093774906,19.66402187549812,0.0009342897710338737,0.00014881944118056714,11.79841312529887,0.025,0.0,-0.03,0.0,1.0,0.0,0.01
24,0.799993111858758,78,0.010814934377916832,0.0,-0.028651040425964225,0.001348959574035774,0.008651040425964226,17.30208085192845,0.0009343701261725875,9.46137263120591e-05,10.38124851115707,0.025,0.0,-0.03,0.0,1.0,0.0,0.01
24,0.799993111858758,79,0.010454634355225284,0.0,-0.027463545624983807,0.002536454375016192,0.007463545624983808,14.927091249967615,0.0009669866710658188,5.1024402291216755e-05,8.95625474998057,0.025,0.0,-0.03,0.0,1.0,0.0,0.01
24,0.799993111858758,80,0.010083643641481333,0.0,-0.026269868640301824,0.003730131359698175,0.006269868640301825,12.53973728060365,0.0009641083440089467,4.740344465161688e-06,7.523842368362189,0.025,0.0,-0.03,0.0,1.0,0.0,0.01
25,0.8333261581862061,32,0.03654649468374139,0.0,-0.020813810858899374,0.009186189141100625,0.0008138108588993751,1.6276217177987502,-0.005310080192958766,0.0011079559600962136,0.97657303067925,0.025,0.0,-0.03,0.0,1.0,0.0,0.01
25,0.8333261581862061,33,0.03674684102104508,0.0,-0.02204503024550653,0.00795496975449347,0.00204503024550653,4.09006049101306,0.003873543595727567,0.0007849194607744816,2.454036294607836,0.025,0.0,-0.03,0.0,1.0,0.0,0.01
25,0.8333261581862061,34,0.03693307053290003,0.0,-0.02327841979191226,0.006721580208087739,0.003278419791912261,6.556839583824522,-0.0053744885315034395,0.0006342663396758905,3.934103750294713,0.025,0.0,-0.03,0.0,1.0,0.0,0.01
25,0.8333261581862061,35,0.03710463451501452,0.0,-0.024513955544886227,0.005486044455113772,0.004513955544886228,9.027911089772456,0.0037854284917229098,0.00060426900017964,5.416746653863473,0.025,0.0,-0.03,0.0,1.0,0.0,0.01
25,0.8333261581862061,36,0.037260174932762416,0.0,-0.02575162857046881,0.004248371429531189,0.005751628570468811,11.503257140937622,-0.005198724320767081,0.0005105393088883109,6.901954284562573,0.025,0.0,-0.03,0.0,1.0,0.0,0.01
25,0.8333261581862061,37,0.03739756197491727,0.0,-0.026991590479285284,0.0030084095207147145,0.006991590479285286,13.983180958570571,0.003560044758489199,0.000489265316035564,8.389908575142343,0.025,0.0,-0.03,0.0,1.0,0.0,0.01
25,0.8333261581862061,38,0.037515669548597294,0.0,-0.02823360255139731,0.0017663974486026891,0.008233602551397311,16.467205102794622,-0.004945849653296321,0.000371806087232385,9.880323061676773,0.025,0.0,-0.03,0.0,1.0,0.0,0.01
25,0.8333261581862061,39,0.037615238574562664,0.0,-0.029477343521268184,0.0005226564787318144,0.009477343521268186,18.95468704253637,0.0032696698390733926,0.0004162372743505232,11.372812225521821,0.025,0.0,-0.03,0.0,1.0,0.0,0.01
25,0.8333261581862061,40,0.03769867141611411,0.0,-0.030722285767559622,0.0007222857675596231,0.009277714232440377,18.555428464880755,0.004634548237153659,0.0002484696129071162,11.133257078928454,0.025,0.0,-0.03,0.0,1.0,0.0,0.01
25,0.8333261581862061,41,0.037770305483918756,0.0,-0.03196797990426853,0.0019679799042685298,0.00803202009573147,16.06404019146294,-0.00292067454445882,0.0003822069138111118,9.638424114877763,0.025,0.0,-0.03,0.0,1.0,0.0,0.01
25,0.8333261581862061,42,0.03783611463974147,0.0,-0.03321394940036453,0.003213949400364534,0.006786050599635466,13.572101199270932,0.004007106608637719,0.00011156003782392274,8.143260719562559,0.025,0.0,-0.03,0.0,1.0,0.0,0.01
25,0.8333261581862061,43,0.03790147608505052,0.0,-0.034459974231015524,0.004459974231015525,0.0055400257689844756,11.08005153796895,-0.001970756481499093,0.00037525891471611747,6.64803092278137,0.025,0.0,-0.03,0.0,1.0,0.0,0.01
25,0.8333261581862061,44,0.037970605501941465,0.0,-0.03570575119117292,0.00570575119117292,0.0042942488088270805,8.588497617654161,0.002979778056868742,1.9541744102223693e-05,5.153098570592497,0.025,0.0,-0.03,0.0,1.0,0.0,0.01
25,0.8333261581862061,45,0.03804771857979308,0.0,-0.03695103929430301,0.006951039294303012,0.0030489607056969886,6.097921411393977,-0.0008613384798109652,0.000372838725591682,3.658752846836386,0.025,0.0,-0.03,0.0,1.0,0.0,0.01
25,0.8333261581862061,46,0.038137008126378595,0.0,-0.03819543852039363,0.00819543852039363,0.00180456147960637,3.6091229592127396,0.0018219995194307054,0.00018440203113745225,2.165473775527644,0.025,0.0,-0.03,0.0,1.0,0.0,0.01
25,0.8333261581862061,47,0.03823113352733137,0.0,-0.03943841597194064,0.009438415971940638,0.0005615840280593625,1.123168056118725,0.00034803060680173623,0.00024118825092084992,0.673900833671235,0.025,0.0,-0.03,0.0,1.0,0.0,0.01
25,0.8333261581862061,48,0.03704044065739819,0.0,-0.03981390433717941,0.009813904337179408,0.00018609566282059252,0.37219132564118507,0.0007949966468255433,0.0004820947462467277,0.22331479538471102,0.025,0.0,-0.03,0.0,1.0,0.0,0.01
25,0.8333261581862061,68,0.01574572317982068,0.0,-0.03997547982986389,0.009975479829863888,2.4520170136111893e-05,0.04904034027222379,-0.0006401658253800239,0.0005041024036925424,0.029424204163334272,0.025,0.0,-0.03,0.0,1.0,0.0,0.01
25,0.8333261581862061,69,0.015133533147571196,0.0,-0.038896393977372525,0.008896393977372526,0.0011036060226274746,2.2072120452549493,-0.0006667793968583358,0.00046610629816455705,1.3243272271529696,0.025,0.0,-0.03,0.0,1.0,0.0,0.01
25,0.8333261581862061,70,0.014545528645456636,0.0,-0.037803962531804035,0.007803962531804036,0.0021960374681959643,4.3920749363919285,-0.0006852852835960444,0.0004229918311594814,2.635244961835157,0.025,0.0,-0.03,0.0,1.0,0.0,0.01
25,0.8333261581862061,71,0.013983811893358488,0.0,-0.036697774328680745,0.006697774328680746,0.0033022256713192543,6.604451342638509,-0.0007110417229334922,0.00038263802865720506,3.9626708055831052,0.025,0.0,-0.03,0.0,1.0,0.0,0.01
25,0.8333261581862061,72,0.013450148070986268,0.0,-0.0355777607984094,0.005577760798409402,0.004422239201590598,8.844478403181196,-0.0007285943220032284,0.00033774541283773955,5.3066870419087175,0.025,0.0,-0.03,0.0,1.0,0.0,0.01
25,0.8333261581862061,73,0.012945224256948915,0.0,-0.034444466199694816,0.004444466199694817,0.005555533800305183,11.111067600610365,-0.0007513138883247238,0.00029495418960801386,6.666640560366219,0.025,0.0,-0.03,0.0,1.0,0.0,0.01
25,0.8333261581862061,74,0.012468578929762393,0.0,-0.033298952105712654,0.0032989521057126547,0.0067010478942873455,13.402095788574691,-0.0007675789312964923,0.0002495121041462326,8.041257473144814,0.025,0.0,-0.03,0.0,1.0,0.0,0.01
25,0.8333261581862061,75,0.012018489190109873,0.0,-0.03214270287483051,0.00214270287483051,0.00785729712516949,15.71459425033898,-0.0007874142315393726,0.0002057536018621745,9.428756550203387,0.025,0.0,-0.03,0.0,1.0,0.0,0.01
25,0.8333261581862061,76,0.011593236707275077,0.0,-0.030977041117194497,0.0009770411171944986,0.009022958882805502,18.045917765611005,-0.0008006310732246737,0.00015945246730946226,10.827550659366603,0.025,0.0,-0.03,0.0,1.0,0.0,0.01
25,0.8333261581862061,77,0.011191598710264653,0.0,-0.029802983439614218,0.0001970165603857807,0.00980298343961422,19.60596687922844,0.000820094309193063,0.0001154226342562268,11.763580127537063,0.025,0.0,-0.03,0.0,1.0,0.0,0.01
25,0.8333261581862061,78,0.010812190777608225,0.0,-0.028621504495390318,0.0013784955046096808,0.00862150449539032,17.243008990780638,0.0008303287429144038,6.827950040084283e-05,10.345805394468382,0.025,0.0,-0.03,0.0,1.0,0.0,0.01
25,0.8333261581862061,79,0.010453477461622875,0.0,-0.027433529386973327,0.0025664706130266723,0.007433529386973328,14.867058773946656,0.0008488949268845577,2.3884498948528093e-05,8.920235264367994,0.025,0.0,-0.03,0.0,1.0,0.0,0.01
25,0.8333261581862061,80,0.010084092492501704,0.0,-0.026239354470654022,0.0037606455293459767,0.0062393544706540235,12.478708941308048,0.0008584878628200308,2.4065933201557297e-05,7.487225364784829,0.025,0.0,-0.03,0.0,1.0,0.0,0.01
26,0.8666592045136544,32,0.03654513809817422,0.0,-0.020837499089697245,0.009162500910302754,0.0008374990896972464,1.6749981793944928,0.003837066888535273,0.0011920735813470277,1.0049989076366956,0.025,0.0,-0.03,0.0,1.0,0.0,0.01
26,0.8666592045136544,33,0.036745805957168164,0.0,-0.022068690591967807,0.007931309408032192,0.002068690591967808,4.137381183935616,-0.005047241082088874,0.0006845430813698824,2.4824287103613694,0.025,0.0,-0.03,0.0,1.0,0.0,0.01
26,0.8666592045136544,34,0.036932304068943475,0.0,-0.023302070300744635,0.006697929699255364,0.0033020703007446365,6.604140601489273,0.003500040770897975,0.0006158521522209454,3.9624843608935634,0.025,0.0,-0.03,0.0,1.0,0.0,0.01
26,0.8666592045136544,35,0.03710404942630305,0.0,-0.024537606279510113,0.005462393720489886,0.004537606279510114,9.075212559020228,-0.004562588432727891,0.00047387900991204056,5.445127535412136,0.025,0.0,-0.03,0.0,1.0,0.0,0.01
26,0.8666592045136544,36,0.037259609873327285,0.0,-0.025775305067464463,0.004224694932535536,0.005775305067464464,11.55061013492893,0.00322078333143664,0.0004811972659379598,6.9303660809573575,0.025,0.0,-0.03,0.0,1.0,0.0,0.01
26,0.8666592045136544,37,0.0373967996994738,0.0,-0.027015309120274146,0.002984690879725853,0.007015309120274147,14.030618240548295,-0.004537219254309404,0.0003993957899048649,8.418370944328977,0.025,0.0,-0.03,0.0,1.0,0.0,0.01
26,0.8666592045136544,38,0.03751450829000854,0.0,-0.028257385110618483,0.0017426148893815163,0.008257385110618484,16.51477022123697,0.003183953937402751,0.00040998598443974915,9.90886213274218,0.025,0.0,-0.03,0.0,1.0,0.0,0.01
26,0.8666592045136544,39,0.037613490189559694,0.0,-0.029501182590344847,0.0004988174096551522,0.009501182590344848,19.002365180689697,-0.0044944377347837,0.00029466218139723524,11.401419108413817,0.025,0.0,-0.03,0.0,1.0,0.0,0.01
26,0.8666592045136544,40,0.03769617502824893,0.0,-0.030746199131000983,0.0007461991310009838,0.009253800868999016,18.507601737998034,-0.0031190067385813733,0.00039006000901989525,11.104561042798819,0.025,0.0,-0.03,0.0,1.0,0.0,0.01
26,0.8666592045136544,41,0.037766936214242874,0.0,-0.031991939591432615,0.0019919395914326163,0.008008060408567384,16.01612081713477,0.004417243215731838,0.00017658349583730897,9.609672490280861,0.025,0.0,-0.03,0.0,1.0,0.0,0.01
26,0.8666592045136544,42,0.03783178579374339,0.0,-0.03323798120273545,0.0032379812027354543,0.006762018797264546,13.524037594529092,-0.0025673477555740376,0.00036700158962616754,8.114422556717455,0.025,0.0,-0.03,0.0,1.0,0.0,0.01
26,0.8666592045136544,43,0.037896122400669974,0.0,-0.0344840559004489,0.004484055900448904,0.005515944099551097,11.031888199102193,0.0033888642320478494,4.944210888929145e-05,6.6191329194613155,0.025,0.0,-0.03,0.0,1.0,0.0,0.01
26,0.8666592045136544,44,0.03796418928062699,0.0,-0.035729909508391396,0.005729909508391397,0.0042700904916086035,8.540180983217207,-0.001481479530777035,0.00035873558752066596,5.124108589930324,0.025,0.0,-0.03,0.0,1.0,0.0,0.01
26,0.8666592045136544,45,0.03804022347297878,0.0,-0.036975264756212455,0.006975264756212456,0.0030247352437875446,6.049470487575089,0.0022700660821338248,8.13639023710455e-05,3.6296822925450534,0.025,0.0,-0.03,0.0,1.0,0.0,0.01
26,0.8666592045136544,46,0.038128444536926494,0.0,-0.03821975327480359,0.008219753274803593,0.0017802467251964074,3.5604934503928147,-0.0003245933697063818,0.00032439814121874904,2.1362960702356886,0.025,0.0,-0.03,0.0,1.0,0.0,0.01
26,0.8666592045136544,47,0.03822151198246644,0.0,-0.03946281220637755,0.009462812206377548,0.0005371877936224522,1.0743755872449043,0.0011020298988373067,0.000336461013274546,0.6446253523469426,0.025,0.0,-0.03,0.0,1.0,0.0,0.01
26,0.8666592045136544,48,0.03703002245426144,0.0,-0.03983585412415399,0.00983585412415399,0.00016414587584600952,0.3282917516920191,0.000526490758877451,0.00013952481694310534,0.19697505101521143,0.025,0.0,-0.03,0.0,1.0,0.0,0.01
26,0.8666592045136544,68,0.015729820847790836,0.0,-0.03995543428162268,0.009955434281622683,4.4565718377317584e-05,0.08913143675463517,-0.0005619624598481034,0.000449216431530582,0.0534788620527811,0.025,0.0,-0.03,0.0,1.0,0.0,0.01
26,0.8666592045136544,69,0.01511890582701055,0.0,-0.03887560541181096,0.008875605411810962,0.0011243945881890382,2.2487891763780765,-0.000585183135414329,0.0004137193487235341,1.349273505826846,0.025,0.0,-0.03,0.0,1.0,0.0,0.01
26,0.8666592045136544,70,0.014532209922300294,0.0,-0.037782452215088615,0.007782452215088616,0.0022175477849113844,4.435095569822769,-0.0006058948316813177,0.0003761923615809921,2.6610573418936614,0.025,0.0,-0.03,0.0,1.0,0.0,0.01
26,0.8666592045136544,71,0.013971842979185438,0.0,-0.036675565248776035,0.006675565248776036,0.0033244347512239644,6.648869502447929,-0.0006249586785918262,0.0003371260053570481,3.989321701468757,0.025,0.0,-0.03,0.0,1.0,0.0,0.01
26,0.8666592045136544,72,0.013439561752034767,0.0,-0.03555488385790691,0.005554883857906909,0.0044451161420930915,8.890232284186183,-0.0006457083244866412,0.00029822836116535114,5.33413937051171,0.025,0.0,-0.03,0.0,1.0,0.0,0.01
26,0.8666592045136544,73,0.012936045030614721,0.0,-0.034420957345260565,0.004420957345260566,0.005579042654739434,11.158085309478867,-0.0006614505687404596,0.00025695290383635376,6.6948511856873205,0.025,0.0,-0.03,0.0,1.0,0.0,0.01
26,0.8666592045136544,74,0.012460819595767425,0.0,-0.03327485149449557,0.0032748514944955717,0.0067251485055044285,13.450297011008857,-0.0006813113726614954,0.00021748076780692854,8.070178206605314,0.025,0.0,-0.03,0.0,1.0,0.0,0.01
26,0.8666592045136544,75,0.012012158603564029,0.0,-0.03211804706045054,0.0021180470604505383,0.007881952939549462,15.763905879098925,-0.0006925128315662363,0.00017469256515061898,9.458343527459354,0.025,0.0,-0.03,0.0,1.0,0.0,0.01
26,0.8666592045136544,76,0.011588346538067036,0.0,-0.030951860743347315,0.0009518607433473165,0.009048139256652684,18.096278513305368,-0.0007149201091352222,0.00013613367025235484,10.85776710798322,0.025,0.0,-0.03,0.0,1.0,0.0,0.01
26,0.8666592045136544,77,0.011188159011673396,0.0,-0.02977730781170695,0.00022269218829304785,0.009777307811706952,19.554615623413905,0.0007194168836187014,9.120517632628279e-05,11.732769374048344,0.025,0.0,-0.03,0.0,1.0,0.0,0.01
26,0.8666592045136544,78,0.010810209998252131,0.0,-0.028595361254732582,0.001404638745267417,0.008595361254732583,17.190722509465168,0.0007441118921252332,5.312309715304092e-05,10.3144335056791,0.025,0.0,-0.03,0.0,1.0,0.0,0.01
26,0.8666592045136544,79,0.010452962554230857,0.0,-0.027406944447634425,0.0025930555523655738,0.007406944447634426,14.813888895268853,0.0007445025619737674,7.247231524672007e-06,8.888333337161312,0.025,0.0,-0.03,0.0,1.0,0.0,0.01
26,0.8666592045136544,80,0.010085063036920687,0.0,-0.026212311033536898,0.0037876889664631014,0.006212311033536899,12.424622067073798,0.0007701490886591287,3.1475440458087184e-05,7.454773240244279,0.025,0.0,-0.03,0.0,1.0,0.0,0.01
27,0.8999922508411027,32,0.036543990986573224,0.0,-0.02085829922289959,0.009141700777100407,0.0008582992228995927,1.7165984457991854,-0.0038333127954325408,0.0007944620939729346,1.0299590674795112,0.025,0.0,-0.03,0.0,1.0,0.0,0.01
27,0.8999922508411027,33,0.03674491703106716,0.0,-0.022089434175741503,0.007910565824258496,0.002089434175741504,4.1788683514830085,0.0025899103626093414,0.0005397659731834444,2.507321010889805,0.025,0.0,-0.03,0.0,1.0,0.0,0.01
27,0.8999922508411027,34,0.03693163863935989,0.0,-0.02332284436694291,0.00667715563305709,0.0033228443669429102,6.64568873388582,-0.00360836758968337,0.00041269595499151326,3.987413240331492,0.025,0.0,-0.03,0.0,1.0,0.0,0.01
27,0.8999922508411027,35,0.037103518515374974,0.0,-0.024558347041448828,0.005441652958551171,0.0045583470414488295,9.11669408289766,0.002254059386010095,0.0003686286129688586,5.470016449738595,0.025,0.0,-0.03,0.0,1.0,0.0,0.01
27,0.8999922508411027,36,0.03725907913405137,0.0,-0.025796106401525902,0.004203893598474097,0.005796106401525903,11.592212803051806,-0.0034200325568836277,0.0003227843088927028,6.955327681831084,0.025,0.0,-0.03,0.0,1.0,0.0,0.01
27,0.8999922508411027,37,0.03739606745535413,0.0,-0.02703611943080888,0.00296388056919112,0.00703611943080888,14.07223886161776,0.002257241269336121,0.00033067774412313136,8.443343316970656,0.025,0.0,-0.03,0.0,1.0,0.0,0.01
27,0.8999922508411027,38,0.03751339972285102,0.0,-0.028278281324635283,0.001721718675364716,0.008278281324635284,16.556562649270568,-0.003444115391323058,0.00024590963263047957,9.93393758956234,0.025,0.0,-0.03,0.0,1.0,0.0,0.01
27,0.8999922508411027,39,0.03761183098154089,0.0,-0.029522109466666807,0.00047789053333319176,0.009522109466666808,19.044218933333617,0.0022878077602707806,0.00030782643135842205,11.42653136000017,0.025,0.0,-0.03,0.0,1.0,0.0,0.01
27,0.8999922508411027,40,0.0376938227582164,0.0,-0.030767210516904734,0.0007672105169047351,0.009232789483095265,18.46557896619053,0.0034931784253096213,0.0001732670808648395,11.079347379714319,0.025,0.0,-0.03,0.0,1.0,0.0,0.01
27,0.8999922508411027,41,0.03776377434152671,0.0,-0.0320129836322971,0.0020129836322970995,0.0079870163677029,15.974032735405801,-0.002339151358765446,0.0003030843208941238,9.58441964124348,0.025,0.0,-0.03,0.0,1.0,0.0,0.01
27,0.8999922508411027,42,0.03782773624900881,0.0,-0.03325909810321063,0.0032590981032106295,0.006740901896789371,13.481803793578742,0.003133913477195307,6.92826234315176e-05,8.089082276147245,0.025,0.0,-0.03,0.0,1.0,0.0,0.01
27,0.8999922508411027,43,0.03789112481985819,0.0,-0.03450521321227192,0.004505213212271923,0.005494786787728077,10.989573575456154,-0.0015304569372749449,0.0003023639048249646,6.593744145273692,0.025,0.0,-0.03,0.0,1.0,0.0,0.01
27,0.8999922508411027,44,0.037958210228211935,0.0,-0.035751141593857304,0.005751141593857305,0.004248858406142695,8.497716812285391,0.0022898868829725363,3.866504792384182e-05,5.098630087371235,0.025,0.0,-0.03,0.0,1.0,0.0,0.01
27,0.8999922508411027,45,0.03803324738170149,0.0,-0.03699655513789981,0.006996555137899811,0.003003444862100189,6.006889724200378,-0.0006449406509951685,0.00030629040362782785,3.6041338345202267,0.025,0.0,-0.03,0.0,1.0,0.0,0.01
27,0.8999922508411027,46,0.03812048128523083,0.0,-0.03824112809571882,0.008241128095718822,0.0017588719042811781,3.517743808562356,0.0013869324040784174,0.0001689666774418595,2.1106462851374137,0.025,0.0,-0.03,0.0,1.0,0.0,0.01
27,0.8999922508411027,47,0.03821257081375395,0.0,-0.03948426056384153,0.00948426056384153,0.0005157394361584699,1.0314788723169397,0.00028499034135393475,0.00022550555850177345,0.6188873233901638,0.025,0.0,-0.03,0.0,1.0,0.0,0.01
27,0.8999922508411027,48,0.03702038777965915,0.0,-0.03985516335193192,0.009855163351931921,0.00014483664806807899,0.289673296136158,0.0006015246107774463,0.00036685015425940684,0.17380397768169478,0.025,0.0,-0.03,0.0,1.0,0.0,0.01
27,0.8999922508411027,68,0.01571565121698466,0.0,-0.03993776944502816,0.00993776944502816,6.223055497184098e-05,0.12446110994368195,-0.0004967030114831169,0.0004001445765318577,0.07467666596620917,0.025,0.0,-0.03,0.0,1.0,0.0,0.01
27,0.8999922508411027,69,0.015105898806461546,0.0,-0.03885726588734687,0.008857265887346873,0.0011427341126531276,2.2854682253062553,-0.0005182475747516522,0.00036826657388484683,1.3712809351837532,0.025,0.0,-0.03,0.0,1.0,0.0,0.01
27,0.8999922508411027,70,0.01452039504552883,0.0,-0.03776345776490564,0.00776345776490564,0.00223654223509436,4.47308447018872,-0.000534686732214568,0.00033310233353792265,2.6838506821132317,0.025,0.0,-0.03,0.0,1.0,0.0,0.01
27,0.8999922508411027,71,0.01396125642168883,0.0,-0.0366559374755398,0.006655937475539803,0.0033440625244601976,6.688125048920395,-0.0005547081731189726,0.00029909106934610587,4.012875029352237,0.025,0.0,-0.03,0.0,1.0,0.0,0.01
27,0.8999922508411027,72,0.013430232526855554,0.0,-0.03553465100821967,0.0055346510082196695,0.004465348991780331,8.93069798356066,-0.0005701082807186996,0.0002623878216003329,5.358418790136397,0.025,0.0,-0.03,0.0,1.0,0.0,0.01
27,0.8999922508411027,73,0.012927995136857768,0.0,-0.03440015207932407,0.0044001520793240725,0.005599847920675928,11.199695841351856,-0.0005880476303458456,0.00022667814635203112,6.719817504811114,0.025,0.0,-0.03,0.0,1.0,0.0,0.01
27,0.8999922508411027,74,0.012454060981806974,0.0,-0.03325350995468293,0.0032535099546829316,0.006746490045317069,13.492980090634138,-0.0006018051230054843,0.00018923382006992245,8.095788054380483,0.025,0.0,-0.03,0.0,1.0,0.0,0.01
27,0.8999922508411027,75,0.012006699712920708,0.0,-0.03209620220948903,0.0020962022094890287,0.007903797790510972,15.807595581021943,-0.0006172366785767875,0.0001526315157842284,9.484557348613166,0.025,0.0,-0.03,0.0,1.0,0.0,0.01
27,0.8999922508411027,76,0.011584198030815286,0.0,-0.03092954045264403,0.0009295404526440294,0.00907045954735597,18.14091909471194,-0.000630296286308628,0.00011509425115421965,10.884551456827163,0.025,0.0,-0.03,0.0,1.0,0.0,0.01
27,0.8999922508411027,77,0.011185330045444749,0.0,-0.029754538688180975,0.00024546131181902436,0.009754538688180976,19.50907737636195,0.000642934723990754,7.744337753473767e-05,11.70544642581717,0.025,0.0,-0.03,0.0,1.0,0.0,0.01
27,0.8999922508411027,78,0.010808708282335698,0.0,-0.02857216846867111,0.001427831531328888,0.008572168468671112,17.144336937342224,0.0006556163882187812,3.9811666382736896e-05,10.286602162405334,0.025,0.0,-0.03,0.0,1.0,0.0,0.01
27,0.8999922508411027,79,0.010452794395742137,0.0,-0.02738335151891589,0.0026166484810841092,0.007383351518915891,14.766703037831782,0.0006660323261313548,1.4967524953000567e-06,8.86002182269907,0.025,0.0,-0.03,0.0,1.0,0.0,0.01
27,0.8999922508411027,80,0.010086247955490051,0.0,-0.026188302251789985,0.003811697748210014,0.006188302251789986,12.376604503579973,0.0006789945240774595,3.674256817894818e-05,7.4259627021479835,0.025,0.0,-0.03,0.0,1.0,0.0,0.01
28,0.933325297168551,32,0.03654298892383191,0.0,-0.02087657511929618,0.00912342488070382,0.0008765751192961798,1.7531502385923596,0.002095926049441611,0.0006896527835613504,1.0518901431554157,0.025,0.0,-0.03,0.0,1.0,0.0,0.01
28,0.933325297168551,33,0.03674415039530887,0.0,-0.022107748237359705,0.007892251762640294,0.002107748237359706,4.215496474719412,-0.00306118589274746,0.0003908273865835029,2.529297884831647,0.025,0.0,-0.03,0.0,1.0,0.0,0.01
28,0.933325297168551,34,0.03693104489043658,0.0,-0.023341100947109776,0.006658899052890223,0.0033411009471097774,6.6822018942195545,0.001908333291130568,0.0003619868363238062,4.0093211365317325,0.025,0.0,-0.03,0.0,1.0,0.0,0.01
28,0.933325297168551,35,0.03710304304333354,0.0,-0.02457666078051463,0.00542333921948537,0.00457666078051463,9.15332156102926,-0.0027880016632098386,0.0002674922406549723,5.491992936617556,0.025,0.0,-0.03,0.0,1.0,0.0,0.01
28,0.933325297168551,36,0.03725858045360401,0.0,-0.025814393542124944,0.004185606457875055,0.005814393542124945,11.62878708424989,0.0017966668636157667,0.000289514577649001,6.977272250549934,0.025,0.0,-0.03,0.0,1.0,0.0,0.01
28,0.933325297168551,37,0.03739538520158779,0.0,-0.027054494140904068,0.002945505859095931,0.007054494140904069,14.10898828180814,-0.0028765663010098816,0.0002366209552608703,8.465392969084883,0.025,0.0,-0.03,0.0,1.0,0.0,0.01
28,0.933325297168551,38,0.03751236132455551,0.0,-0.028296660134164722,0.0017033398658352766,0.008296660134164724,16.593320268329446,0.0018919261372352333,0.0002641221001754477,9.955992160997667,0.025,0.0,-0.03,0.0,1.0,0.0,0.01
28,0.933325297168551,39,0.03761029402964542,0.0,-0.029540585302600873,0.0004594146973991263,0.009540585302600874,19.08117060520175,-0.0029844290800084853,0.00017745995064200775,11.448702363121049,0.025,0.0,-0.03,0.0,1.0,0.0,0.01
28,0.933325297168551,40,0.037691647386847875,0.0,-0.030785699534859264,0.0007856995348592653,0.009214300465140735,18.42860093028147,-0.001999509375008283,0.000270527873305134,11.057160558168881,0.025,0.0,-0.03,0.0,1.0,0.0,0.01
28,0.933325297168551,41,0.037760865129055486,0.0,-0.03203155960421681,0.0020315596042168108,0.00796844039578319,15.936880791566379,0.0031005999941594344,0.00010138869955547305,9.562128474939827,0.025,0.0,-0.03,0.0,1.0,0.0,0.01
28,0.933325297168551,42,0.03782401412063636,0.0,-0.03327768950788545,0.0032776895078854493,0.006722310492114551,13.444620984229102,-0.0017208367486541416,0.00026945458929499054,8.066772590537461,0.025,0.0,-0.03,0.0,1.0,0.0,0.01
28,0.933325297168551,43,0.037886542474279465,0.0,-0.03452388435055632,0.004523884350556319,0.005476115649443681,10.952231298887362,0.002413540021734342,8.411282489286467e-06,6.571338779332417,0.025,0.0,-0.03,0.0,1.0,0.0,0.01
28,0.933325297168551,44,0.037952731531237814,0.0,-0.03576984486713041,0.005769844867130412,0.004230155132869588,8.460310265739176,-0.000982248502990227,0.00027457366224334823,5.076186159443505,0.025,0.0,-0.03,0.0,1.0,0.0,0.01
28,0.933325297168551,45,0.038026863291747204,0.0,-0.03701533844381122,0.00701533844381122,0.0029846615561887804,5.969323112377561,0.0016430765289778457,8.857009552842992e-05,3.581593867426536,0.025,0.0,-0.03,0.0,1.0,0.0,0.01
28,0.933325297168551,46,0.03811319689856141,0.0,-0.038259968829618525,0.008259968829618526,0.001740031170381474,3.4800623407629483,-0.00017581001629977572,0.00026057913309679643,2.088037404457769,0.025,0.0,-0.03,0.0,1.0,0.0,0.01
28,0.933325297168551,47,0.03820439611636474,0.0,-0.039503178261928444,0.009503178261928445,0.000496821738071555,0.99364347614311,0.000824122732930474,0.0002732805120737607,0.596186085685866,0.025,0.0,-0.03,0.0,1.0,0.0,0.01
28,0.933325297168551,48,0.03701160775370987,0.0,-0.0398721968187656,0.009872196818765604,0.00012780318123439653,0.2556063624687931,0.00041871412687814215,0.0001396022462779451,0.15336381748127584,0.025,0.0,-0.03,0.0,1.0,0.0,0.01
28,0.933325297168551,68,0.015703045047209867,0.0,-0.039922145209250144,0.009922145209250145,7.785479074985495e-05,0.1557095814997099,-0.00044104560882954807,0.0003564506254157062,0.09342574889982594,0.025,0.0,-0.03,0.0,1.0,0.0,0.01
28,0.933325297168551,69,0.01509434227998611,0.0,-0.038841034406450786,0.008841034406450787,0.001158965593549213,2.317931187098426,-0.00045686538466592014,0.000325827506462386,1.3907587122590555,0.025,0.0,-0.03,0.0,1.0,0.0,0.01
28,0.933325297168551,70,0.01450991429497116,0.0,-0.03774663720150538,0.0077466372015053825,0.0022533627984946177,4.506725596989235,-0.00047611769961322154,0.0002965754933588707,2.7040353581935412,0.025,0.0,-0.03,0.0,1.0,0.0,0.01
28,0.933325297168551,71,0.01395188330835821,0.0,-0.03663854761236855,0.006638547612368553,0.003361452387631447,6.722904775262894,-0.0004898170684319025,0.00026392497986550337,4.033742865157736,0.025,0.0,-0.03,0.0,1.0,0.0,0.01
28,0.933325297168551,72,0.013421992795401069,0.0,-0.03551671744878843,0.005516717448788434,0.004483282551211566,8.966565102423132,-0.0005075151043246902,0.00023275474313600534,5.37993906145388,0.025,0.0,-0.03,0.0,1.0,0.0,0.01
28,0.933325297168551,73,0.012920908452335697,0.0,-0.03438170423636987,0.004381704236369868,0.005618295763630132,11.236591527260265,-0.000520062708726647,0.00019912448268428977,6.741954916356159,0.025,0.0,-0.03,0.0,1.0,0.0,0.01
28,0.933325297168551,74,0.012448138264086566,0.0,-0.03323458020303779,0.0032345802030377888,0.0067654197969622114,13.530839593924423,-0.0005355154908530851,0.00016679818236304,8.118503756354654,0.025,0.0,-0.03,0.0,1.0,0.0,0.01
28,0.933325297168551,75,0.012001948783037385,0.0,-0.032076820148455684,0.0020768201484556853,0.007923179851544315,15.84635970308863,-0.0005458918159626592,0.00013253024853315131,9.507815821853178,0.025,0.0,-0.03,0.0,1.0,0.0,0.01
28,0.933325297168551,76,0.01158062849227127,0.0,-0.030909731154040533,0.0009097311540405342,0.009090268845959466,18.180537691918932,-0.0005619981105277893,0.00010042034378558811,10.90832261515136,0.025,0.0,-0.03,0.0,1.0,0.0,0.01
28,0.933325297168551,77,0.011182950174752954,0.0,-0.029734326179229466,0.0002656738207705324,0.009734326179229468,19.468652358458936,0.0005681687602514318,6.479689545331692e-05,11.68119141507536,0.025,0.0,-0.03,0.0,1.0,0.0,0.01
28,0.933325297168551,78,0.01080752500670508,0.0,-0.028551575376417466,0.001448424623582533,0.008551575376417467,17.103150752834935,0.0005851754604765618,3.2827473873219326e-05,10.26189045170096,0.025,0.0,-0.03,0.0,1.0,0.0,0.01
28,0.933325297168551,79,0.010452813410478367,0.0,-0.027362399102507578,0.002637600897492421,0.007362399102507579,14.724798205015158,0.0005886244438684654,3.447999820728688e-06,8.834878923009095,0.025,0.0,-0.03,0.0,1.0,0.0,0.01
28,0.933325297168551,80,0.010087487740730771,0.0,-0.026166976049591596,0.0038330239504084027,0.0061669760495915976,12.333952099183195,0.0006061418738216586,3.601866767218911e-05,7.4003712595099165,0.025,0.0,-0.03,0.0,1.0,0.0,0.01
29,0.9666583434959992,32,0.03654212470382779,0.0,-0.020892763075671457,0.009107236924328542,0.0008927630756714582,1.7855261513429164,-0.0031642763598390103,0.0006637789765755538,1.0713156908057497,0.025,0.0,-0.03,0.0,1.0,0.0,0.01
29,0.9666583434959992,33,0.03674346793683022,0.0,-0.02212387555171952,0.00787612444828048,0.00212387555171952,4.24775110343904,0.002188421833941338,0.0004481306588192478,2.5486506620634235,0.025,0.0,-0.03,0.0,1.0,0.0,0.01
29,0.9666583434959992,34,0.03693052307960686,0.0,-0.023357273655685257,0.0066427263443147415,0.0033572736556852587,6.714547311370517,-0.002972426760863549,0.0003440265156183542,4.02872838682231,0.025,0.0,-0.03,0.0,1.0,0.0,0.01
29,0.9666583434959992,35,0.03710260584386279,0.0,-0.024592792127150247,0.0054072078728497515,0.004592792127150249,9.185584254300498,0.0019038510213300916,0.0003055938387928752,5.511350552580298,0.025,0.0,-0.03,0.0,1.0,0.0,0.01
29,0.9666583434959992,36,0.03725812600647833,0.0,-0.025830592537571848,0.004169407462428151,0.005830592537571849,11.661185075143697,-0.0028230914612385376,0.00026851382627915757,6.996711045086218,0.025,0.0,-0.03,0.0,1.0,0.0,0.01
29,0.9666583434959992,37,0.0373947498812554,0.0,-0.027070685008935096,0.0029293149910649026,0.007070685008935098,14.141370017870194,0.00192555164939806,0.00027643980587226797,8.484822010722116,0.025,0.0,-0.03,0.0,1.0,0.0,0.01
29,0.9666583434959992,38,0.03751140958353288,0.0,-0.028312938203000536,0.001687061796999463,0.008312938203000537,16.625876406001073,-0.002861677127013171,0.00020533348776706034,9.975525843600643,0.025,0.0,-0.03,0.0,1.0,0.0,0.01
29,0.9666583434959992,39,0.037608882887919685,0.0,-0.02955687193881396,0.00044312806118603984,0.00955687193881396,19.113743877627922,0.0019686779442566085,0.0002579701428186931,11.468246326576752,0.025,0.0,-0.03,0.0,1.0,0.0,0.01
29,0.9666583434959992,40,0.037689665251783924,0.0,-0.030802071731405492,0.0008020717314054931,0.009197928268594507,18.395856537189015,0.002918718625079508,0.00014543108809295628,11.037513922313408,0.025,0.0,-0.03,0.0,1.0,0.0,0.01
29,0.9666583434959992,41,0.03775821459773463,0.0,-0.03204794174613801,0.00204794174613801,0.00795205825386199,15.90411650772398,-0.0020260504126836023,0.0002528657793382618,9.542469904634387,0.025,0.0,-0.03,0.0,1.0,0.0,0.01
29,0.9666583434959992,42,0.03782063401039606,0.0,-0.033294146402799325,0.0032941464027993264,0.006705853597200674,13.411707194401348,0.002621865014446508,5.9241867746211824e-05,8.047024316640808,0.025,0.0,-0.03,0.0,1.0,0.0,0.01
29,0.9666583434959992,43,0.03788238198493676,0.0,-0.03454036055821889,0.004540360558218888,0.005459639441781112,10.919278883562225,-0.0013426612212561,0.0002512381888600096,6.551567330137335,0.025,0.0,-0.03,0.0,1.0,0.0,0.01
29,0.9666583434959992,44,0.037947765484218535,0.0,-0.0357863925907597,0.005786392590759699,0.004213607409240301,8.427214818480602,0.001906593749290183,2.9733122018567814e-05,5.056328891088361,0.025,0.0,-0.03,0.0,1.0,0.0,0.01
29,0.9666583434959992,45,0.03802107759715824,0.0,-0.03703192483685456,0.00703192483685456,0.0029680751631454404,5.936150326290881,-0.0005912849406291405,0.0002534782678361922,3.5616901957745286,0.025,0.0,-0.03,0.0,1.0,0.0,0.01
29,0.9666583434959992,46,0.038106600657652964,0.0,-0.038276629635095545,0.008276629635095546,0.001723370364904454,3.446740729808908,0.0011391489916061396,0.0001378004948667707,2.068044437885345,0.025,0.0,-0.03,0.0,1.0,0.0,0.01
29,0.9666583434959992,47,0.03819699619194863,0.0,-0.03951989546272052,0.009519895462720522,0.00048010453727947815,0.9602090745589563,0.00019915736434321317,0.0001809347010312372,0.5761254447353737,0.025,0.0,-0.03,0.0,1.0,0.0,0.01
29,0.9666583434959992,48,0.03700367437182286,0.0,-0.03988725604774772,0.00988725604774772,0.00011274395225228072,0.22548790450456144,0.00047615737588822734,0.00030990378726023453,0.13529274270273686,0.025,0.0,-0.03,0.0,1.0,0.0,0.01
29,0.9666583434959992,68,0.01569184109701569,0.0,-0.03990829830574493,0.009908298305744932,9.170169425506795e-05,0.1834033885101359,-0.0003905911358883957,0.00031638935303112406,0.11004203310608154,0.025,0.0,-0.03,0.0,1.0,0.0,0.01
29,0.9666583434959992,69,0.015084080461137966,0.0,-0.03882664390315738,0.008826643903157384,0.001173356096842616,2.346712193685232,-0.00040711027799511973,0.000290273896985288,1.4080273162111392,0.025,0.0,-0.03,0.0,1.0,0.0,0.01
29,0.9666583434959992,70,0.014500617722600265,0.0,-0.037731719513665905,0.007731719513665906,0.0022682804863340938,4.5365609726681875,-0.00042062807033512605,0.000262153181227273,2.7219365836009124,0.025,0.0,-0.03,0.0,1.0,0.0,0.01
29,0.9666583434959992,71,0.013943580154464168,0.0,-0.03662312070679218,0.0066231207067921835,0.0033768792932078167,6.753758586415634,-0.0004364803014846559,0.00023467671329323067,4.05225515184938,0.025,0.0,-0.03,0.0,1.0,0.0,0.01
29,0.9666583434959992,72,0.013414705905311488,0.0,-0.03550080435337438,0.005500804353374383,0.004499195646625617,8.998391293251233,-0.00044881665498131375,0.00020519040471498324,5.3990347759507396,0.025,0.0,-0.03,0.0,1.0,0.0,0.01
29,0.9666583434959992,73,0.012914655357425885,0.0,-0.034365331302095015,0.004365331302095016,0.0056346686979049845,11.269337395809968,-0.000463285277430964,0.00017650860172057435,6.761602437485981,0.025,0.0,-0.03,0.0,1.0,0.0,0.01
29,0.9666583434959992,74,0.01244292884169009,0.0,-0.03321777638491214,0.0032177763849121424,0.006782223615087858,13.564447230175716,-0.000474030387089749,0.00014630098107208417,8.138668338105429,0.025,0.0,-0.03,0.0,1.0,0.0,0.01
29,0.9666583434959992,75,0.011997790127561487,0.0,-0.03205961186246802,0.0020596118624680235,0.007940388137531977,15.880776275063953,-0.00048705119309736374,0.00011712038287060563,9.528465765038371,0.025,0.0,-0.03,0.0,1.0,0.0,0.01
29,0.9666583434959992,76,0.01157752923609873,0.0,-0.030892140939187768,0.0008921409391877688,0.009107859060812231,18.215718121624462,-0.000496134085217992,8.643812796220306e-05,10.929430872974677,0.025,0.0,-0.03,0.0,1.0,0.0,0.01
29,0.9666583434959992,77,0.011180917704209339,0.0,-0.029716375492644574,0.0002836245073554247,0.009716375492644575,19.43275098528915,0.0005081729244277871,5.6820003776113314e-05,11.65965059117349,0.025,0.0,-0.03,0.0,1.0,0.0,0.01
29,0.9666583434959992,78,0.010806565556917846,0.0,-0.028533284599691806,0.0014667154003081932,0.008533284599691807,17.066569199383615,0.000515932339540787,2.5778197345200046e-05,10.239941519630168,0.025,0.0,-0.03,0.0,1.0,0.0,0.01
29,0.9666583434959992,79,0.010452932042753568,0.0,-0.02734378718968151,0.0026562128103184875,0.007343787189681513,14.687574379363026,0.0005268791098601461,4.214219568458706e-06,8.812544627617815,0.025,0.0,-0.03,0.0,1.0,0.0,0.01
29,0.9666583434959992,80,0.010088701551863009,0.0,-0.026148030025701804,0.0038519699742981944,0.006148030025701806,12.296060051403611,0.0005345217764131264,3.583492112852982e-05,7.377636030842166,0.025,0.0,-0.03,0.0,1.0,0.0,0.01
30,0.9999913898234474,32,0.03654135285576071,0.0,-0.020907048410837587,0.009092951589162412,0.0009070484108375885,1.814096821675177,0.002685184351195498,0.0008063296389242944,1.0884580930051062,0.025,0.0,-0.03,0.0,1.0,0.0,0.01
30,0.9999913898234474,33,0.036742869552186634,0.0,-0.022138186506945143,0.007861813493054856,0.002138186506945144,4.2763730138902885,-0.003451110831095999,0.00047772071522724706,2.565823808334173,0.025,0.0,-0.03,0.0,1.0,0.0,0.01
30,0.9999913898234474,34,0.03693005076055242,0.0,-0.023371546974107243,0.006628453025892756,0.003371546974107244,6.743093948214488,0.0025338033740940503,0.0004321494320837546,4.045856368928693,0.025,0.0,-0.03,0.0,1.0,0.0,0.01
30,0.9999913898234474,35,0.0371022145093729,0.0,-0.02460710657060009,0.005392893429399907,0.004607106570600093,9.214213141200187,-0.003194412192407339,0.0003395470191136773,5.528527884720112,0.025,0.0,-0.03,0.0,1.0,0.0,0.01
30,0.9999913898234474,36,0.03725770527864361,0.0,-0.025844892961729923,0.004155107038270076,0.005844892961729924,11.689785923459848,0.0023795627267637607,0.00034238221709016026,7.013871554075909,0.025,0.0,-0.03,0.0,1.0,0.0,0.01
30,0.9999913898234474,37,0.03739417174647712,0.0,-0.02708505019235191,0.0029149498076480873,0.007085050192351913,14.170100384703826,-0.003182348638122905,0.0002826870116330722,8.502060230822295,0.025,0.0,-0.03,0.0,1.0,0.0,0.01
30,0.9999913898234474,38,0.0375105383993208,0.0,-0.028327313537488352,0.0016726864625116467,0.008327313537488354,16.654627074976705,0.0023634074582094375,0.00029164508194876585,9.992776244986024,0.025,0.0,-0.03,0.0,1.0,0.0,0.01
30,0.9999913898234474,39,0.037607603914257375,0.0,-0.029571318772641228,0.0004286812273587709,0.00957131877264123,19.142637545282458,-0.0031671984648447213,0.00020899860283018666,11.485582527169475,0.025,0.0,-0.03,0.0,1.0,0.0,0.01
30,0.9999913898234474,40,0.03768786797983245,0.0,-0.030816535959003678,0.0008165359590036787,0.009183464040996321,18.366928081992643,-0.0023389705191444164,0.0002759433427274679,11.020156849195585,0.025,0.0,-0.03,0.0,1.0,0.0,0.01
30,0.9999913898234474,41,0.03775582119327774,0.0,-0.03206246871500037,0.0020624687150003693,0.007937531284999631,15.875062569999262,0.0031401089933583053,0.00012690966736825457,9.525037541999557,0.025,0.0,-0.03,0.0,1.0,0.0,0.01
30,0.9999913898234474,42,0.037817581924231555,0.0,-0.03330869222565145,0.003308692225651451,0.006691307774348549,13.382615548697098,-0.001965264450535374,0.0002579212286495447,8.029569329218258,0.025,0.0,-0.03,0.0,1.0,0.0,0.01
30,0.9999913898234474,43,0.03787863246391271,0.0,-0.03455496440494849,0.004554964404948493,0.005445035595051507,10.890071190103015,0.002408282697543894,3.957838822691417e-05,6.534042714061809,0.025,0.0,-0.03,0.0,1.0,0.0,0.01
30,0.9999913898234474,44,0.03794329041490901,0.0,-0.03580102658551498,0.0058010265855149845,0.004198973414485016,8.397946828970031,-0.0011819324896518036,0.00025047006560528973,5.038768097382019,0.025,0.0,-0.03,0.0,1.0,0.0,0.01
30,0.9999913898234474,45,0.03801586907733647,0.0,-0.03704661913201239,0.007046619132012391,0.002953380867987609,5.906761735975218,0.001591085372567348,4.9959016059430696e-05,3.544057041585131,0.025,0.0,-0.03,0.0,1.0,0.0,0.01
30,0.9999913898234474,46,0.03810066326599329,0.0,-0.0382913723045825,0.008291372304582503,0.001708627695417497,3.4172553908349936,-0.0003299245531213977,0.0002234515105400895,2.0503532345009963,0.025,0.0,-0.03,0.0,1.0,0.0,0.01
30,0.9999913898234474,47,0.03819033764836525,0.0,-0.03953469828054656,0.00953469828054656,0.00046530171945344083,0.9306034389068817,0.0007244464735682553,0.00022864970356635683,0.558362063344129,0.025,0.0,-0.03,0.0,1.0,0.0,0.01
30,0.9999913898234474,48,0.03699654732970803,0.0,-0.03990058901658094,0.00990058901658094,9.941098341906089e-05,0.19882196683812178,0.0003132258125888486,9.1470708371022e-05,0.11929318010287307,0.025,0.0,-0.03,0.0,1.0,0.0,0.01
30,0.9999913898234474,68,0.015681889446393243,0.0,-0.03989601285873251,0.009896012858732511,0.00010398714126748886,0.2079742825349777,-0.000346988095504814,0.00028113034223849995,0.12478456952098663,0.025,0.0,-0.03,0.0,1.0,0.0,0.01
30,0.9999913898234474,69,0.015074971387965517,0.0,-0.03881387332524493,0.008813873325244928,0.0011861266747550721,2.372253349510144,-0.00035999258944148174,0.0002568621046482508,1.4233520097060863,0.025,0.0,-0.03,0.0,1.0,0.0,0.01
30,0.9999913898234474,70,0.014492371741898524,0.0,-0.03771847863078926,0.007718478630789262,0.0022815213692107383,4.563042738421476,-0.0003749567734270511,0.00023326950414500206,2.7378256430528856,0.025,0.0,-0.03,0.0,1.0,0.0,0.01
30,0.9999913898234474,71,0.013936222189262586,0.0,-0.03660942566872472,0.0066094256687247235,0.0033905743312752767,6.781148662550553,-0.00038603480321549276,0.00020727289525822063,4.068689197530332,0.025,0.0,-0.03,0.0,1.0,0.0,0.01
30,0.9999913898234474,72,0.013408256243754234,0.0,-0.035486675803955404,0.005486675803955406,0.004513324196044595,9.02664839208919,-0.0004001118252684937,0.00018236493206747313,5.415989035253514,0.025,0.0,-0.03,0.0,1.0,0.0,0.01
30,0.9999913898234474,73,0.012909129608874295,0.0,-0.03435079279166819,0.0043507927916681885,0.005649207208331812,11.298414416663624,-0.00040990211288020884,0.00015542491022076574,6.779048649998174,0.025,0.0,-0.03,0.0,1.0,0.0,0.01
30,0.9999913898234474,74,0.01243833585931587,0.0,-0.03320285371591474,0.0032028537159147427,0.0067971462840852575,13.594292568170514,-0.00042254230685942354,0.00012973901306254567,8.156575540902308,0.025,0.0,-0.03,0.0,1.0,0.0,0.01
30,0.9999913898234474,75,0.011994136313973003,0.0,-0.03204432863328291,0.0020443286332829103,0.00795567136671709,15.91134273343418,-0.0004303935908652097,0.0001022143744181075,9.546805640060509,0.025,0.0,-0.03,0.0,1.0,0.0,0.01
30,0.9999913898234474,76,0.011574822280196588,0.0,-0.030876517240725487,0.0008765172407254884,0.009123482759274512,18.246965518549022,-0.00044350139201338454,7.666147634268955e-05,10.948179311129413,0.025,0.0,-0.03,0.0,1.0,0.0,0.01
30,0.9999913898234474,77,0.011179164220959896,0.0,-0.0297004305622007,0.0002995694377992998,0.0097004305622007,19.400861124401402,0.0004481840883339608,4.813952248521957e-05,11.64051667464084,0.025,0.0,-0.03,0.0,1.0,0.0,0.01
30,0.9999913898234474,78,0.010805771084458305,0.0,-0.028517036577832205,0.0014829634221677941,0.008517036577832206,17.034073155664412,0.00046183114446758953,2.2626184835890053e-05,10.220443893398647,0.025,0.0,-0.03,0.0,1.0,0.0,0.01
30,0.9999913898234474,79,0.010453101118526084,0.0,-0.027327253092912753,0.0026727469070872457,0.0073272530929127545,14.65450618582551,0.0004644866763985396,6.360549577993091e-06,8.792703711495305,0.025,0.0,-0.03,0.0,1.0,0.0,0.01
30,0.9999913898234474,80,0.010089849703715719,0.0,-0.02613119812121337,0.0038688018787866284,0.006131198121213372,12.262396242426744,0.0004784496805158989,3.240273656934682e-05,7.357437745456046,0.025,0.0,-0.03,0.0,1.0,0.0,0.01
31,1.0333244361508958,32,0.03654067422911882,0.0,-0.020919726703510163,0.009080273296489836,0.0009197267035101642,1.8394534070203286,-0.003470669199853247,0.0007730787322353654,1.103672044212197,0.025,0.0,-0.03,0.0,1.0,0.0,0.01
31,1.0333244361508958,33,0.0367423335381664,0.0,-0.02215084666732385,0.007849153332676148,0.002150846667323852,4.301693334647704,0.0027432316859973514,0.0005191436808873799,2.5810160007886225,0.025,0.0,-0.03,0.0,1.0,0.0,0.01
31,1.0333244361508958,34,0.03692963033509916,0.0,-0.023384216301792424,0.006615783698207575,0.003384216301792425,6.76843260358485,-0.0033750173269769517,0.00041853896025200886,4.06105956215091,0.025,0.0,-0.03,0.0,1.0,0.0,0.01
31,1.0333244361508958,35,0.03710185727088075,0.0,-0.024619770620427826,0.0053802293795721726,0.004619770620427828,9.239541240855655,0.002538531585947584,0.00037846916911692195,5.543724744513392,0.025,0.0,-0.03,0.0,1.0,0.0,0.01
31,1.0333244361508958,36,0.03725732413435222,0.0,-0.025857585760182714,0.004142414239817285,0.005857585760182716,11.71517152036543,-0.0032053142238235256,0.0003265270382467884,7.029102912219258,0.025,0.0,-0.03,0.0,1.0,0.0,0.01
31,1.0333244361508958,37,0.03739364355401859,0.0,-0.02709776283577648,0.0029022371642235187,0.0070977628357764815,14.195525671552963,0.0024337689828216606,0.0003144885880868661,8.517315402931777,0.025,0.0,-0.03,0.0,1.0,0.0,0.01
31,1.0333244361508958,38,0.03750975027073037,0.0,-0.028340070114518993,0.0016599298854810055,0.008340070114518995,16.68014022903799,-0.0030919975273118096,0.00023934997905095454,10.008084137422793,0.025,0.0,-0.03,0.0,1.0,0.0,0.01
31,1.0333244361508958,39,0.03760644732931257,0.0,-0.029584108100853556,0.0004158918991464429,0.009584108100853557,19.168216201707114,0.0023032585491421214,0.00026835565744825655,11.500929721024269,0.025,0.0,-0.03,0.0,1.0,0.0,0.01
31,1.0333244361508958,40,0.03768624958446002,0.0,-0.030829367611245658,0.0008293676112456592,0.009170632388754341,18.34126477750868,0.002952103513796932,0.00016507617378139257,11.004758866505208,0.025,0.0,-0.03,0.0,1.0,0.0,0.01
31,1.0333244361508958,41,0.037753667489478004,0.0,-0.03207533396770741,0.002075333967707413,0.007924666032292587,15.849332064585175,-0.0021430567183761766,0.00024085376284759615,9.509599238751104,0.025,0.0,-0.03,0.0,1.0,0.0,0.01
31,1.0333244361508958,42,0.0378148403143072,0.0,-0.0333215927024164,0.003321592702416401,0.006678407297583599,13.356814595167199,0.002543581416328891,7.914521881260378e-05,8.01408875710032,0.025,0.0,-0.03,0.0,1.0,0.0,0.01
31,1.0333244361508958,43,0.03787526576595339,0.0,-0.03456790055586241,0.004567900555862411,0.005432099444137589,10.864198888275178,-0.0014645255522401164,0.00022936524774370054,6.5185193329651065,0.025,0.0,-0.03,0.0,1.0,0.0,0.01
31,1.0333244361508958,44,0.03793927581329698,0.0,-0.03581400247880716,0.005814002478807159,0.004185997521192841,8.371995042385683,0.0018273993521437603,1.2796927840020245e-06,5.02319702543141,0.025,0.0,-0.03,0.0,1.0,0.0,0.01
31,1.0333244361508958,45,0.038011197681635904,0.0,-0.03705963850449397,0.007059638504493974,0.002940361495506026,5.8807229910120515,-0.000709356569399524,0.00022188465587179925,3.528433794607231,0.025,0.0,-0.03,0.0,1.0,0.0,0.01
31,1.0333244361508958,46,0.038095340549875546,0.0,-0.03830444167253021,0.008304441672530208,0.0016955583274697924,3.3911166549395846,0.0010514691228112182,0.00010080518096511999,2.034669992963751,0.025,0.0,-0.03,0.0,1.0,0.0,0.01
31,1.0333244361508958,47,0.038184369865403765,0.0,-0.03954781721948686,0.00954781721948686,0.00045218278051314086,0.9043655610262817,9.069101151517608e-05,0.00013659635868318743,0.542619336615769,0.025,0.0,-0.03,0.0,1.0,0.0,0.01
31,1.0333244361508958,48,0.036990165483600436,0.0,-0.03991240724187458,0.009912407241874581,8.759275812541926e-05,0.17518551625083853,0.0003891036123762284,0.0002734674123894964,0.10511130975050312,0.025,0.0,-0.03,0.0,1.0,0.0,0.01
31,1.0333244361508958,68,0.015673053025602117,0.0,-0.03988510561465292,0.009885105614652924,0.00011489438534707623,0.22978877069415246,-0.00030844366095042833,0.00024978745819170714,0.13787326241649148,0.025,0.0,-0.03,0.0,1.0,0.0,0.01
31,1.0333244361508958,69,0.015066886866987221,0.0,-0.038802534015301336,0.008802534015301337,0.0011974659846986629,2.3949319693973257,-0.000320474946887058,0.00022839250534914884,1.4369591816383953,0.025,0.0,-0.03,0.0,1.0,0.0,0.01
31,1.0333244361508958,70,0.014485057286483744,0.0,-0.037706720490639126,0.007706720490639127,0.0022932795093608734,4.586559018721747,-0.0003320190007445062,0.00020644367484147472,2.751935411233048,0.025,0.0,-0.03,0.0,1.0,0.0,0.01
31,1.0333244361508958,71,0.013929699908419593,0.0,-0.03659726322448732,0.006597263224487324,0.0034027367755126766,6.8054735510253535,-0.0003440637859278647,0.00018430588007071474,4.083284130615212,0.025,0.0,-0.03,0.0,1.0,0.0,0.01
31,1.0333244361508958,72,0.013402544136878206,0.0,-0.03547412747260401,0.005474127472604014,0.0045258725273959865,9.051745054791972,-0.00035407882959521194,0.0001609673451697109,5.431047032875183,0.025,0.0,-0.03,0.0,1.0,0.0,0.01
31,1.0333244361508958,73,0.01290424156584576,0.0,-0.03433787959073332,0.004337879590733319,0.005662120409266681,11.324240818533362,-0.00036556194451757063,0.00013814409716910605,6.794544491120017,0.025,0.0,-0.03,0.0,1.0,0.0,0.01
31,1.0333244361508958,74,0.012434279788724072,0.0,-0.033189598628545126,0.0031895986285451275,0.006810401371454873,13.620802742909746,-0.00037381420984028944,0.00011401431800736615,8.172481645745847,0.025,0.0,-0.03,0.0,1.0,0.0,0.01
31,1.0333244361508958,75,0.011990917943414565,0.0,-0.03203075266731891,0.002030752667318912,0.007969247332681088,15.938494665362176,-0.0003846441939135197,9.098866065064497e-05,9.563096799217305,0.025,0.0,-0.03,0.0,1.0,0.0,0.01
31,1.0333244361508958,76,0.011572448466883744,0.0,-0.030862638336087055,0.0008626383360870564,0.009137361663912944,18.27472332782589,-0.0003910465978161291,6.62955239094531e-05,10.964833996695534,0.025,0.0,-0.03,0.0,1.0,0.0,0.01
31,1.0333244361508958,77,0.011177640845905381,0.0,-0.029686265847583278,0.00031373415241672115,0.009686265847583279,19.372531695166558,0.00040159419832043263,4.30736479796637e-05,11.623519017099934,0.025,0.0,-0.03,0.0,1.0,0.0,0.01
31,1.0333244361508958,78,0.010805103088592477,0.0,-0.02850260226423831,0.0014973977357616887,0.008502602264238312,17.00520452847662,0.0004065506121424256,1.799681376503835e-05,10.203122717085973,0.025,0.0,-0.03,0.0,1.0,0.0,0.01
31,1.0333244361508958,79,0.010453292527652876,0.0,-0.027312564320583047,0.0026874356794169517,0.0073125643205830485,14.625128641166096,0.0004164876255008275,5.473006791198377e-06,8.775077184699658,0.025,0.0,-0.03,0.0,1.0,0.0,0.01
31,1.0333244361508958,80,0.010090914531919992,0.0,-0.02611624443808818,0.0038837555619118183,0.006116244438088182,12.232488876176363,0.00042123237313663857,3.103205259942958e-05,7.339493325705818,0.025,0.0,-0.03,0.0,1.0,0.0,0.01
32,1.066657482478344,32,0.036540072537413495,0.0,-0.020930977058558734,0.009069022941441265,0.0009309770585587355,1.861954117117471,0.0017419606508639076,0.0005434753130382276,1.1171724702704826,0.025,0.0,-0.03,0.0,1.0,0.0,0.01
32,1.066657482478344,33,0.03674185450687487,0.0,-0.022162070203545874,0.007837929796454125,0.002162070203545875,4.3241404070917495,-0.0023943838471199787,0.00032478964192803034,2.5944842442550495,0.025,0.0,-0.03,0.0,1.0,0.0,0.01
32,1.066657482478344,34,0.03692925358954279,0.0,-0.023395457638152393,0.006604542361847605,0.003395457638152395,6.79091527630479,0.0017302038164216805,0.00030305446610287405,4.074549165782874,0.025,0.0,-0.03,0.0,1.0,0.0,0.01
32,1.066657482478344,35,0.037101533914954354,0.0,-0.024630999970905922,0.005369000029094077,0.004630999970905924,9.261999941811847,-0.002309385665331508,0.00024848703541984976,5.557199965087109,0.025,0.0,-0.03,0.0,1.0,0.0,0.01
32,1.066657482478344,36,0.03725697849716233,0.0,-0.02586884840813195,0.004131151591868047,0.005868848408131953,11.737696816263906,0.0016088290192149996,0.00023792471163938304,7.042618089758343,0.025,0.0,-0.03,0.0,1.0,0.0,0.01
32,1.066657482478344,37,0.037393164352315614,0.0,-0.027109033804537525,0.0028909661954624744,0.007109033804537526,14.218067609075051,-0.002168261148223855,0.00018335762690485866,8.53084056544503,0.025,0.0,-0.03,0.0,1.0,0.0,0.01
32,1.066657482478344,38,0.03750903945573037,0.0,-0.02835139205044644,0.0016486079495535572,0.008351392050446443,16.702784100892885,0.0014416611243781177,0.0001879582577749101,10.02167046053573,0.025,0.0,-0.03,0.0,1.0,0.0,0.01
32,1.066657482478344,39,0.03760540572603819,0.0,-0.02959544476378536,0.000404555236214639,0.009595444763785361,19.19088952757072,-0.001981525213398165,0.00011580720854653551,11.514533716542433,0.025,0.0,-0.03,0.0,1.0,0.0,0.01
32,1.066657482478344,40,0.037684796958675784,0.0,-0.030840759288750654,0.0008407592887506553,0.009159240711249345,18.31848142249869,-0.0012279196359835172,0.00016712258126217085,10.991088853499212,0.025,0.0,-0.03,0.0,1.0,0.0,0.01
32,1.066657482478344,41,0.037751735383341554,0.0,-0.0320867348379968,0.0020867348379968037,0.007913265162003197,15.826530324006393,0.0017472366862631098,4.882753744750485e-05,9.495918194403835,0.025,0.0,-0.03,0.0,1.0,0.0,0.01
32,1.066657482478344,42,0.03781238479128998,0.0,-0.03333304565093759,0.0033330456509375883,0.006666954349062412,13.333908698124823,-0.0009163414091975928,0.00015964892876586467,8.000345218874893,0.025,0.0,-0.03,0.0,1.0,0.0,0.01
32,1.066657482478344,43,0.037872251086030075,0.0,-0.03457936726074058,0.004579367260740583,0.0054206327392594175,10.841265478518835,0.0013653393364532122,8.908164240660465e-06,6.504759287111301,0.025,0.0,-0.03,0.0,1.0,0.0,0.01
32,1.066657482478344,44,0.03793568396248705,0.0,-0.03582551901371566,0.005825519013715662,0.004174480986284338,8.348961972568677,-0.0005069048986168786,0.0001660820105735851,5.009377183541206,0.025,0.0,-0.03,0.0,1.0,0.0,0.01
32,1.066657482478344,45,0.03800701881291651,0.0,-0.037071182301399,0.007071182301398998,0.002928817698601002,5.857635397202004,0.0009402290950492154,6.759089693502593e-05,3.514581238321202,0.025,0.0,-0.03,0.0,1.0,0.0,0.01
32,1.066657482478344,46,0.03809058102435693,0.0,-0.038316037599518564,0.008316037599518565,0.0016839624004814351,3.36792480096287,-6.276820448802449e-05,0.00016318492854668933,2.020754880577722,0.025,0.0,-0.03,0.0,1.0,0.0,0.01
32,1.066657482478344,47,0.03817903455575775,0.0,-0.03955945289784246,0.009559452897842463,0.0004405471021575371,0.8810942043150742,0.0004902805675062265,0.00017225551294821473,0.5286565225890445,0.025,0.0,-0.03,0.0,1.0,0.0,0.01
32,1.066657482478344,48,0.03698446367873621,0.0,-0.0399228907884587,0.009922890788458698,7.710921154130239e-05,0.15421842308260478,0.00026157718620912693,0.00010173919593165905,0.09253105384956287,0.025,0.0,-0.03,0.0,1.0,0.0,0.01
32,1.066657482478344,68,0.01566520803830426,0.0,-0.039875418103117,0.009875418103116998,0.00012458189688300224,0.24916379376600448,-0.00027284129888700343,0.0002210971623654699,0.14949827625960269,0.025,0.0,-0.03,0.0,1.0,0.0,0.01
32,1.066657482478344,69,0.015059711896327857,0.0,-0.038792462089116506,0.008792462089116507,0.0012075379108834935,2.4150758217669868,-0.0002852404839933753,0.00020298434309844223,1.449045493060192,0.025,0.0,-0.03,0.0,1.0,0.0,0.01
32,1.066657482478344,70,0.01447856848034116,0.0,-0.037696276038149915,0.007696276038149916,0.0023037239618500845,4.607447923700169,-0.000294813691655484,0.00018306046591203736,2.7644687542201014,0.025,0.0,-0.03,0.0,1.0,0.0,0.01
32,1.066657482478344,71,0.013923916846869283,0.0,-0.03658645918485735,0.0065864591848573545,0.0034135408151426457,6.827081630285291,-0.0003054409661026617,0.00016334332272124384,4.096248978171174,0.025,0.0,-0.03,0.0,1.0,0.0,0.01
32,1.066657482478344,72,0.013397482822488368,0.0,-0.03546298031480166,0.005462980314801663,0.004537019685198337,9.074039370396674,-0.00031513466773843037,0.00014290488853716565,5.444423622238005,0.025,0.0,-0.03,0.0,1.0,0.0,0.01
32,1.066657482478344,73,0.012899914331408644,0.0,-0.034326408006245944,0.004326408006245945,0.005673591993754055,11.34718398750811,-0.0003238813832205153,0.00012197124779441105,6.808310392504866,0.025,0.0,-0.03,0.0,1.0,0.0,0.01
32,1.066657482478344,74,0.012430693690147359,0.0,-0.03317782309342814,0.0031778230934281435,0.006822176906571857,13.644353813143713,-0.00033329095244468673,0.00010133087085823133,8.186612287886227,0.025,0.0,-0.03,0.0,1.0,0.0,0.01
32,1.066657482478344,75,0.0119880780846699,0.0,-0.03201869186334273,0.0020186918633427337,0.007981308136657267,15.962616273314532,-0.0003399839302576541,7.969198217288278e-05,9.57756976398872,0.025,0.0,-0.03,0.0,1.0,0.0,0.01
32,1.066657482478344,76,0.01157036095453748,0.0,-0.03085030826078449,0.0008503082607844922,0.009149691739215508,18.299383478431015,-0.0003496417774375937,5.914780737091363e-05,10.979630087058608,0.025,0.0,-0.03,0.0,1.0,0.0,0.01
32,1.066657482478344,77,0.011176310902278011,0.0,-0.029673681735702735,0.0003263182642972637,0.009673681735702737,19.347363471405473,0.00035421308468505615,3.682423913701871e-05,11.608418082843283,0.025,0.0,-0.03,0.0,1.0,0.0,0.01
32,1.066657482478344,78,0.01080453511527831,0.0,-0.02848977858149394,0.0015102214185060588,0.008489778581493941,16.979557162987884,0.0003639962492641507,1.624344017975305e-05,10.18773429779273,0.025,0.0,-0.03,0.0,1.0,0.0,0.01
32,1.066657482478344,79,0.010453490093411285,0.0,-0.02729951452398873,0.0027004854760112676,0.007299514523988733,14.599029047977465,0.0003671521153642616,6.417184466847816e-06,8.75941742878648,0.025,0.0,-0.03,0.0,1.0,0.0,0.01
32,1.066657482478344,80,0.010091890215892631,0.0,-0.026102959238313274,0.003897040761686725,0.006102959238313275,12.20591847662655,0.0003771020234278519,2.7428493406736427e-05,7.32355108597593,0.025,0.0,-0.03,0.0,1.0,0.0,0.01
33,1.099990528805792,32,0.0365395292338086,0.0,-0.020940931517608966,0.009059068482391033,0.0009409315176089669,1.8818630352179337,-0.00016772830781808284,4.146770182664721e-05,1.1291178211307602,0.025,0.0,-0.03,0.0,1.0,0.0,0.01
33,1.099990528805792,33,0.036741431362883895,0.0,-0.022172060363768797,0.007827939636231202,0.002172060363768798,4.344120727537596,-0.0003522477333141776,1.559552593525622e-06,2.6064724365225573,0.025,0.0,-0.03,0.0,1.0,0.0,0.01
33,1.099990528805792,34,0.03692891137969014,0.0,-0.02340540631649686,0.006594593683503139,0.0034054063164968614,6.810812632993723,-0.0002570064634666004,1.278209264580424e-05,4.086487579796233,0.025,0.0,-0.03,0.0,1.0,0.0,0.01
33,1.099990528805792,35,0.03710124523881364,0.0,-0.02464099277460719,0.0053590072253928075,0.004640992774607193,9.281985549214385,-0.00026071241147286085,1.7664495904439673e-05,5.569191329528631,0.025,0.0,-0.03,0.0,1.0,0.0,0.01
33,1.099990528805792,36,0.037256662391791665,0.0,-0.02587881775911938,0.0041211822408806185,0.005878817759119382,11.757635518238763,-0.0002524077394581266,1.275237801659179e-05,7.054581310943258,0.025,0.0,-0.03,0.0,1.0,0.0,0.01
33,1.099990528805792,37,0.03739273448127729,0.0,-0.02711906433010546,0.0028809356698945403,0.00711906433010546,14.23812866021092,-0.000375027952763581,8.673260769978716e-07,8.542877196126552,0.025,0.0,-0.03,0.0,1.0,0.0,0.01
33,1.099990528805792,38,0.03750839706261381,0.0,-0.028361413632216163,0.0016385863677838355,0.008361413632216165,16.72282726443233,-0.00011953901811057101,3.499073628370738e-05,10.033696358659396,0.025,0.0,-0.03,0.0,1.0,0.0,0.01
33,1.099990528805792,39,0.03760447320549496,0.0,-0.029605534463093712,0.0003944655369062869,0.009605534463093713,19.211068926187426,-0.0005301531309408461,3.436646181593873e-06,11.526641355712455,0.025,0.0,-0.03,0.0,1.0,0.0,0.01
33,1.099990528805792,40,0.03768349312618998,0.0,-0.030850842051165814,0.0008508420511658156,0.009149157948834185,18.29831589766837,-5.061118205933805e-05,6.408454123258622e-05,10.978989538601022,0.025,0.0,-0.03,0.0,1.0,0.0,0.01
33,1.099990528805792,41,0.03775000834777742,0.0,-0.03209688234165263,0.002096882341652631,0.007903117658347369,15.806235316694739,0.0007211610491371437,2.1026753152835455e-05,9.483741190016843,0.025,0.0,-0.03,0.0,1.0,0.0,0.01
33,1.099990528805792,42,0.037810187416145426,0.0,-0.03334318598287757,0.0033431859828775695,0.006656814017122431,13.31362803424486,-9.032130694128847e-05,8.748588262394573e-05,7.988176820546916,0.025,0.0,-0.03,0.0,1.0,0.0,0.01
33,1.099990528805792,43,0.03786955859911919,0.0,-0.03458956536314792,0.004589565363147918,0.005410434636852082,10.820869273704163,0.0006035807878212403,5.45957021221818e-05,6.492521564222498,0.025,0.0,-0.03,0.0,1.0,0.0,0.01
33,1.099990528805792,44,0.03793247431289515,0.0,-0.03583572377245512,0.005835723772455122,0.0041642762275448785,8.328552455089756,3.7204249891614717e-05,0.00010943919095841375,4.997131473053853,0.025,0.0,-0.03,0.0,1.0,0.0,0.01
33,1.099990528805792,45,0.03800328829061523,0.0,-0.03708144007493855,0.00708144007493855,0.0029185599250614504,5.8371198501229005,0.0004740429264946264,9.070723505793434e-05,3.5022719100737403,0.025,0.0,-0.03,0.0,1.0,0.0,0.01
33,1.099990528805792,46,0.03808633143430237,0.0,-0.03832632155133898,0.008326321551338979,0.0016736784486610212,3.3473568973220424,0.00017472670460391156,0.0001287252351301161,2.0084141383932255,0.025,0.0,-0.03,0.0,1.0,0.0,0.01
33,1.099990528805792,47,0.03817427198589701,0.0,-0.03956978300794986,0.009569783007949861,0.00043021699205013884,0.8604339841002777,0.00033810534757455735,0.00014055300410377363,0.5162603904601666,0.025,0.0,-0.03,0.0,1.0,0.0,0.01
33,1.099990528805792,48,0.036979378294713275,0.0,-0.039932194560949964,0.009932194560949965,6.780543905003482e-05,0.13561087810006964,0.00025475134361657503,0.00012886445256592524,0.08136652686004178,0.025,0.0,-0.03,0.0,1.0,0.0,0.01
33,1.099990528805792,68,0.015658243477823686,0.0,-0.03986681170794222,0.009866811707942222,0.00013318829205777837,0.26637658411555676,-0.00024370486500511972,0.0001970139270787889,0.15982595046933404,0.025,0.0,-0.03,0.0,1.0,0.0,0.01
33,1.099990528805792,69,0.015053343882374734,0.0,-0.0387835139460719,0.008783513946071901,0.001216486053928099,2.432972107856198,-0.0002521644712308045,0.0001794814452792969,1.4597832647137188,0.025,0.0,-0.03,0.0,1.0,0.0,0.01
33,1.099990528805792,70,0.014472811325229954,0.0,-0.03768699671977742,0.00768699671977742,0.0023130032802225805,4.626006560445161,-0.0002628710353767802,0.0001629064191969826,2.7756039362670966,0.025,0.0,-0.03,0.0,1.0,0.0,0.01
33,1.099990528805792,71,0.013918787944933285,0.0,-0.03657686028720323,0.00657686028720323,0.00342313971279677,6.84627942559354,-0.0002707966047281715,0.0001445987263786728,4.107767655356124,0.025,0.0,-0.03,0.0,1.0,0.0,0.01
33,1.099990528805792,72,0.013392996364446632,0.0,-0.03545307646842062,0.005453076468420623,0.004546923531579377,9.093847063158755,-0.00028026991333493284,0.0001268210267243531,5.456308237895253,0.025,0.0,-0.03,0.0,1.0,0.0,0.01
33,1.099990528805792,73,0.012896081294505557,0.0,-0.03431621588984561,0.004316215889845612,0.005683784110154388,11.367568220308776,-0.0002878109133178404,0.00010807879186712317,6.820540932185265,0.025,0.0,-0.03,0.0,1.0,0.0,0.01
33,1.099990528805792,74,0.012427520335593455,0.0,-0.03316736088349786,0.003167360883497859,0.006832639116502141,13.665278233004281,-0.0002958080610277718,8.95780271676155e-05,8.199166939802568,0.025,0.0,-0.03,0.0,1.0,0.0,0.01
33,1.099990528805792,75,0.011985568973151003,0.0,-0.03200797621793689,0.0020079762179368923,0.007992023782063108,15.984047564126216,-0.00030258620974339646,7.063677112535277e-05,9.590428538475729,0.025,0.0,-0.03,0.0,1.0,0.0,0.01
33,1.099990528805792,76,0.01156852149449862,0.0,-0.030839353367300582,0.0008393533673005833,0.009160646632699417,18.321293265398833,-0.00030998650584262684,5.192998213770933e-05,10.9927759592393,0.025,0.0,-0.03,0.0,1.0,0.0,0.01
33,1.099990528805792,77,0.011175145757851045,0.0,-0.029662501219731106,0.0003374987802688932,0.009662501219731107,19.325002439462214,0.00031550742414682836,3.256697404166482e-05,11.595001463677328,0.025,0.0,-0.03,0.0,1.0,0.0,0.01
33,1.099990528805792,78,0.01080404817146755,0.0,-0.028478385241006446,0.001521614758993553,0.008478385241006447,16.956770482012896,0.00032253259654031025,1.3712524424339368e-05,10.174062289207738,0.025,0.0,-0.03,0.0,1.0,0.0,0.01
33,1.099990528805792,79,0.010453684546319888,0.0,-0.02728792041958309,0.002712079580416908,0.007287920419583092,14.575840839166185,0.00032710359551180526,5.899036734759839e-06,8.74550450349971,0.025,0.0,-0.03,0.0,1.0,0.0,0.01
33,1.099990528805792,80,0.010092777284513799,0.0,-0.026091156014692328,0.003908843985307671,0.006091156014692329,12.182312029384658,0.0003341418683267765,2.5145257476347908e-05,7.309387217630794,0.025,0.0,-0.03,0.0,1.0,0.0,0.01
34,1.1333235751332404,32,0.036539054222249887,0.0,-0.020949805857813465,0.009050194142186534,0.0009498058578134658,1.8996117156269317,-0.002321393662921842,0.0005106460929331639,1.139767029376159,0.025,0.0,-0.03,0.0,1.0,0.0,0.01
34,1.1333235751332404,33,0.03674104731297001,0.0,-0.02218089444717108,0.007819105552828918,0.0021808944471710823,4.3617888943421645,0.0017962262536102115,0.00034264045389995783,2.6170733366052987,0.025,0.0,-0.03,0.0,1.0,0.0,0.01
34,1.1333235751332404,34,0.036928609304934044,0.0,-0.023414274711499684,0.0065857252885003145,0.0034142747114996857,6.828549422999371,-0.002224176097605899,0.0002725904656899073,4.097129653799622,0.025,0.0,-0.03,0.0,1.0,0.0,0.01
34,1.1333235751332404,35,0.03710098066953525,0.0,-0.02464983178267677,0.005350168217323228,0.0046498317826767725,9.299663565353544,0.001626959178130237,0.00024229813293386035,5.5797981392121265,0.025,0.0,-0.03,0.0,1.0,0.0,0.01
34,1.1333235751332404,36,0.03725638087149088,0.0,-0.025887702853647766,0.004112297146352233,0.005887702853647767,11.775405707295533,-0.0021274875468030685,0.000213842228362497,7.06524342437732,0.025,0.0,-0.03,0.0,1.0,0.0,0.01
34,1.1333235751332404,37,0.03739234370959983,0.0,-0.027127938073900647,0.002872061926099352,0.007127938073900648,14.255876147801295,0.0016280747011481343,0.0002124534464749178,8.553525688680777,0.025,0.0,-0.03,0.0,1.0,0.0,0.01
34,1.1333235751332404,38,0.03750782321486126,0.0,-0.028370344038558426,0.0016296559614415729,0.008370344038558427,16.740688077116854,-0.002134080993393992,0.00016360994119799871,10.044412846270111,0.025,0.0,-0.03,0.0,1.0,0.0,0.01
34,1.1333235751332404,39,0.0376036349257349,0.0,-0.029614462174088613,0.0003855378259113862,0.009614462174088614,19.228924348177227,0.0016331049948167717,0.00018989539508288317,11.537354608906336,0.025,0.0,-0.03,0.0,1.0,0.0,0.01
34,1.1333235751332404,40,0.03768232924827062,0.0,-0.030859825266488356,0.0008598252664883572,0.009140174733511643,18.280349467023285,0.0021426495255517995,0.00011935193275371696,10.96820968021397,0.025,0.0,-0.03,0.0,1.0,0.0,0.01
34,1.1333235751332404,41,0.037748462949318336,0.0,-0.03210586302506524,0.002105863025065241,0.00789413697493476,15.788273949869518,-0.0016370792839245172,0.00017604642063709874,9.47296436992171,0.025,0.0,-0.03,0.0,1.0,0.0,0.01
34,1.1333235751332404,42,0.0378082270799459,0.0,-0.03335221544338066,0.003352215443380664,0.006647784556619336,13.295569113238672,0.0019015635331659623,6.05217590798064e-05,7.977341467943203,0.025,0.0,-0.03,0.0,1.0,0.0,0.01
34,1.1333235751332404,43,0.03786715396662213,0.0,-0.03459859873854184,0.004598598738541841,0.005401401261458159,10.802802522916318,-0.0011286882263359512,0.00016721154079863237,6.48168151374979,0.025,0.0,-0.03,0.0,1.0,0.0,0.01
34,1.1333235751332404,44,0.03792961206282439,0.0,-0.03584480179401702,0.0058448017940170224,0.004155198205982978,8.310396411965955,0.0013624650264780045,2.6708066614091265e-06,4.986237847179573,0.025,0.0,-0.03,0.0,1.0,0.0,0.01
34,1.1333235751332404,45,0.03799995987639175,0.0,-0.0370905350997069,0.007090535099706904,0.0029094649002930958,5.818929800586192,-0.0005586320635884878,0.00016090277690239505,3.491357880351715,0.025,0.0,-0.03,0.0,1.0,0.0,0.01
34,1.1333235751332404,46,0.03808254246066816,0.0,-0.03833546052378947,0.008335460523789473,0.0016645394762105272,3.3290789524210544,0.0007749522697433778,6.991095990712434e-05,1.9974473714526326,0.025,0.0,-0.03,0.0,1.0,0.0,0.01
34,1.1333235751332404,47,0.038170026050169066,0.0,-0.039578951505767186,0.009578951505767187,0.0004210484942328129,0.8420969884656259,4.764576981231341e-05,9.43235290017896e-05,0.5052581930793755,0.025,0.0,-0.03,0.0,1.0,0.0,0.01
34,1.1333235751332404,48,0.0369748449608696,0.0,-0.03994045568747115,0.00994045568747115,5.954431252884994e-05,0.11908862505769988,0.0002751770102748179,0.00020038378984499095,0.07145317503461993,0.025,0.0,-0.03,0.0,1.0,0.0,0.01
34,1.1333235751332404,68,0.015652060317813955,0.0,-0.03985916447712357,0.009859164477123573,0.0001408355228764268,0.2816710457528536,-0.00021591667185893142,0.00017456047951516058,0.16900262745171216,0.025,0.0,-0.03,0.0,1.0,0.0,0.01
34,1.1333235751332404,69,0.015047691553301226,0.0,-0.03877556300505907,0.008775563005059071,0.0012244369949409289,2.4488739898818577,-0.00022539854441863666,0.00016003800796734276,1.4693243939291145,0.025,0.0,-0.03,0.0,1.0,0.0,0.01
34,1.1333235751332404,70,0.014467702534028962,0.0,-0.037678751495962635,0.0076787514959626366,0.0023212485040373636,4.642497008074727,-0.00023235637623363368,0.00014396300058267447,2.7854982048448362,0.025,0.0,-0.03,0.0,1.0,0.0,0.01
34,1.1333235751332404,71,0.013914238123348504,0.0,-0.0365683311072493,0.006568331107249303,0.003431668892750697,6.863337785501393,-0.0002417354104583173,0.00012880582406926442,4.118002671300836,0.025,0.0,-0.03,0.0,1.0,0.0,0.01
34,1.1333235751332404,72,0.013389018124808062,0.0,-0.03544427637916319,0.005444276379163192,0.004555723620836808,9.111447241673616,-0.0002480788314315555,0.00011204496243253367,5.46686834500417,0.025,0.0,-0.03,0.0,1.0,0.0,0.01
34,1.1333235751332404,73,0.01289268437820622,0.0,-0.034307159703828735,0.004307159703828736,0.005692840296171264,11.385680592342528,-0.00025656774439501527,9.61440767042222e-05,6.831408355405516,0.025,0.0,-0.03,0.0,1.0,0.0,0.01
34,1.1333235751332404,74,0.012424710321245085,0.0,-0.033158064796650136,0.003158064796650137,0.006841935203349863,13.683870406699727,-0.00026216885146810345,7.90600521318255e-05,8.210322244019835,0.025,0.0,-0.03,0.0,1.0,0.0,0.01
34,1.1333235751332404,75,0.011983349900481837,0.0,-0.03199845500281187,0.001998455002811872,0.008001544997188128,16.003089994376257,-0.0002699264748030494,6.289601769258457e-05,9.601853996625755,0.025,0.0,-0.03,0.0,1.0,0.0,0.01
34,1.1333235751332404,76,0.011566898189048547,0.0,-0.030829619700192813,0.0008296197001928136,0.009170380299807187,18.340760599614374,-0.0002740563251211384,4.5369685566242805e-05,11.004456359768623,0.025,0.0,-0.03,0.0,1.0,0.0,0.01
34,1.1333235751332404,77,0.011174122338280496,0.0,-0.02965256715241044,0.00034743284758955925,0.009652567152410441,19.305134304820882,0.0002819702555903291,2.9176617618884336e-05,11.58308058289253,0.025,0.0,-0.03,0.0,1.0,0.0,0.01
34,1.1333235751332404,78,0.010803628115032047,0.0,-0.028468262239601746,0.001531737760398253,0.008468262239601747,16.936524479203495,0.0002847929126738923,1.1303276082861217e-05,10.161914687522097,0.025,0.0,-0.03,0.0,1.0,0.0,0.01
34,1.1333235751332404,79,0.010453870662862071,0.0,-0.027277619124717833,0.002722380875282166,0.007277619124717834,14.555238249435668,0.00029247457672561776,5.019557705502825e-06,8.733142949661401,0.025,0.0,-0.03,0.0,1.0,0.0,0.01
34,1.1333235751332404,80,0.010093579610764283,0.0,-0.026080669087212738,0.003919330912787261,0.006080669087212739,12.161338174425477,0.00029504736857133946,2.3253628986652424e-05,7.296802904655286,0.025,0.0,-0.03,0.0,1.0,0.0,0.01
35,1.1666566214606886,32,0.03653862648795706,0.0,-0.02095767120197479,0.009042328798025207,0.000957671201974793,1.915342403949586,0.0017182567639981467,0.0005060744296029026,1.1492054423697515,0.025,0.0,-0.03,0.0,1.0,0.0,0.01
35,1.1666566214606886,33,0.036740706775007306,0.0,-0.02218875711124474,0.00781124288875526,0.0021887571112447404,4.377514222489481,-0.0021740737846902467,0.0003077851498623123,2.626508533493688,0.025,0.0,-0.03,0.0,1.0,0.0,0.01
35,1.1666566214606886,34,0.036928335984848897,0.0,-0.02342213467079873,0.006577865329201269,0.003422134670798731,6.844269341597462,0.0016962403147078283,0.0002813685870837137,4.106561604958477,0.025,0.0,-0.03,0.0,1.0,0.0,0.01
35,1.1666566214606886,35,0.03710074465417887,0.0,-0.024657698674601426,0.005342301325398573,0.004657698674601427,9.315397349202854,-0.0020825060822817223,0.0002319321309500548,5.5892384095217125,0.025,0.0,-0.03,0.0,1.0,0.0,0.01
35,1.1666566214606886,36,0.03725612528444498,0.0,-0.02589557878720879,0.004104421212791209,0.0058955787872087915,11.791157574417584,0.001590878331095563,0.0002213887841949583,7.0746945446505505,0.025,0.0,-0.03,0.0,1.0,0.0,0.01
35,1.1666566214606886,37,0.037391993948495295,0.0,-0.027135834349532463,0.002864165650467536,0.007135834349532464,14.271668699064929,-0.001981972191292342,0.00017704530915049117,8.563001219438958,0.025,0.0,-0.03,0.0,1.0,0.0,0.01
35,1.1666566214606886,38,0.03750730738963012,0.0,-0.02837826215075987,0.0016217378492401277,0.008378262150759873,16.756524301519747,0.0014723700955030774,0.00017561733604238032,10.053914580911847,0.025,0.0,-0.03,0.0,1.0,0.0,0.01
35,1.1666566214606886,39,0.037602885974272166,0.0,-0.02962240428696679,0.00037759571303321027,0.00962240428696679,19.24480857393358,-0.0018497258946969912,0.00012047388766504882,11.546885144360147,0.025,0.0,-0.03,0.0,1.0,0.0,0.01
35,1.1666566214606886,40,0.03768128837477236,0.0,-0.030867792639612337,0.000867792639612338,0.009132207360387662,18.264414720775324,-0.001321032540569368,0.00015394171708005784,10.958648832465194,0.025,0.0,-0.03,0.0,1.0,0.0,0.01
35,1.1666566214606886,41,0.03774708412642723,0.0,-0.032113849452869186,0.0021138494528691876,0.007886150547130813,15.772301094261625,0.0016833010488502673,6.481026931188721e-05,9.463380656556975,0.025,0.0,-0.03,0.0,1.0,0.0,0.01
35,1.1666566214606886,42,0.03780647756498105,0.0,-0.03336022644531181,0.003360226445311809,0.006639773554688191,13.279547109376383,-0.0010425759889271585,0.00013997341716567724,7.967728265625829,0.025,0.0,-0.03,0.0,1.0,0.0,0.01
35,1.1666566214606886,43,0.037865010217549816,0.0,-0.03460662911918164,0.004606629119181638,0.0053933708808183625,10.786741761636724,0.0012934438257451377,1.6330657711844126e-05,6.472045056982035,0.025,0.0,-0.03,0.0,1.0,0.0,0.01
35,1.1666566214606886,44,0.03792706006727192,0.0,-0.03585285858785515,0.005852858587855149,0.004147141412144851,8.294282824289702,-0.0006247191374483602,0.0001370219844259143,4.976569694573821,0.025,0.0,-0.03,0.0,1.0,0.0,0.01
35,1.1666566214606886,45,0.037996993842387305,0.0,-0.03709861705138598,0.00709861705138598,0.00290138294861402,5.802765897228039,0.000857317432773701,3.254057928393222e-05,3.4816595383368236,0.025,0.0,-0.03,0.0,1.0,0.0,0.01
35,1.1666566214606886,46,0.03807916600416462,0.0,-0.038343574364667884,0.008343574364667886,0.0016564256353321146,3.312851270664229,-0.00016981536775342434,0.00012428975360610227,1.9877107623985373,0.025,0.0,-0.03,0.0,1.0,0.0,0.01
35,1.1666566214606886,47,0.03816624297913132,0.0,-0.03958709537032964,0.009587095370329639,0.0004129046296703614,0.8258092593407228,0.00039432532399692326,0.00012709471762076645,0.49548555560443364,0.025,0.0,-0.03,0.0,1.0,0.0,0.01
35,1.1666566214606886,48,0.03697080779473846,0.0,-0.03994779218391661,0.009947792183916608,5.220781608339213e-05,0.10441563216678426,0.00017395200684489266,5.765239738538008e-05,0.06264937930007056,0.025,0.0,-0.03,0.0,1.0,0.0,0.01
35,1.1666566214606886,68,0.01564657048522512,0.0,-0.03985236872966938,0.00985236872966938,0.0001476312703306195,0.295262540661239,-0.00019152965447824977,0.0001547870446499238,0.1771575243967434,0.025,0.0,-0.03,0.0,1.0,0.0,0.01
35,1.1666566214606886,69,0.01504267389797395,0.0,-0.03876849738723022,0.00876849738723022,0.00123150261276978,2.46300522553956,-0.00020004151768340271,0.00014192385568351289,1.4778031353237358,0.025,0.0,-0.03,0.0,1.0,0.0,0.01
35,1.1666566214606886,70,0.014463168355183692,0.0,-0.03767142443592071,0.007671424435920712,0.002328575564079288,4.657151128158576,-0.00020695166872671995,0.00012799751532295057,2.7942906768951454,0.025,0.0,-0.03,0.0,1.0,0.0,0.01
35,1.1666566214606886,71,0.013910201109721748,0.0,-0.036560751784603565,0.006560751784603566,0.003439248215396434,6.878496430792868,-0.00021420546303269208,0.00011401658718984329,4.127097858475721,0.025,0.0,-0.03,0.0,1.0,0.0,0.01
35,1.1666566214606886,72,0.013385489484653368,0.0,-0.03543645641664477,0.0054364564166447735,0.004563543583355227,9.127087166710453,-0.00022121065090619432,9.97268025191444e-05,5.476252300026272,0.025,0.0,-0.03,0.0,1.0,0.0,0.01
35,1.1666566214606886,73,0.012889672764347129,0.0,-0.034299112273584495,0.004299112273584496,0.005700887726415504,11.401775452831009,-0.00022711875541686725,8.489404107779129e-05,6.841065271698605,0.025,0.0,-0.03,0.0,1.0,0.0,0.01
35,1.1666566214606886,74,0.012422220687412507,0.0,-0.03314980429242439,0.0031498042924243894,0.006850195707575611,13.700391415151222,-0.00023395120776407408,7.046253439430727e-05,8.220234849090733,0.025,0.0,-0.03,0.0,1.0,0.0,0.01
35,1.1666566214606886,75,0.011981385842096121,0.0,-0.03198999457254671,0.0019899945725467133,0.008010005427453287,16.020010854906573,-0.00023841928135658614,5.5148348084266205e-05,9.612006512943944,0.025,0.0,-0.03,0.0,1.0,0.0,0.01
35,1.1666566214606886,76,0.01156546398449697,0.0,-0.030820970596357394,0.0008209705963573947,0.009179029403642605,18.35805880728521,-0.0002453524844025636,4.074546622001545e-05,11.014835284371125,0.025,0.0,-0.03,0.0,1.0,0.0,0.01
35,1.1666566214606886,77,0.011173221655070302,0.0,-0.029643740120773417,0.00035625987922658156,0.009643740120773419,19.287480241546838,0.00024843853698456166,2.4999604867934042e-05,11.572488144928103,0.025,0.0,-0.03,0.0,1.0,0.0,0.01
35,1.1666566214606886,78,0.010803264030117617,0.0,-0.028459267444950535,0.0015407325550494642,0.008459267444950536,16.91853488990107,0.0002553551962603087,1.0529852546572915e-05,10.151120933940643,0.025,0.0,-0.03,0.0,1.0,0.0,0.01
35,1.1666566214606886,79,0.010454045681845128,0.0,-0.02726846606510905,0.002731533934890947,0.007268466065109053,14.536932130218107,0.0002575301150266709,5.421413122072506e-06,8.722159278130864,0.025,0.0,-0.03,0.0,1.0,0.0,0.01
35,1.1666566214606886,80,0.010094302664660439,0.0,-0.0260713512031779,0.003928648796822098,0.0060713512031779025,12.142702406355806,0.0002645089016368939,2.0214110237999965e-05,7.285621443813483,0.025,0.0,-0.03,0.0,1.0,0.0,0.01
36,1.199989667788137,32,0.036538241619946336,0.0,-0.020964644653683105,0.009035355346316894,0.0009646446536831065,1.929289307366213,0.00012704753875522642,9.065196870938136e-05,1.1575735844197277,0.025,0.0,-0.03,0.0,1.0,0.0,0.01
36,1.199989667788137,33,0.036740404590543424,0.0,-0.02219575510630985,0.007804244893690148,0.002195755106309852,4.391510212619704,-0.0004911214752374847,3.82954189337864e-05,2.6349061275718224,0.025,0.0,-0.03,0.0,1.0,0.0,0.01
36,1.199989667788137,34,0.03692808923319488,0.0,-0.023429104534080723,0.006570895465919276,0.0034291045340807246,6.858209068161449,5.8314779664412646e-05,4.31071363233015e-05,4.11492544089687,0.025,0.0,-0.03,0.0,1.0,0.0,0.01
36,1.199989667788137,35,0.03710053389166054,0.0,-0.02466469900277306,0.005335300997226938,0.004664699002773063,9.329398005546125,-0.00041220748424141643,1.6107782742438703e-05,5.5976388033276745,0.025,0.0,-0.03,0.0,1.0,0.0,0.01
36,1.199989667788137,36,0.03725589392793975,0.0,-0.025902563517994564,0.004097436482005435,0.005902563517994565,11.80512703598913,5.2024948711754964e-05,3.6163798186792146e-05,7.083076221593478,0.025,0.0,-0.03,0.0,1.0,0.0,0.01
36,1.199989667788137,37,0.037391681303805296,0.0,-0.027142861500607733,0.0028571384993922658,0.0071428615006077344,14.28572300121547,-0.0004917953071380809,2.3484156312882333e-05,8.571433800729281,0.025,0.0,-0.03,0.0,1.0,0.0,0.01
36,1.199989667788137,38,0.03750684427272581,0.0,-0.02838528361150681,0.0016147163884931877,0.008385283611506813,16.770567223013625,0.00014561047264926067,4.6665627777999596e-05,10.062340333808175,0.025,0.0,-0.03,0.0,1.0,0.0,0.01
36,1.199989667788137,39,0.037602217708855364,0.0,-0.029629473063235098,0.00037052693676490125,0.009629473063235099,19.2589461264702,-0.0006018756444790064,1.7322160177002895e-05,11.555367675882119,0.025,0.0,-0.03,0.0,1.0,0.0,0.01
36,1.199989667788137,40,0.03768035803286005,0.0,-0.03087485681302589,0.0008748568130258899,0.00912514318697411,18.25028637394822,-0.00026708001686480583,6.376138506189325e-05,10.950171824368931,0.025,0.0,-0.03,0.0,1.0,0.0,0.01
36,1.199989667788137,41,0.03774585516706469,0.0,-0.03212095861568533,0.0021209586156853283,0.007879041384314672,15.758082768629343,0.000738604112630947,7.715099302170152e-07,9.454849661177606,0.025,0.0,-0.03,0.0,1.0,0.0,0.01
36,1.199989667788137,42,0.03780491694976443,0.0,-0.03336733054150287,0.003367330541502872,0.006632669458497128,13.265338916994256,-0.00026721159582777465,7.587500165231701e-05,7.959203350196553,0.025,0.0,-0.03,0.0,1.0,0.0,0.01
36,1.199989667788137,43,0.03786310048005936,0.0,-0.0346137733234849,0.0046137733234849,0.0053862266765151,10.7724533530302,0.0005950072762242059,2.6831963860703824e-05,6.463472011818119,0.025,0.0,-0.03,0.0,1.0,0.0,0.01
36,1.199989667788137,44,0.0379247857800802,0.0,-0.035860007302544836,0.005860007302544837,0.004139992697455163,8.279985394910327,-0.00011177375901126197,8.752545027807253e-05,4.967991236946196,0.025,0.0,-0.03,0.0,1.0,0.0,0.01
36,1.199989667788137,45,0.03799435235361709,0.0,-0.03710580258024038,0.007105802580240378,0.0028941974197596223,5.788394839519245,0.00043400172884430673,5.611368372001311e-05,3.4730369037115465,0.025,0.0,-0.03,0.0,1.0,0.0,0.01
36,1.199989667788137,46,0.038076158619174606,0.0,-0.03835077806346681,0.008350778063466811,0.0016492219365331889,3.2984438730663777,5.7964193215205096e-05,9.557053805285461e-05,1.9790663238398265,0.025,0.0,-0.03,0.0,1.0,0.0,0.01
36,1.199989667788137,47,0.038162873951235514,0.0,-0.03959433115778452,0.00959433115778452,0.00040566884221548104,0.8113376844309621,0.00026304696944954783,0.0001019789672000859,0.4868026106585772,0.025,0.0,-0.03,0.0,1.0,0.0,0.01
36,1.199989667788137,48,0.036967214236276455,0.0,-0.03995430875906599,0.009954308759065993,4.56912409340076e-05,0.0913824818680152,0.00017381255791766966,8.361024470967592e-05,0.05482948912080912,0.025,0.0,-0.03,0.0,1.0,0.0,0.01
36,1.199989667788137,68,0.015641695766709734,0.0,-0.039846329138117496,0.009846329138117497,0.00015367086188250272,0.30734172376500546,-0.00017123161204479095,0.0001380182108636418,0.18440503425900326,0.025,0.0,-0.03,0.0,1.0,0.0,0.01
36,1.199989667788137,69,0.015038219105337865,0.0,-0.03876221804411645,0.008762218044116449,0.0012377819558835514,2.475563911767103,-0.00017679916264399622,0.00012548460761957288,1.4853383470602617,0.025,0.0,-0.03,0.0,1.0,0.0,0.01
36,1.199989667788137,70,0.01445914350823593,0.0,-0.037664912817463585,0.007664912817463586,0.0023350871825364144,4.670174365072829,-0.00018464056618535248,0.0001139940200448299,2.8021046190436976,0.025,0.0,-0.03,0.0,1.0,0.0,0.01
36,1.199989667788137,71,0.013906618378605682,0.0,-0.03655401609576237,0.006554016095762373,0.003445983904237627,6.891967808475254,-0.000189918506361252,0.00010097949837102848,4.135180685085152,0.025,0.0,-0.03,0.0,1.0,0.0,0.01
36,1.199989667788137,72,0.013382358812658396,0.0,-0.03542950697050267,0.005429506970502672,0.004570493029497328,9.140986058994656,-0.00019678270228541483,8.857891753573769e-05,5.484591635396794,0.025,0.0,-0.03,0.0,1.0,0.0,0.01
36,1.199989667788137,73,0.01288700184918792,0.0,-0.03429196080758058,0.004291960807580583,0.005708039192419417,11.416078384838833,-0.00020189409714241517,7.531961574590307e-05,6.8496470309032995,0.025,0.0,-0.03,0.0,1.0,0.0,0.01
36,1.199989667788137,74,0.012420013920154077,0.0,-0.03314246358215115,0.003142463582151152,0.006857536417848848,13.715072835697697,-0.00020761893679538385,6.235883730343399e-05,8.229043701418618,0.025,0.0,-0.03,0.0,1.0,0.0,0.01
36,1.199989667788137,75,0.011979646424743057,0.0,-0.03198247632614861,0.001982476326148612,0.008017523673851388,16.035047347702776,-0.00021231853062694014,4.901789088824125e-05,9.621028408621665,0.025,0.0,-0.03,0.0,1.0,0.0,0.01
36,1.199989667788137,76,0.011564195707414423,0.0,-0.0308132847940596,0.0008132847940596002,0.0091867152059404,18.3734304118808,-0.0002174524731918658,3.5844123350717774e-05,11.02405824712848,0.025,0.0,-0.03,0.0,1.0,0.0,0.01
36,1.199989667788137,77,0.011172427786709996,0.0,-0.029635896350338337,0.0003641036496616623,0.009635896350338338,19.271792700676677,0.00022145263204812482,2.2273219396342553e-05,11.563075620406005,0.025,0.0,-0.03,0.0,1.0,0.0,0.01
36,1.199989667788137,78,0.010802947289839365,0.0,-0.028451274706045415,0.0015487252939545837,0.008451274706045417,16.90254941209083,0.00022616562622279217,8.946364027761416e-06,10.1415296472545,0.025,0.0,-0.03,0.0,1.0,0.0,0.01
36,1.199989667788137,79,0.01045420830717985,0.0,-0.027260332844809033,0.0027396671551909654,0.007260332844809035,14.52066568961807,0.00022961213723811396,4.76685618232112e-06,8.712399413770841,0.025,0.0,-0.03,0.0,1.0,0.0,0.01
36,1.199989667788137,80,0.01009495259283802,0.0,-0.026063071629866014,0.003936928370133985,0.006063071629866015,12.12614325973203,0.00023427002921482594,1.8385719207560915e-05,7.275685955839218,0.025,0.0,-0.03,0.0,1.0,0.0,0.01
37,1.2333227141155851,32,0.036537904222274105,0.0,-0.020970863212957512,0.009029136787042487,0.0009708632129575134,1.9417264259150266,-0.002069622429383994,0.0004705239358602208,1.165035855549016,0.025,0.0,-0.03,0.0,1.0,0.0,0.01
37,1.2333227141155851,33,0.03674013090895334,0.0,-0.022201949906160756,0.007798050093839243,0.0022019499061607575,4.403899812321515,0.0017116227674379232,0.00031401986119414694,2.6423398873929087,0.025,0.0,-0.03,0.0,1.0,0.0,0.01
37,1.2333227141155851,34,0.03692787142800394,0.0,-0.023435319464643698,0.006564680535356301,0.0034353194646436994,6.870638929287399,-0.00201135606456928,0.0002553823457230566,4.122383357572439,0.025,0.0,-0.03,0.0,1.0,0.0,0.01
37,1.2333227141155851,35,0.037100341899987246,0.0,-0.024670897300734757,0.005329102699265242,0.0046708973007347585,9.341794601469518,0.0015861042724976987,0.0002280474933039624,5.605076760881711,0.025,0.0,-0.03,0.0,1.0,0.0,0.01
37,1.2333227141155851,36,0.0372556886020555,0.0,-0.025908790576572065,0.0040912094234279335,0.005908790576572067,11.817581153144133,-0.0019184094010684168,0.00019974138444432075,7.09054869188648,0.025,0.0,-0.03,0.0,1.0,0.0,0.01
37,1.2333227141155851,37,0.03739139879674016,0.0,-0.027149084425326268,0.0028509155746737312,0.007149084425326269,14.298168850652537,0.0015459023087144002,0.00019144688666164125,8.578901310391522,0.025,0.0,-0.03,0.0,1.0,0.0,0.01
37,1.2333227141155851,38,0.037506431932017845,0.0,-0.028391542476805105,0.0016084575231948943,0.008391542476805106,16.783084953610214,-0.0018750789902146753,0.0001496233761277604,10.069850972166128,0.025,0.0,-0.03,0.0,1.0,0.0,0.01
37,1.2333227141155851,39,0.03760161914391272,0.0,-0.029635733936893508,0.00036426606310649076,0.00963573393689351,19.271467873787017,0.0014947099539429339,0.00016297287141081942,11.56288072427221,0.025,0.0,-0.03,0.0,1.0,0.0,0.01
37,1.2333227141155851,40,0.037679529564371726,0.0,-0.03088115249242694,0.0008811524924269426,0.009118847507573058,18.237695015146116,0.001819606957312243,0.00010804151070797547,10.94261700908767,0.025,0.0,-0.03,0.0,1.0,0.0,0.01
37,1.2333227141155851,41,0.03774475821351315,0.0,-0.03212725653573031,0.0021272565357303083,0.007872743464269692,15.745486928539384,-0.0014290324777612136,0.00014332094309742852,9.44729215712363,0.025,0.0,-0.03,0.0,1.0,0.0,0.01
37,1.2333227141155851,42,0.037803527440209914,0.0,-0.03337365853511022,0.0033736585351102216,0.006626341464889779,13.252682929779557,0.0015782943095538316,5.887327761493781e-05,7.951609757867733,0.025,0.0,-0.03,0.0,1.0,0.0,0.01
37,1.2333227141155851,43,0.03786139833672311,0.0,-0.034620107208663146,0.0046201072086631476,0.005379892791336853,10.759785582673706,-0.000997394077617832,0.00013192252734225767,6.455871349604223,0.025,0.0,-0.03,0.0,1.0,0.0,0.01
37,1.2333227141155851,44,0.03792276119507153,0.0,-0.035866369507509314,0.005866369507509316,0.004133630492490685,8.26726098498137,0.0011200377805384548,1.3376849590112948e-05,4.960356590988821,0.025,0.0,-0.03,0.0,1.0,0.0,0.01
37,1.2333227141155851,45,0.03799199971012492,0.0,-0.03711217859394849,0.007112178593948491,0.002887821406051509,5.775642812103018,-0.0005133428167831182,0.00012278601625209703,3.465385687261811,0.025,0.0,-0.03,0.0,1.0,0.0,0.01
37,1.2333227141155851,46,0.03807348156254125,0.0,-0.038357183213026766,0.008357183213026767,0.0016428167869732332,3.285633573946466,0.0006206730823298626,4.429645574030296e-05,1.9713801443678796,0.025,0.0,-0.03,0.0,1.0,0.0,0.01
37,1.2333227141155851,47,0.03815987513939673,0.0,-0.03960075759856403,0.009600757598564033,0.0003992424014359671,0.7984848028719342,1.4158068981164504e-06,6.259619772317305e-05,0.4790908817231605,0.025,0.0,-0.03,0.0,1.0,0.0,0.01
37,1.2333227141155851,48,0.036964015324583384,0.0,-0.03996009860576637,0.009960098605766368,3.990139423363202e-05,0.07980278846726405,0.0001995947123899683,0.0001524908613400965,0.04788167308035843,0.025,0.0,-0.03,0.0,1.0,0.0,0.01
37,1.2333227141155851,68,0.01563736679481193,0.0,-0.03984096123231338,0.009840961232313379,0.0001590387676866211,0.31807753537324224,-0.000151935337632272,0.00012243407581815917,0.19084652122394533,0.025,0.0,-0.03,0.0,1.0,0.0,0.01
37,1.2333227141155851,69,0.01503426353380393,0.0,-0.03875663714194304,0.008756637141943038,0.0012433628580569619,2.4867257161139236,-0.00015791055885405807,0.00011184979528068131,1.492035429668354,0.025,0.0,-0.03,0.0,1.0,0.0,0.01
37,1.2333227141155851,70,0.014455570236003914,0.0,-0.03765912557230285,0.007659125572302854,0.0023408744276971465,4.681748855394293,-0.00016333010453186854,0.00010083314348442881,2.8090493132365757,0.025,0.0,-0.03,0.0,1.0,0.0,0.01
37,1.2333227141155851,71,0.013903438210885069,0.0,-0.0365480298048387,0.0065480298048386995,0.0034519701951613007,6.903940390322601,-0.0001695413559063626,8.999006240035539e-05,4.14236423419356,0.025,0.0,-0.03,0.0,1.0,0.0,0.01
37,1.2333227141155851,72,0.013379580587891217,0.0,-0.03542333081889042,0.005423330818890418,0.004576669181109582,9.153338362219165,-0.000174176689999695,7.830122869753585e-05,5.492003017331498,0.025,0.0,-0.03,0.0,1.0,0.0,0.01
37,1.2333227141155851,73,0.012884632399180022,0.0,-0.03428560521562737,0.004285605215627368,0.005714394784372632,11.428789568745264,-0.00018010320242129048,6.710500030390436e-05,6.857273741247158,0.025,0.0,-0.03,0.0,1.0,0.0,0.01
37,1.2333227141155851,74,0.012418057152731324,0.0,-0.03313593992666859,0.0031359399266685933,0.006864060073331407,13.728120146662814,-0.00018388749184624473,5.5044394873055176e-05,8.236872087997687,0.025,0.0,-0.03,0.0,1.0,0.0,0.01
37,1.2333227141155851,75,0.011978105173638003,0.0,-0.03197579498896899,0.001975794988968993,0.008024205011031007,16.048410022062015,-0.00018963220953273853,4.379624133891662e-05,9.62904601323721,0.025,0.0,-0.03,0.0,1.0,0.0,0.01
37,1.2333227141155851,76,0.011563073352080346,0.0,-0.03080645468366532,0.0008064546836653204,0.00919354531633468,18.38709063266936,-0.00019203764297520535,3.1305601246150075e-05,11.032254379601616,0.025,0.0,-0.03,0.0,1.0,0.0,0.01
37,1.2333227141155851,77,0.01117172721396643,0.0,-0.029628925945964762,0.0003710740540352371,0.009628925945964763,19.257851891929526,0.00019821107997135498,2.0132738239421908e-05,11.554711135157715,0.025,0.0,-0.03,0.0,1.0,0.0,0.01
37,1.2333227141155851,78,0.010802670931691778,0.0,-0.028444172061565746,0.0015558279384342531,0.008444172061565747,16.888344123131493,0.00019944681397945826,7.336301595609925e-06,10.133006473878895,0.025,0.0,-0.03,0.0,1.0,0.0,0.01
37,1.2333227141155851,79,0.010454358132033631,0.0,-0.027253105448292944,0.0027468945517070548,0.0072531054482929454,14.506210896585891,0.0002056217155620018,3.896263183224887e-06,8.703726537951534,0.025,0.0,-0.03,0.0,1.0,0.0,0.01
37,1.2333227141155851,80,0.010095535680866942,0.0,-0.02605571432431038,0.003944285675689618,0.006055714324310383,12.111428648620766,0.0002066044259294914,1.695536718980376e-05,7.266857189172459,0.025,0.0,-0.03,0.0,1.0,0.0,0.01
38,1.2666557604430333,32,0.036537602695828675,0.0,-0.020976386274920697,0.009023613725079302,0.0009763862749206983,1.9527725498413966,0.00039377282514842146,0.0001499055368206452,1.171663529904838,0.025,0.0,-0.03,0.0,1.0,0.0,0.01
38,1.2666557604430333,33,0.03673988698728823,0.0,-0.02220745743828795,0.007792542561712048,0.0022074574382879523,4.414914876575905,-0.0007295779939280334,8.687908383865804e-05,2.6489489259455428,0.025,0.0,-0.03,0.0,1.0,0.0,0.01
38,1.2666557604430333,34,0.03692767603951865,0.0,-0.02344083886509017,0.006559161134909827,0.003440838865090173,6.881677730180346,0.0004290649804955055,8.912193585260317e-05,4.129006638108208,0.025,0.0,-0.03,0.0,1.0,0.0,0.01
38,1.2666557604430333,35,0.037100170179832255,0.0,-0.024676408400266196,0.005323591599733803,0.004676408400266197,9.352816800532393,-0.00074415465700841,7.380313894497447e-05,5.611690080319436,0.025,0.0,-0.03,0.0,1.0,0.0,0.01
38,1.2666557604430333,36,0.03725550403586181,0.0,-0.025914321041750857,0.004085678958249142,0.005914321041750858,11.828642083501716,0.00039393303286114334,6.999211964388714e-05,7.097185250101029,0.025,0.0,-0.03,0.0,1.0,0.0,0.01
38,1.2666557604430333,37,0.03739114605301516,0.0,-0.027154616534037085,0.002845383465962914,0.007154616534037086,14.309233068074173,-0.0006600530273833327,4.549752820986485e-05,8.585539840844504,0.025,0.0,-0.03,0.0,1.0,0.0,0.01
38,1.2666557604430333,38,0.037506063215356565,0.0,-0.02839710230204937,0.0016028976979506303,0.00839710230204937,16.79420460409874,0.00029247633906360495,5.241352025620906e-05,10.076522762459245,0.025,0.0,-0.03,0.0,1.0,0.0,0.01
38,1.2666557604430333,39,0.03760108499854024,0.0,-0.02964129851175065,0.00035870148824935014,0.00964129851175065,19.2825970235013,-0.0005452230698388782,1.7764780514541258e-05,11.569558214100779,0.025,0.0,-0.03,0.0,1.0,0.0,0.01
38,1.2666557604430333,40,0.037678790782731404,0.0,-0.030886746394730817,0.0008867463947308182,0.009113253605269182,18.226507210538365,-0.00016087484634916749,4.646175214923981e-05,10.93590432632302,0.025,0.0,-0.03,0.0,1.0,0.0,0.01
38,1.2666557604430333,41,0.03774378067226276,0.0,-0.03213285240864011,0.0021328524086401124,0.007867147591359888,15.734295182719775,0.0004005616600722546,8.946109090130945e-06,9.440577109631864,0.025,0.0,-0.03,0.0,1.0,0.0,0.01
38,1.2666557604430333,42,0.03780228973147001,0.0,-0.033379281824808156,0.003379281824808157,0.006620718175191843,13.241436350383687,-5.254620509362061e-05,5.089533445626077e-05,7.944861810230211,0.025,0.0,-0.03,0.0,1.0,0.0,0.01
38,1.2666557604430333,43,0.03785988258452919,0.0,-0.034625735042410136,0.004625735042410137,0.005374264957589863,10.748529915179727,0.0003372187950134812,2.94842233776506e-05,6.449117949107836,0.025,0.0,-0.03,0.0,1.0,0.0,0.01
38,1.2666557604430333,44,0.03792095872373236,0.0,-0.03587202295940689,0.005872022959406892,0.004127977040593108,8.255954081186216,1.699054396788716e-05,6.211303088762707e-05,4.953572448711729,0.025,0.0,-0.03,0.0,1.0,0.0,0.01
38,1.2666557604430333,45,0.03798990548700987,0.0,-0.03711784386447891,0.007117843864478911,0.0028821561355210894,5.764312271042179,0.0002659476189021418,5.0543777945061445e-05,3.4585873626253076,0.025,0.0,-0.03,0.0,1.0,0.0,0.01
38,1.2666557604430333,46,0.03807109886504924,0.0,-0.03836287457273247,0.008362874572732472,0.0016371254272675283,3.274250854535057,9.311082015633684e-05,7.221369202554685e-05,1.964550512721034,0.025,0.0,-0.03,0.0,1.0,0.0,0.01
38,1.2666557604430333,47,0.03815720630839863,0.0,-0.03960646769457375,0.009606467694573753,0.00039353230542624705,0.7870646108524941,0.00019006611619124507,7.931017665273492e-05,0.47223876651149643,0.025,0.0,-0.03,0.0,1.0,0.0,0.01
38,1.2666557604430333,48,0.036961168978912315,0.0,-0.039965242982015946,0.009965242982015947,3.4757017984053326e-05,0.06951403596810665,0.00013864888683060668,6.929205516301821e-05,0.04170842158086399,0.025,0.0,-0.03,0.0,1.0,0.0,0.01
38,1.2666557604430333,68,0.01563352207595332,0.0,-0.0398361900931043,0.009836190093104304,0.00016380990689569656,0.32761981379139316,-0.00013439087010814655,0.00010837183347651808,0.19657188827483588,0.025,0.0,-0.03,0.0,1.0,0.0,0.01
38,1.2666557604430333,69,0.015030750807931825,0.0,-0.03875167675877704,0.008751676758777041,0.0012483232412229591,2.496646482445918,-0.0001407147562560986,9.952007052934073e-05,1.4979878894675507,0.025,0.0,-0.03,0.0,1.0,0.0,0.01
38,1.2666557604430333,70,0.014452397420529882,0.0,-0.037653981888984854,0.007653981888984855,0.002346018111015145,4.69203622203029,-0.00014502606564098397,8.945629346793906e-05,2.815221733218174,0.025,0.0,-0.03,0.0,1.0,0.0,0.01
38,1.2666557604430333,71,0.013900614892968148,0.0,-0.03654270929533893,0.006542709295338928,0.0034572907046610726,6.914581409322145,-0.00015063943942456907,7.988137243031133e-05,4.148748845593287,0.025,0.0,-0.03,0.0,1.0,0.0,0.01
38,1.2666557604430333,72,0.013377114627010455,0.0,-0.03541784166699925,0.005417841666999254,0.004582158333000746,9.164316666001492,-0.0001550356769920678,6.960498363915775e-05,5.4985899996008945,0.025,0.0,-0.03,0.0,1.0,0.0,0.01
38,1.2666557604430333,73,0.012882529860676529,0.0,-0.03427995667645261,0.004279956676452611,0.00572004332354739,11.440086647094779,-0.00015967082053241927,5.939241681436971e-05,6.864051988256867,0.025,0.0,-0.03,0.0,1.0,0.0,0.01
38,1.2666557604430333,74,0.012416321508923321,0.0,-0.033130142117633855,0.0031301421176338565,0.006869857882366144,13.739715764732287,-0.00016398273471014712,4.905265869004074e-05,8.243829458839372,0.025,0.0,-0.03,0.0,1.0,0.0,0.01
38,1.2666557604430333,75,0.011976738940780189,0.0,-0.03196985713775271,0.0019698571377527105,0.00803014286224729,16.06028572449458,-0.00016768879016778113,3.85166312639268e-05,9.636171434696747,0.025,0.0,-0.03,0.0,1.0,0.0,0.01
38,1.2666557604430333,76,0.011562079531577655,0.0,-0.030800384709661146,0.000800384709661147,0.009199615290338853,18.399230580677706,-0.00017176277416194215,2.8110009833862444e-05,11.039538348406623,0.025,0.0,-0.03,0.0,1.0,0.0,0.01
38,1.2666557604430333,77,0.011171108369767594,0.0,-0.029622731387947958,0.00037726861205204104,0.00962273138794796,19.24546277589592,0.0001748695516296129,1.7369508421618417e-05,11.547277665537552,0.025,0.0,-0.03,0.0,1.0,0.0,0.01
38,1.2666557604430333,78,0.010802429223223945,0.0,-0.028437860078955605,0.0015621399210443941,0.008437860078955606,16.87572015791121,0.0001786514494562207,6.8571361401689765e-06,10.125432094746726,0.025,0.0,-0.03,0.0,1.0,0.0,0.01
38,1.2666557604430333,79,0.01045449530712747,0.0,-0.027246682698385934,0.0027533173016140652,0.007246682698385935,14.49336539677187,0.00018129093189395178,4.00474663085034e-06,8.696019238063121,0.025,0.0,-0.03,0.0,1.0,0.0,0.01
38,1.2666557604430333,80,0.010096058036784839,0.0,-0.026049176225521182,0.003950823774478817,0.006049176225521183,12.098352451042366,0.0001850459059638063,1.4744354051424178e-05,7.25901147062542,0.025,0.0,-0.03,0.0,1.0,0.0,0.01
39,1.2999888067704817,32,0.036537329803211366,0.0,-0.020981278205483855,0.009018721794516144,0.000981278205483856,1.962556410967712,0.0013235358776056544,0.00037738446557651054,1.177533846580627,0.025,0.0,-0.03,0.0,1.0,0.0,0.01
39,1.2999888067704817,33,0.03673967185495355,0.0,-0.022212367879005757,0.007787632120994242,0.0022123678790057586,4.424735758011518,-0.0015890251033164728,0.0002290823810870892,2.6548414548069106,0.025,0.0,-0.03,0.0,1.0,0.0,0.01
39,1.2999888067704817,34,0.03692749906252781,0.0,-0.023445728168098957,0.0065542718319010415,0.0034457281680989587,6.891456336197917,0.0012665925601328606,0.0002050663470568981,4.13487380171875,0.025,0.0,-0.03,0.0,1.0,0.0,0.01
39,1.2999888067704817,35,0.0371000181997347,0.0,-0.024681320906290355,0.005318679093709644,0.004681320906290356,9.362641812580712,-0.0014802877547220414,0.00016390892253585626,5.617585087548427,0.025,0.0,-0.03,0.0,1.0,0.0,0.01
39,1.2999888067704817,36,0.03725533687261704,0.0,-0.025919220982539456,0.004080779017460543,0.005919220982539457,11.838441965078914,0.0011982111579287556,0.00016232484819689265,7.1030651790473485,0.025,0.0,-0.03,0.0,1.0,0.0,0.01
39,1.2999888067704817,37,0.03739092149422344,0.0,-0.02715954755940685,0.002840452440593149,0.007159547559406851,14.319095118813703,-0.001472268231000269,0.0001356744138366003,8.591457071288222,0.025,0.0,-0.03,0.0,1.0,0.0,0.01
39,1.2999888067704817,38,0.037505732492178374,0.0,-0.0284020285302972,0.0015979714697027976,0.008402028530297203,16.804057060594406,0.0011894578671472953,0.00013552639390014532,10.082434236356644,0.025,0.0,-0.03,0.0,1.0,0.0,0.01
39,1.2999888067704817,39,0.037600609777814,0.0,-0.029646258164561113,0.0003537418354388859,0.009646258164561114,19.29251632912223,-0.0014643899693836855,0.00010216682058111473,11.575509797473337,0.025,0.0,-0.03,0.0,1.0,0.0,0.01
39,1.2999888067704817,40,0.03767813113141214,0.0,-0.030891703114896186,0.000891703114896187,0.009108296885103813,18.216593770207627,-0.001178726925306141,0.00012391677918936593,10.929956262124575,0.025,0.0,-0.03,0.0,1.0,0.0,0.01
39,1.2999888067704817,41,0.037742910834653656,0.0,-0.032137839533390326,0.0021378395333903275,0.007862160466609673,15.724320933219346,0.0014526200606690895,6.607620970959888e-05,9.434592559931607,0.025,0.0,-0.03,0.0,1.0,0.0,0.01
39,1.2999888067704817,42,0.03780118668375933,0.0,-0.0333842665819643,0.0033842665819643,0.0066157334180357,13.2314668360714,-0.001001687123168277,0.00011066916094285246,7.938880101642839,0.025,0.0,-0.03,0.0,1.0,0.0,0.01
39,1.2999888067704817,43,0.037858533905703415,0.0,-0.03463074666408944,0.004630746664089441,0.005369253335910559,10.738506671821117,0.001102349368112627,2.9676813280364296e-05,6.44310400309267,0.025,0.0,-0.03,0.0,1.0,0.0,0.01
39,1.2999888067704817,44,0.03791935373176596,0.0,-0.03587703849739591,0.00587703849739591,0.00412296150260409,8.24592300520818,-0.0006261479272465198,0.00010269204313274955,4.947553803124908,0.025,0.0,-0.03,0.0,1.0,0.0,0.01
39,1.2999888067704817,45,0.037988042197558684,0.0,-0.03712288436580262,0.00712288436580262,0.00287711563419738,5.75423126839476,0.0007088722077919973,7.034490834921803e-06,3.452538761036856,0.025,0.0,-0.03,0.0,1.0,0.0,0.01
39,1.2999888067704817,46,0.03806897829193716,0.0,-0.038367928145594546,0.008367928145594547,0.0016320718544054532,3.264143708810906,-0.00021605659506323985,8.550424495514617e-05,1.9584862252865436,0.025,0.0,-0.03,0.0,1.0,0.0,0.01
39,1.2999888067704817,47,0.03815483139066096,0.0,-0.03961154337148685,0.009611543371486848,0.0003884566285131518,0.7769132570263036,0.0002902785655772203,8.524733004957433e-05,0.46614795421578215,0.025,0.0,-0.03,0.0,1.0,0.0,0.01
39,1.2999888067704817,48,0.036958637279796654,0.0,-0.03996981394808981,0.009969813948089809,3.0186051910191178e-05,0.060372103820382356,0.00010023225647599245,2.1419819249193047e-05,0.03622326229222941,0.025,0.0,-0.03,0.0,1.0,0.0,0.01
39,1.2999888067704817,68,0.01563010709476394,0.0,-0.0398319492129358,0.0098319492129358,0.00016805078706419972,0.33610157412839947,-0.00011988489082967184,9.650033158966724e-05,0.20166094447703967,0.025,0.0,-0.03,0.0,1.0,0.0,0.01
39,1.2999888067704817,69,0.015027630995749715,0.0,-0.03874726774538011,0.008747267745380108,0.0012527322546198923,2.5054645092397845,-0.00012431312920976602,8.798148016028173e-05,1.5032787055438706,0.025,0.0,-0.03,0.0,1.0,0.0,0.01
39,1.2999888067704817,70,0.01444957980648278,0.0,-0.037649410021585776,0.007649410021585777,0.002350589978414223,4.7011799568284465,-0.0001295951870021329,7.978702299972838e-05,2.820707974097068,0.025,0.0,-0.03,0.0,1.0,0.0,0.01
39,1.2999888067704817,71,0.013898108000284607,0.0,-0.03653798034805999,0.006537980348059989,0.003462019651940011,6.924039303880022,-0.00013329387140496838,7.065348013411933e-05,4.154423582328013,0.025,0.0,-0.03,0.0,1.0,0.0,0.01
39,1.2999888067704817,72,0.013374925431844258,0.0,-0.035412962902442585,0.005412962902442586,0.004587037097557414,9.174074195114828,-0.00013830254844317703,6.202071637255331e-05,5.5044445170688965,0.025,0.0,-0.03,0.0,1.0,0.0,0.01
39,1.2999888067704817,73,0.01288066375910434,0.0,-0.034274936339113556,0.004274936339113557,0.0057250636608864435,11.450127321772888,-0.00014150664683352574,5.254943335639419e-05,6.870076393063733,0.025,0.0,-0.03,0.0,1.0,0.0,0.01
39,1.2999888067704817,74,0.012414781577551557,0.0,-0.03312498918395121,0.00312498918395121,0.00687501081604879,13.75002163209758,-0.00014606019632056876,4.365942939068922e-05,8.250012979258548,0.025,0.0,-0.03,0.0,1.0,0.0,0.01
39,1.2999888067704817,75,0.0119755274221225,0.0,-0.031964579829734684,0.0019645798297346848,0.008035420170265315,16.07084034053063,-0.00014855117648977168,3.397834328524049e-05,9.642504204318378,0.025,0.0,-0.03,0.0,1.0,0.0,0.01
39,1.2999888067704817,76,0.011561199081862896,0.0,-0.03079499004157113,0.0007949900415711308,0.00920500995842887,18.41001991685774,-0.00015328779652686107,2.513072121981553e-05,11.046011950114643,0.025,0.0,-0.03,0.0,1.0,0.0,0.01
39,1.2999888067704817,77,0.01117056127785462,0.0,-0.029617226095125328,0.00038277390487467117,0.009617226095125329,19.234452190250657,0.00015467322174336965,1.511598777586905e-05,11.540671314150394,0.025,0.0,-0.03,0.0,1.0,0.0,0.01
39,1.2999888067704817,78,0.010802217393966468,0.0,-0.028432250486948953,0.0015677495130510463,0.008432250486948954,16.864500973897908,0.000159586236273306,6.268870764857813e-06,10.118700584338745,0.025,0.0,-0.03,0.0,1.0,0.0,0.01
39,1.2999888067704817,79,0.010454620305833303,0.0,-0.027240974767705158,0.0027590252322948414,0.007240974767705159,14.481949535410317,0.00016028309625536668,3.892434952788458e-06,8.68916972124619,0.025,0.0,-0.03,0.0,1.0,0.0,0.01
39,1.2999888067704817,80,0.010096525450008375,0.0,-0.026043365842340252,0.003956634157659747,0.006043365842340253,12.086731684680506,0.00016528748962537038,1.2937490706786889e-05,7.2520390108083035,0.025,0.0,-0.03,0.0,1.0,0.0,0.01
40,1.3333218530979298,32,0.03653708828141569,0.0,-0.020985632341591464,0.009014367658408535,0.0009856323415914654,1.9712646831829308,-0.0008296747648902785,0.00017373263924723092,1.1827588099097583,0.025,0.0,-0.03,0.0,1.0,0.0,0.01
40,1.3333218530979298,33,0.03673947877472019,0.0,-0.02221672515013272,0.0077832748498672805,0.0022167251501327197,4.43345030026544,0.0006023672377126066,0.0001237176692563728,2.6600701801592637,0.025,0.0,-0.03,0.0,1.0,0.0,0.01
40,1.3333218530979298,34,0.03692734185801291,0.0,-0.02345008022288896,0.00654991977711104,0.0034500802228889602,6.900160445777921,-0.0008509527260658316,9.940933734680451e-05,4.1400962674667525,0.025,0.0,-0.03,0.0,1.0,0.0,0.01
40,1.3333218530979298,35,0.03709988125006385,0.0,-0.024685680074372496,0.005314319925627503,0.004685680074372497,9.371360148744994,0.0005974787320758897,9.840229202181069e-05,5.622816089246997,0.025,0.0,-0.03,0.0,1.0,0.0,0.01
40,1.3333218530979298,36,0.03725518796716066,0.0,-0.025923582133353006,0.004076417866646993,0.005923582133353008,11.847164266706015,-0.0008109941964649788,7.66947671583918e-05,7.108298560023608,0.025,0.0,-0.03,0.0,1.0,0.0,0.01
40,1.3333218530979298,37,0.03739072009589875,0.0,-0.027163923936913265,0.0028360760630867336,0.007163923936913267,14.327847873826533,0.0005239616622421815,7.379597052674463e-05,8.596708724295919,0.025,0.0,-0.03,0.0,1.0,0.0,0.01
40,1.3333218530979298,38,0.03750543779385284,0.0,-0.02840641218060323,0.0015935878193967697,0.00840641218060323,16.81282436120646,-0.0007250003576078247,4.802281135646685e-05,10.087694616723875,0.025,0.0,-0.03,0.0,1.0,0.0,0.01
40,1.3333218530979298,39,0.03760018560202021,0.0,-0.029650660969648805,0.0003493390303511944,0.009650660969648806,19.301321939297612,0.00042347814983563313,5.892297897781954e-05,11.580793163578567,0.025,0.0,-0.03,0.0,1.0,0.0,0.01
40,1.3333218530979298,40,0.03767754371981927,0.0,-0.030896112711269887,0.0008961127112698877,0.009103887288730112,18.207774577460224,0.000613000391227995,2.2332827762999328e-05,10.924664746476134,0.025,0.0,-0.03,0.0,1.0,0.0,0.01
40,1.3333218530979298,41,0.03774213588639726,0.0,-0.03214226796348946,0.002142267963489458,0.007857732036510542,15.715464073021083,-0.0002967587539572197,5.2681772043309605e-05,9.429278443812649,0.025,0.0,-0.03,0.0,1.0,0.0,0.01
40,1.3333218530979298,42,0.03780020488531237,0.0,-0.03338869989102308,0.0033886998910230837,0.0066113001089769165,13.222600217953833,0.0004931894686247847,1.2748310844372767e-06,7.9335601307723,0.025,0.0,-0.03,0.0,1.0,0.0,0.01
40,1.3333218530979298,43,0.03785733326275336,0.0,-0.03463519779404024,0.004635197794040244,0.005364802205959756,10.729604411919512,-0.00018381866715094038,5.645167012181759e-05,6.437762647151707,0.025,0.0,-0.03,0.0,1.0,0.0,0.01
40,1.3333218530979298,44,0.037917925563017776,0.0,-0.03588149801531876,0.005881498015318759,0.004118501984681241,8.237003969362481,0.00037390060911630734,2.1559997099466092e-05,4.942202381617489,0.025,0.0,-0.03,0.0,1.0,0.0,0.01
40,1.3333218530979298,45,0.03798638406646965,0.0,-0.037127362201896996,0.007127362201896997,0.002872637798103003,5.745275596206006,-5.6667853770941204e-05,6.176476134311537e-05,3.447165357723603,0.025,0.0,-0.03,0.0,1.0,0.0,0.01
40,1.3333218530979298,46,0.03806709160920633,0.0,-0.038372420220994116,0.008372420220994117,0.001627579779005883,3.2551595580117656,0.0002436492813728179,4.507330869545224e-05,1.9530957348070592,0.025,0.0,-0.03,0.0,1.0,0.0,0.01
40,1.3333218530979298,47,0.038152718541345006,0.0,-0.03961605358436653,0.009616053584366534,0.0003839464156334665,0.767892831266933,7.896800778972747e-05,5.360540822801441e-05,0.46073569876015974,0.025,0.0,-0.03,0.0,1.0,0.0,0.01
40,1.3333218530979298,48,0.036956385063454396,0.0,-0.039973876086509166,0.009973876086509167,2.6123913490832748e-05,0.052247826981665496,0.0001252397718054039,8.123927888028215e-05,0.0313486961889993,0.025,0.0,-0.03,0.0,1.0,0.0,0.01
40,1.3333218530979298,68,0.015627073528833326,0.0,-0.03982817954086721,0.009828179540867212,0.0001718204591327887,0.3436409182655774,-0.00010697757671473634,8.596078806434197e-05,0.20618455095934643,0.025,0.0,-0.03,0.0,1.0,0.0,0.01
40,1.3333218530979298,69,0.015024859854569896,0.0,-0.0387433486950605,0.0087433486950605,0.0012566513049395,2.513302609879,-0.00011039556445908393,7.810193145682693e-05,1.5079815659274,0.025,0.0,-0.03,0.0,1.0,0.0,0.01
40,1.3333218530979298,70,0.014447077326822828,0.0,-0.0376453462736502,0.007645346273650204,0.0023546537263497962,4.709307452699592,-0.00011514550225856855,7.085249363128894e-05,2.8255844716197553,0.025,0.0,-0.03,0.0,1.0,0.0,0.01
40,1.3333218530979298,71,0.013895881760480672,0.0,-0.03653377705154305,0.006533777051543052,0.003466222948456948,6.9324458969138965,-0.00011865921259768664,6.282764114336442e-05,4.159467538148338,0.025,0.0,-0.03,0.0,1.0,0.0,0.01
40,1.3333218530979298,72,0.013372981626976477,0.0,-0.035408626508109275,0.005408626508109277,0.004591373491890724,9.182746983781447,-0.00012262792809126063,5.494277183981037e-05,5.5096481902688685,0.025,0.0,-0.03,0.0,1.0,0.0,0.01
40,1.3333218530979298,73,0.012879007185197126,0.0,-0.03427047417944103,0.004270474179441028,0.005729525820558972,11.459051641117945,-0.00012618891207788745,4.68205940620652e-05,6.875430984670767,0.025,0.0,-0.03,0.0,1.0,0.0,0.01
40,1.3333218530979298,74,0.012413414967525608,0.0,-0.033120409239611515,0.0031204092396115157,0.0068795907603884845,13.759181520776968,-0.00012930897293869043,3.854326716556656e-05,8.25550891246618,0.025,0.0,-0.03,0.0,1.0,0.0,0.01
40,1.3333218530979298,75,0.011974452765664279,0.0,-0.031959889403884785,0.001959889403884786,0.008040110596115214,16.08022119223043,-0.00013280901761034326,3.043214911294223e-05,9.648132715338257,0.025,0.0,-0.03,0.0,1.0,0.0,0.01
40,1.3333218530979298,76,0.011560418741493855,0.0,-0.030790195378056797,0.0007901953780567982,0.009209804621943202,18.419609243886406,-0.0001352431411244251,2.1929019377997955e-05,11.051765546331843,0.025,0.0,-0.03,0.0,1.0,0.0,0.01
40,1.3333218530979298,77,0.011170077282919227,0.0,-0.02961233317089273,0.00038766682910726727,0.009612333170892733,19.224666341785465,0.00013863857286022454,1.3760932960197204e-05,11.534799805071279,0.025,0.0,-0.03,0.0,1.0,0.0,0.01
40,1.3333218530979298,78,0.010802031440333173,0.0,-0.02842726493754598,0.0015727350624540198,0.00842726493754598,16.85452987509196,0.0001405621042674912,5.112965744573935e-06,10.112717925055176,0.025,0.0,-0.03,0.0,1.0,0.0,0.01
40,1.3333218530979298,79,0.010454733779324614,0.0,-0.027235901878212572,0.002764098121787427,0.007235901878212573,14.471803756425146,0.00014376150878279452,3.1269619379778337e-06,8.683082253855087,0.025,0.0,-0.03,0.0,1.0,0.0,0.01
40,1.3333218530979298,80,0.010096943322145033,0.0,-0.02603820197214031,0.003961798027859689,0.006038201972140311,12.076403944280623,0.00014559241364687822,1.1954584254111216e-05,7.2458423665683735,0.025,0.0,-0.03,0.0,1.0,0.0,0.01
41,1.3666548994253782,32,0.036536875900822344,0.0,-0.020989513336884667,0.009010486663115332,0.0009895133368846686,1.9790266737693372,-0.0013151905311026204,0.00029855670103238547,1.1874160042616022,0.025,0.0,-0.03,0.0,1.0,0.0,0.01
41,1.3666548994253782,33,0.03673930474872198,0.0,-0.022220586699810908,0.007779413300189091,0.002220586699810909,4.441173399621818,0.0010865669498612545,0.00019877382454285862,2.664704039773091,0.025,0.0,-0.03,0.0,1.0,0.0,0.01
41,1.3666548994253782,34,0.03692720295756093,0.0,-0.02345395894234226,0.006546041057657739,0.0034539589423422615,6.907917884684523,-0.0012676215752325827,0.0001609276267987806,4.144750730810713,0.025,0.0,-0.03,0.0,1.0,0.0,0.01
41,1.3666548994253782,35,0.037099757466592054,0.0,-0.02468954418725707,0.005310455812742927,0.004689544187257073,9.379088374514145,0.0009961978125172099,0.00014190968673907502,5.627453024708487,0.025,0.0,-0.03,0.0,1.0,0.0,0.01
41,1.3666548994253782,36,0.03725505596223521,0.0,-0.025927468452614635,0.0040725315473853635,0.005927468452614637,11.854936905229273,-0.001212884718544641,0.00012618985335866433,7.112962143137564,0.025,0.0,-0.03,0.0,1.0,0.0,0.01
41,1.3666548994253782,37,0.037390539072887814,0.0,-0.027167803375477955,0.002832196624522044,0.007167803375477956,14.335606750955913,0.0009920708005687815,0.00012242569013935604,8.601364050573547,0.025,0.0,-0.03,0.0,1.0,0.0,0.01
41,1.3666548994253782,38,0.03750517582896007,0.0,-0.028410318495384505,0.0015896815046154943,0.008410318495384506,16.82063699076901,-0.0012108465949118583,9.692181653671765e-05,10.092382194461406,0.025,0.0,-0.03,0.0,1.0,0.0,0.01
41,1.3666548994253782,39,0.03759980662145753,0.0,-0.02965456388701176,0.00034543611298823787,0.009654563887011762,19.309127774023526,0.000988863308836436,0.00010653529147734318,11.585476664414115,0.025,0.0,-0.03,0.0,1.0,0.0,0.01
41,1.3666548994253782,40,0.03767702128118527,0.0,-0.030900042061618144,0.0009000420616181448,0.009099957938381855,18.19991587676371,0.0012085753221336769,7.254850133951309e-05,10.919949526058227,0.025,0.0,-0.03,0.0,1.0,0.0,0.01
41,1.3666548994253782,41,0.037741445177467726,0.0,-0.03214619363290045,0.002146193632900452,0.007853806367099548,15.707612734199097,-0.00098365878350991,9.487453811620166e-05,9.424567640519458,0.025,0.0,-0.03,0.0,1.0,0.0,0.01
41,1.3666548994253782,42,0.03779933157460122,0.0,-0.03339264894299116,0.0033926489429911624,0.006607351057008838,13.214702114017676,0.0010653792583743364,4.1318264008510135e-05,7.928821268410605,0.025,0.0,-0.03,0.0,1.0,0.0,0.01
41,1.3666548994253782,43,0.037856264232988435,0.0,-0.034639146305351115,0.004639146305351116,0.005360853694648884,10.721707389297768,-0.0006904679990292025,8.660055722839443e-05,6.433024433578661,0.025,0.0,-0.03,0.0,1.0,0.0,0.01
41,1.3666548994253782,44,0.037916655208951426,0.0,-0.035885467386490434,0.005885467386490435,0.004114532613509565,8.22906522701913,0.0007534079676383099,1.1701714051457311e-05,4.937439136211477,0.025,0.0,-0.03,0.0,1.0,0.0,0.01
41,1.3666548994253782,45,0.037984908455651646,0.0,-0.03713133744705668,0.007131337447056678,0.0028686625529433223,5.737325105886645,-0.00036061105796531993,7.971664018981698e-05,3.4423950635319867,0.025,0.0,-0.03,0.0,1.0,0.0,0.01
41,1.3666548994253782,46,0.038065413345516406,0.0,-0.03837641528241986,0.008376415282419863,0.0016235847175801368,3.2471694351602736,0.00041259502741674187,2.622629603015908e-05,1.948301661096164,0.025,0.0,-0.03,0.0,1.0,0.0,0.01
41,1.3666548994253782,47,0.03815083913387044,0.0,-0.039620060804363415,0.009620060804363416,0.00037993919563658433,0.7598783912731687,-9.244358324308979e-06,3.809258303561371e-05,0.4559270347639012,0.025,0.0,-0.03,0.0,1.0,0.0,0.01
41,1.3666548994253782,48,0.03695438140688004,0.0,-0.03997748639217555,0.00997748639217555,2.251360782445054e-05,0.04502721564890108,0.00012610475191212757,9.83478966341075e-05,0.02701632938934065,0.025,0.0,-0.03,0.0,1.0,0.0,0.01
41,1.3666548994253782,68,0.015624378545237278,0.0,-0.03982482864116909,0.00982482864116909,0.00017517135883090944,0.3503427176618189,-9.469393961353627e-05,7.614758895313674e-05,0.21020563059709133,0.025,0.0,-0.03,0.0,1.0,0.0,0.01
41,1.3666548994253782,69,0.015022398174023795,0.0,-0.03873986506248478,0.00873986506248478,0.0012601349375152195,2.520269875030439,-9.877268125621435e-05,6.972847863338223e-05,1.5121619250182634,0.025,0.0,-0.03,0.0,1.0,0.0,0.01
41,1.3666548994253782,70,0.01444485449558994,0.0,-0.037641734080520656,0.007641734080520657,0.0023582659194793434,4.716531838958686,-0.00010178850000947108,6.26590208329473e-05,2.829919103375212,0.025,0.0,-0.03,0.0,1.0,0.0,0.01
41,1.3666548994253782,71,0.013893904506002452,0.0,-0.03653004086640548,0.006530040866405483,0.0034699591335945173,6.939918267189035,-0.00010594803064472712,5.6026281009454525e-05,4.163950960313421,0.025,0.0,-0.03,0.0,1.0,0.0,0.01
41,1.3666548994253782,72,0.013371255459949733,0.0,-0.035404772079258025,0.005404772079258026,0.004595227920741974,9.19045584148395,-0.00010861845347867368,4.8625865055371644e-05,5.51427350489037,0.025,0.0,-0.03,0.0,1.0,0.0,0.01
41,1.3666548994253782,73,0.012877536361835046,0.0,-0.034266508013080274,0.004266508013080275,0.005733491986919725,11.46698397383945,-0.00011245357741906736,4.1694332518784735e-05,6.8801903843036705,0.025,0.0,-0.03,0.0,1.0,0.0,0.01
41,1.3666548994253782,74,0.012412201920447823,0.0,-0.03311633844241242,0.0031163384424124224,0.006883661557587578,13.767323115175156,-0.00011473636729249082,3.413060362758609e-05,8.260393869105092,0.025,0.0,-0.03,0.0,1.0,0.0,0.01
41,1.3666548994253782,75,0.01197349925650996,0.0,-0.03195572045349361,0.001955720453493612,0.008044279546506388,16.088559093012776,-0.00011835452143588084,2.7120782710103194e-05,9.653135455807666,0.025,0.0,-0.03,0.0,1.0,0.0,0.01
41,1.3666548994253782,76,0.011559726875915093,0.0,-0.030785933843669348,0.0007859338436693487,0.009214066156330651,18.428132312661305,-0.00011980558850627523,1.930498429010899e-05,11.056879387596782,0.025,0.0,-0.03,0.0,1.0,0.0,0.01
41,1.3666548994253782,77,0.011169648855286436,0.0,-0.029607984342021616,0.0003920156579783826,0.009607984342021618,19.215968684043236,0.0001236960134391471,1.2340322426247931e-05,11.529581210425942,0.025,0.0,-0.03,0.0,1.0,0.0,0.01
41,1.3666548994253782,78,0.010801867966115333,0.0,-0.028422833851745804,0.001577166148254195,0.008422833851745805,16.84566770349161,0.00012441532477299654,4.336196400136213e-06,10.107400622094966,0.025,0.0,-0.03,0.0,1.0,0.0,0.01
41,1.3666548994253782,79,0.010454836479837741,0.0,-0.027231393203346863,0.0027686067966531357,0.0072313932033468645,14.462786406693729,0.0001283054760547846,2.6678620690481977e-06,8.677671844016237,0.025,0.0,-0.03,0.0,1.0,0.0,0.01
41,1.3666548994253782,80,0.010097316626960083,0.0,-0.026033612505165563,0.003966387494834436,0.006033612505165565,12.067225010331128,0.00012886894721315112,1.0834250720376909e-05,7.240335006198677,0.025,0.0,-0.03,0.0,1.0,0.0,0.01
42,1.3999879457528264,32,0.03653668528310109,0.0,-0.020992957259382602,0.009007042740617397,0.0009929572593826031,1.9859145187652063,0.0004338932993360098,0.00014127813021191688,1.1915487112591236,0.025,0.0,-0.03,0.0,1.0,0.0,0.01
42,1.3999879457528264,33,0.03673915049905435,0.0,-0.022224024568389476,0.007775975431610523,0.0022240245683894776,4.448049136778955,-0.00064517537571332,8.498997527631962e-05,2.6688294820673732,0.025,0.0,-0.03,0.0,1.0,0.0,0.01
42,1.3999879457528264,34,0.03692707812881192,0.0,-0.0234574007174017,0.0065425992825982986,0.0034574007174017016,6.914801434803404,0.000454996560465232,8.234149230995442e-05,4.148880860882042,0.025,0.0,-0.03,0.0,1.0,0.0,0.01
42,1.3999879457528264,35,0.03709964755975814,0.0,-0.024692984296542996,0.005307015703457003,0.0046929842965429975,9.385968593085995,-0.000646438883135413,6.924571343957995e-05,5.631581155851596,0.025,0.0,-0.03,0.0,1.0,0.0,0.01
42,1.3999879457528264,36,0.037254937320613676,0.0,-0.02593091731515775,0.0040690826848422505,0.00593091731515775,11.8618346303155,0.00042418959715925976,6.46933411163136e-05,7.117100778189299,0.025,0.0,-0.03,0.0,1.0,0.0,0.01
42,1.3999879457528264,37,0.03739037797341579,0.0,-0.027171256567365017,0.0028287434326349815,0.007171256567365019,14.342513134730037,-0.00058569181128033,4.66121187606991e-05,8.605507880838022,0.025,0.0,-0.03,0.0,1.0,0.0,0.01
42,1.3999879457528264,38,0.037504941754056026,0.0,-0.028413785783199835,0.0015862142168001636,0.008413785783199837,16.827571566399673,0.00035091541690436556,4.860080979099561e-05,10.096542939839804,0.025,0.0,-0.03,0.0,1.0,0.0,0.01
42,1.3999879457528264,39,0.03759946929454442,0.0,-0.02965803718775564,0.0003419628122443598,0.00965803718775564,19.31607437551128,-0.0005023402810712996,2.489460449813845e-05,11.589644625306768,0.025,0.0,-0.03,0.0,1.0,0.0,0.01
42,1.3999879457528264,40,0.037676555706308054,0.0,-0.03090353065409788,0.0009035306540978796,0.00909646934590212,18.19293869180424,-0.00025534007532453286,4.134272209601645e-05,10.915763215082544,0.025,0.0,-0.03,0.0,1.0,0.0,0.01
42,1.3999879457528264,41,0.037740830539002304,0.0,-0.03214968617615715,0.0021496861761571492,0.007850313823842851,15.700627647685701,0.0003966921655856109,4.4976141367116275e-06,9.42037658861142,0.025,0.0,-0.03,0.0,1.0,0.0,0.01
42,1.3999879457528264,42,0.03779855412456415,0.0,-0.033396155940662496,0.003396155940662497,0.006603844059337503,13.207688118675007,-0.0001607320551351176,4.078549266872031e-05,7.924612871205004,0.025,0.0,-0.03,0.0,1.0,0.0,0.01
42,1.3999879457528264,43,0.037855313162067535,0.0,-0.034642658205717984,0.004642658205717985,0.005357341794282015,10.71468358856403,0.000318053667346003,1.0965083424095647e-05,6.428810153138418,0.025,0.0,-0.03,0.0,1.0,0.0,0.01
42,1.3999879457528264,44,0.03791552481397419,0.0,-0.03588899335243046,0.005888993352430462,0.004111006647569538,8.222013295139076,-7.551579048744999e-05,4.5289434866922446e-05,4.933207977083446,0.025,0.0,-0.03,0.0,1.0,0.0,0.01
42,1.3999879457528264,45,0.03798359584140887,0.0,-0.037134872045965765,0.007134872045965766,0.002865127954034234,5.730255908068468,0.00022949058055682627,2.6619859151691634e-05,3.438153544841081,0.025,0.0,-0.03,0.0,1.0,0.0,0.01
42,1.3999879457528264,46,0.038063920371864866,0.0,-0.03837996507647905,0.008379965076479048,0.0016200349235209518,3.2400698470419034,1.7750388281017908e-05,4.806277475153524e-05,1.944041908225142,0.025,0.0,-0.03,0.0,1.0,0.0,0.01
42,1.3999879457528264,47,0.038149167344281455,0.0,-0.0396236226965709,0.009623622696570903,0.00037637730342909674,0.7527546068581935,0.0001351288141490032,5.166306535152787e-05,0.45165276411491606,0.025,0.0,-0.03,0.0,1.0,0.0,0.01
42,1.3999879457528264,48,0.03695259948462058,0.0,-0.039980694999373546,0.009980694999373547,1.9305000626452726e-05,0.03861000125290545,8.318627885178259e-05,3.779606324418739e-05,0.02316600075174327,0.025,0.0,-0.03,0.0,1.0,0.0,0.01
42,1.3999879457528264,68,0.01562198416455221,0.0,-0.03982184993304089,0.009821849933040888,0.00017815006695911205,0.3563001339182241,-8.384273659992212e-05,6.746646894363704e-05,0.21378008035093446,0.025,0.0,-0.03,0.0,1.0,0.0,0.01
42,1.3999879457528264,69,0.015020211202591272,0.0,-0.03873676840238477,0.00873676840238477,0.00126323159761523,2.52646319523046,-8.789307946461357e-05,6.199458826939986e-05,1.515877917138276,0.025,0.0,-0.03,0.0,1.0,0.0,0.01
42,1.3999879457528264,70,0.01444287986790526,0.0,-0.0376385231908215,0.007638523190821499,0.0023614768091785015,4.722953618357003,-9.051284457249167e-05,5.56736102836874e-05,2.833772171014202,0.025,0.0,-0.03,0.0,1.0,0.0,0.01
42,1.3999879457528264,71,0.013892148195471098,0.0,-0.03652671980241246,0.006526719802412463,0.003473280197587537,6.946560395175074,-9.403864222894773e-05,4.9706949257237256e-05,4.167936237105044,0.025,0.0,-0.03,0.0,1.0,0.0,0.01
42,1.3999879457528264,72,0.013369722366093807,0.0,-0.03540134595698949,0.0054013459569894895,0.004598654043010511,9.197308086021021,-9.678756250584706e-05,4.3292062303059316e-05,5.518384851612613,0.025,0.0,-0.03,0.0,1.0,0.0,0.01
42,1.3999879457528264,73,0.012876230266127445,0.0,-0.03426298261521416,0.004262982615214163,0.005737017384785837,11.474034769571675,-9.962865436304201e-05,3.6894356827105044e-05,6.884420861743005,0.025,0.0,-0.03,0.0,1.0,0.0,0.01
42,1.3999879457528264,74,0.012411124983067876,0.0,-0.03311272008443016,0.0031127200844301636,0.006887279915569837,13.774559831139673,-0.00010239535308410783,3.0468585292728932e-05,8.264735898683803,0.025,0.0,-0.03,0.0,1.0,0.0,0.01
42,1.3999879457528264,75,0.011972653044068029,0.0,-0.03195201489815713,0.001952014898157134,0.008047985101842866,16.09597020368573,-0.00010458129333513538,2.3841938467300542e-05,9.657582122211439,0.025,0.0,-0.03,0.0,1.0,0.0,0.01
42,1.3999879457528264,76,0.011559113256437638,0.0,-0.030782146034544836,0.0007821460345448367,0.009217853965455164,18.435707930910326,-0.00010728480938832817,1.7401804844455105e-05,11.061424758546195,0.025,0.0,-0.03,0.0,1.0,0.0,0.01
42,1.3999879457528264,77,0.011169269426124565,0.0,-0.02960411899078766,0.00039588100921233993,0.00960411899078766,19.20823798157532,0.00010901599047118857,1.0625915367245648e-05,11.524942788945191,0.025,0.0,-0.03,0.0,1.0,0.0,0.01
42,1.3999879457528264,78,0.010801724069825675,0.0,-0.028418895425485393,0.0015811045745146059,0.008418895425485394,16.837790850970787,0.00011159809757586648,4.133103792471249e-06,10.102674510582473,0.025,0.0,-0.03,0.0,1.0,0.0,0.01
42,1.3999879457528264,79,0.010454929205026147,0.0,-0.02722738586365516,0.002772614136344838,0.007227385863655162,14.454771727310325,0.00011299959939685056,2.723485747859324e-06,8.672863036386195,0.025,0.0,-0.03,0.0,1.0,0.0,0.01
42,1.3999879457528264,80,0.01009764990786196,0.0,-0.02602953339374674,0.003970466606253258,0.006029533393746742,12.059066787493483,0.00011558034153387433,9.357994368450184e-06,7.23544007249609,0.025,0.0,-0.03,0.0,1.0,0.0,0.01
43,1.4333209920802745,32,0.03653651329880401,0.0,-0.020996009620422508,0.009003990379577491,0.0009960096204225093,1.9920192408450186,0.001007119238637801,0.0002812381640591537,1.195211544507011,0.025,0.0,-0.03,0.0,1.0,0.0,0.01
43,1.4333209920802745,33,0.036739014405659735,0.0,-0.02222708897336637,0.00777291102663363,0.0022270889733663705,4.454177946732741,-0.0011748192305175524,0.00017261859775560408,2.672506768039644,0.025,0.0,-0.03,0.0,1.0,0.0,0.01
43,1.4333209920802745,34,0.03692696553355404,0.0,-0.02346045151482481,0.006539548485175187,0.003460451514824813,6.920903029649626,0.0009713202659219458,0.00015376017941567675,4.152541817789776,0.025,0.0,-0.03,0.0,1.0,0.0,0.01
43,1.4333209920802745,35,0.03709955038450166,0.0,-0.02469605006999097,0.00530394993000903,0.00469605006999097,9.39210013998194,-0.0010999567659183904,0.00012461461917539785,5.635260083989164,0.025,0.0,-0.03,0.0,1.0,0.0,0.01
43,1.4333209920802745,36,0.03725483038514483,0.0,-0.025933974821896397,0.004066025178103602,0.005933974821896398,11.867949643792796,0.0009208772731925016,0.00012159649047666004,7.120769786275678,0.025,0.0,-0.03,0.0,1.0,0.0,0.01
43,1.4333209920802745,37,0.03739023505121245,0.0,-0.027174333938994398,0.002825666061005601,0.007174333938994399,14.348667877988799,-0.0010883399452356992,0.00010234202028707,8.60920072679328,0.025,0.0,-0.03,0.0,1.0,0.0,0.01
43,1.4333209920802745,38,0.03750473231810265,0.0,-0.0284168597007559,0.0015831402992440985,0.008416859700755902,16.833719401511804,0.0009076920237458915,0.00010002747367179592,10.100231640907081,0.025,0.0,-0.03,0.0,1.0,0.0,0.01
43,1.4333209920802745,39,0.03759916948651301,0.0,-0.02966113239063311,0.0003388676093668899,0.00966113239063311,19.32226478126622,-0.0010745559288986527,7.729416225564957e-05,11.593358868759731,0.025,0.0,-0.03,0.0,1.0,0.0,0.01
43,1.4333209920802745,40,0.037676140535747374,0.0,-0.030906623533613665,0.0009066235336136659,0.009093376466386334,18.18675293277267,-0.0008909457239693831,8.942740086364148e-05,10.912051759663601,0.025,0.0,-0.03,0.0,1.0,0.0,0.01
43,1.4333209920802745,41,0.037740284005378745,0.0,-0.032152798403338574,0.0021527984033385753,0.007847201596661425,15.69440319332285,0.0010558095801446318,5.116239383964603e-05,9.41664191599371,0.025,0.0,-0.03,0.0,1.0,0.0,0.01
43,1.4333209920802745,42,0.03779786181555197,0.0,-0.03339926619742918,0.003399266197429182,0.006600733802570818,13.201467605141636,-0.0007555414274805104,7.790565338102723e-05,7.920880563084981,0.025,0.0,-0.03,0.0,1.0,0.0,0.01
43,1.4333209920802745,43,0.03785446737325706,0.0,-0.03464578548892785,0.004645785488927849,0.005354214511072151,10.708429022144303,0.0007978601577021438,2.585801651799055e-05,6.425057413286582,0.025,0.0,-0.03,0.0,1.0,0.0,0.01
43,1.4333209920802745,44,0.03791451884369038,0.0,-0.03589212268582049,0.00589212268582049,0.00410787731417951,8.21575462835902,-0.00047880778434351666,7.049902229635124e-05,4.929452777015412,0.025,0.0,-0.03,0.0,1.0,0.0,0.01
43,1.4333209920802745,45,0.03798242848428436,0.0,-0.037138017084253565,0.007138017084253566,0.0028619829157464343,5.723965831492869,0.0005074158088449556,5.172089931942179e-07,3.4343794988957215,0.025,0.0,-0.03,0.0,1.0,0.0,0.01
43,1.4333209920802745,46,0.0380625922362028,0.0,-0.03838311801542618,0.008383118015426183,0.0016168819845738171,3.2337639691476343,-0.00017611194498785658,5.629118205333919e-05,1.9402583814885805,0.025,0.0,-0.03,0.0,1.0,0.0,0.01
43,1.4333209920802745,47,0.038147680273645165,0.0,-0.039626789420083484,0.009626789420083486,0.00037321057991651467,0.7464211598330294,0.00019802639143162522,5.5401441460477414e-05,0.44785269589981763,0.025,0.0,-0.03,0.0,1.0,0.0,0.01
43,1.4333209920802745,48,0.036951015021295386,0.0,-0.03998354662174299,0.009983546621742993,1.645337825700692e-05,0.03290675651401384,5.922925154815263e-05,7.804032014492936e-06,0.019744053908408304,0.025,0.0,-0.03,0.0,1.0,0.0,0.01
43,1.4333209920802745,68,0.015619856701217474,0.0,-0.039819202026123275,0.009819202026123276,0.00018079797387672396,0.36159594775344794,-7.48269175701308e-05,6.011048407051653e-05,0.21695756865206875,0.025,0.0,-0.03,0.0,1.0,0.0,0.01
43,1.4333209920802745,69,0.015018268132097758,0.0,-0.03873401568076439,0.008734015680764394,0.0012659843192356062,2.5319686384712123,-7.762093887451488e-05,5.480767888219633e-05,1.5191811830827273,0.025,0.0,-0.03,0.0,1.0,0.0,0.01
43,1.4333209920802745,70,0.014441125572055619,0.0,-0.03763566895888634,0.0076356689588863436,0.0023643310411136566,4.728662082227313,-8.091894254944739e-05,4.969014586178443e-05,2.8371972493363877,0.025,0.0,-0.03,0.0,1.0,0.0,0.01
43,1.4333209920802745,71,0.013890587986569286,0.0,-0.036523767675724766,0.006523767675724768,0.0034762323242752326,6.952464648550465,-8.319599134516372e-05,4.397355874690205e-05,4.171478789130279,0.025,0.0,-0.03,0.0,1.0,0.0,0.01
43,1.4333209920802745,72,0.013368360594133676,0.0,-0.03539830047526027,0.00539830047526027,0.00460169952473973,9.20339904947946,-8.636654694791035e-05,3.860218144256116e-05,5.522039429687676,0.025,0.0,-0.03,0.0,1.0,0.0,0.01
43,1.4333209920802745,73,0.012875070295744266,0.0,-0.034259848928793225,0.0042598489287932265,0.005740151071206774,11.480302142413548,-8.829464688816403e-05,3.265888274366689e-05,6.888181285448129,0.025,0.0,-0.03,0.0,1.0,0.0,0.01
43,1.4333209920802745,74,0.012410168729243573,0.0,-0.03310950379772935,0.0031095037977293544,0.006890496202270646,13.780992404541292,-9.121768153423067e-05,2.714027209251894e-05,8.268595442724775,0.025,0.0,-0.03,0.0,1.0,0.0,0.01
43,1.4333209920802745,75,0.01197190190282043,0.0,-0.031948721144731206,0.0019487211447312067,0.008051278855268794,16.10255771053759,-9.265425546585885e-05,2.1050917466520975e-05,9.661534626322553,0.025,0.0,-0.03,0.0,1.0,0.0,0.01
43,1.4333209920802745,76,0.011558568882089266,0.0,-0.030778779194604512,0.0007787791946045133,0.009221220805395487,18.442441610790972,-9.57579947821788e-05,1.5578597337671682e-05,11.065464966474583,0.025,0.0,-0.03,0.0,1.0,0.0,0.01
43,1.4333209920802745,77,0.011168933244337449,0.0,-0.029600683271602847,0.0003993167283971519,0.009600683271602848,19.201366543205697,9.643677195270823e-05,9.263884410776008e-06,11.520819925923417,0.025,0.0,-0.03,0.0,1.0,0.0,0.01
43,1.4333209920802745,78,0.010801597266110047,0.0,-0.028415394776235534,0.0015846052237644646,0.008415394776235536,16.83078955247107,9.970095572613244e-05,3.8019933446173114e-06,10.098473731482642,0.025,0.0,-0.03,0.0,1.0,0.0,0.01
43,1.4333209920802745,79,0.010455012753874466,0.0,-0.027223824007675593,0.0027761759923244055,0.007223824007675595,14.44764801535119,9.991922528138392e-05,2.607403880875217e-06,8.668588809210714,0.025,0.0,-0.03,0.0,1.0,0.0,0.01
43,1.4333209920802745,80,0.010097947299376703,0.0,-0.02602590776672003,0.00397409223327997,0.00602590776672003,12.05181553344006,0.00010325223746219579,8.193383795893418e-06,7.231089320064036,0.025,0.0,-0.03,0.0,1.0,0.0,0.01
44,1.466654038407723,32,0.03653636093358679,0.0,-0.02099872582016279,0.009001274179837208,0.0009987258201627925,1.997451640325585,-0.0002776548774980314,4.778502064019026e-05,1.198470984195351,0.025,0.0,-0.03,0.0,1.0,0.0,0.01
44,1.466654038407723,33,0.03673889260490624,0.0,-0.022229809665997226,0.007770190334002773,0.002229809665997227,4.459619331994454,0.00013932296717021362,3.891754439351002e-05,2.6757715991966724,0.025,0.0,-0.03,0.0,1.0,0.0,0.01
44,1.466654038407723,34,0.03692686555731621,0.0,-0.023463166497206183,0.006536833502793816,0.0034631664972061844,6.926332994412369,-0.0003035624494326918,2.9599186991201517e-05,4.155799796647421,0.025,0.0,-0.03,0.0,1.0,0.0,0.01
44,1.466654038407723,35,0.03709946319266019,0.0,-0.02469877194707322,0.005301228052926779,0.004698771947073221,9.397543894146443,0.00015729620258327816,3.4703120377683166e-05,5.638526336487866,0.025,0.0,-0.03,0.0,1.0,0.0,0.01
44,1.466654038407723,36,0.03725473526474585,0.0,-0.025936695594658672,0.004063304405341327,0.0059366955946586735,11.873391189317347,-0.00028948946177658326,2.2244562384493693e-05,7.124034713590408,0.025,0.0,-0.03,0.0,1.0,0.0,0.01
44,1.466654038407723,37,0.03739010726097819,0.0,-0.02717706654257375,0.0028229334574262493,0.007177066542573751,14.354133085147502,0.00010851466415885015,2.2757341147746597e-05,8.612479851088501,0.025,0.0,-0.03,0.0,1.0,0.0,0.01
44,1.466654038407723,38,0.0375045459025655,0.0,-0.028419594570290065,0.0015804054297099343,0.008419594570290066,16.83918914058013,-0.0002317318147976303,8.884405090106275e-06,10.10351348434808,0.025,0.0,-0.03,0.0,1.0,0.0,0.01
44,1.466654038407723,39,0.037598902279576095,0.0,-0.029663881404404558,0.00033611859559544086,0.00966388140440456,19.32776280880912,4.078698729707939e-05,1.7253347625979647e-05,11.596657685285471,0.025,0.0,-0.03,0.0,1.0,0.0,0.01
44,1.466654038407723,40,0.03767577109252296,0.0,-0.03090937460449663,0.0009093746044966308,0.00909062539550337,18.18125079100674,0.00015599073381697176,4.214382712828605e-06,10.908750474604043,0.025,0.0,-0.03,0.0,1.0,0.0,0.01
44,1.466654038407723,41,0.03773979749866583,0.0,-0.03215556324669497,0.0021555632466949692,0.007844436753305031,15.688873506610062,4.469194668001891e-05,1.719413226664291e-05,9.413324103966037,0.025,0.0,-0.03,0.0,1.0,0.0,0.01
44,1.466654038407723,42,0.037797245914110066,0.0,-0.033402032117317106,0.0034020321173171067,0.0065979678826828935,13.195935765365787,0.00010752370872524407,1.4717572530337799e-05,7.917561459219472,0.025,0.0,-0.03,0.0,1.0,0.0,0.01
44,1.466654038407723,43,0.03785371483709016,0.0,-0.03464856408928603,0.004648564089286031,0.005351435910713969,10.702871821427939,5.369019051523974e-05,2.3495797863024988e-05,6.421723092856763,0.025,0.0,-0.03,0.0,1.0,0.0,0.01
44,1.466654038407723,44,0.037913624048116094,0.0,-0.035894905098706305,0.005894905098706306,0.004105094901293694,8.210189802587388,9.874381461411928e-05,2.3548897708724877e-05,4.926113881552433,0.025,0.0,-0.03,0.0,1.0,0.0,0.01
44,1.466654038407723,45,0.03798139008380638,0.0,-0.037140811886496795,0.0071408118864967965,0.0028591881135032037,5.718376227006408,6.38975045319983e-05,3.0660815765624364e-05,3.4310257362038445,0.025,0.0,-0.03,0.0,1.0,0.0,0.01
44,1.466654038407723,46,0.0380614109784044,0.0,-0.03838592090638511,0.008385920906385111,0.0016140790936148893,3.2281581872297784,8.920131859955402e-05,3.269692250124667e-05,1.936894912337867,0.025,0.0,-0.03,0.0,1.0,0.0,0.01
44,1.466654038407723,47,0.038146357706051105,0.0,-0.03962960394835697,0.00962960394835697,0.0003703960516430304,0.7407921032860608,7.492705662505596e-05,3.66911401740859e-05,0.4444752619716365,0.025,0.0,-0.03,0.0,1.0,0.0,0.01
44,1.466654038407723,48,0.036949605864508815,0.0,-0.03998608126174734,0.00998608126174734,1.391873825266031e-05,0.02783747650532062,7.317227045014361e-05,4.215268530021536e-05,0.01670248590319237,0.025,0.0,-0.03,0.0,1.0,0.0,0.01
44,1.466654038407723,68,0.01561796627526869,0.0,-0.0398168481445953,0.009816848144595304,0.00018315185540469618,0.3663037108093924,-6.684546423448729e-05,5.359967325449679e-05,0.21978222648563542,0.025,0.0,-0.03,0.0,1.0,0.0,0.01
44,1.466654038407723,69,0.015016541638440843,0.0,-0.038731568657409246,0.008731568657409247,0.001268431342590753,2.536862685181506,-6.883062182626244e-05,4.861208630284502e-05,1.5221176111089034,0.025,0.0,-0.03,0.0,1.0,0.0,0.01
44,1.466654038407723,70,0.014439566899691298,0.0,-0.03763313172289311,0.007633131722893108,0.0023668682771068924,4.733736554213785,-7.199405685645279e-05,4.418690454956261e-05,2.840241932528271,0.025,0.0,-0.03,0.0,1.0,0.0,0.01
44,1.466654038407723,71,0.013889201860222472,0.0,-0.03652114345027317,0.006521143450273173,0.003478856549726827,6.957713099453654,-7.39926183016022e-05,3.9083149662972816e-05,4.174627859672192,0.025,0.0,-0.03,0.0,1.0,0.0,0.01
44,1.466654038407723,72,0.013367150877424537,0.0,-0.0353955932918132,0.005395593291813203,0.0046044067081867975,9.208813416373594,-7.664432827033398e-05,3.4238523987157144e-05,5.525288049824156,0.025,0.0,-0.03,0.0,1.0,0.0,0.01
44,1.466654038407723,73,0.012874039979997197,0.0,-0.03425706336845354,0.004257063368453544,0.005742936631546456,11.485873263092913,-7.870216608162856e-05,2.9096542213293274e-05,6.891523957855747,0.025,0.0,-0.03,0.0,1.0,0.0,0.01
44,1.466654038407723,74,0.012409319515728353,0.0,-0.03310664484260266,0.00310664484260266,0.00689335515739734,13.78671031479468,-8.079088135958246e-05,2.398651476698336e-05,8.272026188876808,0.025,0.0,-0.03,0.0,1.0,0.0,0.01
44,1.466654038407723,75,0.011971235030959874,0.0,-0.03194579335599593,0.0019457933559959284,0.008054206644004072,16.108413288008144,-8.280408247931158e-05,1.8854965983575803e-05,9.665047972804887,0.025,0.0,-0.03,0.0,1.0,0.0,0.01
44,1.466654038407723,76,0.01155808582314938,0.0,-0.030775786469878174,0.0007757864698781751,0.009224213530121825,18.44842706024365,-8.454815022922133e-05,1.3626769262555812e-05,11.069056236146189,0.025,0.0,-0.03,0.0,1.0,0.0,0.01
44,1.466654038407723,77,0.011168635263385856,0.0,-0.029597629346322908,0.00040237065367709074,0.00959762934632291,19.19525869264582,8.638823289556653e-05,8.431651365639344e-06,11.517155215587492,0.025,0.0,-0.03,0.0,1.0,0.0,0.01
44,1.466654038407723,78,0.01080148541824075,0.0,-0.02841228316665382,0.0015877168333461797,0.00841228316665382,16.82456633330764,8.789459343410331e-05,3.1300502247005748e-06,10.094739799984584,0.025,0.0,-0.03,0.0,1.0,0.0,0.01
44,1.466654038407723,79,0.010455087902918547,0.0,-0.027220658017628557,0.0027793419823714423,0.007220658017628558,14.441316035257115,8.956230333434985e-05,2.1161067323425077e-06,8.664789621154268,0.025,0.0,-0.03,0.0,1.0,0.0,0.01
44,1.466654038407723,80,0.010098212549955554,0.0,-0.026022685123928073,0.003977314876071926,0.006022685123928074,12.045370247856148,9.103091945711873e-05,7.529915932155616e-06,7.227222148713689,0.025,0.0,-0.03,0.0,1.0,0.0,0.01
45,1.499987084735171,32,0.03653622713564185,0.0,-0.0210011475748855,0.008998852425114497,0.001001147574885503,2.002295149771006,-0.0010472995416957232,0.0002439375964083116,1.2013770898626035,0.025,0.0,-0.03,0.0,1.0,0.0,0.01
45,1.499987084735171,33,0.03673878289953453,0.0,-0.022232220745930287,0.007767779254069712,0.002232220745930288,4.464441491860576,0.0009112535240148413,0.00016203993310640087,2.6786648951163454,0.025,0.0,-0.03,0.0,1.0,0.0,0.01
45,1.499987084735171,34,0.03692677742644582,0.0,-0.023465586968719507,0.006534413031280491,0.003465586968719509,6.931173937439017,-0.0010255807249295945,0.00013380710478960085,4.158704362463411,0.025,0.0,-0.03,0.0,1.0,0.0,0.01
45,1.499987084735171,35,0.03709938451745723,0.0,-0.024701184564561912,0.005298815435438087,0.0047011845645619135,9.402369129123826,0.000854263166840417,0.0001189887366329247,5.641421477474296,0.025,0.0,-0.03,0.0,1.0,0.0,0.01
45,1.499987084735171,36,0.03725465117721407,0.0,-0.02593912088195604,0.00406087911804396,0.00593912088195604,11.878241763912081,-0.0009796245244677259,0.00010478068833491559,7.126945058347249,0.025,0.0,-0.03,0.0,1.0,0.0,0.01
45,1.499987084735171,37,0.0373899925932381,0.0,-0.027179488815441383,0.002820511184558616,0.007179488815441384,14.358977630882768,0.0008296811477127677,9.842166401964848e-05,8.61538657852966,0.025,0.0,-0.03,0.0,1.0,0.0,0.01
45,1.499987084735171,38,0.03750438044227987,0.0,-0.02842203225913957,0.0015779677408604281,0.008422032259139572,16.844064518279144,-0.0009521327166742605,7.866315854848696e-05,10.106438710967486,0.025,0.0,-0.03,0.0,1.0,0.0,0.01
45,1.499987084735171,39,0.03759866377513545,0.0,-0.02966631840625088,0.0003336815937491182,0.009666318406250882,19.332636812501764,0.000797399691191417,8.175119878427258e-05,11.599582087501059,0.025,0.0,-0.03,0.0,1.0,0.0,0.01
45,1.499987084735171,40,0.03767544277102665,0.0,-0.030911826518086435,0.0009118265180864359,0.009088173481913564,18.17634696382713,0.0009163954412757781,5.785984408442954e-05,10.905808178296278,0.025,0.0,-0.03,0.0,1.0,0.0,0.01
45,1.499987084735171,41,0.037739364138772866,0.0,-0.03215801449779543,0.0021580144977954296,0.00784198550220457,15.683971004409141,-0.0007556887176885103,6.925128665171628e-05,9.410382602645484,0.025,0.0,-0.03,0.0,1.0,0.0,0.01
45,1.499987084735171,42,0.03779669833817485,0.0,-0.033404496283913565,0.003404496283913566,0.006595503716086434,13.191007432172867,0.0007887722522834752,3.431765695012884e-05,7.91460445930372,0.025,0.0,-0.03,0.0,1.0,0.0,0.01
45,1.499987084735171,43,0.03785304506965484,0.0,-0.034651029251883,0.0046510292518830015,0.005348970748116999,10.697941496233998,-0.0005353006707440336,6.141803739979229e-05,6.418764897740399,0.025,0.0,-0.03,0.0,1.0,0.0,0.01
45,1.499987084735171,44,0.03791282841088453,0.0,-0.03589738207543263,0.005897382075432632,0.004102617924567368,8.205235849134736,0.0005538563503793161,1.3356487119582805e-05,4.923141509480842,0.025,0.0,-0.03,0.0,1.0,0.0,0.01
45,1.499987084735171,45,0.037980466275062366,0.0,-0.03714329334633333,0.007143293346333332,0.002856706653666668,5.713413307333337,-0.0002869186936577826,5.468643659279856e-05,3.428047984400002,0.025,0.0,-0.03,0.0,1.0,0.0,0.01
45,1.499987084735171,46,0.0380603605070091,0.0,-0.03838841406338475,0.008388414063384753,0.0016115859366152476,3.2231718732304953,0.0002968902950207015,1.3750287042283001e-05,1.933903123938297,0.025,0.0,-0.03,0.0,1.0,0.0,0.01
45,1.499987084735171,47,0.038145181567070245,0.0,-0.039632104965258416,0.009632104965258417,0.0003678950347415829,0.7357900694831658,-2.2082051847621296e-05,2.179309739476674e-05,0.4414740416898995,0.025,0.0,-0.03,0.0,1.0,0.0,0.01
45,1.499987084735171,48,0.03694835247872741,0.0,-0.039988334330310224,0.009988334330310225,1.1665669689775102e-05,0.023331339379550203,8.212980486069671e-05,6.727374202870721e-05,0.013998803627730122,0.025,0.0,-0.03,0.0,1.0,0.0,0.01
45,1.499987084735171,68,0.015616286378842204,0.0,-0.039814755613508473,0.009814755613508475,0.00018524438649152562,0.3704887729830513,-5.926976037271615e-05,4.754772416310686e-05,0.22229326378983075,0.025,0.0,-0.03,0.0,1.0,0.0,0.01
45,1.499987084735171,69,0.015015007481572798,0.0,-0.03872939334874503,0.008729393348745028,0.0012706066512549723,2.5412133025099446,-6.155602673997522e-05,4.339675230443577e-05,1.5247279815059667,0.025,0.0,-0.03,0.0,1.0,0.0,0.01
45,1.499987084735171,70,0.014438181940080314,0.0,-0.03763087624432596,0.007630876244325964,0.0023691237556740363,4.738247511348073,-6.36454598031558e-05,3.909045394723713e-05,2.8429485068088436,0.025,0.0,-0.03,0.0,1.0,0.0,0.01
45,1.499987084735171,71,0.01388797029434053,0.0,-0.036518810663273914,0.006518810663273915,0.0034811893367260854,6.962378673452171,-6.610459876404768e-05,3.487932592632029e-05,4.177427204071302,0.025,0.0,-0.03,0.0,1.0,0.0,0.01
45,1.499987084735171,72,0.013366076141892806,0.0,-0.03539318678682416,0.005393186786824163,0.004606813213175838,9.213626426351675,-6.783270415485903e-05,3.0288042639228305e-05,5.528175855811005,0.025,0.0,-0.03,0.0,1.0,0.0,0.01
45,1.499987084735171,73,0.012873124730433881,0.0,-0.03425458721138705,0.004254587211387051,0.005745412788612949,11.490825577225898,-7.022945972608169e-05,2.595866792133734e-05,6.894495346335539,0.025,0.0,-0.03,0.0,1.0,0.0,0.01
45,1.499987084735171,74,0.012408565266749315,0.0,-0.0331041034697452,0.003104103469745198,0.006895896530254802,13.791793060509605,-7.158171564806256e-05,2.1207940394991958e-05,8.275075836305762,0.025,0.0,-0.03,0.0,1.0,0.0,0.01
45,1.499987084735171,75,0.011970642880246596,0.0,-0.03194319081309123,0.0019431908130912307,0.00805680918690877,16.113618373817538,-7.396545856965561e-05,1.687736309287299e-05,9.668171024290523,0.025,0.0,-0.03,0.0,1.0,0.0,0.01
45,1.499987084735171,76,0.011557657082491141,0.0,-0.03077312623384089,0.0007731262338408901,0.00922687376615911,18.45374753231822,-7.469230199249345e-05,1.1933739928456614e-05,11.072248519390932,0.025,0.0,-0.03,0.0,1.0,0.0,0.01
45,1.499987084735171,77,0.011168371051512662,0.0,-0.029594914722473293,0.00040508527752670595,0.009594914722473294,19.18982944494659,7.733374836754182e-05,7.655875032885872e-06,11.513897666967953,0.025,0.0,-0.03,0.0,1.0,0.0,0.01
45,1.499987084735171,78,0.010801386678552113,0.0,-0.028409517298919523,0.0015904827010804756,0.008409517298919525,16.81903459783905,7.753679151029947e-05,2.580113303080482e-06,10.09142075870343,0.025,0.0,-0.03,0.0,1.0,0.0,0.01
45,1.499987084735171,79,0.010455155396737,0.0,-0.02721784382331539,0.002782156176684609,0.007217843823315391,14.435687646630782,8.021983105888139e-05,1.7162973227944172e-06,8.66141258797847,0.025,0.0,-0.03,0.0,1.0,0.0,0.01
45,1.499987084735171,80,0.010098449043463017,0.0,-0.02601982060425183,0.003980179395748167,0.006019820604251833,12.039641208503665,8.03078772795443e-05,6.893718896191016e-06,7.223784725102199,0.025,0.0,-0.03,0.0,1.0,0.0,0.01
46,1.5333201310626194,32,0.036536107945707295,0.0,-0.02100330001225132,0.008996699987748678,0.0010033000122513219,2.0066000245026436,-0.00024298071161692476,4.166263273659316e-05,1.203960014701586,0.025,0.0,-0.03,0.0,1.0,0.0,0.01
46,1.5333201310626194,33,0.0367386852486205,0.0,-0.022234364371959872,0.007765635628040127,0.0022343643719598735,4.468728743919747,0.00010887750466951989,2.9946316222760262e-05,2.681237246351848,0.025,0.0,-0.03,0.0,1.0,0.0,0.01
46,1.5333201310626194,34,0.036926698797214046,0.0,-0.023467738090148415,0.006532261909851584,0.0034677380901484162,6.935476180296832,-0.00021345716006276639,1.9403701404840432e-05,4.161285708178099,0.025,0.0,-0.03,0.0,1.0,0.0,0.01
46,1.5333201310626194,35,0.03709931442540408,0.0,-0.024703329733815508,0.005296670266184491,0.004703329733815509,9.406659467631018,7.337317623845741e-05,1.6778879483539456e-05,5.643995680578611,0.025,0.0,-0.03,0.0,1.0,0.0,0.01
46,1.5333201310626194,36,0.03725457611593189,0.0,-0.025941276335878508,0.004058723664121491,0.00594127633587851,11.882552671757018,-0.00020897322965176277,1.5342356349630705e-05,7.129531603054211,0.025,0.0,-0.03,0.0,1.0,0.0,0.01
46,1.5333201310626194,37,0.03738989040414293,0.0,-0.027181642288249458,0.002818357711750541,0.007181642288249459,14.363284576498918,0.00010499892423084728,2.0925886671739463e-05,8.61797074589935,0.025,0.0,-0.03,0.0,1.0,0.0,0.01
46,1.5333201310626194,38,0.037504233051695784,0.0,-0.02842419907768567,0.0015758009223143278,0.008424199077685672,16.848398155371346,-0.0002480553848670832,1.380036890186228e-05,10.109038893222808,0.025,0.0,-0.03,0.0,1.0,0.0,0.01
46,1.5333201310626194,39,0.03759845142503714,0.0,-0.02966848457348915,0.00033151542651084845,0.009668484573489152,19.336969146978305,0.00014965035021397677,2.4736927704408687e-05,11.602181488186982,0.025,0.0,-0.03,0.0,1.0,0.0,0.01
46,1.5333201310626194,40,0.03767515060223582,0.0,-0.03091400642039608,0.000914006420396081,0.00908599357960392,18.171987159207838,0.0002994504617547704,1.0547965480185682e-05,10.903192295524702,0.025,0.0,-0.03,0.0,1.0,0.0,0.01
46,1.5333201310626194,41,0.03773897851710986,0.0,-0.03216019282121557,0.002160192821215573,0.007839807178784427,15.679614357568854,-0.000205942515916027,2.8429950512958735e-05,9.407768614541311,0.025,0.0,-0.03,0.0,1.0,0.0,0.01
46,1.5333201310626194,42,0.03779621123815321,0.0,-0.033406687243449806,0.0034066872434498074,0.006593312756550193,13.186625513100385,0.0002950007856433263,1.7878641354413648e-06,7.911975307860231,0.025,0.0,-0.03,0.0,1.0,0.0,0.01
46,1.5333201310626194,43,0.03785244927258808,0.0,-0.0346532200900919,0.004653220090091899,0.005346779909908101,10.693559819816203,-0.00013400751977353856,3.0196689398718e-05,6.416135891889722,0.025,0.0,-0.03,0.0,1.0,0.0,0.01
46,1.5333201310626194,44,0.0379121207622557,0.0,-0.03589958422250251,0.005899584222502509,0.004100415777497491,8.200831554994982,0.00021878017572410168,8.64503150975192e-06,4.920498932996989,0.025,0.0,-0.03,0.0,1.0,0.0,0.01
46,1.5333201310626194,45,0.037979644630210925,0.0,-0.037145498839058724,0.007145498839058725,0.002854501160941275,5.70900232188255,-5.293859369559573e-05,3.237144036380677e-05,3.4254013931295297,0.025,0.0,-0.03,0.0,1.0,0.0,0.01
46,1.5333201310626194,46,0.03805942628454329,0.0,-0.03839063037559103,0.008390630375591034,0.0016093696244089666,3.218739248817933,0.00013542365122525712,2.1295175342654826e-05,1.9312435492907598,0.025,0.0,-0.03,0.0,1.0,0.0,0.01
46,1.5333201310626194,47,0.03814413561491115,0.0,-0.039634328023269605,0.009634328023269606,0.0003656719767303942,0.7313439534607884,3.348468517338748e-05,2.6061644077078807e-05,0.43880637207647305,0.025,0.0,-0.03,0.0,1.0,0.0,0.01
46,1.5333201310626194,48,0.036947237880242755,0.0,-0.03999033704355987,0.009990337043559873,9.66295644012731e-06,0.01932591288025462,6.19355302452005e-05,4.097131622800772e-05,0.011595547728152772,0.025,0.0,-0.03,0.0,1.0,0.0,0.01
46,1.5333201310626194,68,0.015614793488786792,0.0,-0.03981289539574734,0.00981289539574734,0.0001871046042526605,0.374209208505321,-5.237376330596123e-05,4.2078054493932295e-05,0.2245255251031926,0.025,0.0,-0.03,0.0,1.0,0.0,0.01
46,1.5333201310626194,69,0.015013644155652974,0.0,-0.03872745955780788,0.008727459557807883,0.001272540442192117,2.5450808843842343,-5.498011381342677e-05,3.870171495824113e-05,1.5270485306305406,0.025,0.0,-0.03,0.0,1.0,0.0,0.01
46,1.5333201310626194,70,0.01443695125571937,0.0,-0.0376288712072538,0.0076288712072538,0.0023711287927462004,4.742257585492401,-5.641379650435121e-05,3.465150268136054e-05,2.8453545512954403,0.025,0.0,-0.03,0.0,1.0,0.0,0.01
46,1.5333201310626194,71,0.013886875977490809,0.0,-0.036516736917547164,0.006516736917547165,0.003483263082452835,6.96652616490567,-5.884159419842844e-05,3.103136027172803e-05,4.179915698943401,0.025,0.0,-0.03,0.0,1.0,0.0,0.01
46,1.5333201310626194,72,0.013365121249658772,0.0,-0.035391047530219336,0.005391047530219337,0.0046089524697806635,9.217904939561327,-6.030752175318068e-05,2.6913464329191976e-05,5.530742963736796,0.025,0.0,-0.03,0.0,1.0,0.0,0.01
46,1.5333201310626194,73,0.012872311621410686,0.0,-0.03425238605486688,0.004252386054866879,0.0057476139451331214,11.495227890266243,-6.234283598834763e-05,2.3028557892886436e-05,6.897136734159745,0.025,0.0,-0.03,0.0,1.0,0.0,0.01
46,1.5333201310626194,74,0.012407895287621186,0.0,-0.033101844359021526,0.0031018443590215272,0.006898155640978473,13.796311281956946,-6.379321896571483e-05,1.8902852875534854e-05,8.277786769174167,0.025,0.0,-0.03,0.0,1.0,0.0,0.01
46,1.5333201310626194,75,0.011970117005971552,0.0,-0.03194087734383833,0.0019408773438383334,0.008059122656161667,16.118245312323335,-6.550655596943543e-05,1.4899454493267402e-05,9.670947187394,0.025,0.0,-0.03,0.0,1.0,0.0,0.01
46,1.5333201310626194,76,0.011557276479003937,0.0,-0.030770761497558245,0.0007707614975582464,0.009229238502441754,18.45847700488351,-6.67098405043377e-05,1.070385083188266e-05,11.075086202930105,0.025,0.0,-0.03,0.0,1.0,0.0,0.01
46,1.5333201310626194,77,0.011168136712688346,0.0,-0.029592501656877726,0.00040749834312227284,0.009592501656877727,19.185003313755455,6.837669764960642e-05,6.6709471080428134e-06,11.511001988253273,0.025,0.0,-0.03,0.0,1.0,0.0,0.01
46,1.5333201310626194,78,0.010801299442936042,0.0,-0.028407058699715174,0.0015929413002848253,0.008407058699715175,16.81411739943035,6.932400030196516e-05,2.4039392369699938e-06,10.088470439658211,0.025,0.0,-0.03,0.0,1.0,0.0,0.01
46,1.5333201310626194,79,0.01045521594051485,0.0,-0.027215342283050666,0.0027846577169493326,0.0072153422830506676,14.430684566101336,7.089702074866133e-05,1.6639820548867677e-06,8.658410739660802,0.025,0.0,-0.03,0.0,1.0,0.0,0.01
46,1.5333201310626194,80,0.010098659826035751,0.0,-0.026017274347596646,0.003982725652403353,0.006017274347596647,12.034548695193294,7.179682613540568e-05,6.020251939405381e-06,7.220729217115976,0.025,0.0,-0.03,0.0,1.0,0.0,0.01
47,1.5666531773900676,32,0.036536000387519384,0.0,-0.02100520757624753,0.008994792423752469,0.0010052075762475316,2.0104151524950633,0.0006929758130179603,0.00019245034194774355,1.2062490914970379,0.025,0.0,-0.03,0.0,1.0,0.0,0.01
47,1.5666531773900676,33,0.03673859923243897,0.0,-0.022236275726591554,0.007763724273408445,0.0022362757265915554,4.472551453183111,-0.0008069025937560647,0.00011986166880318385,2.6835308719098663,0.025,0.0,-0.03,0.0,1.0,0.0,0.01
47,1.5666531773900676,34,0.03692662791475907,0.0,-0.023469644587802797,0.0065303554121972016,0.0034696445878027986,6.939289175605597,0.0006874775712478157,0.00010761396429236555,4.163573505363358,0.025,0.0,-0.03,0.0,1.0,0.0,0.01
47,1.5666531773900676,35,0.03709925262663204,0.0,-0.02470524215946146,0.005294757840538539,0.0047052421594614615,9.410484318922922,-0.0007742050814721575,9.028708052916481e-05,5.646290591353753,0.025,0.0,-0.03,0.0,1.0,0.0,0.01
47,1.5666531773900676,36,0.03725450854445315,0.0,-0.02594318696679301,0.004056813033206989,0.005943186966793012,11.886373933586023,0.0006508119036998153,8.475976294152055e-05,7.131824360151614,0.025,0.0,-0.03,0.0,1.0,0.0,0.01
47,1.5666531773900676,37,0.03738979990404642,0.0,-0.027183561911725444,0.0028164380882745553,0.007183561911725445,14.36712382345089,-0.0007409142715619542,6.996515915873305e-05,8.620274294070533,0.025,0.0,-0.03,0.0,1.0,0.0,0.01
47,1.5666531773900676,38,0.03750410130008226,0.0,-0.028426120027218883,0.0015738799727811163,0.008426120027218884,16.852240054437768,0.0006111815656765966,6.632999165257045e-05,10.111344032662661,0.025,0.0,-0.03,0.0,1.0,0.0,0.01
47,1.5666531773900676,39,0.03759826284220411,0.0,-0.029670415229786303,0.0003295847702136957,0.009670415229786304,19.340830459572608,-0.0006959042103319387,4.9932628146304105e-05,11.604498275743564,0.025,0.0,-0.03,0.0,1.0,0.0,0.01
47,1.5666531773900676,40,0.03767489022032433,0.0,-0.030915939276423363,0.0009159392764233644,0.009084060723576636,18.168121447153272,-0.0005594234236299057,5.598221623533838e-05,10.900872868291962,0.025,0.0,-0.03,0.0,1.0,0.0,0.01
47,1.5666531773900676,41,0.03773863576700849,0.0,-0.03216213395303377,0.0021621339530337735,0.007837866046966227,15.675732093932453,0.0006380902221193953,3.091571543426793e-05,9.405439256359472,0.025,0.0,-0.03,0.0,1.0,0.0,0.01
47,1.5666531773900676,42,0.037795777649269356,0.0,-0.03340863069710028,0.003408630697100283,0.006591369302899717,13.182738605799434,-0.0004535464898577407,4.764096746116434e-05,7.90964316347966,0.025,0.0,-0.03,0.0,1.0,0.0,0.01
47,1.5666531773900676,43,0.03785191957865583,0.0,-0.03465517106389107,0.004655171063891073,0.005344828936108928,10.689657872217856,0.0004830358054203281,1.5166786154046882e-05,6.413794723330713,0.025,0.0,-0.03,0.0,1.0,0.0,0.01
47,1.5666531773900676,44,0.03791149117416574,0.0,-0.0359015389611594,0.0059015389611594,0.0040984610388406,8.1969220776812,-0.0002870374134265106,4.321000379238568e-05,4.91815324660872,0.025,0.0,-0.03,0.0,1.0,0.0,0.01
47,1.5666531773900676,45,0.03797891406557331,0.0,-0.03714746139352194,0.007147461393521938,0.002852538606478062,5.705077212956124,0.0003081969332163988,4.4650305306165123e-07,3.4230463277736742,0.025,0.0,-0.03,0.0,1.0,0.0,0.01
47,1.5666531773900676,46,0.03805859537591707,0.0,-0.038392599173387054,0.008392599173387055,0.001607400826612945,3.21480165322589,-0.00010473029964668716,3.477212602219e-05,1.9288809919355339,0.025,0.0,-0.03,0.0,1.0,0.0,0.01
47,1.5666531773900676,47,0.038143205398375284,0.0,-0.03963630465183477,0.009636304651834772,0.00036369534816522824,0.7273906963304565,0.00012178546600338608,3.449689048968737e-05,0.4364344177982739,0.025,0.0,-0.03,0.0,1.0,0.0,0.01
47,1.5666531773900676,48,0.036946246927424,0.0,-0.03999211714717448,0.009992117147174483,7.882852825517525e-06,0.01576570565103505,3.701988204759792e-05,5.151816653824801e-06,0.00945942339062103,0.025,0.0,-0.03,0.0,1.0,0.0,0.01
47,1.5666531773900676,68,0.015613466724779937,0.0,-0.03981124168224178,0.009811241682241782,0.00018875831775821798,0.377516635516436,-4.656392704623341e-05,3.739662057014861e-05,0.22650998130986158,0.025,0.0,-0.03,0.0,1.0,0.0,0.01
47,1.5666531773900676,69,0.015012432577394404,0.0,-0.03872574045226886,0.008725740452268864,0.0012742595477311363,2.5485190954622725,-4.8677350783870086e-05,3.428584305315994e-05,1.5291114572773634,0.025,0.0,-0.03,0.0,1.0,0.0,0.01
47,1.5666531773900676,70,0.014435857598811991,0.0,-0.03762708877960668,0.007627088779606682,0.0023729112203933183,4.745822440786637,-5.037439741225815e-05,3.0901540327473656e-05,2.8474934644719823,0.025,0.0,-0.03,0.0,1.0,0.0,0.01
47,1.5666531773900676,71,0.013885903554158582,0.0,-0.03651489342577615,0.006514893425776151,0.003485106574223849,6.970213148447698,-5.207192256852631e-05,2.7466581288842863e-05,4.182127889068618,0.025,0.0,-0.03,0.0,1.0,0.0,0.01
47,1.5666531773900676,72,0.013364272775927593,0.0,-0.03538914581467131,0.0053891458146713145,0.004610854185328686,9.221708370657371,-5.385648151625505e-05,2.402178037409702e-05,5.533025022394423,0.025,0.0,-0.03,0.0,1.0,0.0,0.01
47,1.5666531773900676,73,0.012871589195343609,0.0,-0.034250429329777336,0.004250429329777337,0.005749570670222663,11.499141340445325,-5.5169828560134016e-05,2.0358851888791497e-05,6.899484804267195,0.025,0.0,-0.03,0.0,1.0,0.0,0.01
47,1.5666531773900676,74,0.012407300103795716,0.0,-0.033099836126949764,0.003099836126949765,0.006900163873050235,13.800327746100471,-5.696104745236877e-05,1.689631688614311e-05,8.280196647660283,0.025,0.0,-0.03,0.0,1.0,0.0,0.01
47,1.5666531773900676,75,0.01196964993331844,0.0,-0.031938820807833154,0.0019388208078331554,0.008061179192166845,16.12235838433369,-5.78480012292494e-05,1.3091695335749869e-05,9.673415030600214,0.025,0.0,-0.03,0.0,1.0,0.0,0.01
47,1.5666531773900676,76,0.011556938550314593,0.0,-0.03076865939685681,0.0007686593968568127,0.009231340603143188,18.462681206286376,-5.979638658825282e-05,9.67712278773742e-06,11.077608723771826,0.025,0.0,-0.03,0.0,1.0,0.0,0.01
47,1.5666531773900676,77,0.011167928815263914,0.0,-0.02959035661486753,0.0004096433851324688,0.009590356614867531,19.180713229735062,6.0202724168258546e-05,5.7285171622398125e-06,11.508427937841036,0.025,0.0,-0.03,0.0,1.0,0.0,0.01
47,1.5666531773900676,78,0.010801222317413097,0.0,-0.02840487318798082,0.0015951268120191799,0.00840487318798082,16.80974637596164,6.225731873258551e-05,2.3223990539864802e-06,10.085847825576984,0.025,0.0,-0.03,0.0,1.0,0.0,0.01
47,1.5666531773900676,79,0.01045527019243613,0.0,-0.027213118621360704,0.002786881378639295,0.007213118621360705,14.42623724272141,6.237199725193368e-05,1.6862163122665445e-06,8.655742345632845,0.025,0.0,-0.03,0.0,1.0,0.0,0.01
47,1.5666531773900676,80,0.010098847637103118,0.0,-0.02601501094266318,0.003984989057336821,0.00601501094266318,12.03002188532636,6.44714967684474e-05,5.169645420576544e-06,7.218013131195815,0.025,0.0,-0.03,0.0,1.0,0.0,0.01
48,1.599986223717516,32,0.03653590414498647,0.0,-0.021006901214727074,0.008993098785272925,0.0010069012147270757,2.0138024294541514,0.00045055419846004526,0.00012813119013572262,1.2082814576724907,0.025,0.0,-0.03,0.0,1.0,0.0,0.01
48,1.599986223717516,33,0.03673852297024514,0.0,-0.022237976830309127,0.007762023169690872,0.002237976830309128,4.475953660618256,-0.0005387674309032113,7.725442808170836e-05,2.6855721963709533,0.025,0.0,-0.03,0.0,1.0,0.0,0.01
48,1.599986223717516,34,0.03692656449663031,0.0,-0.023471337464636657,0.0065286625353633415,0.0034713374646366587,6.942674929273317,0.00042348201504304806,6.883711590953596e-05,4.16560495756399,0.025,0.0,-0.03,0.0,1.0,0.0,0.01
48,1.599986223717516,35,0.03709919775002612,0.0,-0.0247069439667951,0.005293056033204898,0.004706943966795102,9.413887933590205,-0.0004940788160351188,5.348044056920505e-05,5.648332760154123,0.025,0.0,-0.03,0.0,1.0,0.0,0.01
48,1.599986223717516,36,0.037254448097306186,0.0,-0.0259448835968612,0.004055116403138798,0.005944883596861203,11.889767193722404,0.0004026676280078078,5.4723095570552805e-05,7.133860316233442,0.025,0.0,-0.03,0.0,1.0,0.0,0.01
48,1.599986223717516,37,0.03738971948104065,0.0,-0.02718527026582803,0.002814729734171968,0.007185270265828032,14.370540531656063,-0.0005054675970903809,4.642480536140684e-05,8.622324318993638,0.025,0.0,-0.03,0.0,1.0,0.0,0.01
48,1.599986223717516,38,0.03750398379965043,0.0,-0.028427825650386235,0.0015721743496137641,0.008427825650386236,16.85565130077247,0.0004167248074429336,4.737489665473668e-05,10.113390780463483,0.025,0.0,-0.03,0.0,1.0,0.0,0.01
48,1.599986223717516,39,0.03759809518470719,0.0,-0.02967213359793755,0.0003278664020624489,0.009672133597937551,19.3442671958751,-0.0005225621106790881,3.654520319635063e-05,11.60656031752506,0.025,0.0,-0.03,0.0,1.0,0.0,0.01
48,1.599986223717516,40,0.03767465836229873,0.0,-0.03091765524214848,0.0009176552421484817,0.009082344757851519,18.16468951570304,-0.00043549302203209144,4.482918680691719e-05,10.898813709421823,0.025,0.0,-0.03,0.0,1.0,0.0,0.01
48,1.599986223717516,41,0.03773833101173704,0.0,-0.032163861886973996,0.0021638618869739973,0.007836138113026003,15.672276226052006,0.0005435296138305423,2.4860506952037338e-05,9.403365735631203,0.025,0.0,-0.03,0.0,1.0,0.0,0.01
48,1.599986223717516,42,0.03779539183377538,0.0,-0.03341035624228961,0.0034103562422896083,0.006589643757710392,13.179287515420784,-0.0003823988865634489,4.032385274227423e-05,7.90757250925247,0.025,0.0,-0.03,0.0,1.0,0.0,0.01
48,1.599986223717516,43,0.03785144857972053,0.0,-0.034656907100715166,0.004656907100715167,0.005343092899284833,10.686185798569666,0.00041177502367165087,1.1818413775221834e-05,6.4117114791417995,0.025,0.0,-0.03,0.0,1.0,0.0,0.01
48,1.599986223717516,44,0.0379109311428802,0.0,-0.03590327520402024,0.005903275204020238,0.0040967247959797625,8.193449591959524,-0.0002408974173576763,3.711874134496529e-05,4.916069755175714,0.025,0.0,-0.03,0.0,1.0,0.0,0.01
48,1.599986223717516,45,0.03797826444409745,0.0,-0.03714920699597454,0.007149206995974544,0.002850793004025456,5.701586008050912,0.00026320898034536854,1.35322090100604e-06,3.420951604830547,0.025,0.0,-0.03,0.0,1.0,0.0,0.01
48,1.599986223717516,46,0.03805785641662367,0.0,-0.03839434864401132,0.00839434864401132,0.0016056513559886808,3.211302711977362,-8.59417217961482e-05,3.0404645655581e-05,1.926781627186417,0.025,0.0,-0.03,0.0,1.0,0.0,0.01
48,1.599986223717516,47,0.03814237816281405,0.0,-0.03963806198949505,0.009638061989495052,0.0003619380105049485,0.723876021009897,0.00010485411100560149,3.013537166770204e-05,0.4343256126059382,0.025,0.0,-0.03,0.0,1.0,0.0,0.01
48,1.599986223717516,48,0.036945365846723026,0.0,-0.03999369946347676,0.009993699463476759,6.300536523241515e-06,0.01260107304648303,3.410766638252541e-05,6.3864470314975535e-06,0.007560643827889818,0.025,0.0,-0.03,0.0,1.0,0.0,0.01
48,1.599986223717516,68,0.015612287550042736,0.0,-0.039809771533595786,0.009809771533595787,0.00019022846640421275,0.3804569328084255,-4.1654920115700995e-05,3.338214121921805e-05,0.2282741596850553,0.025,0.0,-0.03,0.0,1.0,0.0,0.01
48,1.599986223717516,69,0.01501135580797824,0.0,-0.038724212184759195,0.008724212184759196,0.0012757878152408041,2.5515756304816084,-4.2977519918842576e-05,3.03136585579537e-05,1.530945378288965,0.025,0.0,-0.03,0.0,1.0,0.0,0.01
48,1.599986223717516,70,0.014434885662971676,0.0,-0.03762550422772849,0.007625504227728494,0.002374495772271506,4.748991544543013,-4.501340395861688e-05,2.75790069521312e-05,2.8493949267258074,0.025,0.0,-0.03,0.0,1.0,0.0,0.01
48,1.599986223717516,71,0.013885039398985577,0.0,-0.03651325460372023,0.00651325460372023,0.0034867453962797706,6.9734907925595415,-4.612592699599146e-05,2.433101352762878e-05,4.1840944755357246,0.025,0.0,-0.03,0.0,1.0,0.0,0.01
48,1.599986223717516,72,0.013363518813046567,0.0,-0.03538745524235933,0.005387455242359333,0.004612544757640667,9.225089515281335,-4.7977176846262594e-05,2.1391386087978593e-05,5.535053709168801,0.025,0.0,-0.03,0.0,1.0,0.0,0.01
48,1.599986223717516,73,0.012870947291600335,0.0,-0.03424868986926604,0.004248689869266041,0.005751310130733959,11.502620261467918,-4.900731597585775e-05,1.8073871543713e-05,6.901572156880751,0.025,0.0,-0.03,0.0,1.0,0.0,0.01
48,1.599986223717516,74,0.012406771319227149,0.0,-0.03309805088836749,0.0030980508883674887,0.0069019491116325115,13.803898223265023,-5.0613964606717755e-05,1.5004856562712233e-05,8.282338933959013,0.025,0.0,-0.03,0.0,1.0,0.0,0.01
48,1.599986223717516,75,0.011969235041403264,0.0,-0.03193699264186802,0.0019369926418680225,0.008063007358131978,16.126014716263956,-5.145751731843749e-05,1.1641387240164877e-05,9.675608829758373,0.025,0.0,-0.03,0.0,1.0,0.0,0.01
48,1.599986223717516,76,0.011556638467418761,0.0,-0.030766790734678254,0.0007667907346782556,0.009233209265321745,18.46641853064349,-5.3114290007172675e-05,8.57961226712837e-06,11.079851118386093,0.025,0.0,-0.03,0.0,1.0,0.0,0.01
48,1.599986223717516,77,0.011167744331751694,0.0,-0.029588449793894276,0.0004115502061057229,0.009588449793894277,19.176899587788554,5.356629821093584e-05,5.099811159081169e-06,11.506139752673132,0.025,0.0,-0.03,0.0,1.0,0.0,0.01
48,1.599986223717516,78,0.010801154089466166,0.0,-0.028402930399340706,0.0015970696006592927,0.008402930399340707,16.805860798681415,5.529001791580524e-05,2.0388918317787005e-06,10.083516479208848,0.025,0.0,-0.03,0.0,1.0,0.0,0.01
48,1.599986223717516,79,0.010455318760240834,0.0,-0.02721114193397671,0.0027888580660232892,0.007211141933976711,14.422283867953421,5.549996789653421e-05,1.4914730211637445e-06,8.653370320772053,0.025,0.0,-0.03,0.0,1.0,0.0,0.01
48,1.599986223717516,80,0.0100990149381195,0.0,-0.026012998933622963,0.003987001066377036,0.006012998933622964,12.025997867245929,5.72563106387454e-05,4.621198075252388e-06,7.215598720347557,0.025,0.0,-0.03,0.0,1.0,0.0,0.01
49,1.6333192700449641,32,0.03653581931600558,0.0,-0.021008411237253295,0.008991588762746704,0.0010084112372532959,2.0168224745065917,-0.00041818804750210354,9.324538193255017e-05,1.210093484703955,0.025,0.0,-0.03,0.0,1.0,0.0,0.01
49,1.6333192700449641,33,0.03673845439820132,0.0,-0.022239486184056644,0.007760513815943355,0.0022394861840566455,4.478972368113291,0.00034161999379232245,6.45412658651323e-05,2.6873834208679743,0.025,0.0,-0.03,0.0,1.0,0.0,0.01
49,1.6333192700449641,34,0.03692650847239175,0.0,-0.023472846814843528,0.006527153185156471,0.0034728468148435294,6.945693629687058,-0.00042745348130493894,5.324315218595679e-05,4.1674161778122345,0.025,0.0,-0.03,0.0,1.0,0.0,0.01
49,1.6333192700449641,35,0.037099148358977437,0.0,-0.024708454070099216,0.005291545929900783,0.004708454070099217,9.416908140198434,0.0003369196232061484,5.091996737147688e-05,5.65014488411906,0.025,0.0,-0.03,0.0,1.0,0.0,0.01
49,1.6333192700449641,36,0.0372543946309148,0.0,-0.02594639610204993,0.004053603897950068,0.005946396102049932,11.892792204099864,-0.0004074615154706365,4.129884122140981e-05,7.135675322459918,0.025,0.0,-0.03,0.0,1.0,0.0,0.01
49,1.6333192700449641,37,0.03738964751331356,0.0,-0.02718678640917129,0.0028132135908287073,0.007186786409171293,14.373572818342586,0.00030304748161588387,3.835221286622761e-05,8.624143691005552,0.025,0.0,-0.03,0.0,1.0,0.0,0.01
49,1.6333192700449641,38,0.03750387953785933,0.0,-0.028429345920488968,0.001570654079511031,0.00842934592048897,16.85869184097794,-0.00036747999917240425,2.7384362178250838e-05,10.115215104586763,0.025,0.0,-0.03,0.0,1.0,0.0,0.01
49,1.6333192700449641,39,0.03759794578354893,0.0,-0.029673658942842858,0.00032634105715714096,0.00967365894284286,19.34731788568572,0.0002562704083271803,2.9774268596026785e-05,11.608390731411431,0.025,0.0,-0.03,0.0,1.0,0.0,0.01
49,1.6333192700449641,40,0.03767445238916434,0.0,-0.03091918436227971,0.0009191843622797097,0.00908081563772029,18.16163127544058,0.0003149304982468704,1.5677181530378097e-05,10.896978765264349,0.025,0.0,-0.03,0.0,1.0,0.0,0.01
49,1.6333192700449641,41,0.03773805982977793,0.0,-0.03216539607761994,0.0021653960776199382,0.007834603922380062,15.669207844760123,-0.00019675952779848465,2.483436483841654e-05,9.401524706856074,0.025,0.0,-0.03,0.0,1.0,0.0,0.01
49,1.6333192700449641,42,0.03779504895393772,0.0,-0.03341189332039765,0.003411893320397652,0.006588106679602348,13.176213359204697,0.0002531448954685047,5.165499666307119e-06,7.905728015522818,0.025,0.0,-0.03,0.0,1.0,0.0,0.01
49,1.6333192700449641,43,0.03785102968176278,0.0,-0.03465844919092327,0.004658449190923272,0.005341550809076728,10.683101618153456,-0.00013270548921957435,2.443332112023381e-05,6.4098609708920735,0.025,0.0,-0.03,0.0,1.0,0.0,0.01
49,1.6333192700449641,44,0.03791043336409379,0.0,-0.03590482100987725,0.005904821009877249,0.004095178990122751,8.190357980245501,0.00018506408568319576,3.470942260835888e-06,4.914214788147301,0.025,0.0,-0.03,0.0,1.0,0.0,0.01
49,1.6333192700449641,45,0.03797768682135092,0.0,-0.03715075837577956,0.00715075837577956,0.00284924162422044,5.69848324844088,-6.041192292436929e-05,2.4680218303800466e-05,3.419089949064528,0.025,0.0,-0.03,0.0,1.0,0.0,0.01
49,1.6333192700449641,46,0.03805719952916696,0.0,-0.03839590535390806,0.008395905353908058,0.0016040946460919425,3.208189292183885,0.00011055709997423685,1.3878781709444511e-05,1.924913575310331,0.025,0.0,-0.03,0.0,1.0,0.0,0.01
49,1.6333192700449641,47,0.03814164279488421,0.0,-0.03963962464114036,0.009639624641140362,0.00036037535885963777,0.7207507177192756,1.6775140911409305e-05,1.727549211623861e-05,0.43245043063156535,0.025,0.0,-0.03,0.0,1.0,0.0,0.01
49,1.6333192700449641,48,0.036944582462119464,0.0,-0.03999510679207701,0.009995106792077012,4.89320792298846e-06,0.00978641584597692,4.570615393393349e-05,3.1982289306335276e-05,0.005871849507586152,0.025,0.0,-0.03,0.0,1.0,0.0,0.01
49,1.6333192700449641,68,0.015611239493389436,0.0,-0.039808464536230416,0.009808464536230417,0.00019153546376958312,0.3830709275391663,-3.716039089506744e-05,2.9743770099160717e-05,0.22984255652349975,0.025,0.0,-0.03,0.0,1.0,0.0,0.01
49,1.6333192700449641,69,0.015010398794277065,0.0,-0.03872285353239424,0.008722853532394242,0.0012771464676057578,2.5542929352115156,-3.823440921263677e-05,2.6959281306793706e-05,1.5325757611269093,0.025,0.0,-0.03,0.0,1.0,0.0,0.01
49,1.6333192700449641,70,0.01443402184886556,0.0,-0.03762409554818236,0.007624095548182358,0.002375904451817642,4.751808903635284,-3.995212347413074e-05,2.448321238190654e-05,2.8510853421811704,0.025,0.0,-0.03,0.0,1.0,0.0,0.01
49,1.6333192700449641,71,0.01388427140477076,0.0,-0.036511797689429894,0.006511797689429895,0.0034882023105701054,6.976404621140211,-4.112573137286804e-05,2.167889926298955e-05,4.1858427726841265,0.025,0.0,-0.03,0.0,1.0,0.0,0.01
49,1.6333192700449641,72,0.013362848782098834,0.0,-0.03538595233326954,0.005385952333269543,0.004614047666730457,9.228095333460914,-4.25057781789919e-05,1.8948557222945e-05,5.536857200076548,0.025,0.0,-0.03,0.0,1.0,0.0,0.01
49,1.6333192700449641,73,0.012870376882710604,0.0,-0.034247143508441054,0.004247143508441055,0.005752856491558945,11.50571298311789,-4.375903071071078e-05,1.6140223601286746e-05,6.903427789870734,0.025,0.0,-0.03,0.0,1.0,0.0,0.01
49,1.6333192700449641,74,0.012406301475246058,0.0,-0.033096463842836384,0.0030964638428363847,0.0069035361571636155,13.80707231432723,-4.478508093226202e-05,1.3249319028243528e-05,8.284243388596337,0.025,0.0,-0.03,0.0,1.0,0.0,0.01
49,1.6333192700449641,75,0.011968866448172398,0.0,-0.03193536744195816,0.001935367441958158,0.008064632558041842,16.129265116083683,-4.6079243783487155e-05,1.0468282576938865e-05,9.67755906965021,0.025,0.0,-0.03,0.0,1.0,0.0,0.01
49,1.6333192700449641,76,0.011556371941353569,0.0,-0.030765129547093307,0.000765129547093308,0.009234870452906692,18.469740905813385,-4.679891435473017e-05,7.476888971314221e-06,11.08184454348803,0.025,0.0,-0.03,0.0,1.0,0.0,0.01
49,1.6333192700449641,77,0.011167580572883376,0.0,-0.02958675468967827,0.0004132453103217297,0.00958675468967827,19.173509379356542,4.8121277040121816e-05,4.694316946836238e-06,11.504105627613924,0.025,0.0,-0.03,0.0,1.0,0.0,0.01
49,1.6333192700449641,78,0.010801093683609679,0.0,-0.02840120333452411,0.0015987966654758892,0.008401203334524111,16.80240666904822,4.861434184348095e-05,1.6416629007370078e-06,10.081444001428933,0.025,0.0,-0.03,0.0,1.0,0.0,0.01
49,1.6333192700449641,79,0.010455362184673134,0.0,-0.027209384738967696,0.002790615261032303,0.007209384738967697,14.418769477935394,4.990016262233646e-05,1.1608249598456955e-06,8.651261686761236,0.025,0.0,-0.03,0.0,1.0,0.0,0.01
49,1.6333192700449641,80,0.010099163918314344,0.0,-0.026011210352864283,0.003988789647135716,0.006011210352864284,12.022420705728567,5.0347327051602106e-05,4.276459292986555e-06,7.21345242343714,0.025,0.0,-0.03,0.0,1.0,0.0,0.01
50,1.6666523163724123,32,0.036535743203170906,0.0,-0.0210097680580017,0.0089902319419983,0.0010097680580017,2.0195361160034,-0.0006613841633753892,0.0001551715817912719,1.21172166960204,0.025,0.0,-0.03,0.0,1.0,0.0,0.01
50,1.6666523163724123,33,0.03673839167790203,0.0,-0.022240835549927476,0.007759164450072523,0.002240835549927477,4.481671099854954,0.0005830571447349902,0.00010255699145418783,2.689002659912972,0.025,0.0,-0.03,0.0,1.0,0.0,0.01
50,1.6666523163724123,34,0.03692645827121379,0.0,-0.023474202807775905,0.006525797192224094,0.003474202807775906,6.948405615551812,-0.0006438997337084878,8.474004631631492e-05,4.169043369331087,0.025,0.0,-0.03,0.0,1.0,0.0,0.01
50,1.6666523163724123,35,0.03709910353430551,0.0,-0.024709804282055162,0.0052901957179448365,0.004709804282055164,9.419608564110327,0.0005431608394821101,7.44764429859517e-05,5.651765138466196,0.025,0.0,-0.03,0.0,1.0,0.0,0.01
50,1.6666523163724123,36,0.037254347246910784,0.0,-0.02594775468914385,0.004052245310856149,0.005947754689143851,11.895509378287702,-0.0006157657469698032,6.649944184354847e-05,7.137305626972621,0.025,0.0,-0.03,0.0,1.0,0.0,0.01
50,1.6666523163724123,37,0.037389583240173954,0.0,-0.027188141946349817,0.002811858053650182,0.007188141946349818,14.376283892699636,0.0005340993472673839,6.249517363088581e-05,8.625770335619782,0.025,0.0,-0.03,0.0,1.0,0.0,0.01
50,1.6666523163724123,38,0.03750378741784203,0.0,-0.028430711428901922,0.001569288571098077,0.008430711428901923,16.861422857803845,-0.00060612572963332,5.0906816637452096e-05,10.116853714682307,0.025,0.0,-0.03,0.0,1.0,0.0,0.01
50,1.6666523163724123,39,0.03759781317242475,0.0,-0.029675022620360557,0.000324977379639442,0.009675022620360558,19.350045240721116,0.0005227065206144934,5.232597286061951e-05,11.610027144432669,0.025,0.0,-0.03,0.0,1.0,0.0,0.01
50,1.6666523163724123,40,0.03767427021538991,0.0,-0.030920557688319143,0.0009205576883191437,0.009079442311680857,18.158884623361715,0.0005936586648429179,3.868854691056226e-05,10.895330774017028,0.025,0.0,-0.03,0.0,1.0,0.0,0.01
50,1.6666523163724123,41,0.03773781943465838,0.0,-0.03216676749266797,0.002166767492667969,0.007833232507332031,15.666465014664062,-0.0005076611174940783,4.4236892393472786e-05,9.399879008798438,0.025,0.0,-0.03,0.0,1.0,0.0,0.01
50,1.6666523163724123,42,0.03779474545585147,0.0,-0.0334132732363665,0.003413273236366504,0.006586726763633496,13.173453527266991,0.0005157376802086043,2.4201928332534465e-05,7.904072116360195,0.025,0.0,-0.03,0.0,1.0,0.0,0.01
50,1.6666523163724123,43,0.037850658477657353,0.0,-0.034659828396269285,0.004659828396269286,0.005340171603730714,10.680343207461428,-0.00036180170653029843,3.8437717448510755e-05,6.4082059244768566,0.025,0.0,-0.03,0.0,1.0,0.0,0.01
50,1.6666523163724123,44,0.03790999256041536,0.0,-0.035906207689584614,0.005906207689584615,0.004093792310415385,8.18758462083077,0.00036006514028828735,1.1183748590221845e-05,4.912550772498461,0.025,0.0,-0.03,0.0,1.0,0.0,0.01
50,1.6666523163724123,45,0.037977175011282956,0.0,-0.037152146713090715,0.0071521467130907165,0.0028478532869092837,5.695706573818567,-0.00019722054641921176,3.3288485926195166e-05,3.4174239442911403,0.025,0.0,-0.03,0.0,1.0,0.0,0.01
50,1.6666523163724123,46,0.038056617642768575,0.0,-0.03839730064003892,0.008397300640038921,0.0016026993599610791,3.205398719922158,0.00018961977451934314,5.900433069420014e-06,1.9232392319532947,0.025,0.0,-0.03,0.0,1.0,0.0,0.01
50,1.6666523163724123,47,0.03814099133739207,0.0,-0.039641023932130454,0.009641023932130455,0.0003589760678695455,0.717952135739091,-2.1640749971230503e-05,1.0817015547762998e-05,0.4307712814434546,0.025,0.0,-0.03,0.0,1.0,0.0,0.01
50,1.6666523163724123,48,0.03694388782209379,0.0,-0.03999636722947994,0.009996367229479941,3.632770520059156e-06,0.007265541040118312,4.78743178245304e-05,4.055165118817473e-05,0.004359324624070987,0.025,0.0,-0.03,0.0,1.0,0.0,0.01
50,1.6666523163724123,68,0.015610307235727308,0.0,-0.03980730124782069,0.009807301247820692,0.00019269875217930825,0.3853975043586165,-3.296432562307167e-05,2.639674605087571e-05,0.2312385026151699,0.025,0.0,-0.03,0.0,1.0,0.0,0.01
50,1.6666523163724123,69,0.015009547488880559,0.0,-0.03872164433837627,0.008721644338376272,0.0012783556616237281,2.5567113232474563,-3.432129959003404e-05,2.4138526759458628e-05,1.5340267939484737,0.025,0.0,-0.03,0.0,1.0,0.0,0.01
50,1.6666523163724123,70,0.01443325341568319,0.0,-0.03762284189708632,0.00762284189708632,0.00237715810291368,4.75431620582736,-3.536954092199765e-05,2.168879577127277e-05,2.8525897234964157,0.025,0.0,-0.03,0.0,1.0,0.0,0.01
50,1.6666523163724123,71,0.013883588171458322,0.0,-0.036510501167576884,0.006510501167576885,0.0034894988324231154,6.978997664846231,-3.683283438633457e-05,1.9396290318259886e-05,4.1873985989077385,0.025,0.0,-0.03,0.0,1.0,0.0,0.01
50,1.6666523163724123,72,0.01336225265537973,0.0,-0.03538461493359669,0.005384614933596689,0.004615385066403311,9.230770132806622,-3.770566940217267e-05,1.680665770808723e-05,5.538462079683973,0.025,0.0,-0.03,0.0,1.0,0.0,0.01
50,1.6666523163724123,73,0.012869869333784664,0.0,-0.03424576748543554,0.0042457674854355434,0.005754232514564457,11.508465029128914,-3.910709612352947e-05,1.443165591343634e-05,6.905079017477348,0.025,0.0,-0.03,0.0,1.0,0.0,0.01
50,1.6666523163724123,74,0.012405883341066452,0.0,-0.03309505165859079,0.0030950516585907945,0.006904948341409206,13.809896682818412,-3.979937242279297e-05,1.176867974847859e-05,8.285938009691046,0.025,0.0,-0.03,0.0,1.0,0.0,0.01
50,1.6666523163724123,75,0.011968538334743772,0.0,-0.03193392134081231,0.001933921340812314,0.008066078659187686,16.132157318375373,-4.118676812772219e-05,9.387967665643905e-06,9.679294391025223,0.025,0.0,-0.03,0.0,1.0,0.0,0.01
50,1.6666523163724123,76,0.01155613457635994,0.0,-0.03076365146134195,0.0007636514613419514,0.009236348538658049,18.4726970773161,-4.1498291801332034e-05,6.609353195611125e-06,11.083618246389658,0.025,0.0,-0.03,0.0,1.0,0.0,0.01
50,1.6666523163724123,77,0.011167434575823074,0.0,-0.0295852464531865,0.0004147535468134976,0.009585246453186503,19.170492906373006,4.3076180194544994e-05,4.270456372544679e-06,11.502295743823803,0.025,0.0,-0.03,0.0,1.0,0.0,0.01
50,1.6666523163724123,78,0.0108010395779922,0.0,-0.028399666695201664,0.0016003333047983348,0.008399666695201665,16.79933339040333,4.306062876610421e-05,1.4107579696248405e-06,10.079600034241997,0.025,0.0,-0.03,0.0,1.0,0.0,0.01
50,1.6666523163724123,79,0.01045540039168535,0.0,-0.02720782131458696,0.002792178685413038,0.007207821314586962,14.415642629173924,4.4684303141712945e-05,9.351889749210551e-07,8.649385577504354,0.025,0.0,-0.03,0.0,1.0,0.0,0.01
50,1.6666523163724123,80,0.010099295971851354,0.0,-0.026009619038288315,0.003990380961711684,0.006009619038288316,12.019238076576633,4.459510645961067e-05,3.851471547013692e-06,7.21154284594598,0.025,0.0,-0.03,0.0,1.0,0.0,0.01
51,1.6999853626998607,32,0.03653567386062934,0.0,-0.021010983619662103,0.008989016380337896,0.0010109836196621046,2.0219672393242094,-7.881325381614407e-05,8.52503491024153e-06,1.2131803435945256,0.025,0.0,-0.03,0.0,1.0,0.0,0.01
51,1.6999853626998607,33,0.03673833501549505,0.0,-0.02224204664765868,0.007757953352341317,0.002242046647658683,4.484093295317366,1.4853856808767296e-06,7.220118590429471e-06,2.6904559771904193,0.025,0.0,-0.03,0.0,1.0,0.0,0.01
51,1.6999853626998607,34,0.03692641269445788,0.0,-0.02347541747372587,0.0065245825262741294,0.0034754174737258708,6.9508349474517415,-6.086858921135101e-05,2.3910915034859196e-06,4.170500968471044,0.025,0.0,-0.03,0.0,1.0,0.0,0.01
51,1.6999853626998607,35,0.0370990633500368,0.0,-0.02471101610099547,0.005288983899004528,0.0047110161009954726,9.422032201990945,-1.765758417631918e-05,1.808925008287164e-06,5.653219321194567,0.025,0.0,-0.03,0.0,1.0,0.0,0.01
51,1.6999853626998607,36,0.03725430475511514,0.0,-0.025948971670880436,0.004051028329119563,0.005948971670880437,11.897943341760874,-6.146881071482467e-05,1.9986672151495528e-06,7.138766005056524,0.025,0.0,-0.03,0.0,1.0,0.0,0.01
51,1.6999853626998607,37,0.03738952616493061,0.0,-0.027189358281705333,0.002810641718294666,0.007189358281705334,14.378716563410668,5.32205087749139e-06,6.1363602539870584e-06,8.627229938046401,0.025,0.0,-0.03,0.0,1.0,0.0,0.01
51,1.6999853626998607,38,0.0375037055627015,0.0,-0.02843193473488022,0.0015680652651197773,0.008431934734880223,16.863869469760445,-8.969725628506982e-05,3.0992408450857872e-06,10.118321681856267,0.025,0.0,-0.03,0.0,1.0,0.0,0.01
51,1.6999853626998607,39,0.03759769560058356,0.0,-0.029676245915564194,0.0003237540844358046,0.009676245915564196,19.35249183112839,3.772857570057862e-05,9.900826617669156e-06,11.611495098677034,0.025,0.0,-0.03,0.0,1.0,0.0,0.01
51,1.6999853626998607,40,0.03767410859475338,0.0,-0.03092178817869405,0.0009217881786940524,0.009078211821305948,18.156423642611895,0.0001269167652233432,2.6823531006092793e-06,10.893854185567136,0.025,0.0,-0.03,0.0,1.0,0.0,0.01
51,1.6999853626998607,41,0.03773760627161714,0.0,-0.0321679973132069,0.0021679973132069028,0.007832002686793097,15.664005373586194,-7.877368107360253e-05,1.3212628734901929e-05,9.398403224151716,0.025,0.0,-0.03,0.0,1.0,0.0,0.01
51,1.6999853626998607,42,0.03779447627147523,0.0,-0.033414509750788676,0.0034145097507886774,0.006585490249211323,13.170980498422646,0.0001340985461587762,1.1599027229604098e-06,7.902588299053587,0.025,0.0,-0.03,0.0,1.0,0.0,0.01
51,1.6999853626998607,43,0.037850329295063004,0.0,-0.03466106496949814,0.004661064969498141,0.005338935030501859,10.677870061003718,-4.813828300769223e-05,1.4851667990382264e-05,6.406722036602231,0.025,0.0,-0.03,0.0,1.0,0.0,0.01
51,1.6999853626998607,44,0.03790960159466164,0.0,-0.03590745028790711,0.0059074502879071095,0.004092549712092891,8.18509942418578,0.00010170279497291742,6.298031388212221e-06,4.911059654511468,0.025,0.0,-0.03,0.0,1.0,0.0,0.01
51,1.6999853626998607,45,0.03797672109131753,0.0,-0.037153391214818414,0.007153391214818415,0.002846608785181585,5.693217570363171,-1.3578749739604772e-05,1.666997633692425e-05,3.4159305422179025,0.025,0.0,-0.03,0.0,1.0,0.0,0.01
51,1.6999853626998607,46,0.03805610153256709,0.0,-0.038398550968872576,0.008398550968872577,0.0016014490311274231,3.2028980622548464,6.625045997150942e-05,1.2428963529049772e-05,1.9217388373529078,0.025,0.0,-0.03,0.0,1.0,0.0,0.01
51,1.6999853626998607,47,0.038140413511591593,0.0,-0.039642277970376616,0.009642277970376617,0.00035772202962338316,0.7154440592467664,2.327833711204878e-05,1.488710929744582e-05,0.4292664355480598,0.025,0.0,-0.03,0.0,1.0,0.0,0.01
51,1.6999853626998607,48,0.03694327131911591,0.0,-0.039997496637246714,0.009997496637246715,2.5033627532849295e-06,0.005006725506569859,3.413557234923588e-05,2.1226320891557853e-05,0.0030040353039419154,0.025,0.0,-0.03,0.0,1.0,0.0,0.01
51,1.6999853626998607,68,0.015609476779626834,0.0,-0.03980626382761272,0.009806263827612724,0.00019373617238727624,0.3874723447745525,-2.9232172645922085e-05,2.34239875608903e-05,0.23248340686473148,0.025,0.0,-0.03,0.0,1.0,0.0,0.01
51,1.6999853626998607,69,0.0150087890675992,0.0,-0.038720566082498756,0.008720566082498757,0.0012794339175012433,2.5588678350024865,-3.0746588964652425e-05,2.1581214649689433e-05,1.5353207010014918,0.025,0.0,-0.03,0.0,1.0,0.0,0.01
51,1.6999853626998607,70,0.01443256874256022,0.0,-0.03762172409650271,0.007621724096502712,0.0023782759034972883,4.756551806994577,-3.1488882708127404e-05,1.9299674267212366e-05,2.8539310841967462,0.025,0.0,-0.03,0.0,1.0,0.0,0.01
51,1.6999853626998607,71,0.0138829793189517,0.0,-0.03650934522718687,0.006509345227186873,0.003490654772813127,6.981309545626254,-3.2872718929094025e-05,1.7302293516945966e-05,4.188785727375752,0.025,0.0,-0.03,0.0,1.0,0.0,0.01
51,1.6999853626998607,72,0.013361721322428922,0.0,-0.03538342262706401,0.005383422627064011,0.0046165773729359896,9.233154745871978,-3.3670706615761896e-05,1.5003091714373167e-05,5.539892847523187,0.025,0.0,-0.03,0.0,1.0,0.0,0.01
51,1.6999853626998607,73,0.012869416828245044,0.0,-0.03424454081631675,0.004244540816316748,0.005755459183683252,11.510918367366504,-3.48003857006002e-05,1.2841054758230197e-05,6.906551020419902,0.025,0.0,-0.03,0.0,1.0,0.0,0.01
51,1.6999853626998607,74,0.012405510404699834,0.0,-0.0330937928175432,0.003093792817543198,0.006906207182456802,13.812414364913606,-3.562423301368431e-05,1.055251585972636e-05,8.287448618948163,0.025,0.0,-0.03,0.0,1.0,0.0,0.01
51,1.6999853626998607,75,0.011968245504475894,0.0,-0.031932632325667544,0.0019326323256675451,0.008067367674332455,16.13473534866491,-3.654354776209553e-05,8.312855299469125e-06,9.680841209198947,0.025,0.0,-0.03,0.0,1.0,0.0,0.01
51,1.6999853626998607,76,0.011555922498808845,0.0,-0.030762333990493596,0.0007623339904935973,0.009237666009506403,18.475332019012807,-3.72569196358766e-05,5.994763837704314e-06,11.085199211407684,0.025,0.0,-0.03,0.0,1.0,0.0,0.01
51,1.6999853626998607,77,0.011167303802410303,0.0,-0.029583902160134998,0.00041609783986500115,0.009583902160134999,19.167804320269997,3.812810362556652e-05,3.7325031757545145e-06,11.500682592161999,0.025,0.0,-0.03,0.0,1.0,0.0,0.01
51,1.6999853626998607,78,0.010800990573709618,0.0,-0.028398297133551922,0.0016017028664480765,0.008398297133551924,16.79659426710385,3.871601933172532e-05,1.3785169735319526e-06,10.07795656026231,0.025,0.0,-0.03,0.0,1.0,0.0,0.01
51,1.6999853626998607,79,0.010455433531800938,0.0,-0.027206427925886692,0.002793572074113307,0.007206427925886693,14.412855851773386,3.952439978691125e-05,9.047061867433831e-07,8.647713511064032,0.025,0.0,-0.03,0.0,1.0,0.0,0.01
51,1.6999853626998607,80,0.010099412612068303,0.0,-0.02600820083984425,0.0039917991601557505,0.00600820083984425,12.0164016796885,4.009017529103014e-05,3.3077973777526803e-06,7.2098410078130994,0.025,0.0,-0.03,0.0,1.0,0.0,0.01
52,1.7333184090273088,32,0.036535610452685774,0.0,-0.02101206846030057,0.008987931539699429,0.0010120684603005716,2.0241369206011433,0.00046581865639902726,0.000127657545748341,1.214482152360686,0.025,0.0,-0.03,0.0,1.0,0.0,0.01
52,1.7333184090273088,33,0.03673828446454037,0.0,-0.022243134178402124,0.007756865821597875,0.0022431341784021255,4.486268356804251,-0.0005314425121815424,7.986350960123555e-05,2.6917610140825503,0.025,0.0,-0.03,0.0,1.0,0.0,0.01
52,1.7333184090273088,34,0.03692637117903184,0.0,-0.023476501535573777,0.006523498464426222,0.003476501535573778,6.953003071147556,0.00046223938398501705,7.139237553987591e-05,4.1718018426885335,0.025,0.0,-0.03,0.0,1.0,0.0,0.01
52,1.7333184090273088,35,0.03709902767015285,0.0,-0.024712104048126696,0.005287895951873303,0.004712104048126697,9.424208096253395,-0.0005097272212589195,6.01380340021861e-05,5.654524857752037,0.025,0.0,-0.03,0.0,1.0,0.0,0.01
52,1.7333184090273088,36,0.037254266399610714,0.0,-0.025950057917008135,0.004049942082991864,0.005950057917008136,11.900115834016272,0.0004382428152494091,5.61858412070358e-05,7.140069500409763,0.025,0.0,-0.03,0.0,1.0,0.0,0.01
52,1.7333184090273088,37,0.03738947563432742,0.0,-0.02719045013618869,0.0028095498638113087,0.0071904501361886915,14.380900272377383,-0.0004883412681306836,4.683811086867991e-05,8.628540163426429,0.025,0.0,-0.03,0.0,1.0,0.0,0.01
52,1.7333184090273088,38,0.03750363245639294,0.0,-0.02843302669155784,0.00156697330844216,0.00843302669155784,16.86605338311568,0.0004127990860643284,4.376481103266522e-05,10.119632029869408,0.025,0.0,-0.03,0.0,1.0,0.0,0.01
52,1.7333184090273088,39,0.03759759131647047,0.0,-0.02967734382931489,0.00032265617068510943,0.00967734382931489,19.354687658629782,-0.00045934156874992936,3.389182205148683e-05,11.61281259517787,0.025,0.0,-0.03,0.0,1.0,0.0,0.01
52,1.7333184090273088,40,0.03767396468638428,0.0,-0.03092288664154853,0.0009228866415485308,0.00907711335845147,18.15422671690294,-0.00037947535756584574,3.650443566156667e-05,10.892536030141764,0.025,0.0,-0.03,0.0,1.0,0.0,0.01
52,1.7333184090273088,41,0.03773741697848121,0.0,-0.03216910085822463,0.0021691008582246304,0.00783089914177537,15.66179828355074,0.0004219945509929419,2.1750793246859122e-05,9.397078970130444,0.025,0.0,-0.03,0.0,1.0,0.0,0.01
52,1.7333184090273088,42,0.03779423682801259,0.0,-0.03341561398718545,0.0034156139871854493,0.006584386012814551,13.168772025629101,-0.0003093851707958179,3.0390760842339485e-05,7.90126321537746,0.025,0.0,-0.03,0.0,1.0,0.0,0.01
52,1.7333184090273088,43,0.037850036834252934,0.0,-0.03466217374777144,0.004662173747771441,0.00533782625222856,10.675652504457119,0.00031817560758262556,1.1852786697847983e-05,6.405391502674271,0.025,0.0,-0.03,0.0,1.0,0.0,0.01
52,1.7333184090273088,44,0.037909253948325505,0.0,-0.0359085607086973,0.005908560708697302,0.004091439291302698,8.182878582605396,-0.00019791384467815555,2.6800556995877533e-05,4.9097271495632375,0.025,0.0,-0.03,0.0,1.0,0.0,0.01
52,1.7333184090273088,45,0.037976317699851964,0.0,-0.03715450617570798,0.007154506175707981,0.0028454938242920193,5.690987648584039,0.00020099342120286838,2.0924431890701686e-06,3.414592589150423,0.025,0.0,-0.03,0.0,1.0,0.0,0.01
52,1.7333184090273088,46,0.038055642706222866,0.0,-0.03839966911392217,0.008399669113922169,0.0016003308860778314,3.2006617721556627,-7.578320119843139e-05,2.0511300080600458e-05,1.9203970632933975,0.025,0.0,-0.03,0.0,1.0,0.0,0.01
52,1.7333184090273088,47,0.038139899838437366,0.0,-0.039643400487548004,0.009643400487548005,0.0003565995124519949,0.7131990249039898,7.598604776935023e-05,2.0022720170460497e-05,0.4279194149423939,0.025,0.0,-0.03,0.0,1.0,0.0,0.01
52,1.7333184090273088,48,0.03694272317922381,0.0,-0.03999850716482824,0.009998507164828238,1.4928351717621163e-06,0.0029856703435242327,1.976335277505318e-05,2.0430063970890057e-07,0.0017914022061145396,0.025,0.0,-0.03,0.0,1.0,0.0,0.01
52,1.7333184090273088,68,0.015608736337696057,0.0,-0.03980533782098213,0.009805337820982134,0.00019466217901786646,0.38932435803573295,-2.6114820324762645e-05,2.089931689633332e-05,0.23359461482143976,0.025,0.0,-0.03,0.0,1.0,0.0,0.01
52,1.7333184090273088,69,0.015008112785594538,0.0,-0.03871960371219495,0.008719603712194948,0.001280396287805052,2.5607925756101038,-2.73130658498005e-05,1.9176078535302092e-05,1.5364755453660621,0.025,0.0,-0.03,0.0,1.0,0.0,0.01
52,1.7333184090273088,70,0.01443195814904252,0.0,-0.03762072651050699,0.007620726510506992,0.002379273489493008,4.758546978986016,-2.8256268378463636e-05,1.728733930768051e-05,2.8551281873916095,0.025,0.0,-0.03,0.0,1.0,0.0,0.01
52,1.7333184090273088,71,0.013882436263837837,0.0,-0.03650831367607636,0.006508313676076363,0.003491686323923637,6.983372647847274,-2.9191838107539958e-05,1.5367222110824664e-05,4.190023588708364,0.025,0.0,-0.03,0.0,1.0,0.0,0.01
52,1.7333184090273088,72,0.013361247319727518,0.0,-0.03538235868746556,0.0053823586874655605,0.00461764131253444,9.23528262506888,-3.0206139218071995e-05,1.345434284709395e-05,5.5411695750413275,0.025,0.0,-0.03,0.0,1.0,0.0,0.01
52,1.7333184090273088,73,0.012869013044061874,0.0,-0.0342434462749651,0.004243446274965104,0.005756553725034896,11.513107450069793,-3.090793054931237e-05,1.1398979576183081e-05,6.907864470041876,0.025,0.0,-0.03,0.0,1.0,0.0,0.01
52,1.7333184090273088,74,0.012405177496347064,0.0,-0.03309266962296768,0.0030926696229676837,0.0069073303770323165,13.814660754064633,-3.194416967885029e-05,9.483112928791842e-06,8.28879645243878,0.025,0.0,-0.03,0.0,1.0,0.0,0.01
52,1.7333184090273088,75,0.011967983949801048,0.0,-0.0319314822617082,0.001931482261708202,0.008068517738291798,16.137035476583595,-3.238409597212516e-05,7.340905260648181e-06,9.682221285950156,0.025,0.0,-0.03,0.0,1.0,0.0,0.01
52,1.7333184090273088,76,0.011555732871413291,0.0,-0.030761158582532973,0.0007611585825329746,0.009238841417467026,18.47768283493405,-3.354484424918688e-05,5.463400305382989e-06,11.08660970096043,0.025,0.0,-0.03,0.0,1.0,0.0,0.01
52,1.7333184090273088,77,0.011167186595537528,0.0,-0.029582702870129537,0.0004172971298704621,0.009582702870129538,19.165405740259075,3.3678219646944206e-05,3.2305152889497795e-06,11.499243444155445,0.025,0.0,-0.03,0.0,1.0,0.0,0.01
52,1.7333184090273088,78,0.010800946198665834,0.0,-0.028397075337291133,0.0016029246627088656,0.008397075337291135,16.79415067458227,3.492755869842056e-05,1.364194290506111e-06,10.07649040474936,0.025,0.0,-0.03,0.0,1.0,0.0,0.01
52,1.7333184090273088,79,0.010455462325451165,0.0,-0.027205184916200744,0.002794815083799255,0.007205184916200745,14.410369832401491,3.487985197800036e-05,9.047560786544721e-07,8.646221899440894,0.025,0.0,-0.03,0.0,1.0,0.0,0.01
52,1.7333184090273088,80,0.010099515772456954,0.0,-0.02600693573447441,0.003993064265525589,0.0060069357344744116,12.013871468948823,3.6161875739865344e-05,2.813351800564378e-06,7.208322881369293,0.025,0.0,-0.03,0.0,1.0,0.0,0.01
53,1.7666514553547572,32,0.03653555317337082,0.0,-0.021013037593303616,0.008986962406696383,0.0010130375933036177,2.0260751866072355,0.0003247922099368859,9.028429912526296e-05,1.2156451119643412,0.025,0.0,-0.03,0.0,1.0,0.0,0.01
53,1.7666514553547572,33,0.036738239198121525,0.0,-0.022244107884683433,0.007755892115316566,0.0022441078846834345,4.488215769366869,-0.00037533949369938154,5.500573219370824e-05,2.6929294616201216,0.025,0.0,-0.03,0.0,1.0,0.0,0.01
53,1.7666514553547572,34,0.036926333748652757,0.0,-0.023477470050496375,0.006522529949503624,0.003477470050496376,6.9549401009927525,0.00030753756506826115,4.871342905185476e-05,4.1729640605956515,0.025,0.0,-0.03,0.0,1.0,0.0,0.01
53,1.7666514553547572,35,0.0370989957919209,0.0,-0.024713077961636083,0.005286922038363916,0.0047130779616360845,9.42615592327217,-0.000345556823004692,3.846026095995345e-05,5.655693553963301,0.025,0.0,-0.03,0.0,1.0,0.0,0.01
53,1.7666514553547572,36,0.03725423199517343,0.0,-0.025951028398694672,0.004048971601305327,0.005951028398694673,11.902056797389347,0.0002927698872518778,3.8627685079728035e-05,7.141234078433608,0.025,0.0,-0.03,0.0,1.0,0.0,0.01
53,1.7666514553547572,37,0.037389430670975374,0.0,-0.0271914276040693,0.0028085723959307,0.0071914276040693,14.3828552081386,-0.000351424295559446,3.315001281479719e-05,8.62971312488316,0.025,0.0,-0.03,0.0,1.0,0.0,0.01
53,1.7666514553547572,38,0.03750356721707247,0.0,-0.028434002143087937,0.0015659978569120617,0.008434002143087939,16.86800428617588,0.00030015626588744617,3.284929925047806e-05,10.120802571705527,0.025,0.0,-0.03,0.0,1.0,0.0,0.01
53,1.7666514553547572,39,0.03759749854246794,0.0,-0.029678326809939398,0.0003216731900606007,0.0096783268099394,19.3566536198788,-0.00036047526112771333,2.62721510856179e-05,11.61399217192728,0.025,0.0,-0.03,0.0,1.0,0.0,0.01
53,1.7666514553547572,40,0.037673836447811714,0.0,-0.030923867736563186,0.0009238677365631873,0.009076132263436813,18.152264526873626,-0.0003100918065914969,3.02939939528545e-05,10.891358716124175,0.025,0.0,-0.03,0.0,1.0,0.0,0.01
53,1.7666514553547572,41,0.03773724852515213,0.0,-0.032170088998276614,0.0021700889982766147,0.007829911001723385,15.65982200344677,0.00037149544047427425,1.8462465810825412e-05,9.395893202068061,0.025,0.0,-0.03,0.0,1.0,0.0,0.01
53,1.7666514553547572,42,0.03779402357058179,0.0,-0.03341660029516546,0.0034166002951654603,0.00658339970483454,13.16679940966908,-0.00027148579939148613,2.6430957462738663e-05,7.900079645801448,0.025,0.0,-0.03,0.0,1.0,0.0,0.01
53,1.7666514553547572,43,0.03784977652194232,0.0,-0.03466316618539592,0.004663166185395924,0.005336833814604076,10.673667629208152,0.0002800649335466613,1.0058123083624101e-05,6.404200577524891,0.025,0.0,-0.03,0.0,1.0,0.0,0.01
53,1.7666514553547572,44,0.03790894438586204,0.0,-0.03590955288134645,0.005909552881346453,0.004090447118653548,8.180894237307095,-0.00017332303144181703,2.351389726382485e-05,4.908536542384257,0.025,0.0,-0.03,0.0,1.0,0.0,0.01
53,1.7666514553547572,45,0.0379759586091515,0.0,-0.03715550371113326,0.007155503711133264,0.0028444962888667363,5.6889925777334724,0.00017687179754427495,1.629567894025805e-06,3.4133955466400834,0.025,0.0,-0.03,0.0,1.0,0.0,0.01
53,1.7666514553547572,46,0.03805523419400199,0.0,-0.03840066855770479,0.008400668557704792,0.0015993314422952081,3.198662884590416,-6.576104136319202e-05,1.8151387149746556e-05,1.9191977307542496,0.025,0.0,-0.03,0.0,1.0,0.0,0.01
53,1.7666514553547572,47,0.038139442505536754,0.0,-0.03964440431782964,0.00964440431782964,0.00035559568217036035,0.7111913643407207,6.681797026787897e-05,1.7642705545030218e-05,0.42671481860443244,0.025,0.0,-0.03,0.0,1.0,0.0,0.01
53,1.7666514553547572,48,0.03694223509246031,0.0,-0.03999941063877268,0.00999941063877268,5.893612273193821e-07,0.0011787224546387642,1.820930737560474e-05,9.116307555012807e-07,0.0007072334727832585,0.025,0.0,-0.03,0.0,1.0,0.0,0.01
53,1.7666514553547572,68,0.015608075791538797,0.0,-0.03980451097314339,0.009804510973143388,0.0001954890268566125,0.390978053713225,-2.3481086497856865e-05,1.87375203264848e-05,0.234586832227935,0.025,0.0,-0.03,0.0,1.0,0.0,0.01
53,1.7666514553547572,69,0.01500750943081989,0.0,-0.03871874445727971,0.008718744457279708,0.0012812555427202926,2.562511085440585,-2.4203402728782433e-05,1.7012636887854493e-05,1.537506651264351,0.025,0.0,-0.03,0.0,1.0,0.0,0.01
53,1.7666514553547572,70,0.014431413348207894,0.0,-0.0376198358671494,0.007619835867149399,0.002380164132850601,4.760328265701202,-2.537511984265687e-05,1.5500145607193055e-05,2.856196959420721,0.025,0.0,-0.03,0.0,1.0,0.0,0.01
53,1.7666514553547572,71,0.013881951670318235,0.0,-0.036507392761347054,0.006507392761347056,0.0034926072386529446,6.985214477305889,-2.5959198448524798e-05,1.3665543215824546e-05,4.191128686383533,0.025,0.0,-0.03,0.0,1.0,0.0,0.01
53,1.7666514553547572,72,0.013360824282998732,0.0,-0.035381408903011315,0.005381408903011316,0.0046185910969886845,9.237182193977368,-2.703286073383116e-05,1.2038063813336157e-05,5.5423093163864205,0.025,0.0,-0.03,0.0,1.0,0.0,0.01
53,1.7666514553547572,73,0.012868652604953224,0.0,-0.03424246921593009,0.004242469215930092,0.005757530784069908,11.515061568139817,-2.7568249320897523e-05,1.016509696732576e-05,6.90903694088389,0.025,0.0,-0.03,0.0,1.0,0.0,0.01
53,1.7666514553547572,74,0.012404880238574358,0.0,-0.033091667024747445,0.0030916670247474465,0.006908332975252554,13.816665950505108,-2.8506864441083162e-05,8.464688905170987e-06,8.289999570303065,0.025,0.0,-0.03,0.0,1.0,0.0,0.01
53,1.7666514553547572,75,0.011967750298728465,0.0,-0.031930455716632646,0.0019304557166326466,0.008069544283367354,16.139088566734706,-2.892630081913861e-05,6.563406940952763e-06,9.683453140040823,0.025,0.0,-0.03,0.0,1.0,0.0,0.01
53,1.7666514553547572,76,0.011555563337260114,0.0,-0.03076010944823469,0.0007601094482346908,0.00923989055176531,18.47978110353062,-2.9924262682068256e-05,4.87643502940783e-06,11.087868662118371,0.025,0.0,-0.03,0.0,1.0,0.0,0.01
53,1.7666514553547572,77,0.011167081618750447,0.0,-0.02958163245271297,0.00041836754728702755,0.009581632452712973,19.163264905425944,3.0088091452756823e-05,2.9003663226087742e-06,11.497958943255567,0.025,0.0,-0.03,0.0,1.0,0.0,0.01
53,1.7666514553547572,78,0.010800906144627174,0.0,-0.028395984859852955,0.0016040151401470436,0.008395984859852957,16.791969719705914,3.115133279342183e-05,1.2199362414995618e-06,10.075181831823548,0.025,0.0,-0.03,0.0,1.0,0.0,0.01
53,1.7666514553547572,79,0.010455487495464912,0.0,-0.027204075534828866,0.0027959244651711325,0.007204075534828868,14.408151069657736,3.1162367815431654e-05,7.8680872945552e-07,8.64489064179464,0.025,0.0,-0.03,0.0,1.0,0.0,0.01
53,1.7666514553547572,80,0.010099607228731742,0.0,-0.026005806660444896,0.003994193339555103,0.006005806660444897,12.011613320889795,3.225096163472246e-05,2.5049077416186563e-06,7.206967992533877,0.025,0.0,-0.03,0.0,1.0,0.0,0.01
54,1.7999845016822054,32,0.03653550230531941,0.0,-0.021013905870958173,0.008986094129041826,0.0010139058709581743,2.0278117419163486,-0.00021043965090105686,4.6051796699262657e-05,1.216687045149809,0.025,0.0,-0.03,0.0,1.0,0.0,0.01
54,1.7999845016822054,33,0.0367381982620752,0.0,-0.02224497619328692,0.007755023806713078,0.002244976193286922,4.489952386573845,0.00016761837473818652,3.250049121445816e-05,2.693971431944307,0.025,0.0,-0.03,0.0,1.0,0.0,0.01
54,1.7999845016822054,34,0.03692630047667725,0.0,-0.0234783377739546,0.006521662226045399,0.0034783377739546015,6.956675547909203,-0.0002188411531579149,2.6758965975316843e-05,4.174005328745522,0.025,0.0,-0.03,0.0,1.0,0.0,0.01
54,1.7999845016822054,35,0.037098966985057366,0.0,-0.024713946503683675,0.005286053496316324,0.0047139465036836765,9.427893007367352,0.00016901352358713104,2.635490581091743e-05,5.6567358044204115,0.025,0.0,-0.03,0.0,1.0,0.0,0.01
54,1.7999845016822054,36,0.037254201462913826,0.0,-0.025951897764717048,0.004048102235282951,0.0059518977647170495,11.903795529434099,-0.00020849276538845616,2.070630331868331e-05,7.142277317660459,0.025,0.0,-0.03,0.0,1.0,0.0,0.01
54,1.7999845016822054,37,0.03738939034140803,0.0,-0.027192299432158274,0.002807700567841725,0.007192299432158275,14.384598864316551,0.0001470835072307011,1.9093465910580822e-05,8.63075931858993,0.025,0.0,-0.03,0.0,1.0,0.0,0.01
54,1.7999845016822054,38,0.03750350919765546,0.0,-0.028434875785940023,0.0015651242140599757,0.008434875785940025,16.869751571880048,-0.00018242666924800697,1.302980495414962e-05,10.12185094312803,0.025,0.0,-0.03,0.0,1.0,0.0,0.01
54,1.7999845016822054,39,0.03759741568551164,0.0,-0.029679203718586473,0.0003207962814135261,0.009679203718586474,19.35840743717295,0.00011657434697809786,1.4318801238099286e-05,11.61504446230377,0.025,0.0,-0.03,0.0,1.0,0.0,0.01
54,1.7999845016822054,40,0.03767372225775582,0.0,-0.030924746209714755,0.0009247462097147566,0.009075253790285244,18.150507580570487,0.00014806219231525413,6.4997726282828e-06,10.890304548342291,0.025,0.0,-0.03,0.0,1.0,0.0,0.01
54,1.7999845016822054,41,0.03773709827367043,0.0,-0.03217097071798491,0.002170970717984909,0.007829029282015091,15.658058564030183,-7.774290368782181e-05,1.1763839119576379e-05,9.39483513841811,0.025,0.0,-0.03,0.0,1.0,0.0,0.01
54,1.7999845016822054,42,0.037793833584561946,0.0,-0.03341748310392432,0.0034174831039243195,0.006582516896075681,13.16503379215136,0.0001146694219377555,1.062841955660232e-06,7.899020275290816,0.025,0.0,-0.03,0.0,1.0,0.0,0.01
54,1.7999845016822054,43,0.03784954443868226,0.0,-0.03466405211391776,0.004664052113917759,0.005335947886082241,10.671895772164483,-5.039965366296842e-05,1.2029971471989448e-05,6.403137463298689,0.025,0.0,-0.03,0.0,1.0,0.0,0.01
54,1.7999845016822054,44,0.03790866855102229,0.0,-0.03591044049365343,0.0059104404936534335,0.004089559506346567,8.179119012693134,8.564554765169606e-05,3.247452562483808e-06,4.90747140761588,0.025,0.0,-0.03,0.0,1.0,0.0,0.01
54,1.7999845016822054,45,0.0379756385213313,0.0,-0.03715639461127546,0.007156394611275464,0.002843605388724536,5.687210777449072,-1.9506620933030256e-05,1.2659566755712337e-05,3.412326466469443,0.025,0.0,-0.03,0.0,1.0,0.0,0.01
54,1.7999845016822054,46,0.03805487014102629,0.0,-0.03840156218738001,0.008401562187380009,0.0015984378126199916,3.1968756252399833,5.38688703485158e-05,8.307856335683184e-06,1.91812537514399,0.025,0.0,-0.03,0.0,1.0,0.0,0.01
54,1.7999845016822054,47,0.038139034937105694,0.0,-0.03964530128588774,0.009645301285887739,0.00035469871411226116,0.7093974282245223,1.3508003647817427e-05,1.0008533626768161e-05,0.4256384569347134,0.025,0.0,-0.03,0.0,1.0,0.0,0.01
54,1.7999845016822054,68,0.015607486319034681,0.0,-0.03980377257436491,0.009803772574364912,0.00019622742563508815,0.3924548512701763,-2.1059752990118892e-05,1.6774720639365075e-05,0.23547291076210577,0.025,0.0,-0.03,0.0,1.0,0.0,0.01
54,1.7999845016822054,69,0.01500697096776713,0.0,-0.03871797715940475,0.008717977159404748,0.001282022840595252,2.564045681190504,-2.1607052838755007e-05,1.5182320651268954e-05,1.5384274087143024,0.025,0.0,-0.03,0.0,1.0,0.0,0.01
54,1.7999845016822054,70,0.014430927110028354,0.0,-0.03761904057599135,0.007619040575991352,0.002380959424008648,4.761918848017296,-2.263139735051596e-05,1.3823811416809929e-05,2.8571513088103777,0.025,0.0,-0.03,0.0,1.0,0.0,0.01
54,1.7999845016822054,71,0.013881519133992664,0.0,-0.03650657047360848,0.006506570473608482,0.003493429526391518,6.9868590527830365,-2.3237754314297678e-05,1.222437695307859e-05,4.192115431669822,0.025,0.0,-0.03,0.0,1.0,0.0,0.01
54,1.7999845016822054,72,0.013360446652890382,0.0,-0.03538056086818542,0.005380560868185419,0.004619439131814581,9.238878263629163,-2.4053596485847723e-05,1.0710273975991744e-05,5.543326958177498,0.025,0.0,-0.03,0.0,1.0,0.0,0.01
54,1.7999845016822054,73,0.012868330809394512,0.0,-0.03424159685624128,0.0042415968562412795,0.005758403143758721,11.516806287517442,-2.4724861857241816e-05,9.11974172964175e-06,6.910083772510465,0.025,0.0,-0.03,0.0,1.0,0.0,0.01
54,1.7999845016822054,74,0.012404614797826813,0.0,-0.03309077188965479,0.0030907718896547934,0.006909228110345207,13.818456220690413,-2.5322134834217134e-05,7.5059300643026984e-06,8.291073732414247,0.025,0.0,-0.03,0.0,1.0,0.0,0.01
54,1.7999845016822054,75,0.011967541590541123,0.0,-0.031929539224624,0.001929539224624001,0.008070460775376,16.140921550751997,-2.602668184182055e-05,5.936278030045962e-06,9.684552930451199,0.025,0.0,-0.03,0.0,1.0,0.0,0.01
54,1.7999845016822054,76,0.011555411817601603,0.0,-0.030759172813226057,0.0007591728132260583,0.009240827186773942,18.481654373547883,-2.645954014706335e-05,4.267748023587205e-06,11.08899262412873,0.025,0.0,-0.03,0.0,1.0,0.0,0.01
54,1.7999845016822054,77,0.011166987678991243,0.0,-0.029580676835882613,0.00041932316411738557,0.009580676835882615,19.16135367176523,2.716537200767934e-05,2.693585594994726e-06,11.496812203059138,0.025,0.0,-0.03,0.0,1.0,0.0,0.01
54,1.7999845016822054,78,0.010800870111998564,0.0,-0.02839501135659205,0.00160498864340795,0.00839501135659205,16.7900227131841,2.748199343026122e-05,9.93003457829653e-07,10.07401362791046,0.025,0.0,-0.03,0.0,1.0,0.0,0.01
54,1.7999845016822054,79,0.010455509637103578,0.0,-0.02720308517142118,0.0027969148285788177,0.0072030851714211825,14.406170342842366,2.816049819119943e-05,5.931946961299122e-07,8.643702205705418,0.025,0.0,-0.03,0.0,1.0,0.0,0.01
54,1.7999845016822054,80,0.010099688490613552,0.0,-0.026004798739423594,0.0039952012605764045,0.006004798739423596,12.00959747884719,2.8453966275938824e-05,2.3284326131203935e-06,7.205758487308314,0.025,0.0,-0.03,0.0,1.0,0.0,0.01
55,1.8333175480096535,32,0.03653545729498526,0.0,-0.021014683918405233,0.008985316081594766,0.0010146839184052344,2.0293678368104686,-0.0004446363828682233,0.00010556145245146268,1.217620702086281,0.025,0.0,-0.03,0.0,1.0,0.0,0.01
55,1.8333175480096535,33,0.03673816123867857,0.0,-0.022245749883262875,0.007754250116737124,0.002245749883262876,4.491499766525752,0.0004012429902968765,6.970183292486064e-05,2.6948998599154512,0.025,0.0,-0.03,0.0,1.0,0.0,0.01
55,1.8333175480096535,34,0.03692627098002611,0.0,-0.023479115243706696,0.006520884756293303,0.003479115243706697,6.958230487413394,-0.00043590326995226797,5.8081216375047296e-05,4.174938292448036,0.025,0.0,-0.03,0.0,1.0,0.0,0.01
55,1.8333175480096535,35,0.03709894094746959,0.0,-0.02471472054811085,0.005285279451889148,0.004714720548110852,9.429441096221705,0.0003772128869432166,5.121847280770917e-05,5.657664657733023,0.025,0.0,-0.03,0.0,1.0,0.0,0.01
55,1.8333175480096535,36,0.03725417440566498,0.0,-0.025952676597585354,0.004047323402414645,0.005952676597585355,11.90535319517071,-0.0004165489744354117,4.5573257567868196e-05,7.143211917102426,0.025,0.0,-0.03,0.0,1.0,0.0,0.01
55,1.8333175480096535,37,0.03738935411270328,0.0,-0.02719307641371479,0.0028069235862852072,0.007193076413714793,14.386152827429585,0.0003671550289014743,4.218713664266631e-05,8.63169169645775,0.025,0.0,-0.03,0.0,1.0,0.0,0.01
55,1.8333175480096535,38,0.03750345760840949,0.0,-0.028435658421523083,0.001564341578476916,0.008435658421523084,16.87131684304617,-0.0004052073840688556,3.4591962135293245e-05,10.122790105827702,0.025,0.0,-0.03,0.0,1.0,0.0,0.01
55,1.8333175480096535,39,0.037597341587197144,0.0,-0.02967998523842717,0.0003200147615728295,0.00967998523842717,19.35997047685434,0.0003538905377930234,3.4544117529191254e-05,11.615982286112603,0.025,0.0,-0.03,0.0,1.0,0.0,0.01
55,1.8333175480096535,40,0.03767362055088431,0.0,-0.030925533139183913,0.0009255331391839136,0.009074466860816087,18.148933721632172,0.0003903935282961436,2.6161026691901055e-05,10.889360232979303,0.025,0.0,-0.03,0.0,1.0,0.0,0.01
55,1.8333175480096535,41,0.03773696411468606,0.0,-0.032171756539096465,0.0021717565390964658,0.007828243460903534,15.656486921807069,-0.00033663960614687305,2.8439461769936016e-05,9.393892153084241,0.025,0.0,-0.03,0.0,1.0,0.0,0.01
55,1.8333175480096535,42,0.037793664246929204,0.0,-0.03341827363060258,0.0034182736306025835,0.006581726369397417,13.163452738794833,0.00033537044917976357,1.673360541288301e-05,7.898071643276899,0.025,0.0,-0.03,0.0,1.0,0.0,0.01
55,1.8333175480096535,43,0.037849337338400985,0.0,-0.03466484221484007,0.004664842214840072,0.0053351577851599285,10.670315570319858,-0.00024098161329312966,2.4229639551209786e-05,6.402189342191915,0.025,0.0,-0.03,0.0,1.0,0.0,0.01
55,1.8333175480096535,44,0.037908422620565124,0.0,-0.035911234729404176,0.005911234729404177,0.004088765270595823,8.177530541191645,0.00023318732482603794,8.542575782412941e-06,4.906518324714987,0.025,0.0,-0.03,0.0,1.0,0.0,0.01
55,1.8333175480096535,45,0.03797535297097034,0.0,-0.03715718974065726,0.007157189740657259,0.002842810259342741,5.685620518685482,-0.00013296462109370718,2.04501444874629e-05,3.4113723112112893,0.025,0.0,-0.03,0.0,1.0,0.0,0.01
55,1.8333175480096535,46,0.03805454548912063,0.0,-0.03840236116015075,0.00840236116015075,0.0015976388398492494,3.1952776796984987,0.00012124469795529007,2.293485802738253e-06,1.9171666078190992,0.025,0.0,-0.03,0.0,1.0,0.0,0.01
55,1.8333175480096535,47,0.03813867146711742,0.0,-0.03964610246169696,0.009646102461696962,0.00035389753830303815,0.7077950766060763,-1.7682066977300717e-05,5.29715715147903e-06,0.4246770459636458,0.025,0.0,-0.03,0.0,1.0,0.0,0.01
55,1.8333175480096535,68,0.015606960157924597,0.0,-0.03980311313978113,0.009803113139781133,0.0001968868602188669,0.39377372043773384,-1.8734396449457024e-05,1.4934139006755242e-05,0.2362642322626403,0.025,0.0,-0.03,0.0,1.0,0.0,0.01
55,1.8333175480096535,69,0.015006490320517667,0.0,-0.038717291941096604,0.008717291941096605,0.0012827080589033948,2.5654161178067896,-1.944479614715714e-05,1.3633338044782464e-05,1.5392496706840737,0.025,0.0,-0.03,0.0,1.0,0.0,0.01
55,1.8333175480096535,70,0.014430493062724526,0.0,-0.037618330383389735,0.007618330383389736,0.002381669616610264,4.763339233220528,-2.007128922935978e-05,1.227284184141919e-05,2.858003539932317,0.025,0.0,-0.03,0.0,1.0,0.0,0.01
55,1.8333175480096535,71,0.0138811330044963,0.0,-0.036505836193403515,0.006505836193403516,0.003494163806596484,6.9883276131929675,-2.0875896549674134e-05,1.097141379039335e-05,4.19299656791578,0.025,0.0,-0.03,0.0,1.0,0.0,0.01
55,1.8333175480096535,72,0.013360109517480418,0.0,-0.035379803617412726,0.0053798036174127276,0.004620196382587273,9.240392765174546,-2.136973423942587e-05,9.514177262494163e-06,5.544235659104728,0.025,0.0,-0.03,0.0,1.0,0.0,0.01
55,1.8333175480096535,73,0.012868043495487447,0.0,-0.03424081790154527,0.00424081790154527,0.00575918209845473,11.518364196909461,-2.217186375745895e-05,8.181203625035417e-06,6.911018518145677,0.025,0.0,-0.03,0.0,1.0,0.0,0.01
55,1.8333175480096535,74,0.012404377770109512,0.0,-0.03308997261627742,0.0030899726162774213,0.006910027383722579,13.820054767445157,-2.2533592120133553e-05,6.670187707947622e-06,8.292032860467094,0.025,0.0,-0.03,0.0,1.0,0.0,0.01
55,1.8333175480096535,75,0.011967355184440486,0.0,-0.03192872089569285,0.001928720895692848,0.008071279104307152,16.142558208614304,-2.3358728106009572e-05,5.345835410382606e-06,9.685534925168582,0.025,0.0,-0.03,0.0,1.0,0.0,0.01
55,1.8333175480096535,76,0.011555276441204302,0.0,-0.030758336515624794,0.0007583365156247947,0.009241663484375206,18.48332696875041,-2.347244218783604e-05,3.758995004622507e-06,11.089996181250246,0.025,0.0,-0.03,0.0,1.0,0.0,0.01
55,1.8333175480096535,77,0.011166903679752945,0.0,-0.029579823600981887,0.0004201763990181115,0.009579823600981889,19.15964720196378,2.4435965325495136e-05,2.466812275613872e-06,11.495788321178267,0.025,0.0,-0.03,0.0,1.0,0.0,0.01
55,1.8333175480096535,78,0.010800837783642799,0.0,-0.02839414216738602,0.00160585783261398,0.00839414216738602,16.78828433477204,2.434172005620882e-05,8.291329781342728e-07,10.072970600863224,0.025,0.0,-0.03,0.0,1.0,0.0,0.01
55,1.8333175480096535,79,0.010455529216032346,0.0,-0.027202200937567065,0.002797799062432934,0.007202200937567066,14.404401875134132,2.534590180247329e-05,4.648561909397928e-07,8.642641125080479,0.025,0.0,-0.03,0.0,1.0,0.0,0.01
55,1.8333175480096535,80,0.010099760820977207,0.0,-0.026003898845505757,0.003996101154494242,0.006003898845505758,12.007797691011517,2.5203733087260827e-05,2.134106892767748e-06,7.20467861460691,0.025,0.0,-0.03,0.0,1.0,0.0,0.01
56,1.866650594337102,32,0.036535416969325205,0.0,-0.021015378830425546,0.008984621169574453,0.0010153788304255468,2.0307576608510938,-0.00015826150905729478,3.345670331187087e-05,1.2184545965106561,0.025,0.0,-0.03,0.0,1.0,0.0,0.01
56,1.866650594337102,33,0.036738128137319484,0.0,-0.022246441265676615,0.007753558734323384,0.002246441265676616,4.492882531353232,0.00011399842630764264,2.2483204038400546e-05,2.6957295188119392,0.025,0.0,-0.03,0.0,1.0,0.0,0.01
56,1.866650594337102,34,0.03692624454970625,0.0,-0.0234798095754522,0.006520190424547798,0.003479809575452202,6.959619150904404,-0.0001450829067032785,1.7060844870683762e-05,4.175771490542642,0.025,0.0,-0.03,0.0,1.0,0.0,0.01
56,1.866650594337102,35,0.03709891769135253,0.0,-0.024715412295262477,0.005284587704737522,0.004715412295262478,9.430824590524956,9.60491107621635e-05,1.4403289442636536e-05,5.658494754314973,0.025,0.0,-0.03,0.0,1.0,0.0,0.01
56,1.866650594337102,36,0.037254150193709944,0.0,-0.02595337215992472,0.004046627840075277,0.005953372159924723,11.906744319849446,-0.00014032112302948469,1.3503845136388496e-05,7.144046591909667,0.025,0.0,-0.03,0.0,1.0,0.0,0.01
56,1.866650594337102,37,0.03738932176722962,0.0,-0.02719377068498952,0.00280622931501048,0.00719377068498952,14.38754136997904,0.0001073712502754881,1.4537722966060416e-05,8.632524821987424,0.025,0.0,-0.03,0.0,1.0,0.0,0.01
56,1.866650594337102,38,0.03750341154073257,0.0,-0.028436357489642808,0.001563642510357191,0.00843635748964281,16.872714979285618,-0.00015445050043693713,1.150912697454697e-05,10.12362898757137,0.025,0.0,-0.03,0.0,1.0,0.0,0.01
56,1.866650594337102,39,0.03759727544776446,0.0,-0.029680683424684072,0.0003193165753159269,0.009680683424684073,19.361366849368146,0.00012363451993550873,1.444195989964804e-05,11.616820109620887,0.025,0.0,-0.03,0.0,1.0,0.0,0.01
56,1.866650594337102,40,0.037673529783177076,0.0,-0.03092623618746462,0.0009262361874646206,0.00907376381253538,18.147527625070758,0.00017316737838797585,9.50508333177965e-06,10.888516575042454,0.025,0.0,-0.03,0.0,1.0,0.0,0.01
56,1.866650594337102,41,0.03773684438114924,0.0,-0.032172458391874506,0.002172458391874507,0.007827541608125493,15.655083216250986,-0.0001441391186099749,1.42670577259976e-05,9.39304992975059,0.025,0.0,-0.03,0.0,1.0,0.0,0.01
56,1.866650594337102,42,0.03779351314198762,0.0,-0.03341897995473255,0.0034189799547325525,0.006581020045267448,13.162040090534896,0.0001629951641926042,5.322271440082225e-06,7.8972240543209375,0.025,0.0,-0.03,0.0,1.0,0.0,0.01
56,1.866650594337102,43,0.037849152527268046,0.0,-0.03466554792224163,0.004665547922241629,0.005334452077758371,10.668904155516742,-0.00010026663158364971,1.3456643512878197e-05,6.401342493310045,0.025,0.0,-0.03,0.0,1.0,0.0,0.01
56,1.866650594337102,44,0.037908203176263894,0.0,-0.03591194431666505,0.005911944316665051,0.0040880556833349495,8.176111366669899,0.00011624037740598481,7.661456538377574e-07,4.905666820001939,0.025,0.0,-0.03,0.0,1.0,0.0,0.01
56,1.866650594337102,45,0.03797509816621852,0.0,-0.037157899975570535,0.007157899975570536,0.002842100024429464,5.684200048858927,-5.073183103905683e-05,1.2818511863347582e-05,3.4105200293153564,0.025,0.0,-0.03,0.0,1.0,0.0,0.01
56,1.866650594337102,46,0.03805425580429507,0.0,-0.03840307492348,0.008403074923480004,0.001596925076519996,3.193850153039992,6.502404187239298e-05,5.0729337856560205e-06,1.9163100918239953,0.025,0.0,-0.03,0.0,1.0,0.0,0.01
56,1.866650594337102,47,0.03813834714665552,0.0,-0.03964681813534888,0.00964681813534888,0.0003531818646511208,0.7063637293022417,2.121180734232492e-06,6.988079178796549e-06,0.423818237581345,0.025,0.0,-0.03,0.0,1.0,0.0,0.01
56,1.866650594337102,68,0.01560649044088641,0.0,-0.03980252422235567,0.009802524222355669,0.00019747577764433165,0.3949515552886633,-1.6606199157479215e-05,1.3262858408152299e-05,0.23697093317319798,0.025,0.0,-0.03,0.0,1.0,0.0,0.01
56,1.866650594337102,69,0.01500606122509042,0.0,-0.03871668001164566,0.008716680011645661,0.0012833199883543391,2.5666399767086783,-1.7472738399633147e-05,1.2228526038788803e-05,1.539983986025207,0.025,0.0,-0.03,0.0,1.0,0.0,0.01
56,1.866650594337102,70,0.014430105560178806,0.0,-0.03761769616687151,0.00761769616687151,0.0023823038331284904,4.764607666256981,-1.7852366452133135e-05,1.0920319575151788e-05,2.8587645997541884,0.025,0.0,-0.03,0.0,1.0,0.0,0.01
56,1.866650594337102,71,0.013880788270477553,0.0,-0.036505180478558,0.006505180478557998,0.003494819521442002,6.989639042884004,-1.8680167391095618e-05,9.813915529770035e-06,4.193783425730403,0.025,0.0,-0.03,0.0,1.0,0.0,0.01
56,1.866650594337102,72,0.013359808513809504,0.0,-0.035379127402936424,0.005379127402936425,0.0046208725970635755,9.241745194127152,-1.9078302785543826e-05,8.4920688615769e-06,5.545047116476291,0.025,0.0,-0.03,0.0,1.0,0.0,0.01
56,1.866650594337102,73,0.012867786960190416,0.0,-0.034240122316785325,0.004240122316785326,0.005759877683214674,11.519755366429349,-1.977273786011482e-05,7.2947129702354566e-06,6.911853219857609,0.025,0.0,-0.03,0.0,1.0,0.0,0.01
56,1.866650594337102,74,0.012404166117862325,0.0,-0.0330892588983753,0.003089258898375302,0.006910741101624698,13.821482203249396,-2.017733260760625e-05,5.9776840993433266e-06,8.292889321949637,0.025,0.0,-0.03,0.0,1.0,0.0,0.01
56,1.866650594337102,75,0.011967188714198914,0.0,-0.03192799017197528,0.0019279901719752787,0.008072009828024721,16.144019656049444,-2.077430524007414e-05,4.7429324540817075e-06,9.686411793629667,0.025,0.0,-0.03,0.0,1.0,0.0,0.01
56,1.866650594337102,76,0.011555155517140462,0.0,-0.030757589756258665,0.0007575897562586663,0.009242410243741334,18.48482048748267,-2.106854639918963e-05,3.395114429342373e-06,11.0908922924896,0.025,0.0,-0.03,0.0,1.0,0.0,0.01
56,1.866650594337102,77,0.011166828611878225,0.0,-0.029579061726441157,0.0004209382735588414,0.009579061726441159,19.158123452882318,2.169267787837232e-05,2.162240440208686e-06,11.49487407172939,0.025,0.0,-0.03,0.0,1.0,0.0,0.01
56,1.866650594337102,78,0.010800808834085235,0.0,-0.028393366055131486,0.001606633944868513,0.008393366055131487,16.786732110262975,2.187473908760451e-05,7.852661429153264e-07,10.072039266157784,0.025,0.0,-0.03,0.0,1.0,0.0,0.01
56,1.866650594337102,79,0.010455546595711815,0.0,-0.027201411399402364,0.0027985886005976353,0.007201411399402365,14.40282279880473,2.2489215177307404e-05,4.558278816119849e-07,8.641693679282838,0.025,0.0,-0.03,0.0,1.0,0.0,0.01
56,1.866650594337102,80,0.010099825282243973,0.0,-0.026003095332649013,0.003996904667350986,0.006003095332649014,12.006190665298028,2.264784683855497e-05,1.8604845041107965e-06,7.203714399178817,0.025,0.0,-0.03,0.0,1.0,0.0,0.01
57,1.89998364066455,32,0.03653538042051234,0.0,-0.021015997650935057,0.008984002349064941,0.0010159976509350587,2.0319953018701176,0.00023918401644384775,6.624282293455605e-05,1.2191971811220705,0.025,0.0,-0.03,0.0,1.0,0.0,0.01
57,1.89998364066455,33,0.036738098841996976,0.0,-0.022247060757862605,0.007752939242137394,0.0022470607578626064,4.494121515725213,-0.0002783562103792226,4.157017058567508e-05,2.6964729094351276,0.025,0.0,-0.03,0.0,1.0,0.0,0.01
57,1.89998364066455,34,0.036926220639706374,0.0,-0.02348042789471929,0.006519572105280709,0.003480427894719291,6.9608557894385825,0.0002413284746908396,3.755678186174756e-05,4.1765134736631495,0.025,0.0,-0.03,0.0,1.0,0.0,0.01
57,1.89998364066455,35,0.0370988971264096,0.0,-0.024716032021966063,0.005283967978033936,0.004716032021966065,9.43206404393213,-0.0002710179046884936,3.210065841147006e-05,5.659238426359278,0.025,0.0,-0.03,0.0,1.0,0.0,0.01
57,1.89998364066455,36,0.03725412834010792,0.0,-0.02595399166625866,0.00404600833374134,0.00595399166625866,11.90798333251732,0.00022843242982095022,2.9496838927033707e-05,7.144789999510392,0.025,0.0,-0.03,0.0,1.0,0.0,0.01
57,1.89998364066455,37,0.03738929305615713,0.0,-0.027194392590263843,0.0028056074097361564,0.007194392590263844,14.388785180527687,-0.00025455629976685453,2.410781033384962e-05,8.633271108316611,0.025,0.0,-0.03,0.0,1.0,0.0,0.01
57,1.89998364066455,38,0.03750337023965472,0.0,-0.028436980209902513,0.0015630197900974863,0.008436980209902514,16.873960419805027,0.00020868912932760014,2.2367801266987003e-05,10.124376251883016,0.025,0.0,-0.03,0.0,1.0,0.0,0.01
57,1.89998364066455,39,0.037597216537118824,0.0,-0.029681308724171917,0.000318691275828082,0.009681308724171918,19.362617448343837,-0.00023190188636706177,1.6664343421115755e-05,11.617570469006301,0.025,0.0,-0.03,0.0,1.0,0.0,0.01
57,1.89998364066455,40,0.037673448623437085,0.0,-0.03092686257137865,0.0009268625713786498,0.00907313742862135,18.1462748572427,-0.00018272281882246143,1.8117722241773843e-05,10.88776491434562,0.025,0.0,-0.03,0.0,1.0,0.0,0.01
57,1.89998364066455,41,0.03773673760137078,0.0,-0.032173086834161126,0.0021730868341611267,0.007826913165838873,15.653826331677747,0.0002028451702851016,9.943839682726056e-06,9.392295799006648,0.025,0.0,-0.03,0.0,1.0,0.0,0.01
57,1.89998364066455,42,0.03779337816560663,0.0,-0.033419609523719834,0.0034196095237198354,0.006580390476280165,13.16078095256033,-0.00014355514360853857,1.5084471181724176e-05,7.8964685715361975,0.025,0.0,-0.03,0.0,1.0,0.0,0.01
57,1.89998364066455,43,0.03784898763881171,0.0,-0.03466617939544832,0.004666179395448319,0.005333820604551681,10.667641209103362,0.00015376106667038659,4.911467797236727e-06,6.400584725462017,0.025,0.0,-0.03,0.0,1.0,0.0,0.01
57,1.89998364066455,44,0.03790800723264535,0.0,-0.035912577231008914,0.005912577231008916,0.004087422768991085,8.174845537982169,-9.080176825652257e-05,1.3615630041758366e-05,4.904907322789301,0.025,0.0,-0.03,0.0,1.0,0.0,0.01
57,1.89998364066455,45,0.037974870782122264,0.0,-0.03715853502749353,0.007158535027493529,0.0028414649725064713,5.682929945012942,9.832230281851867e-05,3.6910347396297036e-08,3.4097579670077653,0.025,0.0,-0.03,0.0,1.0,0.0,0.01
57,1.89998364066455,46,0.038053997207249744,0.0,-0.038403712039600406,0.008403712039600407,0.0015962879603995932,3.1925759207991864,-3.2977071061274737e-05,1.0896626140215318e-05,1.9155455524795117,0.025,0.0,-0.03,0.0,1.0,0.0,0.01
57,1.89998364066455,47,0.03813805764507599,0.0,-0.039647457548433636,0.009647457548433637,0.00035254245156636325,0.7050849031327265,3.915610126035915e-05,1.0839026782875985e-05,0.42305094187963593,0.025,0.0,-0.03,0.0,1.0,0.0,0.01
57,1.89998364066455,68,0.01560607107192735,0.0,-0.03980199828294722,0.00980199828294722,0.00019800171705277973,0.3960034341055595,-1.4803644362375462e-05,1.1825951282550788e-05,0.23760206046333568,0.025,0.0,-0.03,0.0,1.0,0.0,0.01
57,1.89998364066455,69,0.0150056781188916,0.0,-0.03871613353043669,0.008716133530436689,0.0012838664695633117,2.5677329391266235,-1.5555863295612672e-05,1.0891594164582513e-05,1.540639763475974,0.025,0.0,-0.03,0.0,1.0,0.0,0.01
57,1.89998364066455,70,0.014429759584383224,0.0,-0.03761712979150766,0.007617129791507658,0.002382870208492342,4.765740416984684,-1.6007678193340528e-05,9.780887224282325e-06,2.8594442501908106,0.025,0.0,-0.03,0.0,1.0,0.0,0.01
57,1.89998364066455,71,0.013880480474991921,0.0,-0.0365045949131608,0.006504594913160799,0.003495405086839201,6.990810173678401,-1.66046774514782e-05,8.727284416297886e-06,4.194486104207041,0.025,0.0,-0.03,0.0,1.0,0.0,0.01
57,1.89998364066455,72,0.01335953975717278,0.0,-0.03537852353833671,0.005378523538336712,0.0046214764616632886,9.242952923326577,-1.7124698909599222e-05,7.620401040762725e-06,5.545771753995946,0.025,0.0,-0.03,0.0,1.0,0.0,0.01
57,1.89998364066455,73,0.012867557901755521,0.0,-0.03423950116231218,0.004239501162312184,0.005760498837687816,11.520997675375632,-1.7560808456554538e-05,6.474344179075774e-06,6.912598605225379,0.025,0.0,-0.03,0.0,1.0,0.0,0.01
57,1.89998364066455,74,0.01240397712695613,0.0,-0.03308862155695574,0.003088621556955738,0.006911378443044262,13.822756886088523,-1.8121561039922692e-05,5.379580960444143e-06,8.293654131653113,0.025,0.0,-0.03,0.0,1.0,0.0,0.01
57,1.89998364066455,75,0.011967040058323499,0.0,-0.031927337652188754,0.0019273376521887556,0.008072662347811245,16.145324695622488,-1.839341375759689e-05,4.176838469644023e-06,9.687194817373493,0.025,0.0,-0.03,0.0,1.0,0.0,0.01
57,1.89998364066455,76,0.011555047520239753,0.0,-0.030756922921224707,0.0007569229212247078,0.009243077078775292,18.486154157550583,-1.90177070377587e-05,3.10291394750756e-06,11.09169249453035,0.025,0.0,-0.03,0.0,1.0,0.0,0.01
57,1.89998364066455,77,0.011166761551975726,0.0,-0.029578381401719533,0.00042161859828046544,0.009578381401719535,19.15676280343907,1.91321722437565e-05,1.8529590531265773e-06,11.49405768206344,0.025,0.0,-0.03,0.0,1.0,0.0,0.01
57,1.89998364066455,78,0.010800782943669164,0.0,-0.02839267301954937,0.0016073269804506296,0.00839267301954937,16.78534603909874,1.9794440633780874e-05,7.82853752741766e-07,10.071207623459244,0.025,0.0,-0.03,0.0,1.0,0.0,0.01
57,1.89998364066455,79,0.010455562064565693,0.0,-0.02720070638256868,0.002799293617431319,0.007200706382568681,14.401412765137362,1.981398605822237e-05,4.864963657052437e-07,8.640847659082416,0.025,0.0,-0.03,0.0,1.0,0.0,0.01
57,1.89998364066455,80,0.010099882779791612,0.0,-0.026002377839834313,0.0039976221601656856,0.006002377839834315,12.00475567966863,2.04915789946482e-05,1.580387344561883e-06,7.202853407801178,0.025,0.0,-0.03,0.0,1.0,0.0,0.01
58,1.9333166869919984,32,0.03653534744259883,0.0,-0.021016549156527734,0.008983450843472265,0.0010165491565277355,2.033098313055471,0.00028836100304802695,7.764182966103814e-05,1.2198589878332826,0.025,0.0,-0.03,0.0,1.0,0.0,0.01
58,1.9333166869919984,33,0.03673807284213389,0.0,-0.022247615260983265,0.007752384739016734,0.002247615260983266,4.495230521966532,-0.0003185107847407824,4.834387572081069e-05,2.6971383131799187,0.025,0.0,-0.03,0.0,1.0,0.0,0.01
58,1.9333166869919984,34,0.03692619909789329,0.0,-0.02348097901404017,0.006519020985959828,0.003480979014040172,6.961958028080344,0.0002788853088515914,4.252097596097474e-05,4.177174816848207,0.025,0.0,-0.03,0.0,1.0,0.0,0.01
58,1.9333166869919984,35,0.03709887887327836,0.0,-0.024716586627787116,0.005283413372212883,0.0047165866277871175,9.433173255574236,-0.0002980878514317105,3.490918164574732e-05,5.659903953344541,0.025,0.0,-0.03,0.0,1.0,0.0,0.01
58,1.9333166869919984,36,0.037254108678340565,0.0,-0.02595454389389153,0.004045456106108469,0.005954543893891532,11.909087787783063,0.0002654469088917448,3.358021756718642e-05,7.145452672669838,0.025,0.0,-0.03,0.0,1.0,0.0,0.01
58,1.9333166869919984,37,0.03738926752263071,0.0,-0.027194949166051263,0.0028050508339487364,0.007194949166051264,14.389898332102527,-0.0002956791765795807,2.8931710414960547e-05,8.633938999261517,0.025,0.0,-0.03,0.0,1.0,0.0,0.01
58,1.9333166869919984,38,0.03750333324380496,0.0,-0.028437535273033714,0.0015624647269662853,0.008437535273033715,16.87507054606743,0.000262840469698117,2.7306419351114732e-05,10.125042327640458,0.025,0.0,-0.03,0.0,1.0,0.0,0.01
58,1.9333166869919984,39,0.03759716402853698,0.0,-0.02968186836826983,0.00031813163173016745,0.009681868368269833,19.363736736539664,-0.00029295491651370364,2.2471384377312208e-05,11.618242041923798,0.025,0.0,-0.03,0.0,1.0,0.0,0.01
58,1.9333166869919984,40,0.03767337606099022,0.0,-0.030927420859941584,0.0009274208599415849,0.009072579140058415,18.14515828011683,-0.00025954679588059953,2.376481623845993e-05,10.887094968070098,0.025,0.0,-0.03,0.0,1.0,0.0,0.01
58,1.9333166869919984,41,0.03773664234143809,0.0,-0.032173649330484826,0.0021736493304848267,0.007826350669515173,15.652701339030347,0.0002891271587219608,1.5918101459895646e-05,9.391620803418208,0.025,0.0,-0.03,0.0,1.0,0.0,0.01
58,1.9333166869919984,42,0.03779325758330004,0.0,-0.033420170782706406,0.003420170782706407,0.006579829217293593,13.159658434587186,-0.00022230739955459222,1.9715702452543917e-05,7.895795060752311,0.025,0.0,-0.03,0.0,1.0,0.0,0.01
58,1.9333166869919984,43,0.03784884048582003,0.0,-0.0346667442764961,0.004666744276496104,0.005333255723503896,10.666511447007792,0.0002164608156564289,9.743192994019103e-06,6.399906868204675,0.025,0.0,-0.03,0.0,1.0,0.0,0.01
58,1.9333166869919984,44,0.037907832244965634,0.0,-0.03591314181619929,0.005913141816199292,0.004086858183800708,8.173716367601415,-0.00014433092543409082,1.671978973917436e-05,4.9042298205608486,0.025,0.0,-0.03,0.0,1.0,0.0,0.01
58,1.9333166869919984,45,0.037974667820084226,0.0,-0.03715910274084769,0.007159102740847689,0.002840897259152311,5.6817945183046215,0.00013439603877588342,3.6378939845966777e-06,3.409076710982773,0.025,0.0,-0.03,0.0,1.0,0.0,0.01
58,1.9333166869919984,46,0.03805376631759988,0.0,-0.038404280748235244,0.008404280748235245,0.0015957192517647555,3.191438503529511,-5.886149677099472e-05,1.178417017727215e-05,1.9148631021177067,0.025,0.0,-0.03,0.0,1.0,0.0,0.01
58,1.9333166869919984,47,0.03813779917373102,0.0,-0.03964802876845923,0.00964802876845923,0.00035197123154077047,0.703942463081541,4.683512461685645e-05,1.110029716899217e-05,0.4223654778489246,0.025,0.0,-0.03,0.0,1.0,0.0,0.01
58,1.9333166869919984,68,0.015605696628788135,0.0,-0.03980152858826505,0.009801528588265052,0.00019847141173494863,0.3969428234698973,-1.3305121038816372e-05,1.0606235941989724e-05,0.23816569408193836,0.025,0.0,-0.03,0.0,1.0,0.0,0.01
58,1.9333166869919984,69,0.01500533605235856,0.0,-0.03871564549765562,0.00871564549765562,0.001284354502344381,2.568709004688762,-1.3768052061799346e-05,9.658676828272569e-06,1.541225402813257,0.025,0.0,-0.03,0.0,1.0,0.0,0.01
58,1.9333166869919984,70,0.01442945066828978,0.0,-0.03761662399697971,0.00761662399697971,0.00238337600302029,4.76675200604058,-1.4401812107985836e-05,8.786020894958461e-06,2.860051203624348,0.025,0.0,-0.03,0.0,1.0,0.0,0.01
58,1.9333166869919984,71,0.013880205647943117,0.0,-0.03650407198755375,0.006504071987553754,0.003495928012446246,6.991856024892492,-1.4741734028815232e-05,7.752050871672642e-06,4.195113614935495,0.025,0.0,-0.03,0.0,1.0,0.0,0.01
58,1.9333166869919984,72,0.013359299784896386,0.0,-0.03537798427503789,0.005377984275037891,0.00462201572496211,9.244031449924218,-1.5359605942806513e-05,6.833800688466364e-06,5.546418869954531,0.025,0.0,-0.03,0.0,1.0,0.0,0.01
58,1.9333166869919984,73,0.012867353373728758,0.0,-0.03423894646426581,0.004238946464265814,0.0057610535357341865,11.522107071468373,-1.5634951903703678e-05,5.7614183389698974e-06,6.913264242881024,0.025,0.0,-0.03,0.0,1.0,0.0,0.01
58,1.9333166869919984,74,0.012403808372111918,0.0,-0.033088052407332126,0.003088052407332127,0.006911947592667873,13.823895185335745,-1.6210809214063093e-05,4.815677216013498e-06,8.294337111201447,0.025,0.0,-0.03,0.0,1.0,0.0,0.01
58,1.9333166869919984,75,0.011966907316018374,0.0,-0.03192675495316249,0.0019267549531624892,0.008073245046837511,16.146490093675023,-1.6382240999774214e-05,3.7134851153115095e-06,9.687894056205014,0.025,0.0,-0.03,0.0,1.0,0.0,0.01
58,1.9333166869919984,76,0.01155495107886032,0.0,-0.03075632744127761,0.0007563274412776128,0.009243672558722387,18.487345117444775,-1.7038741728335566e-05,2.790334433485071e-06,11.092407070466864,0.025,0.0,-0.03,0.0,1.0,0.0,0.01
58,1.9333166869919984,77,0.011166701660668599,0.0,-0.02957777388070299,0.00042222611929700754,0.009577773880702993,19.155547761405984,1.7019445986523795e-05,1.6332305474613999e-06,11.49332865684359,0.025,0.0,-0.03,0.0,1.0,0.0,0.01
58,1.9333166869919984,78,0.01080075980891082,0.0,-0.028392054149577947,0.0016079458504220517,0.008392054149577948,16.784108299155896,1.774790030361822e-05,7.214319853285828e-07,10.070464979493538,0.025,0.0,-0.03,0.0,1.0,0.0,0.01
58,1.9333166869919984,79,0.010455575856875341,0.0,-0.02720007681859344,0.002799923181406559,0.007200076818593441,14.400153637186882,1.7620159772418857e-05,4.5614525087946043e-07,8.640092182312129,0.025,0.0,-0.03,0.0,1.0,0.0,0.01
58,1.9333166869919984,80,0.010099934095338301,0.0,-0.026001737136645095,0.003998262863354904,0.006001737136645096,12.003474273290193,1.837216507807357e-05,1.3889162797595908e-06,7.202084563974116,0.025,0.0,-0.03,0.0,1.0,0.0,0.01
59,1.9666497333194466,32,0.036535318146564154,0.0,-0.02101704241595525,0.00898295758404475,0.0010170424159552504,2.034084831910501,-4.409654641903409e-06,2.8865681159577483e-06,1.2204508991463006,0.025,0.0,-0.03,0.0,1.0,0.0,0.01
59,1.9666497333194466,33,0.03673804948528777,0.0,-0.022248109784334662,0.007751890215665337,0.002248109784334663,4.496219568669326,-1.9251184736122222e-05,8.024013212719964e-08,2.6977317412015953,0.025,0.0,-0.03,0.0,1.0,0.0,0.01
59,1.9666497333194466,34,0.03692617994471084,0.0,-0.02348147195732629,0.0065185280426737074,0.0034814719573262928,6.962943914652586,-1.3255134155178188e-05,6.093050169259201e-07,4.177766348791551,0.025,0.0,-0.03,0.0,1.0,0.0,0.01
59,1.9666497333194466,35,0.037098862461166525,0.0,-0.024717081238995273,0.0052829187610047255,0.004717081238995275,9.434162477990549,-1.0256260479112812e-05,1.681753617081642e-06,5.66049748679433,0.025,0.0,-0.03,0.0,1.0,0.0,0.01
59,1.9666497333194466,36,0.037254091186242934,0.0,-0.025955037787859292,0.004044962212140707,0.005955037787859293,11.910075575718587,-1.241945982993059e-05,6.998836493067393e-07,7.146045345431152,0.025,0.0,-0.03,0.0,1.0,0.0,0.01
59,1.9666497333194466,37,0.0373892446420291,0.0,-0.027195445614323476,0.0028045543856765227,0.0071954456143234775,14.390891228646955,-2.2382062647469708e-05,3.861992922627093e-07,8.634534737188172,0.025,0.0,-0.03,0.0,1.0,0.0,0.01
59,1.9666497333194466,38,0.03750330025234037,0.0,-0.028438031604045705,0.001561968395954294,0.008438031604045706,16.876063208091413,2.1779951951843315e-06,2.5830191672394514e-06,10.125637924854848,0.025,0.0,-0.03,0.0,1.0,0.0,0.01
59,1.9666497333194466,39,0.03759711708700314,0.0,-0.02968236766489087,0.00031763233510912967,0.00968236766489087,19.36473532978174,-3.953027670050667e-05,1.0229918009976914e-06,11.618841197869044,0.025,0.0,-0.03,0.0,1.0,0.0,0.01
59,1.9666497333194466,40,0.03767331129698926,0.0,-0.030927919945740023,0.0009279199457400238,0.009072080054259976,18.14416010851995,-2.1501434498316852e-05,4.635499198530357e-06,10.88649606511197,0.025,0.0,-0.03,0.0,1.0,0.0,0.01
59,1.9666497333194466,41,0.037736557247202276,0.0,-0.03217415131215679,0.0021741513121567926,0.007825848687843208,15.651697375686416,6.125228469078707e-05,4.929009094584571e-07,9.391018425411849,0.025,0.0,-0.03,0.0,1.0,0.0,0.01
59,1.9666497333194466,42,0.03779314993413547,0.0,-0.033420672395590184,0.003420672395590185,0.006579327604409815,13.15865520881963,-2.6750245535506897e-05,5.671774446911255e-06,7.895193125291778,0.025,0.0,-0.03,0.0,1.0,0.0,0.01
59,1.9666497333194466,43,0.037848709068467164,0.0,-0.03466724849023972,0.004667248490239723,0.0053327515097602776,10.665503019520555,4.8712855630454154e-05,1.4618268425442937e-06,6.399301811712333,0.025,0.0,-0.03,0.0,1.0,0.0,0.01
59,1.9666497333194466,44,0.0379076760146025,0.0,-0.03591364628569386,0.005913646285693859,0.004086353714306141,8.172707428612282,-1.31830801760954e-05,6.370061341885159e-06,4.9036244571673695,0.025,0.0,-0.03,0.0,1.0,0.0,0.01
59,1.9666497333194466,45,0.03797448658250729,0.0,-0.03715960959964678,0.007159609599646781,0.0028403904003532193,5.680780800706438,3.456396570045984e-05,3.557060334322723e-06,3.408468480423863,0.025,0.0,-0.03,0.0,1.0,0.0,0.01
59,1.9666497333194466,46,0.038053560167158086,0.0,-0.038404788775403834,0.008404788775403835,0.0015952112245961655,3.1904224491923308,1.6987035355681975e-06,6.727371013660765e-06,1.9142534695153983,0.025,0.0,-0.03,0.0,1.0,0.0,0.01
59,1.9666497333194466,47,0.03813756839605545,0.0,-0.03964853888241534,0.00964853888241534,0.00035146111758465985,0.7029222351693197,1.94962569776159e-05,7.122315573265633e-06,0.42175334110159185,0.025,0.0,-0.03,0.0,1.0,0.0,0.01
59,1.9666497333194466,68,0.01560536228258079,0.0,-0.039801109124387946,0.009801109124387947,0.00019889087561205353,0.3977817512241071,-1.1966440786709526e-05,9.518111118418087e-06,0.23866905073446423,0.025,0.0,-0.03,0.0,1.0,0.0,0.01
59,1.9666497333194466,69,0.01500503061581956,0.0,-0.03871520966168838,0.00871520966168838,0.001284790338311621,2.569580676623242,-1.2244709644711148e-05,8.598125405232137e-06,1.5417484059739452,0.025,0.0,-0.03,0.0,1.0,0.0,0.01
59,1.9666497333194466,70,0.014429174831489172,0.0,-0.03761617230172698,0.007616172301726981,0.002383827698273019,4.767655396546038,-1.2885273644349963e-05,7.858441824913334e-06,2.8605932379276227,0.025,0.0,-0.03,0.0,1.0,0.0,0.01
59,1.9666497333194466,71,0.013879960249770288,0.0,-0.03650360499749594,0.006503604997495943,0.003496395002504057,6.992790005008114,-1.3165607139720286e-05,6.921701205749309e-06,4.195674003004869,0.025,0.0,-0.03,0.0,1.0,0.0,0.01
59,1.9666497333194466,72,0.013359085508706191,0.0,-0.03537750269772606,0.005377502697726064,0.0046224973022739365,9.244994604547873,-1.369269855477903e-05,6.0920799244734915e-06,5.546996762728724,0.025,0.0,-0.03,0.0,1.0,0.0,0.01
59,1.9666497333194466,73,0.012867170746033713,0.0,-0.0342384511062962,0.004238451106296198,0.005761548893703802,11.523097787407604,-1.4008132562294487e-05,5.1627370901294396e-06,6.9138586724445625,0.025,0.0,-0.03,0.0,1.0,0.0,0.01
59,1.9666497333194466,74,0.012403657686567744,0.0,-0.03308754414674614,0.0030875441467461406,0.00691245585325386,13.824911706507718,-1.441116955319247e-05,4.273996542794084e-06,8.29494702390463,0.025,0.0,-0.03,0.0,1.0,0.0,0.01
59,1.9666497333194466,75,0.011966788786049806,0.0,-0.03192623459496888,0.0019262345949688786,0.008073765405031122,16.147530810062243,-1.4729448194976203e-05,3.352681427833291e-06,9.688518486037346,0.025,0.0,-0.03,0.0,1.0,0.0,0.01
59,1.9666497333194466,76,0.011554864962262056,0.0,-0.03075579567256007,0.0007557956725600702,0.00924420432743993,18.48840865487986,-1.5087020238565064e-05,2.4467988942892232e-06,11.093045192927915,0.025,0.0,-0.03,0.0,1.0,0.0,0.01
59,1.9666497333194466,77,0.011166648179475417,0.0,-0.02957723136091853,0.00042276863908146875,0.009577231360918531,19.154462721837064,1.5349553417132892e-05,1.507827284638762e-06,11.492677633102238,0.025,0.0,-0.03,0.0,1.0,0.0,0.01
59,1.9666497333194466,78,0.010800739147905624,0.0,-0.028391501498075716,0.0016084985019242833,0.008391501498075717,16.783002996151435,1.5684156584665824e-05,5.930334868741096e-07,10.069801797690861,0.025,0.0,-0.03,0.0,1.0,0.0,0.01
59,1.9666497333194466,79,0.010455588167832361,0.0,-0.0271995146186963,0.002800485381303699,0.007199514618696301,14.399029237392602,1.5904374150758985e-05,3.5648906900390323e-07,8.639417542435561,0.025,0.0,-0.03,0.0,1.0,0.0,0.01
59,1.9666497333194466,80,0.01009997991080051,0.0,-0.02600116499246338,0.00399883500753662,0.00600116499246338,12.00232998492676,1.6237077972834495e-05,1.2905714434891152e-06,7.201397990956056,0.025,0.0,-0.03,0.0,1.0,0.0,0.01
60,1.9999827796468947,32,0.036535292348891565,0.0,-0.02101748445040601,0.008982515549593988,0.0010174844504060119,2.0349689008120238,-0.0002614381194609464,6.234435008287364e-05,1.2209813404872143,0.025,0.0,-0.03,0.0,1.0,0.0,0.01
60,1.9999827796468947,33,0.036738028367388556,0.0,-0.02224854993461699,0.007751450065383008,0.002248549934616992,4.497099869233985,0.00023872336652368576,4.1395226046578515e-05,2.698259921540391,0.025,0.0,-0.03,0.0,1.0,0.0,0.01
60,1.9999827796468947,34,0.03692616303648128,0.0,-0.023481913679441264,0.006518086320558735,0.003481913679441265,6.96382735888253,-0.0002601554637457325,3.4787798907588255e-05,4.178296415329518,0.025,0.0,-0.03,0.0,1.0,0.0,0.01
60,1.9999827796468947,35,0.03709884761187071,0.0,-0.024717521551766805,0.005282478448233194,0.004717521551766806,9.435043103533612,0.0002283323321154419,3.1194510312101454e-05,5.661025862120167,0.025,0.0,-0.03,0.0,1.0,0.0,0.01
60,1.9999827796468947,36,0.03725407571899917,0.0,-0.02595548028979723,0.004044519710202768,0.005955480289797232,11.910960579594464,-0.00024824975818131865,2.723608631081613e-05,7.146576347756678,0.025,0.0,-0.03,0.0,1.0,0.0,0.01
60,1.9999827796468947,37,0.03738922405227327,0.0,-0.027195887603752456,0.0028041123962475427,0.0071958876037524575,14.391775207504915,0.00021710346917703418,2.4792546649257584e-05,8.63506512450295,0.025,0.0,-0.03,0.0,1.0,0.0,0.01
60,1.9999827796468947,38,0.03750327090982076,0.0,-0.028438476239833924,0.0015615237601660746,0.008438476239833926,16.87695247966785,-0.00023511912358970387,2.0051229459462524e-05,10.12617148780071,0.025,0.0,-0.03,0.0,1.0,0.0,0.01
60,1.9999827796468947,39,0.03759707504465519,0.0,-0.02968281224555752,0.00031718775444247727,0.009682812245557523,19.365624491115046,0.00020178589391771145,1.9603779926541924e-05,11.619374694669027,0.025,0.0,-0.03,0.0,1.0,0.0,0.01
60,1.9999827796468947,40,0.03767325355946795,0.0,-0.03092836698589972,0.0009283669858997194,0.00907163301410028,18.14326602820056,0.00021785110067812005,1.4541602952211197e-05,10.885959616920337,0.025,0.0,-0.03,0.0,1.0,0.0,0.01
60,1.9999827796468947,41,0.03773648116601039,0.0,-0.032174598352546255,0.002174598352546256,0.007825401647453744,15.650803294907488,-0.0001820898351628986,1.5649352119464634e-05,9.390481976944493,0.025,0.0,-0.03,0.0,1.0,0.0,0.01
60,1.9999827796468947,42,0.03779305387766081,0.0,-0.03342112149435749,0.0034211214943574916,0.006578878505642509,13.157757011285018,0.00018258534409029906,9.031836136086164e-06,7.89465420677101,0.025,0.0,-0.03,0.0,1.0,0.0,0.01
60,1.9999827796468947,43,0.03784859164769537,0.0,-0.034667697862114655,0.004667697862114656,0.005332302137885344,10.664604275770689,-0.00013024046030258888,1.3341512488737555e-05,6.398762565462413,0.025,0.0,-0.03,0.0,1.0,0.0,0.01
60,1.9999827796468947,44,0.03790753655858624,0.0,-0.03591409757055777,0.005914097570557768,0.004085902429442232,8.171804858884466,0.00012718733647641467,4.491536310974341e-06,4.903082915330679,0.025,0.0,-0.03,0.0,1.0,0.0,0.01
60,1.9999827796468947,45,0.037974324698552386,0.0,-0.03716006171561718,0.007160061715617179,0.0028399382843828213,5.679876568765643,-7.166313514879727e-05,1.1306157979640515e-05,3.4079259412593856,0.025,0.0,-0.03,0.0,1.0,0.0,0.01
60,1.9999827796468947,46,0.03805337610691615,0.0,-0.03840524283741596,0.008405242837415963,0.001594757162584037,3.1895143251680738,6.64806126706448e-05,1.4672278963439143e-06,1.9137085951008441,0.025,0.0,-0.03,0.0,1.0,0.0,0.01
60,1.9999827796468947,47,0.038137362339418966,0.0,-0.03964899431304889,0.009648994313048893,0.00035100568695110683,0.7020113739022137,-9.122799349057772e-06,3.094956585390451e-06,0.4212068243413282,0.025,0.0,-0.03,0.0,1.0,0.0,0.01
60,1.9999827796468947,68,0.015605063729371208,0.0,-0.039800734520207166,0.009800734520207167,0.00019926547979283275,0.39853095958566553,-1.0678937336612421e-05,8.495580685192997e-06,0.2391185757513993,0.025,0.0,-0.03,0.0,1.0,0.0,0.01
60,1.9999827796468947,69,0.015004757877715692,0.0,-0.03871482043890219,0.00871482043890219,0.0012851795610978097,2.5703591221956192,-1.1000670111546129e-05,7.713424752207482e-06,1.5422154733173714,0.025,0.0,-0.03,0.0,1.0,0.0,0.01
60,1.9999827796468947,70,0.01442892852481027,0.0,-0.03761576891842162,0.0076157689184216185,0.0023842310815783817,4.768462163156763,-1.1436280915773211e-05,6.983145254626832e-06,2.8610772978940577,0.025,0.0,-0.03,0.0,1.0,0.0,0.01
60,1.9999827796468947,71,0.013879741123326326,0.0,-0.03650318795702778,0.006503187957027784,0.0034968120429722162,6.9936240859444325,-1.1830240566112102e-05,6.214299970172857e-06,4.19617445156666,0.025,0.0,-0.03,0.0,1.0,0.0,0.01
60,1.9999827796468947,72,0.013358894173161526,0.0,-0.035377072632875595,0.005377072632875596,0.004622927367124404,9.245854734248809,-1.2154603206405633e-05,5.4078995795920885e-06,5.5475128405492855,0.025,0.0,-0.03,0.0,1.0,0.0,0.01
60,1.9999827796468947,73,0.012867007671014036,0.0,-0.034238008736111596,0.004238008736111597,0.0057619912638884035,11.523982527776807,-1.2583050887930652e-05,4.639918383248233e-06,6.914389516666084,0.025,0.0,-0.03,0.0,1.0,0.0,0.01
60,1.9999827796468947,74,0.012403523134816043,0.0,-0.03308709025671466,0.003087090256714664,0.006912909743285336,13.825819486570673,-1.2797550540415427e-05,3.7869182612992904e-06,8.295491691942404,0.025,0.0,-0.03,0.0,1.0,0.0,0.01
60,1.9999827796468947,75,0.011966682947391095,0.0,-0.031925769902160596,0.001925769902160597,0.008074230097839403,16.148460195678805,-1.3264151310814363e-05,3.0345873639798894e-06,9.689076117407282,0.025,0.0,-0.03,0.0,1.0,0.0,0.01
60,1.9999827796468947,76,0.011554788067764494,0.0,-0.030755320792936084,0.0007553207929360851,0.009244679207063915,18.48935841412783,-1.3330529585970185e-05,2.135133291792329e-06,11.093615048476698,0.025,0.0,-0.03,0.0,1.0,0.0,0.01
60,1.9999827796468947,77,0.011166600426300173,0.0,-0.029576746880213636,0.0004232531197863633,0.009576746880213637,19.153493760427274,1.3874629991503663e-05,1.4010826901881748e-06,11.492096256256364,0.025,0.0,-0.03,0.0,1.0,0.0,0.01
60,1.9999827796468947,78,0.010800720702237487,0.0,-0.02839100797300919,0.001608992026990809,0.008391007973009191,16.782015946018383,1.3823723842991684e-05,4.728313506420333e-07,10.06920956761103,0.025,0.0,-0.03,0.0,1.0,0.0,0.01
60,1.9999827796468947,79,0.010455599163935216,0.0,-0.027199012566141836,0.0028009874338581625,0.007199012566141838,14.398025132283676,1.4390482475636492e-05,2.622305117995332e-07,8.638815079370206,0.025,0.0,-0.03,0.0,1.0,0.0,0.01
60,1.9999827796468947,80,0.01010002082531794,0.0,-0.026000654063125073,0.003999345936874926,0.006000654063125074,12.001308126250148,1.4312511982246034e-05,1.2083455442549482e-06,7.200784875750088,0.025,0.0,-0.03,0.0,1.0,0.0,0.01
