frame_idx,time,node_idx,node_x,node_y,node_z,radial_dist,overlap,normal_force,normal_velocity,tangential_speed,friction_force,cyl_center_x,cyl_center_y,cyl_center_z,cyl_axis_x,cyl_axis_y,cyl_axis_z,cyl_radius
0,0.0,0,0.0,0.0,-0.018020026396194315,0.011979973603805684,0.0030200263961943155,6.040052792388631,0.0,0.0,3.6240316754331787,0.025,0.0,-0.03,0.0,1.0,0.0,0.015
0,0.0,1,0.0011262516497621447,0.0,-0.017477755964206688,0.012522244035793311,0.0024777559642066883,4.955511928413377,0.0,0.0,2.973307157048026,0.025,0.0,-0.03,0.0,1.0,0.0,0.015
0,0.0,2,0.0022525032995242894,0.0,-0.01693548553221906,0.013064514467780938,0.0019354855322190612,3.8709710644381223,0.0,0.0,2.3225826386628734,0.025,0.0,-0.03,0.0,1.0,0.0,0.015
0,0.0,3,0.003378754949286434,0.0,-0.016393215100231433,0.013606784899768565,0.001393215100231434,2.786430200462868,0.0,0.0,1.6718581202777207,0.025,0.0,-0.03,0.0,1.0,0.0,0.015
0,0.0,4,0.004505006599048579,0.0,-0.015850944668243806,0.014149055331756193,0.0008509446682438068,1.7018893364876138,0.0,0.0,1.0211336018925683,0.025,0.0,-0.03,0.0,1.0,0.0,0.015
0,0.0,5,0.005631258248810724,0.0,-0.015308674236256179,0.01469132576374382,0.00030867423625617965,0.6173484725123592,0.0,0.0,0.3704090835074155,0.025,0.0,-0.03,0.0,1.0,0.0,0.015
1,0.033332683012502744,0,0.0,0.0,-0.018020026396194315,0.011979973603805684,0.0030200263961943155,6.040052792388631,0.0,0.0,3.6240316754331787,0.025,0.0,-0.03,0.0,1.0,0.0,0.015
1,0.033332683012502744,1,0.0011222651056741677,0.0,-0.01747966882275949,0.01252033117724051,0.00247966882275949,4.95933764551898,-0.0037972156226141864,0.008066193816172323,2.975602587311388,0.025,0.0,-0.03,0.0,1.0,0.0,0.015
1,0.033332683012502744,2,0.0022456580083019713,0.0,-0.01694173190988036,0.013058268090119639,0.0019417319098803607,3.8834638197607214,0.0014800917088979779,0.001753459849357043,2.3300782918564327,0.025,0.0,-0.03,0.0,1.0,0.0,0.015
1,0.033332683012502744,3,0.003370404331963498,0.0,-0.016406092761735356,0.013593907238264643,0.0014060927617353565,2.812185523470713,-0.006920321079843531,0.018546256426182052,1.6873113140824276,0.025,0.0,-0.03,0.0,1.0,0.0,0.015
1,0.033332683012502744,4,0.004496146437100701,0.0,-0.015872887344838455,0.014127112655161544,0.0008728873448384557,1.7457746896769113,-0.0027990483477133795,0.01388836130519245,1.0474648138061466,0.025,0.0,-0.03,0.0,1.0,0.0,0.015
1,0.033332683012502744,5,0.005623257713178349,0.0,-0.015341889418934714,0.014658110581065285,0.0003418894189347148,0.6837788378694296,0.0033551824279012404,0.005597945824210742,0.41026730272165773,0.025,0.0,-0.03,0.0,1.0,0.0,0.015
2,0.06666536602500549,0,0.0,0.0,-0.018020026396194315,0.011979973603805684,0.0030200263961943155,6.040052792388631,0.0,0.0,3.6240316754331787,0.025,0.0,-0.03,0.0,1.0,0.0,0.015
2,0.06666536602500549,1,0.0011238250295238922,0.0,-0.01747915623523882,0.012520843764761178,0.002479156235238821,4.958312470477642,0.0014073076715224251,0.0029541976537917464,2.974987482286585,0.025,0.0,-0.03,0.0,1.0,0.0,0.015
2,0.06666536602500549,2,0.0022492561304061393,0.0,-0.016941495658942263,0.013058504341057736,0.0019414956589422633,3.8829913178845263,-0.005340630428372235,0.011847590552996267,2.3297947907307157,0.025,0.0,-0.03,0.0,1.0,0.0,0.015
2,0.06666536602500549,3,0.0033761508039535882,0.0,-0.016407052797299877,0.013592947202700122,0.0014070527972998778,2.8141055945997557,0.00040704440473231994,0.0008760992213243969,1.6884633567598535,0.025,0.0,-0.03,0.0,1.0,0.0,0.015
2,0.06666536602500549,4,0.004504489588636301,0.0,-0.015875768635822296,0.014124231364177703,0.0008757686358222966,1.7515372716445932,-0.0018541766104889993,0.0066285000287911984,1.050922362986756,0.025,0.0,-0.03,0.0,1.0,0.0,0.015
2,0.06666536602500549,5,0.005634358548660817,0.0,-0.015347528842904497,0.014652471157095502,0.00034752884290449766,0.6950576858089953,0.004973273804053217,0.006928519273208453,0.41703461148539717,0.025,0.0,-0.03,0.0,1.0,0.0,0.015
3,0.09999804903750822,0,0.0,0.0,-0.018020026396194315,0.011979973603805684,0.0030200263961943155,6.040052792388631,0.0,0.0,3.6240316754331787,0.025,0.0,-0.03,0.0,1.0,0.0,0.015
3,0.09999804903750822,1,0.0011241127981243943,0.0,-0.01747901172874876,0.01252098827125124,0.002479011728748759,4.958023457497518,0.002716599068114819,0.005646662770880525,2.9748140744985108,0.025,0.0,-0.03,0.0,1.0,0.0,0.015
3,0.09999804903750822,2,0.0022501278385810525,0.0,-0.01694186244523313,0.013058137554766869,0.0019418624452331307,3.8837248904662616,-0.0018776046693961476,0.0038927283285389008,2.330234934279757,0.025,0.0,-0.03,0.0,1.0,0.0,0.015
3,0.09999804903750822,3,0.0033779088781496925,0.0,-0.016408586981408974,0.013591413018591025,0.0014085869814089748,2.8171739628179497,-0.0008283490598228318,0.0016334506101010507,1.6903043776907698,0.025,0.0,-0.03,0.0,1.0,0.0,0.015
3,0.09999804903750822,4,0.004507515825509524,0.0,-0.015879095160301292,0.014120904839698706,0.000879095160301293,1.758190320602586,0.002719914728566829,0.0061689488792549775,1.0549141923615515,0.025,0.0,-0.03,0.0,1.0,0.0,0.015
3,0.09999804903750822,5,0.0056389155395443116,0.0,-0.015353336095771084,0.014646663904228915,0.00035333609577108474,0.7066721915421694,-0.0037992005045449245,0.0076931615858622645,0.42400331492530163,0.025,0.0,-0.03,0.0,1.0,0.0,0.015
4,0.13333073205001097,0,0.0,0.0,-0.018020026396194315,0.011979973603805684,0.0030200263961943155,6.040052792388631,0.0,0.0,3.6240316754331787,0.025,0.0,-0.03,0.0,1.0,0.0,0.015
4,0.13333073205001097,1,0.001124037301389717,0.0,-0.017479014412983482,0.012520985587016517,0.0024790144129834824,4.958028825966965,-0.0010867552573759773,0.0022597822105473436,2.974817295580179,0.025,0.0,-0.03,0.0,1.0,0.0,0.015
4,0.13333073205001097,2,0.0022504709740120586,0.0,-0.01694238953994229,0.013057610460057708,0.0019423895399422915,3.884779079884583,-0.0007174090924328785,0.0015010215663755896,2.33086744793075,0.025,0.0,-0.03,0.0,1.0,0.0,0.015
4,0.13333073205001097,3,0.003378684433130536,0.0,-0.016410395108646038,0.013589604891353961,0.0014103951086460384,2.820790217292077,0.003207933797668808,0.006963229023836464,1.6924741303752462,0.025,0.0,-0.03,0.0,1.0,0.0,0.015
4,0.13333073205001097,4,0.004509267014760405,0.0,-0.015882695813112472,0.014117304186887527,0.0008826958131124725,1.765391626224945,-0.003525549252947774,0.007278224244531228,1.0592349757349668,0.025,0.0,-0.03,0.0,1.0,0.0,0.015
4,0.13333073205001097,5,0.0056417039844672496,0.0,-0.015359470451472096,0.014640529548527903,0.00035947045147209644,0.7189409029441929,0.0015579796181207331,0.003816414862161786,0.43136454176651573,0.025,0.0,-0.03,0.0,1.0,0.0,0.015
4,0.13333073205001097,75,0.08811811401895683,0.0,-0.015604974088638564,0.014395025911361435,0.0006049740886385647,1.2099481772771294,-0.24957753355253667,0.0532525200094782,0.7259689063662776,0.025,0.0,-0.03,0.0,1.0,0.0,0.015
4,0.13333073205001097,76,0.08919073281592498,0.0,-0.016242329232223487,0.013757670767776512,0.0012423292322234873,2.4846584644469747,-0.24866126211043563,0.068477921648123,1.4907950786681847,0.025,0.0,-0.03,0.0,1.0,0.0,0.015
4,0.13333073205001097,77,0.09026072114565159,0.0,-0.016883834211914812,0.013116165788085186,0.001883834211914813,3.767668423829626,-0.2561477863418796,0.06943734281902626,2.2606010542977755,0.025,0.0,-0.03,0.0,1.0,0.0,0.015
4,0.13333073205001097,78,0.09132821805713494,0.0,-0.017529645803249706,0.012470354196750293,0.002529645803249707,5.059291606499413,-0.2608164654507323,0.0751042264166703,3.035574963899648,0.025,0.0,-0.03,0.0,1.0,0.0,0.015
4,0.13333073205001097,79,0.09239304564278604,0.0,-0.018179723426211596,0.011820276573788403,0.003179723426211596,6.359446852423193,-0.27115991296575626,0.07140942380768069,3.8156681114539155,0.025,0.0,-0.03,0.0,1.0,0.0,0.015
4,0.13333073205001097,80,0.09346760142752875,0.0,-0.018818384514567278,0.01118161548543272,0.0038183845145672787,7.636769029134557,-0.2704231867703988,0.08623691883595021,4.582061417480734,0.025,0.0,-0.03,0.0,1.0,0.0,0.015
5,0.16666341506251373,0,0.0,0.0,-0.018020026396194315,0.011979973603805684,0.0030200263961943155,6.040052792388631,0.0,0.0,3.6240316754331787,0.025,0.0,-0.03,0.0,1.0,0.0,0.015
5,0.16666341506251373,1,0.0011240995780841504,0.0,-0.017478954105636577,0.012521045894363422,0.002478954105636578,4.957908211273156,-0.0004500052679813527,0.0009357975254319512,2.9747449267638935,0.025,0.0,-0.03,0.0,1.0,0.0,0.015
5,0.16666341506251373,2,0.002250614603601802,0.0,-0.016942951813593256,0.013057048186406742,0.001942951813593257,3.885903627186514,-0.0012090691455804814,0.002549648383569229,2.3315421763119084,0.025,0.0,-0.03,0.0,1.0,0.0,0.015
5,0.16666341506251373,3,0.003379528316046518,0.0,-0.016411983756603753,0.013588016243396246,0.001411983756603754,2.8239675132075077,0.00349421886440763,0.007613588570175991,1.6943805079245047,0.025,0.0,-0.03,0.0,1.0,0.0,0.015
5,0.16666341506251373,4,0.004510778886771193,0.0,-0.015886027413742253,0.014113972586257746,0.0008860274137422533,1.7720548274845065,-0.0035497262103860957,0.007394626032921274,1.0632328964907038,0.025,0.0,-0.03,0.0,1.0,0.0,0.015
5,0.16666341506251373,5,0.005644336525624575,0.0,-0.015365037637560674,0.014634962362439325,0.00036503763756067474,0.7300752751213495,0.00022385308815895557,0.0008494612327626706,0.4380451650728097,0.025,0.0,-0.03,0.0,1.0,0.0,0.015
5,0.16666341506251373,65,0.07598704885313122,0.0,-0.01518806529291583,0.01481193470708417,0.0001880652929158299,0.3761305858316598,-0.16260260903360363,0.044243522415376324,0.22567835149899587,0.025,0.0,-0.03,0.0,1.0,0.0,0.015
5,0.16666341506251373,66,0.07695937921696092,0.0,-0.015969768359980624,0.014030231640019375,0.0009697683599806245,1.939536719961249,-0.16372983852636744,0.05293919488713475,1.1637220319767494,0.025,0.0,-0.03,0.0,1.0,0.0,0.015
5,0.16666341506251373,67,0.07792914561998596,0.0,-0.01675468687848312,0.013245313121516878,0.0017546868784831214,3.5093737569662427,-0.16933375418232044,0.056031788926981636,2.1056242541797454,0.025,0.0,-0.03,0.0,1.0,0.0,0.015
5,0.16666341506251373,68,0.07889626925591368,0.0,-0.01754289716754382,0.012457102832456178,0.0025428971675438214,5.085794335087643,-0.17713308907783476,0.05647575468909238,3.0514766010525856,0.025,0.0,-0.03,0.0,1.0,0.0,0.015
5,0.16666341506251373,69,0.07986062709599262,0.0,-0.01833443185385244,0.01166556814614756,0.003334431853852439,6.668863707704878,-0.17705609696835553,0.06651327767120395,4.001318224622927,0.025,0.0,-0.03,0.0,1.0,0.0,0.015
5,0.16666341506251373,70,0.08082214813441835,0.0,-0.019129358440575846,0.010870641559424153,0.004129358440575846,8.258716881151692,-0.18553456427965273,0.06618051114662316,4.9552301286910145,0.025,0.0,-0.03,0.0,1.0,0.0,0.015
5,0.16666341506251373,71,0.08178089642866687,0.0,-0.019927850946477983,0.010072149053522016,0.004927850946477984,9.855701892955967,-0.19146006999941953,0.06897636320498508,5.9134211357735795,0.025,0.0,-0.03,0.0,1.0,0.0,0.015
5,0.16666341506251373,72,0.08273653972326894,0.0,-0.020729744719608333,0.009270255280391666,0.005729744719608333,11.459489439216666,-0.18989406122024408,0.0806505853894623,6.87569366353,0.025,0.0,-0.03,0.0,1.0,0.0,0.015
5,0.16666341506251373,73,0.08368928093650631,0.0,-0.021535315008625624,0.008464684991374375,0.006535315008625624,13.070630017251249,-0.20388128189896515,0.07394022453976047,7.842378010350749,0.025,0.0,-0.03,0.0,1.0,0.0,0.015
5,0.16666341506251373,74,0.08463892854881674,0.0,-0.02234449971349004,0.007655500286509957,0.007344499713490042,14.688999426980084,-0.20021778223562958,0.08799809249518976,8.81339965618805,0.025,0.0,-0.03,0.0,1.0,0.0,0.015
5,0.16666341506251373,75,0.08558535988277545,0.0,-0.023157283439528303,0.0068427165604716955,0.008157283439528304,16.314566879056606,-0.21144962866200628,0.08463411086816315,9.788740127433963,0.025,0.0,-0.03,0.0,1.0,0.0,0.015
5,0.16666341506251373,76,0.08652871087430059,0.0,-0.02397386636271009,0.006026133637289908,0.008973866362710092,17.947732725420185,-0.21177654411999774,0.09396622979015135,10.76863963525211,0.025,0.0,-0.03,0.0,1.0,0.0,0.015
5,0.16666341506251373,77,0.08746874414702759,0.0,-0.024794118767398454,0.005205881232601545,0.009794118767398455,19.58823753479691,-0.21826141600649876,0.09612938451456964,11.752942520878145,0.025,0.0,-0.03,0.0,1.0,0.0,0.015
5,0.16666341506251373,78,0.08840549441604191,0.0,-0.025618136888257006,0.004381863111742993,0.010618136888257006,21.23627377651401,-0.2257216965593578,0.0972790292847249,12.741764265908406,0.025,0.0,-0.03,0.0,1.0,0.0,0.015
5,0.16666341506251373,79,0.08933893312167399,0.0,-0.026445954874718864,0.003554045125281135,0.011445954874718865,22.89190974943773,-0.22308289719006907,0.10988853182037586,13.735145849662638,0.025,0.0,-0.03,0.0,1.0,0.0,0.015
5,0.16666341506251373,80,0.09028308998496255,0.0,-0.027265131714817953,0.002734868285182046,0.012265131714817953,24.530263429635905,-0.23809720417481597,0.10238849869580133,14.718158057781542,0.025,0.0,-0.03,0.0,1.0,0.0,0.015
6,0.19999609807501645,0,0.0,0.0,-0.018020026396194315,0.011979973603805684,0.0030200263961943155,6.040052792388631,0.0,0.0,3.6240316754331787,0.025,0.0,-0.03,0.0,1.0,0.0,0.015
6,0.19999609807501645,1,0.0011240705630627945,0.0,-0.017478939789673832,0.012521060210326167,0.0024789397896738327,4.957879579347665,0.0018960175036237847,0.0039844564564745395,2.974727747608599,0.025,0.0,-0.03,0.0,1.0,0.0,0.015
6,0.19999609807501645,2,0.0022508700845018845,0.0,-0.01694340775100889,0.013056592248991108,0.0019434077510088917,3.8868155020177833,-0.0031025495132669958,0.0065455437904503545,2.33208930121067,0.025,0.0,-0.03,0.0,1.0,0.0,0.015
6,0.19999609807501645,3,0.003380203502425172,0.0,-0.01641348401527585,0.01358651598472415,0.0014134840152758496,2.8269680305516993,0.0034922269930936943,0.00758982421685964,1.6961808183310196,0.025,0.0,-0.03,0.0,1.0,0.0,0.015
6,0.19999609807501645,4,0.004512203198657263,0.0,-0.01588905919021697,0.014110940809783028,0.0008890591902169717,1.7781183804339435,-0.0034543348114804417,0.007241532822564788,1.0668710282603662,0.025,0.0,-0.03,0.0,1.0,0.0,0.015
6,0.19999609807501645,5,0.005646718586704805,0.0,-0.015370148575556441,0.014629851424443558,0.00037014857555644175,0.7402971511128835,0.0023683336945358505,0.005554861553833085,0.4441782906677301,0.025,0.0,-0.03,0.0,1.0,0.0,0.015
6,0.19999609807501645,58,0.06710277576117196,0.0,-0.015168918943218018,0.014831081056781981,0.00016891894321801812,0.33783788643603624,-0.10058815834673154,0.04786713779548151,0.20270273186162174,0.025,0.0,-0.03,0.0,1.0,0.0,0.015
6,0.19999609807501645,59,0.06818230913859841,0.0,-0.015794530802470605,0.014205469197529394,0.0007945308024706055,1.589061604941211,-0.11533575914764538,0.03266749892459422,0.9534369629647266,0.025,0.0,-0.03,0.0,1.0,0.0,0.015
6,0.19999609807501645,60,0.06926258697105292,0.0,-0.016418823969180908,0.01358117603081909,0.0014188239691809088,2.8376479383618176,-0.11470549742559256,0.044138611940116354,1.7025887630170906,0.025,0.0,-0.03,0.0,1.0,0.0,0.015
6,0.19999609807501645,61,0.07034387867553725,0.0,-0.017041493550822875,0.012958506449177124,0.0020414935508228753,4.082987101645751,-0.11559690175008765,0.05305251656799102,2.4497922609874503,0.025,0.0,-0.03,0.0,1.0,0.0,0.015
6,0.19999609807501645,62,0.07142628689731363,0.0,-0.017662144583965027,0.012337855416034972,0.0026621445839650273,5.324289167930055,-0.13042367926335724,0.037567539319452635,3.194573500758033,0.025,0.0,-0.03,0.0,1.0,0.0,0.015
6,0.19999609807501645,63,0.07250997394528476,0.0,-0.018280400686689204,0.011719599313310795,0.003280400686689205,6.56080137337841,-0.12319768845743076,0.05884163739969017,3.9364808240270457,0.025,0.0,-0.03,0.0,1.0,0.0,0.015
6,0.19999609807501645,64,0.07335111536371046,0.0,-0.019201972756491676,0.010798027243508323,0.004201972756491677,8.403945512983354,-0.13591564352226318,0.05174697627854487,5.042367307790012,0.025,0.0,-0.03,0.0,1.0,0.0,0.015
6,0.19999609807501645,65,0.07418913932542986,0.0,-0.020126157291465645,0.009873842708534353,0.005126157291465646,10.252314582931293,-0.13323165735553227,0.062226710990737046,6.151388749758776,0.025,0.0,-0.03,0.0,1.0,0.0,0.015
6,0.19999609807501645,66,0.07502410254907302,0.0,-0.021053162167033432,0.008946837832966566,0.006053162167033433,12.106324334066866,-0.14634033369773172,0.05810962758979481,7.263794600440119,0.025,0.0,-0.03,0.0,1.0,0.0,0.015
6,0.19999609807501645,67,0.07585595662834148,0.0,-0.021983090384992462,0.008016909615007537,0.006983090384992462,13.966180769984925,-0.1358098429177044,0.07516929055122745,8.379708461990955,0.025,0.0,-0.03,0.0,1.0,0.0,0.015
6,0.19999609807501645,68,0.07668444566791119,0.0,-0.022915800814078652,0.007084199185921347,0.007915800814078652,15.831601628157305,-0.15297725012540958,0.0675282669690679,9.498960976894383,0.025,0.0,-0.03,0.0,1.0,0.0,0.015
6,0.19999609807501645,69,0.07750968725695957,0.0,-0.02385156384721386,0.006148436152786138,0.008851563847213861,17.70312769442772,-0.15317445818496572,0.0750577121551793,10.621876616656632,0.025,0.0,-0.03,0.0,1.0,0.0,0.015
6,0.19999609807501645,70,0.07833147773151339,0.0,-0.02479027965290273,0.005209720347097269,0.00979027965290273,19.580559305805462,-0.1476229142458025,0.0874563383710249,11.748335583483277,0.025,0.0,-0.03,0.0,1.0,0.0,0.015
6,0.19999609807501645,71,0.07914978041842607,0.0,-0.02573202798033794,0.0042679720196620585,0.010732027980337941,21.464055960675882,-0.16873771602205864,0.07671168112936044,12.878433576405529,0.025,0.0,-0.03,0.0,1.0,0.0,0.015
6,0.19999609807501645,72,0.07996455597319485,0.0,-0.026676877754099902,0.0033231222459000967,0.011676877754099903,23.353755508199807,-0.15584705325324774,0.09542622716085798,14.012253304919884,0.025,0.0,-0.03,0.0,1.0,0.0,0.015
6,0.19999609807501645,73,0.08077569563484666,0.0,-0.027624808172037416,0.0023751918279625826,0.012624808172037417,25.249616344074834,-0.16834430678743167,0.09221645514271924,15.1497698064449,0.025,0.0,-0.03,0.0,1.0,0.0,0.015
6,0.19999609807501645,74,0.08158317051715197,0.0,-0.028575881995695895,0.0014241180043041042,0.013575881995695895,27.15176399139179,-0.17249108297526627,0.09625646328204325,16.291058394835073,0.025,0.0,-0.03,0.0,1.0,0.0,0.015
6,0.19999609807501645,75,0.0823869084700067,0.0,-0.029530101662060788,0.0004698983379392112,0.014530101662060788,29.060203324121577,-0.1719187792678031,0.10424562577600247,17.436121994472945,0.025,0.0,-0.03,0.0,1.0,0.0,0.015
6,0.19999609807501645,76,0.08318688792195789,0.0,-0.030487520220567728,0.000487520220567729,0.01451247977943227,29.02495955886454,0.1755822668222696,0.10861103407545891,17.414975735318723,0.025,0.0,-0.03,0.0,1.0,0.0,0.015
6,0.19999609807501645,77,0.08398299180085654,0.0,-0.031448066109463824,0.0014480661094638247,0.013551933890536175,27.10386778107235,0.18817078966015174,0.10567221260143876,16.262320668643408,0.025,0.0,-0.03,0.0,1.0,0.0,0.015
6,0.19999609807501645,78,0.08477528075759072,0.0,-0.032411871676299664,0.002411871676299665,0.012588128323700334,25.17625664740067,0.1752012777157257,0.12376414959165652,15.105753988440402,0.025,0.0,-0.03,0.0,1.0,0.0,0.015
6,0.19999609807501645,79,0.0855636449015257,0.0,-0.0333788532591001,0.0033788532591001036,0.011621146740899896,23.24229348179979,0.19904366323606068,0.11158085412820105,13.945376089079874,0.025,0.0,-0.03,0.0,1.0,0.0,0.015
6,0.19999609807501645,80,0.08636299780979301,0.0,-0.034339788510920684,0.004339788510920685,0.010660211489079315,21.32042297815863,0.18182071353515414,0.13334129525547933,12.792253786895177,0.025,0.0,-0.03,0.0,1.0,0.0,0.015
7,0.2333287810875192,0,0.0,0.0,-0.018020026396194315,0.011979973603805684,0.0030200263961943155,6.040052792388631,0.0,0.0,3.6240316754331787,0.025,0.0,-0.03,0.0,1.0,0.0,0.015
7,0.2333287810875192,1,0.0011240782514327933,0.0,-0.017478910414394165,0.012521089585605834,0.0024789104143941657,4.957820828788331,-9.396056675837847e-05,0.00020516044130836474,2.9746924972729984,0.025,0.0,-0.03,0.0,1.0,0.0,0.015
7,0.2333287810875192,2,0.0022510422247745696,0.0,-0.01694385222195227,0.013056147778047728,0.001943852221952272,3.8877044439045436,0.000861350121111509,0.0018794863035603666,2.332622666342726,0.025,0.0,-0.03,0.0,1.0,0.0,0.015
7,0.2333287810875192,3,0.0033808779758961382,0.0,-0.016414824948777856,0.013585175051222143,0.001414824948777857,2.829649897555714,-0.0021022369281527052,0.004439533179620747,1.6977899385334283,0.025,0.0,-0.03,0.0,1.0,0.0,0.015
7,0.2333287810875192,4,0.004513471619731567,0.0,-0.015891838789979615,0.014108161210020384,0.0008918387899796154,1.7836775799592308,0.002490192540028281,0.005636974318336292,1.0702065479755385,0.025,0.0,-0.03,0.0,1.0,0.0,0.015
7,0.2333287810875192,5,0.005648874388115961,0.0,-0.015374818168143671,0.014625181831856328,0.0003748181681436716,0.7496363362873432,-0.0017679602295499084,0.0035210535560595657,0.4497818017724059,0.025,0.0,-0.03,0.0,1.0,0.0,0.015
7,0.2333287810875192,54,0.06179226202413054,0.0,-0.01538613612955028,0.014613863870449719,0.0003861361295502807,0.7722722591005614,-0.07620688215542125,0.030666230119032137,0.4633633554603368,0.025,0.0,-0.03,0.0,1.0,0.0,0.015
7,0.2333287810875192,55,0.0627795966362168,0.0,-0.016149122717804113,0.013850877282195886,0.0011491227178041137,2.2982454356082274,-0.07832743242528196,0.03550701558344944,1.3789472613649363,0.025,0.0,-0.03,0.0,1.0,0.0,0.015
7,0.2333287810875192,56,0.06376676852112585,0.0,-0.01691224016554698,0.013087759834453018,0.0019122401655469815,3.824480331093963,-0.08152674957779073,0.038948105813836224,2.2946881986563774,0.025,0.0,-0.03,0.0,1.0,0.0,0.015
7,0.2333287810875192,57,0.06475410362655039,0.0,-0.01767515288966605,0.01232484711033395,0.0026751528896660492,5.350305779332098,-0.09016992752195613,0.03529604488783293,3.2101834675992587,0.025,0.0,-0.03,0.0,1.0,0.0,0.015
7,0.2333287810875192,58,0.06574191029389327,0.0,-0.018437512567160964,0.011562487432839035,0.0034375125671609642,6.875025134321929,-0.0847603469751386,0.049969694469229935,4.125015080593157,0.025,0.0,-0.03,0.0,1.0,0.0,0.015
7,0.2333287810875192,59,0.06673041261157699,0.0,-0.019198907684444794,0.010801092315555205,0.004198907684444794,8.397815368889589,-0.0997903777322737,0.037952690343552815,5.038689221333753,0.025,0.0,-0.03,0.0,1.0,0.0,0.015
7,0.2333287810875192,60,0.06771992108454283,0.0,-0.019958995347760126,0.010041004652239872,0.004958995347760127,9.917990695520254,-0.09059486040430828,0.0576264038271746,5.950794417312152,0.025,0.0,-0.03,0.0,1.0,0.0,0.015
7,0.2333287810875192,61,0.06871073620327735,0.0,-0.020717427448919027,0.009282572551080972,0.005717427448919028,11.434854897838056,-0.10936842859481953,0.04059591832417856,6.860912938702834,0.025,0.0,-0.03,0.0,1.0,0.0,0.015
7,0.2333287810875192,62,0.06970307989287608,0.0,-0.02147379968816816,0.00852620031183184,0.00647379968816816,12.94759937633632,-0.0959217913577906,0.06578130982163612,7.768559625801792,0.025,0.0,-0.03,0.0,1.0,0.0,0.015
7,0.2333287810875192,63,0.07069726207543832,0.0,-0.022227780298773987,0.007772219701226012,0.007227780298773988,14.455560597547976,-0.11566932452630117,0.04919376020291421,8.673336358528784,0.025,0.0,-0.03,0.0,1.0,0.0,0.015
7,0.2333287810875192,64,0.07139700211333622,0.0,-0.023260689844331984,0.006739310155668015,0.008260689844331984,16.52137968866397,-0.10889872151030897,0.06326998616085175,9.912827813198382,0.025,0.0,-0.03,0.0,1.0,0.0,0.015
7,0.2333287810875192,65,0.07209325320088407,0.0,-0.02429598002936561,0.00570401997063439,0.00929598002936561,18.591960058731217,-0.1114498679637168,0.06729795008235882,11.15517603523873,0.025,0.0,-0.03,0.0,1.0,0.0,0.015
7,0.2333287810875192,66,0.07278591075059153,0.0,-0.02533366999153185,0.00466633000846815,0.01033366999153185,20.667339983063698,-0.12111844901832904,0.06705271985518257,12.40040398983822,0.025,0.0,-0.03,0.0,1.0,0.0,0.015
7,0.2333287810875192,67,0.07347486465180686,0.0,-0.026373759946912285,0.003626240053087714,0.011373759946912285,22.74751989382457,-0.11682344404990716,0.07606447246677496,13.648511936294742,0.025,0.0,-0.03,0.0,1.0,0.0,0.015
7,0.2333287810875192,68,0.07416013056641478,0.0,-0.02741643146170787,0.0025835685382921275,0.012416431461707872,24.832862923415743,-0.1261529974330601,0.07607237525306927,14.899717754049444,0.025,0.0,-0.03,0.0,1.0,0.0,0.015
7,0.2333287810875192,69,0.07484147683968527,0.0,-0.02846147887984602,0.001538521120153978,0.013461478879846021,26.922957759692043,-0.11840013511961037,0.08723015137330985,16.153774655815226,0.025,0.0,-0.03,0.0,1.0,0.0,0.015
7,0.2333287810875192,70,0.07551899436475734,0.0,-0.029509179033814427,0.000490820966185572,0.014509179033814427,29.018358067628856,-0.14002343802712455,0.07940424399464512,17.411014840577312,0.025,0.0,-0.03,0.0,1.0,0.0,0.015
7,0.2333287810875192,71,0.07619247974365626,0.0,-0.030559345290376048,0.0005593452903760489,0.01444065470962395,28.881309419247902,0.11715975049634969,0.10016925199795333,17.328785651548742,0.025,0.0,-0.03,0.0,1.0,0.0,0.015
7,0.2333287810875192,72,0.07686199162713858,0.0,-0.031612186466241324,0.0016121864662413249,0.013387813533758675,26.775627067517348,0.14491502504510057,0.08857876446300603,16.065376240510407,0.025,0.0,-0.03,0.0,1.0,0.0,0.015
7,0.2333287810875192,73,0.07752732678028294,0.0,-0.032667489129477756,0.002667489129477757,0.012332510870522242,24.665021741044484,0.13254861881083385,0.10252716063187724,14.79901304462669,0.025,0.0,-0.03,0.0,1.0,0.0,0.015
7,0.2333287810875192,74,0.07818860433947221,0.0,-0.033725537604457144,0.003725537604457145,0.011274462395542854,22.54892479108571,0.13531563989620132,0.10681500653983507,13.529354874651426,0.025,0.0,-0.03,0.0,1.0,0.0,0.015
7,0.2333287810875192,75,0.07884562506475218,0.0,-0.034786099212304133,0.004786099212304135,0.010213900787695865,20.42780157539173,0.15115547211987698,0.10308134179135964,12.256680945235038,0.025,0.0,-0.03,0.0,1.0,0.0,0.015
7,0.2333287810875192,76,0.07949841752285976,0.0,-0.035849290910178126,0.005849290910178127,0.009150709089821872,18.301418179643743,0.1341204380824477,0.11959809976666884,10.980850907786246,0.025,0.0,-0.03,0.0,1.0,0.0,0.015
7,0.2333287810875192,77,0.08014695854376074,0.0,-0.03691513769804197,0.006915137698041973,0.008084862301958026,16.169724603916052,0.15702950294578114,0.11167346245753493,9.70183476234963,0.025,0.0,-0.03,0.0,1.0,0.0,0.015
7,0.2333287810875192,78,0.08079117232479892,0.0,-0.037983564657745175,0.007983564657745176,0.007016435342254823,14.032870684509646,0.14201118731894694,0.1267657109782563,8.419722410705788,0.025,0.0,-0.03,0.0,1.0,0.0,0.015
7,0.2333287810875192,79,0.08143102570839934,0.0,-0.03905455327969372,0.00905455327969372,0.00594544672030628,11.89089344061256,0.15919386071611183,0.1224388336436727,7.134536064367536,0.025,0.0,-0.03,0.0,1.0,0.0,0.015
7,0.2333287810875192,80,0.08208170427212715,0.0,-0.040121952601419666,0.010121952601419668,0.004878047398580332,9.756094797160664,0.14951349863392208,0.13437682975886506,5.853656878296398,0.025,0.0,-0.03,0.0,1.0,0.0,0.015
8,0.26666146410002195,0,0.0,0.0,-0.018020026396194315,0.011979973603805684,0.0030200263961943155,6.040052792388631,0.0,0.0,3.6240316754331787,0.025,0.0,-0.03,0.0,1.0,0.0,0.015
8,0.26666146410002195,1,0.0011240701901372619,0.0,-0.01747889090428703,0.012521109095712968,0.0024788909042870316,4.9577818085740635,0.0010523145076530862,0.002218775630058008,2.974669085144438,0.025,0.0,-0.03,0.0,1.0,0.0,0.015
8,0.26666146410002195,2,0.002251244311381564,0.0,-0.016944233511733735,0.013055766488266264,0.0019442335117337353,3.8884670234674705,-0.0011151620513467327,0.0023553068377075775,2.333080214080482,0.025,0.0,-0.03,0.0,1.0,0.0,0.015
8,0.26666146410002195,3,0.0033814036278609536,0.0,-0.016416080330534422,0.013583919669465577,0.0014160803305344229,2.832160661068846,-4.405554401587459e-06,8.88091679467659e-05,1.6992963966413075,0.025,0.0,-0.03,0.0,1.0,0.0,0.015
8,0.26666146410002195,4,0.004514724657298168,0.0,-0.015894311456291485,0.014105688543708514,0.0008943114562914856,1.7886229125829711,0.0014205289085074504,0.0033059067567205148,1.0731737475497827,0.025,0.0,-0.03,0.0,1.0,0.0,0.015
8,0.26666146410002195,5,0.005650738824307056,0.0,-0.015379092020876698,0.0146209079791233,0.00037909202087669895,0.7581840417533979,-0.0027893868412159416,0.005891221230504175,0.4549104250520387,0.025,0.0,-0.03,0.0,1.0,0.0,0.015
8,0.26666146410002195,51,0.05802291923346311,0.0,-0.015089344618509621,0.014910655381490378,8.934461850962187e-05,0.17868923701924375,-0.05476423069958572,0.0249527924753348,0.10721354221154625,0.025,0.0,-0.03,0.0,1.0,0.0,0.015
8,0.26666146410002195,52,0.0589175779815647,0.0,-0.015959207453643744,0.014040792546356255,0.0009592074536437442,1.9184149072874885,-0.058521784857846225,0.02695193659414021,1.1510489443724932,0.025,0.0,-0.03,0.0,1.0,0.0,0.015
8,0.26666146410002195,53,0.0598108770164769,0.0,-0.016830332551664117,0.013169667448335882,0.0018303325516641177,3.660665103328235,-0.05964872619320755,0.03167451908462416,2.196399061996941,0.025,0.0,-0.03,0.0,1.0,0.0,0.015
8,0.26666146410002195,54,0.06070329143314058,0.0,-0.017702459983677366,0.012297540016322633,0.002702459983677366,5.404919967354732,-0.06452024835732856,0.03255238711286445,3.242951980412839,0.025,0.0,-0.03,0.0,1.0,0.0,0.015
8,0.26666146410002195,55,0.06159514660900453,0.0,-0.018575183263724867,0.011424816736275132,0.0035751832637248675,7.1503665274497346,-0.06748097930166214,0.03540210383983573,4.290219916469841,0.025,0.0,-0.03,0.0,1.0,0.0,0.015
8,0.26666146410002195,56,0.06248672256431153,0.0,-0.019448050474405808,0.010551949525594191,0.004448050474405808,8.896100948811617,-0.06725683477498019,0.041527842407861885,5.33766056928697,0.025,0.0,-0.03,0.0,1.0,0.0,0.015
8,0.26666146410002195,57,0.06337854705280227,0.0,-0.02032085065018126,0.009679149349818738,0.0053208506501812615,10.641701300362524,-0.0754109915578775,0.03904228526238147,6.385020780217514,0.025,0.0,-0.03,0.0,1.0,0.0,0.015
8,0.26666146410002195,58,0.0642708065153952,0.0,-0.021193041707378926,0.008806958292621073,0.006193041707378926,12.386083414757852,-0.07409420726925245,0.04629646966627318,7.431650048854711,0.025,0.0,-0.03,0.0,1.0,0.0,0.015
8,0.26666146410002195,59,0.06516400031118683,0.0,-0.02206438731508345,0.007935612684916549,0.007064387315083451,14.128774630166902,-0.07728697314686025,0.04891758153082161,8.47726477810014,0.025,0.0,-0.03,0.0,1.0,0.0,0.015
8,0.26666146410002195,60,0.06605839691480124,0.0,-0.02293442934426273,0.00706557065573727,0.00793442934426273,15.868858688525458,-0.08489030261558841,0.046948926872622886,9.521315213115274,0.025,0.0,-0.03,0.0,1.0,0.0,0.015
8,0.26666146410002195,61,0.06695439368933427,0.0,-0.023802838081349163,0.006197161918650836,0.008802838081349164,17.605676162698327,-0.0803731698067661,0.05756758906821458,10.563405697618995,0.025,0.0,-0.03,0.0,1.0,0.0,0.015
8,0.26666146410002195,62,0.06785235509287033,0.0,-0.024669256671227196,0.005330743328772803,0.009669256671227196,19.338513342454394,-0.08972813663955971,0.05363152906089739,11.603108005472636,0.025,0.0,-0.03,0.0,1.0,0.0,0.015
8,0.26666146410002195,63,0.06875255389923039,0.0,-0.02553323317798117,0.0044667668220188285,0.010533233177981171,21.06646635596234,-0.09045831738382787,0.05942099429813951,12.639879813577403,0.025,0.0,-0.03,0.0,1.0,0.0,0.015
8,0.26666146410002195,64,0.0693134048999136,0.0,-0.026647770044186527,0.0033522299558134717,0.011647770044186528,23.295540088373055,-0.0905608253705807,0.06398918753668859,13.977324053023834,0.025,0.0,-0.03,0.0,1.0,0.0,0.015
8,0.26666146410002195,65,0.06987026343181679,0.0,-0.02776413153472067,0.0022358684652793274,0.012764131534720672,25.528263069441344,-0.09490262083361521,0.06696590178894056,15.316957841664806,0.025,0.0,-0.03,0.0,1.0,0.0,0.015
8,0.26666146410002195,66,0.07042319157553584,0.0,-0.028882626625450672,0.001117373374549327,0.013882626625450672,27.765253250901345,-0.09915893149946212,0.06998492627889177,16.659151950540807,0.025,0.0,-0.03,0.0,1.0,0.0,0.015
8,0.26666146410002195,67,0.07097197627549173,0.0,-0.03000301195600959,3.0119560095916166e-06,0.014996988043990408,29.993976087980815,0.09219725969995363,0.07846162250164382,17.99638565278849,0.025,0.0,-0.03,0.0,1.0,0.0,0.015
8,0.26666146410002195,68,0.07151663488002956,0.0,-0.031125495945204168,0.001125495945204169,0.01387450405479583,27.74900810959166,0.10843750359637451,0.0756896998684362,16.649404865754995,0.025,0.0,-0.03,0.0,1.0,0.0,0.015
8,0.26666146410002195,69,0.07205704690346798,0.0,-0.03224999308792442,0.0022499930879244234,0.012750006912075576,25.500013824151154,0.09463528539585246,0.0874119457913187,15.300008294490691,0.025,0.0,-0.03,0.0,1.0,0.0,0.015
8,0.26666146410002195,70,0.07259317032191978,0.0,-0.03337656507026172,0.003376565070261718,0.011623434929738281,23.24686985947656,0.10930961987050308,0.0854842693847371,13.948121915685936,0.025,0.0,-0.03,0.0,1.0,0.0,0.015
8,0.26666146410002195,71,0.07312492082595232,0.0,-0.034505171175270515,0.004505171175270516,0.010494828824729484,20.989657649458966,0.10632808281311912,0.09199916302776812,12.59379458967538,0.025,0.0,-0.03,0.0,1.0,0.0,0.015
8,0.26666146410002195,72,0.07365227091710279,0.0,-0.03563587580729955,0.005635875807299552,0.009364124192700447,18.728248385400896,0.10284099472802183,0.09866039282710326,11.236949031240536,0.025,0.0,-0.03,0.0,1.0,0.0,0.015
8,0.26666146410002195,73,0.07417515302589683,0.0,-0.03676864445131247,0.006768644451312471,0.008231355548687529,16.462711097375056,0.11826471683204208,0.09661232163887887,9.877626658425033,0.025,0.0,-0.03,0.0,1.0,0.0,0.015
8,0.26666146410002195,74,0.07469352164661647,0.0,-0.03790347321606148,0.007903473216061482,0.007096526783938517,14.193053567877033,0.10584528006291818,0.10735286447681183,8.51583214072622,0.025,0.0,-0.03,0.0,1.0,0.0,0.015
8,0.26666146410002195,75,0.07520733597626922,0.0,-0.03904035281993361,0.009040352819933609,0.005959647180066391,11.919294360132781,0.11500420306648942,0.10823126532423821,7.1515766160796685,0.025,0.0,-0.03,0.0,1.0,0.0,0.015
8,0.26666146410002195,76,0.07571660696458513,0.0,-0.040179375494484616,0.010179375494484617,0.004820624505515382,9.641249011030764,0.11954056784877272,0.11126197273024277,5.784749406618459,0.025,0.0,-0.03,0.0,1.0,0.0,0.015
8,0.26666146410002195,77,0.07622120493708105,0.0,-0.04132030018210549,0.011320300182105489,0.0036796998178945106,7.359399635789021,0.11353172999453671,0.11895017976055683,4.415639781473413,0.025,0.0,-0.03,0.0,1.0,0.0,0.015
8,0.26666146410002195,78,0.07672123987015535,0.0,-0.04246341049098149,0.012463410490981493,0.0025365895090185067,5.073179018037013,0.11917839207156647,0.12148490131016569,3.0439074108222077,0.025,0.0,-0.03,0.0,1.0,0.0,0.015
8,0.26666146410002195,79,0.07721659332894835,0.0,-0.043608456670970554,0.013608456670970555,0.0013915433290294446,2.783086658058889,0.12799676713170388,0.12263240549447725,1.6698519948353334,0.025,0.0,-0.03,0.0,1.0,0.0,0.015
8,0.26666146410002195,80,0.07772204225685098,0.0,-0.044751685823511855,0.014751685823511856,0.000248314176488143,0.49662835297628605,0.11375968597152816,0.1339893879240167,0.29797701178577163,0.025,0.0,-0.03,0.0,1.0,0.0,0.015
9,0.2999941471125247,0,0.0,0.0,-0.018020026396194315,0.011979973603805684,0.0030200263961943155,6.040052792388631,0.0,0.0,3.6240316754331787,0.025,0.0,-0.03,0.0,1.0,0.0,0.015
9,0.2999941471125247,1,0.0011240416783776387,0.0,-0.017478883496942377,0.012521116503057622,0.0024788834969423773,4.957766993884754,0.0007305564821480136,0.001538346415531057,2.9746601963308525,0.025,0.0,-0.03,0.0,1.0,0.0,0.015
9,0.2999941471125247,2,0.0022514232117092146,0.0,-0.01694457823630382,0.01305542176369618,0.0019445782363038192,3.889156472607638,-0.001036481766345934,0.0021780341524635163,2.3334938835645826,0.025,0.0,-0.03,0.0,1.0,0.0,0.015
9,0.2999941471125247,3,0.0033819463604701345,0.0,-0.016417179074781154,0.013582820925218845,0.0014171790747811545,2.834358149562309,0.0008630659602181051,0.001935585362182313,1.7006148897373854,0.025,0.0,-0.03,0.0,1.0,0.0,0.015
9,0.2999941471125247,4,0.004515721629987094,0.0,-0.015896598438279067,0.014103401561720932,0.0008965984382790677,1.7931968765581354,-0.0007355996212613008,0.0014340891858931474,1.0759181259348811,0.025,0.0,-0.03,0.0,1.0,0.0,0.015
9,0.2999941471125247,5,0.0056525538185352876,0.0,-0.015382879869447324,0.014617120130552675,0.00038287986944732406,0.7657597388946481,0.0004114241131732106,0.0012033779146578803,0.45945584333678885,0.025,0.0,-0.03,0.0,1.0,0.0,0.015
9,0.2999941471125247,50,0.05638986428616104,0.0,-0.015822755340889914,0.014177244659110085,0.0008227553408899149,1.6455106817798297,-0.04550866887467519,0.021039822348177063,0.9873064090678978,0.025,0.0,-0.03,0.0,1.0,0.0,0.015
9,0.2999941471125247,51,0.05719252506196079,0.0,-0.016778122855074105,0.013221877144925894,0.0017781228550741053,3.5562457101482106,-0.04665240282805587,0.02480545073406657,2.1337474260889264,0.025,0.0,-0.03,0.0,1.0,0.0,0.015
9,0.2999941471125247,52,0.05799317653879095,0.0,-0.017735208418977837,0.012264791581022162,0.002735208418977838,5.470416837955676,-0.04889846418563102,0.02763836377604739,3.2822501027734052,0.025,0.0,-0.03,0.0,1.0,0.0,0.015
9,0.2999941471125247,53,0.05879221867136017,0.0,-0.018693613032506086,0.011306386967493913,0.0036936130325060865,7.387226065012173,-0.05033074799759429,0.03115875802762232,4.432335639007303,0.025,0.0,-0.03,0.0,1.0,0.0,0.015
9,0.2999941471125247,54,0.05959011224271643,0.0,-0.019653006583626977,0.010346993416373022,0.004653006583626978,9.306013167253955,-0.05513903741344728,0.031861455826077155,5.583607900352373,0.025,0.0,-0.03,0.0,1.0,0.0,0.015
9,0.2999941471125247,55,0.06038725576144992,0.0,-0.020612982311032736,0.009387017688967263,0.005612982311032737,11.225964622065474,-0.05346713220296,0.037988326784342524,6.7355787732392844,0.025,0.0,-0.03,0.0,1.0,0.0,0.015
9,0.2999941471125247,56,0.06118413084487326,0.0,-0.02157323144336192,0.00842676855663808,0.006573231443361919,13.146462886723837,-0.061501682987491764,0.036005209122280654,7.887877732034302,0.025,0.0,-0.03,0.0,1.0,0.0,0.015
9,0.2999941471125247,57,0.061981121039549315,0.0,-0.022533327664952196,0.007466672335047803,0.007533327664952197,15.066655329904394,-0.05566988300989045,0.04561570397390153,9.039993197942636,0.025,0.0,-0.03,0.0,1.0,0.0,0.015
9,0.2999941471125247,58,0.06277871830004685,0.0,-0.023492974989301193,0.006507025010698806,0.008492974989301193,16.985949978602388,-0.06893415805819414,0.039244466206901966,10.191569987161433,0.025,0.0,-0.03,0.0,1.0,0.0,0.015
9,0.2999941471125247,59,0.06357730826517782,0.0,-0.02445175217954586,0.005548247820454138,0.009451752179545862,18.903504359091723,-0.05861777707735319,0.05263922446654476,11.342102615455033,0.025,0.0,-0.03,0.0,1.0,0.0,0.015
9,0.2999941471125247,60,0.0643773475217279,0.0,-0.02540932559289407,0.004590674407105928,0.010409325592894071,20.81865118578814,-0.07229060887456805,0.04587415979723572,12.491190711472884,0.025,0.0,-0.03,0.0,1.0,0.0,0.015
9,0.2999941471125247,61,0.06517927931760181,0.0,-0.02636534905506766,0.0036346509449323404,0.011365349055067659,22.730698110135318,-0.06855891577433655,0.05378305738861108,13.63841886608119,0.025,0.0,-0.03,0.0,1.0,0.0,0.015
9,0.2999941471125247,62,0.06598347725992289,0.0,-0.027319399558149386,0.0026806004418506134,0.012319399558149386,24.638799116298774,-0.06885577186784878,0.058010312861198426,14.783279469779263,0.025,0.0,-0.03,0.0,1.0,0.0,0.015
9,0.2999941471125247,63,0.06679041864721226,0.0,-0.028271179915535075,0.0017288200844649236,0.013271179915535076,26.54235983107015,-0.0813122359979978,0.054532750996142125,15.92541589864209,0.025,0.0,-0.03,0.0,1.0,0.0,0.015
9,0.2999941471125247,64,0.0672196764168817,0.0,-0.029442636001160816,0.0005573639988391832,0.014442636001160816,28.88527200232163,-0.06873599767775786,0.0647874577023802,17.33116320139298,0.025,0.0,-0.03,0.0,1.0,0.0,0.015
9,0.2999941471125247,65,0.06764468020904581,0.0,-0.030615640203506444,0.000615640203506445,0.014384359796493554,28.768719592987107,0.07959417173879392,0.06498216621825331,17.261231755792263,0.025,0.0,-0.03,0.0,1.0,0.0,0.015
9,0.2999941471125247,66,0.06806534326021954,0.0,-0.031790192033796405,0.0017901920337964061,0.013209807966203593,26.419615932407186,0.0835920748869279,0.06792766021105363,15.85176955944431,0.025,0.0,-0.03,0.0,1.0,0.0,0.015
9,0.2999941471125247,67,0.0684816120151072,0.0,-0.03296635854318128,0.00296635854318128,0.01203364145681872,24.067282913637438,0.06773809839937435,0.07779910128248886,14.440369748182462,0.025,0.0,-0.03,0.0,1.0,0.0,0.015
9,0.2999941471125247,68,0.06889337867285622,0.0,-0.03414403690736987,0.0041440369073698705,0.010855963092630129,21.711926185260257,0.09775683037624931,0.0716318391115214,13.027155711156153,0.025,0.0,-0.03,0.0,1.0,0.0,0.015
9,0.2999941471125247,69,0.06930061970771073,0.0,-0.03532334434716939,0.005323344347169391,0.009676655652830608,19.353311305661215,0.06556256772184464,0.08706170388212708,11.611986783396729,0.025,0.0,-0.03,0.0,1.0,0.0,0.015
9,0.2999941471125247,70,0.06970325541948207,0.0,-0.036504219986955834,0.006504219986955835,0.008495780013044164,16.99156002608833,0.09877098605410743,0.08001247275433894,10.194936015652997,0.025,0.0,-0.03,0.0,1.0,0.0,0.015
9,0.2999941471125247,71,0.07010122542674455,0.0,-0.03768663653841202,0.00768663653841202,0.0073133634615879795,14.626726923175958,0.0731888485835698,0.09295068626251819,8.776036153905574,0.025,0.0,-0.03,0.0,1.0,0.0,0.015
9,0.2999941471125247,72,0.07049451607602564,0.0,-0.03887068710135577,0.008870687101355773,0.006129312898644226,12.258625797288452,0.09609835654185554,0.08961508263253387,7.355175478373071,0.025,0.0,-0.03,0.0,1.0,0.0,0.015
9,0.2999941471125247,73,0.07088304656550339,0.0,-0.04005624330617763,0.010056243306177631,0.004943756693822368,9.887513387644736,0.0805197525456542,0.09902821003015935,5.932508032586841,0.025,0.0,-0.03,0.0,1.0,0.0,0.015
9,0.2999941471125247,74,0.07126681108502891,0.0,-0.04124338122918058,0.011243381229180581,0.0037566187708194185,7.513237541638837,0.09304833267493658,0.09924657863755772,4.507942524983302,0.025,0.0,-0.03,0.0,1.0,0.0,0.015
9,0.2999941471125247,75,0.07164577449313407,0.0,-0.04243206897301811,0.012432068973018108,0.0025679310269818914,5.135862053963783,0.09031293029337574,0.1044281062535918,3.08151723237827,0.025,0.0,-0.03,0.0,1.0,0.0,0.015
9,0.2999941471125247,76,0.07201990431587775,0.0,-0.04362225845248583,0.013622258452485832,0.0013777415475141677,2.7554830950283353,0.08720632258023911,0.10965802031776498,1.6532898570170012,0.025,0.0,-0.03,0.0,1.0,0.0,0.015
9,0.2999941471125247,77,0.07238920050244332,0.0,-0.04481398342713445,0.014813983427134449,0.0001860165728655508,0.3720331457311016,0.10055823111578732,0.10981263275437128,0.22321988743866095,0.025,0.0,-0.03,0.0,1.0,0.0,0.015
10,0.33332683012502745,0,0.0,0.0,-0.018020026396194315,0.011979973603805684,0.0030200263961943155,6.040052792388631,0.0,0.0,3.6240316754331787,0.025,0.0,-0.03,0.0,1.0,0.0,0.015
10,0.33332683012502745,1,0.0011240753624215682,0.0,-0.017478848764365677,0.012521151235634322,0.002478848764365677,4.957697528731354,-0.00035839868948881924,0.0007610107053801242,2.9746185172388127,0.025,0.0,-0.03,0.0,1.0,0.0,0.015
10,0.33332683012502745,2,0.002251510081995737,0.0,-0.016944921316546756,0.013055078683453243,0.0019449213165467563,3.8898426330935125,0.00029235378020671507,0.0006479612179229177,2.3339055798561072,0.025,0.0,-0.03,0.0,1.0,0.0,0.015
10,0.33332683012502745,3,0.0033824719978669563,0.0,-0.016418143986959108,0.013581856013040891,0.0014181439869591084,2.8362879739182167,-5.419192354138607e-05,3.572588908930359e-05,1.70177278435093,0.025,0.0,-0.03,0.0,1.0,0.0,0.015
10,0.33332683012502745,4,0.004516615004134371,0.0,-0.0158986449371286,0.014101355062871399,0.0008986449371286009,1.7972898742572019,0.00010568506890745138,0.00038435941083820457,1.0783739245543211,0.025,0.0,-0.03,0.0,1.0,0.0,0.015
10,0.33332683012502745,5,0.00565415441442417,0.0,-0.015386280920479228,0.014613719079520771,0.00038628092047922856,0.7725618409584571,-0.0011546362811499736,0.002336013851440866,0.46353710457507424,0.025,0.0,-0.03,0.0,1.0,0.0,0.015
10,0.33332683012502745,48,0.0542251718152869,0.0,-0.015139105306475532,0.014860894693524467,0.00013910530647553293,0.27821061295106586,-0.04240568666639031,0.010072214210942714,0.16692636777063952,0.025,0.0,-0.03,0.0,1.0,0.0,0.015
10,0.33332683012502745,49,0.05494450598928297,0.0,-0.0161586771671407,0.013841322832859299,0.001158677167140701,2.3173543342814016,-0.0240733769705537,0.027084074502194532,1.3904126005688409,0.025,0.0,-0.03,0.0,1.0,0.0,0.015
10,0.33332683012502745,50,0.05566053288746134,0.0,-0.01718065040446431,0.012819349595535687,0.002180650404464312,4.361300808928624,-0.05055188889070554,0.012267143318196285,2.616780485357174,0.025,0.0,-0.03,0.0,1.0,0.0,0.015
10,0.33332683012502745,51,0.056373697660275446,0.0,-0.018204619625018275,0.011795380374981724,0.0032046196250182755,6.409239250036551,-0.02683264225929985,0.03278989584047372,3.8455435500219304,0.025,0.0,-0.03,0.0,1.0,0.0,0.015
10,0.33332683012502745,52,0.057084469784803436,0.0,-0.019230205030947415,0.010769794969052584,0.0042302050309474155,8.460410061894832,-0.05005257002216182,0.020431069712941178,5.076246037136899,0.025,0.0,-0.03,0.0,1.0,0.0,0.015
10,0.33332683012502745,53,0.05779340152341219,0.0,-0.02025714074685702,0.009742859253142978,0.005257140746857021,10.514281493714043,-0.03894899222277515,0.0320534175956748,6.308568896228425,0.025,0.0,-0.03,0.0,1.0,0.0,0.015
10,0.33332683012502745,54,0.05850091207635618,0.0,-0.021284965148828095,0.008715034851171904,0.006284965148828096,12.56993029765619,-0.04351855928530942,0.03274811469333094,7.541958178593714,0.025,0.0,-0.03,0.0,1.0,0.0,0.015
10,0.33332683012502745,55,0.059207598448148484,0.0,-0.022313469880651644,0.0076865301193483546,0.007313469880651645,14.626939761303289,-0.050543497463640605,0.0317699872628424,8.776163856781974,0.025,0.0,-0.03,0.0,1.0,0.0,0.015
10,0.33332683012502745,56,0.059913849269794255,0.0,-0.023342144035867856,0.006657855964132143,0.008342144035867857,16.684288071735715,-0.04435822885817092,0.03993022409546138,10.010572843041428,0.025,0.0,-0.03,0.0,1.0,0.0,0.015
10,0.33332683012502745,57,0.0606202857748062,0.0,-0.024370812157385888,0.005629187842614111,0.009370812157385888,18.741624314771776,-0.0513497371103935,0.03897801024020614,11.244974588863066,0.025,0.0,-0.03,0.0,1.0,0.0,0.015
10,0.33332683012502745,58,0.06132731138144796,0.0,-0.02539898481278543,0.00460101518721457,0.01039898481278543,20.797969625570857,-0.05358292401032305,0.041309023319243986,12.478781775342513,0.025,0.0,-0.03,0.0,1.0,0.0,0.015
10,0.33332683012502745,59,0.062035495915514306,0.0,-0.026426414889328814,0.0035735851106711847,0.011426414889328815,22.85282977865763,-0.05091438487258116,0.047053163162882584,13.711697867194577,0.025,0.0,-0.03,0.0,1.0,0.0,0.015
10,0.33332683012502745,60,0.06274528513210209,0.0,-0.02745267960591781,0.0025473203940821892,0.01245267960591781,24.90535921183562,-0.05676865332956501,0.04686092955841376,14.943215527101371,0.025,0.0,-0.03,0.0,1.0,0.0,0.015
10,0.33332683012502745,61,0.06345724177499772,0.0,-0.028477528474739732,0.0015224715252602668,0.013477528474739733,26.955056949479467,-0.05896386385195218,0.049211437528020485,16.17303416968768,0.025,0.0,-0.03,0.0,1.0,0.0,0.015
10,0.33332683012502745,62,0.06417174913904569,0.0,-0.02950045934640277,0.0004995406535972281,0.014500459346402771,29.00091869280554,-0.055272236780728935,0.05559365614250427,17.400551215683326,0.025,0.0,-0.03,0.0,1.0,0.0,0.015
10,0.33332683012502745,63,0.06488942849461078,0.0,-0.03052132851730944,0.0005213285173094398,0.01447867148269056,28.95734296538112,0.06571553788587438,0.053300330860695605,17.37440577922867,0.025,0.0,-0.03,0.0,1.0,0.0,0.015
10,0.33332683012502745,64,0.06519740908228212,0.0,-0.03173028568238548,0.0017302856823854795,0.01326971431761452,26.53942863522904,0.05748220404048937,0.06023800882600201,15.923657181137424,0.025,0.0,-0.03,0.0,1.0,0.0,0.015
10,0.33332683012502745,65,0.06550089964488737,0.0,-0.03294047828045777,0.0029404782804577714,0.012059521719542228,24.119043439084457,0.06615398242766943,0.061631461739380305,14.471426063450673,0.025,0.0,-0.03,0.0,1.0,0.0,0.015
10,0.33332683012502745,66,0.06579977610102374,0.0,-0.034151743179125865,0.004151743179125866,0.010848256820874133,21.696513641748265,0.06105880321319731,0.06659773480666123,13.017908185048958,0.025,0.0,-0.03,0.0,1.0,0.0,0.015
10,0.33332683012502745,67,0.06609400658274589,0.0,-0.03536421731511327,0.005364217315113273,0.009635782684886726,19.27156536977345,0.06570213586779448,0.06915049334241646,11.56293922186407,0.025,0.0,-0.03,0.0,1.0,0.0,0.015
10,0.33332683012502745,68,0.0663834911483171,0.0,-0.036577737448264605,0.006577737448264606,0.008422262551735393,16.844525103470787,0.06595632611608096,0.07279769655834192,10.106715062082472,0.025,0.0,-0.03,0.0,1.0,0.0,0.015
10,0.33332683012502745,69,0.06666822259808314,0.0,-0.037792499878302604,0.007792499878302606,0.007207500121697394,14.415000243394788,0.06349862146101057,0.07705468193762594,8.649000146036872,0.025,0.0,-0.03,0.0,1.0,0.0,0.015
10,0.33332683012502745,70,0.06694809995261815,0.0,-0.039008276291525465,0.009008276291525466,0.005991723708474533,11.983447416949067,0.06980960346153216,0.07928767924132338,7.1900684501694405,0.025,0.0,-0.03,0.0,1.0,0.0,0.015
10,0.33332683012502745,71,0.06722312093695504,0.0,-0.04022523173302998,0.010225231733029978,0.004774768266970021,9.549536533940042,0.06698469919963802,0.08363910436771957,5.7297219203640255,0.025,0.0,-0.03,0.0,1.0,0.0,0.015
10,0.33332683012502745,72,0.06749322973104714,0.0,-0.04144327217410324,0.011443272174103243,0.0035567278258967563,7.113455651793513,0.06505354432690044,0.08772513578280089,4.268073391076108,0.025,0.0,-0.03,0.0,1.0,0.0,0.015
10,0.33332683012502745,73,0.06775839377228117,0.0,-0.04266237282867083,0.012662372828670831,0.002337627171329168,4.675254342658336,0.07672952224155836,0.08889568631967888,2.805152605595002,0.025,0.0,-0.03,0.0,1.0,0.0,0.015
10,0.33332683012502745,74,0.06801860027626244,0.0,-0.043882569196332606,0.013882569196332607,0.0011174308036673922,2.2348616073347842,0.06046680056616801,0.09604726393725505,1.3409169644008705,0.025,0.0,-0.03,0.0,1.0,0.0,0.015
11,0.3666595131375302,0,0.0,0.0,-0.018020026396194315,0.011979973603805684,0.0030200263961943155,6.040052792388631,0.0,0.0,3.6240316754331787,0.025,0.0,-0.03,0.0,1.0,0.0,0.015
11,0.3666595131375302,1,0.0011240506804704208,0.0,-0.01747884385986596,0.012521156140134038,0.002478843859865961,4.957687719731922,0.0005957848210981495,0.0012519502697610123,2.974612631839153,0.025,0.0,-0.03,0.0,1.0,0.0,0.015
11,0.3666595131375302,2,0.0022516682156998847,0.0,-0.016945188785064413,0.013054811214935586,0.0019451887850644133,3.8903775701288263,-0.00116382144063676,0.0024596065966694973,2.3342265420772956,0.025,0.0,-0.03,0.0,1.0,0.0,0.015
11,0.3666595131375302,3,0.0033828678296611956,0.0,-0.016419036243972177,0.013580963756027822,0.0014190362439721778,2.8380724879443555,0.0016749837492731443,0.0036969865976606234,1.7028434927666132,0.025,0.0,-0.03,0.0,1.0,0.0,0.015
11,0.3666595131375302,4,0.00451745392274612,0.0,-0.015900446295136754,0.014099553704863245,0.0009004462951367545,1.800892590273509,-0.002261217474525681,0.004856170252374461,1.0805355541641053,0.025,0.0,-0.03,0.0,1.0,0.0,0.015
11,0.3666595131375302,5,0.005655552824364942,0.0,-0.015389319678484852,0.014610680321515147,0.00038931967848485245,0.7786393569697049,0.002420577806111968,0.005672323460221856,0.4671836141818229,0.025,0.0,-0.03,0.0,1.0,0.0,0.015
11,0.3666595131375302,47,0.05305118854943711,0.0,-0.015108416833646676,0.014891583166353323,0.00010841683364667606,0.21683366729335213,-0.028260252287950864,0.012588694351474394,0.13010020037601128,0.025,0.0,-0.03,0.0,1.0,0.0,0.015
11,0.3666595131375302,48,0.05369221606269985,0.0,-0.01617898455054739,0.01382101544945261,0.00117898455054739,2.35796910109478,-0.025834871582663416,0.017286608048618705,1.4147814606568678,0.025,0.0,-0.03,0.0,1.0,0.0,0.015
11,0.3666595131375302,49,0.054328982057637656,0.0,-0.017252163846319214,0.012747836153680785,0.002252163846319214,4.504327692638428,-0.035673096116210605,0.014667712053677553,2.7025966155830567,0.025,0.0,-0.03,0.0,1.0,0.0,0.015
11,0.3666595131375302,50,0.0549619651047261,0.0,-0.018327542936819607,0.011672457063180392,0.0033275429368196073,6.655085873639215,-0.024150024245709417,0.02471101724534191,3.993051524183529,0.025,0.0,-0.03,0.0,1.0,0.0,0.015
11,0.3666595131375302,51,0.05559173457634969,0.0,-0.019404835519514475,0.010595164480485524,0.004404835519514476,8.809671039028952,-0.040332673490816456,0.018392699518243193,5.285802623417371,0.025,0.0,-0.03,0.0,1.0,0.0,0.015
11,0.3666595131375302,52,0.056218810852472274,0.0,-0.020483666171162325,0.009516333828837674,0.0054836661711623255,10.967332342324651,-0.02889769259714257,0.02833496114022073,6.5803994053947905,0.025,0.0,-0.03,0.0,1.0,0.0,0.015
11,0.3666595131375302,53,0.05684378705956488,0.0,-0.021563776485336934,0.008436223514663065,0.006563776485336934,13.127552970673868,-0.038564454709779594,0.02591105194744726,7.876531782404321,0.025,0.0,-0.03,0.0,1.0,0.0,0.015
11,0.3666595131375302,54,0.057467156887687144,0.0,-0.022644732652906795,0.0073552673470932035,0.007644732652906796,15.289465305813591,-0.03648269757487093,0.030357362415910694,9.173679183488154,0.025,0.0,-0.03,0.0,1.0,0.0,0.015
11,0.3666595131375302,55,0.05808955252972509,0.0,-0.023726334724873878,0.006273665275126121,0.008726334724873878,17.452669449747756,-0.037954655280768385,0.032735056136651994,10.471601669848653,0.025,0.0,-0.03,0.0,1.0,0.0,0.015
11,0.3666595131375302,56,0.05871147419747431,0.0,-0.02480815360979538,0.005191846390204619,0.00980815360979538,19.616307219590762,-0.041264825698147656,0.034047978268390885,11.769784331754456,0.025,0.0,-0.03,0.0,1.0,0.0,0.015
11,0.3666595131375302,57,0.05933351227360987,0.0,-0.025889914612574453,0.004110085387425546,0.010889914612574454,21.77982922514891,-0.03948227573150276,0.03831683084096402,13.067897535089346,0.025,0.0,-0.03,0.0,1.0,0.0,0.015
11,0.3666595131375302,58,0.059956238606763086,0.0,-0.026971311741350985,0.0030286882586490135,0.011971311741350986,23.942623482701972,-0.04471155176613319,0.03851528505893303,14.365574089621182,0.025,0.0,-0.03,0.0,1.0,0.0,0.015
11,0.3666595131375302,59,0.06058017300066606,0.0,-0.028051951762515914,0.0019480482374840853,0.013051951762515914,26.10390352503183,-0.04275186359094533,0.04288963361569194,15.662342115019097,0.025,0.0,-0.03,0.0,1.0,0.0,0.015
11,0.3666595131375302,60,0.061205927497265035,0.0,-0.029131603469205285,0.0008683965307947142,0.014131603469205285,28.26320693841057,-0.04565752604800972,0.04443283893583305,16.95792416304634,0.025,0.0,-0.03,0.0,1.0,0.0,0.015
11,0.3666595131375302,61,0.06183399487315107,0.0,-0.030209836426448398,0.00020983642644839887,0.0147901635735516,29.5803271471032,0.04813400721854348,0.04621192898663277,17.74819628826192,0.025,0.0,-0.03,0.0,1.0,0.0,0.015
11,0.3666595131375302,62,0.0624649912109908,0.0,-0.031286438499466156,0.0012864384994661568,0.013713561500533843,27.427123001067685,0.046382661382867604,0.05043458161271232,16.45627380064061,0.025,0.0,-0.03,0.0,1.0,0.0,0.015
11,0.3666595131375302,63,0.06309938323484184,0.0,-0.032360938894450554,0.002360938894450555,0.012639061105549444,25.27812221109889,0.05181774723706532,0.05090605917318848,15.166873326659333,0.025,0.0,-0.03,0.0,1.0,0.0,0.015
11,0.3666595131375302,64,0.06329781835673905,0.0,-0.03359272890641495,0.0035927289064149534,0.011407271093585046,22.81454218717009,0.048523182368643496,0.0551562521911604,13.688725312302054,0.025,0.0,-0.03,0.0,1.0,0.0,0.015
11,0.3666595131375302,65,0.06349150738614757,0.0,-0.034825196948958186,0.004825196948958187,0.010174803051041813,20.349606102083627,0.05228132774016354,0.05768396576811973,12.209763661250175,0.025,0.0,-0.03,0.0,1.0,0.0,0.015
11,0.3666595131375302,66,0.06368041016296662,0.0,-0.03605845588144136,0.006058455881441362,0.008941544118558638,17.883088237117274,0.04922696667725054,0.061350563576469654,10.729852942270364,0.025,0.0,-0.03,0.0,1.0,0.0,0.015
11,0.3666595131375302,67,0.06386445453501322,0.0,-0.03729241782515969,0.007292417825159693,0.0077075821748403064,15.415164349680612,0.0546149807411309,0.06374562471747759,9.249098609808367,0.025,0.0,-0.03,0.0,1.0,0.0,0.015
11,0.3666595131375302,68,0.06404359847040134,0.0,-0.0385271461713183,0.0085271461713183,0.0064728538286817,12.9457076573634,0.048763503828736565,0.06777902881613074,7.767424594418039,0.025,0.0,-0.03,0.0,1.0,0.0,0.015
11,0.3666595131375302,69,0.06421777625992216,0.0,-0.03976249468214609,0.009762494682146093,0.005237505317853906,10.475010635707813,0.05512417081586136,0.07007676350420995,6.2850063814246875,0.025,0.0,-0.03,0.0,1.0,0.0,0.015
11,0.3666595131375302,70,0.06438697794844646,0.0,-0.04099866750166317,0.010998667501663173,0.0040013324983368265,8.002664996673653,0.05241382463872492,0.07365276014196753,4.8015989980041915,0.025,0.0,-0.03,0.0,1.0,0.0,0.015
11,0.3666595131375302,71,0.06455113244070272,0.0,-0.04223537584401618,0.012235375844016183,0.0027646241559838164,5.529248311967633,0.052456811192897114,0.07682805566154566,3.31754898718058,0.025,0.0,-0.03,0.0,1.0,0.0,0.015
11,0.3666595131375302,72,0.06471024648726675,0.0,-0.04347285651864673,0.013472856518646728,0.0015271434813532714,3.0542869627065428,0.05447965882160635,0.07976909840134144,1.8325721776239257,0.025,0.0,-0.03,0.0,1.0,0.0,0.015
11,0.3666595131375302,73,0.06486427707375501,0.0,-0.04471092213091981,0.014710922130919811,0.00028907786908018845,0.5781557381603769,0.05600310254936077,0.08278107342963141,0.34689344289622615,0.025,0.0,-0.03,0.0,1.0,0.0,0.015
12,0.3999921961500329,0,0.0,0.0,-0.018020026396194315,0.011979973603805684,0.0030200263961943155,6.040052792388631,0.0,0.0,3.6240316754331787,0.025,0.0,-0.03,0.0,1.0,0.0,0.015
12,0.3999921961500329,1,0.001124046507424661,0.0,-0.017478831168201307,0.012521168831798692,0.002478831168201308,4.957662336402616,0.0016276941599593193,0.003433893696634364,2.9745974018415695,0.025,0.0,-0.03,0.0,1.0,0.0,0.015
12,0.3999921961500329,2,0.0022517868667954167,0.0,-0.0169454357967165,0.013054564203283499,0.0019454357967165006,3.890871593433001,-0.0030713647073261374,0.006554663592931617,2.3345229560598004,0.025,0.0,-0.03,0.0,1.0,0.0,0.015
12,0.3999921961500329,3,0.003383226083129975,0.0,-0.016419822852911593,0.013580177147088406,0.0014198228529115932,2.8396457058231865,0.004178241753816279,0.009149420198593305,1.7037874234939119,0.025,0.0,-0.03,0.0,1.0,0.0,0.015
12,0.3999921961500329,4,0.0045182090261491285,0.0,-0.015902036217687654,0.014097963782312345,0.0009020362176876545,1.804072435375309,-0.005019576535060615,0.010992703501898939,1.0824434612251854,0.025,0.0,-0.03,0.0,1.0,0.0,0.015
12,0.3999921961500329,5,0.005656762422353995,0.0,-0.015392023534137059,0.01460797646586294,0.00039202353413705926,0.7840470682741185,0.005243953825792616,0.012021390140808691,0.4704282409644711,0.025,0.0,-0.03,0.0,1.0,0.0,0.015
12,0.3999921961500329,46,0.051611465474205476,0.0,-0.015222162464909088,0.014777837535090911,0.00022216246490908836,0.44432492981817673,-0.023166538563769892,0.010007501629565554,0.26659495789090604,0.025,0.0,-0.03,0.0,1.0,0.0,0.015
12,0.3999921961500329,47,0.05262426020833915,0.0,-0.01595063721323046,0.014049362786769538,0.0009506372132304618,1.9012744264609236,-0.02208665879802752,0.013512758464987616,1.140764655876554,0.025,0.0,-0.03,0.0,1.0,0.0,0.015
12,0.3999921961500329,48,0.05319024055299209,0.0,-0.017062860218192352,0.012937139781807647,0.0020628602181923528,4.1257204363847055,-0.025131494314017355,0.014098601232933165,2.4754322618308233,0.025,0.0,-0.03,0.0,1.0,0.0,0.015
12,0.3999921961500329,49,0.05375141913101313,0.0,-0.018177330705484513,0.011822669294515486,0.0031773307054845136,6.354661410969027,-0.02636948580108964,0.016228363265715074,3.812796846581416,0.025,0.0,-0.03,0.0,1.0,0.0,0.015
12,0.3999921961500329,50,0.054308533951879456,0.0,-0.01929401672086247,0.010705983279137528,0.004294016720862472,8.588033441724944,-0.0233734586075204,0.020439308365465907,5.152820065034966,0.025,0.0,-0.03,0.0,1.0,0.0,0.015
12,0.3999921961500329,51,0.0548620480334456,0.0,-0.02041235792889817,0.00958764207110183,0.00541235792889817,10.82471585779634,-0.0330450718513835,0.018321847510315504,6.494829514677804,0.025,0.0,-0.03,0.0,1.0,0.0,0.015
12,0.3999921961500329,52,0.05541265270126679,0.0,-0.02153223471387075,0.008467765286129247,0.006532234713870752,13.064469427741503,-0.022361317758092927,0.026343105150240617,7.838681656644901,0.025,0.0,-0.03,0.0,1.0,0.0,0.015
12,0.3999921961500329,53,0.05596088309449356,0.0,-0.022653207392108594,0.007346792607891405,0.007653207392108594,15.30641478421719,-0.035039189463685144,0.02279047904002404,9.183848870530314,0.025,0.0,-0.03,0.0,1.0,0.0,0.015
12,0.3999921961500329,54,0.05650739499346651,0.0,-0.023775072780925034,0.006224927219074965,0.008775072780925035,17.55014556185007,-0.028696890312023732,0.02863946794099068,10.530087337110041,0.025,0.0,-0.03,0.0,1.0,0.0,0.015
12,0.3999921961500329,55,0.05705276381988361,0.0,-0.024897460331957305,0.005102539668042694,0.009897460331957306,19.79492066391461,-0.030270920149417187,0.030580820261216536,11.876952398348765,0.025,0.0,-0.03,0.0,1.0,0.0,0.015
12,0.3999921961500329,56,0.05759761984991185,0.0,-0.02602010808463511,0.003979891915364887,0.011020108084635112,22.040216169270224,-0.03740511192727277,0.029805589418523567,13.224129701562134,0.025,0.0,-0.03,0.0,1.0,0.0,0.015
12,0.3999921961500329,57,0.05814257745626862,0.0,-0.027142720645331738,0.002857279354668261,0.012142720645331739,24.285441290663478,-0.02925824379292171,0.03652399167398001,14.571264774398086,0.025,0.0,-0.03,0.0,1.0,0.0,0.015
12,0.3999921961500329,58,0.05868822917135949,0.0,-0.028264958759633217,0.0017350412403667817,0.013264958759633218,26.529917519266437,-0.03798260091435515,0.0349635550683479,15.917950511559862,0.025,0.0,-0.03,0.0,1.0,0.0,0.015
12,0.3999921961500329,59,0.05923521934854218,0.0,-0.029386591070007885,0.0006134089299921139,0.014386591070007886,28.77318214001577,-0.036552600669083474,0.03838380880858688,17.26390928400946,0.025,0.0,-0.03,0.0,1.0,0.0,0.015
12,0.3999921961500329,60,0.05978411759970954,0.0,-0.03050723869863879,0.0005072386986387928,0.014492761301361207,28.985522602722412,0.0337651474856056,0.042494934046350484,17.391313561633446,0.025,0.0,-0.03,0.0,1.0,0.0,0.015
12,0.3999921961500329,61,0.06033556565022689,0.0,-0.031626674704001684,0.001626674704001685,0.013373325295998315,26.74665059199663,0.044277647475349555,0.03999624315092271,16.047990355197978,0.025,0.0,-0.03,0.0,1.0,0.0,0.015
12,0.3999921961500329,62,0.060890130838032845,0.0,-0.0327445292633014,0.002744529263301404,0.012255470736698595,24.510941473397192,0.0320678568598955,0.04863409851867399,14.706564884038315,0.025,0.0,-0.03,0.0,1.0,0.0,0.015
12,0.3999921961500329,63,0.06144843213778844,0.0,-0.03386055303056302,0.00386055303056302,0.01113944696943698,22.27889393887396,0.04859859177867501,0.044990951625971144,13.367336363324375,0.025,0.0,-0.03,0.0,1.0,0.0,0.015
12,0.3999921961500329,64,0.0615492610178482,0.0,-0.03510407601241406,0.005104076012414062,0.009895923987585938,19.791847975171876,0.0334286908778407,0.050788638732156194,11.875108785103125,0.025,0.0,-0.03,0.0,1.0,0.0,0.015
12,0.3999921961500329,65,0.06164521101312717,0.0,-0.03634803931721196,0.006348039317211958,0.008651960682788042,17.303921365576084,0.045431600208261765,0.05243350570995032,10.38235281934565,0.025,0.0,-0.03,0.0,1.0,0.0,0.015
12,0.3999921961500329,66,0.06173621317152754,0.0,-0.03759230875418392,0.007592308754183923,0.007407691245816077,14.815382491632153,0.04044311209986635,0.055610019931801175,8.889229494979292,0.025,0.0,-0.03,0.0,1.0,0.0,0.015
12,0.3999921961500329,67,0.06182222519719625,0.0,-0.03883699110740132,0.00883699110740132,0.00616300889259868,12.32601778519736,0.039106678215111844,0.058462333512704266,7.3956106711184155,0.025,0.0,-0.03,0.0,1.0,0.0,0.015
12,0.3999921961500329,68,0.061903195440846125,0.0,-0.04008197952446,0.010081979524460001,0.004918020475539998,9.836040951079998,0.044979870153308246,0.06085818908019759,5.901624570647998,0.025,0.0,-0.03,0.0,1.0,0.0,0.015
12,0.3999921961500329,69,0.06197908740281294,0.0,-0.041327279307751104,0.011327279307751105,0.0036727206922488945,7.345441384497789,0.03830435931101659,0.06405088036903449,4.407264830698673,0.025,0.0,-0.03,0.0,1.0,0.0,0.015
12,0.3999921961500329,70,0.06204987233248991,0.0,-0.04257292799863891,0.012572927998638912,0.002427072001361087,4.854144002722174,0.04534557115192046,0.06642564734727575,2.9124864016333043,0.025,0.0,-0.03,0.0,1.0,0.0,0.015
12,0.3999921961500329,71,0.06211551826663463,0.0,-0.04381877893461297,0.013818778934612974,0.0011812210653870253,2.362442130774051,0.03742642521326016,0.06962170282294448,1.4174652784644304,0.025,0.0,-0.03,0.0,1.0,0.0,0.015
13,0.43332487916253565,0,0.0,0.0,-0.018020026396194315,0.011979973603805684,0.0030200263961943155,6.040052792388631,0.0,0.0,3.6240316754331787,0.025,0.0,-0.03,0.0,1.0,0.0,0.015
13,0.43332487916253565,1,0.001124034642177879,0.0,-0.01747882388194901,0.012521176118050988,0.002478823881949012,4.957647763898024,-0.0005834307856928094,0.0012373740079342636,2.974588658338814,0.025,0.0,-0.03,0.0,1.0,0.0,0.015
13,0.43332487916253565,2,0.0022518998697530893,0.0,-0.016945649775420207,0.013054350224579792,0.001945649775420208,3.891299550840416,0.001346308326766449,0.0029140593481720737,2.3347797305042497,0.025,0.0,-0.03,0.0,1.0,0.0,0.015
13,0.43332487916253565,3,0.0033835443482902387,0.0,-0.016420515460491784,0.013579484539508215,0.0014205154604917843,2.8410309209835685,-0.0022751322235898164,0.004925694495255934,1.704618552590141,0.025,0.0,-0.03,0.0,1.0,0.0,0.015
13,0.43332487916253565,4,0.0045188538499758325,0.0,-0.01590344765834937,0.01409655234165063,0.0009034476583493697,1.8068953166987396,0.0029637746675488354,0.006695750371898321,1.0841371900192438,0.025,0.0,-0.03,0.0,1.0,0.0,0.015
13,0.43332487916253565,5,0.00565786354622514,0.0,-0.015394392374870733,0.014605607625129266,0.00039439237487073377,0.7887847497414675,-0.003364288921379106,0.007419449785290647,0.4732708498448805,0.025,0.0,-0.03,0.0,1.0,0.0,0.015
13,0.43332487916253565,45,0.050257474848079985,0.0,-0.015137427955395138,0.01486257204460486,0.00013742795539513873,0.2748559107902775,-0.017552820858221234,0.010049805562675585,0.16491354647416648,0.025,0.0,-0.03,0.0,1.0,0.0,0.015
13,0.43332487916253565,46,0.05124342603664214,0.0,-0.015902412229500118,0.014097587770499881,0.0009024122295001186,1.8048244590002371,-0.01985205765724966,0.009425521316818897,1.0828946754001423,0.025,0.0,-0.03,0.0,1.0,0.0,0.015
13,0.43332487916253565,47,0.05222795303711603,0.0,-0.016668806344038795,0.013331193655961204,0.0016688063440387958,3.337612688077592,-0.01736262507320178,0.013057053194955424,2.002567612846555,0.025,0.0,-0.03,0.0,1.0,0.0,0.015
13,0.43332487916253565,48,0.052726149117834374,0.0,-0.017812919961448615,0.012187080038551384,0.0028129199614486157,5.625839922897232,-0.024298536897587982,0.011678679632982226,3.3755039537383387,0.025,0.0,-0.03,0.0,1.0,0.0,0.015
13,0.43332487916253565,49,0.05321927081733143,0.0,-0.01895924310401251,0.011040756895987488,0.003959243104012512,7.918486208025024,-0.018223459978744864,0.01668503789550778,4.751091724815014,0.025,0.0,-0.03,0.0,1.0,0.0,0.015
13,0.43332487916253565,50,0.053707932837802064,0.0,-0.02010746841056777,0.009892531589432228,0.005107468410567771,10.214936821135542,-0.024570388501050578,0.016237121278166417,6.128962092681324,0.025,0.0,-0.03,0.0,1.0,0.0,0.015
13,0.43332487916253565,51,0.054192785425641626,0.0,-0.02125734802726896,0.008742651972731039,0.006257348027268961,12.514696054537922,-0.02204742674267965,0.019614577897376074,7.508817632722753,0.025,0.0,-0.03,0.0,1.0,0.0,0.015
13,0.43332487916253565,52,0.05467442443662183,0.0,-0.022408494481271735,0.007591505518728264,0.007408494481271736,14.816988962543471,-0.02470945331151493,0.020788754527095877,8.890193377526082,0.025,0.0,-0.03,0.0,1.0,0.0,0.015
13,0.43332487916253565,53,0.055153576030846335,0.0,-0.023560819066379548,0.006439180933620451,0.008560819066379548,17.121638132759095,-0.023782356202694237,0.023481527108800523,10.272982879655457,0.025,0.0,-0.03,0.0,1.0,0.0,0.015
13,0.43332487916253565,54,0.055630779374685684,0.0,-0.02471378091776597,0.00528621908223403,0.009713780917765969,19.42756183553194,-0.027414867025029585,0.024262883719305673,11.656537101319163,0.025,0.0,-0.03,0.0,1.0,0.0,0.015
13,0.43332487916253565,55,0.05610681034687554,0.0,-0.025867397791377682,0.0041326022086223164,0.010867397791377683,21.734795582755368,-0.02386072049774724,0.028055892755132886,13.04087734965322,0.025,0.0,-0.03,0.0,1.0,0.0,0.015
13,0.43332487916253565,56,0.056582218156458884,0.0,-0.027021142169231096,0.002978857830768903,0.012021142169231096,24.042284338462192,-0.03047690931728368,0.027601588231571106,14.425370603077315,0.025,0.0,-0.03,0.0,1.0,0.0,0.015
13,0.43332487916253565,57,0.05705772992402161,0.0,-0.028174911076727947,0.0018250889232720516,0.013174911076727948,26.349822153455897,-0.02439826290093554,0.03244480553071899,15.809893292073538,0.025,0.0,-0.03,0.0,1.0,0.0,0.015
13,0.43332487916253565,58,0.057533975031485544,0.0,-0.02932836777517683,0.0006716322248231689,0.01432836777517683,28.656735550353662,-0.03265701097970066,0.03130344923475538,17.194041330212197,0.025,0.0,-0.03,0.0,1.0,0.0,0.015
13,0.43332487916253565,59,0.05801159997450403,0.0,-0.030481219701566534,0.0004812197015665355,0.014518780298433464,29.03756059686693,0.026395988586843087,0.036232883164505354,17.422536358120155,0.025,0.0,-0.03,0.0,1.0,0.0,0.015
13,0.43332487916253565,60,0.058491286687316846,0.0,-0.03163326333808581,0.0016332633380858122,0.013366736661914187,26.733473323828374,0.03260623814149099,0.035929633110125335,16.040083994297024,0.025,0.0,-0.03,0.0,1.0,0.0,0.015
13,0.43332487916253565,61,0.058973646270234256,0.0,-0.03278413382510959,0.002784133825109593,0.012215866174890407,24.431732349780813,0.03083566064645395,0.038982676506950864,14.659039409868488,0.025,0.0,-0.03,0.0,1.0,0.0,0.015
13,0.43332487916253565,62,0.059459357609443396,0.0,-0.03393363533390985,0.003933635333909849,0.01106636466609015,22.1327293321803,0.03137030232314154,0.041036681967236754,13.27963759930818,0.025,0.0,-0.03,0.0,1.0,0.0,0.015
13,0.43332487916253565,63,0.05994902998323025,0.0,-0.03508142561114179,0.0050814256111417905,0.009918574388858209,19.83714877771642,0.03418641508325384,0.04238305275977042,11.90228926662985,0.025,0.0,-0.03,0.0,1.0,0.0,0.015
13,0.43332487916253565,64,0.05996388185726182,0.0,-0.036328945645696616,0.006328945645696617,0.008671054354303383,17.342108708606766,0.032437337218461315,0.04513199046691715,10.40526522516406,0.025,0.0,-0.03,0.0,1.0,0.0,0.015
13,0.43332487916253565,65,0.05997373277182497,0.0,-0.03757658106376675,0.007576581063766748,0.007423418936233252,14.846837872466503,0.032267279944892716,0.047490727099152356,8.908102723479901,0.025,0.0,-0.03,0.0,1.0,0.0,0.015
13,0.43332487916253565,66,0.059978532316174706,0.0,-0.03882412662977838,0.008824126629778384,0.006175873370221616,12.35174674044323,0.03539304243599194,0.04991706341833589,7.411048044265938,0.025,0.0,-0.03,0.0,1.0,0.0,0.015
13,0.43332487916253565,67,0.059978236890709954,0.0,-0.04007183311363861,0.010071833113638608,0.004928166886361392,9.856333772722783,0.029195782015891927,0.05232670366625168,5.91380026363367,0.025,0.0,-0.03,0.0,1.0,0.0,0.015
13,0.43332487916253565,68,0.05997280909086145,0.0,-0.04131937547599245,0.011319375475992453,0.003680624524007546,7.361249048015092,0.03817891568712404,0.05479137503645566,4.416749428809055,0.025,0.0,-0.03,0.0,1.0,0.0,0.015
13,0.43332487916253565,69,0.05996221747892141,0.0,-0.042567005486740424,0.012567005486740425,0.0024329945132595746,4.865989026519149,0.02701057388783456,0.057124532377408485,2.9195934159114896,0.025,0.0,-0.03,0.0,1.0,0.0,0.015
13,0.43332487916253565,70,0.059946439478084965,0.0,-0.043814502682707465,0.013814502682707466,0.0011854973172925332,2.3709946345850663,0.03905518269258997,0.05969700321265057,1.4225967807510398,0.025,0.0,-0.03,0.0,1.0,0.0,0.015
14,0.4666575621750384,0,0.0,0.0,-0.018020026396194315,0.011979973603805684,0.0030200263961943155,6.040052792388631,0.0,0.0,3.6240316754331787,0.025,0.0,-0.03,0.0,1.0,0.0,0.015
14,0.4666575621750384,1,0.0011240319364303063,0.0,-0.01747881388242595,0.012521186117574048,0.0024788138824259516,4.957627764851903,0.000351093826084914,0.0007410500365712889,2.974576658911142,0.025,0.0,-0.03,0.0,1.0,0.0,0.015
14,0.4666575621750384,2,0.0022519903943610258,0.0,-0.0169458418727814,0.0130541581272186,0.0019458418727813995,3.891683745562799,-0.0007202039156655753,0.0015300478669541728,2.3350102473376793,0.025,0.0,-0.03,0.0,1.0,0.0,0.015
14,0.4666575621750384,3,0.003383823505940662,0.0,-0.01642112414181817,0.013578875858181828,0.001421124141818171,2.842248283636342,0.001067356059741841,0.002373723250722896,1.7053489701818052,0.025,0.0,-0.03,0.0,1.0,0.0,0.015
14,0.4666575621750384,4,0.004519436735594022,0.0,-0.015904680230832337,0.014095319769167662,0.0009046802308323373,1.8093604616646748,-0.0014815692238975458,0.0031998868637928874,1.085616276998805,0.025,0.0,-0.03,0.0,1.0,0.0,0.015
14,0.4666575621750384,5,0.005658796410940269,0.0,-0.015396488511565968,0.01460351148843403,0.0003964885115659688,0.7929770231319376,0.0017557808174634073,0.0041384613984592694,0.47578621387916253,0.025,0.0,-0.03,0.0,1.0,0.0,0.015
14,0.4666575621750384,45,0.049946387322610725,0.0,-0.015685141180806737,0.014314858819193262,0.0006851411808067379,1.3702823616134756,-0.017135465049610273,0.006493590034925816,0.8221694169680853,0.025,0.0,-0.03,0.0,1.0,0.0,0.015
14,0.4666575621750384,46,0.050906724763551583,0.0,-0.016482161915581908,0.013517838084418091,0.001482161915581908,2.9643238311638163,-0.014421066894779636,0.01145065192053935,1.7785942986982897,0.025,0.0,-0.03,0.0,1.0,0.0,0.015
14,0.4666575621750384,47,0.051865442471779974,0.0,-0.017280532151614982,0.012719467848385017,0.0022805321516149828,4.561064303229966,-0.018910879648738395,0.009004546468650985,2.7366385819379793,0.025,0.0,-0.03,0.0,1.0,0.0,0.015
14,0.4666575621750384,48,0.05230323537707884,0.0,-0.018449153409021705,0.011550846590978294,0.0034491534090217053,6.898306818043411,-0.015020958592996275,0.0130742836535742,4.138984090826046,0.025,0.0,-0.03,0.0,1.0,0.0,0.015
14,0.4666575621750384,49,0.05273560727649063,0.0,-0.019619721521960863,0.010380278478039136,0.004619721521960864,9.239443043921728,-0.02067865058350219,0.012840800668020395,5.5436658263530365,0.025,0.0,-0.03,0.0,1.0,0.0,0.015
14,0.4666575621750384,50,0.05316326976918766,0.0,-0.020792085777833598,0.009207914222166401,0.0057920857778335985,11.584171555667197,-0.016862010101320747,0.016220706993369922,6.950502933400318,0.025,0.0,-0.03,0.0,1.0,0.0,0.015
14,0.4666575621750384,51,0.05358685935091219,0.0,-0.021965894379544694,0.008034105620455305,0.0069658943795446945,13.93178875908939,-0.0207618630975107,0.01674379819762324,8.359073255453634,0.025,0.0,-0.03,0.0,1.0,0.0,0.015
14,0.4666575621750384,52,0.05400706693206889,0.0,-0.023140926346879736,0.006859073653120263,0.008140926346879736,16.281852693759472,-0.019022334819657455,0.019337598587291175,9.769111616255683,0.025,0.0,-0.03,0.0,1.0,0.0,0.015
14,0.4666575621750384,53,0.054424579892919406,0.0,-0.024316940771743557,0.005683059228256442,0.009316940771743557,18.633881543487114,-0.022068993501691527,0.0202032256932658,11.180328926092267,0.025,0.0,-0.03,0.0,1.0,0.0,0.015
14,0.4666575621750384,54,0.05484006948302545,0.0,-0.025493642107177764,0.004506357892822235,0.010493642107177764,20.98728421435553,-0.01916835054220924,0.02320200485406451,12.592370528613317,0.025,0.0,-0.03,0.0,1.0,0.0,0.015
14,0.4666575621750384,55,0.05525424354348531,0.0,-0.026670830030792975,0.0033291699692070235,0.011670830030792976,23.34166006158595,-0.02455415727678148,0.023246952406857296,14.004996036951571,0.025,0.0,-0.03,0.0,1.0,0.0,0.015
14,0.4666575621750384,56,0.05566779030849197,0.0,-0.02784824527895084,0.00215175472104916,0.01284824527895084,25.69649055790168,-0.02031986849376033,0.026720170488848748,15.417894334741007,0.025,0.0,-0.03,0.0,1.0,0.0,0.015
14,0.4666575621750384,57,0.05608138635642631,0.0,-0.029025593760656252,0.0009744062393437468,0.014025593760656253,28.051187521312507,-0.02368955078320024,0.027484972358997644,16.830712512787503,0.025,0.0,-0.03,0.0,1.0,0.0,0.015
14,0.4666575621750384,58,0.05649577009988865,0.0,-0.03020275552850566,0.00020275552850566175,0.014797244471494338,29.594488942988676,0.02567426809819853,0.028741864959928854,17.756693365793204,0.025,0.0,-0.03,0.0,1.0,0.0,0.015
14,0.4666575621750384,59,0.05691156738279961,0.0,-0.0313792984795521,0.0013792984795521004,0.013620701520447899,27.241403040895797,0.020132861240139764,0.03269629849305591,16.34484182453748,0.025,0.0,-0.03,0.0,1.0,0.0,0.015
14,0.4666575621750384,60,0.05732954266077941,0.0,-0.032555183333573566,0.002555183333573567,0.012444816666426432,24.889633332852863,0.030514066452350025,0.03091744853192157,14.933779999711717,0.025,0.0,-0.03,0.0,1.0,0.0,0.015
14,0.4666575621750384,61,0.057750317318140246,0.0,-0.03372998042784462,0.0037299804278446216,0.011270019572155378,22.540039144310757,0.020211186879572483,0.03662030996157813,13.524023486586454,0.025,0.0,-0.03,0.0,1.0,0.0,0.015
14,0.4666575621750384,62,0.05817461214531803,0.0,-0.03490354611529104,0.004903546115291042,0.010096453884708957,20.192907769417914,0.03043258096504095,0.034876024671902275,12.115744661650748,0.025,0.0,-0.03,0.0,1.0,0.0,0.015
14,0.4666575621750384,63,0.058603087528357606,0.0,-0.036075587173716284,0.006075587173716285,0.008924412826283715,17.84882565256743,0.024387864945958845,0.03874233972954108,10.709295391540458,0.025,0.0,-0.03,0.0,1.0,0.0,0.015
14,0.4666575621750384,64,0.05854278611014366,0.0,-0.03732174965073824,0.0073217496507382435,0.007678250349261756,15.356500698523512,0.027512545862498353,0.04017159342120377,9.213900419114106,0.025,0.0,-0.03,0.0,1.0,0.0,0.015
14,0.4666575621750384,65,0.058477402595312644,0.0,-0.03856765588324323,0.008567655883243229,0.0064323441167567705,12.86468823351354,0.02763568222110503,0.04238638748560917,7.718812940108124,0.025,0.0,-0.03,0.0,1.0,0.0,0.015
14,0.4666575621750384,66,0.058406889339185336,0.0,-0.039813312376800886,0.009813312376800887,0.005186687623199113,10.373375246398226,0.02395420094769975,0.04426707319620225,6.224025147838935,0.025,0.0,-0.03,0.0,1.0,0.0,0.015
14,0.4666575621750384,67,0.058331214935150026,0.0,-0.041058600992923654,0.011058600992923655,0.003941399007076345,7.882798014152689,0.030412040800876988,0.0467874505676507,4.729678808491613,0.025,0.0,-0.03,0.0,1.0,0.0,0.015
14,0.4666575621750384,68,0.05825033947146028,0.0,-0.042303651161790745,0.012303651161790746,0.002696348838209253,5.392697676418506,0.021234838677350664,0.04830148389228419,3.2356186058511036,0.025,0.0,-0.03,0.0,1.0,0.0,0.015
14,0.4666575621750384,69,0.0581642518513376,0.0,-0.04354825047119708,0.01354825047119708,0.0014517495288029203,2.9034990576058406,0.03183766471389967,0.051158610639064205,1.7420994345635044,0.025,0.0,-0.03,0.0,1.0,0.0,0.015
14,0.4666575621750384,70,0.058072921394731795,0.0,-0.044792581113636584,0.014792581113636585,0.0002074188863634141,0.4148377727268282,0.02000972234385182,0.05241316250025092,0.24890266363609692,0.025,0.0,-0.03,0.0,1.0,0.0,0.015
15,0.49999024518754115,0,0.0,0.0,-0.018020026396194315,0.011979973603805684,0.0030200263961943155,6.040052792388631,0.0,0.0,3.6240316754331787,0.025,0.0,-0.03,0.0,1.0,0.0,0.015
15,0.49999024518754115,1,0.0011240304056166772,0.0,-0.017478804744884207,0.012521195255115792,0.0024788047448842075,4.957609489768415,-0.0003452563939072971,0.0007314868605626368,2.9745656938610487,0.025,0.0,-0.03,0.0,1.0,0.0,0.015
15,0.49999024518754115,2,0.002252068384595158,0.0,-0.016946010757702818,0.01305398924229718,0.0019460107577028186,3.8920215154056375,0.0007048822375535612,0.0015260517430588816,2.335212909243382,0.025,0.0,-0.03,0.0,1.0,0.0,0.015
15,0.49999024518754115,3,0.0033840697921485685,0.0,-0.016421656296499634,0.013578343703500365,0.0014216562964996342,2.8433125929992684,-0.0010780981218265796,0.0023143706133924536,1.705987555799561,0.025,0.0,-0.03,0.0,1.0,0.0,0.015
15,0.49999024518754115,4,0.004519942974236816,0.0,-0.015905761448833416,0.014094238551166583,0.0009057614488334163,1.8115228976668327,0.0012962088596749984,0.0029642716325980756,1.0869137386000995,0.025,0.0,-0.03,0.0,1.0,0.0,0.015
15,0.49999024518754115,5,0.005659618675497789,0.0,-0.015398321522781106,0.014601678477218893,0.0003983215227811067,0.7966430455622133,-0.0014825829507030307,0.0032226221759588643,0.477985827337328,0.025,0.0,-0.03,0.0,1.0,0.0,0.015
15,0.49999024518754115,44,0.0487279693697432,0.0,-0.01532759352384792,0.014672406476152079,0.0003275935238479209,0.6551870476958419,-0.012159019296524581,0.007354004803316489,0.3931122286175051,0.025,0.0,-0.03,0.0,1.0,0.0,0.015
15,0.49999024518754115,45,0.04966499484071917,0.0,-0.01615195590693978,0.01384804409306022,0.0011519559069397799,2.3039118138795596,-0.012228886312782582,0.0087842498632994,1.3823470883277358,0.025,0.0,-0.03,0.0,1.0,0.0,0.015
15,0.49999024518754115,46,0.050602184168652885,0.0,-0.016975998972723415,0.013024001027276584,0.0019759989727234153,3.9519979454468306,-0.014474962398709027,0.007753053455285275,2.371198767268098,0.025,0.0,-0.03,0.0,1.0,0.0,0.015
15,0.49999024518754115,47,0.051537744053408524,0.0,-0.017801492394077186,0.012198507605922813,0.0028014923940771867,5.602984788154373,-0.013666957177169403,0.009874523283685207,3.3617908728926236,0.025,0.0,-0.03,0.0,1.0,0.0,0.015
15,0.49999024518754115,48,0.051922038459707796,0.0,-0.018988723712267428,0.01101127628773257,0.003988723712267429,7.977447424534858,-0.015594018425703775,0.010549582158920089,4.786468454720914,0.025,0.0,-0.03,0.0,1.0,0.0,0.015
15,0.49999024518754115,49,0.052300702017672986,0.0,-0.020177838163762223,0.009822161836237776,0.005177838163762223,10.355676327524446,-0.014579170694041108,0.012590365607681736,6.213405796514667,0.025,0.0,-0.03,0.0,1.0,0.0,0.015
15,0.49999024518754115,50,0.052674379500775116,0.0,-0.02136846244926175,0.008631537550738248,0.006368462449261751,12.736924898523503,-0.016950450836866623,0.013499773045178628,7.642154939114102,0.025,0.0,-0.03,0.0,1.0,0.0,0.015
15,0.49999024518754115,51,0.05304381413720315,0.0,-0.02256048585899749,0.0074395141410025095,0.00756048585899749,15.12097171799498,-0.01477188625772129,0.015858106190881766,9.072583030796988,0.025,0.0,-0.03,0.0,1.0,0.0,0.015
15,0.49999024518754115,52,0.053409673929012226,0.0,-0.02375354617532715,0.00624645382467285,0.00875354617532715,17.5070923506543,-0.0189108132161881,0.016243510627551694,10.50425541039258,0.025,0.0,-0.03,0.0,1.0,0.0,0.015
15,0.49999024518754115,53,0.05377270798211629,0.0,-0.02494752560395864,0.005052474396041357,0.009947525603958642,19.895051207917284,-0.014549131693103411,0.01926786641701519,11.93703072475037,0.025,0.0,-0.03,0.0,1.0,0.0,0.015
15,0.49999024518754115,54,0.05413361181848175,0.0,-0.02614212347801116,0.0038578765219888372,0.011142123478011162,22.284246956022326,-0.020858466113504046,0.01900855212683321,13.370548173613395,0.025,0.0,-0.03,0.0,1.0,0.0,0.015
15,0.49999024518754115,55,0.05449311526895578,0.0,-0.027337141467673097,0.002662858532326902,0.012337141467673098,24.674282935346195,-0.015075812005443268,0.022455521520141502,14.804569761207716,0.025,0.0,-0.03,0.0,1.0,0.0,0.015
15,0.49999024518754115,56,0.05485195360357194,0.0,-0.028532394381268388,0.0014676056187316114,0.013532394381268388,27.064788762536775,-0.021163808071070635,0.02227919711210417,16.238873257522066,0.025,0.0,-0.03,0.0,1.0,0.0,0.015
15,0.49999024518754115,57,0.05521082591996097,0.0,-0.029727576005728694,0.000272423994271305,0.014727576005728694,29.45515201145739,-0.017600603007982902,0.0250443165996962,17.67309120687443,0.025,0.0,-0.03,0.0,1.0,0.0,0.015
15,0.49999024518754115,58,0.05557049559927993,0.0,-0.030922591345711598,0.0009225913457115986,0.0140774086542884,28.154817308576803,0.020079471495666357,0.02596996880479414,16.89289038514608,0.025,0.0,-0.03,0.0,1.0,0.0,0.015
15,0.49999024518754115,59,0.055931645232034304,0.0,-0.03211708454380476,0.0021170845438047634,0.012882915456195236,25.765830912390474,0.020229036913111623,0.027602404538225416,15.459498547434283,0.025,0.0,-0.03,0.0,1.0,0.0,0.015
15,0.49999024518754115,60,0.0562950328273775,0.0,-0.0333109524992601,0.0033109524992601044,0.011689047500739895,23.37809500147979,0.019970533275392097,0.02936144814838931,14.026857000887873,0.025,0.0,-0.03,0.0,1.0,0.0,0.015
15,0.49999024518754115,61,0.05666135297807169,0.0,-0.03450389498598665,0.004503894985986648,0.010496105014013352,20.992210028026705,0.02177194404479459,0.030484385113826954,12.595326016816022,0.025,0.0,-0.03,0.0,1.0,0.0,0.015
15,0.49999024518754115,62,0.05703132239972634,0.0,-0.035695694604801556,0.005695694604801557,0.009304305395198442,18.608610790396884,0.02027824861270311,0.03258485385756367,11.16516647423813,0.025,0.0,-0.03,0.0,1.0,0.0,0.015
15,0.49999024518754115,63,0.057405658764979,0.0,-0.03688617136362708,0.006886171363627083,0.008113828636372916,16.227657272745834,0.02369258975685344,0.03367800178408272,9.7365943636475,0.025,0.0,-0.03,0.0,1.0,0.0,0.015
15,0.49999024518754115,64,0.05728005596792196,0.0,-0.038127421759447375,0.008127421759447376,0.006872578240552624,13.745156481105248,0.019495075561683964,0.03538947863863836,8.247093888663148,0.025,0.0,-0.03,0.0,1.0,0.0,0.015
15,0.49999024518754115,65,0.057149306621833706,0.0,-0.03936821665513357,0.009368216655133571,0.005631783344866428,11.263566689732857,0.023851439773076903,0.03767066709607928,6.758140013839713,0.025,0.0,-0.03,0.0,1.0,0.0,0.015
15,0.49999024518754115,66,0.057013383520263895,0.0,-0.04060838778276106,0.010608387782761061,0.004391612217238938,8.783224434477876,0.01950686821156116,0.03904117612704289,5.269934660686726,0.025,0.0,-0.03,0.0,1.0,0.0,0.015
15,0.49999024518754115,67,0.056872244464925004,0.0,-0.04184801795473745,0.011848017954737451,0.0031519820452625483,6.303964090525096,0.022311720242062284,0.041210049747605906,3.7823784543150576,0.025,0.0,-0.03,0.0,1.0,0.0,0.015
15,0.49999024518754115,68,0.05672587110538573,0.0,-0.04308702879628579,0.013087028796285788,0.0019129712037142116,3.825942407428423,0.020490796326876073,0.042847892651687,2.2955654444570537,0.025,0.0,-0.03,0.0,1.0,0.0,0.015
15,0.49999024518754115,69,0.05657424689988381,0.0,-0.04432539429750897,0.014325394297508974,0.0006746057024910254,1.349211404982051,0.02040051020741967,0.04468865432497141,0.8095268429892305,0.025,0.0,-0.03,0.0,1.0,0.0,0.015
16,0.5333229282000439,0,0.0,0.0,-0.018020026396194315,0.011979973603805684,0.0030200263961943155,6.040052792388631,0.0,0.0,3.6240316754331787,0.025,0.0,-0.03,0.0,1.0,0.0,0.015
16,0.5333229282000439,1,0.0011240244378873865,0.0,-0.017478798987642347,0.012521201012357652,0.002478798987642347,4.957597975284695,-0.0011637703163887235,0.0024606126354388166,2.974558785170817,0.025,0.0,-0.03,0.0,1.0,0.0,0.015
16,0.5333229282000439,2,0.0022521418768639188,0.0,-0.01694615573191142,0.013053844268088578,0.0019461557319114219,3.8923114638228435,0.0019396098753787943,0.004170129542524231,2.335386878293706,0.025,0.0,-0.03,0.0,1.0,0.0,0.015
16,0.5333229282000439,3,0.003384283683383875,0.0,-0.016422121607489258,0.01357787839251074,0.0014221216074892587,2.8442432149785173,-0.0021228618921893825,0.00459324298718553,1.7065459289871103,0.025,0.0,-0.03,0.0,1.0,0.0,0.015
16,0.5333229282000439,4,0.004520378854661333,0.0,-0.015906708333052206,0.014093291666947793,0.0009067083330522065,1.8134166661044129,0.0016225729424050239,0.003667820778130673,1.0880499996626476,0.025,0.0,-0.03,0.0,1.0,0.0,0.015
16,0.5333229282000439,5,0.005660347377248778,0.0,-0.015399917442596023,0.014600082557403976,0.0003999174425960237,0.7998348851920474,-0.0008130689565484779,0.0017064310263715829,0.4799009311152284,0.025,0.0,-0.03,0.0,1.0,0.0,0.015
16,0.5333229282000439,44,0.04849636628185842,0.0,-0.015702499264423207,0.014297500735576792,0.0007024992644232078,1.4049985288464155,-0.0122438718744664,0.004515430002991676,0.8429991173078493,0.025,0.0,-0.03,0.0,1.0,0.0,0.015
16,0.5333229282000439,45,0.0494127502492427,0.0,-0.01654976232814861,0.013450237671851387,0.0015497623281486121,3.0995246562972243,-0.00939088478028962,0.008898137030152823,1.8597147937783345,0.025,0.0,-0.03,0.0,1.0,0.0,0.015
16,0.5333229282000439,46,0.050329322959177775,0.0,-0.017396714171440716,0.012603285828559282,0.002396714171440717,4.793428342881434,-0.013056287743754915,0.006262254111485699,2.8760570057288604,0.025,0.0,-0.03,0.0,1.0,0.0,0.015
16,0.5333229282000439,47,0.051244160426154046,0.0,-0.01824510894743556,0.011754891052564439,0.0032451089474355606,6.4902178948711216,-0.010713202103641852,0.009268488986227789,3.8941307369226728,0.025,0.0,-0.03,0.0,1.0,0.0,0.015
16,0.5333229282000439,48,0.05158144431072571,0.0,-0.019446556529253436,0.010553443470746562,0.004446556529253437,8.893113058506874,-0.014536764248702597,0.009038525434476566,5.335867835104124,0.025,0.0,-0.03,0.0,1.0,0.0,0.015
16,0.5333229282000439,49,0.05191286648322237,0.0,-0.020649701146871192,0.009350298853128807,0.005649701146871192,11.299402293742384,-0.010840464921317756,0.011563825150913153,6.77964137624543,0.025,0.0,-0.03,0.0,1.0,0.0,0.015
16,0.5333229282000439,50,0.05223911161579844,0.0,-0.0218542149926935,0.008145785007306498,0.006854214992693501,13.708429985387003,-0.015821521231674223,0.011612788406607214,8.225057991232202,0.025,0.0,-0.03,0.0,1.0,0.0,0.015
16,0.5333229282000439,51,0.05256092775270974,0.0,-0.023059950415381454,0.006940049584618545,0.008059950415381455,16.11990083076291,-0.010949411316164039,0.01437156318394595,9.671940498457746,0.025,0.0,-0.03,0.0,1.0,0.0,0.015
16,0.5333229282000439,52,0.05287904291171373,0.0,-0.024266671294253084,0.005733328705746915,0.009266671294253084,18.53334258850617,-0.017148447266949498,0.01414161426412727,11.1200055531037,0.025,0.0,-0.03,0.0,1.0,0.0,0.015
16,0.5333229282000439,53,0.05319419153924607,0.0,-0.0254741470430883,0.0045258529569116995,0.0104741470430883,20.9482940861766,-0.011232632774691803,0.017150343907664813,12.568976451705959,0.025,0.0,-0.03,0.0,1.0,0.0,0.015
16,0.5333229282000439,54,0.053507136362516125,0.0,-0.026682241021593712,0.003317758978406287,0.011682241021593712,23.364482043187426,-0.01769228516875492,0.0168839696376489,14.018689225912455,0.025,0.0,-0.03,0.0,1.0,0.0,0.015
16,0.5333229282000439,55,0.05381860269224369,0.0,-0.027890665146630723,0.0021093348533692755,0.012890665146630724,25.781330293261448,-0.013071458124334563,0.019535648834711688,15.468798175956868,0.025,0.0,-0.03,0.0,1.0,0.0,0.015
16,0.5333229282000439,56,0.05412936857848085,0.0,-0.029099325398374364,0.0009006746016256353,0.014099325398374364,28.19865079674873,-0.016133045580292663,0.02017419391104473,16.919190478049238,0.025,0.0,-0.03,0.0,1.0,0.0,0.015
16,0.5333229282000439,57,0.05444015953200933,0.0,-0.030307924673710466,0.00030792467371046697,0.014692075326289532,29.384150652579066,0.016707466974450875,0.021461616433750785,17.63049039154744,0.025,0.0,-0.03,0.0,1.0,0.0,0.015
16,0.5333229282000439,58,0.054751752919731216,0.0,-0.031516364315643204,0.0015163643156432052,0.013483635684356794,26.96727136871359,0.014142569618695595,0.023577335692477518,16.180362821228155,0.025,0.0,-0.03,0.0,1.0,0.0,0.015
16,0.5333229282000439,59,0.0550648787925852,0.0,-0.03272436915045419,0.002724369150454188,0.012275630849545811,24.551261699091622,0.01878439266176722,0.023791932322125387,14.730757019454973,0.025,0.0,-0.03,0.0,1.0,0.0,0.015
16,0.5333229282000439,60,0.055380298582182436,0.0,-0.03393179112005461,0.003931791120054609,0.01106820887994539,22.13641775989078,0.015348060104056921,0.026140927733105064,13.281850655934468,0.025,0.0,-0.03,0.0,1.0,0.0,0.015
16,0.5333229282000439,61,0.055698755198352976,0.0,-0.03513842229788648,0.005138422297886483,0.009861577702113516,19.723155404227033,0.017375375586241255,0.02703621227350442,11.833893242536218,0.025,0.0,-0.03,0.0,1.0,0.0,0.015
16,0.5333229282000439,62,0.0560209761401281,0.0,-0.036344010517595414,0.006344010517595415,0.008655989482404584,17.311978964809168,0.018777402748042356,0.02814903374985774,10.3871873788855,0.025,0.0,-0.03,0.0,1.0,0.0,0.015
16,0.5333229282000439,63,0.05634771501733596,0.0,-0.037548438426086225,0.007548438426086226,0.007451561573913773,14.903123147827547,0.015940354281188524,0.02982384346714856,8.941873888696527,0.025,0.0,-0.03,0.0,1.0,0.0,0.015
16,0.5333229282000439,64,0.056165608343535414,0.0,-0.03878266699669295,0.008782666996692952,0.006217333003307048,12.434666006614096,0.01968353346107239,0.031576249855006074,7.460799603968457,0.025,0.0,-0.03,0.0,1.0,0.0,0.015
16,0.5333229282000439,65,0.055978313241404246,0.0,-0.04001618848878848,0.010016188488788484,0.004983811511211515,9.96762302242303,0.016443196449106363,0.032755032261141764,5.980573813453818,0.025,0.0,-0.03,0.0,1.0,0.0,0.015
16,0.5333229282000439,66,0.05578581171025801,0.0,-0.0412488474742233,0.011248847474223299,0.0037511525257767006,7.502305051553401,0.01669041923321763,0.03438872003070865,4.501383030932041,0.025,0.0,-0.03,0.0,1.0,0.0,0.015
16,0.5333229282000439,67,0.05558806268442468,0.0,-0.04248072105900733,0.012480721059007334,0.0025192789409926655,5.038557881985331,0.019248658626898636,0.036429587385343104,3.0231347291911983,0.025,0.0,-0.03,0.0,1.0,0.0,0.015
16,0.5333229282000439,68,0.05538506031039133,0.0,-0.04371170456714434,0.013711704567144344,0.001288295432855656,2.576590865711312,0.012983647059565536,0.037006193430777774,1.5459545194267872,0.025,0.0,-0.03,0.0,1.0,0.0,0.015
16,0.5333229282000439,69,0.05517678295249764,0.0,-0.044941835858022784,0.014941835858022785,5.8164141977214145e-05,0.11632828395442829,0.02100234483409015,0.039990517629652216,0.06979697037265697,0.025,0.0,-0.03,0.0,1.0,0.0,0.015
17,0.5666556112125466,0,0.0,0.0,-0.018020026396194315,0.011979973603805684,0.0030200263961943155,6.040052792388631,0.0,0.0,3.6240316754331787,0.025,0.0,-0.03,0.0,1.0,0.0,0.015
17,0.5666556112125466,1,0.00112401307012905,0.0,-0.01747879691217061,0.012521203087829388,0.0024787969121706117,4.957593824341224,-0.0008375284487236206,0.0017666977932205316,2.974556294604734,0.025,0.0,-0.03,0.0,1.0,0.0,0.015
17,0.5666556112125466,2,0.002252217342505248,0.0,-0.01694627672649697,0.013053723273503029,0.0019462767264969705,3.892553452993941,0.0013091210225883948,0.0028095443841602225,2.3355320717963646,0.025,0.0,-0.03,0.0,1.0,0.0,0.015
17,0.5666556112125466,3,0.0033844543532141357,0.0,-0.016422534144586953,0.013577465855413046,0.0014225341445869531,2.845068289173906,-0.001272186261111512,0.002737674529330867,1.7070409735043437,0.025,0.0,-0.03,0.0,1.0,0.0,0.015
17,0.5666556112125466,4,0.004520777532606048,0.0,-0.015907524749381816,0.014092475250618183,0.0009075247493818168,1.8150494987636336,0.0007528144920470378,0.0017253299281079439,1.08902969925818,0.025,0.0,-0.03,0.0,1.0,0.0,0.015
17,0.5666556112125466,5,0.005660958595425231,0.0,-0.015401318046290559,0.01459868195370944,0.0004013180462905594,0.8026360925811188,-0.0001757304624606179,0.00028148439917904136,0.4815816555486713,0.025,0.0,-0.03,0.0,1.0,0.0,0.015
17,0.5666556112125466,43,0.04739181820245283,0.0,-0.015155972245555028,0.014844027754444971,0.00015597224555502845,0.3119444911100569,-0.005682303878258378,0.008062127743094468,0.18716669466603414,0.025,0.0,-0.03,0.0,1.0,0.0,0.015
17,0.5666556112125466,44,0.04829025940709063,0.0,-0.016022219380562572,0.013977780619437427,0.0010222193805625723,2.0444387611251447,-0.01103457896797172,0.003528370033614406,1.2266632566750868,0.025,0.0,-0.03,0.0,1.0,0.0,0.015
17,0.5666556112125466,45,0.04918830579750271,0.0,-0.016888846707941083,0.013111153292058916,0.0018888467079410838,3.7776934158821676,-0.00803980728432427,0.007751321797027916,2.2666160495293006,0.025,0.0,-0.03,0.0,1.0,0.0,0.015
17,0.5666556112125466,46,0.05008662301482556,0.0,-0.01775523125169201,0.012244768748307988,0.0027552312516920113,5.510462503384023,-0.0101955069471242,0.006465266890865788,3.306277502030414,0.025,0.0,-0.03,0.0,1.0,0.0,0.015
17,0.5666556112125466,47,0.050983053271813294,0.0,-0.018622979088084878,0.011377020911915121,0.003622979088084878,7.245958176169756,-0.011489085606012663,0.007071785436326209,4.347574905701854,0.025,0.0,-0.03,0.0,1.0,0.0,0.015
17,0.5666556112125466,48,0.051279219391360674,0.0,-0.01983528696124003,0.01016471303875997,0.00483528696124003,9.67057392248006,-0.008534742314368356,0.009067607912269189,5.802344353488036,0.025,0.0,-0.03,0.0,1.0,0.0,0.015
17,0.5666556112125466,49,0.05156929529783649,0.0,-0.02104901512262945,0.00895098487737055,0.00604901512262945,12.098030245258899,-0.013594218032996356,0.009051293623289356,7.258818147155339,0.025,0.0,-0.03,0.0,1.0,0.0,0.015
17,0.5666556112125466,50,0.05185405334191354,0.0,-0.022264067806419614,0.007735932193580385,0.007264067806419614,14.528135612839229,-0.009289210393591181,0.011314835264644258,8.716881367703538,0.025,0.0,-0.03,0.0,1.0,0.0,0.015
17,0.5666556112125466,51,0.05213421616389052,0.0,-0.02348013316041569,0.0065198668395843075,0.008480133160415692,16.960266320831384,-0.012047147435169017,0.011885521274200237,10.17615979249883,0.025,0.0,-0.03,0.0,1.0,0.0,0.015
17,0.5666556112125466,52,0.05241056660401564,0.0,-0.02469712856442975,0.005302871435570247,0.009697128564429752,19.394257128859504,-0.013433489380505655,0.012806149901080827,11.636554277315701,0.025,0.0,-0.03,0.0,1.0,0.0,0.015
17,0.5666556112125466,53,0.052683844296904876,0.0,-0.025914767382242743,0.004085232617757256,0.010914767382242743,21.829534764485487,-0.008293619431421512,0.015207968975565438,13.097720858691291,0.025,0.0,-0.03,0.0,1.0,0.0,0.015
17,0.5666556112125466,54,0.052954840972163554,0.0,-0.027132973672190287,0.0028670263278097116,0.012132973672190288,24.265947344380574,-0.017783068794438684,0.014291006673947334,14.559568406628344,0.025,0.0,-0.03,0.0,1.0,0.0,0.015
17,0.5666556112125466,55,0.05322430218000763,0.0,-0.028351457477516048,0.0016485425224839513,0.013351457477516048,26.702914955032096,-0.006519967295753666,0.01806764002303357,16.021748973019257,0.025,0.0,-0.03,0.0,1.0,0.0,0.015
17,0.5666556112125466,56,0.053493031282931904,0.0,-0.029570176466257817,0.0004298235337421817,0.014570176466257818,29.140352932515636,-0.01841864377834055,0.01662443750207695,17.484211759509382,0.025,0.0,-0.03,0.0,1.0,0.0,0.015
17,0.5666556112125466,57,0.05376177061835776,0.0,-0.030788814531486772,0.0007888145314867735,0.014211185468513226,28.42237093702645,0.00910534149482947,0.019955722091023795,17.053422562215868,0.025,0.0,-0.03,0.0,1.0,0.0,0.015
17,0.5666556112125466,58,0.054031327620330166,0.0,-0.03200734472759715,0.0020073447275971504,0.012992655272402849,25.9853105448057,0.015362793716546608,0.01978173552433333,15.591186326883419,0.025,0.0,-0.03,0.0,1.0,0.0,0.015
17,0.5666556112125466,59,0.054302446861763116,0.0,-0.03322546611720201,0.0032254661172020083,0.011774533882797991,23.549067765595982,0.013578552846081147,0.021418138733525886,14.12944065935759,0.025,0.0,-0.03,0.0,1.0,0.0,0.015
17,0.5666556112125466,60,0.05457592086167531,0.0,-0.03444309841133047,0.004443098411330469,0.01055690158866953,21.11380317733906,0.01278757018573774,0.022838180386506843,12.668281906403436,0.025,0.0,-0.03,0.0,1.0,0.0,0.015
17,0.5666556112125466,61,0.05485250351215038,0.0,-0.03566000369888843,0.00566000369888843,0.00933999630111157,18.679992602223138,0.015493018707920393,0.02344107715547441,11.207995561333883,0.025,0.0,-0.03,0.0,1.0,0.0,0.015
17,0.5666556112125466,62,0.05513296327634925,0.0,-0.03687602485698806,0.006876024856988058,0.008123975143011941,16.247950286023883,0.013856324548645084,0.025094544054570005,9.74877017161433,0.025,0.0,-0.03,0.0,1.0,0.0,0.015
17,0.5666556112125466,63,0.0554180540346303,0.0,-0.03809096214879027,0.008090962148790272,0.0069090378512097275,13.818075702419454,0.014052552454102406,0.02591220846685812,8.290845421451673,0.025,0.0,-0.03,0.0,1.0,0.0,0.015
17,0.5666556112125466,64,0.05518720294059713,0.0,-0.039317043614244165,0.009317043614244166,0.005682956385755833,11.365912771511667,0.01638595844324382,0.027816615137591046,6.8195476629069995,0.025,0.0,-0.03,0.0,1.0,0.0,0.015
17,0.5666556112125466,65,0.0549511419625622,0.0,-0.04054213888841605,0.010542138888416049,0.004457861111583951,8.915722223167903,0.01151370301752471,0.028271235160155755,5.349433333900741,0.025,0.0,-0.03,0.0,1.0,0.0,0.015
17,0.5666556112125466,66,0.05470984728142502,0.0,-0.0417661999069279,0.011766199906927899,0.0032338000930721006,6.467600186144201,0.016844679574537797,0.03073481437158503,3.8805601116865205,0.025,0.0,-0.03,0.0,1.0,0.0,0.015
17,0.5666556112125466,67,0.05446329217214659,0.0,-0.04298923055371901,0.012989230553719013,0.002010769446280987,4.021538892561974,0.010947044330897668,0.030960143550242875,2.4129233355371844,0.025,0.0,-0.03,0.0,1.0,0.0,0.015
17,0.5666556112125466,68,0.05421147003390969,0.0,-0.04421117072297364,0.014211170722973641,0.000788829277026358,1.5776585540527162,0.015761849085387258,0.03336278562457579,0.9465951324316296,0.025,0.0,-0.03,0.0,1.0,0.0,0.015
18,0.5999882942250494,0,0.0,0.0,-0.018020026396194315,0.011979973603805684,0.0030200263961943155,6.040052792388631,0.0,0.0,3.6240316754331787,0.025,0.0,-0.03,0.0,1.0,0.0,0.015
18,0.5999882942250494,1,0.00112402239936756,0.0,-0.017478786042169996,0.012521213957830003,0.002478786042169997,4.9575720843399935,-2.559320698604585e-05,5.61329368113437e-05,2.974543250603996,0.025,0.0,-0.03,0.0,1.0,0.0,0.015
18,0.5999882942250494,2,0.002252248727960607,0.0,-0.016946397875526705,0.013053602124473294,0.0019463978755267057,3.8927957510534115,-1.6819442404851905e-05,2.6108822078090746e-05,2.335677450632047,0.025,0.0,-0.03,0.0,1.0,0.0,0.015
18,0.5999882942250494,3,0.0033846456507393035,0.0,-0.016422873187122156,0.013577126812877843,0.0014228731871221562,2.845746374244312,0.0001358311718208445,0.0003241035950352077,1.7074478245465872,0.025,0.0,-0.03,0.0,1.0,0.0,0.015
18,0.5999882942250494,4,0.004521077718146416,0.0,-0.01590825537565188,0.014091744624348118,0.0009082553756518813,1.8165107513037626,-0.00036576865032893685,0.0007658298201679169,1.0899064507822576,0.025,0.0,-0.03,0.0,1.0,0.0,0.015
18,0.5999882942250494,5,0.005661536111743045,0.0,-0.015402515414881975,0.014597484585118024,0.0004025154148819751,0.8050308297639502,0.0005105521269320949,0.0012593532253234604,0.48301849785837014,0.025,0.0,-0.03,0.0,1.0,0.0,0.015
18,0.5999882942250494,43,0.04722561220872086,0.0,-0.015412273777383214,0.014587726222616785,0.00041227377738321455,0.8245475547664292,-0.006894961882652641,0.0048851889844384235,0.49472853285985746,0.025,0.0,-0.03,0.0,1.0,0.0,0.015
18,0.5999882942250494,44,0.04810790140548185,0.0,-0.0162949462195343,0.013705053780465697,0.0012949462195343021,2.5898924390686044,-0.007672279781347249,0.0050081964542229625,1.5539354634411626,0.025,0.0,-0.03,0.0,1.0,0.0,0.015
18,0.5999882942250494,45,0.04898981649022472,0.0,-0.01717803076517408,0.012821969234825918,0.0021780307651740813,4.356061530348162,-0.008234144731903035,0.005371540428137996,2.6136369182088974,0.025,0.0,-0.03,0.0,1.0,0.0,0.015
18,0.5999882942250494,46,0.04987198335877996,0.0,-0.018060846242274425,0.011939153757725574,0.0030608462422744252,6.12169248454885,-0.007486391904844345,0.0068602157805774475,3.67301549072931,0.025,0.0,-0.03,0.0,1.0,0.0,0.015
18,0.5999882942250494,47,0.050752214782961665,0.0,-0.01894505036133881,0.011054949638661188,0.003945050361338812,7.890100722677623,-0.011348905665500732,0.005500894772798119,4.734060433606573,0.025,0.0,-0.03,0.0,1.0,0.0,0.015
18,0.5999882942250494,48,0.05101250723929293,0.0,-0.02016555035543559,0.009834449644564407,0.005165550355435592,10.331100710871183,-0.0050913853305723095,0.008408090613816237,6.19866042652271,0.025,0.0,-0.03,0.0,1.0,0.0,0.015
18,0.5999882942250494,49,0.05126656199184967,0.0,-0.02138735990451246,0.00861264009548754,0.00638735990451246,12.774719809024921,-0.014060661556981106,0.0075108647602489175,7.664831885414952,0.025,0.0,-0.03,0.0,1.0,0.0,0.015
18,0.5999882942250494,50,0.051515145742028416,0.0,-0.022610317135458368,0.007389682864541631,0.007610317135458369,15.220634270916737,-0.005177067313196013,0.010417536876041805,9.132380562550042,0.025,0.0,-0.03,0.0,1.0,0.0,0.015
18,0.5999882942250494,51,0.05175901812293487,0.0,-0.023834196037557123,0.006165803962442876,0.008834196037557123,17.668392075114244,-0.012888824234084929,0.0098944211742231,10.601035245068546,0.025,0.0,-0.03,0.0,1.0,0.0,0.015
18,0.5999882942250494,52,0.05199897036367368,0.0,-0.025058898916231653,0.004941101083768346,0.010058898916231653,20.117797832463307,-0.008407179931324674,0.011858289826765055,12.070678699477984,0.025,0.0,-0.03,0.0,1.0,0.0,0.015
18,0.5999882942250494,53,0.052235764270201865,0.0,-0.026284158488851746,0.003715841511148253,0.011284158488851746,22.568316977703493,-0.01018873349375265,0.01255832154566332,13.540990186622095,0.025,0.0,-0.03,0.0,1.0,0.0,0.015
18,0.5999882942250494,54,0.05247021176455689,0.0,-0.02750994198964288,0.002490058010357118,0.012509941989642882,25.019883979285762,-0.011358573829396718,0.013393387079967229,15.011930387571457,0.025,0.0,-0.03,0.0,1.0,0.0,0.015
18,0.5999882942250494,55,0.05270307551116657,0.0,-0.02873595257784452,0.001264047422155478,0.013735952577844521,27.471905155689043,-0.008861019689583551,0.014937529459540242,16.483143093413425,0.025,0.0,-0.03,0.0,1.0,0.0,0.015
18,0.5999882942250494,56,0.05293517656374611,0.0,-0.029962183303910726,3.781669608927257e-05,0.014962183303910727,29.924366607821455,-0.012825526302320067,0.015231787988552379,17.95461996469287,0.025,0.0,-0.03,0.0,1.0,0.0,0.015
18,0.5999882942250494,57,0.053167281472186016,0.0,-0.031188342878997268,0.0011883428789972693,0.01381165712100273,27.62331424200546,0.008406349088290436,0.017149845874168942,16.573988545203274,0.025,0.0,-0.03,0.0,1.0,0.0,0.015
18,0.5999882942250494,58,0.05340020827787413,0.0,-0.03241440553189717,0.0024144055318971736,0.012585594468102826,25.171188936205652,0.014070671946592391,0.017108664360901627,15.10271336172339,0.025,0.0,-0.03,0.0,1.0,0.0,0.015
18,0.5999882942250494,59,0.05363472926140749,0.0,-0.033640115416451934,0.0036401154164519348,0.011359884583548065,22.71976916709613,0.008004189646673592,0.019360613934350797,13.631861500257676,0.025,0.0,-0.03,0.0,1.0,0.0,0.015
18,0.5999882942250494,60,0.053871648897646535,0.0,-0.034865391604037226,0.004865391604037227,0.010134608395962773,20.269216791925544,0.01489968007846511,0.019054820254515305,12.161530075155326,0.025,0.0,-0.03,0.0,1.0,0.0,0.015
18,0.5999882942250494,61,0.05411174495278269,0.0,-0.03609003157949015,0.006090031579490153,0.008909968420509846,17.819936841019693,0.00857635322400334,0.02138093276971498,10.691962104611816,0.025,0.0,-0.03,0.0,1.0,0.0,0.015
18,0.5999882942250494,62,0.0543558015639101,0.0,-0.03731388417004171,0.0073138841700417095,0.00768611582995829,15.37223165991658,0.01451235680123354,0.021269253313697965,9.223338995949947,0.025,0.0,-0.03,0.0,1.0,0.0,0.015
18,0.5999882942250494,63,0.05460459466124129,0.0,-0.038536786931607454,0.008536786931607455,0.006463213068392544,12.926426136785087,0.010118631817951007,0.022841799449165593,7.7558556820710525,0.025,0.0,-0.03,0.0,1.0,0.0,0.015
18,0.5999882942250494,64,0.05433178644547655,0.0,-0.039754212759554604,0.009754212759554605,0.0052457872404453945,10.491574480890788,0.013388528297556613,0.02424533115481509,6.294944688534473,0.025,0.0,-0.03,0.0,1.0,0.0,0.015
18,0.5999882942250494,65,0.054053749960545135,0.0,-0.04097047507120297,0.010970475071202974,0.004029524928797025,8.05904985759405,0.01040269135575981,0.02484672375063091,4.83542991455643,0.025,0.0,-0.03,0.0,1.0,0.0,0.015
18,0.5999882942250494,66,0.0537704710652791,0.0,-0.04218550087730653,0.012185500877306528,0.0028144991226934715,5.628998245386943,0.012178930975049107,0.026484467128313743,3.3773989472321655,0.025,0.0,-0.03,0.0,1.0,0.0,0.015
18,0.5999882942250494,67,0.05348192093100785,0.0,-0.04339931674795584,0.013399316747955844,0.001600683252044155,3.20136650408831,0.010522638526260198,0.027325432210761967,1.920819902452986,0.025,0.0,-0.03,0.0,1.0,0.0,0.015
18,0.5999882942250494,68,0.05318810600431879,0.0,-0.04461183150850976,0.01461183150850976,0.00038816849149023863,0.7763369829804773,0.01096590960295813,0.028666508353662,0.46580218978828636,0.025,0.0,-0.03,0.0,1.0,0.0,0.015
19,0.6333209772375521,0,0.0,0.0,-0.018020026396194315,0.011979973603805684,0.0030200263961943155,6.040052792388631,0.0,0.0,3.6240316754331787,0.025,0.0,-0.03,0.0,1.0,0.0,0.015
19,0.6333209772375521,1,0.001124011625470489,0.0,-0.01747878553170032,0.01252121446829968,0.00247878553170032,4.95757106340064,-6.733418471240919e-05,0.00013912475106231924,2.974542638040384,0.025,0.0,-0.03,0.0,1.0,0.0,0.015
19,0.6333209772375521,2,0.002252311014834388,0.0,-0.016946486737048492,0.013053513262951507,0.0019464867370484924,3.892973474096985,7.044812278729567e-05,0.00015121763274196683,2.335784084458191,0.025,0.0,-0.03,0.0,1.0,0.0,0.015
19,0.6333209772375521,3,0.003384765218364807,0.0,-0.016423188680971503,0.013576811319028496,0.0014231886809715037,2.8463773619430075,-1.4756094072982103e-05,2.9670056089097233e-06,1.7078264171658044,0.025,0.0,-0.03,0.0,1.0,0.0,0.015
19,0.6333209772375521,4,0.004521390086074433,0.0,-0.01590886624585379,0.01409113375414621,0.0009088662458537899,1.81773249170758,-9.988397124500703e-05,0.00017964886227844068,1.090639495024548,0.025,0.0,-0.03,0.0,1.0,0.0,0.015
19,0.6333209772375521,5,0.005661985160038185,0.0,-0.01540357750967934,0.014596422490320659,0.00040357750967934085,0.8071550193586817,8.949073666755874e-05,0.00028178653683615877,0.484293011615209,0.025,0.0,-0.03,0.0,1.0,0.0,0.015
19,0.6333209772375521,43,0.047079237197157064,0.0,-0.015631087247888666,0.014368912752111333,0.0006310872478886669,1.2621744957773338,-0.006361557730839861,0.0038175269023828545,0.7573046974664003,0.025,0.0,-0.03,0.0,1.0,0.0,0.015
19,0.6333209772375521,44,0.047947371507117774,0.0,-0.016527729593671766,0.013472270406328233,0.0015277295936717665,3.055459187343533,-0.005698290075896417,0.005239278612303043,1.8332755124061197,0.025,0.0,-0.03,0.0,1.0,0.0,0.015
19,0.6333209772375521,45,0.048815098099421715,0.0,-0.017424761247361132,0.012575238752638867,0.0024247612473611325,4.849522494722265,-0.008066213844715146,0.00371499542398228,2.909713496833359,0.025,0.0,-0.03,0.0,1.0,0.0,0.015
19,0.6333209772375521,46,0.04968309075459881,0.0,-0.018321531990113465,0.011678468009886533,0.003321531990113466,6.643063980226932,-0.005446555619774962,0.0068773960763701195,3.985838388136159,0.025,0.0,-0.03,0.0,1.0,0.0,0.015
19,0.6333209772375521,47,0.05054908703164643,0.0,-0.019219691512061324,0.010780308487938674,0.004219691512061325,8.43938302412265,-0.010393188537382327,0.004443414667431524,5.06362981447359,0.025,0.0,-0.03,0.0,1.0,0.0,0.015
19,0.6333209772375521,48,0.05077820104060778,0.0,-0.02044642882543698,0.00955357117456302,0.005446428825436979,10.892857650873959,-0.0037865712401352583,0.007392825413168325,6.535714590524375,0.025,0.0,-0.03,0.0,1.0,0.0,0.015
19,0.6333209772375521,49,0.05100094391772619,0.0,-0.02167434477530382,0.00832565522469618,0.00667434477530382,13.34868955060764,-0.012541171755810569,0.006597835139117708,8.009213730364584,0.025,0.0,-0.03,0.0,1.0,0.0,0.015
19,0.6333209772375521,50,0.051218094297253075,0.0,-0.022903282730723812,0.007096717269276187,0.007903282730723812,15.806565461447624,-0.0033606968587518763,0.009172483503680435,9.483939276868574,0.025,0.0,-0.03,0.0,1.0,0.0,0.015
19,0.6333209772375521,51,0.05143042837136,0.0,-0.024133028022192936,0.005866971977807063,0.009133028022192936,18.266056044385873,-0.012549027330705792,0.008449128847244112,10.959633626631524,0.025,0.0,-0.03,0.0,1.0,0.0,0.015
19,0.6333209772375521,52,0.05163875541629151,0.0,-0.025363523362391324,0.004636476637608675,0.010363523362391325,20.72704672478265,-0.0048455291057518295,0.010702404200626733,12.43622803486959,0.025,0.0,-0.03,0.0,1.0,0.0,0.015
19,0.6333209772375521,53,0.051843850035313103,0.0,-0.026594485363630217,0.0034055146363697816,0.011594485363630218,23.188970727260436,-0.011067092806981284,0.010541487407968802,13.913382436356262,0.025,0.0,-0.03,0.0,1.0,0.0,0.015
19,0.6333209772375521,54,0.05204654253854525,0.0,-0.027825933403736444,0.0021740665962635547,0.012825933403736445,25.65186680747289,-0.007189663608994597,0.012114545331413496,15.391120084483733,0.025,0.0,-0.03,0.0,1.0,0.0,0.015
19,0.6333209772375521,55,0.05224761132649934,0.0,-0.029057565964884405,0.0009424340351155934,0.014057565964884406,28.11513192976881,-0.009311831158713093,0.012666014293244383,16.869079157861286,0.025,0.0,-0.03,0.0,1.0,0.0,0.015
19,0.6333209772375521,56,0.052447890087352025,0.0,-0.03028939835089041,0.0002893983508904102,0.01471060164910959,29.42120329821918,0.009361608723972308,0.013572630085866764,17.652721978931506,0.025,0.0,-0.03,0.0,1.0,0.0,0.015
19,0.6333209772375521,57,0.0526481678622024,0.0,-0.03152117500734699,0.0015211750073469907,0.013478824992653009,26.957649985306016,0.007908646949120898,0.014727797956604838,16.17458999118361,0.025,0.0,-0.03,0.0,1.0,0.0,0.015
19,0.6333209772375521,58,0.052849270053345325,0.0,-0.03275285778849051,0.0027528577884905134,0.012247142211509486,24.49428442301897,0.01123288975040253,0.015081662219269076,14.696570653811381,0.025,0.0,-0.03,0.0,1.0,0.0,0.015
19,0.6333209772375521,59,0.053051992572555134,0.0,-0.03398423881105769,0.003984238811057694,0.011015761188942305,22.03152237788461,0.006641769984320957,0.016772917514671096,13.218913426730765,0.025,0.0,-0.03,0.0,1.0,0.0,0.015
19,0.6333209772375521,60,0.05325715245895072,0.0,-0.035215246587305384,0.005215246587305385,0.009784753412694615,19.56950682538923,0.013038044966306485,0.01658804340465365,11.741704095233537,0.025,0.0,-0.03,0.0,1.0,0.0,0.015
19,0.6333209772375521,61,0.05346553999714168,0.0,-0.036445669868686255,0.006445669868686256,0.008554330131313743,17.108660262627488,0.005704768015915578,0.01876990882918854,10.265196157576492,0.025,0.0,-0.03,0.0,1.0,0.0,0.015
19,0.6333209772375521,62,0.05367796661473988,0.0,-0.03767544332975199,0.007675443329751994,0.007324556670248006,14.649113340496012,0.01389923650178592,0.018301457260840016,8.789468004297607,0.025,0.0,-0.03,0.0,1.0,0.0,0.015
19,0.6333209772375521,63,0.053895210977876,0.0,-0.03890431922290486,0.008904319222904862,0.006095680777095137,12.191361554190275,0.006473380673745559,0.01981138797383268,7.314816932514164,0.025,0.0,-0.03,0.0,1.0,0.0,0.015
19,0.6333209772375521,64,0.05358633422765669,0.0,-0.0401131330816032,0.0101131330816032,0.0048868669183968,9.7737338367936,0.01230793543777873,0.021410588714945732,5.864240302076159,0.025,0.0,-0.03,0.0,1.0,0.0,0.015
19,0.6333209772375521,65,0.05327223366201065,0.0,-0.041320546493797836,0.011320546493797837,0.0036794535062021627,7.358907012404325,0.008301361879419872,0.021541245696228405,4.415344207442595,0.025,0.0,-0.03,0.0,1.0,0.0,0.015
19,0.6333209772375521,66,0.052952868173997476,0.0,-0.04252662788881711,0.012526627888817109,0.0024733721111828907,4.946744222365782,0.00886475556567711,0.0227444225381884,2.968046533419469,0.025,0.0,-0.03,0.0,1.0,0.0,0.015
19,0.6333209772375521,67,0.05262824837470845,0.0,-0.043731260589115396,0.013731260589115397,0.001268739410884602,2.537478821769204,0.010627355844635296,0.024302584963099342,1.5224872930615223,0.025,0.0,-0.03,0.0,1.0,0.0,0.015
19,0.6333209772375521,68,0.0522983486908987,0.0,-0.04493449459272616,0.01493449459272616,6.550540727384008e-05,0.13101081454768015,0.006295188640860477,0.02418871272356092,0.07860648872860809,0.025,0.0,-0.03,0.0,1.0,0.0,0.015
20,0.6666536602500549,0,0.0,0.0,-0.018020026396194315,0.011979973603805684,0.0030200263961943155,6.040052792388631,0.0,0.0,3.6240316754331787,0.025,0.0,-0.03,0.0,1.0,0.0,0.015
20,0.6666536602500549,1,0.0011240155059911066,0.0,-0.017478778852330082,0.012521221147669917,0.0024787788523300824,4.957557704660164,-0.0005483905026609292,0.0011618694770320558,2.9745346227960985,0.025,0.0,-0.03,0.0,1.0,0.0,0.015
20,0.6666536602500549,2,0.002252339231154966,0.0,-0.016946575736899196,0.013053424263100803,0.001946575736899197,3.893151473798394,0.0009681947634536266,0.002090157900879335,2.3358908842790362,0.025,0.0,-0.03,0.0,1.0,0.0,0.015
20,0.6666536602500549,3,0.0033849055131923655,0.0,-0.01642344536728057,0.01357655463271943,0.0014234453672805694,2.8468907345611387,-0.001209161410907222,0.002632165345146373,1.7081344407366832,0.025,0.0,-0.03,0.0,1.0,0.0,0.015
20,0.6666536602500549,4,0.004521615892312929,0.0,-0.015909415718323165,0.014090584281676834,0.0009094157183231651,1.81883143664633,0.0012302041474794344,0.002793117150475423,1.091298861987798,0.025,0.0,-0.03,0.0,1.0,0.0,0.015
20,0.6666536602500549,5,0.005662422715237123,0.0,-0.015404476697046898,0.014595523302953101,0.00040447669704689847,0.808953394093797,-0.001173488538014582,0.0026110519831079233,0.48537203645627813,0.025,0.0,-0.03,0.0,1.0,0.0,0.015
20,0.6666536602500549,43,0.046950872914374255,0.0,-0.01581801734128633,0.01418198265871367,0.0008180173412863298,1.6360346825726597,-0.0061183331992921385,0.0027048284160758936,0.9816208095435958,0.025,0.0,-0.03,0.0,1.0,0.0,0.015
20,0.6666536602500549,44,0.04780659715047751,0.0,-0.016726506501181973,0.013273493498818026,0.0017265065011819736,3.453013002363947,-0.004375885713672443,0.005020648812380514,2.0718078014183683,0.025,0.0,-0.03,0.0,1.0,0.0,0.015
20,0.6666536602500549,45,0.04866191986581318,0.0,-0.017635401314149233,0.012364598685850766,0.0026354013141492334,5.270802628298467,-0.007273793979191145,0.002940767809080559,3.16248157697908,0.025,0.0,-0.03,0.0,1.0,0.0,0.015
20,0.6666536602500549,46,0.049517501811495855,0.0,-0.018544023290200697,0.011455976709799302,0.003544023290200697,7.088046580401394,-0.004308743922599566,0.006251241322503927,4.252827948240836,0.025,0.0,-0.03,0.0,1.0,0.0,0.015
20,0.6666536602500549,47,0.05037103910683422,0.0,-0.019454036536377575,0.010545963463622424,0.004454036536377576,8.908073072755151,-0.009200914208301889,0.0037932302092906,5.3448438436530905,0.025,0.0,-0.03,0.0,1.0,0.0,0.015
20,0.6666536602500549,48,0.05057311471118938,0.0,-0.020685523217594922,0.009314476782405077,0.005685523217594923,11.371046435189845,-0.0029766446198900716,0.0064191689230201476,6.822627861113907,0.025,0.0,-0.03,0.0,1.0,0.0,0.015
20,0.6666536602500549,49,0.05076870464193155,0.0,-0.021918066116210316,0.008081933883789683,0.006918066116210316,13.836132232420633,-0.010626910393032821,0.005870819581761428,8.30167933945238,0.025,0.0,-0.03,0.0,1.0,0.0,0.015
20,0.6666536602500549,50,0.05095859790136501,0.0,-0.02315150768659521,0.006848492313404789,0.00815150768659521,16.30301537319042,-0.00335840904307385,0.007811582363195384,9.781809223914252,0.025,0.0,-0.03,0.0,1.0,0.0,0.015
20,0.6666536602500549,51,0.051143591569479036,0.0,-0.024385687680922457,0.005614312319077542,0.009385687680922458,18.771375361844914,-0.009490191563327062,0.0076385616200206835,11.262825217106949,0.025,0.0,-0.03,0.0,1.0,0.0,0.015
20,0.6666536602500549,52,0.05132449560195492,0.0,-0.02562049486810881,0.004379505131891188,0.010620494868108812,21.240989736217625,-0.0058680418704104755,0.008973992770358992,12.744593841730575,0.025,0.0,-0.03,0.0,1.0,0.0,0.015
20,0.6666536602500549,53,0.05150211547731659,0.0,-0.026855756849144593,0.003144243150855406,0.011855756849144593,23.71151369828919,-0.007012582044985231,0.009581667470851745,14.226908218973513,0.025,0.0,-0.03,0.0,1.0,0.0,0.015
20,0.6666536602500549,54,0.05167727544881842,0.0,-0.0280914028437087,0.0019085971562912973,0.013091402843708702,26.182805687417403,-0.008660730030897058,0.010127574349164203,15.709683412450442,0.025,0.0,-0.03,0.0,1.0,0.0,0.015
20,0.6666536602500549,55,0.05185078572258303,0.0,-0.029327247661400466,0.0006727523385995325,0.014327247661400467,28.654495322800933,-0.005228327265081424,0.01140816797379803,17.19269719368056,0.025,0.0,-0.03,0.0,1.0,0.0,0.015
20,0.6666536602500549,56,0.052023478343296584,0.0,-0.030563243516328983,0.0005632435163289845,0.014436756483671015,28.87351296734203,0.010073634256291321,0.011494013883166223,17.324107780405217,0.025,0.0,-0.03,0.0,1.0,0.0,0.015
20,0.6666536602500549,57,0.05219616635637049,0.0,-0.03179920560964327,0.0017992056096432715,0.013200794390356728,26.401588780713457,0.0050224258918840576,0.013008312792715174,15.840953268428073,0.025,0.0,-0.03,0.0,1.0,0.0,0.015
20,0.6666536602500549,58,0.05236968166775013,0.0,-0.03303507975334562,0.003035079753345618,0.011964920246654381,23.929840493308763,0.01019652662980456,0.013042961931872932,14.357904295985257,0.025,0.0,-0.03,0.0,1.0,0.0,0.015
20,0.6666536602500549,59,0.05254483831109088,0.0,-0.034270695402320986,0.004270695402320987,0.010729304597679012,21.458609195358026,0.005458800954841107,0.01452120186968828,12.875165517214816,0.025,0.0,-0.03,0.0,1.0,0.0,0.015
20,0.6666536602500549,60,0.05272246264333885,0.0,-0.03550597950307199,0.005505979503071988,0.009494020496928011,18.98804099385602,0.010432345811692313,0.014568100763702907,11.392824596313613,0.025,0.0,-0.03,0.0,1.0,0.0,0.015
20,0.6666536602500549,61,0.05290336294777173,0.0,-0.03674075610594199,0.006740756105941992,0.008259243894058008,16.518487788116015,0.005248709116566537,0.0161276184444676,9.911092672869609,0.025,0.0,-0.03,0.0,1.0,0.0,0.015
20,0.6666536602500549,62,0.053088359729313736,0.0,-0.03797495889144511,0.00797495889144511,0.00702504110855489,14.05008221710978,0.011443709741882977,0.016046911795762384,8.430049330265868,0.025,0.0,-0.03,0.0,1.0,0.0,0.015
20,0.6666536602500549,63,0.05327824974600732,0.0,-0.03920836411277231,0.009208364112772309,0.0057916358872276905,11.583271774455381,0.004532442732607367,0.016928269600635346,6.949963064673229,0.025,0.0,-0.03,0.0,1.0,0.0,0.015
20,0.6666536602500549,64,0.05293840403220277,0.0,-0.040408843776560975,0.010408843776560976,0.004591156223439023,9.182312446878047,0.012284360547558739,0.01923279195312575,5.509387468126828,0.025,0.0,-0.03,0.0,1.0,0.0,0.015
20,0.6666536602500549,65,0.05259333435204655,0.0,-0.04160776969127046,0.011607769691270461,0.003392230308729538,6.784460617459076,0.003315089594926977,0.017655589887856836,4.070676370475446,0.025,0.0,-0.03,0.0,1.0,0.0,0.015
20,0.6666536602500549,66,0.05224299800389549,0.0,-0.04280521833838984,0.012805218338389844,0.0021947816616101554,4.389563323220311,0.011954424258583307,0.021113627015858616,2.6337379939321863,0.025,0.0,-0.03,0.0,1.0,0.0,0.015
20,0.6666536602500549,67,0.0518874063650802,0.0,-0.04400108962274739,0.01400108962274739,0.0009989103772526098,1.9978207545052196,0.003206058548189822,0.019445772514277555,1.1986924527031317,0.025,0.0,-0.03,0.0,1.0,0.0,0.015
21,0.6999863432625576,0,0.0,0.0,-0.018020026396194315,0.011979973603805684,0.0030200263961943155,6.040052792388631,0.0,0.0,3.6240316754331787,0.025,0.0,-0.03,0.0,1.0,0.0,0.015
21,0.6999863432625576,1,0.0011240128420921189,0.0,-0.017478775926682955,0.012521224073317044,0.002478775926682955,4.95755185336591,-5.518920909963539e-05,0.00011704590758676368,2.974531112019546,0.025,0.0,-0.03,0.0,1.0,0.0,0.015
21,0.6999863432625576,2,0.0022523761266216467,0.0,-0.016946646976671514,0.013053353023328485,0.0019466469766715143,3.8932939533430284,0.00014053122233012886,0.0003082421517560947,2.335976372005817,0.025,0.0,-0.03,0.0,1.0,0.0,0.015
21,0.6999863432625576,3,0.0033850073903956583,0.0,-0.01642367645298821,0.013576323547011788,0.0014236764529882116,2.847352905976423,-0.00027836033221203605,0.0005951511830515155,1.708411743585854,0.025,0.0,-0.03,0.0,1.0,0.0,0.015
21,0.6999863432625576,4,0.00452183817965412,0.0,-0.015909879314508223,0.014090120685491776,0.0009098793145082239,1.8197586290164478,0.00040975314366562666,0.0009542133792964474,1.0918551774098686,0.025,0.0,-0.03,0.0,1.0,0.0,0.015
21,0.6999863432625576,5,0.005662767329160771,0.0,-0.015405269858391775,0.014594730141608224,0.00040526985839177583,0.8105397167835516,-0.0005738334877570995,0.0012525029853287437,0.48632383007013097,0.025,0.0,-0.03,0.0,1.0,0.0,0.015
21,0.6999863432625576,42,0.04599262952981871,0.0,-0.015060241742504882,0.014939758257495116,6.024174250488304e-05,0.12048348500976608,-0.001056491675382948,0.005726973282655049,0.07229009100585965,0.025,0.0,-0.03,0.0,1.0,0.0,0.015
21,0.6999863432625576,43,0.046838647374779996,0.0,-0.015977765225886655,0.014022234774113344,0.000977765225886655,1.9555304517733103,-0.0073052028799911435,0.0004627058298066606,1.1733182710639862,0.025,0.0,-0.03,0.0,1.0,0.0,0.015
21,0.6999863432625576,44,0.04768357442951534,0.0,-0.016896364163004243,0.013103635836995756,0.0018963641630042431,3.7927283260084863,-0.0022458033652088608,0.005730824877186917,2.2756369956050917,0.025,0.0,-0.03,0.0,1.0,0.0,0.015
21,0.6999863432625576,45,0.04852804236669837,0.0,-0.0178153160152322,0.0121846839847678,0.002815316015232199,5.630632030464398,-0.007007091672431806,0.0018774221827064005,3.378379218278639,0.025,0.0,-0.03,0.0,1.0,0.0,0.015
21,0.6999863432625576,46,0.049372819521821716,0.0,-0.018734045025850535,0.011265954974149464,0.0037340450258505353,7.46809005170107,-0.0035491013150801788,0.005552477376730082,4.480854031020642,0.025,0.0,-0.03,0.0,1.0,0.0,0.015
21,0.6999863432625576,47,0.0502154694140483,0.0,-0.01965412054816481,0.01034587945183519,0.00465412054816481,9.30824109632962,-0.007355040219009546,0.0034864756803809037,5.584944657797772,0.025,0.0,-0.03,0.0,1.0,0.0,0.015
21,0.6999863432625576,48,0.05039414375885725,0.0,-0.020889238102458962,0.009110761897541036,0.005889238102458963,11.778476204917926,-0.0035438882820062016,0.0053737459446062275,7.067085722950755,0.025,0.0,-0.03,0.0,1.0,0.0,0.015
21,0.6999863432625576,49,0.050566227967063254,0.0,-0.0221252824699276,0.007874717530072399,0.0071252824699276004,14.2505649398552,-0.007839424716752657,0.005357427303487838,8.55033896391312,0.025,0.0,-0.03,0.0,1.0,0.0,0.015
21,0.6999863432625576,50,0.05073253056373242,0.0,-0.023362132568537315,0.006637867431462684,0.008362132568537316,16.72426513707463,-0.003936721603178445,0.006579032495171485,10.034559082244778,0.025,0.0,-0.03,0.0,1.0,0.0,0.015
21,0.6999863432625576,51,0.050893859387419034,0.0,-0.02459963866612235,0.005400361333877651,0.009599638666122349,19.199277332244698,-0.007398165936855882,0.006779672695413517,11.519566399346818,0.025,0.0,-0.03,0.0,1.0,0.0,0.015
21,0.6999863432625576,52,0.051051033602599695,0.0,-0.02583769007204712,0.004162309927952877,0.010837690072047122,21.675380144094245,-0.004867896302404559,0.0077872215853775914,13.005228086456546,0.025,0.0,-0.03,0.0,1.0,0.0,0.015
21,0.6999863432625576,53,0.05120487411716709,0.0,-0.02707615380574636,0.0029238461942536383,0.012076153805746361,24.152307611492724,-0.006940736461581343,0.00819222664854119,14.491384566895633,0.025,0.0,-0.03,0.0,1.0,0.0,0.015
21,0.6999863432625576,54,0.051356211173667524,0.0,-0.028314940276557392,0.001685059723442607,0.013314940276557392,26.629880553114784,-0.0054045465457559574,0.009062024885683676,15.97792833186887,0.025,0.0,-0.03,0.0,1.0,0.0,0.015
21,0.6999863432625576,55,0.05150587215049979,0.0,-0.029553915386578634,0.00044608461342136516,0.014553915386578634,29.107830773157268,-0.006859860514580322,0.009553497767495206,17.46469846389436,0.025,0.0,-0.03,0.0,1.0,0.0,0.015
21,0.6999863432625576,56,0.051654694702882024,0.0,-0.030793012107945075,0.0007930121079450757,0.014206987892054924,28.413975784109848,0.0059346236127804436,0.010344956256968477,17.04838547046591,0.025,0.0,-0.03,0.0,1.0,0.0,0.015
21,0.6999863432625576,57,0.05180350759639063,0.0,-0.0320320852015742,0.0020320852015741978,0.012967914798425802,25.935829596851605,0.006318556413817714,0.010971913242730601,15.561497758110962,0.025,0.0,-0.03,0.0,1.0,0.0,0.015
21,0.6999863432625576,58,0.05195315145476696,0.0,-0.03327108455714574,0.0032710845571457398,0.01172891544285426,23.457830885708518,0.0071397626871150125,0.011544127265997153,14.07469853142511,0.025,0.0,-0.03,0.0,1.0,0.0,0.015
21,0.6999863432625576,59,0.05210445217260098,0.0,-0.03450985056909935,0.004509850569099354,0.010490149430900646,20.98029886180129,0.00528575095003496,0.012455261293642361,12.588179317080774,0.025,0.0,-0.03,0.0,1.0,0.0,0.015
21,0.6999863432625576,60,0.05225824809628799,0.0,-0.03574833708080753,0.0057483370808075335,0.009251662919192466,18.50332583838493,0.008362217690706353,0.01273272146796925,11.101995503030958,0.025,0.0,-0.03,0.0,1.0,0.0,0.015
21,0.6999863432625576,61,0.05241535873924473,0.0,-0.036986373399809494,0.006986373399809495,0.008013626600190504,16.027253200381008,0.004768196954728983,0.013877191636223444,9.616351920228604,0.025,0.0,-0.03,0.0,1.0,0.0,0.015
21,0.6999863432625576,62,0.05257661419718521,0.0,-0.03822390046070351,0.00822390046070351,0.00677609953929649,13.552199078592981,0.008746536562586237,0.014052433132411933,8.131319447155787,0.025,0.0,-0.03,0.0,1.0,0.0,0.015
21,0.6999863432625576,63,0.052742825609881645,0.0,-0.0394607409102952,0.009460740910295203,0.005539259089704797,11.078518179409594,0.005123401585778735,0.014820625898073866,6.647110907645756,0.025,0.0,-0.03,0.0,1.0,0.0,0.015
21,0.6999863432625576,64,0.05237640961863796,0.0,-0.0406533573143884,0.0106533573143884,0.0043466426856116,8.6932853712232,0.00826663745552403,0.016133802933638346,5.215971222733919,0.025,0.0,-0.03,0.0,1.0,0.0,0.015
21,0.6999863432625576,65,0.05200476020093765,0.0,-0.04184433425216281,0.01184433425216281,0.00315566574783719,6.31133149567438,0.005016953055341899,0.01597361428496125,3.7867988974046276,0.025,0.0,-0.03,0.0,1.0,0.0,0.015
21,0.6999863432625576,66,0.05162785666294295,0.0,-0.04303367135311194,0.01303367135311194,0.0019663286468880603,3.9326572937761206,0.007357709545500387,0.01752257213022855,2.3595943762656724,0.025,0.0,-0.03,0.0,1.0,0.0,0.015
21,0.6999863432625576,67,0.05124569763621938,0.0,-0.04422132477967178,0.014221324779671779,0.0007786752203282205,1.557350440656441,0.005227226629592595,0.017652494634745653,0.9344102643938645,0.025,0.0,-0.03,0.0,1.0,0.0,0.015
22,0.7333190262750604,0,0.0,0.0,-0.018020026396194315,0.011979973603805684,0.0030200263961943155,6.040052792388631,0.0,0.0,3.6240316754331787,0.025,0.0,-0.03,0.0,1.0,0.0,0.015
22,0.7333190262750604,1,0.0011240141623172766,0.0,-0.017478771690599026,0.012521228309400972,0.002478771690599027,4.957543381198054,-0.00013433479526819375,0.0002864176165948896,2.974526028718832,0.025,0.0,-0.03,0.0,1.0,0.0,0.015
22,0.7333190262750604,2,0.002252400004381802,0.0,-0.01694671229793294,0.013053287702067057,0.001946712297932942,3.8934245958658837,0.00022053965784139186,0.0004830745109825775,2.33605475751953,0.025,0.0,-0.03,0.0,1.0,0.0,0.015
22,0.7333190262750604,3,0.0033851091664995466,0.0,-0.01642387002993095,0.013576129970069049,0.0014238700299309508,2.8477400598619016,-0.000265499548517609,0.0005729019767112168,1.7086440359171409,0.025,0.0,-0.03,0.0,1.0,0.0,0.015
22,0.7333190262750604,4,0.0045220095660362105,0.0,-0.015910289397752787,0.014089710602247212,0.0009102893977527872,1.8205787955055743,0.000280186292535199,0.0006644910342754227,1.0923472773033445,0.025,0.0,-0.03,0.0,1.0,0.0,0.015
22,0.7333190262750604,5,0.005663093773058118,0.0,-0.01540594317681559,0.014594056823184409,0.00040594317681559057,0.8118863536311811,-0.0004006627297797179,0.0008730539725008393,0.48713181217870866,0.025,0.0,-0.03,0.0,1.0,0.0,0.015
22,0.7333190262750604,42,0.04590420400955525,0.0,-0.01518826599516301,0.014811734004836988,0.00018826599516301099,0.37653199032602197,-0.0029623772912010364,0.0030094652878195297,0.22591919419561318,0.025,0.0,-0.03,0.0,1.0,0.0,0.015
22,0.7333190262750604,43,0.04674082449726622,0.0,-0.016114380326855398,0.013885619673144601,0.0011143803268553985,2.228760653710797,-0.004886300801297474,0.0017328994898338107,1.3372563922264782,0.025,0.0,-0.03,0.0,1.0,0.0,0.015
22,0.7333190262750604,44,0.04757632703657933,0.0,-0.01704156015176801,0.01295843984823199,0.002041560151768009,4.083120303536019,-0.0026182860340899458,0.0042793384759031525,2.449872182121611,0.025,0.0,-0.03,0.0,1.0,0.0,0.015
22,0.7333190262750604,45,0.048411374145818586,0.0,-0.017969104232791213,0.012030895767208786,0.0029691042327912136,5.938208465582427,-0.005694017394558672,0.001960450688872454,3.5629250793494562,0.025,0.0,-0.03,0.0,1.0,0.0,0.015
22,0.7333190262750604,46,0.04924671904328462,0.0,-0.018896410058122544,0.011103589941877455,0.0038964100581225444,7.792820116245089,-0.0032977595800743405,0.00458951973010819,4.675692069747053,0.025,0.0,-0.03,0.0,1.0,0.0,0.015
22,0.7333190262750604,47,0.050079910918645575,0.0,-0.019825078939772867,0.010174921060227132,0.004825078939772867,9.650157879545734,-0.005655553364413768,0.003257361521719418,5.79009472772744,0.025,0.0,-0.03,0.0,1.0,0.0,0.015
22,0.7333190262750604,48,0.05023834667401131,0.0,-0.021062945347948902,0.008937054652051097,0.0060629453479489025,12.125890695897805,-0.0041089330814129575,0.004487573397336302,7.275534417538683,0.025,0.0,-0.03,0.0,1.0,0.0,0.015
22,0.7333190262750604,49,0.05039011617352875,0.0,-0.022301669989806865,0.007698330010193134,0.007301669989806865,14.60333997961373,-0.005463160266254452,0.004843337991206575,8.762003987768239,0.025,0.0,-0.03,0.0,1.0,0.0,0.015
22,0.7333190262750604,50,0.05053602687003359,0.0,-0.023541082432026135,0.006458917567973864,0.008541082432026136,17.08216486405227,-0.004304721323369932,0.005564384556149306,10.249298918431363,0.025,0.0,-0.03,0.0,1.0,0.0,0.015
22,0.7333190262750604,51,0.05067690352060212,0.0,-0.02478109874912378,0.005218901250876221,0.009781098749123779,19.562197498247556,-0.005768872393468514,0.005970473030216067,11.737318498948534,0.025,0.0,-0.03,0.0,1.0,0.0,0.015
22,0.7333190262750604,52,0.050813570251121216,0.0,-0.026021583796544512,0.003978416203455487,0.011021583796544512,22.043167593089024,-0.004329367342464795,0.0067128537117532834,13.225900555853414,0.025,0.0,-0.03,0.0,1.0,0.0,0.015
22,0.7333190262750604,53,0.05094685941280052,0.0,-0.027262430065431685,0.002737569934568314,0.012262430065431686,24.52486013086337,-0.005565027990379509,0.0071533677081696565,14.714916078518021,0.025,0.0,-0.03,0.0,1.0,0.0,0.015
22,0.7333190262750604,54,0.05107761173438984,0.0,-0.02850357282873487,0.0014964271712651286,0.01350357282873487,27.007145657469742,-0.0054233847557011595,0.007750635382265123,16.204287394481845,0.025,0.0,-0.03,0.0,1.0,0.0,0.015
22,0.7333190262750604,55,0.05120666101586913,0.0,-0.029744858211984138,0.0002551417880158613,0.014744858211984138,29.489716423968275,-0.004135230229411112,0.008469237874814019,17.693829854380965,0.025,0.0,-0.03,0.0,1.0,0.0,0.015
22,0.7333190262750604,56,0.051334858524395205,0.0,-0.030986275557262397,0.0009862755572623977,0.014013724442737602,28.027448885475202,0.007352909886900449,0.008703912276111598,16.81646933128512,0.025,0.0,-0.03,0.0,1.0,0.0,0.015
22,0.7333190262750604,57,0.051463038768946104,0.0,-0.032227651267065914,0.002227651267065915,0.012772348732934084,25.54469746586817,0.0026018280855572167,0.009797944278800918,15.3268184795209,0.025,0.0,-0.03,0.0,1.0,0.0,0.015
22,0.7333190262750604,58,0.051592053913390085,0.0,-0.033468975012435724,0.003468975012435725,0.011531024987564274,23.06204997512855,0.008645688649705417,0.009721383664469991,13.837229985077128,0.025,0.0,-0.03,0.0,1.0,0.0,0.015
22,0.7333190262750604,59,0.05172274012505422,0.0,-0.03471009793732056,0.004710097937320558,0.010289902062679442,20.579804125358883,0.002125454032114905,0.011021012835271972,12.34788247521533,0.025,0.0,-0.03,0.0,1.0,0.0,0.015
22,0.7333190262750604,60,0.05185594131714154,0.0,-0.03595095999133099,0.005950959991330988,0.009049040008669011,18.098080017338024,0.008908271002565806,0.010840463238200553,10.858848010402815,0.025,0.0,-0.03,0.0,1.0,0.0,0.015
22,0.7333190262750604,61,0.0519924937987991,0.0,-0.03719145752131302,0.007191457521313019,0.007808542478686981,15.617084957373962,0.002351314535329301,0.01216705609496633,9.370250974424376,0.025,0.0,-0.03,0.0,1.0,0.0,0.015
22,0.7333190262750604,62,0.05213322808351847,0.0,-0.03843147002373504,0.008431470023735038,0.006568529976264961,13.137059952529922,0.008857874046445039,0.012053475473177259,7.882235971517953,0.025,0.0,-0.03,0.0,1.0,0.0,0.015
22,0.7333190262750604,63,0.05227897331555553,0.0,-0.039670914633123666,0.009670914633123667,0.005329085366876332,10.658170733752664,0.00266151223444643,0.012623094501780972,6.394902440251598,0.025,0.0,-0.03,0.0,1.0,0.0,0.015
22,0.7333190262750604,64,0.05188976436988362,0.0,-0.04085627065002819,0.010856270650028192,0.004143729349971807,8.287458699943615,0.008633434109630824,0.01451927190749355,4.972475219966169,0.025,0.0,-0.03,0.0,1.0,0.0,0.015
22,0.7333190262750604,65,0.05149531776879554,0.0,-0.042039906152977084,0.012039906152977085,0.002960093847022914,5.920187694045828,0.0022626021616127317,0.0131763042997002,3.5521126164274968,0.025,0.0,-0.03,0.0,1.0,0.0,0.015
22,0.7333190262750604,66,0.05109562782263077,0.0,-0.04322177164871001,0.01322177164871001,0.00177822835128999,3.55645670257998,0.008034692962204737,0.01582432773412626,2.133874021547988,0.025,0.0,-0.03,0.0,1.0,0.0,0.015
22,0.7333190262750604,67,0.05069068584016896,0.0,-0.044401854795058655,0.014401854795058656,0.000598145204941343,1.1962904098826859,0.0021953057036909434,0.014529564449644013,0.7177742459296115,0.025,0.0,-0.03,0.0,1.0,0.0,0.015
23,0.7666517092875631,0,0.0,0.0,-0.018020026396194315,0.011979973603805684,0.0030200263961943155,6.040052792388631,0.0,0.0,3.6240316754331787,0.025,0.0,-0.03,0.0,1.0,0.0,0.015
23,0.7666517092875631,1,0.0011240108614323232,0.0,-0.01747877013001156,0.012521229869988437,0.002478770130011562,4.957540260023125,8.724550497432351e-05,0.0001845429902226922,2.974524156013875,0.025,0.0,-0.03,0.0,1.0,0.0,0.015
23,0.7666517092875631,2,0.0022524306269477027,0.0,-0.016946764094794828,0.013053235905205171,0.0019467640947948284,3.8935281895896567,-0.00011827143441383483,0.00025013914429656084,2.336116913753794,0.025,0.0,-0.03,0.0,1.0,0.0,0.015
23,0.7666517092875631,3,0.0033851798480642476,0.0,-0.016424045074676635,0.013575954925323364,0.0014240450746766352,2.84809014935327,6.165279270325654e-05,0.00014672710076323934,1.7088540896119622,0.025,0.0,-0.03,0.0,1.0,0.0,0.015
23,0.7666517092875631,4,0.004522183375506595,0.0,-0.01591063215408425,0.014089367845915749,0.0009106321540842503,1.8212643081685007,3.332003472423422e-05,0.0001023719835338978,1.0927585849011003,0.025,0.0,-0.03,0.0,1.0,0.0,0.015
23,0.7666517092875631,5,0.005663340955557894,0.0,-0.015406539963597336,0.014593460036402663,0.0004065399635973365,0.813079927194673,-0.00018132614151774608,0.0003711520753669169,0.4878479563168038,0.025,0.0,-0.03,0.0,1.0,0.0,0.015
23,0.7666517092875631,42,0.04582728208549955,0.0,-0.015297823644978292,0.014702176355021707,0.00029782364497829214,0.5956472899565843,-0.00447382764934223,0.0008578423656620484,0.35738837397395057,0.025,0.0,-0.03,0.0,1.0,0.0,0.015
23,0.7666517092875631,43,0.04665573693679335,0.0,-0.016231257800368545,0.013768742199631454,0.0012312578003685452,2.4625156007370905,-0.002574165500595626,0.00297409467533229,1.4775093604422542,0.025,0.0,-0.03,0.0,1.0,0.0,0.015
23,0.7666517092875631,44,0.04748305801388403,0.0,-0.017165757048330683,0.012834242951669315,0.002165757048330684,4.331514096661368,-0.0033986743239633687,0.0026451324957525715,2.5989084579968207,0.025,0.0,-0.03,0.0,1.0,0.0,0.015
23,0.7666517092875631,45,0.04830991088495963,0.0,-0.0181006129013771,0.011899387098622899,0.0031006129013771005,6.201225802754201,-0.00427511055585828,0.0022799929409030788,3.7207354816525204,0.025,0.0,-0.03,0.0,1.0,0.0,0.015
23,0.7666517092875631,46,0.04913707583277756,0.0,-0.019035244828657212,0.010964755171342787,0.004035244828657213,8.070489657314425,-0.0027670197110284227,0.003935641227259503,4.842293794388655,0.025,0.0,-0.03,0.0,1.0,0.0,0.015
23,0.7666517092875631,47,0.04996203788513685,0.0,-0.01997121449423703,0.010028785505762968,0.004971214494237031,9.942428988474063,-0.005707915614008386,0.002642783682016372,5.965457393084438,0.025,0.0,-0.03,0.0,1.0,0.0,0.015
23,0.7666517092875631,48,0.05010300620197273,0.0,-0.021211215020137716,0.008788784979862282,0.006211215020137717,12.422430040275433,-0.0018811824155624424,0.004084077620455796,7.4534580241652595,0.025,0.0,-0.03,0.0,1.0,0.0,0.015
23,0.7666517092875631,49,0.050237230711624885,0.0,-0.022451945456110383,0.007548054543889616,0.007451945456110384,14.903890912220767,-0.006584782663083573,0.003994243553086977,8.94233454733246,0.025,0.0,-0.03,0.0,1.0,0.0,0.015
23,0.7666517092875631,50,0.05036554003645435,0.0,-0.023693331434472137,0.006306668565527862,0.008693331434472137,17.386662868944274,-0.0019005332853755518,0.005003296609042927,10.431997721366564,0.025,0.0,-0.03,0.0,1.0,0.0,0.015
23,0.7666517092875631,51,0.05048875689404721,0.0,-0.02493521221090136,0.005064787789098638,0.009935212210901361,19.87042442180272,-0.006211025463228322,0.005048618634889786,11.922254653081632,0.025,0.0,-0.03,0.0,1.0,0.0,0.015
23,0.7666517092875631,52,0.050607721764491076,0.0,-0.02617753793135673,0.0038224620686432703,0.011177537931356729,22.35507586271346,-0.0028413838285173405,0.005888137143117173,13.413045517628076,0.025,0.0,-0.03,0.0,1.0,0.0,0.015
23,0.7666517092875631,53,0.05072327005385564,0.0,-0.027420162384779078,0.002579837615220921,0.012420162384779079,24.84032476955816,-0.005294025178128666,0.006143843996163332,14.904194861734894,0.025,0.0,-0.03,0.0,1.0,0.0,0.015
23,0.7666517092875631,54,0.05083625184970721,0.0,-0.028663049097966933,0.0013369509020330662,0.013663049097966933,27.326098195933866,-0.003958450354361149,0.00677296507617221,16.39565891756032,0.025,0.0,-0.03,0.0,1.0,0.0,0.015
23,0.7666517092875631,55,0.050947511551346296,0.0,-0.029906073837109293,9.392616289070552e-05,0.014906073837109294,29.812147674218586,-0.004407293685664615,0.007228663139731786,17.88728860453115,0.025,0.0,-0.03,0.0,1.0,0.0,0.015
23,0.7666517092875631,56,0.05105790249187691,0.0,-0.031149186054011485,0.0011491860540114862,0.013850813945988513,27.701627891977026,0.004959938126824349,0.007677171618216582,16.620976735186215,0.025,0.0,-0.03,0.0,1.0,0.0,0.015
23,0.7666517092875631,57,0.05116827568703622,0.0,-0.032392301027325515,0.0023923010273255163,0.012607698972674483,25.215397945348965,0.003679822124064707,0.008297512259403964,15.129238767209378,0.025,0.0,-0.03,0.0,1.0,0.0,0.015
23,0.7666517092875631,58,0.05127948146124267,0.0,-0.03363532679548132,0.003635326795481321,0.011364673204518679,22.72934640903736,0.0056627820555929555,0.0086092065074612,13.637607845422414,0.025,0.0,-0.03,0.0,1.0,0.0,0.015
23,0.7666517092875631,59,0.05139237401123686,0.0,-0.03487822242260121,0.0048782224226012125,0.010121777577398787,20.243555154797573,0.003518801399405937,0.009315205316390652,12.146133092878543,0.025,0.0,-0.03,0.0,1.0,0.0,0.015
23,0.7666517092875631,60,0.05150779650089493,0.0,-0.036120851672114956,0.0061208516721149575,0.008879148327885042,17.758296655770085,0.005501066539473072,0.009620691199597086,10.654977993462051,0.025,0.0,-0.03,0.0,1.0,0.0,0.015
23,0.7666517092875631,61,0.05162660017984404,0.0,-0.03736319113764465,0.007363191137644651,0.007636808862355349,15.273617724710697,0.004388878569601909,0.010232569481169844,9.164170634826418,0.025,0.0,-0.03,0.0,1.0,0.0,0.015
23,0.7666517092875631,62,0.05174961949275009,0.0,-0.038605085668196266,0.008605085668196268,0.006394914331803732,12.789828663607464,0.004448919869174844,0.010694730595284693,7.673897198164478,0.025,0.0,-0.03,0.0,1.0,0.0,0.015
23,0.7666517092875631,63,0.051877693950500146,0.0,-0.03984648713937472,0.009846487139374721,0.005153512860625278,10.307025721250557,0.005739257843490282,0.01137442729998231,6.184215432750334,0.025,0.0,-0.03,0.0,1.0,0.0,0.015
23,0.7666517092875631,64,0.05146893432411805,0.0,-0.04102524388565651,0.01102524388565651,0.003974756114343489,7.949512228686978,0.0032388205636245913,0.011252481474883369,4.7697073372121865,0.025,0.0,-0.03,0.0,1.0,0.0,0.015
23,0.7666517092875631,65,0.05105494011046991,0.0,-0.0422021857362524,0.012202185736252404,0.002797814263747596,5.595628527495192,0.00602797351136444,0.012831728538828286,3.357377116497115,0.025,0.0,-0.03,0.0,1.0,0.0,0.015
23,0.7666517092875631,66,0.05063570982948199,0.0,-0.043377258147386015,0.013377258147386016,0.0016227418526139833,3.245483705227967,0.0026787693087895682,0.012249934721258515,1.94729022313678,0.025,0.0,-0.03,0.0,1.0,0.0,0.015
23,0.7666517092875631,67,0.05021123210242218,0.0,-0.044550461713647356,0.014550461713647357,0.0004495382863526423,0.8990765727052846,0.0054689133232584996,0.013870591795470608,0.5394459436231708,0.025,0.0,-0.03,0.0,1.0,0.0,0.015
24,0.7999843923000658,0,0.0,0.0,-0.018020026396194315,0.011979973603805684,0.0030200263961943155,6.040052792388631,0.0,0.0,3.6240316754331787,0.025,0.0,-0.03,0.0,1.0,0.0,0.015
24,0.7999843923000658,1,0.0011240121510117866,0.0,-0.017478766833360457,0.012521233166639542,0.0024787668333604573,4.957533666720915,9.084866156034864e-05,0.00019052260445146362,2.974520200032549,0.025,0.0,-0.03,0.0,1.0,0.0,0.015
24,0.7999843923000658,2,0.002252448038207199,0.0,-0.01694681298662791,0.013053187013372089,0.0019468129866279105,3.893625973255821,-0.00012843086434171855,0.00026895558718304267,2.3361755839534926,0.025,0.0,-0.03,0.0,1.0,0.0,0.015
24,0.7999843923000658,3,0.0033852559171530347,0.0,-0.016424189317629654,0.013575810682370345,0.0014241893176296545,2.848378635259309,6.653929048409886e-05,0.0001508413273143769,1.7090271811555853,0.025,0.0,-0.03,0.0,1.0,0.0,0.015
24,0.7999843923000658,4,0.0045223111543680194,0.0,-0.01591093789692632,0.014089062103073677,0.000910937896926322,1.821875793852644,8.291560785594939e-05,0.0002168746889201981,1.0931254763115863,0.025,0.0,-0.03,0.0,1.0,0.0,0.015
24,0.7999843923000658,5,0.005663583998673255,0.0,-0.015407042104478368,0.014592957895521631,0.0004070421044783685,0.8140842089567369,-0.00035656150366844444,0.0007881377179608378,0.48845052537404215,0.025,0.0,-0.03,0.0,1.0,0.0,0.015
24,0.7999843923000658,42,0.04576048248612147,0.0,-0.015391604786839885,0.014608395213160114,0.00039160478683988517,0.7832095736797704,-0.004233105535022297,0.00041794493516152917,0.4699257442078622,0.025,0.0,-0.03,0.0,1.0,0.0,0.015
24,0.7999843923000658,43,0.04658188019126268,0.0,-0.016331310951579456,0.013668689048420543,0.0013313109515794563,2.6626219031589127,-0.0015595306718072563,0.0031349713281757156,1.5975731418953476,0.025,0.0,-0.03,0.0,1.0,0.0,0.015
24,0.7999843923000658,44,0.04740208285031321,0.0,-0.01727202791917611,0.01272797208082389,0.0022720279191761096,4.544055838352219,-0.0038734757290503343,0.0014439518299269223,2.7264335030113314,0.025,0.0,-0.03,0.0,1.0,0.0,0.015
24,0.7999843923000658,45,0.048221850747939075,0.0,-0.018213145255682586,0.011786854744317413,0.003213145255682587,6.426290511365174,-0.0022971525909252022,0.003176297825601932,3.855774306819104,0.025,0.0,-0.03,0.0,1.0,0.0,0.015
24,0.7999843923000658,46,0.04904190279627127,0.0,-0.01915400530673187,0.010845994693268128,0.004154005306731871,8.308010613463743,-0.004205556274570193,0.001925598072255689,4.984806368078246,0.025,0.0,-0.03,0.0,1.0,0.0,0.015
24,0.7999843923000658,47,0.049859741016661296,0.0,-0.020096222546269964,0.009903777453730035,0.005096222546269964,10.192445092539929,-0.002130544774723657,0.0033491844582886317,6.115467055523957,0.025,0.0,-0.03,0.0,1.0,0.0,0.015
24,0.7999843923000658,48,0.049985633840603824,0.0,-0.02133784398087523,0.008662156019124768,0.006337843980875231,12.675687961750462,-0.00535679603509074,0.003050955777470277,7.605412777050277,0.025,0.0,-0.03,0.0,1.0,0.0,0.015
24,0.7999843923000658,49,0.050104726077298,0.0,-0.022580121412202524,0.007419878587797475,0.007580121412202524,15.16024282440505,-0.0015315369134217092,0.0038969906174115953,9.09614569464303,0.025,0.0,-0.03,0.0,1.0,0.0,0.015
24,0.7999843923000658,50,0.050217850688499446,0.0,-0.023822992781948358,0.006177007218051641,0.008822992781948358,17.645985563896716,-0.005377313579511327,0.003949845839275743,10.58759133833803,0.025,0.0,-0.03,0.0,1.0,0.0,0.015
24,0.7999843923000658,51,0.05032583629700997,0.0,-0.025066286129065675,0.004933713870934324,0.010066286129065675,20.13257225813135,-0.0023827352846196395,0.004654558322675773,12.07954335487881,0.025,0.0,-0.03,0.0,1.0,0.0,0.015
24,0.7999843923000658,52,0.050429532684177554,0.0,-0.02630999411838143,0.0036900058816185695,0.01130999411838143,22.61998823676286,-0.004221017987149788,0.004918367878582345,13.571992942057717,0.025,0.0,-0.03,0.0,1.0,0.0,0.015
24,0.7999843923000658,53,0.05052977925545304,0.0,-0.027553940512145644,0.0024460594878543546,0.012553940512145645,25.107881024291288,-0.0037139494609723807,0.005391050587420509,15.064728614574772,0.025,0.0,-0.03,0.0,1.0,0.0,0.015
24,0.7999843923000658,54,0.050627435754483266,0.0,-0.02879813849199741,0.00120186150800259,0.01379813849199741,27.59627698399482,-0.0034091719653705837,0.005846517625391924,16.55776619039689,0.025,0.0,-0.03,0.0,1.0,0.0,0.015
24,0.7999843923000658,55,0.0507233509825915,0.0,-0.03004243907262335,4.243907262335006e-05,0.01495756092737665,29.9151218547533,0.004018271421957162,0.006225051049540222,17.949073112851977,0.025,0.0,-0.03,0.0,1.0,0.0,0.015
24,0.7999843923000658,56,0.05081838692604478,0.0,-0.03128682845648517,0.0012868284564851729,0.013713171543514827,27.426343087029654,0.003920384208155367,0.006663716138641706,16.455805852217793,0.025,0.0,-0.03,0.0,1.0,0.0,0.015
24,0.7999843923000658,57,0.050913399890151784,0.0,-0.03253121249386516,0.002531212493865162,0.012468787506134837,24.937575012269676,0.003108330359698941,0.007160185182904093,14.962545007361804,0.025,0.0,-0.03,0.0,1.0,0.0,0.015
24,0.7999843923000658,58,0.051009248477163684,0.0,-0.03377552517298225,0.0037755251729822484,0.011224474827017751,22.448949654035502,0.005231781834459901,0.0074148672101740105,13.4693697924213,0.025,0.0,-0.03,0.0,1.0,0.0,0.015
24,0.7999843923000658,59,0.05110679180242824,0.0,-0.03501971827717733,0.005019718277177329,0.00998028172282267,19.96056344564534,0.0019311930943698786,0.008121582105112287,11.976338067387205,0.025,0.0,-0.03,0.0,1.0,0.0,0.015
24,0.7999843923000658,60,0.05120688250476731,0.0,-0.03626368851764141,0.006263688517641412,0.008736311482358587,17.472622964717175,0.006319493157025593,0.008175583119577804,10.483573778830305,0.025,0.0,-0.03,0.0,1.0,0.0,0.015
24,0.7999843923000658,61,0.05131037532015892,0.0,-0.0375073917954542,0.007507391795454198,0.007492608204545802,14.985216409091603,0.0013583796389642097,0.009037317703772349,8.991129845454962,0.025,0.0,-0.03,0.0,1.0,0.0,0.015
24,0.7999843923000658,62,0.05141811558267077,0.0,-0.03875072016741517,0.008750720167415169,0.006249279832584831,12.498559665169662,0.006576055490929081,0.009043115606892272,7.499135799101797,0.025,0.0,-0.03,0.0,1.0,0.0,0.015
24,0.7999843923000658,63,0.05153094714972844,0.0,-0.039993592669752595,0.009993592669752596,0.005006407330247403,10.012814660494806,0.0016879127817469328,0.009385930485267481,6.0076887962968835,0.025,0.0,-0.03,0.0,1.0,0.0,0.015
24,0.7999843923000658,64,0.051105417950833606,0.0,-0.04116641314217823,0.011166413142178234,0.003833586857821765,7.66717371564353,0.005982271440656042,0.01083680671339299,4.600304229386118,0.025,0.0,-0.03,0.0,1.0,0.0,0.015
24,0.7999843923000658,65,0.050674666305057396,0.0,-0.04233730989443059,0.01233730989443059,0.0026626901055694097,5.325380211138819,0.0017747034818060348,0.00988215672339934,3.1952281266832916,0.025,0.0,-0.03,0.0,1.0,0.0,0.015
24,0.7999843923000658,66,0.05023867411927101,0.0,-0.04350628438985669,0.013506284389856689,0.0014937156101433105,2.987431220286621,0.0052755571653718995,0.011710272062071966,1.7924587321719725,0.025,0.0,-0.03,0.0,1.0,0.0,0.015
24,0.7999843923000658,67,0.049797454479589894,0.0,-0.04467327524415822,0.014673275244158221,0.0003267247558417785,0.653449511683557,0.0016785440298574008,0.01088238324739525,0.3920697070101342,0.025,0.0,-0.03,0.0,1.0,0.0,0.015
25,0.8333170753125686,0,0.0,0.0,-0.018020026396194315,0.011979973603805684,0.0030200263961943155,6.040052792388631,0.0,0.0,3.6240316754331787,0.025,0.0,-0.03,0.0,1.0,0.0,0.015
25,0.8333170753125686,1,0.0011240059403159197,0.0,-0.017478767444726817,0.012521232555273182,0.0024787674447268176,4.957534889453635,-0.0002836023592947403,0.0005995167514417027,2.974520933672181,0.025,0.0,-0.03,0.0,1.0,0.0,0.015
25,0.8333170753125686,2,0.002252477052904823,0.0,-0.01694684866914927,0.013053151330850728,0.0019468486691492717,3.8936973382985434,0.0005435469023379284,0.0011719075492370213,2.3362184029791258,0.025,0.0,-0.03,0.0,1.0,0.0,0.015
25,0.8333170753125686,3,0.003385301898956714,0.0,-0.016424322670219652,0.013575677329780347,0.0014243226702196528,2.8486453404393055,-0.0007635278045764844,0.0016674627390842354,1.7091872042635832,0.025,0.0,-0.03,0.0,1.0,0.0,0.015
25,0.8333170753125686,4,0.004522445566994981,0.0,-0.015911190821908616,0.014088809178091383,0.0009111908219086168,1.8223816438172336,0.0008967991654902911,0.0020318776242127154,1.0934289862903401,0.025,0.0,-0.03,0.0,1.0,0.0,0.015
25,0.8333170753125686,5,0.005663765458409749,0.0,-0.015407487520313136,0.014592512479686863,0.0004074875203131361,0.8149750406262722,-0.000967397975431674,0.0021843288275536442,0.4889850243757633,0.025,0.0,-0.03,0.0,1.0,0.0,0.015
25,0.8333170753125686,42,0.04570259141889369,0.0,-0.015471941709607737,0.014528058290392262,0.0004719417096077372,0.9438834192154744,-0.002410260758484499,0.0014553536832875914,0.5663300515292846,0.025,0.0,-0.03,0.0,1.0,0.0,0.015
25,0.8333170753125686,43,0.04651785085137503,0.0,-0.016416973236308238,0.01358302676369176,0.0014169732363082388,2.8339464726164776,-0.0023015092677333726,0.001851323903620162,1.7003678835698866,0.025,0.0,-0.03,0.0,1.0,0.0,0.015
25,0.8333170753125686,44,0.04733191059756771,0.0,-0.017363022725996168,0.01263697727400383,0.0023630227259961688,4.726045451992338,-0.002599989628722823,0.0018911225720917586,2.8356272711954027,0.025,0.0,-0.03,0.0,1.0,0.0,0.015
25,0.8333170753125686,45,0.04814552726233738,0.0,-0.018309468756451428,0.01169053124354857,0.0033094687564514287,6.618937512902858,-0.0024856079026628485,0.0022860220796855108,3.9713625077417145,0.025,0.0,-0.03,0.0,1.0,0.0,0.015
25,0.8333170753125686,46,0.048959428902059565,0.0,-0.019255656482499012,0.010744343517500986,0.004255656482499013,8.511312964998027,-0.0032076154970312513,0.0020092179080667947,5.106787778998815,0.025,0.0,-0.03,0.0,1.0,0.0,0.015
25,0.8333170753125686,47,0.049771093725253984,0.0,-0.020203204566429572,0.009796795433570427,0.005203204566429573,10.406409132859146,-0.0021804115254634875,0.0027179157340936977,6.243845479715487,0.025,0.0,-0.03,0.0,1.0,0.0,0.015
25,0.8333170753125686,48,0.049883991033711265,0.0,-0.02144607021994275,0.00855392978005725,0.00644607021994275,12.8921404398855,-0.004271469240053195,0.0027000682630587605,7.7352842639313,0.025,0.0,-0.03,0.0,1.0,0.0,0.015
25,0.8333170753125686,49,0.04999004004380294,0.0,-0.02268954425609553,0.00731045574390447,0.00768954425609553,15.379088512191059,-0.00142834783903822,0.003338377315847899,9.227453107314634,0.025,0.0,-0.03,0.0,1.0,0.0,0.015
25,0.8333170753125686,50,0.05009007411601321,0.0,-0.023933526854944577,0.006066473145055422,0.008933526854944578,17.867053709889156,-0.004780650932059052,0.0034179904765969885,10.720232225933493,0.025,0.0,-0.03,0.0,1.0,0.0,0.015
25,0.8333170753125686,51,0.050184933423379686,0.0,-0.025177910418972403,0.004822089581027596,0.010177910418972404,20.35582083794481,-0.0014901489136853756,0.004053246887546304,12.213492502766885,0.025,0.0,-0.03,0.0,1.0,0.0,0.015
25,0.8333170753125686,52,0.050275467645087266,0.0,-0.02642263330519319,0.003577366694806808,0.011422633305193192,22.845266610386382,-0.004364829374568311,0.004196873910552803,13.70715996623183,0.025,0.0,-0.03,0.0,1.0,0.0,0.015
25,0.8333170753125686,53,0.0503625278618081,0.0,-0.027667589991375544,0.0023324100086244554,0.012667589991375544,25.33517998275109,-0.0023927280082831795,0.0047146793452063854,15.201107989650653,0.025,0.0,-0.03,0.0,1.0,0.0,0.015
25,0.8333170753125686,54,0.05044697453595762,0.0,-0.028912747758305605,0.001087252241694394,0.013912747758305605,27.825495516611213,-0.003364021121371041,0.005012466880461204,16.695297309966726,0.025,0.0,-0.03,0.0,1.0,0.0,0.015
25,0.8333170753125686,55,0.05052966603967727,0.0,-0.030158006840300528,0.00015800684030052928,0.01484199315969947,29.68398631939894,0.0034671977825488894,0.0053749849739055415,17.810391791639365,0.025,0.0,-0.03,0.0,1.0,0.0,0.015
25,0.8333170753125686,56,0.05061146775375484,0.0,-0.03140333764632635,0.001403337646326351,0.013596662353673648,27.193324707347298,0.0026240566784061776,0.005804433083680962,16.315994824408378,0.025,0.0,-0.03,0.0,1.0,0.0,0.015
25,0.8333170753125686,57,0.05069324286177384,0.0,-0.03264866655681927,0.002648666556819272,0.012351333443180727,24.702666886361456,0.003950074120005817,0.0060811430093037615,14.821600131816872,0.025,0.0,-0.03,0.0,1.0,0.0,0.015
25,0.8333170753125686,58,0.05077585521806567,0.0,-0.03389392952903877,0.0038939295290387685,0.011106070470961231,22.212140941922463,0.002579745756990178,0.006547680913414181,13.327284565153478,0.025,0.0,-0.03,0.0,1.0,0.0,0.015
25,0.8333170753125686,59,0.050860170372122926,0.0,-0.03513909892335704,0.005139098923357038,0.009860901076642961,19.72180215328592,0.003879786199327276,0.0068249219107503825,11.833081291971553,0.025,0.0,-0.03,0.0,1.0,0.0,0.015
25,0.8333170753125686,60,0.050947045200875486,0.0,-0.036384054699673436,0.006384054699673437,0.008615945300326562,17.231890600653124,0.002792890827416129,0.0072736307080322445,10.339134360391874,0.025,0.0,-0.03,0.0,1.0,0.0,0.015
25,0.8333170753125686,61,0.051037343268797004,0.0,-0.03762880520955277,0.007628805209552773,0.007371194790447226,14.742389580894452,0.003847408394627328,0.007563379706900336,8.84543374853667,0.025,0.0,-0.03,0.0,1.0,0.0,0.015
25,0.8333170753125686,62,0.05113191154747436,0.0,-0.038873188970109704,0.008873188970109705,0.0061268110298902945,12.25362205978059,0.002846395552222595,0.008001465018787754,7.352173235868353,0.025,0.0,-0.03,0.0,1.0,0.0,0.015
25,0.8333170753125686,63,0.0512316024549305,0.0,-0.04011720957086572,0.010117209570865718,0.004882790429134282,9.765580858268564,0.0039028581256480284,0.008402532331519144,5.859348514961138,0.025,0.0,-0.03,0.0,1.0,0.0,0.015
25,0.8333170753125686,64,0.05079169977979602,0.0,-0.04128468972707188,0.011284689727071882,0.003715310272928117,7.430620545856234,0.0028218861139230607,0.008581583538872943,4.45837232751374,0.025,0.0,-0.03,0.0,1.0,0.0,0.015
25,0.8333170753125686,65,0.050346564795379946,0.0,-0.04245022148051004,0.012450221480510039,0.0025497785194899605,5.099557038979921,0.003369824584352815,0.00923714163845123,3.0597342233879528,0.025,0.0,-0.03,0.0,1.0,0.0,0.015
25,0.8333170753125686,66,0.04989621352259951,0.0,-0.043613711469119285,0.013613711469119286,0.0013862885308807138,2.7725770617614276,0.002847365740569432,0.00949501494276172,1.6635462370568566,0.025,0.0,-0.03,0.0,1.0,0.0,0.015
25,0.8333170753125686,67,0.04944062434106838,0.0,-0.04477519456576823,0.01477519456576823,0.00022480543423177013,0.44961086846354026,0.0027922043714420012,0.009932822581765465,0.26976652107812416,0.025,0.0,-0.03,0.0,1.0,0.0,0.015
26,0.8666497583250713,0,0.0,0.0,-0.018020026396194315,0.011979973603805684,0.0030200263961943155,6.040052792388631,0.0,0.0,3.6240316754331787,0.025,0.0,-0.03,0.0,1.0,0.0,0.015
26,0.8666497583250713,1,0.0011240126713692594,0.0,-0.017478762272909256,0.012521237727090743,0.0024787622729092566,4.957524545818513,-0.00019038261462612341,0.00040635534394906526,2.974514727491108,0.025,0.0,-0.03,0.0,1.0,0.0,0.015
26,0.8666497583250713,2,0.0022524796312232494,0.0,-0.016946889840471383,0.013053110159528616,0.0019468898404713837,3.8937796809427674,0.00035155938768682534,0.0007652288083624731,2.3362678085656605,0.025,0.0,-0.03,0.0,1.0,0.0,0.015
26,0.8666497583250713,3,0.003385371378540637,0.0,-0.01642442404202824,0.01357557595797176,0.001424424042028239,2.848848084056478,-0.0004780239352768362,0.001046750424689023,1.7093088504338867,0.025,0.0,-0.03,0.0,1.0,0.0,0.015
26,0.8666497583250713,4,0.004522527369031933,0.0,-0.015911424054944407,0.014088575945055592,0.0009114240549444076,1.8228481098888152,0.0005555325916799017,0.0012666781979226809,1.093708865933289,0.025,0.0,-0.03,0.0,1.0,0.0,0.015
26,0.8666497583250713,5,0.005663957478555435,0.0,-0.015407855939410473,0.014592144060589526,0.0004078559394104734,0.8157118788209468,-0.0006394071429675848,0.0014396612393714032,0.48942712729256804,0.025,0.0,-0.03,0.0,1.0,0.0,0.015
26,0.8666497583250713,42,0.045652469032403394,0.0,-0.015540765497423377,0.014459234502576622,0.0005407654974233771,1.0815309948467542,-0.0012135088421392154,0.0019977795671156573,0.6489185969080525,0.025,0.0,-0.03,0.0,1.0,0.0,0.015
26,0.8666497583250713,43,0.04646243104393883,0.0,-0.016490360929649124,0.013509639070350875,0.0014903609296491246,2.9807218592982494,-0.002595971139873149,0.0010634357623296278,1.7884331155789497,0.025,0.0,-0.03,0.0,1.0,0.0,0.015
26,0.8666497583250713,44,0.0472711689696655,0.0,-0.017440956991971,0.012559043008029,0.0024409569919709995,4.881913983941999,-0.0018035085563264282,0.0020011182023441944,2.9291483903651994,0.025,0.0,-0.03,0.0,1.0,0.0,0.015
26,0.8666497583250713,45,0.04807946984922517,0.0,-0.01839196159800363,0.011608038401996368,0.0033919615980036316,6.7839231960072635,-0.0023715324555913546,0.0017656197511478095,4.070353917604358,0.025,0.0,-0.03,0.0,1.0,0.0,0.015
26,0.8666497583250713,46,0.048888049541525494,0.0,-0.019342699163177997,0.010657300836822002,0.004342699163177997,8.685398326355994,-0.002662563171927966,0.0018227041017545404,5.211238995813596,0.025,0.0,-0.03,0.0,1.0,0.0,0.015
26,0.8666497583250713,47,0.04969437484678741,0.0,-0.020294801667537977,0.009705198332462021,0.005294801667537978,10.589603335075957,-0.0018274106717146717,0.0023352589644888883,6.353762001045574,0.025,0.0,-0.03,0.0,1.0,0.0,0.015
26,0.8666497583250713,48,0.049796076151688316,0.0,-0.02153863200519897,0.008461367994801027,0.006538632005198972,13.077264010397945,-0.0037474144446986756,0.00233692519004457,7.846358406238767,0.025,0.0,-0.03,0.0,1.0,0.0,0.015
26,0.8666497583250713,49,0.049890887660337786,0.0,-0.022783021555161393,0.007216978444838606,0.007783021555161394,15.566043110322788,-0.0011760399047226428,0.0028750413242218647,9.339625866193673,0.025,0.0,-0.03,0.0,1.0,0.0,0.015
26,0.8666497583250713,50,0.0499796453084879,0.0,-0.024027857154074933,0.005972142845925066,0.009027857154074934,18.055714308149867,-0.004023796218551653,0.0029711896289957786,10.83342858488992,0.025,0.0,-0.03,0.0,1.0,0.0,0.015
26,0.8666497583250713,51,0.05006319618517489,0.0,-0.02527306014037588,0.004726939859624118,0.010273060140375882,20.54612028075176,-0.0013810061715244298,0.0034789262170761837,12.327672168451057,0.025,0.0,-0.03,0.0,1.0,0.0,0.015
26,0.8666497583250713,52,0.05014239308338042,0.0,-0.02651855277391907,0.0034814472260809304,0.011518552773919069,23.037105547838138,-0.003719314720461653,0.0036344263551070758,13.822263328702883,0.025,0.0,-0.03,0.0,1.0,0.0,0.015
26,0.8666497583250713,53,0.050218094016437204,0.0,-0.02776426174425654,0.0022357382557434587,0.01276426174425654,25.52852348851308,-0.001700859185873201,0.004084538231257882,15.317114093107847,0.025,0.0,-0.03,0.0,1.0,0.0,0.015
26,0.8666497583250713,54,0.05029116230576366,0.0,-0.02901013550180136,0.0009898644981986386,0.01401013550180136,28.020271003602723,-0.003727521962275223,0.004273679823793592,16.81216260216163,0.025,0.0,-0.03,0.0,1.0,0.0,0.015
26,0.8666497583250713,55,0.05036246320663385,0.0,-0.030256107743208662,0.0002561077432086632,0.014743892256791336,29.48778451358267,0.001471860361739182,0.0047312946497508135,17.692670708149603,0.025,0.0,-0.03,0.0,1.0,0.0,0.015
26,0.8666497583250713,56,0.05043286538737346,0.0,-0.03150213549014826,0.001502135490148264,0.013497864509851736,26.99572901970347,0.004218262683504215,0.004881076633740716,16.197437411822083,0.025,0.0,-0.03,0.0,1.0,0.0,0.015
26,0.8666497583250713,57,0.05050323760388225,0.0,-0.03274816185140954,0.002748161851409539,0.01225183814859046,24.50367629718092,0.0010703380318399299,0.005392526747574446,14.702205778308551,0.025,0.0,-0.03,0.0,1.0,0.0,0.015
26,0.8666497583250713,58,0.050574449322265486,0.0,-0.03399414100913872,0.003994141009138724,0.011005858990861275,22.01171798172255,0.004460736447953319,0.00550048583455149,13.20703078903353,0.025,0.0,-0.03,0.0,1.0,0.0,0.015
26,0.8666497583250713,59,0.05064736842674674,0.0,-0.03524001719910131,0.005240017199101311,0.009759982800898688,19.519965601797377,0.0012691006449234788,0.0060203745070494825,11.711979361078425,0.025,0.0,-0.03,0.0,1.0,0.0,0.015
26,0.8666497583250713,60,0.05072286122139031,0.0,-0.0364857395840362,0.006485739584036199,0.0085142604159638,17.0285208319276,0.003957909854849391,0.006163572775589372,10.21711249915656,0.025,0.0,-0.03,0.0,1.0,0.0,0.015
26,0.8666497583250713,61,0.050801790127185956,0.0,-0.037731242026569745,0.007731242026569746,0.007268757973430254,14.537515946860507,0.002114260048242501,0.006605395805488017,8.722509568116305,0.025,0.0,-0.03,0.0,1.0,0.0,0.015
26,0.8666497583250713,62,0.05088501401480955,0.0,-0.038976462262535864,0.008976462262535866,0.006023537737464134,12.047075474928267,0.003123501712326325,0.006846956261050685,7.22824528495696,0.025,0.0,-0.03,0.0,1.0,0.0,0.015
26,0.8666497583250713,63,0.05097338531062214,0.0,-0.040221322097704466,0.010221322097704467,0.004778677902295532,9.557355804591063,0.002890911095030764,0.007221901365970454,5.734413482754638,0.025,0.0,-0.03,0.0,1.0,0.0,0.015
26,0.8666497583250713,64,0.05052114694407884,0.0,-0.04138409526436517,0.011384095264365172,0.003615904735634827,7.231809471269654,0.0026073139053456483,0.0074790068595603654,4.339085682761792,0.025,0.0,-0.03,0.0,1.0,0.0,0.015
26,0.8666497583250713,65,0.05006368796714138,0.0,-0.0425448322575562,0.012544832257556204,0.002455167742443795,4.91033548488759,0.0025733748310964493,0.007860593596419291,2.9462012909325543,0.025,0.0,-0.03,0.0,1.0,0.0,0.015
26,0.8666497583250713,66,0.049601011141787096,0.0,-0.0437034869945844,0.013703486994584402,0.0012965130054155977,2.5930260108311955,0.0028788538262090636,0.008382346371512549,1.5558156064987172,0.025,0.0,-0.03,0.0,1.0,0.0,0.015
26,0.8666497583250713,67,0.049133111102705344,0.0,-0.04486005463578751,0.01486005463578751,0.000139945364212489,0.279890728424978,0.0013210865895969396,0.008145729810438158,0.16793443705498678,0.025,0.0,-0.03,0.0,1.0,0.0,0.015
27,0.8999824413375741,0,0.0,0.0,-0.018020026396194315,0.011979973603805684,0.0030200263961943155,6.040052792388631,0.0,0.0,3.6240316754331787,0.025,0.0,-0.03,0.0,1.0,0.0,0.015
27,0.8999824413375741,1,0.00112400658574963,0.0,-0.01747876342721236,0.012521236572787638,0.002478763427212361,4.957526854424723,2.1451215171489216e-05,4.570385682202435e-05,2.9745161126548334,0.025,0.0,-0.03,0.0,1.0,0.0,0.015
27,0.8999824413375741,2,0.0022525040718504915,0.0,-0.01694691500333991,0.013053084996660087,0.0019469150033399121,3.893830006679824,-2.3739431995872952e-07,1.8989501417530883e-06,2.3362980040078942,0.025,0.0,-0.03,0.0,1.0,0.0,0.015
27,0.8999824413375741,3,0.0033854013711513025,0.0,-0.0164245249866165,0.0135754750133835,0.0014245249866165002,2.8490499732330004,-9.179646062268369e-05,0.00019688483235241427,1.7094299839398002,0.025,0.0,-0.03,0.0,1.0,0.0,0.015
27,0.8999824413375741,4,0.00452263228429976,0.0,-0.015911609662453956,0.014088390337546042,0.000911609662453957,1.823219324907914,0.0002346878601936595,0.0005452523973748392,1.0939315949447483,0.025,0.0,-0.03,0.0,1.0,0.0,0.015
27,0.8999824413375741,5,0.005664086602966973,0.0,-0.015408189231199939,0.01459181076880006,0.0004081892311999392,0.8163784623998783,-0.00043488602471775177,0.0009776589585777384,0.489827077439927,0.025,0.0,-0.03,0.0,1.0,0.0,0.015
27,0.8999824413375741,42,0.045609139770798196,0.0,-0.015599766031565586,0.014400233968434413,0.0005997660315655868,1.1995320631311737,-0.0009110468476672262,0.001829346871181196,0.7197192378787042,0.025,0.0,-0.03,0.0,1.0,0.0,0.015
27,0.8999824413375741,43,0.04641450298781671,0.0,-0.016553238986809278,0.013446761013190721,0.0015532389868092786,3.1064779736185573,-0.002355377246949517,0.0008141641593874544,1.8638867841711342,0.025,0.0,-0.03,0.0,1.0,0.0,0.015
27,0.8999824413375741,44,0.04721865896192534,0.0,-0.017507741685657496,0.012492258314342503,0.002507741685657497,5.0154833713149936,-0.001399042932630581,0.0018496574423615666,3.009290022788996,0.025,0.0,-0.03,0.0,1.0,0.0,0.015
27,0.8999824413375741,45,0.048022354531447674,0.0,-0.018462629980012624,0.011537370019987375,0.003462629980012625,6.92525996002525,-0.002244961303762986,0.0013488894115206568,4.15515597601515,0.025,0.0,-0.03,0.0,1.0,0.0,0.015
27,0.8999824413375741,46,0.04882634373247824,0.0,-0.019417267435846774,0.010582732564153225,0.004417267435846774,8.834534871693549,-0.0019347860901930882,0.0018354639826558242,5.300720923016129,0.025,0.0,-0.03,0.0,1.0,0.0,0.015
27,0.8999824413375741,47,0.0496280503407771,0.0,-0.020373256668028798,0.0096267433319712,0.005373256668028799,10.746513336057598,-0.0022020785169664125,0.0018160663571160063,6.447908001634558,0.025,0.0,-0.03,0.0,1.0,0.0,0.015
27,0.8999824413375741,48,0.049720112224492685,0.0,-0.02161784276019557,0.008382157239804428,0.006617842760195572,13.235685520391144,-0.0022113923413085326,0.0021164367474838957,7.941411312234686,0.025,0.0,-0.03,0.0,1.0,0.0,0.015
27,0.8999824413375741,49,0.049805246451298454,0.0,-0.022862933250894252,0.007137066749105747,0.007862933250894252,15.725866501788504,-0.0022518395760229544,0.002382709083111646,9.435519901073102,0.025,0.0,-0.03,0.0,1.0,0.0,0.015
27,0.8999824413375741,50,0.049884294662787924,0.0,-0.024108425351976385,0.005891574648023614,0.009108425351976385,18.216850703952773,-0.002048395753294989,0.0026666781187483805,10.930110422371664,0.025,0.0,-0.03,0.0,1.0,0.0,0.015
27,0.8999824413375741,51,0.0499581082264922,0.0,-0.025354248831585633,0.004645751168414366,0.010354248831585634,20.70849766317127,-0.002656072714846039,0.0029008985769600794,12.42509859790276,0.025,0.0,-0.03,0.0,1.0,0.0,0.015
27,0.8999824413375741,52,0.05002754355628691,0.0,-0.026600321616501103,0.0033996783834988956,0.011600321616501104,23.200643233002207,-0.0015884497737995026,0.0032366749242104813,13.920385939801324,0.025,0.0,-0.03,0.0,1.0,0.0,0.015
27,0.8999824413375741,53,0.05009346408845671,0.0,-0.02784659650267365,0.0021534034973263484,0.012846596502673651,25.6931930053473,-0.0032156783795564857,0.003416483300959643,15.41591580320838,0.025,0.0,-0.03,0.0,1.0,0.0,0.015
27,0.8999824413375741,54,0.05015673560154728,0.0,-0.029092999648645448,0.0009070003513545512,0.014092999648645448,28.185999297290895,-0.0011466393165134815,0.003804131450883467,16.911599578374535,0.025,0.0,-0.03,0.0,1.0,0.0,0.015
27,0.8999824413375741,55,0.05021822966983105,0.0,-0.030339508702450363,0.000339508702450364,0.014660491297549635,29.32098259509927,0.003562813861903447,0.0039470834024982375,17.59258955705956,0.025,0.0,-0.03,0.0,1.0,0.0,0.015
27,0.8999824413375741,56,0.05027881653719528,0.0,-0.03158604144025224,0.0015860414402522408,0.013413958559747759,26.827917119495517,0.0010549577007531888,0.004354264654861606,16.09675027169731,0.025,0.0,-0.03,0.0,1.0,0.0,0.015
27,0.8999824413375741,57,0.05033937210866096,0.0,-0.032832602507373215,0.0028326025073732164,0.012167397492626783,24.334794985253566,0.0035244922693236217,0.00449687344570548,14.60087699115214,0.025,0.0,-0.03,0.0,1.0,0.0,0.015
27,0.8999824413375741,58,0.050400766475125335,0.0,-0.03407908814542289,0.0040790881454228906,0.010920911854577109,21.84182370915422,0.0012375242313213879,0.004893151858877723,13.10509422549253,0.025,0.0,-0.03,0.0,1.0,0.0,0.015
27,0.8999824413375741,59,0.05046387575979088,0.0,-0.03532552323454022,0.005325523234540219,0.00967447676545978,19.34895353091956,0.003448183835151649,0.005045244130927752,11.609372118551734,0.025,0.0,-0.03,0.0,1.0,0.0,0.015
27,0.8999824413375741,60,0.05052956589070514,0.0,-0.036571782613949354,0.006571782613949355,0.008428217386050645,16.856434772101288,0.0011803406080359326,0.005448254267419142,10.113860863260772,0.025,0.0,-0.03,0.0,1.0,0.0,0.015
27,0.8999824413375741,61,0.050598708327300124,0.0,-0.03781788941491315,0.007817889414913154,0.0071821105850868455,14.36422117017369,0.0038199880035813057,0.005566650819574647,8.618532702104215,0.025,0.0,-0.03,0.0,1.0,0.0,0.015
27,0.8999824413375741,62,0.05067216161085699,0.0,-0.039063710180154886,0.009063710180154887,0.005936289819845113,11.872579639690226,0.0006571784034228301,0.005985290037169018,7.123547783814136,0.025,0.0,-0.03,0.0,1.0,0.0,0.015
27,0.8999824413375741,63,0.05075078551366811,0.0,-0.04030923879411926,0.010309238794119262,0.004690761205880738,9.381522411761475,0.004488473413632712,0.006581866663265107,5.628913447056885,0.025,0.0,-0.03,0.0,1.0,0.0,0.015
27,0.8999824413375741,64,0.050287970282575464,0.0,-0.04146783347773271,0.011467833477732711,0.0035321665222672882,7.0643330445345764,-6.83434648041451e-05,0.005573147446274346,4.238599826720746,0.025,0.0,-0.03,0.0,1.0,0.0,0.015
27,0.8999824413375741,65,0.04981993483800257,0.0,-0.0426243535832367,0.0126243535832367,0.0023756464167632996,4.751292833526599,0.004749948641043427,0.00782141291333627,2.8507757001159595,0.025,0.0,-0.03,0.0,1.0,0.0,0.015
27,0.8999824413375741,66,0.04934669264948423,0.0,-0.043778725140393285,0.013778725140393286,0.0012212748596067136,2.442549719213427,-0.000439972211419644,0.006041415218972793,1.4655298315280563,0.025,0.0,-0.03,0.0,1.0,0.0,0.015
27,0.8999824413375741,67,0.04886822726972341,0.0,-0.04493097327695714,0.014930973276957138,6.90267230428615e-05,0.138053446085723,0.004191422877400881,0.008304654921112854,0.0828320676514338,0.025,0.0,-0.03,0.0,1.0,0.0,0.015
28,0.9333151243500768,0,0.0,0.0,-0.018020026396194315,0.011979973603805684,0.0030200263961943155,6.040052792388631,0.0,0.0,3.6240316754331787,0.025,0.0,-0.03,0.0,1.0,0.0,0.015
28,0.9333151243500768,1,0.0011240098251253038,0.0,-0.01747876042020094,0.01252123957979906,0.00247876042020094,4.95752084040188,8.912514984153398e-05,0.00018694289451636934,2.9745125042411282,0.025,0.0,-0.03,0.0,1.0,0.0,0.015
28,0.9333151243500768,2,0.0022525091019359074,0.0,-0.01694694410951431,0.01305305589048569,0.0019469441095143099,3.8938882190286197,-0.00015418460279949025,0.0003266511908677383,2.336332931417172,0.025,0.0,-0.03,0.0,1.0,0.0,0.015
28,0.9333151243500768,3,0.0033854491248670776,0.0,-0.016424601954327794,0.013575398045672205,0.001424601954327795,2.84920390865559,0.0001722614290460877,0.0003804160728441516,1.7095223451933539,0.025,0.0,-0.03,0.0,1.0,0.0,0.015
28,0.9333151243500768,4,0.0045226966840434205,0.0,-0.015911781085653408,0.014088218914346591,0.0009117810856534084,1.8235621713068166,-0.00014808805066852138,0.00031532873974000674,1.09413730278409,0.025,0.0,-0.03,0.0,1.0,0.0,0.015
28,0.9333151243500768,5,0.005664226070338621,0.0,-0.01540846396213782,0.014591536037862179,0.00040846396213782034,0.8169279242756406,5.407657102740809e-05,0.00014049063172195353,0.4901567545653844,0.025,0.0,-0.03,0.0,1.0,0.0,0.015
28,0.9333151243500768,42,0.04557169769028079,0.0,-0.015650335977683727,0.014349664022316272,0.0006503359776837275,1.300671955367455,-0.0013599012640831585,0.00107937694168089,0.780403173220473,0.025,0.0,-0.03,0.0,1.0,0.0,0.015
28,0.9333151243500768,43,0.046373109960408665,0.0,-0.016607148852903417,0.013392851147096582,0.0016071488529034172,3.2142977058068345,-0.0016641299156991741,0.0010110091335309309,1.9285786234841007,0.025,0.0,-0.03,0.0,1.0,0.0,0.015
28,0.9333151243500768,44,0.047173295904531024,0.0,-0.017564977326906372,0.012435022673093626,0.002564977326906373,5.129954653812746,-0.0013785927915608356,0.0014402113155148758,3.0779727922876474,0.025,0.0,-0.03,0.0,1.0,0.0,0.015
28,0.9333151243500768,45,0.04797302456305315,0.0,-0.018523198793977545,0.011476801206022454,0.003523198793977545,7.046397587955091,-0.001843910915453427,0.001235361772681652,4.227838552773054,0.025,0.0,-0.03,0.0,1.0,0.0,0.015
28,0.9333151243500768,46,0.0487730455982363,0.0,-0.01948116712202381,0.01051883287797619,0.004481167122023809,8.962334244047618,-0.0017239901419348791,0.0015355916056609444,5.377400546428571,0.025,0.0,-0.03,0.0,1.0,0.0,0.015
28,0.9333151243500768,47,0.0495707665782467,0.0,-0.020440483280811654,0.009559516719188345,0.005440483280811655,10.880966561623309,-0.001748260706014512,0.001602693516307762,6.528579936973985,0.025,0.0,-0.03,0.0,1.0,0.0,0.015
28,0.9333151243500768,48,0.049654530446559784,0.0,-0.021685661075359228,0.008314338924640771,0.006685661075359228,13.371322150718456,-0.002140615344687895,0.0018079587781775139,8.022793290431073,0.025,0.0,-0.03,0.0,1.0,0.0,0.015
28,0.9333151243500768,49,0.0497313345185641,0.0,-0.022931290239630524,0.007068709760369475,0.007931290239630524,15.862580479261048,-0.0016173133409802525,0.002075697798804118,9.517548287556629,0.025,0.0,-0.03,0.0,1.0,0.0,0.015
28,0.9333151243500768,50,0.04980202582474818,0.0,-0.024177293745278498,0.005822706254721501,0.009177293745278498,18.354587490556998,-0.002057765587665599,0.002280630378862159,11.0127524943342,0.025,0.0,-0.03,0.0,1.0,0.0,0.015
28,0.9333151243500768,51,0.04986745765504842,0.0,-0.025423579561758582,0.0045764204382414166,0.010423579561758583,20.847159123517166,-0.002018604558397853,0.0025180504591653615,12.5082954741103,0.025,0.0,-0.03,0.0,1.0,0.0,0.015
28,0.9333151243500768,52,0.04992849202622252,0.0,-0.026670104577401838,0.0033298954225981607,0.011670104577401839,23.340209154803677,-0.0015363232189116525,0.0027769713929794394,14.004125492882206,0.025,0.0,-0.03,0.0,1.0,0.0,0.015
28,0.9333151243500768,53,0.04998599369745163,0.0,-0.027916786540581457,0.002083213459418542,0.012916786540581458,25.833573081162914,-0.002609390550587394,0.0029575605570647196,15.500143848697748,0.025,0.0,-0.03,0.0,1.0,0.0,0.015
28,0.9333151243500768,54,0.05004083462248947,0.0,-0.029163606331982027,0.000836393668017972,0.014163606331982027,28.327212663964055,-0.0011079627792976207,0.003265778107154813,16.996327598378432,0.025,0.0,-0.03,0.0,1.0,0.0,0.015
28,0.9333151243500768,55,0.050093886821114375,0.0,-0.03041048750688723,0.00041048750688723115,0.014589512493112768,29.179024986225535,0.0028707863963550206,0.0034169182446760907,17.50741499173532,0.025,0.0,-0.03,0.0,1.0,0.0,0.015
28,0.9333151243500768,56,0.050146027780267485,0.0,-0.031657426768323144,0.0016574267683231447,0.013342573231676855,26.68514646335371,0.001110321132001442,0.0037350987825847874,16.011087878012226,0.025,0.0,-0.03,0.0,1.0,0.0,0.015
28,0.9333151243500768,57,0.05019813243057691,0.0,-0.032904345574270494,0.002904345574270495,0.012095654425729505,24.19130885145901,0.0027375787895525714,0.0038938252538676245,14.514785310875405,0.025,0.0,-0.03,0.0,1.0,0.0,0.015
28,0.9333151243500768,58,0.050251079759348734,0.0,-0.03415125159309397,0.004151251593093971,0.010848748406906028,21.697496813812055,0.0013639042912516224,0.0041949285654301035,13.018498088287233,0.025,0.0,-0.03,0.0,1.0,0.0,0.015
28,0.9333151243500768,59,0.050305743200906576,0.0,-0.035398054862490654,0.005398054862490655,0.009601945137509345,19.20389027501869,0.0025329244769017136,0.004372589076455033,11.522334165011214,0.025,0.0,-0.03,0.0,1.0,0.0,0.015
28,0.9333151243500768,60,0.05036299916881794,0.0,-0.03664476657743234,0.006644766577432341,0.008355233422567658,16.710466845135315,0.0015423197541403564,0.0046585061832403974,10.026280107081188,0.025,0.0,-0.03,0.0,1.0,0.0,0.015
28,0.9333151243500768,61,0.05042371543858566,0.0,-0.03789128249122189,0.007891282491221889,0.00710871750877811,14.217435017556221,0.0024830318504497715,0.004843953716954541,8.530461010533733,0.025,0.0,-0.03,0.0,1.0,0.0,0.015
28,0.9333151243500768,62,0.05048876117181778,0.0,-0.039137601572514724,0.009137601572514725,0.005862398427485274,11.724796854970549,0.001572681975352584,0.005116736736639619,7.034878112982329,0.025,0.0,-0.03,0.0,1.0,0.0,0.015
28,0.9333151243500768,63,0.05055899591980526,0.0,-0.04038360987697057,0.010383609876970575,0.004616390123029425,9.23278024605885,0.0025316003791881338,0.005420384491090338,5.53966814763531,0.025,0.0,-0.03,0.0,1.0,0.0,0.015
28,0.9333151243500768,64,0.050087100519319666,0.0,-0.041538558257018465,0.011538558257018466,0.003461441742981533,6.922883485963066,0.0014438318283075458,0.005391623483996216,4.153730091577839,0.025,0.0,-0.03,0.0,1.0,0.0,0.015
28,0.9333151243500768,65,0.049610001908033254,0.0,-0.04269134662670831,0.01269134662670831,0.00230865337329169,4.61730674658338,0.002368710748480131,0.0060557030220992295,2.770384047950028,0.025,0.0,-0.03,0.0,1.0,0.0,0.015
28,0.9333151243500768,66,0.049127685868205054,0.0,-0.043841980543588524,0.013841980543588525,0.0011580194564114743,2.3160389128229486,0.0012295932597058243,0.005875762181832611,1.3896233476937692,0.025,0.0,-0.03,0.0,1.0,0.0,0.015
28,0.9333151243500768,67,0.048640171282859926,0.0,-0.04499040162108282,0.014990401621082824,9.598378917174966e-06,0.01919675783434993,0.002099550550629715,0.006541494119018401,0.011518054700609959,0.025,0.0,-0.03,0.0,1.0,0.0,0.015
29,0.9666478073625796,0,0.0,0.0,-0.018020026396194315,0.011979973603805684,0.0030200263961943155,6.040052792388631,0.0,0.0,3.6240316754331787,0.025,0.0,-0.03,0.0,1.0,0.0,0.015
29,0.9666478073625796,1,0.0011240043416437225,0.0,-0.01747876173221395,0.012521238267786047,0.002478761732213952,4.957523464427904,-0.00010488626023774898,0.0002212186778287235,2.9745140786567426,0.025,0.0,-0.03,0.0,1.0,0.0,0.015
29,0.9666478073625796,2,0.002252529133742588,0.0,-0.01694696189088226,0.013053038109117739,0.0019469618908822608,3.8939237817645216,0.00023555907375923715,0.0005081004476523854,2.3363542690587127,0.025,0.0,-0.03,0.0,1.0,0.0,0.015
29,0.9666478073625796,3,0.0033854685921275466,0.0,-0.016424678062491496,0.013575321937508503,0.0014246780624914968,2.8493561249829935,-0.0004105369719560268,0.0008982453423952372,1.709613674989796,0.025,0.0,-0.03,0.0,1.0,0.0,0.015
29,0.9666478073625796,4,0.00452277796115124,0.0,-0.0159119171718603,0.014088082828139697,0.000911917171860302,1.823834343720604,0.0006146284308218055,0.001394178708977568,1.0943006062323624,0.025,0.0,-0.03,0.0,1.0,0.0,0.015
29,0.9666478073625796,5,0.00566431774233404,0.0,-0.015408712870658712,0.014591287129341287,0.0004087128706587121,0.8174257413174242,-0.0008507162877795724,0.0019390493427027212,0.4904554447904545,0.025,0.0,-0.03,0.0,1.0,0.0,0.015
29,0.9666478073625796,42,0.04553938459877818,0.0,-0.015693709343176147,0.014306290656823852,0.0006937093431761479,1.3874186863522957,-0.0018422093359095008,0.00036202173811910275,0.8324512118113774,0.025,0.0,-0.03,0.0,1.0,0.0,0.015
29,0.9666478073625796,43,0.04633737758508338,0.0,-0.016653368652292565,0.013346631347707433,0.001653368652292566,3.306737304585132,-0.0007159062720986473,0.0014705973779390836,1.984042382751079,0.025,0.0,-0.03,0.0,1.0,0.0,0.015
29,0.9666478073625796,44,0.047134146486703825,0.0,-0.017614053410623064,0.012385946589376935,0.002614053410623065,5.22810682124613,-0.0018893262659910733,0.000648353116186618,3.136864092747678,0.025,0.0,-0.03,0.0,1.0,0.0,0.015
29,0.9666478073625796,45,0.04793044782239381,0.0,-0.01857512220270516,0.011424877797294838,0.0035751222027051617,7.150244405410324,-0.0009344732037488482,0.0016071691664196056,4.290146643246194,0.025,0.0,-0.03,0.0,1.0,0.0,0.015
29,0.9666478073625796,46,0.04872704754424725,0.0,-0.01953594421784675,0.010464055782153248,0.004535944217846751,9.071888435693502,-0.0020077546662981933,0.0008972496923656482,5.443133061416101,0.025,0.0,-0.03,0.0,1.0,0.0,0.015
29,0.9666478073625796,47,0.049521329627769686,0.0,-0.020498108628784668,0.009501891371215331,0.005498108628784668,10.996217257569336,-0.0010824482649678196,0.0015876946705015139,6.597730354541602,0.025,0.0,-0.03,0.0,1.0,0.0,0.015
29,0.9666478073625796,48,0.04959795256256011,0.0,-0.021743747877142523,0.008256252122857476,0.006743747877142523,13.487495754285046,-0.0021545145669522817,0.0015223392359660559,8.092497452571028,0.025,0.0,-0.03,0.0,1.0,0.0,0.015
29,0.9666478073625796,49,0.04966758892908544,0.0,-0.022989801370924767,0.007010198629075232,0.007989801370924768,15.979602741849536,-0.001154463531344127,0.0018033605040485166,9.58776164510972,0.025,0.0,-0.03,0.0,1.0,0.0,0.015
29,0.9666478073625796,50,0.0497310888448141,0.0,-0.02423619252115277,0.0057638074788472285,0.009236192521152771,18.472385042305543,-0.001946343592977936,0.0019565771152323464,11.083431025383325,0.025,0.0,-0.03,0.0,1.0,0.0,0.015
29,0.9666478073625796,51,0.04978930912295197,0.0,-0.025482839877370978,0.004517160122629021,0.010482839877370979,20.965679754741956,-0.001517892160911482,0.0021809774043871043,12.579407852845174,0.025,0.0,-0.03,0.0,1.0,0.0,0.015
29,0.9666478073625796,52,0.049843114388408494,0.0,-0.026729698115033392,0.0032703018849666067,0.011729698115033393,23.459396230066787,-0.0016149569995954104,0.002376954097328674,14.075637738040072,0.025,0.0,-0.03,0.0,1.0,0.0,0.015
29,0.9666478073625796,53,0.04989337295465005,0.0,-0.027976696955502336,0.002023303044497663,0.012976696955502336,25.95339391100467,-0.001765994146476054,0.0025719637871152285,15.572036346602802,0.025,0.0,-0.03,0.0,1.0,0.0,0.015
29,0.9666478073625796,54,0.04994095930251065,0.0,-0.029223814867737764,0.0007761851322622346,0.014223814867737765,28.44762973547553,-0.0016154718069204168,0.002780863445319528,17.068577841285318,0.025,0.0,-0.03,0.0,1.0,0.0,0.015
29,0.9666478073625796,55,0.049986749012006476,0.0,-0.030470988663013867,0.0004709886630138681,0.014529011336986131,29.058022673972264,0.001550144953894946,0.0029851722373045713,17.434813604383358,0.025,0.0,-0.03,0.0,1.0,0.0,0.015
29,0.9666478073625796,56,0.05003162188578201,0.0,-0.031718208500914245,0.0017182085009142464,0.013281791499085753,26.563582998171505,0.0020489903675106795,0.0031675702359418786,15.938149798902902,0.025,0.0,-0.03,0.0,1.0,0.0,0.015
29,0.9666478073625796,57,0.050076456819737276,0.0,-0.03296541880213019,0.002965418802130193,0.012034581197869806,24.069162395739614,0.0011011350272661362,0.003408607266887005,14.441497437443768,0.025,0.0,-0.03,0.0,1.0,0.0,0.015
29,0.9666478073625796,58,0.05012213439732477,0.0,-0.034212604406445295,0.004212604406445296,0.010787395593554704,21.57479118710941,0.0023827709144981315,0.003557617547121707,12.944874712265644,0.025,0.0,-0.03,0.0,1.0,0.0,0.015
29,0.9666478073625796,59,0.05016953304434567,0.0,-0.03545972042528506,0.005459720425285058,0.009540279574714941,19.08055914942988,0.0011192698805619194,0.0038141228728395195,11.448335489657929,0.025,0.0,-0.03,0.0,1.0,0.0,0.015
29,0.9666478073625796,60,0.05021952961281935,0.0,-0.036706730557913916,0.0067067305579139175,0.008293269442086082,16.586538884172164,0.0019713103257058004,0.003978406543742794,9.951923330503298,0.025,0.0,-0.03,0.0,1.0,0.0,0.015
29,0.9666478073625796,61,0.05027299807996265,0.0,-0.03795359767702278,0.007953597677022778,0.007046402322977222,14.092804645954443,0.0019729748836077214,0.0041825437480123885,8.455682787572666,0.025,0.0,-0.03,0.0,1.0,0.0,0.015
29,0.9666478073625796,62,0.050330807360361066,0.0,-0.03920025860104285,0.00920025860104285,0.005799741398957149,11.599482797914298,0.0008791750167255604,0.004396882773022041,6.959689678748579,0.025,0.0,-0.03,0.0,1.0,0.0,0.015
29,0.9666478073625796,63,0.05039382184566548,0.0,-0.04044667001238452,0.010446670012384522,0.004553329987615477,9.106659975230954,0.00317008177883405,0.004931958351248212,5.463995985138572,0.025,0.0,-0.03,0.0,1.0,0.0,0.015
29,0.9666478073625796,64,0.04991414353118873,0.0,-0.04159839319529104,0.011598393195291039,0.0034016068047089607,6.803213609417921,-0.000279185121214384,0.004024495679277877,4.081928165650752,0.025,0.0,-0.03,0.0,1.0,0.0,0.015
29,0.9666478073625796,65,0.04942925803197463,0.0,-0.04274794150404318,0.012747941504043181,0.0022520584959568185,4.504116991913637,0.0038177464492784,0.005982923940181392,2.7024701951481824,0.025,0.0,-0.03,0.0,1.0,0.0,0.015
29,0.9666478073625796,66,0.048939169298806595,0.0,-0.043895273258203325,0.013895273258203326,0.001104726741796673,2.209453483593346,-0.0008591740274365448,0.004242125260589497,1.3256720901560077,0.025,0.0,-0.03,0.0,1.0,0.0,0.015
30,0.9999804903750823,0,0.0,0.0,-0.018020026396194315,0.011979973603805684,0.0030200263961943155,6.040052792388631,0.0,0.0,3.6240316754331787,0.025,0.0,-0.03,0.0,1.0,0.0,0.015
30,0.9999804903750823,1,0.0011240091172109103,0.0,-0.017478758383876532,0.012521241616123467,0.0024787583838765323,4.957516767753065,-0.00014481925598854576,0.00030894025181687644,2.9745100606518386,0.025,0.0,-0.03,0.0,1.0,0.0,0.015
30,0.9999804903750823,2,0.00225252837229463,0.0,-0.01694698554331563,0.013053014456684369,0.0019469855433156304,3.893971086631261,0.00027418698336379767,0.0005961109106217325,2.3363826519787563,0.025,0.0,-0.03,0.0,1.0,0.0,0.015
30,0.9999804903750823,3,0.003385510105220779,0.0,-0.01642473231253094,0.01357526768746906,0.00142473231253094,2.8494646250618803,-0.0003815234785929431,0.0008377824898580147,1.709678775037128,0.025,0.0,-0.03,0.0,1.0,0.0,0.015
30,0.9999804903750823,4,0.004522818483873015,0.0,-0.015912047404104394,0.014087952595895605,0.0009120474041043949,1.8240948082087898,0.00044865772871420994,0.0010193879783856623,1.0944568849252738,0.025,0.0,-0.03,0.0,1.0,0.0,0.015
30,0.9999804903750823,5,0.005664428711525695,0.0,-0.015408913132479003,0.014591086867520996,0.0004089131324790038,0.8178262649580076,-0.0004921631415909066,0.0011154261678784933,0.49069575897480455,0.025,0.0,-0.03,0.0,1.0,0.0,0.015
30,0.9999804903750823,42,0.04551150483564378,0.0,-0.015730904509555232,0.014269095490444767,0.0007309045095552323,1.4618090191104647,-0.0006692554000343648,0.0010795977697279507,0.8770854114662788,0.025,0.0,-0.03,0.0,1.0,0.0,0.015
30,0.9999804903750823,43,0.04630656319403771,0.0,-0.01669301753937622,0.01330698246062378,0.0016930175393762188,3.3860350787524376,-0.001440849088180181,0.0005741833748114204,2.0316210472514626,0.025,0.0,-0.03,0.0,1.0,0.0,0.015
30,0.9999804903750823,44,0.04710037480704195,0.0,-0.017656135176432147,0.012343864823567852,0.002656135176432147,5.312270352864294,-0.0008899684248319782,0.0011712749561206771,3.1873622117185763,0.025,0.0,-0.03,0.0,1.0,0.0,0.015
30,0.9999804903750823,45,0.047893729173793316,0.0,-0.018619652032768042,0.011380347967231957,0.0036196520327680427,7.239304065536086,-0.0013895082029563143,0.0008922484449428178,4.343582439321652,0.025,0.0,-0.03,0.0,1.0,0.0,0.015
30,0.9999804903750823,46,0.04868737400423588,0.0,-0.019582911968675443,0.010417088031324555,0.004582911968675444,9.165823937350888,-0.0013455037957902157,0.0010938340982560104,5.499494362410533,0.025,0.0,-0.03,0.0,1.0,0.0,0.015
30,0.9999804903750823,47,0.04947869345897401,0.0,-0.0205475184427087,0.009452481557291299,0.005547518442708701,11.095036885417402,-0.0010021844177776464,0.0012509183076503166,6.657022131250441,0.025,0.0,-0.03,0.0,1.0,0.0,0.015
30,0.9999804903750823,48,0.049549172398161034,0.0,-0.021793521268437536,0.008206478731562463,0.006793521268437536,13.587042536875073,-0.0021544622288425367,0.0013087995450814227,8.152225522125043,0.025,0.0,-0.03,0.0,1.0,0.0,0.015
30,0.9999804903750823,49,0.04961264257050851,0.0,-0.02303990572133428,0.006960094278665719,0.00803990572133428,16.07981144266856,-0.0002670940603720327,0.0015882162418529202,9.647886865601135,0.025,0.0,-0.03,0.0,1.0,0.0,0.015
30,0.9999804903750823,50,0.049669956148330086,0.0,-0.024286598641539307,0.005713401358460692,0.009286598641539308,18.573197283078617,-0.0027937095079373026,0.0016334339181686471,11.143918369847169,0.025,0.0,-0.03,0.0,1.0,0.0,0.015
30,0.9999804903750823,51,0.049721972714540055,0.0,-0.025533522331110167,0.004466477668889832,0.010533522331110167,21.067044662220333,0.00019323377699442107,0.0019440903793344956,12.640226797332199,0.025,0.0,-0.03,0.0,1.0,0.0,0.015
30,0.9999804903750823,52,0.049769559371546424,0.0,-0.026780633608269076,0.0032193663917309233,0.011780633608269076,23.561267216538152,-0.003166052673834727,0.001973652851281991,14.136760329922891,0.025,0.0,-0.03,0.0,1.0,0.0,0.015
30,0.9999804903750823,53,0.04981358740288458,0.0,-0.028027873121909696,0.001972126878090303,0.013027873121909696,26.055746243819392,0.0004732346620681053,0.002292608707543271,15.633447746291635,0.025,0.0,-0.03,0.0,1.0,0.0,0.015
30,0.9999804903750823,54,0.04985493324983752,0.0,-0.029275210170497862,0.0007247898295021371,0.014275210170497862,28.550420340995725,-0.0034432488682940464,0.002317743634913137,17.130252204597433,0.025,0.0,-0.03,0.0,1.0,0.0,0.015
30,0.9999804903750823,55,0.04989447592816365,0.0,-0.030522605932507337,0.0005226059325073376,0.014477394067492662,28.954788134985325,-0.0006982485857618248,0.00264305145707754,17.372872880991196,0.025,0.0,-0.03,0.0,1.0,0.0,0.015
30,0.9999804903750823,56,0.049933096791091786,0.0,-0.03177003040608656,0.001770030406086559,0.01322996959391344,26.45993918782688,0.0036172931303041765,0.0026621479969196698,15.875963512696128,0.025,0.0,-0.03,0.0,1.0,0.0,0.015
30,0.9999804903750823,57,0.04997167826057857,0.0,-0.0330174564310075,0.003017456431007502,0.011982543568992497,23.965087137984995,-0.0007098462803135869,0.002991279600434335,14.379052282790996,0.025,0.0,-0.03,0.0,1.0,0.0,0.015
30,0.9999804903750823,58,0.050011102782790605,0.0,-0.03426485584074912,0.004264855840749121,0.010735144159250878,21.47028831850176,0.0034544745028680336,0.003013642057550557,12.882172991101054,0.025,0.0,-0.03,0.0,1.0,0.0,0.015
30,0.9999804903750823,59,0.05005225152693704,0.0,-0.03551219219712225,0.005512192197122248,0.009487807802877751,18.975615605755504,-0.00031637439298322595,0.0033292962974737256,11.385369363453302,0.025,0.0,-0.03,0.0,1.0,0.0,0.015
30,0.9999804903750823,60,0.050096004500534905,0.0,-0.03675944739060247,0.006759447390602469,0.00824055260939753,16.48110521879506,0.0029216310498274456,0.0033757145556392453,9.888663131277037,0.025,0.0,-0.03,0.0,1.0,0.0,0.015
30,0.9999804903750823,61,0.050143236867089734,0.0,-0.03800655474036407,0.008006554740364068,0.006993445259635932,13.986890519271864,0.00030964560116094903,0.003657731488541843,8.392134311563117,0.025,0.0,-0.03,0.0,1.0,0.0,0.015
30,0.9999804903750823,62,0.050194822225879045,0.0,-0.03925350757326585,0.009253507573265853,0.005746492426734147,11.492984853468293,0.0023680525675214606,0.0037518031625044415,6.895790912080976,0.025,0.0,-0.03,0.0,1.0,0.0,0.015
30,0.9999804903750823,63,0.050251627753025004,0.0,-0.04050019984804871,0.01050019984804871,0.00449980015195129,8.99960030390258,0.0007416103615511911,0.0038306024636635193,5.399760182341548,0.025,0.0,-0.03,0.0,1.0,0.0,0.015
30,0.9999804903750823,64,0.049765261688999286,0.0,-0.04164913851316028,0.011649138513160281,0.003350861486839718,6.701722973679436,0.002140645493532533,0.004439122419421589,4.0210337842076616,0.025,0.0,-0.03,0.0,1.0,0.0,0.015
30,0.9999804903750823,65,0.049273708041129065,0.0,-0.04279582432656633,0.012795824326566334,0.0022041756734336657,4.408351346867331,0.00043150415615495136,0.003941893018285874,2.6450108081203987,0.025,0.0,-0.03,0.0,1.0,0.0,0.015
30,0.9999804903750823,66,0.04877693556910136,0.0,-0.04394030679939384,0.013940306799393842,0.0010596932006061571,2.1193864012123145,0.0023429524598251967,0.004991863702598464,1.2716318407273886,0.025,0.0,-0.03,0.0,1.0,0.0,0.015
31,1.033313173387585,0,0.0,0.0,-0.018020026396194315,0.011979973603805684,0.0030200263961943155,6.040052792388631,0.0,0.0,3.6240316754331787,0.025,0.0,-0.03,0.0,1.0,0.0,0.015
31,1.033313173387585,1,0.0011240064606070866,0.0,-0.01747875869495204,0.012521241305047958,0.0024787586949520414,4.9575173899040825,-0.00010223049616272641,0.00021740732773314919,2.9745104339424495,0.025,0.0,-0.03,0.0,1.0,0.0,0.015
31,1.033313173387585,2,0.0022525405680109798,0.0,-0.01694699993615065,0.013053000063849348,0.0019469999361506514,3.8939998723013027,0.0002314966033706028,0.0005021625182172625,2.3363999233807817,0.025,0.0,-0.03,0.0,1.0,0.0,0.015
31,1.033313173387585,3,0.0033855280500981865,0.0,-0.016424787073922274,0.013575212926077725,0.0014247870739222748,2.8495741478445495,-0.00040585393332767515,0.0008917502742388315,1.7097444887067297,0.025,0.0,-0.03,0.0,1.0,0.0,0.015
31,1.033313173387585,4,0.004522874754871968,0.0,-0.015912149940779267,0.014087850059220731,0.000912149940779268,1.8242998815585358,0.0006112220618455295,0.001384879373657311,1.0945799289351215,0.025,0.0,-0.03,0.0,1.0,0.0,0.015
31,1.033313173387585,5,0.005664500254256745,0.0,-0.015409095873203368,0.01459090412679663,0.00040909587320336893,0.8181917464067379,-0.0008424488653685231,0.0019247854098890537,0.4909150478440427,0.025,0.0,-0.03,0.0,1.0,0.0,0.015
31,1.033313173387585,42,0.04548748013753839,0.0,-0.015762826971561877,0.014237173028438122,0.0007628269715618773,1.5256539431237546,-0.00103375074918787,0.0005461433320157995,0.9153923658742527,0.025,0.0,-0.03,0.0,1.0,0.0,0.015
31,1.033313173387585,43,0.04627999187112905,0.0,-0.016727021134640953,0.013272978865359046,0.0017270211346409534,3.454042269281907,-0.0007666758546989608,0.0008860685205200106,2.072425361569144,0.025,0.0,-0.03,0.0,1.0,0.0,0.015
31,1.033313173387585,44,0.04707126894360758,0.0,-0.017692239774847185,0.012307760225152814,0.0026922397748471855,5.384479549694371,-0.0012603907997312382,0.0005965214968863389,3.2306877298166223,0.025,0.0,-0.03,0.0,1.0,0.0,0.015
31,1.033313173387585,45,0.04786207434476303,0.0,-0.01865784277901791,0.011342157220982089,0.0036578427790179106,7.315685558035821,-0.0007006415819201666,0.001174669838478655,4.389411334821492,0.025,0.0,-0.03,0.0,1.0,0.0,0.015
31,1.033313173387585,46,0.048653177706627616,0.0,-0.019623197112113376,0.010376802887886623,0.004623197112113377,9.246394224226753,-0.0015722812473567532,0.0006095314857085442,5.547836534536052,0.025,0.0,-0.03,0.0,1.0,0.0,0.015
31,1.033313173387585,47,0.04944194261570695,0.0,-0.0205898958969474,0.0094101041030526,0.005589895896947399,11.179791793894799,-0.0005774873058432551,0.0012344069111829413,6.707875076336879,0.025,0.0,-0.03,0.0,1.0,0.0,0.015
31,1.033313173387585,48,0.04950713693677652,0.0,-0.021836180908438998,0.008163819091561001,0.006836180908438998,13.672361816877997,-0.0019107660953036612,0.0011117026359492804,8.203417090126798,0.025,0.0,-0.03,0.0,1.0,0.0,0.015
31,1.033313173387585,49,0.049565304191324294,0.0,-0.023082837372454187,0.0069171626275458115,0.008082837372454188,16.165674744908376,-0.0004936374166428269,0.0013528982528694215,9.699404846945026,0.025,0.0,-0.03,0.0,1.0,0.0,0.015
31,1.033313173387585,50,0.049617296348811776,0.0,-0.02432974920235399,0.00567025079764601,0.00932974920235399,18.65949840470798,-0.0017060777903753997,0.0014414004723573603,11.195699042824787,0.025,0.0,-0.03,0.0,1.0,0.0,0.015
31,1.033313173387585,51,0.04966397814910395,0.0,-0.0255769043250265,0.004423095674973499,0.0105769043250265,21.153808650053,-0.001012176165104313,0.0016215672466677268,12.6922851900318,0.025,0.0,-0.03,0.0,1.0,0.0,0.015
31,1.033313173387585,52,0.049706215810519594,0.0,-0.026824189349414995,0.0031758106505850037,0.011824189349414996,23.64837869882999,-0.001009875654008839,0.0017680105360395393,14.189027219297994,0.025,0.0,-0.03,0.0,1.0,0.0,0.015
31,1.033313173387585,53,0.049744885997742114,0.0,-0.028071628718914925,0.0019283712810850735,0.013071628718914926,26.143257437829853,-0.001788546680627663,0.0018914789904035775,15.68595446269791,0.025,0.0,-0.03,0.0,1.0,0.0,0.015
31,1.033313173387585,54,0.049780864370894344,0.0,-0.02931911382656348,0.0006808861734365172,0.014319113826563482,28.638227653126965,-0.0003546808443447865,0.0020873454858323917,17.182936591876178,0.025,0.0,-0.03,0.0,1.0,0.0,0.015
31,1.033313173387585,55,0.04981503485364485,0.0,-0.03056668841583307,0.0005666884158330721,0.014433311584166927,28.866623168333856,0.0022145511764202104,0.0021780542019491445,17.319973901000314,0.025,0.0,-0.03,0.0,1.0,0.0,0.015
31,1.033313173387585,56,0.04984827854703775,0.0,-0.03181425202035917,0.001814252020359168,0.013185747979640831,26.371495959281663,0.0002789083771919523,0.002387672269804782,15.822897575568998,0.025,0.0,-0.03,0.0,1.0,0.0,0.015
31,1.033313173387585,57,0.04988148229339122,0.0,-0.03306185127415412,0.0030618512741541204,0.011938148725845879,23.87629745169176,0.0019693203914215853,0.002485063939466516,14.325778471015054,0.025,0.0,-0.03,0.0,1.0,0.0,0.015
31,1.033313173387585,58,0.049915528523200706,0.0,-0.03430939306058586,0.004309393060585864,0.010690606939414135,21.38121387882827,0.0007962082826579315,0.002671082344151649,12.828728327296961,0.025,0.0,-0.03,0.0,1.0,0.0,0.015
31,1.033313173387585,59,0.049951302956418885,0.0,-0.0355569160002364,0.005556916000236403,0.009443083999763596,18.886167999527192,0.0013528160286276523,0.002803564269376722,11.331700799716314,0.025,0.0,-0.03,0.0,1.0,0.0,0.015
31,1.033313173387585,60,0.049989685093336976,0.0,-0.036804327945139374,0.006804327945139375,0.008195672054860624,16.39134410972125,0.001393635805010986,0.002949955567155042,9.834806465832749,0.025,0.0,-0.03,0.0,1.0,0.0,0.015
31,1.033313173387585,61,0.050031555538895586,0.0,-0.038051652468572526,0.008051652468572527,0.006948347531427472,13.896695062854944,0.0009250268895243036,0.0031172383042722823,8.338017037712966,0.025,0.0,-0.03,0.0,1.0,0.0,0.015
31,1.033313173387585,62,0.0500777866843164,0.0,-0.03929879076815456,0.009298790768154562,0.005701209231845437,11.402418463690875,0.0016479282061185084,0.003247097474145929,6.841451078214525,0.025,0.0,-0.03,0.0,1.0,0.0,0.015
31,1.033313173387585,63,0.05012924809869842,0.0,-0.04054574382363799,0.010545743823637994,0.004454256176362005,8.90851235272401,0.0008517357299314737,0.0033256905414442324,5.345107411634406,0.025,0.0,-0.03,0.0,1.0,0.0,0.015
31,1.033313173387585,64,0.04963715679182742,0.0,-0.04169220945585202,0.011692209455852018,0.0033077905441479816,6.615581088295963,0.0016185792000739715,0.0037352567784282357,3.969348652977578,0.025,0.0,-0.03,0.0,1.0,0.0,0.015
31,1.033313173387585,65,0.049139859487563615,0.0,-0.042836452659423215,0.012836452659423216,0.002163547340576784,4.327094681153568,0.0006322111162261781,0.0035080096867033295,2.5962568086921407,0.025,0.0,-0.03,0.0,1.0,0.0,0.015
31,1.033313173387585,66,0.048637374812594655,0.0,-0.043978399131542674,0.013978399131542675,0.0010216008684573244,2.0432017369146487,0.0016160496316030655,0.004129803630712915,1.2259210421487892,0.025,0.0,-0.03,0.0,1.0,0.0,0.015
32,1.0666458564000878,0,0.0,0.0,-0.018020026396194315,0.011979973603805684,0.0030200263961943155,6.040052792388631,0.0,0.0,3.6240316754331787,0.025,0.0,-0.03,0.0,1.0,0.0,0.015
32,1.0666458564000878,1,0.0011240075350346128,0.0,-0.01747875738069432,0.012521242619305678,0.0024787573806943214,4.9575147613886426,0.00017296006916052865,0.00036537677076238127,2.9745088568331854,0.025,0.0,-0.03,0.0,1.0,0.0,0.015
32,1.0666458564000878,2,0.0022525445993282064,0.0,-0.016947015307915814,0.013052984692084185,0.0019470153079158142,3.8940306158316282,-0.00032678627612900575,0.0007012399328067797,2.336418369498977,0.025,0.0,-0.03,0.0,1.0,0.0,0.015
32,1.0666458564000878,3,0.0033855526534801003,0.0,-0.01642483002553925,0.01357516997446075,0.0014248300255392497,2.8496600510784993,0.0004432467747708131,0.0009757934079902838,1.7097960306470996,0.025,0.0,-0.03,0.0,1.0,0.0,0.015
32,1.0666458564000878,4,0.0045229116175052545,0.0,-0.015912243278750533,0.014087756721249466,0.0009122432787505332,1.8244865575010663,-0.0005167222306342895,0.0011514708437893686,1.0946919345006396,0.025,0.0,-0.03,0.0,1.0,0.0,0.015
32,1.0666458564000878,5,0.005664575586364918,0.0,-0.015409247088922967,0.014590752911077032,0.0004092470889229677,0.8184941778459354,0.0005217384222524709,0.0012068213907618374,0.4910965067075612,0.025,0.0,-0.03,0.0,1.0,0.0,0.015
32,1.0666458564000878,42,0.04546677070620426,0.0,-0.015790208793584812,0.014209791206415186,0.000790208793584813,1.580417587169626,-0.0009694082745294163,0.00040206121654649373,0.9482505523017756,0.025,0.0,-0.03,0.0,1.0,0.0,0.015
32,1.0666458564000878,43,0.046257104606701654,0.0,-0.016756205511780215,0.013243794488219784,0.0017562055117802157,3.5124110235604316,-0.0008629406331834699,0.0005937552714988824,2.1074466141362587,0.025,0.0,-0.03,0.0,1.0,0.0,0.015
32,1.0666458564000878,44,0.047046186533250656,0.0,-0.017723210469257608,0.01227678953074239,0.0027232104692576087,5.446420938515217,-0.0005537286256786247,0.0009493522835218115,3.2678525631091304,0.025,0.0,-0.03,0.0,1.0,0.0,0.015
32,1.0666458564000878,45,0.04783480405514945,0.0,-0.01869061070493733,0.011309389295062668,0.003690610704937331,7.381221409874662,-0.0014303905944823903,0.0003346350168081085,4.428732845924797,0.025,0.0,-0.03,0.0,1.0,0.0,0.015
32,1.0666458564000878,46,0.048623714881748145,0.0,-0.019657756286251465,0.010342243713748533,0.004657756286251466,9.315512572502932,-0.0002591125802352075,0.001342517247051421,5.589307543501759,0.025,0.0,-0.03,0.0,1.0,0.0,0.015
32,1.0666458564000878,47,0.04941027967880761,0.0,-0.020626245729490435,0.009373754270509564,0.005626245729490435,11.25249145898087,-0.0020295725844809423,0.0005491272639071719,6.751494875388522,0.025,0.0,-0.03,0.0,1.0,0.0,0.015
32,1.0666458564000878,48,0.04947093021118828,0.0,-0.02187276581467904,0.00812723418532096,0.006872765814679039,13.745531629358078,0.00043413914022801003,0.001105679973842504,8.247318977614846,0.025,0.0,-0.03,0.0,1.0,0.0,0.015
32,1.0666458564000878,49,0.04952453636383339,0.0,-0.02311961965153459,0.006880380348465408,0.008119619651534592,16.239239303069184,-0.0028186661223157305,0.0010511986904947264,9.743543581841509,0.025,0.0,-0.03,0.0,1.0,0.0,0.015
32,1.0666458564000878,50,0.04957195370547071,0.0,-0.024366727212297587,0.005633272787702412,0.009366727212297588,18.733454424595173,0.001029445993766631,0.001343925780658775,11.240072654757103,0.025,0.0,-0.03,0.0,1.0,0.0,0.015
32,1.0666458564000878,51,0.04961404678069337,0.0,-0.02561403149095533,0.004385968509044668,0.010614031490955331,21.228062981910664,-0.0032221564543546315,0.0013082841201664164,12.736837789146398,0.025,0.0,-0.03,0.0,1.0,0.0,0.015
32,1.0666458564000878,52,0.049651686246476666,0.0,-0.02686148330620107,0.003138516693798929,0.01186148330620107,23.72296661240214,0.0011479928049357585,0.0015893983992104543,14.233779967441283,0.025,0.0,-0.03,0.0,1.0,0.0,0.015
32,1.0666458564000878,53,0.04968574793852998,0.0,-0.02810903812684051,0.0018909618731594892,0.01310903812684051,26.21807625368102,-0.003054175704129618,0.0015816050379517132,15.73084575220861,0.025,0.0,-0.03,0.0,1.0,0.0,0.015
32,1.0666458564000878,54,0.04971711222247085,0.0,-0.029356670541773756,0.0006433294582262432,0.014356670541773756,28.713341083547512,0.0006789149291756026,0.0018230747295542092,17.228004650128508,0.025,0.0,-0.03,0.0,1.0,0.0,0.015
32,1.0666458564000878,55,0.049746662074085415,0.0,-0.030604342574786034,0.0006043425747860355,0.014395657425213964,28.791314850427927,0.0023878976884659725,0.001862992135870656,17.274788910256756,0.025,0.0,-0.03,0.0,1.0,0.0,0.015
32,1.0666458564000878,56,0.04977528323084102,0.0,-0.031852044088379335,0.0018520440883793357,0.013147955911620664,26.295911823241326,8.579174968896517e-05,0.0020562313590313723,15.777547093944795,0.025,0.0,-0.03,0.0,1.0,0.0,0.015
32,1.0666458564000878,57,0.04980386168226932,0.0,-0.033099737513110114,0.003099737513110115,0.011900262486889884,23.80052497377977,0.0016871252107258919,0.0021400688970701896,14.28031498426786,0.025,0.0,-0.03,0.0,1.0,0.0,0.015
32,1.0666458564000878,58,0.04983328440590424,0.0,-0.03434741965497277,0.004347419654972769,0.01065258034502723,21.30516069005446,0.0006363231259555511,0.0022986743433694766,12.783096414032675,0.025,0.0,-0.03,0.0,1.0,0.0,0.015
32,1.0666458564000878,59,0.04986443630673068,0.0,-0.03559504700149058,0.005595047001490584,0.009404952998509415,18.80990599701883,0.0013624006281031777,0.0024054278810328486,11.285943598211299,0.025,0.0,-0.03,0.0,1.0,0.0,0.015
32,1.0666458564000878,60,0.049898201502491954,0.0,-0.03684261410436542,0.006842614104365423,0.008157385895634577,16.314771791269152,0.0007789655634064037,0.002552692651668698,9.78886307476149,0.025,0.0,-0.03,0.0,1.0,0.0,0.015
32,1.0666458564000878,61,0.04993545972029421,0.0,-0.03809006690514318,0.008090066905143183,0.006909933094856817,13.819866189713634,0.0013543880575493726,0.0026613926609138005,8.29191971382818,0.025,0.0,-0.03,0.0,1.0,0.0,0.015
32,1.0666458564000878,62,0.04997708792508539,0.0,-0.03933738676234898,0.009337386762348979,0.005662613237651021,11.325226475302042,0.0007835853290972497,0.00280591141617074,6.795135885181225,0.025,0.0,-0.03,0.0,1.0,0.0,0.015
32,1.0666458564000878,63,0.05002395711842256,0.0,-0.04058450551649517,0.010584505516495174,0.004415494483504825,8.83098896700965,0.001292075158123431,0.0029554930840722895,5.29859338020579,0.025,0.0,-0.03,0.0,1.0,0.0,0.015
32,1.0666458564000878,64,0.04952693959747983,0.0,-0.04172886211015968,0.01172886211015968,0.00327113788984032,6.54227577968064,0.000919506052244271,0.003030665182953495,3.925365467808384,0.025,0.0,-0.03,0.0,1.0,0.0,0.015
32,1.0666458564000878,65,0.04902473080263885,0.0,-0.04287093851247,0.012870938512470002,0.002129061487529997,4.258122975059994,0.0008605396250714078,0.003158061918814896,2.5548737850359964,0.025,0.0,-0.03,0.0,1.0,0.0,0.015
32,1.0666458564000878,66,0.0485173232777865,0.0,-0.044010727469948045,0.014010727469948046,0.000989272530051953,1.9785450601039063,0.0012305861207362041,0.0034887272684560934,1.1871270360623438,0.025,0.0,-0.03,0.0,1.0,0.0,0.015
33,1.0999785394125905,0,0.0,0.0,-0.018020026396194315,0.011979973603805684,0.0030200263961943155,6.040052792388631,0.0,0.0,3.6240316754331787,0.025,0.0,-0.03,0.0,1.0,0.0,0.015
33,1.0999785394125905,1,0.0011240044554528354,0.0,-0.017478758132781484,0.012521241867218515,0.0024787581327814848,4.95751626556297,-0.00021077612090239536,0.0004465103656366373,2.974509759337782,0.025,0.0,-0.03,0.0,1.0,0.0,0.015
33,1.0999785394125905,2,0.0022525558195370526,0.0,-0.01694702494710146,0.013052975052898538,0.0019470249471014618,3.8940498942029236,0.0004329231385453511,0.0009343551959660263,2.3364299365217542,0.025,0.0,-0.03,0.0,1.0,0.0,0.015
33,1.0999785394125905,3,0.003385562770032235,0.0,-0.01642487197590909,0.013575128024090909,0.0014248719759090908,2.8497439518181817,-0.0006741213935715194,0.0014813057768923552,1.709846371090909,0.025,0.0,-0.03,0.0,1.0,0.0,0.015
33,1.0999785394125905,4,0.004522957105827035,0.0,-0.015912317438717082,0.014087682561282917,0.0009123174387170828,1.8246348774341656,0.000919995418707199,0.002075874948923088,1.0947809264604993,0.025,0.0,-0.03,0.0,1.0,0.0,0.015
33,1.0999785394125905,5,0.005664624402459671,0.0,-0.015409384096346877,0.014590615903653122,0.00040938409634687714,0.8187681926937542,-0.0011633791267991567,0.0026659388930966896,0.4912609156162525,0.025,0.0,-0.03,0.0,1.0,0.0,0.015
33,1.0999785394125905,42,0.045448937924371074,0.0,-0.015813713030620763,0.014186286969379236,0.0008137130306207635,1.627426061241527,-0.0007804992822697533,0.00039000666571621586,0.9764556367449162,0.025,0.0,-0.03,0.0,1.0,0.0,0.015
33,1.0999785394125905,43,0.0462373893415378,0.0,-0.016781246429326786,0.013218753570673213,0.0017812464293267861,3.5624928586535725,-0.0006099715073620528,0.0006187893145824592,2.137495715192143,0.025,0.0,-0.03,0.0,1.0,0.0,0.015
33,1.0999785394125905,44,0.04702458789029941,0.0,-0.017749790988015525,0.012250209011984474,0.0027497909880155255,5.499581976031051,-0.0008206407915277923,0.0005326768634014143,3.2997491856186305,0.025,0.0,-0.03,0.0,1.0,0.0,0.015
33,1.0999785394125905,45,0.04781131552592411,0.0,-0.01871872474678075,0.011281275253219248,0.0037187247467807515,7.437449493561503,-0.0006810792142957616,0.0007350320921759633,4.4624696961369015,0.025,0.0,-0.03,0.0,1.0,0.0,0.015
33,1.0999785394125905,46,0.04859834361058303,0.0,-0.019687412462925973,0.010312587537074026,0.004687412462925974,9.374824925851948,-0.0009361895900002012,0.0006168926114262199,5.624894955511169,0.025,0.0,-0.03,0.0,1.0,0.0,0.015
33,1.0999785394125905,47,0.04938301056531537,0.0,-0.02065743141062961,0.009342568589370388,0.005657431410629611,11.314862821259222,-0.0007494202112610913,0.0008091704312380034,6.7889176927555335,0.025,0.0,-0.03,0.0,1.0,0.0,0.015
33,1.0999785394125905,48,0.04943975560808903,0.0,-0.021904145458986515,0.008095854541013484,0.006904145458986516,13.808290917973032,-0.0009520850405708989,0.0008583025335037574,8.284974550783819,0.025,0.0,-0.03,0.0,1.0,0.0,0.015
33,1.0999785394125905,49,0.04948943983123016,0.0,-0.023151151655912,0.006848848344087999,0.008151151655912,16.302303311824,-0.0009066521730821067,0.0009753684122200821,9.7813819870944,0.025,0.0,-0.03,0.0,1.0,0.0,0.015
33,1.0999785394125905,50,0.049532923803469436,0.0,-0.024398415843547794,0.005601584156452205,0.009398415843547794,18.79683168709559,-0.0006583941217403039,0.001093205997665022,11.278099012257353,0.025,0.0,-0.03,0.0,1.0,0.0,0.015
33,1.0999785394125905,51,0.049571071695932556,0.0,-0.025645836211323363,0.004354163788676636,0.010645836211323364,21.291672422646727,-0.001350254630215678,0.0011792731886572554,12.775003453588036,0.025,0.0,-0.03,0.0,1.0,0.0,0.015
33,1.0999785394125905,52,0.04960475750914191,0.0,-0.02689341277451331,0.0031065872254866893,0.01189341277451331,23.78682554902662,-0.0001496800593142155,0.0013271221741274406,14.272095329415972,0.025,0.0,-0.03,0.0,1.0,0.0,0.015
33,1.0999785394125905,53,0.04963485734592713,0.0,-0.028141062242250638,0.0018589377577493613,0.013141062242250638,26.282124484501278,-0.001865540415688074,0.001387467862255397,15.769274690700765,0.025,0.0,-0.03,0.0,1.0,0.0,0.015
33,1.0999785394125905,54,0.04966225416735595,0.0,-0.029388794914063692,0.0006112050859363068,0.014388794914063693,28.777589828127386,0.0002538667660050117,0.001555102169850382,17.26655389687643,0.025,0.0,-0.03,0.0,1.0,0.0,0.015
33,1.0999785394125905,55,0.04968783194030697,0.0,-0.030636553135589512,0.0006365531355895133,0.014363446864410486,28.726893728820972,0.0020952690824420023,0.0016053216712489085,17.236136237292584,0.025,0.0,-0.03,0.0,1.0,0.0,0.015
33,1.0999785394125905,56,0.049712478256448374,0.0,-0.031884340507510656,0.0018843405075106567,0.013115659492489343,26.231318984978685,-0.00024505805064071155,0.0017739837432943382,15.73879139098721,0.025,0.0,-0.03,0.0,1.0,0.0,0.015
33,1.0999785394125905,57,0.049737080750483484,0.0,-0.033132122666882494,0.0031321226668824947,0.011867877333117505,23.73575466623501,0.0018746296383365772,0.0018322410233416557,14.241452799741007,0.025,0.0,-0.03,0.0,1.0,0.0,0.015
33,1.0999785394125905,58,0.04976252766039933,0.0,-0.034379888297069255,0.0043798882970692565,0.010620111702930743,21.240223405861485,0.0001418494755879149,0.0019862598681861876,12.74413404351689,0.025,0.0,-0.03,0.0,1.0,0.0,0.015
33,1.0999785394125905,59,0.04978970607580041,0.0,-0.03562761660379481,0.005627616603794808,0.009372383396205192,18.744766792410385,0.0014393963879288172,0.002062883735477311,11.24686007544623,0.025,0.0,-0.03,0.0,1.0,0.0,0.015
33,1.0999785394125905,60,0.04981950091850998,0.0,-0.03687527782366457,0.006875277823664573,0.008124722176335426,16.249444352670853,0.0005415387722028975,0.0021981770244154197,9.749666611602512,0.025,0.0,-0.03,0.0,1.0,0.0,0.015
33,1.0999785394125905,61,0.04985279454325437,0.0,-0.038122852877649126,0.008122852877649127,0.006877147122350873,13.754294244701745,0.0011659825443106886,0.002289850761354319,8.252576546821047,0.025,0.0,-0.03,0.0,1.0,0.0,0.015
33,1.0999785394125905,62,0.049890464516234384,0.0,-0.03937029021593449,0.009370290215934489,0.0056297097840655105,11.25941956813102,0.0006975619261722968,0.002411594847940832,6.755651740878612,0.025,0.0,-0.03,0.0,1.0,0.0,0.015
33,1.0999785394125905,63,0.049933383238693944,0.0,-0.040617562162581035,0.010617562162581036,0.0043824378374189635,8.764875674837928,0.0011106830084926032,0.00255494162274203,5.258925404902756,0.025,0.0,-0.03,0.0,1.0,0.0,0.015
33,1.0999785394125905,64,0.049432144595429724,0.0,-0.041760063755070305,0.011760063755070306,0.0032399362449296934,6.479872489859387,0.0006886930465419711,0.0025620458647046445,3.887923493915632,0.025,0.0,-0.03,0.0,1.0,0.0,0.015
33,1.0999785394125905,65,0.04892570834059478,0.0,-0.042900286980546896,0.012900286980546898,0.002099713019453102,4.1994260389062035,0.0009298638086035261,0.0028043954635489404,2.519655623343722,0.025,0.0,-0.03,0.0,1.0,0.0,0.015
33,1.0999785394125905,66,0.04841408888046338,0.0,-0.04403817307615847,0.01403817307615847,0.00096182692384153,1.92365384768306,0.0007495928670252154,0.0028658536656345785,1.154192308609836,0.025,0.0,-0.03,0.0,1.0,0.0,0.015
34,1.1333112224250932,0,0.0,0.0,-0.018020026396194315,0.011979973603805684,0.0030200263961943155,6.040052792388631,0.0,0.0,3.6240316754331787,0.025,0.0,-0.03,0.0,1.0,0.0,0.015
34,1.1333112224250932,1,0.0011240070334933147,0.0,-0.017478756319662007,0.012521243680337992,0.0024787563196620073,4.9575126393240145,-5.885165306134236e-05,0.00012605460842928293,2.974507583594409,0.025,0.0,-0.03,0.0,1.0,0.0,0.015
34,1.1333112224250932,2,0.002252555304869132,0.0,-0.0169470379385276,0.013052962061472398,0.0019470379385276015,3.894075877055203,0.00010396712901176944,0.0002272974561962324,2.336445526233122,0.025,0.0,-0.03,0.0,1.0,0.0,0.015
34,1.1333112224250932,3,0.0033855859846840634,0.0,-0.01642490146678574,0.013575098533214258,0.0014249014667857413,2.8498029335714827,-0.00012893226107040662,0.0002832383518976491,1.7098817601428895,0.025,0.0,-0.03,0.0,1.0,0.0,0.015
34,1.1333112224250932,4,0.004522978200907848,0.0,-0.015912389222058357,0.014087610777941642,0.0009123892220583574,1.8247784441167147,0.00012488134871171472,0.0002871107181774199,1.0948670664700288,0.025,0.0,-0.03,0.0,1.0,0.0,0.015
34,1.1333112224250932,5,0.005664686855252414,0.0,-0.015409493014375095,0.014590506985624904,0.0004094930143750952,0.8189860287501904,-0.00010572669213451262,0.0002348774334637298,0.49139161725011427,0.025,0.0,-0.03,0.0,1.0,0.0,0.015
34,1.1333112224250932,42,0.04543358612637759,0.0,-0.015833889646259966,0.014166110353740033,0.0008338896462599665,1.667779292519933,0.0005173196530899647,0.0013136878282285107,1.0006675755119598,0.025,0.0,-0.03,0.0,1.0,0.0,0.015
34,1.1333112224250932,43,0.04622041477111336,0.0,-0.016802737946335064,0.013197262053664935,0.0018027379463350646,3.605475892670129,-0.001602706147562351,0.0003529893163163514,2.1632855356020775,0.025,0.0,-0.03,0.0,1.0,0.0,0.015
34,1.1333112224250932,44,0.047005992880008625,0.0,-0.01777260371300167,0.01222739628699833,0.00277260371300167,5.545207426003341,0.00022678756982366275,0.001221314102141506,3.327124455602004,0.025,0.0,-0.03,0.0,1.0,0.0,0.015
34,1.1333112224250932,45,0.04779109502216279,0.0,-0.0187428541171715,0.011257145882828497,0.003742854117171502,7.485708234343004,-0.0013064771396870266,4.070229757902992e-05,4.491424940605802,0.025,0.0,-0.03,0.0,1.0,0.0,0.015
34,1.1333112224250932,46,0.04857649943253293,0.0,-0.01971286026650021,0.01028713973349979,0.00471286026650021,9.42572053300042,-0.00036265794338595037,0.0008986915007640961,5.655432319800252,0.025,0.0,-0.03,0.0,1.0,0.0,0.015
34,1.1333112224250932,47,0.049359536138186146,0.0,-0.020684198223033808,0.009315801776966191,0.005684198223033808,11.368396446067615,-0.0007126916257939811,0.0005664632907323889,6.821037867640569,0.025,0.0,-0.03,0.0,1.0,0.0,0.015
34,1.1333112224250932,48,0.04941292173501751,0.0,-0.02193105767650744,0.008068942323492558,0.006931057676507441,13.862115353014882,-0.0011912713173816204,0.0007362602827799212,8.317269211808929,0.025,0.0,-0.03,0.0,1.0,0.0,0.015
34,1.1333112224250932,49,0.04945923508861677,0.0,-0.023178199928943252,0.006821800071056747,0.008178199928943253,16.356399857886505,6.0867304121984844e-05,0.0008700947615330999,9.813839914731902,0.025,0.0,-0.03,0.0,1.0,0.0,0.015
34,1.1333112224250932,50,0.04949933691083694,0.0,-0.0244255726035813,0.0055744273964187,0.0094255726035813,18.8511452071626,-0.0018558950823905724,0.0008960679617392143,11.310687124297559,0.025,0.0,-0.03,0.0,1.0,0.0,0.015
34,1.1333112224250932,51,0.049534093787866475,0.0,-0.02567309807093461,0.004326901929065388,0.010673098070934611,21.34619614186922,0.000552106415796622,0.0010679523680573037,12.807717685121533,0.025,0.0,-0.03,0.0,1.0,0.0,0.015
34,1.1333112224250932,52,0.04956438034181169,0.0,-0.02692075957236352,0.0030792404276364788,0.01192075957236352,23.84151914472704,-0.0021990251612627413,0.0010830007878975634,14.304911486836223,0.025,0.0,-0.03,0.0,1.0,0.0,0.015
34,1.1333112224250932,53,0.04959107457449654,0.0,-0.028168488061590325,0.0018315119384096738,0.013168488061590326,26.33697612318065,0.0007535388540134846,0.0012547975039318463,15.80218567390839,0.025,0.0,-0.03,0.0,1.0,0.0,0.015
34,1.1333112224250932,54,0.04961506064456114,0.0,-0.029416294590235023,0.0005837054097649758,0.014416294590235024,28.83258918047005,-0.002306485355037572,0.001276244385561663,17.299553508282028,0.025,0.0,-0.03,0.0,1.0,0.0,0.015
34,1.1333112224250932,55,0.04963722373752598,0.0,-0.030664113335159112,0.0006641133351591132,0.014335886664840886,28.671773329681773,-0.0007689522063244085,0.001440424457255097,17.203063997809064,0.025,0.0,-0.03,0.0,1.0,0.0,0.015
34,1.1333112224250932,56,0.04965845326285828,0.0,-0.03191197315114886,0.0019119731511488616,0.013088026848851138,26.176053697702276,0.0022447787597448237,0.0014698656747850623,15.705632218621364,0.025,0.0,-0.03,0.0,1.0,0.0,0.015
34,1.1333112224250932,57,0.04967963750106737,0.0,-0.03315980829669775,0.0031598082966977498,0.01184019170330225,23.6803834066045,-0.0006075637291134354,0.0016266974671410672,14.208230043962699,0.025,0.0,-0.03,0.0,1.0,0.0,0.015
34,1.1333112224250932,58,0.049701666977865724,0.0,-0.03440765191654889,0.004407651916548891,0.010592348083451109,21.184696166902217,0.001992712582116631,0.0016637645446701942,12.71081770014133,0.025,0.0,-0.03,0.0,1.0,0.0,0.015
34,1.1333112224250932,59,0.04972542907174804,0.0,-0.03565543871832402,0.005655438718324024,0.009344561281675975,18.68912256335195,-0.00026425343435722493,0.0018119630010961848,11.21347353801117,0.025,0.0,-0.03,0.0,1.0,0.0,0.015
34,1.1333112224250932,60,0.049751811265509684,0.0,-0.03690318949222554,0.006903189492225542,0.008096810507774457,16.193621015548914,0.001606404441422278,0.0018590383167948414,9.716172609329348,0.025,0.0,-0.03,0.0,1.0,0.0,0.015
34,1.1333112224250932,61,0.04978169608008716,0.0,-0.03815084119189764,0.008150841191897643,0.006849158808102357,13.698317616204713,0.00013253012937656218,0.001994857319926242,8.218990569722827,0.025,0.0,-0.03,0.0,1.0,0.0,0.015
34,1.1333112224250932,62,0.04981596362874335,0.0,-0.039398387024410085,0.009398387024410086,0.005601612975589913,11.203225951179826,0.001264964286888874,0.0020616228209424953,6.721935570707895,0.025,0.0,-0.03,0.0,1.0,0.0,0.015
34,1.1333112224250932,63,0.049855487701685464,0.0,-0.04064576378350599,0.010645763783505992,0.004354236216494008,8.708472432988016,0.0004030078224443333,0.0020997806205743817,5.225083459792809,0.025,0.0,-0.03,0.0,1.0,0.0,0.015
34,1.1333112224250932,64,0.049350619804963476,0.0,-0.04178667545447651,0.011786675454476508,0.003213324545523491,6.426649091046982,0.0010777663152968552,0.0024086057408271547,3.855989454628189,0.025,0.0,-0.03,0.0,1.0,0.0,0.015
34,1.1333112224250932,65,0.048840563104793046,0.0,-0.04292527282906802,0.012925272829068024,0.0020747271709319753,4.149454341863951,0.00032807013217104225,0.0022033883897053384,2.4896726051183706,0.025,0.0,-0.03,0.0,1.0,0.0,0.015
34,1.1333112224250932,66,0.04832531702334313,0.0,-0.044061534652970955,0.014061534652970956,0.0009384653470290438,1.8769306940580877,0.0010427516434662492,0.0026478407148323854,1.1261584164348526,0.025,0.0,-0.03,0.0,1.0,0.0,0.015
35,1.166643905437596,0,0.0,0.0,-0.018020026396194315,0.011979973603805684,0.0030200263961943155,6.040052792388631,0.0,0.0,3.6240316754331787,0.025,0.0,-0.03,0.0,1.0,0.0,0.015
35,1.166643905437596,1,0.0011240064897202306,0.0,-0.01747875605985416,0.012521243940145838,0.002478756059854162,4.957512119708324,-0.00015168809144023586,0.00032277905443813616,2.974507271824994,0.025,0.0,-0.03,0.0,1.0,0.0,0.015
35,1.166643905437596,2,0.002252560365305944,0.0,-0.016947046564853387,0.013052953435146612,0.0019470465648533872,3.8940931297067745,0.0003112103436316323,0.0006743128178419657,2.3364558778240645,0.025,0.0,-0.03,0.0,1.0,0.0,0.015
35,1.166643905437596,3,0.003385597778538818,0.0,-0.016424930526352896,0.013575069473647103,0.0014249305263528966,2.8498610527057933,-0.0004858722469062724,0.0010698359529171966,1.709916631623476,0.025,0.0,-0.03,0.0,1.0,0.0,0.015
35,1.166643905437596,4,0.004523006981188456,0.0,-0.015912446221624278,0.01408755377837572,0.0009124462216242787,1.8248924432485576,0.0006681788522348081,0.0015092912251346048,1.0949354659491346,0.025,0.0,-0.03,0.0,1.0,0.0,0.015
35,1.166643905437596,5,0.00566472777726192,0.0,-0.015409592215937113,0.014590407784062885,0.00040959221593711397,0.819184431874228,-0.0008579056136287332,0.001966845429403358,0.49151065912453673,0.025,0.0,-0.03,0.0,1.0,0.0,0.015
35,1.166643905437596,42,0.045420371928660205,0.0,-0.015851209035809354,0.014148790964190645,0.0008512090358093541,1.702418071618708,-0.001452347417287821,0.000429465925915183,1.0214508429712248,0.025,0.0,-0.03,0.0,1.0,0.0,0.015
35,1.166643905437596,43,0.04620580579348894,0.0,-0.016821187247887993,0.013178812752112006,0.0018211872478879933,3.6423744957759867,0.0003933033206316828,0.001146559159763282,2.1854246974655918,0.025,0.0,-0.03,0.0,1.0,0.0,0.015
35,1.166643905437596,44,0.04698998842415735,0.0,-0.017792185060457932,0.012207814939542067,0.002792185060457933,5.584370120915866,-0.0013785870972186044,0.00023600586609257972,3.3506220725495193,0.025,0.0,-0.03,0.0,1.0,0.0,0.015
35,1.166643905437596,45,0.04777369212188434,0.0,-0.018763565268606786,0.011236434731393213,0.003763565268606786,7.527130537213572,0.00018252196428579983,0.0010987749313753948,4.516278322328143,0.025,0.0,-0.03,0.0,1.0,0.0,0.015
35,1.166643905437596,46,0.048557699577197834,0.0,-0.019734702700491605,0.010265297299508393,0.004734702700491606,9.469405400983213,-0.00128663013890692,8.089169288671181e-07,5.681643240589928,0.025,0.0,-0.03,0.0,1.0,0.0,0.015
35,1.166643905437596,47,0.04933933297047894,0.0,-0.020707171337472605,0.009292828662527394,0.005707171337472606,11.414342674945212,5.862536596632822e-05,0.0008320614610575577,6.848605604967127,0.025,0.0,-0.03,0.0,1.0,0.0,0.015
35,1.166643905437596,48,0.04938983095796178,0.0,-0.021954149046890293,0.008045850953109706,0.0069541490468902935,13.908298093780587,-0.0014197871894887435,0.000586037266023376,8.344978856268352,0.025,0.0,-0.03,0.0,1.0,0.0,0.015
35,1.166643905437596,49,0.04943324664318023,0.0,-0.023201401762620106,0.006798598237379893,0.008201401762620106,16.402803525240213,0.0001732856051011555,0.000754584882690035,9.841682115144128,0.025,0.0,-0.03,0.0,1.0,0.0,0.015
35,1.166643905437596,50,0.04947044109558243,0.0,-0.024448856871739838,0.005551143128260161,0.009448856871739839,18.897713743479677,-0.0014683442653745306,0.0007766299875155418,11.338628246087806,0.025,0.0,-0.03,0.0,1.0,0.0,0.015
35,1.166643905437596,51,0.04950228327747603,0.0,-0.025696472833876202,0.004303527166123797,0.010696472833876203,21.392945667752407,0.0001540495208689802,0.000907059920337438,12.835767400651443,0.025,0.0,-0.03,0.0,1.0,0.0,0.015
35,1.166643905437596,52,0.04952964757076379,0.0,-0.026944187297835657,0.003055812702164342,0.011944187297835657,23.888374595671316,-0.0014236843887402045,0.0009458593338771142,14.33302475740279,0.025,0.0,-0.03,0.0,1.0,0.0,0.015
35,1.166643905437596,53,0.04955341485002621,0.0,-0.028191994624079397,0.0018080053759206016,0.013191994624079398,26.383989248158795,9.677864589448015e-05,0.0010639820152054133,15.830393548895277,0.025,0.0,-0.03,0.0,1.0,0.0,0.015
35,1.166643905437596,54,0.04957446859617275,0.0,-0.02943983319468482,0.00056016680531518,0.01443983319468482,28.87966638936964,-0.0013903330985630955,0.0011125627384706582,17.327799833621782,0.025,0.0,-0.03,0.0,1.0,0.0,0.015
35,1.166643905437596,55,0.04959369714415351,0.0,-0.030687725413425262,0.0006877254134252629,0.014312274586574737,28.62454917314947,-8.128745281300305e-05,0.0012247501092464482,17.174729503889683,0.025,0.0,-0.03,0.0,1.0,0.0,0.015
35,1.166643905437596,56,0.0496119890185244,0.0,-0.03193560746631944,0.0019356074663194403,0.01306439253368056,26.128785067361118,0.001384408901771856,0.0012768917568147652,15.67727104041667,0.025,0.0,-0.03,0.0,1.0,0.0,0.015
35,1.166643905437596,57,0.04963023575259507,0.0,-0.03318351517995664,0.0031835151799566377,0.011816484820043362,23.632969640086724,-3.070160615208193e-05,0.0013869943373418256,14.179781784052034,0.025,0.0,-0.03,0.0,1.0,0.0,0.015
35,1.166643905437596,58,0.04964932694219453,0.0,-0.03443138371232656,0.004431383712326563,0.010568616287673437,21.13723257534687,0.0012411262793945962,0.001442355869306449,12.682339545208123,0.025,0.0,-0.03,0.0,1.0,0.0,0.015
35,1.166643905437596,59,0.0496701532183169,0.0,-0.035679246426316154,0.005679246426316155,0.009320753573683845,18.64150714736769,0.0002662695024554244,0.0015452189344155667,11.184904288420613,0.025,0.0,-0.03,0.0,1.0,0.0,0.015
35,1.166643905437596,60,0.04969360120086449,0.0,-0.03692703640934334,0.0069270364093433415,0.008072963590656658,16.145927181313315,0.0007811198822282291,0.001614828010732061,9.687556308787988,0.025,0.0,-0.03,0.0,1.0,0.0,0.015
35,1.166643905437596,61,0.049720556574659805,0.0,-0.03817477336932183,0.008174773369321833,0.006825226630678166,13.650453261356333,0.0008733229574257689,0.0016949079489932772,8.190271956813799,0.025,0.0,-0.03,0.0,1.0,0.0,0.015
35,1.166643905437596,62,0.04975189892033201,0.0,-0.039422381727628,0.009422381727628,0.005577618272371999,11.155236544744,0.00011791546973752351,0.0017752561128571223,6.693141926846399,0.025,0.0,-0.03,0.0,1.0,0.0,0.015
35,1.166643905437596,63,0.049788503252230776,0.0,-0.040669861610145616,0.010669861610145617,0.004330138389854382,8.660276779708765,0.0015026610614852145,0.00207116459835835,5.196166067825259,0.025,0.0,-0.03,0.0,1.0,0.0,0.015
35,1.166643905437596,64,0.049280525312100455,0.0,-0.04180937801204083,0.011809378012040829,0.0031906219879591705,6.381243975918341,-0.00043375251365618955,0.0014860157702696996,3.8287463855510047,0.025,0.0,-0.03,0.0,1.0,0.0,0.015
35,1.166643905437596,65,0.04876735131151256,0.0,-0.04294658903695133,0.012946589036951332,0.002053410963048667,4.106821926097334,0.0017788023856807056,0.0025730654129107575,2.4640931556584005,0.025,0.0,-0.03,0.0,1.0,0.0,0.015
35,1.166643905437596,66,0.048249002436283626,0.0,-0.04408142150513596,0.014081421505135965,0.0009185784948640349,1.83715698972807,-0.0006080016560952387,0.0015890392429218016,1.102294193836842,0.025,0.0,-0.03,0.0,1.0,0.0,0.015
36,1.1999765884500988,0,0.0,0.0,-0.018020026396194315,0.011979973603805684,0.0030200263961943155,6.040052792388631,0.0,0.0,3.6240316754331787,0.025,0.0,-0.03,0.0,1.0,0.0,0.015
36,1.1999765884500988,1,0.0011240053188935634,0.0,-0.0174787561728267,0.0125212438271733,0.0024787561728266995,4.957512345653399,0.0001939335504690114,0.00041082066729216873,2.9745074073920392,0.025,0.0,-0.03,0.0,1.0,0.0,0.015
36,1.1999765884500988,2,0.0022525658558142014,0.0,-0.016947053442907378,0.013052946557092621,0.0019470534429073781,3.894106885814756,-0.0003670342690173015,0.0007903461484212766,2.3364641314888535,0.025,0.0,-0.03,0.0,1.0,0.0,0.015
36,1.1999765884500988,3,0.003385606818699291,0.0,-0.016424956022401443,0.013575043977598556,0.0014249560224014433,2.8499120448028865,0.0005031623894995948,0.0011079412134580454,1.709947226881732,0.025,0.0,-0.03,0.0,1.0,0.0,0.015
36,1.1999765884500988,4,0.004523032197405023,0.0,-0.01591249500166385,0.01408750499833615,0.0009124950016638489,1.8249900033276978,-0.0005961254234419621,0.0013347527364207857,1.0949940019966187,0.025,0.0,-0.03,0.0,1.0,0.0,0.015
36,1.1999765884500988,5,0.005664763672514574,0.0,-0.015409677208244805,0.014590322791755194,0.00040967720824480573,0.8193544164896115,0.0006316796740340696,0.0014557816396907714,0.49161264989376685,0.025,0.0,-0.03,0.0,1.0,0.0,0.015
36,1.1999765884500988,42,0.045408998301337676,0.0,-0.015866074433888995,0.014133925566111004,0.0008660744338889956,1.7321488677779913,-4.893242311431443e-05,0.0006137249949176232,1.0392893206667948,0.025,0.0,-0.03,0.0,1.0,0.0,0.015
36,1.1999765884500988,43,0.046193238314648034,0.0,-0.016837029531604878,0.01316297046839512,0.0018370295316048786,3.674059063209757,-0.0008025964337495066,5.38556770275659e-05,2.2044354379258544,0.025,0.0,-0.03,0.0,1.0,0.0,0.015
36,1.1999765884500988,44,0.04697621500390755,0.0,-0.017808992018853283,0.012191007981146716,0.0028089920188532833,5.617984037706567,-0.0001438069778568643,0.0006456007073226053,3.37079042262394,0.025,0.0,-0.03,0.0,1.0,0.0,0.015
36,1.1999765884500988,45,0.04775872004276144,0.0,-0.01878134701767111,0.011218652982328887,0.003781347017671112,7.562694035342224,-0.0007406026080299202,0.0002153741182577235,4.5376164212053345,0.025,0.0,-0.03,0.0,1.0,0.0,0.015
36,1.1999765884500988,46,0.0485415224667164,0.0,-0.019753451154953985,0.010246548845046013,0.004753451154953986,9.506902309907971,-0.0003752553834724253,0.0005695530918265287,5.704141385944783,0.025,0.0,-0.03,0.0,1.0,0.0,0.015
36,1.1999765884500988,47,0.04932195024799511,0.0,-0.02072689158399612,0.00927310841600388,0.00572689158399612,11.45378316799224,-0.0005807123946159543,0.0004424486414117003,6.872269900795344,0.025,0.0,-0.03,0.0,1.0,0.0,0.015
36,1.1999765884500988,48,0.04936996576541176,0.0,-0.021973966897594267,0.008026033102405732,0.006973966897594268,13.947933795188536,-0.0006120347519620731,0.0005531709585016456,8.368760277113122,0.025,0.0,-0.03,0.0,1.0,0.0,0.015
36,1.1999765884500988,49,0.049410890675892244,0.0,-0.023221304053516544,0.006778695946483455,0.008221304053516544,16.442608107033088,-0.00044781204652789754,0.0006249286526761645,9.865564864219852,0.025,0.0,-0.03,0.0,1.0,0.0,0.015
36,1.1999765884500988,50,0.04944558648763034,0.0,-0.024468834161431807,0.005531165838568192,0.009468834161431808,18.937668322863615,-0.0006352367556865084,0.0006882609877231089,11.36260099371817,0.025,0.0,-0.03,0.0,1.0,0.0,0.015
36,1.1999765884500988,51,0.04947492299972854,0.0,-0.025716508011537825,0.004283491988462174,0.010716508011537826,21.433016023075652,-0.0005626716897336879,0.0007605109228882133,12.85980961384539,0.025,0.0,-0.03,0.0,1.0,0.0,0.015
36,1.1999765884500988,52,0.04949977610454507,0.0,-0.026964282004437057,0.0030357179955629414,0.011964282004437058,23.928564008874115,-0.00041894991140336966,0.0008332621897241624,14.357138405324468,0.025,0.0,-0.03,0.0,1.0,0.0,0.015
36,1.1999765884500988,53,0.049521027053234364,0.0,-0.02821212732742282,0.0017878726725771774,0.013212127327422822,26.424254654845644,-0.0008495006716458755,0.0008943324525954951,15.854552792907386,0.025,0.0,-0.03,0.0,1.0,0.0,0.015
36,1.1999765884500988,54,0.049539561097599646,0.0,-0.029460016378555373,0.0005399836214446257,0.014460016378555374,28.920032757110747,-0.00012022048066452725,0.000978367759512681,17.352019654266446,0.025,0.0,-0.03,0.0,1.0,0.0,0.015
36,1.1999765884500988,55,0.049556266734218805,0.0,-0.030707934578785397,0.0007079345787853984,0.014292065421214601,28.584130842429204,0.001130681884444513,0.0010302108516254487,17.15047850545752,0.025,0.0,-0.03,0.0,1.0,0.0,0.015
36,1.1999765884500988,56,0.04957203438448405,0.0,-0.03195586389450114,0.001955863894501142,0.013044136105498857,26.088272210997715,-0.00011304569498258232,0.001122170643674799,15.652963326598629,0.025,0.0,-0.03,0.0,1.0,0.0,0.015
36,1.1999765884500988,57,0.04958775563429441,0.0,-0.0332037939803861,0.003203793980386102,0.011796206019613897,23.592412039227796,0.0013164834688470547,0.0011671698409408584,14.155447223536678,0.025,0.0,-0.03,0.0,1.0,0.0,0.015
36,1.1999765884500988,58,0.04960432207457188,0.0,-0.034451712581160976,0.004451712581160977,0.010548287418839022,21.096574837678045,-0.00024511381435127715,0.001266051315938122,12.657944902606827,0.025,0.0,-0.03,0.0,1.0,0.0,0.015
36,1.1999765884500988,59,0.04962262426964315,0.0,-0.035699601909385155,0.005699601909385156,0.009300398090614843,18.600796181229686,0.00140407541243534,0.001303503905488004,11.160477708737812,0.025,0.0,-0.03,0.0,1.0,0.0,0.015
36,1.1999765884500988,60,0.04964355102963018,0.0,-0.03694745171835454,0.006947451718354543,0.008052548281645457,16.105096563290914,-0.00027840835666170024,0.0014103735245385122,9.663057937974548,0.025,0.0,-0.03,0.0,1.0,0.0,0.015
36,1.1999765884500988,61,0.04966798773717223,0.0,-0.03819522630511797,0.008195226305117972,0.006804773694882027,13.609547389764053,0.0013877302212868424,0.0014410739592616982,8.165728433858432,0.025,0.0,-0.03,0.0,1.0,0.0,0.015
36,1.1999765884500988,62,0.049696816305066616,0.0,-0.03944291188485848,0.009442911884858483,0.005557088115141516,11.114176230283032,-0.00019914649691913454,0.001537337096352852,6.668505738169819,0.025,0.0,-0.03,0.0,1.0,0.0,0.015
36,1.1999765884500988,63,0.049730913832590144,0.0,-0.04069044665905339,0.010690446659053394,0.004309553340946605,8.61910668189321,0.0012639201954383103,0.0017333177979945195,5.171464009135926,0.025,0.0,-0.03,0.0,1.0,0.0,0.015
36,1.1999765884500988,64,0.0492202561872303,0.0,-0.04182878594704697,0.01182878594704697,0.0031712140529530294,6.342428105906059,-0.00011260268602833924,0.0013992963484539718,3.805456863543635,0.025,0.0,-0.03,0.0,1.0,0.0,0.015
36,1.1999765884500988,65,0.04870441972837349,0.0,-0.04296476648870581,0.012964766488705814,0.002035233511294185,4.07046702258837,0.001151401638082665,0.002043274233656861,2.442280213553022,0.025,0.0,-0.03,0.0,1.0,0.0,0.015
36,1.1999765884500988,66,0.04818339038229832,0.0,-0.044098399367947835,0.014098399367947836,0.000901600632052163,1.803201264104326,-0.00017607580638889314,0.0015243972294042888,1.0819207584625956,0.025,0.0,-0.03,0.0,1.0,0.0,0.015
37,1.2333092714626015,0,0.0,0.0,-0.018020026396194315,0.011979973603805684,0.0030200263961943155,6.040052792388631,0.0,0.0,3.6240316754331787,0.025,0.0,-0.03,0.0,1.0,0.0,0.015
37,1.2333092714626015,1,0.001124005055310505,0.0,-0.017478755912328534,0.012521244087671465,0.002478755912328535,4.95751182465707,-0.0002704261344827169,0.0005738124523165,2.974507094794242,0.025,0.0,-0.03,0.0,1.0,0.0,0.015
37,1.2333092714626015,2,0.0022525692738434378,0.0,-0.016947059973743833,0.013052940026256166,0.001947059973743833,3.894119947487666,0.0005320577044267031,0.0011492262819501162,2.3364719684925994,0.025,0.0,-0.03,0.0,1.0,0.0,0.015
37,1.2333092714626015,3,0.0033856161236632955,0.0,-0.016424977227834498,0.0135750227721655,0.0014249772278344987,2.8499544556689975,-0.0007805830372994735,0.0017179038004219692,1.7099726734013985,0.025,0.0,-0.03,0.0,1.0,0.0,0.015
37,1.2333092714626015,4,0.004523052509732096,0.0,-0.015912537556905627,0.014087462443094372,0.0009125375569056272,1.8250751138112544,0.0010042493850649814,0.00226312103208768,1.0950450682867525,0.025,0.0,-0.03,0.0,1.0,0.0,0.015
37,1.2333092714626015,5,0.005664795334391731,0.0,-0.015409749908931679,0.01459025009106832,0.0004097499089316791,0.8194998178633582,-0.0011995599941927698,0.002753923398382948,0.4916998907180149,0.025,0.0,-0.03,0.0,1.0,0.0,0.015
37,1.2333092714626015,42,0.04539921680067535,0.0,-0.01587884164920251,0.01412115835079749,0.0008788416492025095,1.757683298405019,-0.0003226129346405607,0.00029792475636534175,1.0546099790430115,0.025,0.0,-0.03,0.0,1.0,0.0,0.015
37,1.2333092714626015,43,0.04618242441565052,0.0,-0.016850628326061316,0.013149371673938683,0.0018506283260613168,3.7012566521226336,-0.00038874130316270144,0.00029170059980725415,2.22075399127358,0.025,0.0,-0.03,0.0,1.0,0.0,0.015
37,1.2333092714626015,44,0.046964368515604024,0.0,-0.017823424362795576,0.012176575637204423,0.0028234243627955763,5.646848725591153,-0.00042136789876501344,0.00031253945852133616,3.3881092353546918,0.025,0.0,-0.03,0.0,1.0,0.0,0.015
37,1.2333092714626015,45,0.04774583881568077,0.0,-0.01879661131322057,0.01120338868677943,0.0037966113132205694,7.593222626441139,-0.00036855806555731674,0.0004022932666549936,4.5559335758646835,0.025,0.0,-0.03,0.0,1.0,0.0,0.015
37,1.2333092714626015,46,0.04852760727708053,0.0,-0.019769548097758546,0.010230451902241453,0.004769548097758546,9.539096195517093,-0.0005331910365219101,0.0003242008649399845,5.723457717310255,0.025,0.0,-0.03,0.0,1.0,0.0,0.015
37,1.2333092714626015,47,0.04930699676121695,0.0,-0.02074382110947426,0.00925617889052574,0.005743821109474259,11.487642218948519,-0.00034644660493234666,0.00045637101322993696,6.892585331369111,0.025,0.0,-0.03,0.0,1.0,0.0,0.015
37,1.2333092714626015,48,0.04935287899096615,0.0,-0.02199097560172791,0.008009024398272089,0.0069909756017279105,13.981951203455822,-0.000625720807023463,0.000464781196336644,8.389170722073493,0.025,0.0,-0.03,0.0,1.0,0.0,0.015
37,1.2333092714626015,49,0.04939166321174684,0.0,-0.023238384341345033,0.006761615658654966,0.008238384341345033,16.476768682690068,-0.00032885328824966425,0.0005399109637607305,9.88606120961404,0.025,0.0,-0.03,0.0,1.0,0.0,0.015
37,1.2333092714626015,50,0.04942421138269216,0.0,-0.02448596978361794,0.005514030216382058,0.009485969783617942,18.971939567235882,-0.0005746101641291378,0.0005909735577996564,11.383163740341528,0.025,0.0,-0.03,0.0,1.0,0.0,0.015
37,1.2333092714626015,51,0.04945139457561516,0.0,-0.02573369634952784,0.004266303650472158,0.010733696349527842,21.467392699055683,-0.0004567103265713833,0.0006547220847341169,12.88043561943341,0.025,0.0,-0.03,0.0,1.0,0.0,0.015
37,1.2333092714626015,52,0.049474089225977985,0.0,-0.026981509027011054,0.003018490972988945,0.011981509027011054,23.963018054022108,-0.00040155666347411524,0.0007152443234230728,14.377810832413264,0.025,0.0,-0.03,0.0,1.0,0.0,0.015
37,1.2333092714626015,53,0.04949317773726942,0.0,-0.028229392338758687,0.0017706076612413121,0.013229392338758687,26.458784677517375,-0.0006537594294575202,0.0007709154941684099,15.875270806510425,0.025,0.0,-0.03,0.0,1.0,0.0,0.015
37,1.2333092714626015,54,0.0495095460329494,0.0,-0.0294773108880265,0.0005226891119734997,0.0144773108880265,28.954621776053,-0.00022395766053277789,0.0008383836176659546,17.372773065631797,0.025,0.0,-0.03,0.0,1.0,0.0,0.015
37,1.2333092714626015,55,0.04952408357265035,0.0,-0.030725257160844656,0.000725257160844657,0.014274742839155342,28.549485678310685,0.000788739567668608,0.000889512396574324,17.12969140698641,0.025,0.0,-0.03,0.0,1.0,0.0,0.015
37,1.2333092714626015,56,0.04953768161369934,0.0,-0.03197321345283797,0.00197321345283797,0.01302678654716203,26.053573094324058,0.00015421562780123773,0.0009598304725667873,15.632143856594434,0.025,0.0,-0.03,0.0,1.0,0.0,0.015
37,1.2333092714626015,57,0.04955123254574058,0.0,-0.033221168009468,0.0032211680094679992,0.011778831990532,23.557663981064,0.0008014148697790592,0.0010097871199521615,14.1345983886384,0.025,0.0,-0.03,0.0,1.0,0.0,0.015
37,1.2333092714626015,58,0.04956562891368854,0.0,-0.0344691161301882,0.004469116130188203,0.010530883869811797,21.061767739623594,0.0001840750900343728,0.001080468965153479,12.637060643774156,0.025,0.0,-0.03,0.0,1.0,0.0,0.015
37,1.2333092714626015,59,0.04958176202591704,0.0,-0.03571703442026471,0.005717034420264708,0.009282965579735292,18.565931159470583,0.0007635526264639747,0.0011302091527920085,11.13955869568235,0.025,0.0,-0.03,0.0,1.0,0.0,0.015
37,1.2333092714626015,60,0.0496005216443912,0.0,-0.0369649198342409,0.0069649198342408986,0.008035080165759101,16.070160331518203,0.00021140599481097807,0.001201533066306499,9.642096198910922,0.025,0.0,-0.03,0.0,1.0,0.0,0.015
37,1.2333092714626015,61,0.04962279402385619,0.0,-0.03821273687256306,0.008212736872563062,0.006787263127436938,13.574526254873875,0.0007617222174473358,0.0012497445268942094,8.144715752924325,0.025,0.0,-0.03,0.0,1.0,0.0,0.015
37,1.2333092714626015,62,0.0496494619145459,0.0,-0.03946046746298083,0.009460467462980834,0.005539532537019165,11.07906507403833,0.0002104614019492494,0.0013179740487527188,6.647439044422997,0.025,0.0,-0.03,0.0,1.0,0.0,0.015
37,1.2333092714626015,63,0.04968140228082306,0.0,-0.040708066249137524,0.010708066249137525,0.004291933750862474,8.583867501724948,0.0007427375898333049,0.0014236919337804177,5.150320501034968,0.025,0.0,-0.03,0.0,1.0,0.0,0.015
37,1.2333092714626015,64,0.04916845221002034,0.0,-0.04184536364221516,0.01184536364221516,0.003154636357784839,6.309272715569677,0.0002512360115658908,0.001352185258953715,3.785563629341806,0.025,0.0,-0.03,0.0,1.0,0.0,0.015
37,1.2333092714626015,65,0.04865031609792824,0.0,-0.042980311730185745,0.012980311730185747,0.002019688269814253,4.039376539628506,0.0005573269897895984,0.001560403247314887,2.4236259237771036,0.025,0.0,-0.03,0.0,1.0,0.0,0.015
37,1.2333092714626015,66,0.04812700119583156,0.0,-0.04411287342999822,0.014112873429998223,0.0008871265700017769,1.774253140003554,0.0004084990455524927,0.0015710392999330413,1.0645518840021324,0.025,0.0,-0.03,0.0,1.0,0.0,0.015
38,1.2666419544751042,0,0.0,0.0,-0.018020026396194315,0.011979973603805684,0.0030200263961943155,6.040052792388631,0.0,0.0,3.6240316754331787,0.025,0.0,-0.03,0.0,1.0,0.0,0.015
38,1.2666419544751042,1,0.0011240053273946337,0.0,-0.01747875545977743,0.012521244540222569,0.0024787554597774306,4.957510919554861,1.1204405172396002e-05,2.323770012498402e-05,2.9745065517329166,0.025,0.0,-0.03,0.0,1.0,0.0,0.015
38,1.2666419544751042,2,0.002252571182490922,0.0,-0.01694706605191309,0.01305293394808691,0.0019470660519130892,3.8941321038261782,-2.6613342027993266e-05,5.605916582613191e-05,2.3364792622957067,0.025,0.0,-0.03,0.0,1.0,0.0,0.015
38,1.2666419544751042,3,0.0033856257152228447,0.0,-0.016424994744773137,0.013575005255226862,0.0014249947447731379,2.849989489546276,4.7513999899942735e-05,0.0001050552592391884,1.7099936937277656,0.025,0.0,-0.03,0.0,1.0,0.0,0.015
38,1.2666419544751042,4,0.004523067813981769,0.0,-0.015912575083272446,0.014087424916727553,0.0009125750832724468,1.8251501665448935,-7.670936766273382e-05,0.00016902075517921208,1.095090099926936,0.025,0.0,-0.03,0.0,1.0,0.0,0.015
38,1.2666419544751042,5,0.005664825187285335,0.0,-0.015409811262142118,0.014590188737857881,0.0004098112621421183,0.8196225242842365,0.00010476710507613979,0.00024500370003096677,0.4917735145705419,0.025,0.0,-0.03,0.0,1.0,0.0,0.015
38,1.2666419544751042,42,0.04539080641326722,0.0,-0.01588980800539526,0.01411019199460474,0.0008898080053952595,1.779616010790519,0.00042627437876496886,0.0008297770770608728,1.0677696064743114,0.025,0.0,-0.03,0.0,1.0,0.0,0.015
38,1.2666419544751042,43,0.04617312073792745,0.0,-0.01686230171373275,0.01313769828626725,0.0018623017137327502,3.7246034274655004,-0.0010945414246256338,0.0003674156274243289,2.2347620564793003,0.025,0.0,-0.03,0.0,1.0,0.0,0.015
38,1.2666419544751042,44,0.04695418203701581,0.0,-0.017835819600193738,0.012164180399806261,0.0028358196001937383,5.671639200387476,0.0004225136530852297,0.0009048557323654116,3.402983520232486,0.025,0.0,-0.03,0.0,1.0,0.0,0.015
38,1.2666419544751042,45,0.047734757513368704,0.0,-0.018809714450598338,0.01119028554940166,0.0038097144505983387,7.619428901196677,-0.0010766555258736113,0.0002674100843674204,4.571657340718006,0.025,0.0,-0.03,0.0,1.0,0.0,0.015
38,1.2666419544751042,46,0.048515641315492866,0.0,-0.01978337168976551,0.01021662831023449,0.00478337168976551,9.56674337953102,0.0002330722794970566,0.0008077985418867171,5.740046027718612,0.025,0.0,-0.03,0.0,1.0,0.0,0.015
38,1.2666419544751042,47,0.04929413456119634,0.0,-0.02075835319280587,0.00924164680719413,0.005758353192805869,11.516706385611739,-0.000961767045189913,0.00012196542798698474,6.9100238313670435,0.025,0.0,-0.03,0.0,1.0,0.0,0.015
38,1.2666419544751042,48,0.04933818478953906,0.0,-0.022005580011288654,0.007994419988711345,0.007005580011288655,14.01116002257731,0.00012146820170099856,0.0004498694636938586,8.406696013546386,0.025,0.0,-0.03,0.0,1.0,0.0,0.015
38,1.2666419544751042,49,0.04937512887401931,0.0,-0.02325303892880745,0.006746961071192548,0.008253038928807452,16.506077857614905,-0.0008601242067071158,0.00044264723585874183,9.903646714568943,0.025,0.0,-0.03,0.0,1.0,0.0,0.015
38,1.2666419544751042,50,0.04940583162157811,0.0,-0.024500677993938364,0.005499322006061635,0.009500677993938365,19.001355987876728,-6.310486749662038e-05,0.0005207475076964522,11.400813592726037,0.025,0.0,-0.03,0.0,1.0,0.0,0.015
38,1.2666419544751042,51,0.049431164008642246,0.0,-0.02574843793493267,0.00425156206506733,0.010748437934932669,21.496875869865338,-0.0006139492376409902,0.0005570675373821412,12.898125521919203,0.025,0.0,-0.03,0.0,1.0,0.0,0.015
38,1.2666419544751042,52,0.049452003870924785,0.0,-0.02699628905197523,0.0030037109480247695,0.01199628905197523,23.99257810395046,-0.0003772889874981919,0.0006147790653984658,14.395546862370276,0.025,0.0,-0.03,0.0,1.0,0.0,0.015
38,1.2666419544751042,53,0.04946923385720834,0.0,-0.028244195265663224,0.0017558047343367751,0.013244195265663224,26.48839053132645,-0.00024665792092204105,0.0006679922923922708,15.893034318795868,0.025,0.0,-0.03,0.0,1.0,0.0,0.015
38,1.2666419544751042,54,0.0494837410103646,0.0,-0.02949214101063334,0.000507858989366658,0.014492141010633341,28.984282021266683,-0.0007861583487794317,0.0007114295898999633,17.39056921276001,0.025,0.0,-0.03,0.0,1.0,0.0,0.015
38,1.2666419544751042,55,0.049496415262018506,0.0,-0.030740105669559387,0.0007401056695593884,0.014259894330440611,28.519788660881222,-0.00016646253677191317,0.0007772067688256864,17.111873196528734,0.025,0.0,-0.03,0.0,1.0,0.0,0.015
38,1.2666419544751042,56,0.049508148771076746,0.0,-0.03198808285826412,0.0019880828582641216,0.013011917141735878,26.023834283471757,0.001165510995096029,0.0008100712176941188,15.614300570083053,0.025,0.0,-0.03,0.0,1.0,0.0,0.015
38,1.2666419544751042,57,0.04951983456664953,0.0,-0.03323605621144213,0.0032360562114421287,0.01176394378855787,23.52788757711574,-0.00046281057568678163,0.000885139899109214,14.116732546269445,0.025,0.0,-0.03,0.0,1.0,0.0,0.015
38,1.2666419544751042,58,0.04953236596598995,0.0,-0.03448402525845809,0.004484025258458091,0.010515974741541909,21.031949483083817,0.0013468193527501266,0.0009099742353363619,12.61916968985029,0.025,0.0,-0.03,0.0,1.0,0.0,0.015
38,1.2666419544751042,59,0.04954663499797692,0.0,-0.03573196634218792,0.005731966342187922,0.009268033657812078,18.536067315624155,-0.0005070759844609794,0.0009917696803479626,11.121640389374493,0.025,0.0,-0.03,0.0,1.0,0.0,0.015
38,1.2666419544751042,60,0.04956353219916054,0.0,-0.03697988023551912,0.006979880235519119,0.00802011976448088,16.04023952896176,0.001263510434667566,0.001011551439858066,9.624143717377056,0.025,0.0,-0.03,0.0,1.0,0.0,0.015
38,1.2666419544751042,61,0.04958394447732045,0.0,-0.0382277268539478,0.008227726853947799,0.0067722731460522,13.544546292104402,-0.0003159327435022148,0.0010953106998354651,8.12672777526264,0.025,0.0,-0.03,0.0,1.0,0.0,0.015
38,1.2666419544751042,62,0.049608755455713055,0.0,-0.039475500954886014,0.009475500954886015,0.005524499045113984,11.048998090227968,0.001008585030583582,0.0011233317131649598,6.629398854136781,0.025,0.0,-0.03,0.0,1.0,0.0,0.015
38,1.2666419544751042,63,0.04963884384734918,0.0,-0.04072313958605348,0.010723139586053483,0.004276860413946516,8.553720827893033,-3.0982965475056906e-05,0.001107661049820437,5.13223249673582,0.025,0.0,-0.03,0.0,1.0,0.0,0.015
38,1.2666419544751042,64,0.049123919075794366,0.0,-0.041859554651779735,0.011859554651779736,0.0031404453482202638,6.280890696440528,0.0007455485784627601,0.0013861604826447963,3.7685344178643163,0.025,0.0,-0.03,0.0,1.0,0.0,0.015
38,1.2666419544751042,65,0.04860381790448115,0.0,-0.04299359004596762,0.012993590045967618,0.0020064099540323815,4.012819908064763,6.113700133080115e-05,0.0011515612508561244,2.407691944838858,0.025,0.0,-0.03,0.0,1.0,0.0,0.015
38,1.2666419544751042,66,0.04807852844935139,0.0,-0.044125253138423325,0.014125253138423326,0.0008747468615766738,1.7494937231533476,0.0006167067801423146,0.0014743809286407083,1.0496962338920086,0.025,0.0,-0.03,0.0,1.0,0.0,0.015
39,1.299974637487607,0,0.0,0.0,-0.018020026396194315,0.011979973603805684,0.0030200263961943155,6.040052792388631,0.0,0.0,3.6240316754331787,0.025,0.0,-0.03,0.0,1.0,0.0,0.015
39,1.299974637487607,1,0.001124006430984766,0.0,-0.017478754656403705,0.012521245343596294,0.0024787546564037054,4.957509312807411,-0.00016834318837713285,0.0003583915173427108,2.9745055876844466,0.025,0.0,-0.03,0.0,1.0,0.0,0.015
39,1.299974637487607,2,0.0022525712429925897,0.0,-0.016947072017464745,0.013052927982535253,0.001947072017464746,3.894144034929492,0.00033295590026759963,0.0007214452286410507,2.336486420957695,0.025,0.0,-0.03,0.0,1.0,0.0,0.015
39,1.299974637487607,3,0.0033856359763147774,0.0,-0.016425008873965356,0.013574991126034643,0.0014250088739653569,2.8500177479307136,-0.0004932175140462052,0.0010873201652826976,1.7100106487584281,0.025,0.0,-0.03,0.0,1.0,0.0,0.015
39,1.299974637487607,4,0.004523078823734812,0.0,-0.015912608301594574,0.014087391698405425,0.0009126083015945745,1.825216603189149,0.0006422765592575483,0.001449252724375785,1.0951299619134893,0.025,0.0,-0.03,0.0,1.0,0.0,0.015
39,1.299974637487607,5,0.005664852854776322,0.0,-0.015409863111666392,0.014590136888333606,0.00040986311166639304,0.8197262233327861,-0.0007795763035153179,0.0017903091766728436,0.4918357339996716,0.025,0.0,-0.03,0.0,1.0,0.0,0.015
39,1.299974637487607,42,0.04538356832158371,0.0,-0.01589921856314915,0.01410078143685085,0.0008992185631491491,1.798437126298298,-0.0014830995929403386,0.000793348718528038,1.0790622757789787,0.025,0.0,-0.03,0.0,1.0,0.0,0.015
39,1.299974637487607,43,0.04616512476788771,0.0,-0.01687233174308957,0.013127668256910429,0.0018723317430895704,3.744663486179141,0.0008217540571664083,0.0011147579170581719,2.2467980917074843,0.025,0.0,-0.03,0.0,1.0,0.0,0.015
39,1.299974637487607,44,0.046945418114723955,0.0,-0.017846458341943986,0.012153541658056013,0.0028464583419439866,5.692916683887973,-0.0012610398244780024,0.0005379146330943841,3.415750010332784,0.025,0.0,-0.03,0.0,1.0,0.0,0.015
39,1.299974637487607,45,0.04772523162740432,0.0,-0.01882097006183965,0.011179029938160348,0.0038209700618396514,7.641940123679303,0.0005052474965800048,0.0009242540928851634,4.585164074207582,0.025,0.0,-0.03,0.0,1.0,0.0,0.015
39,1.299974637487607,46,0.048505348635067246,0.0,-0.01979523799583886,0.01020476200416114,0.00479523799583886,9.590475991677721,-0.0009930281280663348,0.00022628166996744927,5.754285595006633,0.025,0.0,-0.03,0.0,1.0,0.0,0.015
39,1.299974637487607,47,0.04928307528216173,0.0,-0.02077083469478306,0.00922916530521694,0.00577083469478306,11.54166938956612,0.00022360959295767403,0.0005528329448473768,6.925001633739672,0.025,0.0,-0.03,0.0,1.0,0.0,0.015
39,1.299974637487607,48,0.04932554953033608,0.0,-0.022018113937005042,0.007981886062994957,0.0070181139370050424,14.036227874010084,-0.0008632017145313117,0.0003106880427084538,8.42173672440605,0.025,0.0,-0.03,0.0,1.0,0.0,0.015
39,1.299974637487607,49,0.049360912661177855,0.0,-0.02326562238663443,0.00673437761336557,0.00826562238663443,16.53124477326886,6.743482676416877e-05,0.00040999109569654066,9.918746863961315,0.025,0.0,-0.03,0.0,1.0,0.0,0.015
39,1.299974637487607,50,0.04939002923512868,0.0,-0.024513295900625155,0.005486704099374844,0.009513295900625156,19.026591801250312,-0.0006325236812040648,0.00043147514186969683,11.415955080750187,0.025,0.0,-0.03,0.0,1.0,0.0,0.015
39,1.299974637487607,51,0.04941377136479309,0.0,-0.02576109245386989,0.00423890754613011,0.01076109245386989,21.522184907739778,-0.0002301130086660051,0.0004862396343367027,12.913310944643866,0.025,0.0,-0.03,0.0,1.0,0.0,0.015
39,1.299974637487607,52,0.04943301708032899,0.0,-0.027008963848674895,0.0029910361513251042,0.012008963848674895,24.01792769734979,-0.0003038773882336319,0.0005282794244177301,14.410756618409874,0.025,0.0,-0.03,0.0,1.0,0.0,0.015
39,1.299974637487607,53,0.04944865013407263,0.0,-0.028256898256748608,0.0017431017432513914,0.013256898256748608,26.513796513497216,-0.0005552543637136072,0.0005689477185972606,15.908277908098329,0.025,0.0,-0.03,0.0,1.0,0.0,0.015
39,1.299974637487607,54,0.049461557741830295,0.0,-0.029504854483382636,0.0004951455166173624,0.014504854483382637,29.009708966765274,-3.365194981184901e-05,0.0006208040562320201,17.405825380059163,0.025,0.0,-0.03,0.0,1.0,0.0,0.015
39,1.299974637487607,55,0.04947263093081439,0.0,-0.030752843176113334,0.0007528431761133353,0.014247156823886664,28.49431364777333,0.0007329904988791281,0.0006560909184753749,17.096588188663997,0.025,0.0,-0.03,0.0,1.0,0.0,0.015
39,1.299974637487607,56,0.04948276201789041,0.0,-0.03200082590782317,0.0020008259078231685,0.012999174092176831,25.998348184353663,-2.0333886730857984e-05,0.0007100465405730674,15.599008910612197,0.025,0.0,-0.03,0.0,1.0,0.0,0.015
39,1.299974637487607,57,0.049492845146818926,0.0,-0.03324882322031142,0.00324882322031142,0.01175117677968858,23.50235355937716,0.0006594085643101604,0.0007461735125225682,14.101412135626296,0.025,0.0,-0.03,0.0,1.0,0.0,0.015
39,1.299974637487607,58,0.049503773741964525,0.0,-0.03449679782751336,0.00449679782751336,0.01050320217248664,21.00640434497328,0.0001688728374267651,0.0007968641596327667,12.603842606983967,0.025,0.0,-0.03,0.0,1.0,0.0,0.015
39,1.299974637487607,59,0.0495164410430521,0.0,-0.03574476715898105,0.005744767158981048,0.009255232841018951,18.510465682037903,0.00039035324947116944,0.0008387697689094454,11.106279409222742,0.025,0.0,-0.03,0.0,1.0,0.0,0.015
39,1.299974637487607,60,0.049531737552023655,0.0,-0.03699269107084947,0.006992691070849474,0.008007308929150525,16.01461785830105,0.00047978598481998244,0.0008809223591822036,9.608770714980631,0.025,0.0,-0.03,0.0,1.0,0.0,0.015
39,1.299974637487607,61,0.049550551607382844,0.0,-0.038240575132292454,0.008240575132292455,0.006759424867707545,13.51884973541509,8.212455162998677e-05,0.0009326855447468987,8.111309841249053,0.025,0.0,-0.03,0.0,1.0,0.0,0.015
39,1.299974637487607,62,0.04957376670937107,0.0,-0.03948836770598504,0.009488367705985039,0.005511632294014961,11.023264588029921,0.0007593285558412963,0.0009761512189281773,6.613958752817952,0.025,0.0,-0.03,0.0,1.0,0.0,0.015
39,1.299974637487607,63,0.04960226114926744,0.0,-0.040736057729166227,0.010736057729166228,0.004263942270833772,8.527884541667543,-0.0001468502314084939,0.0008948076439366688,5.116730725000526,0.025,0.0,-0.03,0.0,1.0,0.0,0.015
39,1.299974637487607,64,0.04908564818628491,0.0,-0.04187168939575308,0.01187168939575308,0.0031283106042469186,6.256621208493837,0.0009461791820386194,0.0013313949474139492,3.753972725096302,0.025,0.0,-0.03,0.0,1.0,0.0,0.015
39,1.299974637487607,65,0.04856384776912384,0.0,-0.04300496363968855,0.013004963639688553,0.001995036360311446,3.990072720622892,-0.00039878251270574595,0.0007806554788653327,2.394043632373735,0.025,0.0,-0.03,0.0,1.0,0.0,0.015
39,1.299974637487607,66,0.04803687615256675,0.0,-0.04413582252920281,0.014135822529202813,0.0008641774707971867,1.7283549415943733,0.0010792245912202125,0.0015259945251639704,1.037012964956624,0.025,0.0,-0.03,0.0,1.0,0.0,0.015
40,1.3333073205001098,0,0.0,0.0,-0.018020026396194315,0.011979973603805684,0.0030200263961943155,6.040052792388631,0.0,0.0,3.6240316754331787,0.025,0.0,-0.03,0.0,1.0,0.0,0.015
40,1.3333073205001098,1,0.0011240041076016033,0.0,-0.017478755513444716,0.012521244486555283,0.0024787555134447165,4.957511026889433,0.00013159516288372862,0.00027918255246656793,2.97450661613366,0.025,0.0,-0.03,0.0,1.0,0.0,0.015
40,1.3333073205001098,2,0.0022525774950945864,0.0,-0.01694707426136301,0.013052925738636988,0.0019470742613630111,3.8941485227260224,-0.0002470236529387992,0.0005327500974211624,2.336489113635613,0.025,0.0,-0.03,0.0,1.0,0.0,0.015
40,1.3333073205001098,3,0.003385636295279204,0.0,-0.01642502488971996,0.013574975110280038,0.0014250248897199613,2.8500497794399227,0.00033439313448439714,0.0007367477081235005,1.7100298676639536,0.025,0.0,-0.03,0.0,1.0,0.0,0.015
40,1.3333073205001098,4,0.004523098291003933,0.0,-0.01591263239072118,0.014087367609278818,0.0009126323907211811,1.8252647814423621,-0.00038863219797585427,0.0008709796205316699,1.0951588688654172,0.025,0.0,-0.03,0.0,1.0,0.0,0.015
40,1.3333073205001098,5,0.005664865939894949,0.0,-0.015409912336430725,0.014590087663569274,0.0004099123364307254,0.8198246728614509,0.00040185317664085025,0.0009256901601862826,0.4918948037168705,0.025,0.0,-0.03,0.0,1.0,0.0,0.015
40,1.3333073205001098,42,0.04537734604526949,0.0,-0.01590730190473192,0.014092698095268079,0.0009073019047319206,1.8146038094638413,-3.979593615918678e-06,0.00035199533555301703,1.0887622856783048,0.025,0.0,-0.03,0.0,1.0,0.0,0.015
40,1.3333073205001098,43,0.046158248652232683,0.0,-0.016880944135821627,0.013119055864178372,0.0018809441358216272,3.7618882716432545,-0.00043586251644874837,3.199569530876561e-05,2.2571329629859527,0.025,0.0,-0.03,0.0,1.0,0.0,0.015
40,1.3333073205001098,44,0.04693788316421482,0.0,-0.017855595048908917,0.012144404951091082,0.0028555950489089175,5.711190097817835,-7.106823338063965e-05,0.0003568603339369096,3.426714058690701,0.025,0.0,-0.03,0.0,1.0,0.0,0.015
40,1.3333073205001098,45,0.047717040763665446,0.0,-0.01883063534444022,0.011169364655559778,0.0038306353444402218,7.661270688880443,-0.0004460138867667502,8.54398372442579e-05,4.596762413328266,0.025,0.0,-0.03,0.0,1.0,0.0,0.015
40,1.3333073205001098,46,0.048496499024434085,0.0,-0.019805428225212276,0.010194571774787723,0.004805428225212276,9.610856450424553,-9.933350527579932e-05,0.00038187858827047887,5.766513870254731,0.025,0.0,-0.03,0.0,1.0,0.0,0.015
40,1.3333073205001098,47,0.04927356620402159,0.0,-0.02078155199209755,0.00921844800790245,0.005781551992097549,11.563103984195099,-0.0005359325169761075,0.00018766821284479202,6.937862390517059,0.025,0.0,-0.03,0.0,1.0,0.0,0.015
40,1.3333073205001098,48,0.04931468634948627,0.0,-0.022028876984995133,0.007971123015004866,0.007028876984995134,14.057753969990268,3.2672923719992255e-05,0.0003193393474602999,8.43465238199416,0.025,0.0,-0.03,0.0,1.0,0.0,0.015
40,1.3333073205001098,49,0.04934869079375878,0.0,-0.02327642224435161,0.006723577755648389,0.00827642224435161,16.552844488703222,-0.0007186674897233442,0.00032708750524218034,9.931706693221933,0.025,0.0,-0.03,0.0,1.0,0.0,0.015
40,1.3333073205001098,50,0.04937644449279619,0.0,-0.024524130156704793,0.005475869843295206,0.009524130156704794,19.04826031340959,0.00019418611386963096,0.0003896235454967953,11.428956188045753,0.025,0.0,-0.03,0.0,1.0,0.0,0.015
40,1.3333073205001098,51,0.04939881987674761,0.0,-0.025771947615435036,0.004228052384564963,0.010771947615435037,21.543895230870074,-0.0008545648167589536,0.0004040145151552784,12.926337138522044,0.025,0.0,-0.03,0.0,1.0,0.0,0.015
40,1.3333073205001098,52,0.049416695936283894,0.0,-0.02701984639217639,0.00298015360782361,0.01201984639217639,24.039692784352777,0.0002842824016288803,0.00046387715234308315,14.423815670611665,0.025,0.0,-0.03,0.0,1.0,0.0,0.015
40,1.3333073205001098,53,0.04943095648136407,0.0,-0.028267789236874504,0.0017322107631254947,0.013267789236874505,26.53557847374901,-0.0008936451037900314,0.0004826496957711087,15.921347084249405,0.025,0.0,-0.03,0.0,1.0,0.0,0.015
40,1.3333073205001098,54,0.04944248982169612,0.0,-0.02951576927932077,0.00048423072067923026,0.01451576927932077,29.03153855864154,0.000265897052728278,0.0005375268265738357,17.418923135184922,0.025,0.0,-0.03,0.0,1.0,0.0,0.015
40,1.3333073205001098,55,0.049452186948192894,0.0,-0.030763758742584718,0.0007637587425847192,0.01423624125741528,28.47248251483056,0.0008289086070989684,0.0005615246058578722,17.083489508898335,0.025,0.0,-0.03,0.0,1.0,0.0,0.015
40,1.3333073205001098,56,0.04946094130558817,0.0,-0.032011763990731974,0.0020117639907319754,0.012988236009268024,25.976472018536047,-0.00016938431484576205,0.0006120387953422656,15.585883211121628,0.025,0.0,-0.03,0.0,1.0,0.0,0.015
40,1.3333073205001098,57,0.049469646984112,0.0,-0.033259760362184136,0.0032597603621841373,0.011740239637815862,23.480479275631723,0.0007259421879550194,0.0006393634928322799,14.088287565379034,0.025,0.0,-0.03,0.0,1.0,0.0,0.015
40,1.3333073205001098,58,0.04947919853920248,0.0,-0.03450775792712478,0.004507757927124781,0.010492242072875219,20.984484145750436,-8.011877849181507e-05,0.0006879874739741975,12.590690487450262,0.025,0.0,-0.03,0.0,1.0,0.0,0.015
40,1.3333073205001098,59,0.04949048915506304,0.0,-0.035755730436872704,0.005755730436872705,0.009244269563127294,18.488539126254587,0.0006684231427672141,0.0007156371620905249,11.093123475752751,0.025,0.0,-0.03,0.0,1.0,0.0,0.015
40,1.3333073205001098,60,0.049504410487141735,0.0,-0.03700368037822309,0.00700368037822309,0.00799631962177691,15.99263924355382,-5.608139753899667e-05,0.0007655125307242388,9.595583546132291,0.025,0.0,-0.03,0.0,1.0,0.0,0.015
40,1.3333073205001098,61,0.049521850800378873,0.0,-0.03825157609640225,0.00825157609640225,0.006748423903597749,13.496847807195497,0.0006732278686615367,0.0007908118565706627,8.098108684317298,0.025,0.0,-0.03,0.0,1.0,0.0,0.015
40,1.3333073205001098,62,0.049543694718352634,0.0,-0.03949940193844662,0.009499401938446624,0.005500598061553376,11.001196123106752,-6.832626847335621e-05,0.0008356630013892769,6.600717673864051,0.025,0.0,-0.03,0.0,1.0,0.0,0.015
40,1.3333073205001098,63,0.04957082158679991,0.0,-0.04074711503031194,0.010747115030311942,0.0042528849696880575,8.505769939376115,0.0006779032512430266,0.0009521294257454798,5.103461963625669,0.025,0.0,-0.03,0.0,1.0,0.0,0.015
40,1.3333073205001098,64,0.04905275186357968,0.0,-0.041882092133104475,0.011882092133104476,0.0031179078668955237,6.235815733791047,-8.559683400635473e-05,0.000751166290826672,3.741489440274628,0.025,0.0,-0.03,0.0,1.0,0.0,0.015
40,1.3333073205001098,65,0.04852950245081873,0.0,-0.04301468720426018,0.013014687204260182,0.0019853127957398173,3.9706255914796347,0.0006500407703293423,0.0011303053852821567,2.3823753548877806,0.025,0.0,-0.03,0.0,1.0,0.0,0.015
40,1.3333073205001098,66,0.04800107421672697,0.0,-0.04414487865592672,0.014144878655926722,0.0008551213440732772,1.7102426881465544,-0.00011603735457584713,0.0008220125374843195,1.0261456128879327,0.025,0.0,-0.03,0.0,1.0,0.0,0.015
41,1.3666400035126125,0,0.0,0.0,-0.018020026396194315,0.011979973603805684,0.0030200263961943155,6.040052792388631,0.0,0.0,3.6240316754331787,0.025,0.0,-0.03,0.0,1.0,0.0,0.015
41,1.3666400035126125,1,0.0011240056372762875,0.0,-0.017478754581303785,0.012521245418696213,0.002478754581303786,4.957509162607572,-0.00022768297219643628,0.00048381404681519766,2.974505497564543,0.025,0.0,-0.03,0.0,1.0,0.0,0.015
41,1.3666400035126125,2,0.002252576096301677,0.0,-0.01694707933969641,0.013052920660303589,0.0019470793396964108,3.8941586793928216,0.00044015688997048373,0.0009518915940105184,2.336495207635693,0.025,0.0,-0.03,0.0,1.0,0.0,0.015
41,1.3666400035126125,3,0.003385646069887972,0.0,-0.016425034326492213,0.013574965673507786,0.0014250343264922138,2.8500686529844277,-0.0006291943512977966,0.001386324378063272,1.7100411917906566,0.025,0.0,-0.03,0.0,1.0,0.0,0.015
41,1.3666400035126125,4,0.004523103450484109,0.0,-0.015912658247848526,0.014087341752151473,0.0009126582478485266,1.8253164956970533,0.0007860958616157736,0.0017717191518463122,1.095189897418232,0.025,0.0,-0.03,0.0,1.0,0.0,0.015
41,1.3666400035126125,5,0.005664890135014307,0.0,-0.015409948999518065,0.014590051000481934,0.0004099489995180658,0.8198979990361316,-0.0009104432262153778,0.0020922148085052764,0.49193879942167895,0.025,0.0,-0.03,0.0,1.0,0.0,0.015
41,1.3666400035126125,42,0.045371996852831636,0.0,-0.015914244557262508,0.014085755442737491,0.0009142445572625085,1.828489114525017,7.658395862346134e-05,0.00036717515101638063,1.0970934687150102,0.025,0.0,-0.03,0.0,1.0,0.0,0.015
41,1.3666400035126125,43,0.04615233671649499,0.0,-0.01688834021450389,0.01311165978549611,0.0018883402145038891,3.7766804290077785,-0.00043937900593588443,2.476374451823822e-05,2.266008257404667,0.025,0.0,-0.03,0.0,1.0,0.0,0.015
41,1.3666400035126125,44,0.046931405549359234,0.0,-0.017863442141651385,0.012136557858348614,0.002863442141651386,5.7268842833027715,-3.3282095296229225e-05,0.0003289495567736451,3.4361305699816627,0.025,0.0,-0.03,0.0,1.0,0.0,0.015
41,1.3666400035126125,45,0.0477099984961761,0.0,-0.018838935288363057,0.011161064711636942,0.0038389352883630573,7.677870576726114,-0.0003545418448257773,9.557179402755345e-05,4.606722346035668,0.025,0.0,-0.03,0.0,1.0,0.0,0.015
41,1.3666400035126125,46,0.04848889120857808,0.0,-0.019814179819894816,0.010185820180105182,0.004814179819894817,9.628359639789634,-0.0001871836230720044,0.0002592060067123825,5.777015783873781,0.025,0.0,-0.03,0.0,1.0,0.0,0.015
41,1.3666400035126125,47,0.04926539095019381,0.0,-0.020790755425342335,0.009209244574657664,0.005790755425342336,11.581510850684671,-0.00023171624579388365,0.0002168472511345465,6.9489065104108025,0.025,0.0,-0.03,0.0,1.0,0.0,0.015
41,1.3666400035126125,48,0.0493053476927602,0.0,-0.022038118617663464,0.007961881382336534,0.007038118617663465,14.07623723532693,-0.00036237792736260147,0.0002568173646711906,8.445742341196159,0.025,0.0,-0.03,0.0,1.0,0.0,0.015
41,1.3666400035126125,49,0.04933818462305353,0.0,-0.023285695325535993,0.006714304674464006,0.008285695325535993,16.571390651071987,-8.764658025207868e-05,0.0002967052779528707,9.942834390643192,0.025,0.0,-0.03,0.0,1.0,0.0,0.015
41,1.3666400035126125,50,0.04936476715086615,0.0,-0.02453342907423864,0.00546657092576136,0.009533429074238639,19.066858148477277,-0.0004703535445376998,0.00031949375757500974,11.440114889086365,0.025,0.0,-0.03,0.0,1.0,0.0,0.015
41,1.3666400035126125,51,0.04938596820072429,0.0,-0.025781267786138623,0.004218732213861376,0.010781267786138624,21.56253557227725,-2.5240963293178242e-05,0.0003616854196113584,12.937521343366349,0.025,0.0,-0.03,0.0,1.0,0.0,0.015
41,1.3666400035126125,52,0.04940266720464488,0.0,-0.02702918215191864,0.002970817848081359,0.01202918215191864,24.05836430383728,-0.0004988622208428508,0.0003858830073640691,14.435018582302368,0.025,0.0,-0.03,0.0,1.0,0.0,0.015
41,1.3666400035126125,53,0.04941574852114588,0.0,-0.028277140129775762,0.0017228598702242366,0.013277140129775763,26.554280259551525,-2.1867517143107707e-05,0.0004258875941946988,15.932568155730914,0.025,0.0,-0.03,0.0,1.0,0.0,0.015
41,1.3666400035126125,54,0.04942610081377724,0.0,-0.029525128162377175,0.0004748718376228235,0.014525128162377176,29.05025632475435,-0.0004947018769001794,0.00045252279139265005,17.43015379485261,0.025,0.0,-0.03,0.0,1.0,0.0,0.015
41,1.3666400035126125,55,0.049434615683239175,0.0,-0.030773130047637928,0.0007731300476379287,0.01422686995236207,28.45373990472414,2.4954998116435577e-05,0.0004908585802331382,17.072243942834483,0.025,0.0,-0.03,0.0,1.0,0.0,0.015
41,1.3666400035126125,56,0.04944218686806509,0.0,-0.032021139464813726,0.0020211394648137274,0.012978860535186272,25.957721070372543,0.0004997782885395861,0.0005185184985064598,15.574632642223525,0.025,0.0,-0.03,0.0,1.0,0.0,0.015
41,1.3666400035126125,57,0.04944970910272325,0.0,-0.03326914795074204,0.0032691479507420407,0.011730852049257959,23.461704098515916,1.533699282186141e-05,0.0005567143058436432,14.07702245910955,0.025,0.0,-0.03,0.0,1.0,0.0,0.015
41,1.3666400035126125,58,0.049458077214322174,0.0,-0.03451715046719905,0.004517150467199048,0.010482849532800952,20.965699065601903,0.0005089003197724989,0.0005838456053682716,12.579419439361141,0.025,0.0,-0.03,0.0,1.0,0.0,0.015
41,1.3666400035126125,59,0.04946818504425593,0.0,-0.035765136989612305,0.005765136989612306,0.009234863010387694,18.469726020775386,1.6844905743240182e-05,0.0006231315328073539,11.081835612465232,0.025,0.0,-0.03,0.0,1.0,0.0,0.015
41,1.3666400035126125,60,0.04948092452208684,0.0,-0.037013096782361664,0.007013096782361665,0.007986903217638334,15.97380643527667,0.0004925244371733938,0.000648781423929168,9.584283861166002,0.025,0.0,-0.03,0.0,1.0,0.0,0.015
41,1.3666400035126125,61,0.04949718457983654,0.0,-0.0382610116779627,0.008261011677962699,0.006738988322037301,13.477976644074602,5.2283824391201484e-05,0.0006890632063336962,8.086785986444761,0.025,0.0,-0.03,0.0,1.0,0.0,0.015
41,1.3666400035126125,62,0.04951785016185825,0.0,-0.039508854934912116,0.009508854934912117,0.005491145065087882,10.982290130175764,0.00044509364306980664,0.0007176207626807277,6.589374078105458,0.025,0.0,-0.03,0.0,1.0,0.0,0.015
41,1.3666400035126125,63,0.049543800664026465,0.0,-0.04075659689752455,0.010756596897524548,0.0042434031024754515,8.486806204950902,0.00010665749458885122,0.0007201778139711489,5.092083722970541,0.025,0.0,-0.03,0.0,1.0,0.0,0.015
41,1.3666400035126125,64,0.04902448373315997,0.0,-0.04189099851751925,0.01189099851751925,0.00310900148248075,6.218002964961499,0.00039437400215947867,0.0008493076325456788,3.7308017789768995,0.025,0.0,-0.03,0.0,1.0,0.0,0.015
41,1.3666400035126125,65,0.04849998351397361,0.0,-0.04302302237422408,0.013023022374224084,0.001976977625775915,3.95395525155183,7.076650291176051e-05,0.0007454664744280462,2.372373150931098,0.025,0.0,-0.03,0.0,1.0,0.0,0.015
41,1.3666400035126125,66,0.0479703121903018,0.0,-0.044152621798365814,0.014152621798365815,0.0008473782016341844,1.6947564032683688,0.00040277727053110717,0.0009436858727228112,1.0168538419610214,0.025,0.0,-0.03,0.0,1.0,0.0,0.015
42,1.3999726865251152,0,0.0,0.0,-0.018020026396194315,0.011979973603805684,0.0030200263961943155,6.040052792388631,0.0,0.0,3.6240316754331787,0.025,0.0,-0.03,0.0,1.0,0.0,0.015
42,1.3999726865251152,1,0.0011240044841805631,0.0,-0.01747875494880306,0.01252124505119694,0.00247875494880306,4.95750989760612,1.3808809029886026e-06,2.7666348313436706e-06,2.974505938563672,0.025,0.0,-0.03,0.0,1.0,0.0,0.015
42,1.3999726865251152,2,0.002252579710461257,0.0,-0.016947081462380432,0.013052918537619567,0.0019470814623804324,3.894162924760865,-3.966088185266071e-06,8.046887953014216e-06,2.3364977548565187,0.025,0.0,-0.03,0.0,1.0,0.0,0.015
42,1.3999726865251152,3,0.0033856475204008377,0.0,-0.016425045601578713,0.013574954398421286,0.0014250456015787137,2.8500912031574273,8.238689480113195e-06,1.8612237022109903e-05,1.7100547218944564,0.025,0.0,-0.03,0.0,1.0,0.0,0.015
42,1.3999726865251152,4,0.004523116699645558,0.0,-0.01591267654212487,0.014087323457875129,0.0009126765421248705,1.825353084249741,-1.661319060972714e-05,3.566322367902253e-05,1.0952118505498445,0.025,0.0,-0.03,0.0,1.0,0.0,0.015
42,1.3999726865251152,5,0.005664900515591299,0.0,-0.015409985038937426,0.014590014961062573,0.00040998503893742606,0.8199700778748521,2.5558636080790756e-05,6.121480597264613e-05,0.49198204672491125,0.025,0.0,-0.03,0.0,1.0,0.0,0.015
42,1.3999726865251152,42,0.04536740363040393,0.0,-0.01592021381503312,0.014079786184966879,0.0009202138150331204,1.840427630066241,2.7974884827448117e-05,0.00028525181485880655,1.1042565780397446,0.025,0.0,-0.03,0.0,1.0,0.0,0.015
42,1.3999726865251152,43,0.04614724967519246,0.0,-0.016894686342353672,0.013105313657646327,0.0018946863423536728,3.7893726847073457,-0.00036464363007827314,1.1330809620096212e-05,2.2736236108244072,0.025,0.0,-0.03,0.0,1.0,0.0,0.015
42,1.3999726865251152,44,0.0469258414111191,0.0,-0.01787018686260841,0.012129813137391587,0.002870186862608412,5.740373725216824,-2.2599817935525772e-05,0.0002878900753611239,3.4442242351300947,0.025,0.0,-0.03,0.0,1.0,0.0,0.015
42,1.3999726865251152,45,0.047703941318139036,0.0,-0.01884605932939752,0.011153940670602477,0.003846059329397522,7.692118658795044,-0.00032204618664699385,6.786993421693147e-05,4.6152711952770265,0.025,0.0,-0.03,0.0,1.0,0.0,0.015
42,1.3999726865251152,46,0.04848235368805256,0.0,-0.019821698947168148,0.01017830105283185,0.004821698947168149,9.643397894336298,-0.00013919004377584485,0.0002392563844621314,5.786038736601778,0.025,0.0,-0.03,0.0,1.0,0.0,0.015
42,1.3999726865251152,47,0.04925836223711153,0.0,-0.020798657407733477,0.009201342592266522,0.005798657407733478,11.597314815466955,-0.00021786050621059466,0.00017648137013900054,6.958388889280173,0.025,0.0,-0.03,0.0,1.0,0.0,0.015
42,1.3999726865251152,48,0.049297320475387506,0.0,-0.022046055956260247,0.007953944043739752,0.007046055956260247,14.092111912520494,-0.00030355207968476693,0.00022341958902906327,8.455267147512297,0.025,0.0,-0.03,0.0,1.0,0.0,0.015
42,1.3999726865251152,49,0.04932915402522719,0.0,-0.023293656686351534,0.006706343313648465,0.008293656686351535,16.58731337270307,-6.148942153921447e-05,0.00025458049818770134,9.952388023621841,0.025,0.0,-0.03,0.0,1.0,0.0,0.015
42,1.3999726865251152,50,0.049354730248344476,0.0,-0.024541413051104296,0.005458586948895703,0.009541413051104296,19.082826102208593,-0.00044629142673756957,0.0002740204274891018,11.449695661325155,0.025,0.0,-0.03,0.0,1.0,0.0,0.015
42,1.3999726865251152,51,0.04937492221316344,0.0,-0.025789268119548826,0.004210731880451173,0.010789268119548827,21.578536239097655,5.124556001543098e-05,0.0003119663539581252,12.947121743458593,0.025,0.0,-0.03,0.0,1.0,0.0,0.015
42,1.3999726865251152,52,0.049390609841199584,0.0,-0.02703719629802635,0.0029628037019736493,0.01203719629802635,24.0743925960527,-0.0005265056996378663,0.00033030905871934084,14.444635557631619,0.025,0.0,-0.03,0.0,1.0,0.0,0.015
42,1.3999726865251152,53,0.04940267786498357,0.0,-0.028285164371677475,0.0017148356283225238,0.013285164371677476,26.570328743354953,9.331933933810382e-05,0.0003673331017831553,15.94219724601297,0.025,0.0,-0.03,0.0,1.0,0.0,0.015
42,1.3999726865251152,54,0.04941201537164252,0.0,-0.02953316131872206,0.0004668386812779375,0.014533161318722062,29.066322637444124,-0.0005344072894740249,0.00038781276778489124,17.439793582466475,0.025,0.0,-0.03,0.0,1.0,0.0,0.015
42,1.3999726865251152,55,0.04941951433328943,0.0,-0.030781169174273648,0.0007811691742736493,0.01421883082572635,28.4376616514527,-6.824612100693173e-05,0.00042260131363683893,17.06259699087162,0.025,0.0,-0.03,0.0,1.0,0.0,0.015
42,1.3999726865251152,56,0.0494260689192055,0.0,-0.032029185656258424,0.0020291856562584254,0.012970814343741574,25.94162868748315,0.00048085766366719,0.0004452919067848522,15.56497721248989,0.025,0.0,-0.03,0.0,1.0,0.0,0.015
42,1.3999726865251152,57,0.04943257422080282,0.0,-0.0332771991369773,0.003277199136977299,0.0117228008630227,23.4456017260454,1.4480723774494966e-05,0.0004781971010837803,14.06736103562724,0.025,0.0,-0.03,0.0,1.0,0.0,0.015
42,1.3999726865251152,58,0.04943992550088831,0.0,-0.03452520927141641,0.0045252092714164124,0.010474790728583587,20.949581457167174,0.00036818725507456517,0.0005027726507103091,12.569748874300304,0.025,0.0,-0.03,0.0,1.0,0.0,0.015
42,1.3999726865251152,59,0.04944901696211119,0.0,-0.03577320313822117,0.005773203138221168,0.009226796861778831,18.453593723557663,0.00016209374677833265,0.0005332839414231955,11.072156234134598,0.025,0.0,-0.03,0.0,1.0,0.0,0.015
42,1.3999726865251152,60,0.04946074097157713,0.0,-0.03702117395411836,0.007021173954118359,0.00797882604588164,15.957652091763281,0.00018454824572579673,0.0005614701696500379,9.574591255057967,0.025,0.0,-0.03,0.0,1.0,0.0,0.015
42,1.3999726865251152,61,0.04947598682397076,0.0,-0.03826910089139094,0.008269100891390942,0.006730899108609058,13.461798217218115,0.00038255597172763165,0.0005869493025290395,8.077078930330869,0.025,0.0,-0.03,0.0,1.0,0.0,0.015
42,1.3999726865251152,62,0.049495639895686616,0.0,-0.03951696255649513,0.009516962556495132,0.005483037443504868,10.966074887009736,-6.325992478636557e-05,0.0006114732962677491,6.5796449322058415,0.025,0.0,-0.03,0.0,1.0,0.0,0.015
42,1.3999726865251152,63,0.04952058055676737,0.0,-0.040764722497757415,0.010764722497757416,0.004235277502242583,8.470555004485167,0.0006500761510800834,0.0007581828913813465,5.0823330026911,0.025,0.0,-0.03,0.0,1.0,0.0,0.015
42,1.3999726865251152,64,0.04900018919449385,0.0,-0.04189863702032994,0.011898637020329943,0.0031013629796700568,6.202725959340113,-0.0003671740859010904,0.00041493085302201705,3.7216355756040675,0.025,0.0,-0.03,0.0,1.0,0.0,0.015
42,1.3999726865251152,65,0.04847462019891236,0.0,-0.04303015687889478,0.013030156878894784,0.001969843121105215,3.93968624221043,0.0009402623145450336,0.0010514578731343842,2.3638117453262577,0.025,0.0,-0.03,0.0,1.0,0.0,0.015
42,1.3999726865251152,66,0.04794387360134134,0.0,-0.04415926264460867,0.01415926264460867,0.0008407373553913286,1.6814747107826573,-0.0007004354912795864,0.0003156981509513265,1.0088848264695944,0.025,0.0,-0.03,0.0,1.0,0.0,0.015
43,1.433305369537618,0,0.0,0.0,-0.018020026396194315,0.011979973603805684,0.0030200263961943155,6.040052792388631,0.0,0.0,3.6240316754331787,0.025,0.0,-0.03,0.0,1.0,0.0,0.015
43,1.433305369537618,1,0.00112400626293153,0.0,-0.017478753955981606,0.012521246044018393,0.0024787539559816066,4.957507911963213,-7.803517446672688e-05,0.0001669769124861147,2.9745047471779276,0.025,0.0,-0.03,0.0,1.0,0.0,0.015
43,1.433305369537618,2,0.002252577410990202,0.0,-0.016947085796698052,0.013052914203301947,0.0019470857966980525,3.8941715933961047,0.00015470823919030147,0.0003369057746432005,2.3365029560376627,0.025,0.0,-0.03,0.0,1.0,0.0,0.015
43,1.433305369537618,3,0.0033856565538025393,0.0,-0.0164250517480633,0.0135749482519367,0.001425051748063299,2.850103496126598,-0.00023107337047757062,0.0005110282342461575,1.7100620976759586,0.025,0.0,-0.03,0.0,1.0,0.0,0.015
43,1.433305369537618,4,0.0045231182510054565,0.0,-0.015912696639988823,0.014087303360011176,0.0009126966399888234,1.8253932799776469,0.00030528867231129406,0.0006906397819143369,1.0952359679865882,0.025,0.0,-0.03,0.0,1.0,0.0,0.015
43,1.433305369537618,5,0.005664920946500039,0.0,-0.015410010998102791,0.014589989001897207,0.00041001099810279197,0.8200219962055839,-0.0003795606458754936,0.0008729602735360779,0.49201319772335034,0.025,0.0,-0.03,0.0,1.0,0.0,0.015
43,1.433305369537618,42,0.04536344568986494,0.0,-0.015925328825090745,0.014074671174909254,0.0009253288250907453,1.8506576501814906,-0.0011252892792099924,0.0006869846629442977,1.1103945901088943,0.025,0.0,-0.03,0.0,1.0,0.0,0.015
43,1.433305369537618,43,0.04614288605889749,0.0,-0.01690014815457769,0.013099851845422308,0.0019001481545776917,3.8002963091553834,0.0007982283170475087,0.0008886059430490331,2.28017778549323,0.025,0.0,-0.03,0.0,1.0,0.0,0.015
43,1.433305369537618,44,0.04692105075488389,0.0,-0.017875969939364158,0.012124030060635841,0.0028759699393641584,5.751939878728317,-0.0010377232825908823,0.0005738412916788096,3.45116392723699,0.025,0.0,-0.03,0.0,1.0,0.0,0.015
43,1.433305369537618,45,0.04769874135491099,0.0,-0.018852186094300002,0.011147813905699997,0.0038521860943000023,7.704372188600004,0.0005996869943089851,0.0007624571152446373,4.622623313160003,0.025,0.0,-0.03,0.0,1.0,0.0,0.015
43,1.433305369537618,46,0.04847672946428162,0.0,-0.019828150574324386,0.010171849425675613,0.0048281505743243865,9.656301148648772,-0.0008229383322046622,0.0003365826537963843,5.793780689189263,0.025,0.0,-0.03,0.0,1.0,0.0,0.015
43,1.433305369537618,47,0.04925232291659339,0.0,-0.02080544906373187,0.009194550936268128,0.005805449063731871,11.610898127463742,0.00039220417099698903,0.0004078511981378197,6.9665388764782445,0.025,0.0,-0.03,0.0,1.0,0.0,0.015
43,1.433305369537618,48,0.04929042061716782,0.0,-0.02205286803791062,0.00794713196208938,0.007052868037910619,14.10573607582124,-0.0007601559346062911,0.00015095495977873044,8.463441645492743,0.025,0.0,-0.03,0.0,1.0,0.0,0.015
43,1.433305369537618,49,0.04932139247421631,0.0,-0.023300496799093212,0.006699503200906787,0.008300496799093213,16.600993598186424,0.00035063238958963266,0.00023259474570066268,9.960596158911853,0.025,0.0,-0.03,0.0,1.0,0.0,0.015
43,1.433305369537618,50,0.04934610384087043,0.0,-0.024548264886925682,0.0054517351130743165,0.009548264886925683,19.096529773851366,-0.0006906254598783638,0.00022818250686063195,11.457917864310819,0.025,0.0,-0.03,0.0,1.0,0.0,0.015
43,1.433305369537618,51,0.04936542889404667,0.0,-0.025796139887974696,0.0042038601120253025,0.010796139887974697,21.592279775949393,0.00026540308846350117,0.00027232518936457894,12.955367865569636,0.025,0.0,-0.03,0.0,1.0,0.0,0.015
43,1.433305369537618,52,0.04938024740124019,0.0,-0.027044072859312557,0.0029559271406874414,0.012044072859312558,24.088145718625118,-0.0006043755334041093,0.00028149588520725444,14.45288743117507,0.025,0.0,-0.03,0.0,1.0,0.0,0.015
43,1.433305369537618,53,0.04939144485827099,0.0,-0.02829205555444161,0.0017079444455583882,0.013292055554441611,26.58411110888322,0.0001834945103356077,0.00031701242997605675,15.950466665329932,0.025,0.0,-0.03,0.0,1.0,0.0,0.015
43,1.433305369537618,54,0.04939991034358271,0.0,-0.02954005262821985,0.00045994737178015055,0.014540052628219849,29.080105256439698,-0.000532140307312475,0.00033246815955868656,17.448063153863817,0.025,0.0,-0.03,0.0,1.0,0.0,0.015
43,1.433305369537618,55,0.049406536475074134,0.0,-0.03078807195056673,0.0007880719505667308,0.014211928049433269,28.423856098866537,-0.00011702293125211189,0.000363748322453117,17.05431365931992,0.025,0.0,-0.03,0.0,1.0,0.0,0.015
43,1.433305369537618,56,0.049412217498134715,0.0,-0.032036087060009315,0.002036087060009316,0.012963912939990684,25.927825879981366,0.00046623253608119985,0.0003821600306438645,15.556695527988818,0.025,0.0,-0.03,0.0,1.0,0.0,0.015
43,1.433305369537618,57,0.049417849075073655,0.0,-0.03328411030841124,0.003284110308411241,0.011715889691588759,23.431779383177517,-4.3053120753159495e-05,0.00041146210068876687,14.05906762990651,0.025,0.0,-0.03,0.0,1.0,0.0,0.015
43,1.433305369537618,58,0.049424326605780375,0.0,-0.034532121203564074,0.004532121203564075,0.010467878796435924,20.93575759287185,0.00038015962877238705,0.0004313911139110772,12.561454555723108,0.025,0.0,-0.03,0.0,1.0,0.0,0.015
43,1.433305369537618,59,0.04943254481063583,0.0,-0.035780124657315886,0.005780124657315887,0.009219875342684113,18.439750685368224,5.568026343612729e-05,0.0004592899545758498,11.063850411220935,0.025,0.0,-0.03,0.0,1.0,0.0,0.015
43,1.433305369537618,60,0.049443396254172295,0.0,-0.03702810140900478,0.007028101409004783,0.007971898590995216,15.943797181990432,0.0002771081099827077,0.0004807440224344246,9.566278309194258,0.025,0.0,-0.03,0.0,1.0,0.0,0.015
43,1.433305369537618,61,0.04945777069335916,0.0,-0.038276040285728986,0.008276040285728987,0.006723959714271012,13.447919428542024,0.00015185446399943142,0.0005067600124617776,8.068751657125214,0.025,0.0,-0.03,0.0,1.0,0.0,0.015
43,1.433305369537618,62,0.049476553782201414,0.0,-0.03952391479625147,0.009523914796251469,0.0054760852037485305,10.95217040749706,0.00020565980177937444,0.0005301336752915768,6.571302244498236,0.025,0.0,-0.03,0.0,1.0,0.0,0.015
43,1.433305369537618,63,0.04950062616813197,0.0,-0.04077169274244831,0.01077169274244831,0.004228307257551689,8.456614515103379,0.0001857464817922934,0.0005514995217613908,5.073968709062027,0.025,0.0,-0.03,0.0,1.0,0.0,0.015
43,1.433305369537618,64,0.04897931389636578,0.0,-0.04190518287402326,0.011905182874023264,0.0030948171259767357,6.189634251953471,0.00021248469348335907,0.000594526538918908,3.7137805511720825,0.025,0.0,-0.03,0.0,1.0,0.0,0.015
43,1.433305369537618,65,0.04845282332514567,0.0,-0.04303627660124924,0.013036276601249244,0.001963723398750755,3.9274467975015104,8.505859160916954e-05,0.000565604000353381,2.3564680785009062,0.025,0.0,-0.03,0.0,1.0,0.0,0.015
43,1.433305369537618,66,0.047921158395190226,0.0,-0.04416494621791777,0.014164946217917772,0.0008350537820822276,1.6701075641644554,0.0003277449582207458,0.0007120394647773607,1.0020645384986733,0.025,0.0,-0.03,0.0,1.0,0.0,0.015
44,1.4666380525501208,0,0.0,0.0,-0.018020026396194315,0.011979973603805684,0.0030200263961943155,6.040052792388631,0.0,0.0,3.6240316754331787,0.025,0.0,-0.03,0.0,1.0,0.0,0.015
44,1.4666380525501208,1,0.0011240035428291939,0.0,-0.017478755107926094,0.012521244892073905,0.0024787551079260943,4.957510215852189,1.9714332858398164e-05,4.21802700329865e-05,2.974506129511313,0.025,0.0,-0.03,0.0,1.0,0.0,0.015
44,1.4666380525501208,2,0.002252583675989664,0.0,-0.016947085698353462,0.013052914301646536,0.001947085698353463,3.894171396706926,-3.358728254868255e-05,7.290868512357323e-05,2.3365028380241557,0.025,0.0,-0.03,0.0,1.0,0.0,0.015
44,1.4666380525501208,3,0.0033856525815121065,0.0,-0.0164250623641194,0.0135749376358806,0.001425062364119399,2.8501247282387983,3.711443631686214e-05,8.251477730555741e-05,1.710074836943279,0.025,0.0,-0.03,0.0,1.0,0.0,0.015
44,1.4666380525501208,4,0.004523134127296174,0.0,-0.015912707439250245,0.014087292560749753,0.000912707439250246,1.825414878500492,-2.904405102130299e-05,6.392768847243988e-05,1.0952489271002952,0.025,0.0,-0.03,0.0,1.0,0.0,0.015
44,1.4666380525501208,5,0.005664921943240766,0.0,-0.015410040511456627,0.014589959488543372,0.00041004051145662745,0.8200810229132549,6.342606298223231e-06,1.5570340646572184e-05,0.49204861374795295,0.025,0.0,-0.03,0.0,1.0,0.0,0.015
44,1.4666380525501208,42,0.04536005072375547,0.0,-0.01592973078638338,0.014070269213616617,0.0009297307863833822,1.8594615727667643,0.0003942745219652752,0.0005125887993535212,1.1156769436600584,0.025,0.0,-0.03,0.0,1.0,0.0,0.015
44,1.4666380525501208,43,0.04613912930473938,0.0,-0.016904831718390172,0.013095168281609827,0.001904831718390173,3.8096634367803457,-0.0006055685103292129,0.00027922874638504786,2.2857980620682072,0.025,0.0,-0.03,0.0,1.0,0.0,0.015
44,1.4666380525501208,44,0.04691693853638731,0.0,-0.017880943715942538,0.012119056284057461,0.0028809437159425383,5.761887431885077,0.00027965717807673825,0.00045061655089164137,3.457132459131046,0.025,0.0,-0.03,0.0,1.0,0.0,0.015
44,1.4666380525501208,45,0.04769426769041439,0.0,-0.018857443015795023,0.011142556984204976,0.0038574430157950236,7.714886031590047,-0.0004955127899667359,0.00015608968881101386,4.628931618954028,0.025,0.0,-0.03,0.0,1.0,0.0,0.015
44,1.4666380525501208,46,0.04847189869266077,0.0,-0.019833695997854527,0.010166304002145472,0.004833695997854527,9.667391995709055,0.0001266424416717303,0.00034967570528559113,5.800435197425433,0.025,0.0,-0.03,0.0,1.0,0.0,0.015
44,1.4666380525501208,47,0.0492471307038253,0.0,-0.020811278917814764,0.009188721082185235,0.005811278917814765,11.622557835629529,-0.0004127311837917174,4.174899456822423e-05,6.973534701377717,0.025,0.0,-0.03,0.0,1.0,0.0,0.015
44,1.4666380525501208,48,0.049284490711509955,0.0,-0.022058721638430832,0.007941278361569166,0.007058721638430833,14.117443276861666,9.706809229525027e-05,0.00018169654268291596,8.470465966116999,0.025,0.0,-0.03,0.0,1.0,0.0,0.015
44,1.4666380525501208,49,0.04931472185548647,0.0,-0.023306367580709843,0.006693632419290156,0.008306367580709843,16.612735161419685,-0.0004414552571811614,0.0001773656224815305,9.96764109685181,0.025,0.0,-0.03,0.0,1.0,0.0,0.015
44,1.4666380525501208,50,0.049338690288013465,0.0,-0.02455415178881003,0.005445848211189968,0.009554151788810031,19.108303577620063,0.00014755923120564392,0.00021266935257112298,11.464982146572037,0.025,0.0,-0.03,0.0,1.0,0.0,0.015
44,1.4666380525501208,51,0.04935727033068029,0.0,-0.02580203645015592,0.004197963549844079,0.01080203645015592,21.60407290031184,-0.0005194230378532374,0.00022048712274677778,12.962443740187105,0.025,0.0,-0.03,0.0,1.0,0.0,0.015
44,1.4666380525501208,52,0.04937134220054237,0.0,-0.027049980757325145,0.002950019242674854,0.012049980757325145,24.09996151465029,0.00024213042822420364,0.00025321343954545994,14.459976908790173,0.025,0.0,-0.03,0.0,1.0,0.0,0.015
44,1.4666380525501208,53,0.04938179153393372,0.0,-0.028297967030554684,0.0017020329694453148,0.013297967030554685,26.595934061109368,-0.0006179713286149778,0.0002628433204514544,15.95756043666562,0.025,0.0,-0.03,0.0,1.0,0.0,0.015
44,1.4666380525501208,54,0.04938950787120362,0.0,-0.029545972897561584,0.0004540271024384146,0.014545972897561585,29.09194579512317,0.0003239440190337768,0.0002939572342011294,17.4551674770739,0.025,0.0,-0.03,0.0,1.0,0.0,0.015
44,1.4666380525501208,55,0.04939538395537252,0.0,-0.030793992068970544,0.0007939920689705449,0.014206007931029455,28.412015862058908,0.0006651117399442289,0.0003053107509990907,17.047209517235345,0.025,0.0,-0.03,0.0,1.0,0.0,0.015
44,1.4666380525501208,56,0.0494003144890126,0.0,-0.032042014907730655,0.0020420149077306562,0.012957985092269343,25.915970184538686,-0.00032044395185476017,0.0003349534929996238,15.549582110723211,0.025,0.0,-0.03,0.0,1.0,0.0,0.015
44,1.4666380525501208,57,0.04940519526526181,0.0,-0.03329003728129951,0.003290037281299514,0.011709962718700485,23.41992543740097,0.0006049570824106694,0.0003475618916915517,14.05195526244058,0.025,0.0,-0.03,0.0,1.0,0.0,0.015
44,1.4666380525501208,58,0.04941092213359906,0.0,-0.03453805608664585,0.004538056086645849,0.01046194391335415,20.923887826708302,-0.0002064523332257226,0.0003761815869394077,12.55433269602498,0.025,0.0,-0.03,0.0,1.0,0.0,0.015
44,1.4666380525501208,59,0.04941838994911673,0.0,-0.03578606080498184,0.005786060804981841,0.009213939195018159,18.427878390036316,0.00045159293791397376,0.00038987552916959684,11.056727034021788,0.025,0.0,-0.03,0.0,1.0,0.0,0.015
44,1.4666380525501208,60,0.049428491736266116,0.0,-0.03703404741773369,0.0070340474177336895,0.00796595258226631,15.931905164532619,-3.3905983417827066e-05,0.0004169176679246033,9.559143098719572,0.025,0.0,-0.03,0.0,1.0,0.0,0.015
44,1.4666380525501208,61,0.04944211737673358,0.0,-0.0382819917777371,0.0082819917777371,0.0067180082222629,13.4360164445258,0.0002855415438422851,0.00043295878121499856,8.061609866715479,0.025,0.0,-0.03,0.0,1.0,0.0,0.015
44,1.4666380525501208,62,0.04946015297489422,0.0,-0.03952988064968292,0.009529880649682923,0.005470119350317076,10.940238700634152,0.00010407284622755597,0.0004561910481523689,6.564143220380491,0.025,0.0,-0.03,0.0,1.0,0.0,0.015
44,1.4666380525501208,63,0.049483479839803356,0.0,-0.04077766965626422,0.01077766965626422,0.004222330343735779,8.444660687471558,0.00019641347688369968,0.0004808567637385152,5.066796412482934,0.025,0.0,-0.03,0.0,1.0,0.0,0.015
44,1.4666380525501208,64,0.04896137482109491,0.0,-0.04191079931723273,0.011910799317232733,0.0030892006827672666,6.178401365534533,0.00012224749473755707,0.0004837290852599055,3.70704081932072,0.025,0.0,-0.03,0.0,1.0,0.0,0.015
44,1.4666380525501208,65,0.048434095632505184,0.0,-0.04304151983684406,0.01304151983684406,0.0019584801631559387,3.9169603263118775,0.00021941987249925153,0.0005551416843445321,2.3501761957871263,0.025,0.0,-0.03,0.0,1.0,0.0,0.015
44,1.4666380525501208,66,0.04790163777981708,0.0,-0.04416982283850076,0.01416982283850076,0.000830177161499239,1.660354322998478,-1.489413433338077e-05,0.00047060506944785054,0.9962125937990868,0.025,0.0,-0.03,0.0,1.0,0.0,0.015
45,1.4999707355626235,0,0.0,0.0,-0.018020026396194315,0.011979973603805684,0.0030200263961943155,6.040052792388631,0.0,0.0,3.6240316754331787,0.025,0.0,-0.03,0.0,1.0,0.0,0.015
45,1.4999707355626235,1,0.0011240058578544882,0.0,-0.01747875390201436,0.01252124609798564,0.0024787539020143592,4.957507804028719,-0.0001102977510218539,0.0002351771608393736,2.974504682417231,0.025,0.0,-0.03,0.0,1.0,0.0,0.015
45,1.4999707355626235,2,0.00225258000459077,0.0,-0.01694708981408307,0.013052910185916929,0.0019470898140830709,3.8941796281661416,0.00021167345806705814,0.00045934052013033917,2.3365077768996847,0.025,0.0,-0.03,0.0,1.0,0.0,0.015
45,1.4999707355626235,3,0.003385662130495185,0.0,-0.016425065594482802,0.013574934405517197,0.001425065594482803,2.850131188965606,-0.00029947191060116315,0.0006613243160763558,1.7100787133793636,0.025,0.0,-0.03,0.0,1.0,0.0,0.015
45,1.4999707355626235,4,0.004523131593784798,0.0,-0.015912723913815027,0.014087276086184972,0.0009127239138150278,1.8254478276300556,0.00036905703717609017,0.0008332787009230545,1.0952686965780334,0.025,0.0,-0.03,0.0,1.0,0.0,0.015
45,1.4999707355626235,5,0.005664941363265968,0.0,-0.015410057794772664,0.014589942205227335,0.0004100577947726645,0.8201155895453289,-0.00042123902639794433,0.000968903909641387,0.49206935372719735,0.025,0.0,-0.03,0.0,1.0,0.0,0.015
45,1.4999707355626235,42,0.045357130922209235,0.0,-0.015933509402687517,0.014066490597312482,0.0009335094026875178,1.8670188053750356,5.642496094129275e-05,0.00021157598400132569,1.1202112832250213,0.025,0.0,-0.03,0.0,1.0,0.0,0.015
45,1.4999707355626235,43,0.04613590219241064,0.0,-0.01690885664733316,0.01309114335266684,0.0019088566473331597,3.8177132946663193,-0.00031408406183913777,7.330597967629799e-05,2.2906279767997915,0.025,0.0,-0.03,0.0,1.0,0.0,0.015
45,1.4999707355626235,44,0.04691340314075508,0.0,-0.017885214417413673,0.012114785582586326,0.0028852144174136736,5.770428834827348,0.0001165012862075708,0.0002872603621136085,3.4622573008964084,0.025,0.0,-0.03,0.0,1.0,0.0,0.015
45,1.4999707355626235,45,0.047690423623540715,0.0,-0.018861959317571314,0.011138040682428685,0.0038619593175713146,7.723918635142629,-0.0003801683646520643,9.667516967849748e-05,4.634351181085577,0.025,0.0,-0.03,0.0,1.0,0.0,0.015
45,1.4999707355626235,46,0.04846774651926596,0.0,-0.019838458571335708,0.010161541428664291,0.004838458571335708,9.676917142671417,0.0001299728495983782,0.00031153657163335464,5.80615028560285,0.025,0.0,-0.03,0.0,1.0,0.0,0.015
45,1.4999707355626235,47,0.049242668479775445,0.0,-0.020816286519140647,0.009183713480859352,0.0058162865191406475,11.632573038281295,-0.0004405996723589904,1.7045867123114713e-05,6.979543822968777,0.025,0.0,-0.03,0.0,1.0,0.0,0.015
45,1.4999707355626235,48,0.04927939449572519,0.0,-0.02206374900331162,0.00793625099668838,0.0070637490033116195,14.127498006623238,0.00022030971715217645,0.00016211134756290204,8.476498803973943,0.025,0.0,-0.03,0.0,1.0,0.0,0.015
45,1.4999707355626235,49,0.04930898922501854,0.0,-0.023311409495717743,0.006688590504282256,0.008311409495717743,16.622818991435487,-0.0005249152951495279,0.00014850929823619394,9.973691394861293,0.025,0.0,-0.03,0.0,1.0,0.0,0.015
45,1.4999707355626235,50,0.0493323193171342,0.0,-0.02455920688536695,0.005440793114633049,0.00955920688536695,19.118413770733902,0.00023548520727070127,0.0001851044690311254,11.471048262440341,0.025,0.0,-0.03,0.0,1.0,0.0,0.015
45,1.4999707355626235,51,0.04935025925824237,0.0,-0.025807100276007452,0.004192899723992546,0.010807100276007453,21.614200552014907,-0.0004740966530128073,0.0001889328543096435,12.968520331208945,0.025,0.0,-0.03,0.0,1.0,0.0,0.015
45,1.4999707355626235,52,0.04936368959220507,0.0,-0.027055052503827233,0.002944947496172766,0.012055052503827234,24.110105007654468,0.0001199248584644192,0.00021638607212691875,14.46606300459268,0.025,0.0,-0.03,0.0,1.0,0.0,0.015
45,1.4999707355626235,53,0.04937349616619509,0.0,-0.02830304373432877,0.0016969562656712275,0.013303043734328772,26.606087468657545,-0.0003048299946576008,0.00022849960816003162,15.963652481194526,0.025,0.0,-0.03,0.0,1.0,0.0,0.015
45,1.4999707355626235,54,0.04938056880162269,0.0,-0.02955105378580862,0.0004489462141913786,0.01455105378580862,29.102107571617243,-9.029944217195371e-05,0.00024890543903563565,17.461264542970344,0.025,0.0,-0.03,0.0,1.0,0.0,0.015
45,1.4999707355626235,55,0.049385800480930254,0.0,-0.0307990761553941,0.0007990761553940996,0.0142009238446059,28.4018476892118,7.222419101703107e-05,0.0002668378757474327,17.04110861352708,0.025,0.0,-0.03,0.0,1.0,0.0,0.015
45,1.4999707355626235,56,0.04939008615658446,0.0,-0.03204710104552889,0.0020471010455288888,0.01295289895447111,25.905797908942223,0.00032751887506555876,0.00028262478611439974,15.543478745365332,0.025,0.0,-0.03,0.0,1.0,0.0,0.015
45,1.4999707355626235,57,0.04939432188632212,0.0,-0.03329512695712378,0.0032951269571237785,0.011704873042876221,23.40974608575244,-0.00015221157713273992,0.00030465619700288004,14.045847651451465,0.025,0.0,-0.03,0.0,1.0,0.0,0.015
45,1.4999707355626235,58,0.04939940373759855,0.0,-0.034543147180362124,0.004543147180362125,0.010456852819637874,20.913705639275747,0.0005270779965386956,0.0003162379845702897,12.548223383565448,0.025,0.0,-0.03,0.0,1.0,0.0,0.015
45,1.4999707355626235,59,0.049406226877351925,0.0,-0.0357911580553094,0.0057911580553094005,0.009208841944690599,18.4176838893812,-0.00031907845103509337,0.0003432511269791606,11.050610333628718,0.025,0.0,-0.03,0.0,1.0,0.0,0.015
45,1.4999707355626235,60,0.04941568448053475,0.0,-0.03703914679389804,0.007039146793898041,0.007960853206101959,15.921706412203918,0.0006601785603201792,0.0003486539580744154,9.55302384732235,0.025,0.0,-0.03,0.0,1.0,0.0,0.015
45,1.4999707355626235,61,0.04942866684706336,0.0,-0.03828710226194921,0.00828710226194921,0.0067128977380507895,13.425795476101579,-0.0004197950815181333,0.00038183736487806407,8.055477285660947,0.025,0.0,-0.03,0.0,1.0,0.0,0.015
45,1.4999707355626235,62,0.04944606017926205,0.0,-0.03953499536611588,0.009534995366115878,0.005465004633884121,10.930009267768243,0.0007349060349178739,0.00039473819710816784,6.558005560660946,0.025,0.0,-0.03,0.0,1.0,0.0,0.015
45,1.4999707355626235,63,0.04946874529997399,0.0,-0.04078280246097278,0.010782802460972782,0.004217197539027218,8.434395078054436,-0.0004749998183199365,0.00027000861038188395,5.060637046832661,0.025,0.0,-0.03,0.0,1.0,0.0,0.015
45,1.4999707355626235,64,0.048945963053964044,0.0,-0.04191561141355244,0.011915611413552442,0.0030843885864475576,6.1687771728951155,0.0008107668650881007,0.0007284719342468512,3.701266303737069,0.025,0.0,-0.03,0.0,1.0,0.0,0.015
45,1.4999707355626235,65,0.048418000635557595,0.0,-0.0430460235322828,0.013046023532282798,0.0019539764677172014,3.9079529354344027,-0.0006488400171444893,8.459995116523121e-05,2.3447717612606414,0.025,0.0,-0.03,0.0,1.0,0.0,0.015
45,1.4999707355626235,66,0.04788486879569487,0.0,-0.04417399602118933,0.01417399602118933,0.0008260039788106702,1.6520079576213402,0.0009829167162765016,0.0008782972921384826,0.9912047745728041,0.025,0.0,-0.03,0.0,1.0,0.0,0.015
46,1.5333034185751262,0,0.0,0.0,-0.018020026396194315,0.011979973603805684,0.0030200263961943155,6.040052792388631,0.0,0.0,3.6240316754331787,0.025,0.0,-0.03,0.0,1.0,0.0,0.015
46,1.5333034185751262,1,0.0011240040958290923,0.0,-0.017478754636110868,0.012521245363889131,0.0024787546361108685,4.957509272221737,-5.648373632028381e-05,0.00011980553135256173,2.9745055633330417,0.025,0.0,-0.03,0.0,1.0,0.0,0.015
46,1.5333034185751262,2,0.002252584211802306,0.0,-0.016947089936149993,0.013052910063850006,0.0019470899361499934,3.8941798722999867,0.00010887805884318127,0.00023509479066047536,2.336507923379992,0.025,0.0,-0.03,0.0,1.0,0.0,0.015
46,1.5333034185751262,3,0.0033856596499106423,0.0,-0.01642507322576387,0.013574926774236128,0.0014250732257638718,2.8501464515277437,-0.0001549453480876479,0.0003408007539750802,1.7100878709166463,0.025,0.0,-0.03,0.0,1.0,0.0,0.015
46,1.5333034185751262,4,0.004523143010176743,0.0,-0.01591273202484285,0.01408726797515715,0.0009127320248428494,1.8254640496856989,0.00019203617360122444,0.0004328900886463147,1.0952784298114193,0.025,0.0,-0.03,0.0,1.0,0.0,0.015
46,1.5333034185751262,5,0.005664942061375522,0.0,-0.015410079598790658,0.014589920401209341,0.0004100795987906584,0.8201591975813167,-0.00022109131472157652,0.0005071964491498171,0.49209551854879,0.025,0.0,-0.03,0.0,1.0,0.0,0.015
46,1.5333034185751262,42,0.045354623928726016,0.0,-0.01593675796911235,0.01406324203088765,0.0009367579691123493,1.8735159382246986,-0.0005082924942665845,0.00026826231253901806,1.1241095629348192,0.025,0.0,-0.03,0.0,1.0,0.0,0.015
46,1.5333034185751262,43,0.04613312661214859,0.0,-0.01691231119400214,0.013087688805997859,0.0019123111940021406,3.8246223880042813,0.00026484233057741185,0.00036769854691600626,2.2947734328025686,0.025,0.0,-0.03,0.0,1.0,0.0,0.015
46,1.5333034185751262,44,0.046910366913600995,0.0,-0.017888885363867818,0.01211111463613218,0.0028888853638678186,5.777770727735637,-0.0003981823708797739,0.0001537121945254762,3.4666624366413825,0.025,0.0,-0.03,0.0,1.0,0.0,0.015
46,1.5333034185751262,45,0.04768711819396884,0.0,-0.01886583628553578,0.01113416371446422,0.00386583628553578,7.73167257107156,0.00011810527081958984,0.00027327899738698394,4.639003542642936,0.025,0.0,-0.03,0.0,1.0,0.0,0.015
46,1.5333034185751262,46,0.0484641797552963,0.0,-0.019842551469986654,0.010157448530013345,0.004842551469986654,9.685102939973309,-0.0002653828382900376,2.155425411251139e-05,5.811061763983985,0.025,0.0,-0.03,0.0,1.0,0.0,0.015
46,1.5333034185751262,47,0.049238832895093156,0.0,-0.020820585656412927,0.009179414343587072,0.005820585656412927,11.641171312825854,-3.837189101863729e-05,0.00015556462605234426,6.984702787695512,0.025,0.0,-0.03,0.0,1.0,0.0,0.015
46,1.5333034185751262,48,0.04927501513494361,0.0,-0.022068069370291526,0.007931930629708473,0.007068069370291526,14.136138740583053,-0.00013329880922549733,0.00011732314128962659,8.481683244349831,0.025,0.0,-0.03,0.0,1.0,0.0,0.015
46,1.5333034185751262,49,0.04930406284210533,0.0,-0.023315737166912032,0.0066842628330879665,0.008315737166912033,16.631474333824066,-0.00017658055755843193,0.00013570770271752669,9.978884600294439,0.025,0.0,-0.03,0.0,1.0,0.0,0.015
46,1.5333034185751262,50,0.049326844605176716,0.0,-0.024563550786086664,0.005436449213913334,0.009563550786086665,19.12710157217333,5.1079162687377996e-06,0.00015473057231577193,11.476260943303998,0.025,0.0,-0.03,0.0,1.0,0.0,0.015
46,1.5333034185751262,51,0.04934423447800234,0.0,-0.025811446238912576,0.004188553761087423,0.010811446238912576,21.622892477825154,-0.00031443985463889087,0.0001640510356889021,12.973735486695093,0.025,0.0,-0.03,0.0,1.0,0.0,0.015
46,1.5333034185751262,52,0.04935711368901912,0.0,-0.027059409970629267,0.0029405900293707314,0.012059409970629268,24.118819941258536,0.00013801754521024657,0.00018633172364195588,14.471291964755121,0.025,0.0,-0.03,0.0,1.0,0.0,0.015
46,1.5333034185751262,53,0.049366367954419905,0.0,-0.02830740065080058,0.0016925993491994189,0.01330740065080058,26.61480130160116,-0.00044110649494389487,0.0001943848036602458,15.968880780960696,0.025,0.0,-0.03,0.0,1.0,0.0,0.015
46,1.5333034185751262,54,0.04937288757124859,0.0,-0.02955541801530464,0.0004445819846953594,0.01455541801530464,29.11083603060928,0.0002537659878115571,0.00021698004601416034,17.46650161836557,0.025,0.0,-0.03,0.0,1.0,0.0,0.015
46,1.5333034185751262,55,0.049377565557413294,0.0,-0.03080343949852597,0.00080343949852597,0.01419656050147403,28.39312100294806,0.000542839693936054,0.00022527280554910647,17.035872601768837,0.025,0.0,-0.03,0.0,1.0,0.0,0.015
46,1.5333034185751262,56,0.049381297201812085,0.0,-0.0320514687079277,0.0020514687079277033,0.012948531292072296,25.897062584144592,-0.0003373181390458535,0.0002477949892984431,15.538237550486755,0.025,0.0,-0.03,0.0,1.0,0.0,0.015
46,1.5333034185751262,57,0.0493849786981529,0.0,-0.033299494913990584,0.0032994949139905846,0.011700505086009415,23.40101017201883,0.0006064486195125472,0.0002556273441303072,14.040606103211298,0.025,0.0,-0.03,0.0,1.0,0.0,0.015
46,1.5333034185751262,58,0.04938950637976998,0.0,-0.034547518549792176,0.0045475185497921775,0.010452481450207822,20.904962900415644,-0.00038027836234971437,0.0002795582200540905,12.542977740249386,0.025,0.0,-0.03,0.0,1.0,0.0,0.015
46,1.5333034185751262,59,0.049395775593834595,0.0,-0.03579553159285128,0.0057955315928512816,0.009204468407148718,18.408936814297437,0.0006308517701628056,0.00028483932288104574,11.045362088578463,0.025,0.0,-0.03,0.0,1.0,0.0,0.015
46,1.5333034185751262,60,0.04940467976774888,0.0,-0.037043525587646384,0.007043525587646385,0.007956474412353615,15.912948824707229,-0.00038831337488893673,0.0003124330211070433,9.547769294824336,0.025,0.0,-0.03,0.0,1.0,0.0,0.015
46,1.5333034185751262,61,0.04941710937264863,0.0,-0.03829148539570678,0.008291485395706781,0.006708514604293218,13.417029208586436,0.0006261622636314744,0.00031386147356047265,8.050217525151862,0.025,0.0,-0.03,0.0,1.0,0.0,0.015
46,1.5333034185751262,62,0.049433950876134974,0.0,-0.03953938834843005,0.009539388348430052,0.005460611651569948,10.921223303139897,-0.0003719341434789815,0.00033503266544579306,6.552733981883938,0.025,0.0,-0.03,0.0,1.0,0.0,0.015
46,1.5333034185751262,63,0.04945608577292588,0.0,-0.04078720256116561,0.01078720256116561,0.00421279743883439,8.425594877668779,0.0006024761651897048,0.0004555878349772912,5.0553569266012675,0.025,0.0,-0.03,0.0,1.0,0.0,0.015
46,1.5333034185751262,64,0.04893271817592241,0.0,-0.04191974571046589,0.01191974571046589,0.0030802542895341095,6.160508579068219,-0.00038127451840094947,0.0001486012751504055,3.696305147440931,0.025,0.0,-0.03,0.0,1.0,0.0,0.015
46,1.5333034185751262,65,0.04840417452892644,0.0,-0.04304988021277974,0.013049880212779738,0.0019501197872202614,3.9002395744405227,0.0006495913429458112,0.0006385447969057322,2.3401437446643136,0.025,0.0,-0.03,0.0,1.0,0.0,0.015
46,1.5333034185751262,66,0.04787045692658116,0.0,-0.044177582829391486,0.014177582829391487,0.0008224171706085123,1.6448343412170248,-0.0004885000962613454,0.00012028888640545108,0.9869006047302148,0.025,0.0,-0.03,0.0,1.0,0.0,0.015
47,1.566636101587629,0,0.0,0.0,-0.018020026396194315,0.011979973603805684,0.0030200263961943155,6.040052792388631,0.0,0.0,3.6240316754331787,0.025,0.0,-0.03,0.0,1.0,0.0,0.015
47,1.566636101587629,1,0.0011240059335581164,0.0,-0.017478753686701515,0.012521246313298484,0.0024787536867015153,4.957507373403031,1.9331400212978512e-05,3.963121807025295e-05,2.9745044240418186,0.025,0.0,-0.03,0.0,1.0,0.0,0.015
47,1.566636101587629,2,0.0022525812452398163,0.0,-0.01694709309059899,0.013052906909401009,0.0019470930905989906,3.894186181197981,-3.4709465712624046e-05,7.21265062727779e-05,2.3365117087187883,0.025,0.0,-0.03,0.0,1.0,0.0,0.015
47,1.566636101587629,3,0.003385667079347348,0.0,-0.016425075440684174,0.013574924559315825,0.0014250754406841745,2.850150881368349,4.228782058932843e-05,9.073896487411908e-05,1.7100905288210095,0.025,0.0,-0.03,0.0,1.0,0.0,0.015
47,1.566636101587629,4,0.004523140643038365,0.0,-0.01591274440691319,0.014087255593086809,0.0009127444069131907,1.8254888138263814,-4.079561763453318e-05,8.857665285533285e-05,1.0952932882958288,0.025,0.0,-0.03,0.0,1.0,0.0,0.015
47,1.566636101587629,5,0.005664957002357632,0.0,-0.015410092097024828,0.014589907902975171,0.0004100920970248282,0.8201841940496564,2.718203219112286e-05,6.147788527548185e-05,0.4921105164297938,0.025,0.0,-0.03,0.0,1.0,0.0,0.015
47,1.566636101587629,42,0.0453524633315066,0.0,-0.015939540813283987,0.014060459186716012,0.0009395408132839879,1.8790816265679757,-0.0001704901250863733,1.568792155082897e-05,1.1274489759407853,0.025,0.0,-0.03,0.0,1.0,0.0,0.015
47,1.566636101587629,43,0.04613074736613292,0.0,-0.016915286006797935,0.013084713993202064,0.001915286006797936,3.8305720135958716,3.383816994932819e-05,0.0001602818564652143,2.298343208157523,0.025,0.0,-0.03,0.0,1.0,0.0,0.015
47,1.566636101587629,44,0.0469077521539565,0.0,-0.01789203171692408,0.01210796828307592,0.002892031716924079,5.784063433848158,-0.0002287407110379993,4.118956611389153e-05,3.470438060308895,0.025,0.0,-0.03,0.0,1.0,0.0,0.015
47,1.566636101587629,45,0.047684282672567135,0.0,-0.018869172761410934,0.011130827238589065,0.003869172761410935,7.73834552282187,7.36183935231108e-05,0.00021130092617061276,4.643007313693122,0.025,0.0,-0.03,0.0,1.0,0.0,0.015
47,1.566636101587629,46,0.04846111049746477,0.0,-0.019846061676140534,0.010153938323859465,0.004846061676140535,9.692123352281069,-0.00029168788536362546,5.6574231645133485e-05,5.815274011368641,0.025,0.0,-0.03,0.0,1.0,0.0,0.015
47,1.566636101587629,47,0.04923553888112997,0.0,-0.020824283853581194,0.009175716146418805,0.005824283853581195,11.648567707162389,0.00016343849366761548,0.00017531194365990436,6.989140624297433,0.025,0.0,-0.03,0.0,1.0,0.0,0.015
47,1.566636101587629,48,0.04927125146192702,0.0,-0.022071774457516173,0.007928225542483826,0.007071774457516174,14.143548915032348,-0.0004733758790911153,8.541983921879072e-05,8.486129349019409,0.025,0.0,-0.03,0.0,1.0,0.0,0.015
47,1.566636101587629,49,0.04929982971340144,0.0,-0.023319460013770422,0.006680539986229576,0.008319460013770423,16.638920027540845,0.00035297972333254394,0.0001298886925999897,9.983352016524506,0.025,0.0,-0.03,0.0,1.0,0.0,0.015
47,1.566636101587629,50,0.04932214007320849,0.0,-0.024567275763187832,0.005432724236812167,0.009567275763187832,19.134551526375667,-0.0006251349529715555,0.00011997229082084676,11.480730915825399,0.025,0.0,-0.03,0.0,1.0,0.0,0.015
47,1.566636101587629,51,0.04933905755213517,0.0,-0.025815183818643925,0.0041848161813560734,0.010815183818643926,21.63036763728785,0.00046097938880409166,0.00015317511047897617,12.97822058237271,0.025,0.0,-0.03,0.0,1.0,0.0,0.015
47,1.566636101587629,52,0.04935146309629352,0.0,-0.027063147322036997,0.002936852677963002,0.012063147322036998,24.126294644073994,-0.00069033026536679,0.00014917226816968032,14.475776786444396,0.025,0.0,-0.03,0.0,1.0,0.0,0.015
47,1.566636101587629,53,0.04936024293842609,0.0,-0.028311145719712993,0.0016888542802870055,0.013311145719712994,26.62229143942599,0.00048570536329998776,0.00017653629405904063,15.973374863655593,0.025,0.0,-0.03,0.0,1.0,0.0,0.015
47,1.566636101587629,54,0.04936628734660202,0.0,-0.029559162605498145,0.0004408373945018543,0.014559162605498145,29.11832521099629,-0.0006827914345899025,0.0001781909045523815,17.470995126597774,0.025,0.0,-0.03,0.0,1.0,0.0,0.015
47,1.566636101587629,55,0.049370489654800974,0.0,-0.030807187773601988,0.0008071877736019889,0.01419281222639801,28.385624452796023,-0.0004549680728596423,0.00020094536146363627,17.031374671677614,0.025,0.0,-0.03,0.0,1.0,0.0,0.015
47,1.566636101587629,56,0.04937374526820834,0.0,-0.03205521767408644,0.0020552176740864445,0.012944782325913555,25.88956465182711,0.0006402817734697939,0.00020586799442444875,15.533738791096265,0.025,0.0,-0.03,0.0,1.0,0.0,0.015
47,1.566636101587629,57,0.049376950589796464,0.0,-0.0333032452543329,0.0033032452543328983,0.011696754745667101,23.393509491334203,-0.0004111331084317413,0.00022697791202435887,14.036105694800522,0.025,0.0,-0.03,0.0,1.0,0.0,0.015
47,1.566636101587629,58,0.04938100214284258,0.0,-0.0345512713202869,0.004551271320286904,0.010448728679713096,20.89745735942619,0.0006047369436798656,0.00023191907212601642,12.538474415655715,0.025,0.0,-0.03,0.0,1.0,0.0,0.015
47,1.566636101587629,59,0.04938679543442874,0.0,-0.03579928593991371,0.005799285939913711,0.009200714060086289,18.40142812017258,-0.00038987580045192455,0.0002546696909117307,11.040856872103546,0.025,0.0,-0.03,0.0,1.0,0.0,0.015
47,1.566636101587629,60,0.04939522411459347,0.0,-0.037047284075423674,0.007047284075423675,0.007952715924576324,15.905431849152649,0.0006004508264556127,0.0002563260248932733,9.543259109491588,0.025,0.0,-0.03,0.0,1.0,0.0,0.015
47,1.566636101587629,61,0.049407178810479575,0.0,-0.03829524849071932,0.008295248490719324,0.006704751509280675,13.40950301856135,-0.00039939191557092775,0.0002828337471487745,8.04570181113681,0.025,0.0,-0.03,0.0,1.0,0.0,0.015
47,1.566636101587629,62,0.04942354622112989,0.0,-0.039543157235855914,0.009543157235855915,0.005456842764144085,10.91368552828817,0.0006179585990427762,0.00029177526090485087,6.5482113169729015,0.025,0.0,-0.03,0.0,1.0,0.0,0.015
47,1.566636101587629,63,0.049445207631263206,0.0,-0.040790981579768834,0.010790981579768835,0.004209018420231164,8.418036840462328,-0.0004160037930676281,0.00018594186497006867,5.050822104277397,0.025,0.0,-0.03,0.0,1.0,0.0,0.015
47,1.566636101587629,64,0.04892133957707879,0.0,-0.04192328990478129,0.011923289904781288,0.0030767100952187112,6.153420190437423,0.0006541248632442261,0.0005628192315679594,3.6920521142624536,0.025,0.0,-0.03,0.0,1.0,0.0,0.015
47,1.566636101587629,65,0.048392292767642696,0.0,-0.04305319401796461,0.013053194017964613,0.0019468059820353864,3.893611964070773,-0.000522834597413321,4.135788752111189e-05,2.3361671784424636,0.025,0.0,-0.03,0.0,1.0,0.0,0.015
47,1.566636101587629,66,0.04785807692934888,0.0,-0.044180654096823695,0.014180654096823696,0.0008193459031763037,1.6386918063526075,0.0007476741873704137,0.0006597694384387593,0.9832150838115644,0.025,0.0,-0.03,0.0,1.0,0.0,0.015
48,1.5999687846001316,0,0.0,0.0,-0.018020026396194315,0.011979973603805684,0.0030200263961943155,6.040052792388631,0.0,0.0,3.6240316754331787,0.025,0.0,-0.03,0.0,1.0,0.0,0.015
48,1.5999687846001316,1,0.0011240036217065178,0.0,-0.017478754704351996,0.012521245295648003,0.0024787547043519965,4.957509408703993,-6.26855928726764e-05,0.00013271773572525545,2.9745056452223957,0.025,0.0,-0.03,0.0,1.0,0.0,0.015
48,1.5999687846001316,2,0.002252586277909481,0.0,-0.016947092289618357,0.013052907710381641,0.001947092289618358,3.894184579236716,0.00012457208224891911,0.00026857894358940475,2.3365107475420297,0.025,0.0,-0.03,0.0,1.0,0.0,0.015
48,1.5999687846001316,3,0.003385662591468353,0.0,-0.016425082279819744,0.013574917720180255,0.0014250822798197449,2.85016455963949,-0.00018584710202243195,0.00040887960819844767,1.7100987357836939,0.025,0.0,-0.03,0.0,1.0,0.0,0.015
48,1.5999687846001316,4,0.004523152201843234,0.0,-0.015912749003468875,0.014087250996531124,0.0009127490034688754,1.8254980069377509,0.000245442410828815,0.0005531677687266634,1.0952988041626506,0.025,0.0,-0.03,0.0,1.0,0.0,0.015
48,1.5999687846001316,5,0.005664954209382937,0.0,-0.015410109633151783,0.014589890366848216,0.00041010963315178325,0.8202192663035666,-0.00030345156367376055,0.0006977789014162996,0.4921315597821399,0.025,0.0,-0.03,0.0,1.0,0.0,0.015
48,1.5999687846001316,42,0.045350613994857215,0.0,-0.015941940347823456,0.014058059652176543,0.0009419403478234563,1.8838806956469125,0.0002070938740656302,0.00027273051870759993,1.1303284173881474,0.025,0.0,-0.03,0.0,1.0,0.0,0.015
48,1.5999687846001316,43,0.04612869609042619,0.0,-0.01691783301520104,0.01308216698479896,0.001917833015201039,3.835666030402078,-0.00031427941596333554,0.00013921827367537374,2.3013996182412466,0.025,0.0,-0.03,0.0,1.0,0.0,0.015
48,1.5999687846001316,44,0.046905511241404525,0.0,-0.017894741890895103,0.012105258109104896,0.0028947418908951035,5.789483781790207,0.00013633255489414465,0.00023237498323492575,3.4736902690741243,0.025,0.0,-0.03,0.0,1.0,0.0,0.015
48,1.5999687846001316,45,0.04768184096935286,0.0,-0.018872032419730345,0.011127967580269654,0.003872032419730345,7.74406483946069,-0.0002582920420432917,7.534130427383457e-05,4.6464389036764135,0.025,0.0,-0.03,0.0,1.0,0.0,0.015
48,1.5999687846001316,46,0.04845847700420503,0.0,-0.019849082079601284,0.010150917920398714,0.004849082079601285,9.69816415920257,6.350760112688114e-05,0.00018558088145160945,5.818898495521542,0.025,0.0,-0.03,0.0,1.0,0.0,0.015
48,1.5999687846001316,47,0.04923270639541678,0.0,-0.020827456044184876,0.009172543955815123,0.005827456044184876,11.654912088369752,-0.00022250583390610336,2.4144015618034634e-05,6.992947253021851,0.025,0.0,-0.03,0.0,1.0,0.0,0.015
48,1.5999687846001316,48,0.04926801765288965,0.0,-0.022074961226988803,0.007925038773011196,0.007074961226988804,14.149922453977608,4.6620453359927864e-05,9.900413625451863e-05,8.489953472386564,0.025,0.0,-0.03,0.0,1.0,0.0,0.015
48,1.5999687846001316,49,0.04929619214642013,0.0,-0.023322653719196715,0.006677346280803284,0.008322653719196715,16.64530743839343,-0.0002191473261767002,9.72707766019575e-05,9.987184463036058,0.025,0.0,-0.03,0.0,1.0,0.0,0.015
48,1.5999687846001316,50,0.04931809767836986,0.0,-0.024570478430654855,0.005429521569345144,0.009570478430654856,19.14095686130971,3.276328821330945e-05,0.0001148601862571179,11.484574116785826,0.025,0.0,-0.03,0.0,1.0,0.0,0.015
48,1.5999687846001316,51,0.04933460917302637,0.0,-0.025818391042138938,0.004181608957861061,0.010818391042138938,21.636782084277876,-0.00020014096724587822,0.00012174064812971203,12.982069250566726,0.025,0.0,-0.03,0.0,1.0,0.0,0.015
48,1.5999687846001316,52,0.04934660783330778,0.0,-0.02706635897902895,0.0029336410209710485,0.012066358979028951,24.132717958057903,1.2584021891898667e-05,0.00013623286815658695,14.47963077483474,0.025,0.0,-0.03,0.0,1.0,0.0,0.015
48,1.5999687846001316,53,0.049354980025753996,0.0,-0.028314360605958235,0.0016856393940417637,0.013314360605958236,26.62872121191647,-0.00018733776100728972,0.0001451972100037183,15.977232727149882,0.025,0.0,-0.03,0.0,1.0,0.0,0.015
48,1.5999687846001316,54,0.04936061616904281,0.0,-0.029562378599774005,0.00043762140022599386,0.014562378599774006,29.12475719954801,1.4629197265265104e-05,0.0001584265019029371,17.474854319728806,0.025,0.0,-0.03,0.0,1.0,0.0,0.015
48,1.5999687846001316,55,0.049364409790643306,0.0,-0.030810406680800744,0.0008104066808007453,0.014189593319199254,28.379186638398508,0.000212364925576972,0.00016802818055959708,17.027511983039105,0.025,0.0,-0.03,0.0,1.0,0.0,0.015
48,1.5999687846001316,56,0.049367256404530005,0.0,-0.03205843576001641,0.0020584357600164083,0.012941564239983591,25.883128479967183,-6.797710806912176e-05,0.00018135531644366594,15.52987708798031,0.025,0.0,-0.03,0.0,1.0,0.0,0.015
48,1.5999687846001316,57,0.049370052633188374,0.0,-0.033306466699363275,0.0033064666993632766,0.011693533300636723,23.387066601273446,0.00029739608328553836,0.00019011635405578753,14.032239960764068,0.025,0.0,-0.03,0.0,1.0,0.0,0.015
48,1.5999687846001316,58,0.04937369508716155,0.0,-0.03455449178969281,0.004554491789692812,0.010445508210307188,20.891016420614374,-0.00018441069133113633,0.00020532712603985793,12.534609852368623,0.025,0.0,-0.03,0.0,1.0,0.0,0.015
48,1.5999687846001316,59,0.04937907951320503,0.0,-0.0358025105747214,0.005802510574721399,0.0091974894252786,18.3949788505572,0.0004420995796670397,0.00021073195116626188,11.03698731033432,0.025,0.0,-0.03,0.0,1.0,0.0,0.015
48,1.5999687846001316,60,0.0493870996361311,0.0,-0.03705050973400358,0.0070505097340035836,0.007949490265996416,15.898980531992832,-0.0003500936630497253,0.00023123214689236155,9.539388319195698,0.025,0.0,-0.03,0.0,1.0,0.0,0.015
48,1.5999687846001316,61,0.049398646326877516,0.0,-0.03829847919811248,0.008298479198112482,0.006701520801887517,13.403041603775034,0.0006189925246812924,0.00023019561713455072,8.04182496226502,0.025,0.0,-0.03,0.0,1.0,0.0,0.015
48,1.5999687846001316,62,0.049414606366962634,0.0,-0.03954639320319309,0.009546393203193095,0.005453606796806905,10.90721359361381,-0.0005245177591492326,0.00024282098887536303,6.544328156168286,0.025,0.0,-0.03,0.0,1.0,0.0,0.015
48,1.5999687846001316,63,0.04943586157543099,0.0,-0.040794223638431056,0.010794223638431057,0.004205776361568943,8.411552723137886,0.0007800713326959921,0.00042295935073013264,5.046931633882731,0.025,0.0,-0.03,0.0,1.0,0.0,0.015
48,1.5999687846001316,64,0.048911561664883134,0.0,-0.04192633482623155,0.011926334826231552,0.0030736651737684473,6.147330347536895,-0.0007070106226583204,8.250042434582573e-05,3.6883982085221367,0.025,0.0,-0.03,0.0,1.0,0.0,0.015
48,1.5999687846001316,65,0.04838208603225659,0.0,-0.04305603352668689,0.01305603352668689,0.0019439664733131093,3.8879329466262185,0.0009917284469446593,0.0007130425237412866,2.332759767975731,0.025,0.0,-0.03,0.0,1.0,0.0,0.015
48,1.5999687846001316,66,0.047847437599723326,0.0,-0.04418329473952242,0.014183294739522422,0.0008167052604775779,1.633410520955156,-0.0009321742567023498,0.00018436896565531024,0.9800463125730935,0.025,0.0,-0.03,0.0,1.0,0.0,0.015
49,1.6333014676126345,0,0.0,0.0,-0.018020026396194315,0.011979973603805684,0.0030200263961943155,6.040052792388631,0.0,0.0,3.6240316754331787,0.025,0.0,-0.03,0.0,1.0,0.0,0.015
49,1.6333014676126345,1,0.0011240054963455805,0.0,-0.017478753759358,0.012521246240642,0.0024787537593580003,4.9575075187160005,-1.2756404164757299e-06,3.7795432455980998e-06,2.9745045112296,0.025,0.0,-0.03,0.0,1.0,0.0,0.015
49,1.6333014676126345,2,0.0022525830791085234,0.0,-0.016947095085446482,0.013052904914553517,0.0019470950854464826,3.894190170892965,-4.714597902641693e-07,1.1206928326085768e-06,2.336514102535779,0.025,0.0,-0.03,0.0,1.0,0.0,0.015
49,1.6333014676126345,3,0.003385669519774336,0.0,-0.01642508325989739,0.01357491674010261,0.001425083259897389,2.8501665197947776,6.715678501521983e-06,1.3031116082603802e-05,1.7100999118768665,0.025,0.0,-0.03,0.0,1.0,0.0,0.015
49,1.6333014676126345,4,0.004523148657798314,0.0,-0.01591275894185953,0.014087241058140468,0.000912758941859531,1.825517883719062,-1.880783734675073e-05,4.0072636336956305e-05,1.095310730231437,0.025,0.0,-0.03,0.0,1.0,0.0,0.015
49,1.6333014676126345,5,0.005664967285261043,0.0,-0.01541011797116592,0.01458988202883408,0.00041011797116592,0.82023594233184,3.442895477802088e-05,7.868116563609204e-05,0.49214156539910403,0.025,0.0,-0.03,0.0,1.0,0.0,0.015
49,1.6333014676126345,42,0.04534902074660459,0.0,-0.015943996494328323,0.014056003505671676,0.0009439964943283238,1.8879929886566478,9.055480065360914e-05,0.0001635038154923554,1.1327957931939887,0.025,0.0,-0.03,0.0,1.0,0.0,0.015
49,1.6333014676126345,43,0.046126937203964775,0.0,-0.01692002560141323,0.013079974398586769,0.0019200256014132305,3.8400512028264613,-0.00020208297977490888,6.472770610708318e-05,2.304030721695877,0.025,0.0,-0.03,0.0,1.0,0.0,0.015
49,1.6333014676126345,44,0.04690358239267872,0.0,-0.017897065912058956,0.012102934087941043,0.002897065912058957,5.794131824117914,5.723139866332576e-05,0.00015140413794314714,3.476479094470748,0.025,0.0,-0.03,0.0,1.0,0.0,0.015
49,1.6333014676126345,45,0.047679745523690996,0.0,-0.018874492234133403,0.011125507765866596,0.003874492234133404,7.748984468266808,-0.00015871233915747574,1.450383448608981e-05,4.649390680960084,0.025,0.0,-0.03,0.0,1.0,0.0,0.015
49,1.6333014676126345,46,0.04845621208893078,0.0,-0.019851674046356037,0.010148325953643962,0.004851674046356037,9.703348092712075,-2.3378335365832187e-05,0.00010367190507855868,5.822008855627245,0.025,0.0,-0.03,0.0,1.0,0.0,0.015
49,1.6333014676126345,47,0.04923027340185985,0.0,-0.020830183029270633,0.009169816970729366,0.005830183029270634,11.660366058541268,-6.956412065574309e-05,5.537649277411219e-05,6.996219635124761,0.025,0.0,-0.03,0.0,1.0,0.0,0.015
49,1.6333014676126345,48,0.04926523880571385,0.0,-0.022077696803525677,0.007922303196474322,0.007077696803525678,14.155393607051355,-0.00014539006561028285,7.645714006037996e-05,8.493236164230813,0.025,0.0,-0.03,0.0,1.0,0.0,0.015
49,1.6333014676126345,49,0.049293066585444,0.0,-0.02332539838064972,0.006674601619350278,0.008325398380649721,16.650796761299443,5.3578879717629134e-05,8.977724117082656e-05,9.990478056779665,0.025,0.0,-0.03,0.0,1.0,0.0,0.015
49,1.6333014676126345,50,0.049314624237267055,0.0,-0.02457322805129219,0.005426771948707811,0.009573228051292189,19.146456102584377,-0.0002587457656251924,9.29948886125231e-05,11.487873661550626,0.025,0.0,-0.03,0.0,1.0,0.0,0.015
49,1.6333014676126345,51,0.049330786965987,0.0,-0.025821146538966028,0.004178853461033971,0.010821146538966028,21.642293077932056,0.00014659742939402453,0.00010968098400229935,12.985375846759233,0.025,0.0,-0.03,0.0,1.0,0.0,0.015
49,1.6333014676126345,52,0.04934243602709252,0.0,-0.02706911667456827,0.002930883325431729,0.01206911667456827,24.13823334913654,-0.00032626036470421023,0.0001127447296481118,14.482940009481924,0.025,0.0,-0.03,0.0,1.0,0.0,0.015
49,1.6333014676126345,53,0.049350457994618395,0.0,-0.028317121887925692,0.001682878112074307,0.013317121887925693,26.634243775851385,0.00018460218148722368,0.00012831462428675798,15.98054626551083,0.025,0.0,-0.03,0.0,1.0,0.0,0.015
49,1.6333014676126345,54,0.04935574337296254,0.0,-0.02956514043650591,0.00043485956349408744,0.014565140436505912,29.130280873011824,-0.0003360938233453892,0.00013316157566113678,17.478168523807092,0.025,0.0,-0.03,0.0,1.0,0.0,0.015
49,1.6333014676126345,55,0.04935918586449638,0.0,-0.03081317053992282,0.0008131705399228202,0.01418682946007718,28.37365892015436,-0.00017039107945566063,0.00014697061560588323,17.024195352092615,0.025,0.0,-0.03,0.0,1.0,0.0,0.015
49,1.6333014676126345,56,0.049361681093658724,0.0,-0.03206119984429992,0.0020611998442999213,0.012938800155700078,25.877600311400155,0.0003061723616358961,0.00015328591785629205,15.526560186840092,0.025,0.0,-0.03,0.0,1.0,0.0,0.015
49,1.6333014676126345,57,0.04936412583344918,0.0,-0.03330923192389248,0.003309231923892479,0.01169076807610752,23.38153615221504,-0.00013497008670178862,0.00016618757354388663,14.028921691329025,0.025,0.0,-0.03,0.0,1.0,0.0,0.015
49,1.6333014676126345,58,0.04936741682683524,0.0,-0.03455725816197835,0.004557258161978349,0.01044274183802165,20.8854836760433,0.00027670120216143426,0.00017278897985574122,12.53129020562598,0.025,0.0,-0.03,0.0,1.0,0.0,0.015
49,1.6333014676126345,59,0.049372449948996304,0.0,-0.0358052781066772,0.005805278106677199,0.0091947218933228,18.3894437866456,-0.00012138208960045771,0.00018613404333194759,11.033666271987359,0.025,0.0,-0.03,0.0,1.0,0.0,0.015
49,1.6333014676126345,60,0.049380119084899025,0.0,-0.03705328025398237,0.007053280253982372,0.007946719746017628,15.893439492035256,0.00028643609844358433,0.00019139653730466377,9.536063695221154,0.025,0.0,-0.03,0.0,1.0,0.0,0.015
49,1.6333014676126345,61,0.049391315208499396,0.0,-0.03830125220576358,0.008301252205763582,0.006698747794236418,13.397495588472836,-0.00015675176489112673,0.00020657797626217163,8.0384973530837,0.025,0.0,-0.03,0.0,1.0,0.0,0.015
49,1.6333014676126345,62,0.04940692528460796,0.0,-0.03954917149382628,0.00954917149382628,0.005450828506173719,10.901657012347437,0.00034604103483383493,0.00021631046996902086,6.540994207408462,0.025,0.0,-0.03,0.0,1.0,0.0,0.015
49,1.6333014676126345,63,0.04942783123645147,0.0,-0.040797007452911996,0.010797007452911997,0.0042029925470880025,8.405985094176005,-0.00023472102516956957,0.0001469587891660356,5.043591056505603,0.025,0.0,-0.03,0.0,1.0,0.0,0.015
49,1.6333014676126345,64,0.0489031612729293,0.0,-0.04192894712470285,0.011928947124702854,0.003071052875297145,6.14210575059429,0.00044945798730699945,0.00040282644618197245,3.6852634503565738,0.025,0.0,-0.03,0.0,1.0,0.0,0.015
49,1.6333014676126345,65,0.04837331543370052,0.0,-0.04305847309669794,0.013058473096697942,0.0019415269033020571,3.8830538066041145,-0.00039183078911351967,2.710818945246687e-05,2.3298322839624688,0.025,0.0,-0.03,0.0,1.0,0.0,0.015
49,1.6333014676126345,66,0.04783829820755415,0.0,-0.044185557390977126,0.014185557390977127,0.0008144426090228724,1.6288852180457447,0.0006014345812641342,0.000511307333528808,0.9773311308274468,0.025,0.0,-0.03,0.0,1.0,0.0,0.015
50,1.6666341506251372,0,0.0,0.0,-0.018020026396194315,0.011979973603805684,0.0030200263961943155,6.040052792388631,0.0,0.0,3.6240316754331787,0.025,0.0,-0.03,0.0,1.0,0.0,0.015
50,1.6666341506251372,1,0.001124004254745572,0.0,-0.017478754290844837,0.012521245709155162,0.0024787542908448375,4.957508581689675,-0.00010025504241625488,0.0002128253812478655,2.974505149013805,0.025,0.0,-0.03,0.0,1.0,0.0,0.015
50,1.6666341506251372,2,0.002252585941514469,0.0,-0.016947094890511657,0.013052905109488342,0.0019470948905116574,3.894189781023315,0.0001946200236740168,0.00042044693240766106,2.336513868613989,0.025,0.0,-0.03,0.0,1.0,0.0,0.015
50,1.6666341506251372,3,0.0033856673019377705,0.0,-0.01642508780939203,0.013574912190607968,0.001425087809392031,2.8501756187840623,-0.0002798686287490937,0.0006164516964493818,1.7101053712704373,0.025,0.0,-0.03,0.0,1.0,0.0,0.015
50,1.6666341506251372,4,0.004523156045214395,0.0,-0.01591276284657189,0.01408723715342811,0.00091276284657189,1.82552569314378,0.00035283527430820773,0.000794637589191676,1.095315415886268,0.025,0.0,-0.03,0.0,1.0,0.0,0.015
50,1.6666341506251372,5,0.005664966208136811,0.0,-0.01541013048517991,0.01458986951482009,0.00041013048517991,0.82026097035982,-0.00041247265419586083,0.0009483474563911871,0.492156582215892,0.025,0.0,-0.03,0.0,1.0,0.0,0.015
50,1.6666341506251372,42,0.04534765351391913,0.0,-0.01594576501020999,0.01405423498979001,0.0009457650102099903,1.8915300204199805,-0.000549038864723758,0.0003656325406697,1.1349180122519882,0.025,0.0,-0.03,0.0,1.0,0.0,0.015
50,1.6666341506251372,43,0.046125424131066114,0.0,-0.016921906956357015,0.013078093043642984,0.0019219069563570154,3.843813912714031,0.0003947310753527648,0.00040165881550928054,2.3062883476284184,0.025,0.0,-0.03,0.0,1.0,0.0,0.015
50,1.6666341506251372,44,0.04690192656676677,0.0,-0.017899064249797987,0.012100935750202012,0.0028990642497979877,5.798128499595975,-0.00043512514017837457,0.0002587809425428948,3.478877099757585,0.025,0.0,-0.03,0.0,1.0,0.0,0.015
50,1.6666341506251372,45,0.04767794367589848,0.0,-0.018876603633226272,0.011123396366773727,0.003876603633226273,7.753207266452546,0.00024135912623934864,0.00029045684454487845,4.651924359871527,0.025,0.0,-0.03,0.0,1.0,0.0,0.015
50,1.6666341506251372,46,0.04845426693447502,0.0,-0.0198539018915709,0.010146098108429098,0.004853901891570901,9.707803783141802,-0.00027444174609424275,0.00011237055866377587,5.8246822698850815,0.025,0.0,-0.03,0.0,1.0,0.0,0.015
50,1.6666341506251372,47,0.049228182364845566,0.0,-0.020832524478137906,0.009167475521862093,0.005832524478137906,11.665048956275813,6.637115259385618e-05,0.00012895771273980258,6.999029373765487,0.025,0.0,-0.03,0.0,1.0,0.0,0.015
50,1.6666341506251372,48,0.04926285116667797,0.0,-0.02208004765616635,0.00791995234383365,0.0070800476561663495,14.160095312332698,-0.00012189917851337629,5.807283149136847e-05,8.496057187399618,0.025,0.0,-0.03,0.0,1.0,0.0,0.015
50,1.6666341506251372,49,0.04929038096312105,0.0,-0.023327754927550834,0.006672245072449165,0.008327754927550834,16.65550985510167,-8.570267358542393e-05,7.485817353292136e-05,9.993305913061002,0.025,0.0,-0.03,0.0,1.0,0.0,0.015
50,1.6666341506251372,50,0.04931163978460932,0.0,-0.02457559088868491,0.005424409111315087,0.009575590888684912,19.151181777369825,2.9499037044012067e-05,8.458364109934825e-05,11.490709066421894,0.025,0.0,-0.03,0.0,1.0,0.0,0.015
50,1.6666341506251372,51,0.049327502829536685,0.0,-0.025823512011471848,0.004176487988528151,0.010823512011471848,21.647024022943697,-0.00023191544478058955,8.877200711193193e-05,12.988214413766217,0.025,0.0,-0.03,0.0,1.0,0.0,0.015
50,1.6666341506251372,52,0.04933885156937948,0.0,-0.0270714866373158,0.0029285133626841993,0.0120714866373158,24.1429732746316,0.00016656191638913498,0.0001023630629024054,14.48578396477896,0.025,0.0,-0.03,0.0,1.0,0.0,0.015
50,1.6666341506251372,53,0.04934657260829525,0.0,-0.028319491787226224,0.001680508212773775,0.013319491787226224,26.63898357445245,-0.0003589076100526382,0.00010511831136937856,15.98339014467147,0.025,0.0,-0.03,0.0,1.0,0.0,0.015
50,1.6666341506251372,54,0.049351556656876336,0.0,-0.02956751414603972,0.0004324858539602773,0.014567514146039722,29.135028292079443,0.00028195078790337047,0.00011908542928894177,17.481016975247666,0.025,0.0,-0.03,0.0,1.0,0.0,0.015
50,1.6666341506251372,55,0.04935469744925824,0.0,-0.030815542263416464,0.0008155422634164647,0.014184457736583535,28.36891547316707,0.0004623092982651781,0.0001219305553963775,17.021349283900243,0.025,0.0,-0.03,0.0,1.0,0.0,0.015
50,1.6666341506251372,56,0.049356890810687094,0.0,-0.03206357539929166,0.0020635753992916603,0.01293642460070834,25.872849201416678,-0.0003723648883446421,0.00013600543802610686,15.523709520850005,0.025,0.0,-0.03,0.0,1.0,0.0,0.015
50,1.6666341506251372,57,0.04935903354660236,0.0,-0.03331160476100159,0.003311604761001591,0.011688395238998409,23.376790477996817,0.0005392160715232554,0.00013813456159829314,14.02607428679809,0.025,0.0,-0.03,0.0,1.0,0.0,0.015
50,1.6666341506251372,58,0.049362022605954174,0.0,-0.03455963528032825,0.004559635280328253,0.010440364719671746,20.880729439343494,-0.00043522506320836294,0.00015392696454802235,12.528437663606097,0.025,0.0,-0.03,0.0,1.0,0.0,0.015
50,1.6666341506251372,59,0.04936675388180139,0.0,-0.03580765310159111,0.005807653101591113,0.009192346898408886,18.38469379681777,0.0005883832318000687,0.000153099276044496,11.030816278090663,0.025,0.0,-0.03,0.0,1.0,0.0,0.015
50,1.6666341506251372,60,0.049374121493344365,0.0,-0.037055660435133024,0.007055660435133025,0.007944339564866974,15.888679129733948,-0.00047132550266175237,0.00017311944637733975,9.533207477840369,0.025,0.0,-0.03,0.0,1.0,0.0,0.015
50,1.6666341506251372,61,0.0493850163984872,0.0,-0.038303632009059466,0.008303632009059467,0.006696367990940533,13.392735981881065,0.0006131765345392779,0.00016790244513776076,8.03564158912864,0.025,0.0,-0.03,0.0,1.0,0.0,0.015
50,1.6666341506251372,62,0.04940032581146995,0.0,-0.03955155810347195,0.009551558103471948,0.0054484418965280515,10.896883793056103,-0.000485981924565646,0.00018017059713094138,6.5381302758336615,0.025,0.0,-0.03,0.0,1.0,0.0,0.015
50,1.6666341506251372,63,0.049420932032209396,0.0,-0.04079939622710076,0.010799396227100765,0.004200603772899235,8.401207545798469,0.0006217342729864026,0.00031541173689720496,5.040724527479081,0.025,0.0,-0.03,0.0,1.0,0.0,0.015
50,1.6666341506251372,64,0.04889594307364972,0.0,-0.04193119147798703,0.011931191477987033,0.003068808522012967,6.137617044025934,-0.0005303521672023381,6.295199026761783e-05,3.68257022641556,0.025,0.0,-0.03,0.0,1.0,0.0,0.015
50,1.6666341506251372,65,0.04836578108547445,0.0,-0.043060564916492725,0.013060564916492726,0.0019394350835072738,3.8788701670145476,0.0007225250222719079,0.0005220588770783499,2.3273221002087285,0.025,0.0,-0.03,0.0,1.0,0.0,0.015
50,1.6666341506251372,66,0.04783044448444757,0.0,-0.04418750251193215,0.014187502511932154,0.0008124974880678454,1.6249949761356908,-0.0006785779946898256,0.00013201548127211922,0.9749969856814145,0.025,0.0,-0.03,0.0,1.0,0.0,0.015
51,1.69996683363764,0,0.0,0.0,-0.018020026396194315,0.011979973603805684,0.0030200263961943155,6.040052792388631,0.0,0.0,3.6240316754331787,0.025,0.0,-0.03,0.0,1.0,0.0,0.015
51,1.69996683363764,1,0.001124005186217042,0.0,-0.01747875380785071,0.01252124619214929,0.00247875380785071,4.95750761570142,8.535041156033779e-05,0.00018010253739665204,2.974504569420852,0.025,0.0,-0.03,0.0,1.0,0.0,0.015
51,1.69996683363764,2,0.0022525844348870797,0.0,-0.016947096555822834,0.013052903444177165,0.0019470965558228345,3.894193111645669,-0.00016273388091487019,0.00034929484433709015,2.3365158669874013,0.025,0.0,-0.03,0.0,1.0,0.0,0.015
51,1.69996683363764,3,0.0033856712540748803,0.0,-0.016425089063081072,0.013574910936918927,0.0014250890630810725,2.8501781261621453,0.00022630497592960843,0.0004965330418709381,1.710106875697287,0.025,0.0,-0.03,0.0,1.0,0.0,0.015
51,1.69996683363764,4,0.004523154771552433,0.0,-0.0159127695841328,0.014087230415867198,0.0009127695841328019,1.825539168265604,-0.00027278181156013945,0.0006113449871007565,1.0953235009593623,0.025,0.0,-0.03,0.0,1.0,0.0,0.015
51,1.69996683363764,5,0.005664974479440172,0.0,-0.015410137242205505,0.014589862757794494,0.0004101372422055053,0.8202744844110106,0.0002987892118012931,0.0006859459778264018,0.49216469064660634,0.025,0.0,-0.03,0.0,1.0,0.0,0.015
51,1.69996683363764,42,0.04534647588984697,0.0,-0.015947280728923485,0.014052719271076514,0.0009472807289234858,1.8945614578469716,0.00027052605177971245,0.0002848713228180738,1.136736874708183,0.025,0.0,-0.03,0.0,1.0,0.0,0.015
51,1.69996683363764,43,0.04612412672080658,0.0,-0.01692352644966074,0.013076473550339258,0.001923526449660741,3.847052899321482,-0.0003267290525257698,0.00019039190519604235,2.308231739592889,0.025,0.0,-0.03,0.0,1.0,0.0,0.015
51,1.69996683363764,44,0.046900501428072124,0.0,-0.017900777925639877,0.012099222074360122,0.0029007779256398775,5.801555851279755,0.00019668373350891833,0.00023553014275996896,3.4809335107678527,0.025,0.0,-0.03,0.0,1.0,0.0,0.015
51,1.69996683363764,45,0.047676397437884786,0.0,-0.01887841986837999,0.011121580131620009,0.0038784198683799904,7.756839736759981,-0.00025095709678534396,0.00011749938356374241,4.654103842055989,0.025,0.0,-0.03,0.0,1.0,0.0,0.015
51,1.69996683363764,46,0.048452594114129874,0.0,-0.019855813777812818,0.010144186222187181,0.004855813777812818,9.711627555625636,9.823393560503688e-05,0.0001640995536949577,5.826976533375381,0.025,0.0,-0.03,0.0,1.0,0.0,0.015
51,1.69996683363764,47,0.0492263863443233,0.0,-0.020834537362369013,0.009165462637630985,0.005834537362369014,11.669074724738028,-0.00016298583108814046,2.59920465691228e-06,7.001444834842816,0.025,0.0,-0.03,0.0,1.0,0.0,0.015
51,1.69996683363764,48,0.049260799541222616,0.0,-0.02208206573365287,0.00791793426634713,0.00708206573365287,14.164131467305738,6.3416949847125896e-06,6.340205804646482e-05,8.498478880383443,0.025,0.0,-0.03,0.0,1.0,0.0,0.015
51,1.69996683363764,49,0.04928807346805503,0.0,-0.02332978037785879,0.006670219622141208,0.008329780377858791,16.65956075571758,-5.911907235692151e-05,6.357634099214687e-05,9.995736453430549,0.025,0.0,-0.03,0.0,1.0,0.0,0.015
51,1.69996683363764,50,0.04930907548822561,0.0,-0.024577619211230015,0.005422380788769984,0.009577619211230015,19.15523842246003,-0.0001278804878114167,7.001560426486468e-05,11.493143053476018,0.025,0.0,-0.03,0.0,1.0,0.0,0.015
51,1.69996683363764,51,0.04932468110972539,0.0,-0.025825545238917526,0.004174454761082472,0.010825545238917527,21.651090477835055,0.00010308483012173529,8.071916034556689e-05,12.990654286701032,0.025,0.0,-0.03,0.0,1.0,0.0,0.015
51,1.69996683363764,52,0.04933577178694393,0.0,-0.02707352047842435,0.00292647952157565,0.01207352047842435,24.1470409568487,-0.0003145785731412918,8.251946441926644e-05,14.488224574109218,0.025,0.0,-0.03,0.0,1.0,0.0,0.015
51,1.69996683363764,53,0.0493432343264021,0.0,-0.028321529380991618,0.0016784706190083806,0.013321529380991619,26.643058761983237,0.0003059870606951475,9.618429128401352e-05,15.985835257189942,0.025,0.0,-0.03,0.0,1.0,0.0,0.015
51,1.69996683363764,54,0.049347959450449355,0.0,-0.029569550324416865,0.000430449675583134,0.014569550324416865,29.139100648833733,-0.0005245545680757895,9.628036321313636e-05,17.483460389300237,0.025,0.0,-0.03,0.0,1.0,0.0,0.015
51,1.69996683363764,55,0.04935084107828378,0.0,-0.030817582050940255,0.0008175820509402562,0.014182417949059743,28.364835898119487,-0.0005128372978804566,0.0001109968460992479,17.01890153887169,0.025,0.0,-0.03,0.0,1.0,0.0,0.015
51,1.69996683363764,56,0.04935277505441067,0.0,-0.03206561242205675,0.002065612422056752,0.012934387577943247,25.868775155886496,0.000719646439821408,0.0001100831546552599,15.521265093531897,0.025,0.0,-0.03,0.0,1.0,0.0,0.015
51,1.69996683363764,57,0.049354658366560354,0.0,-0.03331364582806406,0.0033136458280640588,0.01168635417193594,23.37270834387188,-0.000689039373616462,0.00012658228748837051,14.023625006323128,0.025,0.0,-0.03,0.0,1.0,0.0,0.015
51,1.69996683363764,58,0.04935738797544,0.0,-0.03456167330641033,0.00456167330641033,0.01043832669358967,20.87665338717934,0.000872037151339657,0.00012241734333617908,12.525992032307602,0.025,0.0,-0.03,0.0,1.0,0.0,0.015
51,1.69996683363764,59,0.04936185997722822,0.0,-0.03580969591879422,0.005809695918794218,0.009190304081205782,18.380608162411562,-0.0008139694523802809,0.00014421960719104173,11.028364897446936,0.025,0.0,-0.03,0.0,1.0,0.0,0.015
51,1.69996683363764,60,0.04936896846959622,0.0,-0.03705770113326982,0.007057701133269818,0.007942298866730181,15.884597733460362,0.0009670144013467828,0.00013246298700868102,9.530758640076217,0.025,0.0,-0.03,0.0,1.0,0.0,0.015
51,1.69996683363764,61,0.049379604662068664,0.0,-0.038305678580991875,0.008305678580991877,0.006694321419008123,13.388642838016246,-0.0008762349282787805,0.0001623349260598764,8.033185702809748,0.025,0.0,-0.03,0.0,1.0,0.0,0.015
51,1.69996683363764,62,0.04939465572634823,0.0,-0.03955360448884714,0.009553604488847144,0.005446395511152856,10.892791022305712,0.0009947032183285874,0.00016198628438240503,6.535674613383427,0.025,0.0,-0.03,0.0,1.0,0.0,0.015
51,1.69996683363764,63,0.049415003801990195,0.0,-0.040801450183634236,0.010801450183634237,0.0041985498163657625,8.397099632731525,-0.0008697048093976297,3.862621748683303e-05,5.038259779638914,0.025,0.0,-0.03,0.0,1.0,0.0,0.015
51,1.69996683363764,64,0.048889742804996104,0.0,-0.04193311537862321,0.01193311537862321,0.003066884621376789,6.133769242753578,0.0010143268181660595,0.0005990924112271887,3.680261545652147,0.025,0.0,-0.03,0.0,1.0,0.0,0.015
51,1.69996683363764,65,0.048359306183401396,0.0,-0.04306236431447416,0.013062364314474162,0.0019376356855258375,3.8752713710516753,-0.000990910521073945,0.00031016631977143536,2.3251628226310053,0.025,0.0,-0.03,0.0,1.0,0.0,0.015
51,1.69996683363764,66,0.04782369889027856,0.0,-0.04418916807920731,0.01418916807920731,0.0008108319207926901,1.6216638415853801,0.001148439611804545,0.0007144011769457288,0.9729983049512281,0.025,0.0,-0.03,0.0,1.0,0.0,0.015
52,1.7332995166501426,0,0.0,0.0,-0.018020026396194315,0.011979973603805684,0.0030200263961943155,6.040052792388631,0.0,0.0,3.6240316754331787,0.025,0.0,-0.03,0.0,1.0,0.0,0.015
52,1.7332995166501426,1,0.0011240041404217737,0.0,-0.01747875426002558,0.012521245739974419,0.0024787542600255806,4.957508520051161,-0.00011951226835519494,0.000253634963850419,2.9745051120306965,0.025,0.0,-0.03,0.0,1.0,0.0,0.015
52,1.7332995166501426,2,0.002252586767974368,0.0,-0.01694709631182705,0.01305290368817295,0.0019470963118270491,3.8941926236540985,0.00023125905396078074,0.0004994798871330679,2.336515574192459,0.025,0.0,-0.03,0.0,1.0,0.0,0.015
52,1.7332995166501426,3,0.003385669378615627,0.0,-0.0164250925282196,0.0135749074717804,0.0014250925282195993,2.850185056439199,-0.0003308080543658886,0.0007287690552751088,1.7101110338635193,0.025,0.0,-0.03,0.0,1.0,0.0,0.015
52,1.7332995166501426,4,0.004523160384932193,0.0,-0.015912772395663622,0.014087227604336377,0.0009127723956636226,1.8255447913272451,0.00041451877978759474,0.0009335311774408371,1.095326874796347,0.025,0.0,-0.03,0.0,1.0,0.0,0.015
52,1.7332995166501426,5,0.0056649737081550956,0.0,-0.015410146469770862,0.014589853530229136,0.00041014646977086296,0.8202929395417259,-0.0004809031333753613,0.0011063265778199275,0.4921757637250355,0.025,0.0,-0.03,0.0,1.0,0.0,0.015
52,1.7332995166501426,42,0.045345468125552,0.0,-0.015948587858880037,0.014051412141119962,0.0009485878588800373,1.8971757177600745,-0.00018540931008729613,9.222788594217113e-05,1.1383054306560447,0.025,0.0,-0.03,0.0,1.0,0.0,0.015
52,1.7332995166501426,43,0.04612300822361752,0.0,-0.016924913035347815,0.013075086964652184,0.0019249130353478153,3.8498260706956304,9.214165169359878e-05,0.0001360653100148053,2.309895642417378,0.025,0.0,-0.03,0.0,1.0,0.0,0.015
52,1.7332995166501426,44,0.046899280176199626,0.0,-0.017902254107926143,0.012097745892073856,0.0029022541079261437,5.804508215852287,-0.00014621290045067813,5.045973668080249e-05,3.4827049295113723,0.025,0.0,-0.03,0.0,1.0,0.0,0.015
52,1.7332995166501426,45,0.047675066207460405,0.0,-0.01887997675811461,0.01112002324188539,0.0038799767581146095,7.759953516229219,2.8823283326258307e-05,9.500251842346581e-05,4.655972109737531,0.025,0.0,-0.03,0.0,1.0,0.0,0.015
52,1.7332995166501426,46,0.04845115877719659,0.0,-0.01985745873913458,0.010142541260865418,0.004857458739134582,9.714917478269165,-7.585318597267379e-05,1.289573377183815e-05,5.8289504869614985,0.025,0.0,-0.03,0.0,1.0,0.0,0.015
52,1.7332995166501426,47,0.04922484225896618,0.0,-0.020836264459956438,0.009163735540043561,0.005836264459956438,11.672528919912876,-7.822879361471852e-05,4.759574270209907e-05,7.003517351947726,0.025,0.0,-0.03,0.0,1.0,0.0,0.015
52,1.7332995166501426,48,0.04925903690575409,0.0,-0.02208380109008582,0.007916198909914178,0.007083801090085821,14.167602180171643,6.000737099347911e-05,5.14663302338317e-05,8.500561308102986,0.025,0.0,-0.03,0.0,1.0,0.0,0.015
52,1.7332995166501426,49,0.04928609081799248,0.0,-0.023331518652294575,0.006668481347705424,0.008331518652294576,16.66303730458915,-0.00024152159748574328,5.0667766284653055e-05,9.997822382753489,0.025,0.0,-0.03,0.0,1.0,0.0,0.015
52,1.7332995166501426,50,0.04930687228864375,0.0,-0.024579362991296556,0.005420637008703443,0.009579362991296556,19.15872598259311,0.0002352543723670144,6.64940298499466e-05,11.495235589555866,0.025,0.0,-0.03,0.0,1.0,0.0,0.015
52,1.7332995166501426,51,0.0493222566934993,0.0,-0.02582729018823649,0.004172709811763507,0.010827290188236492,21.654580376472985,-0.0004253424443739391,6.174338424938116e-05,12.99274822588379,0.025,0.0,-0.03,0.0,1.0,0.0,0.015
52,1.7332995166501426,52,0.04933312570256425,0.0,-0.02707526902617525,0.0029247309738247504,0.012075269026175249,24.150538052350498,0.00042041600317919417,7.903765746903844e-05,14.490322831410298,0.025,0.0,-0.03,0.0,1.0,0.0,0.015
52,1.7332995166501426,53,0.049340366119697714,0.0,-0.028323277765028868,0.0016767222349711314,0.013323277765028868,26.646555530057736,-0.0006040477001456486,7.449225567060572e-05,15.98793331803464,0.025,0.0,-0.03,0.0,1.0,0.0,0.015
52,1.7332995166501426,54,0.049344868822123904,0.0,-0.029571301054923425,0.0004286989450765742,0.014571301054923425,29.14260210984685,0.0005828189635945848,9.065212206428912e-05,17.48556126590811,0.025,0.0,-0.03,0.0,1.0,0.0,0.015
52,1.7332995166501426,55,0.049347527766564106,0.0,-0.030819332033439385,0.0008193320334393857,0.014180667966560614,28.36133593312123,0.000740766256822462,8.753794593708827e-05,17.016801559872736,0.025,0.0,-0.03,0.0,1.0,0.0,0.015
52,1.7332995166501426,56,0.04934923891782855,0.0,-0.03206736386280799,0.0020673638628079943,0.012932636137192005,25.86527227438401,-0.0006850032825476941,0.00010273925959146641,15.519163364630407,0.025,0.0,-0.03,0.0,1.0,0.0,0.015
52,1.7332995166501426,57,0.04935089932826797,0.0,-0.03331539692085187,0.003315396920851872,0.011684603079148127,23.369206158296254,0.0008019920212256783,9.957565002436769e-05,14.021523694977752,0.025,0.0,-0.03,0.0,1.0,0.0,0.015
52,1.7332995166501426,58,0.04935340605494226,0.0,-0.03456342525575948,0.004563425255759479,0.01043657474424052,20.87314948848104,-0.0007019074685288051,0.00011620924011106467,12.523889693088623,0.025,0.0,-0.03,0.0,1.0,0.0,0.015
52,1.7332995166501426,59,0.04935765528251443,0.0,-0.03581144883326048,0.005811448833260478,0.009188551166739521,18.37710233347904,0.0007754857511387393,0.00011017725776289874,11.026261400087424,0.025,0.0,-0.03,0.0,1.0,0.0,0.015
52,1.7332995166501426,60,0.04936454117950101,0.0,-0.037059454814814576,0.007059454814814577,0.007940545185185423,15.881090370370845,-0.0006369984384884921,0.0001308200374538434,9.528654222222507,0.025,0.0,-0.03,0.0,1.0,0.0,0.015
52,1.7332995166501426,61,0.04937495507598393,0.0,-0.03830743510101281,0.008307435101012811,0.006692564898987188,13.385129797974377,0.000681514196215874,0.00012092551388647665,8.031077878784625,0.025,0.0,-0.03,0.0,1.0,0.0,0.015
52,1.7332995166501426,62,0.04938978420139909,0.0,-0.03955536261195613,0.00955536261195613,0.00544463738804387,10.88927477608774,-0.0005255351075178303,0.00013450670097475337,6.533564865652644,0.025,0.0,-0.03,0.0,1.0,0.0,0.015
52,1.7332995166501426,63,0.049409910677658146,0.0,-0.04080321312334282,0.010803213123342821,0.004196786876657178,8.393573753314357,0.000567596192460411,0.000249149754928959,5.036144251988614,0.025,0.0,-0.03,0.0,1.0,0.0,0.015
52,1.7332995166501426,64,0.048884415338482444,0.0,-0.04193476833930808,0.01193476833930808,0.0030652316606919194,6.130463321383839,-0.00046146339240684986,7.652034082372962e-05,3.6782779928303033,0.025,0.0,-0.03,0.0,1.0,0.0,0.015
52,1.7332995166501426,65,0.04835374391103942,0.0,-0.04306390785750489,0.013063907857504893,0.0019360921424951064,3.8721842849902126,0.0005882356839544384,0.00041144479938604397,2.3233105709941273,0.025,0.0,-0.03,0.0,1.0,0.0,0.015
52,1.7332995166501426,66,0.04781790247829893,0.0,-0.04419059994948332,0.014190599949483323,0.000809400050516676,1.618800101033352,-0.0005568355375151727,0.0001245318601017486,0.9712800606200112,0.025,0.0,-0.03,0.0,1.0,0.0,0.015
53,1.7666321996626455,0,0.0,0.0,-0.018020026396194315,0.011979973603805684,0.0030200263961943155,6.040052792388631,0.0,0.0,3.6240316754331787,0.025,0.0,-0.03,0.0,1.0,0.0,0.015
53,1.7666321996626455,1,0.0011240049225262447,0.0,-0.017478753859353876,0.012521246140646123,0.0024787538593538765,4.9575077187077525,6.683025672173151e-05,0.00014102853351847345,2.9745046312246513,0.025,0.0,-0.03,0.0,1.0,0.0,0.015
53,1.7666321996626455,2,0.002252585505458614,0.0,-0.016947097610018693,0.013052902389981306,0.0019470976100186936,3.8941952200373873,-0.00013092795612322747,0.00028113737543589503,2.3365171320224323,0.025,0.0,-0.03,0.0,1.0,0.0,0.015
53,1.7666321996626455,3,0.0033856724302840863,0.0,-0.01642509339318248,0.013574906606817518,0.001425093393182482,2.8501867863649637,0.00019045479940558665,0.0004181735047315044,1.7101120718189782,0.025,0.0,-0.03,0.0,1.0,0.0,0.015
53,1.7666321996626455,4,0.004523159419395436,0.0,-0.015912777379969722,0.014087222620030277,0.0009127773799697224,1.8255547599394448,-0.0002443226211982657,0.0005482176022166542,1.0953328559636668,0.025,0.0,-0.03,0.0,1.0,0.0,0.015
53,1.7666321996626455,5,0.005664979630900896,0.0,-0.015410151536873775,0.014589848463126224,0.00041015153687377556,0.8203030737475512,0.000289928572363967,0.0006663648240295823,0.4921818442485307,0.025,0.0,-0.03,0.0,1.0,0.0,0.015
53,1.7666321996626455,42,0.045344599143508996,0.0,-0.015949706917008998,0.014050293082991001,0.0009497069170089981,1.899413834017996,5.2467815085354345e-05,9.146554631070156e-05,1.1396483004107976,0.025,0.0,-0.03,0.0,1.0,0.0,0.015
53,1.7666321996626455,43,0.04612204998051362,0.0,-0.016926107640498504,0.013073892359501495,0.0019261076404985047,3.8522152809970094,-0.00012438619906433615,4.663658048162377e-05,2.3113291685982054,0.025,0.0,-0.03,0.0,1.0,0.0,0.015
53,1.7666321996626455,44,0.04689822851334936,0.0,-0.017903519293143516,0.012096480706856483,0.0029035192931435166,5.8070385862870335,6.028079720612568e-05,0.00010571912364979012,3.48422315177222,0.025,0.0,-0.03,0.0,1.0,0.0,0.015
53,1.7666321996626455,45,0.04767392428604648,0.0,-0.018881316550251947,0.011118683449748052,0.0038813165502519474,7.762633100503895,-0.00013167509818874556,4.360789357742176e-05,4.657579860302337,0.025,0.0,-0.03,0.0,1.0,0.0,0.015
53,1.7666321996626455,46,0.04844992419804188,0.0,-0.01985887012863251,0.010141129871367487,0.004858870128632512,9.717740257265024,4.835696823623084e-05,0.00010052963278186082,5.830644154359015,0.025,0.0,-0.03,0.0,1.0,0.0,0.015
53,1.7666321996626455,47,0.04922351616752849,0.0,-0.02083774934266505,0.00916225065733495,0.005837749342665049,11.675498685330098,-0.0001251198279819908,3.1261088414549933e-06,7.005299211198058,0.025,0.0,-0.03,0.0,1.0,0.0,0.015
53,1.7666321996626455,48,0.049257522377964665,0.0,-0.022085290955155136,0.007914709044844863,0.007085290955155137,14.170581910310274,3.623327012377234e-05,4.745383369158209e-05,8.502349146186164,0.025,0.0,-0.03,0.0,1.0,0.0,0.015
53,1.7666321996626455,49,0.04928438737011148,0.0,-0.023333012391720018,0.006666987608279981,0.008333012391720018,16.666024783440037,-9.531320543231775e-05,4.569552101525837e-05,9.999614870064022,0.025,0.0,-0.03,0.0,1.0,0.0,0.015
53,1.7666321996626455,50,0.049304979331976743,0.0,-0.02458086061868717,0.0054191393813128284,0.009580860618687171,19.16172123737434,-2.9043107869461945e-05,5.295717367606072e-05,11.497032742424604,0.025,0.0,-0.03,0.0,1.0,0.0,0.015
53,1.7666321996626455,51,0.049320173691334256,0.0,-0.025828789132529544,0.004171210867470455,0.010828789132529545,21.65757826505909,1.937866027895766e-06,5.8396667187531115e-05,12.994546959035453,0.025,0.0,-0.03,0.0,1.0,0.0,0.015
53,1.7666321996626455,52,0.04933085225661919,0.0,-0.027076771052493863,0.002923228947506136,0.012076771052493863,24.15354210498773,-0.00015118664234907485,6.198836026212302e-05,14.492125262992637,0.025,0.0,-0.03,0.0,1.0,0.0,0.015
53,1.7666321996626455,53,0.04933790183816777,0.0,-0.028324779294583893,0.0016752207054161056,0.013324779294583894,26.64955858916779,0.0001367737622315233,7.001589480130259e-05,15.989735153500673,0.025,0.0,-0.03,0.0,1.0,0.0,0.015
53,1.7666321996626455,54,0.04934221345680273,0.0,-0.029572805176355504,0.00042719482364449515,0.014572805176355504,29.14561035271101,-0.0002856478799830355,7.202254018963386e-05,17.487366211626604,0.025,0.0,-0.03,0.0,1.0,0.0,0.015
53,1.7666321996626455,55,0.049344681078662044,0.0,-0.030820834574857892,0.0008208345748578934,0.014179165425142106,28.35833085028421,-0.00025822403667943633,8.094464820381143e-05,17.014998510170525,0.025,0.0,-0.03,0.0,1.0,0.0,0.015
53,1.7666321996626455,56,0.04934620080431264,0.0,-0.032068868859568805,0.0020688688595688065,0.012931131140431193,25.862262280862385,0.00038491317956161755,8.238009190579277e-05,15.51735736851743,0.025,0.0,-0.03,0.0,1.0,0.0,0.015
53,1.7666321996626455,57,0.04934766969943152,0.0,-0.03331690000072842,0.003316900000728422,0.011683099999271578,23.366199998543156,-0.0003302741594068862,9.205278421920542e-05,14.019719999125893,0.025,0.0,-0.03,0.0,1.0,0.0,0.015
53,1.7666321996626455,58,0.04934998495800337,0.0,-0.034564930971240866,0.004564930971240867,0.010435069028759132,20.870138057518265,0.00042946887421473523,9.219848435517034e-05,12.52208283451096,0.025,0.0,-0.03,0.0,1.0,0.0,0.015
53,1.7666321996626455,59,0.04935404277057822,0.0,-0.03581295312339586,0.005812953123395859,0.00918704687660414,18.37409375320828,-0.00035082920933892286,0.00010393532416670598,11.024456251924969,0.025,0.0,-0.03,0.0,1.0,0.0,0.015
53,1.7666321996626455,60,0.04936073745682532,0.0,-0.037060962133104204,0.007060962133104205,0.007939037866895794,15.878075733791588,0.00043243256789314116,0.00010120357990187341,9.526845440274952,0.025,0.0,-0.03,0.0,1.0,0.0,0.015
53,1.7666321996626455,61,0.049370960340436885,0.0,-0.03830894242325547,0.008308942423255472,0.006691057576744527,13.382115153489055,-0.0003435653768623493,0.0001157970676281004,8.029269092093433,0.025,0.0,-0.03,0.0,1.0,0.0,0.015
53,1.7666321996626455,62,0.04938559880681785,0.0,-0.03955687345196599,0.009556873451965993,0.005443126548034007,10.886253096068014,0.00042288963153473274,0.00011853740472512544,6.531751857640808,0.025,0.0,-0.03,0.0,1.0,0.0,0.015
53,1.7666321996626455,63,0.04940553498800409,0.0,-0.04080472640376151,0.010804726403761511,0.0041952735962384885,8.390547192476976,-0.0003392273361372056,3.5986403635938886e-05,5.034328315486186,0.025,0.0,-0.03,0.0,1.0,0.0,0.015
53,1.7666321996626455,64,0.0488798381563323,0.0,-0.04193618801751351,0.011936188017513512,0.0030638119824864876,6.127623964972975,0.0004527268168238577,0.0003116730283775571,3.676574378983785,0.025,0.0,-0.03,0.0,1.0,0.0,0.015
53,1.7666321996626455,65,0.04834896498261225,0.0,-0.043065233482965946,0.013065233482965947,0.001934766517034052,3.869533034068104,-0.000442095175434373,9.321665743944822e-05,2.3217198204408622,0.025,0.0,-0.03,0.0,1.0,0.0,0.015
53,1.7666321996626455,66,0.047812922948818955,0.0,-0.04419182847579801,0.014191828475798009,0.0008081715242019907,1.6163430484039814,0.0005872427965621693,0.0004032738467963586,0.9698058290423888,0.025,0.0,-0.03,0.0,1.0,0.0,0.015
54,1.7999648826751482,0,0.0,0.0,-0.018020026396194315,0.011979973603805684,0.0030200263961943155,6.040052792388631,0.0,0.0,3.6240316754331787,0.025,0.0,-0.03,0.0,1.0,0.0,0.015
54,1.7999648826751482,1,0.0011240046362253192,0.0,-0.01747875396385406,0.01252124603614594,0.0024787539638540593,4.957507927708119,-0.0001079770423670375,0.00022952693676268324,2.9745047566248712,0.025,0.0,-0.03,0.0,1.0,0.0,0.015
54,1.7999648826751482,2,0.002252586289480757,0.0,-0.01694709786531027,0.01305290213468973,0.0019470978653102697,3.8941957306205395,0.00020952154655473124,0.00045322134192895354,2.3365174383723235,0.025,0.0,-0.03,0.0,1.0,0.0,0.015
54,1.7999648826751482,3,0.0033856723702589,0.0,-0.016425095348507633,0.013574904651492366,0.0014250953485076337,2.8501906970152673,-0.0003011460388710459,0.0006640804243111372,1.7101144182091603,0.025,0.0,-0.03,0.0,1.0,0.0,0.015
54,1.7999648826751482,4,0.004523161947194832,0.0,-0.01591278017473261,0.014087219825267387,0.0009127801747326122,1.8255603494652246,0.00037966055929986676,0.0008554139756753608,1.0953362096791348,0.025,0.0,-0.03,0.0,1.0,0.0,0.015
54,1.7999648826751482,5,0.005664980853178204,0.0,-0.015410157567478433,0.014589842432521566,0.00041015756747843357,0.8203151349568671,-0.0004434123001239213,0.0010204105718465326,0.4921890809741203,0.025,0.0,-0.03,0.0,1.0,0.0,0.015
54,1.7999648826751482,42,0.04534385340308549,0.0,-0.01595066935363487,0.01404933064636513,0.0009506693536348691,1.9013387072697383,-0.0002971962509849162,0.00019756055343400216,1.140803224361843,0.025,0.0,-0.03,0.0,1.0,0.0,0.015
54,1.7999648826751482,43,0.046121225869918375,0.0,-0.01692713289333211,0.013072867106667888,0.0019271328933321112,3.8542657866642225,0.00024101822298407913,0.0002396248089773719,2.3125594719985334,0.025,0.0,-0.03,0.0,1.0,0.0,0.015
54,1.7999648826751482,44,0.04689732561662518,0.0,-0.01790460701385095,0.012095392986149048,0.0029046070138509517,5.809214027701904,-0.0002886165798663721,0.00018225286112452,3.485528416621142,0.025,0.0,-0.03,0.0,1.0,0.0,0.015
54,1.7999648826751482,45,0.04767294261767638,0.0,-0.018882466837004227,0.011117533162995772,0.0038824668370042274,7.7649336740084545,0.00020452304968026627,0.00021622805211853646,4.658960204405073,0.025,0.0,-0.03,0.0,1.0,0.0,0.015
54,1.7999648826751482,46,0.04844886383850574,0.0,-0.019860083078466397,0.010139916921533602,0.004860083078466398,9.720166156932795,-0.00024047823947976045,0.00012778445818712464,5.832099694159677,0.025,0.0,-0.03,0.0,1.0,0.0,0.015
54,1.7999648826751482,47,0.04922237664122566,0.0,-0.020839024635232406,0.009160975364767593,0.0058390246352324066,11.678049270464813,0.00016118144973022765,0.00010992034760982515,7.006829562278887,0.025,0.0,-0.03,0.0,1.0,0.0,0.015
54,1.7999648826751482,48,0.04925622114631765,0.0,-0.02208657095545972,0.007913429044540277,0.007086570955459722,14.173141910919444,-0.00023577287099244996,2.3216205402797956e-05,8.503885146551665,0.025,0.0,-0.03,0.0,1.0,0.0,0.015
54,1.7999648826751482,49,0.04928292380639845,0.0,-0.023334295578488196,0.006665704421511803,0.008334295578488197,16.668591156976394,0.000153083568171834,4.583613569470497e-05,10.001154694185836,0.025,0.0,-0.03,0.0,1.0,0.0,0.015
54,1.7999648826751482,50,0.049303352955825115,0.0,-0.0245821469086291,0.005417853091370897,0.009582146908629102,19.164293817258205,-0.00019898288730658907,4.1979000914366875e-05,11.498576290354922,0.025,0.0,-0.03,0.0,1.0,0.0,0.015
54,1.7999648826751482,51,0.049318384048437205,0.0,-0.02583007707083514,0.004169922929164859,0.01083007707083514,21.66015414167028,8.859537898514787e-05,5.163472031458628e-05,12.996092485002167,0.025,0.0,-0.03,0.0,1.0,0.0,0.015
54,1.7999648826751482,52,0.04932889898784858,0.0,-0.027078060762597292,0.002921939237402707,0.012078060762597292,24.156121525194585,-0.00010925847405666262,5.3365899808562704e-05,14.49367291511675,0.025,0.0,-0.03,0.0,1.0,0.0,0.015
54,1.7999648826751482,53,0.04933578462871152,0.0,-0.02832606969823304,0.0016739303017669592,0.01332606969823304,26.65213939646608,-2.3327187874760473e-05,5.89531394246664e-05,15.991283637879647,0.025,0.0,-0.03,0.0,1.0,0.0,0.015
54,1.7999648826751482,54,0.0493399320695712,0.0,-0.029574096386839558,0.00042590361316044087,0.014574096386839559,29.148192773679117,1.9809959802694797e-05,6.379052238063264e-05,17.488915664207468,0.025,0.0,-0.03,0.0,1.0,0.0,0.015
54,1.7999648826751482,55,0.04934223533328638,0.0,-0.030822125991669825,0.0008221259916698261,0.014177874008330173,28.355748016660346,0.00016391865450275536,6.711868157079122e-05,17.013448809996206,0.025,0.0,-0.03,0.0,1.0,0.0,0.015
54,1.7999648826751482,56,0.04934359058712914,0.0,-0.03207016067826346,0.0020701606782634607,0.012929839321736539,25.859678643473078,-0.00016545549855310937,7.374627719456466e-05,15.515807186083846,0.025,0.0,-0.03,0.0,1.0,0.0,0.015
54,1.7999648826751482,57,0.04934489495892394,0.0,-0.03331819180310711,0.0033181918031071136,0.011681808196892886,23.363616393785772,0.0003083803443240101,7.53233649383135e-05,14.018169836271463,0.025,0.0,-0.03,0.0,1.0,0.0,0.015
54,1.7999648826751482,58,0.04934704570898432,0.0,-0.03456622354687623,0.004566223546876233,0.010433776453123766,20.867552906247532,-0.0003031267842637847,8.419942715112954e-05,12.520531743748519,0.025,0.0,-0.03,0.0,1.0,0.0,0.015
54,1.7999648826751482,59,0.04935093908313982,0.0,-0.03581424555724435,0.0058142455572443505,0.009185754442755649,18.371508885511297,0.0004352325182313059,8.253823719191199e-05,11.022905331306777,0.025,0.0,-0.03,0.0,1.0,0.0,0.015
54,1.7999648826751482,60,0.049357469486866305,0.0,-0.03706225657951441,0.0070622565795144115,0.007937743420485588,15.875486840971176,-0.00041689332415946836,9.596558374018279e-05,9.525292104582705,0.025,0.0,-0.03,0.0,1.0,0.0,0.015
54,1.7999648826751482,61,0.04936752826663674,0.0,-0.038310236708015206,0.008310236708015208,0.006689763291984792,13.379526583969584,0.0005359332481602354,8.933928333242459e-05,8.02771595038175,0.025,0.0,-0.03,0.0,1.0,0.0,0.015
54,1.7999648826751482,62,0.049382002916284494,0.0,-0.03955817172330554,0.009558171723305538,0.005441828276694462,10.883656553388924,-0.0005058020674546425,9.520673992312025e-05,6.530193932033354,0.025,0.0,-0.03,0.0,1.0,0.0,0.015
54,1.7999648826751482,63,0.04940177597328167,0.0,-0.040806024813202016,0.010806024813202017,0.004193975186797982,8.387950373595965,0.0006175831949944375,0.0002398643080289515,5.032770224157579,0.025,0.0,-0.03,0.0,1.0,0.0,0.015
54,1.7999648826751482,64,0.048875904878791884,0.0,-0.041937408980802324,0.011937408980802325,0.0030625910191976746,6.12518203839535,-0.0006218753761459294,0.00018443193099072614,3.6751092230372095,0.025,0.0,-0.03,0.0,1.0,0.0,0.015
54,1.7999648826751482,65,0.04834486034566691,0.0,-0.04306636943080839,0.01306636943080839,0.0019336305691916092,3.8672611383832183,0.0007958666407646688,0.00047476386241649895,2.3203566830299307,0.025,0.0,-0.03,0.0,1.0,0.0,0.015
54,1.7999648826751482,66,0.04780864342802867,0.0,-0.044192886336070845,0.014192886336070847,0.0008071136639291529,1.614227327858306,-0.0008376599855691209,0.000296422276187958,0.9685363967149835,0.025,0.0,-0.03,0.0,1.0,0.0,0.015
55,1.833297565687651,0,0.0,0.0,-0.018020026396194315,0.011979973603805684,0.0030200263961943155,6.040052792388631,0.0,0.0,3.6240316754331787,0.025,0.0,-0.03,0.0,1.0,0.0,0.015
55,1.833297565687651,1,0.0011240045412847783,0.0,-0.017478753985758502,0.012521246014241497,0.002478753985758503,4.957507971517005,0.00010097238693678835,0.00021367342617206026,2.974504782910203,0.025,0.0,-0.03,0.0,1.0,0.0,0.015
55,1.833297565687651,2,0.002252586652625174,0.0,-0.01694709822206058,0.01305290177793942,0.0019470982220605795,3.894196444121159,-0.0001941392224875624,0.0004179579156222034,2.336517866472695,0.025,0.0,-0.03,0.0,1.0,0.0,0.015
55,1.833297565687651,3,0.0033856728024520538,0.0,-0.016425096815119777,0.013574903184880222,0.001425096815119778,2.8501936302395556,0.0002742161276612242,0.0006028375974552274,1.7101161781437333,0.025,0.0,-0.03,0.0,1.0,0.0,0.015
55,1.833297565687651,4,0.00452316344259625,0.0,-0.01591278287083014,0.014087217129169858,0.0009127828708301415,1.825565741660283,-0.00033779728287315836,0.0007586111470911962,1.0953394449961698,0.025,0.0,-0.03,0.0,1.0,0.0,0.015
55,1.833297565687651,5,0.00566498279282846,0.0,-0.015410162366489384,0.014589837633510615,0.00041016236648938435,0.8203247329787687,0.0003817767915037413,0.0008772542076811583,0.4921948397872612,0.025,0.0,-0.03,0.0,1.0,0.0,0.015
55,1.833297565687651,42,0.04534321329179323,0.0,-0.015951496917392102,0.014048503082607897,0.0009514969173921028,1.9029938347842057,0.0003444235977208543,0.0003142453509289422,1.1417963008705234,0.025,0.0,-0.03,0.0,1.0,0.0,0.015
55,1.833297565687651,43,0.04612051741634215,0.0,-0.016928013163706766,0.013071986836293233,0.0019280131637067661,3.8560263274135322,-0.00033288699266210953,0.00022830704030258944,2.3136157964481194,0.025,0.0,-0.03,0.0,1.0,0.0,0.015
55,1.833297565687651,44,0.046896550032529065,0.0,-0.017905541646139052,0.012094458353860946,0.002905541646139053,5.811083292278106,0.00021500808168481008,0.00021492090759750234,3.486649975366863,0.025,0.0,-0.03,0.0,1.0,0.0,0.015
55,1.833297565687651,45,0.04767209925283508,0.0,-0.018883455092035397,0.011116544907964602,0.0038834550920353976,7.766910184070795,-0.00019502215563196732,0.00011124189938290535,4.660146110442477,0.025,0.0,-0.03,0.0,1.0,0.0,0.015
55,1.833297565687651,46,0.04844795255131733,0.0,-0.01986112470927528,0.010138875290724717,0.004861124709275282,9.722249418550565,6.0656194001362965e-05,9.952177118002961e-05,5.833349651130338,0.025,0.0,-0.03,0.0,1.0,0.0,0.015
55,1.833297565687651,47,0.049221397786110684,0.0,-0.020840120988002885,0.009159879011997114,0.005840120988002885,11.680241976005771,-3.0975958473278854e-05,3.973379072838313e-06,7.008145185603462,0.025,0.0,-0.03,0.0,1.0,0.0,0.015
55,1.833297565687651,48,0.04925510310938126,0.0,-0.022087669234471752,0.007912330765528247,0.007087669234471752,14.175338468943504,-0.0001286511954170222,3.068139370927951e-05,8.505203081366103,0.025,0.0,-0.03,0.0,1.0,0.0,0.015
55,1.833297565687651,49,0.04928166640576042,0.0,-0.023335399609543197,0.006664600390456802,0.008335399609543197,16.670799219086394,0.00016589155213326206,3.9115484585310336e-05,10.002479531451836,0.025,0.0,-0.03,0.0,1.0,0.0,0.015
55,1.833297565687651,50,0.0493019555969204,0.0,-0.024583249826376084,0.005416750173623915,0.009583249826376084,19.16649965275217,-0.0003226636356416495,3.352016777198339e-05,11.4998997916513,0.025,0.0,-0.03,0.0,1.0,0.0,0.015
55,1.833297565687651,51,0.04931684649537004,0.0,-0.025831185662988598,0.004168814337011401,0.010831185662988598,21.662371325977198,0.0003509427245638512,4.828226297412192e-05,12.997422795586319,0.025,0.0,-0.03,0.0,1.0,0.0,0.015
55,1.833297565687651,52,0.04932722079848491,0.0,-0.02707916628765848,0.0029208337123415203,0.01207916628765848,24.158332575316958,-0.0004933940672696718,4.128114712340394e-05,14.494999545190174,0.025,0.0,-0.03,0.0,1.0,0.0,0.015
55,1.833297565687651,53,0.04933396564258285,0.0,-0.028327180481123024,0.0016728195188769751,0.013327180481123024,26.65436096224605,0.0005012770036529091,5.538875648937445e-05,15.99261657734763,0.025,0.0,-0.03,0.0,1.0,0.0,0.015
55,1.833297565687651,54,0.0493379719963709,0.0,-0.02957520320214196,0.00042479679785803817,0.014575203202141961,29.150406404283924,-0.0006189368804125774,5.0120140281280354e-05,17.490243842570354,0.025,0.0,-0.03,0.0,1.0,0.0,0.015
55,1.833297565687651,55,0.049340134085418326,0.0,-0.030823237493175563,0.0008232374931755639,0.014176762506824436,28.35352501364887,-0.0005993128639781215,6.233412898910771e-05,17.012115008189323,0.025,0.0,-0.03,0.0,1.0,0.0,0.015
55,1.833297565687651,56,0.04934134801283052,0.0,-0.03207126811533108,0.002071268115331079,0.01292873188466892,25.85746376933784,0.0006894956609656286,5.8420410699460565e-05,15.514478261602704,0.025,0.0,-0.03,0.0,1.0,0.0,0.015
55,1.833297565687651,57,0.04934251106184873,0.0,-0.033319303509429,0.0033193035094290016,0.011680696490570998,23.361392981141996,-0.0006445636609580483,7.041180045195877e-05,14.016835788685198,0.025,0.0,-0.03,0.0,1.0,0.0,0.015
55,1.833297565687651,58,0.04934452045271022,0.0,-0.03456733160763462,0.004567331607634624,0.010432668392365375,20.86533678473075,0.0007131998110159111,6.523581761952183e-05,12.51920207083845,0.025,0.0,-0.03,0.0,1.0,0.0,0.015
55,1.833297565687651,59,0.04934827258606866,0.0,-0.03581535786539031,0.005815357865390308,0.009184642134609691,18.36928426921938,-0.0006507542181491405,8.015371560748217e-05,11.021570561531629,0.025,0.0,-0.03,0.0,1.0,0.0,0.015
55,1.833297565687651,60,0.04935466180715521,0.0,-0.03706336602580192,0.007063366025801925,0.007936633974198075,15.87326794839615,0.0007053446818991362,7.045863478887393e-05,9.52396076903769,0.025,0.0,-0.03,0.0,1.0,0.0,0.015
55,1.833297565687651,61,0.04936457965673072,0.0,-0.03831135081845105,0.008311350818451052,0.006688649181548947,13.377298363097895,-0.0006306724254531764,9.009018147908936e-05,8.026379017858737,0.025,0.0,-0.03,0.0,1.0,0.0,0.015
55,1.833297565687651,62,0.049378913548526304,0.0,-0.03955928416748996,0.00955928416748996,0.005440715832510039,10.881431665020077,0.0006737693774219763,8.881034133809571e-05,6.528858999012046,0.025,0.0,-0.03,0.0,1.0,0.0,0.015
55,1.833297565687651,63,0.04939854584160902,0.0,-0.040807142641013115,0.010807142641013116,0.004192857358986883,8.385714717973766,-0.0005886250418884368,4.470893934617886e-05,5.031428830784259,0.025,0.0,-0.03,0.0,1.0,0.0,0.015
55,1.833297565687651,64,0.04887252694335629,0.0,-0.041938454680318454,0.011938454680318455,0.003061545319681544,6.123090639363088,0.0006623163284273809,0.00037508214116283923,3.6738543836178525,0.025,0.0,-0.03,0.0,1.0,0.0,0.015
55,1.833297565687651,65,0.04834133240552515,0.0,-0.043067348137137564,0.013067348137137565,0.0019326518628624348,3.8653037257248695,-0.0006572452662147683,0.00022465092579994207,2.3191822354349214,0.025,0.0,-0.03,0.0,1.0,0.0,0.015
55,1.833297565687651,66,0.04780496836225145,0.0,-0.04419379138244046,0.014193791382440459,0.0008062086175595409,1.6124172351190817,0.0007554123412505632,0.0004518220981539774,0.967450341071449,0.025,0.0,-0.03,0.0,1.0,0.0,0.015
56,1.8666302487001536,0,0.0,0.0,-0.018020026396194315,0.011979973603805684,0.0030200263961943155,6.040052792388631,0.0,0.0,3.6240316754331787,0.025,0.0,-0.03,0.0,1.0,0.0,0.015
56,1.8666302487001536,1,0.001124004641035747,0.0,-0.017478753915624798,0.012521246084375201,0.0024787539156247984,4.957507831249597,-9.789526935608978e-05,0.00020817165739722533,2.974504698749758,0.025,0.0,-0.03,0.0,1.0,0.0,0.015
56,1.8666302487001536,2,0.002252586606675155,0.0,-0.016947098700980275,0.013052901299019724,0.001947098700980275,3.8941974019605503,0.0001889410060862513,0.0004088649222697427,2.33651844117633,0.025,0.0,-0.03,0.0,1.0,0.0,0.015
56,1.8666302487001536,3,0.0033856736981866245,0.0,-0.016425097830718802,0.013574902169281197,0.001425097830718803,2.850195661437606,-0.0002691786012037095,0.0005938186550740275,1.7101173968625634,0.025,0.0,-0.03,0.0,1.0,0.0,0.015
56,1.8666302487001536,4,0.004523164055795722,0.0,-0.01591278549074293,0.014087214509257068,0.0009127854907429317,1.8255709814858634,0.00033527452188121195,0.0007556209153347271,1.095342588891518,0.025,0.0,-0.03,0.0,1.0,0.0,0.015
56,1.8666302487001536,5,0.005664985248988651,0.0,-0.015410166142374893,0.014589833857625106,0.00041016614237489313,0.8203322847497863,-0.0003855690252046647,0.0008876253610468668,0.49219937084987175,0.025,0.0,-0.03,0.0,1.0,0.0,0.015
56,1.8666302487001536,42,0.04534266264321431,0.0,-0.015952207006354795,0.014047792993645204,0.0009522070063547952,1.9044140127095903,-0.0003597235401485252,0.00025898513356522717,1.1426484076257541,0.025,0.0,-0.03,0.0,1.0,0.0,0.015
56,1.8666302487001536,43,0.04611990925356731,0.0,-0.01692877002793263,0.013071229972067368,0.0019287700279326317,3.8575400558652633,0.00027384796129355666,0.0002539689916223871,2.3145240335191577,0.025,0.0,-0.03,0.0,1.0,0.0,0.015
56,1.8666302487001536,44,0.046895883363582545,0.0,-0.0179063441729727,0.012093655827027299,0.0029063441729727003,5.812688345945401,-0.0002582034455778262,0.0001707997906110495,3.4876130075672402,0.025,0.0,-0.03,0.0,1.0,0.0,0.015
56,1.8666302487001536,45,0.04767137474366371,0.0,-0.018884304173597585,0.011115695826402414,0.003884304173597586,7.768608347195172,0.00014186332884732016,0.0001530380044813148,4.661165008317103,0.025,0.0,-0.03,0.0,1.0,0.0,0.015
56,1.8666302487001536,46,0.04844716974029113,0.0,-0.01986201976491224,0.01013798023508776,0.00486201976491224,9.72403952982448,-0.0001106485233592334,4.9599363608787845e-05,5.834423717894688,0.025,0.0,-0.03,0.0,1.0,0.0,0.015
56,1.8666302487001536,47,0.049220556639735284,0.0,-0.020841062137863516,0.009158937862136483,0.005841062137863517,11.682124275727034,-3.6424004991547156e-05,4.439496406487146e-05,7.00927456543622,0.025,0.0,-0.03,0.0,1.0,0.0,0.015
56,1.8666302487001536,48,0.04925414258592494,0.0,-0.022088613987516287,0.007911386012483711,0.007088613987516288,14.177227975032576,9.197391846835924e-05,2.749533854537231e-05,8.506336785019545,0.025,0.0,-0.03,0.0,1.0,0.0,0.015
56,1.8666302487001536,49,0.04928058605801386,0.0,-0.023336346257985453,0.006663653742014546,0.008336346257985454,16.67269251597091,-0.00024922709793897326,2.531968468547352e-05,10.003615509582545,0.025,0.0,-0.03,0.0,1.0,0.0,0.015
56,1.8666302487001536,50,0.04930075509200107,0.0,-0.024584199441721764,0.0054158005582782345,0.009584199441721765,19.16839888344353,0.00029425687808450567,3.910916634216162e-05,11.501039330066117,0.025,0.0,-0.03,0.0,1.0,0.0,0.015
56,1.8666302487001536,51,0.04931552546887943,0.0,-0.025832135505850614,0.004167864494149385,0.010832135505850615,21.664271011701228,-0.0004355217638064864,3.083475986442666e-05,12.998562607020736,0.025,0.0,-0.03,0.0,1.0,0.0,0.015
56,1.8666302487001536,52,0.04932577901533137,0.0,-0.027080118604054328,0.0029198813959456713,0.012080118604054328,24.160237208108658,0.000460980497612199,4.5536004239725886e-05,14.496142324865193,0.025,0.0,-0.03,0.0,1.0,0.0,0.015
56,1.8666302487001536,53,0.04933240284276817,0.0,-0.028328131892593696,0.0016718681074063026,0.013328131892593697,26.656263785187395,-0.0005819106969859322,3.8521483141917294e-05,15.993758271112437,0.025,0.0,-0.03,0.0,1.0,0.0,0.015
56,1.8666302487001536,54,0.049336288029323924,0.0,-0.029576156726588917,0.0004238432734110821,0.014576156726588917,29.152313453177836,0.0005872787203353757,5.111329386650529e-05,17.4913880719067,0.025,0.0,-0.03,0.0,1.0,0.0,0.015
56,1.8666302487001536,55,0.049338328796962753,0.0,-0.030824189486261023,0.000824189486261024,0.014175810513738975,28.35162102747795,0.0006893170543434164,4.617590667032579e-05,17.010972616486768,0.025,0.0,-0.03,0.0,1.0,0.0,0.015
56,1.8666302487001536,56,0.049339421337845524,0.0,-0.032072222096555816,0.0020722220965558175,0.012927777903444182,25.855555806888365,-0.0006766193204072938,5.749273519731971e-05,15.513333484133017,0.025,0.0,-0.03,0.0,1.0,0.0,0.015
56,1.8666302487001536,57,0.04934046294434587,0.0,-0.033320255719528714,0.0033202557195287155,0.011679744280471284,23.35948856094257,0.0007608323502784654,5.249644625862474e-05,14.015693136565542,0.025,0.0,-0.03,0.0,1.0,0.0,0.015
56,1.8666302487001536,58,0.04934235092246241,0.0,-0.03456828605111927,0.004568286051119273,0.010431713948880726,20.86342789776145,-0.0007296114812679621,6.559972915218456e-05,12.51805673865687,0.025,0.0,-0.03,0.0,1.0,0.0,0.015
56,1.8666302487001536,59,0.04934598167352851,0.0,-0.035816310582773854,0.005816310582773855,0.009183689417226144,18.36737883445229,0.0007940600187229243,5.68946900385019e-05,11.020427300671374,0.025,0.0,-0.03,0.0,1.0,0.0,0.015
56,1.8666302487001536,60,0.04935224965178976,0.0,-0.0370643216417445,0.007064321641744503,0.007935678358255496,15.871356716510993,-0.0007415598458560901,7.552784533254674e-05,9.522814029906595,0.025,0.0,-0.03,0.0,1.0,0.0,0.015
56,1.8666302487001536,61,0.049362046362686075,0.0,-0.038312305056877355,0.008312305056877356,0.0066876949431226435,13.375389886245287,0.0007837518677949096,6.105510431895836e-05,8.025233931747172,0.025,0.0,-0.03,0.0,1.0,0.0,0.015
56,1.8666302487001536,62,0.04937625935517269,0.0,-0.0395602422862581,0.009560242286258104,0.005439757713741895,10.87951542748379,-0.0007085457790343112,7.043779163047708e-05,6.527709256490274,0.025,0.0,-0.03,0.0,1.0,0.0,0.015
56,1.8666302487001536,63,0.049395771268940326,0.0,-0.0408081001852381,0.010808100185238104,0.004191899814761896,8.383799629523791,0.0007310723258886538,0.00022924100613443978,5.0302797777142745,0.025,0.0,-0.03,0.0,1.0,0.0,0.015
56,1.8666302487001536,64,0.04886962370499141,0.0,-0.041939355343520064,0.011939355343520065,0.003060644656479934,6.121289312959869,-0.0006886680350465598,0.00023629695057714233,3.672773587775921,0.025,0.0,-0.03,0.0,1.0,0.0,0.015
56,1.8666302487001536,65,0.04833830269812078,0.0,-0.04306818601108953,0.013068186011089535,0.001931813988910465,3.8636279778209297,0.0007876821106747432,0.00044468438868333046,2.3181767866925576,0.025,0.0,-0.03,0.0,1.0,0.0,0.015
56,1.8666302487001536,66,0.047801809727952185,0.0,-0.04419457129225323,0.014194571292253232,0.0008054287077467678,1.6108574154935358,-0.0007856279105726411,0.0002990197694146231,0.9665144492961214,0.025,0.0,-0.03,0.0,1.0,0.0,0.015
57,1.8999629317126563,0,0.0,0.0,-0.018020026396194315,0.011979973603805684,0.0030200263961943155,6.040052792388631,0.0,0.0,3.6240316754331787,0.025,0.0,-0.03,0.0,1.0,0.0,0.015
57,1.8999629317126563,1,0.0011240042958367757,0.0,-0.01747875406155629,0.012521245938443708,0.002478754061556291,4.957508123112582,6.364525538498144e-05,0.0001347018401083585,2.974504873867549,0.025,0.0,-0.03,0.0,1.0,0.0,0.015
57,1.8999629317126563,2,0.002252587442008181,0.0,-0.016947098701403995,0.013052901298596004,0.0019470987014039952,3.89419740280799,-0.0001246337127063656,0.00026840203432148,2.336518441684794,0.025,0.0,-0.03,0.0,1.0,0.0,0.015
57,1.8999629317126563,3,0.003385673128830373,0.0,-0.016425099316558566,0.013574900683441433,0.0014250993165585667,2.850198633117133,0.00018135980499596016,0.00039890237967076675,1.71011917987028,0.025,0.0,-0.03,0.0,1.0,0.0,0.015
57,1.8999629317126563,4,0.0045231664020447555,0.0,-0.015912786928785852,0.014087213071214147,0.0009127869287858525,1.825573857571705,-0.0002325897377751227,0.0005226565456705609,1.095344314543023,0.025,0.0,-0.03,0.0,1.0,0.0,0.015
57,1.8999629317126563,5,0.005664985056268058,0.0,-0.015410170390310713,0.014589829609689286,0.00041017039031071394,0.8203407806214279,0.00027622378991120483,0.0006351895375032565,0.4922044683728567,0.025,0.0,-0.03,0.0,1.0,0.0,0.015
57,1.8999629317126563,42,0.04534218989188844,0.0,-0.015952817458386368,0.01404718254161363,0.0009528174583863687,1.9056349167727373,0.00018020747665944864,0.0001720934112601278,1.1433809500636423,0.025,0.0,-0.03,0.0,1.0,0.0,0.015
57,1.8999629317126563,43,0.04611938631803308,0.0,-0.016929419700203816,0.013070580299796183,0.0019294197002038167,3.8588394004076334,-0.00021434963751207705,0.00014321066014115203,2.31530364024458,0.025,0.0,-0.03,0.0,1.0,0.0,0.015
57,1.8999629317126563,44,0.046895311053614545,0.0,-0.01790703418640804,0.012092965813591958,0.002907034186408041,5.814068372816082,0.00016512309496518978,0.000163686111397463,3.488441023689649,0.025,0.0,-0.03,0.0,1.0,0.0,0.015
57,1.8999629317126563,45,0.04767075182235848,0.0,-0.018885033029047073,0.011114966970952926,0.0038850330290470733,7.770066058094146,-0.00018177421650203876,0.00011178744377926241,4.662039634856487,0.025,0.0,-0.03,0.0,1.0,0.0,0.015
57,1.8999629317126563,46,0.04844649757053448,0.0,-0.019862789200457188,0.010137210799542811,0.004862789200457188,9.725578400914376,0.00010897512062824691,0.00011889642667504628,5.835347040548625,0.025,0.0,-0.03,0.0,1.0,0.0,0.015
57,1.8999629317126563,47,0.04921983376969831,0.0,-0.02084187016145973,0.00915812983854027,0.00584187016145973,11.68374032291946,-0.00012627222925966423,2.6835510529097353e-05,7.010244193751676,0.025,0.0,-0.03,0.0,1.0,0.0,0.015
57,1.8999629317126563,48,0.04925331737857579,0.0,-0.022089426094813795,0.007910573905186204,0.007089426094813795,14.178852189627591,5.711299025188131e-05,2.965996801848045e-05,8.507311313776555,0.025,0.0,-0.03,0.0,1.0,0.0,0.015
57,1.8999629317126563,49,0.04927965786643024,0.0,-0.023337158997106665,0.006662841002893334,0.008337158997106665,16.674317994213332,-6.832288559211185e-05,2.4204922827325465e-05,10.004590796528,0.025,0.0,-0.03,0.0,1.0,0.0,0.015
57,1.8999629317126563,50,0.04929972369022012,0.0,-0.02458501565305365,0.005414984346946348,0.009585015653053652,19.170031306107305,-1.8726604253102253e-05,2.8867727598654236e-05,11.502018783664383,0.025,0.0,-0.03,0.0,1.0,0.0,0.015
57,1.8999629317126563,51,0.04931439051087111,0.0,-0.025832951052111808,0.004167048947888191,0.010832951052111808,21.665902104223616,2.1289308763018678e-05,3.2066460490563034e-05,12.99954126253417,0.025,0.0,-0.03,0.0,1.0,0.0,0.015
57,1.8999629317126563,52,0.04932454032303026,0.0,-0.02708093701792588,0.00291906298207412,0.01208093701792588,24.16187403585176,-0.00011856967460162189,3.341188463909071e-05,14.497124421511055,0.025,0.0,-0.03,0.0,1.0,0.0,0.015
57,1.8999629317126563,53,0.049331060175037376,0.0,-0.02832894888459277,0.0016710511154072287,0.01332894888459277,26.657897769185542,0.00012701766161740758,3.8553886040135476e-05,15.994738661511324,0.025,0.0,-0.03,0.0,1.0,0.0,0.015
57,1.8999629317126563,54,0.04933484127027382,0.0,-0.029576976018852976,0.0004230239811470228,0.014576976018852977,29.153952037705952,-0.0002268343982394102,3.880704702169664e-05,17.49237122262357,0.025,0.0,-0.03,0.0,1.0,0.0,0.015
57,1.8999629317126563,55,0.04933677780378359,0.0,-0.030825007134974703,0.0008250071349747042,0.014174992865025295,28.34998573005059,-0.00023545107397482395,4.458846314661519e-05,17.009991438030355,0.025,0.0,-0.03,0.0,1.0,0.0,0.015
57,1.8999629317126563,56,0.04933776606255364,0.0,-0.032073041538446576,0.0020730415384465767,0.012926958461553423,25.853916923106844,0.0003346772156960487,4.426745475556171e-05,15.512350153864105,0.025,0.0,-0.03,0.0,1.0,0.0,0.015
57,1.8999629317126563,57,0.0493387033333837,0.0,-0.0333210738184993,0.003321073818499304,0.011678926181500696,23.357852363001392,-0.0003428970511937392,5.103515115663963e-05,14.014711417800834,0.025,0.0,-0.03,0.0,1.0,0.0,0.015
57,1.8999629317126563,58,0.04934048700318452,0.0,-0.034569105525279524,0.004569105525279525,0.010430894474720474,20.86178894944095,0.00044219958098087707,4.8859580822878916e-05,12.517073369664569,0.025,0.0,-0.03,0.0,1.0,0.0,0.015
57,1.8999629317126563,59,0.049344013476564606,0.0,-0.035817129503186794,0.005817129503186795,0.009182870496813204,18.36574099362641,-0.000450085319876299,5.8806218913890635e-05,11.019444596175846,0.025,0.0,-0.03,0.0,1.0,0.0,0.015
57,1.8999629317126563,60,0.049350177281791106,0.0,-0.037065141657252464,0.007065141657252465,0.007934858342747535,15.869716685495069,0.000547049842246285,5.1799384497999855e-05,9.521830011297041,0.025,0.0,-0.03,0.0,1.0,0.0,0.015
57,1.8999629317126563,61,0.049359869940225634,0.0,-0.03831312572797563,0.008313125727975629,0.006686874272024371,13.373748544048741,-0.0005483481915573564,6.723397170643772e-05,8.024249126429245,0.025,0.0,-0.03,0.0,1.0,0.0,0.015
57,1.8999629317126563,62,0.049373979059685574,0.0,-0.03956106399001709,0.00956106399001709,0.005438936009982909,10.877872019965817,0.000633044357890298,6.804065401228533e-05,6.5267232119794905,0.025,0.0,-0.03,0.0,1.0,0.0,0.015
57,1.8999629317126563,63,0.049393387203749334,0.0,-0.04080892406773438,0.010808924067734378,0.004191075932265621,8.382151864531243,-0.0006172199821884113,8.042691895291809e-05,5.029291118718746,0.025,0.0,-0.03,0.0,1.0,0.0,0.015
57,1.8999629317126563,64,0.048867130196949715,0.0,-0.041940127266285404,0.011940127266285405,0.0030598727337145942,6.119745467429189,0.0007203893076853556,0.0003820386730038102,3.671847280457513,0.025,0.0,-0.03,0.0,1.0,0.0,0.015
57,1.8999629317126563,65,0.04833569889536736,0.0,-0.04306890752824044,0.013068907528240442,0.0019310924717595573,3.8621849435191145,-0.000764875895275325,0.0002983175981944495,2.3173109661114686,0.025,0.0,-0.03,0.0,1.0,0.0,0.015
57,1.8999629317126563,66,0.0477990970563226,0.0,-0.0441952390294722,0.0141952390294722,0.0008047609705277986,1.6095219410555972,0.0008723702654095492,0.00048459157606862394,0.9657131646333583,0.025,0.0,-0.03,0.0,1.0,0.0,0.015
58,1.9332956147251592,0,0.0,0.0,-0.018020026396194315,0.011979973603805684,0.0030200263961943155,6.040052792388631,0.0,0.0,3.6240316754331787,0.025,0.0,-0.03,0.0,1.0,0.0,0.015
58,1.9332956147251592,1,0.0011240050369027243,0.0,-0.01747875369519421,0.012521246304805788,0.0024787536951942114,4.957507390388423,-6.628595328296843e-05,0.00014142105045217797,2.9745044342330536,0.025,0.0,-0.03,0.0,1.0,0.0,0.015
58,1.9332956147251592,2,0.002252586103068144,0.0,-0.0169470996595208,0.0130529003404792,0.0019470996595207998,3.8941993190415998,0.0001290931080273646,0.000280258065383832,2.3365195914249597,0.025,0.0,-0.03,0.0,1.0,0.0,0.015
58,1.9332956147251592,3,0.0033856756713614954,0.0,-0.016425099211638167,0.013574900788361832,0.001425099211638168,2.850198423276336,-0.00018675218281885995,0.00041286837647387453,1.7101190539658015,0.025,0.0,-0.03,0.0,1.0,0.0,0.015
58,1.9332956147251592,4,0.004523164486344357,0.0,-0.015912789915675605,0.014087210084324394,0.0009127899156756054,1.8255798313512108,0.00023724114189346872,0.0005354474450088448,1.0953478988107264,0.025,0.0,-0.03,0.0,1.0,0.0,0.015
58,1.9332956147251592,5,0.005664989612505109,0.0,-0.015410171983809694,0.014589828016190305,0.0004101719838096943,0.8203439676193885,-0.00027925394812585255,0.000643475747714752,0.49220638057163313,0.025,0.0,-0.03,0.0,1.0,0.0,0.015
58,1.9332956147251592,42,0.04534178305678765,0.0,-0.015953341055574458,0.014046658944425541,0.0009533410555744581,1.9066821111489163,-0.00013914412319567698,8.927843711380677e-05,1.1440092666893498,0.025,0.0,-0.03,0.0,1.0,0.0,0.015
58,1.9332956147251592,43,0.046118937750242825,0.0,-0.016929978711216015,0.013070021288783984,0.0019299787112160155,3.859957422432031,0.00010426170915179102,0.00010882020012719191,2.315974453459219,0.025,0.0,-0.03,0.0,1.0,0.0,0.015
58,1.9332956147251592,44,0.04689481863087056,0.0,-0.017907626062403148,0.01209237393759685,0.0029076260624031486,5.815252124806297,-0.0001230194936060464,7.187294598328505e-05,3.489151274883778,0.025,0.0,-0.03,0.0,1.0,0.0,0.015
58,1.9332956147251592,45,0.04767021733083477,0.0,-0.018885660043250596,0.011114339956749403,0.0038856600432505967,7.771320086501193,6.804286476029615e-05,8.337793223358363e-05,4.662792051900715,0.025,0.0,-0.03,0.0,1.0,0.0,0.015
58,1.9332956147251592,46,0.04844591946988848,0.0,-0.01986344940107961,0.01013655059892039,0.004863449401079609,9.72689880215922,-7.639227800875719e-05,3.0007933825239665e-05,5.836139281295531,0.025,0.0,-0.03,0.0,1.0,0.0,0.015
58,1.9332956147251592,47,0.04921921302599807,0.0,-0.0208425651558909,0.009157434844109098,0.005842565155890902,11.685130311781803,7.892315931511546e-06,3.5954228722142e-05,7.0110781870690815,0.025,0.0,-0.03,0.0,1.0,0.0,0.015
58,1.9332956147251592,48,0.049252608352269224,0.0,-0.022090122804554423,0.007909877195445576,0.007090122804554424,14.180245609108848,-1.395677498969606e-05,1.7827454688261035e-05,8.508147365465309,0.025,0.0,-0.03,0.0,1.0,0.0,0.015
58,1.9332956147251592,49,0.049278860441505166,0.0,-0.023337858198070827,0.006662141801929172,0.008337858198070827,16.675716396141656,-5.7687402085467655e-05,2.1583397801742454e-05,10.005429837684993,0.025,0.0,-0.03,0.0,1.0,0.0,0.015
58,1.9332956147251592,50,0.04929883755200658,0.0,-0.024585715795944808,0.005414284204055191,0.009585715795944808,19.171431591889615,4.9741461365196024e-05,2.5798616922752015e-05,11.50285895513377,0.025,0.0,-0.03,0.0,1.0,0.0,0.015
58,1.9332956147251592,51,0.04931341543921336,0.0,-0.02583365265457962,0.004166347345420381,0.010833652654579619,21.66730530915924,-0.00011656917957972924,2.5726036481884334e-05,13.000383185495544,0.025,0.0,-0.03,0.0,1.0,0.0,0.015
58,1.9332956147251592,52,0.04932347610538337,0.0,-0.0270816390994686,0.0029183609005313978,0.012081639099468602,24.163278198937203,0.00010217774349352847,3.091870561865218e-05,14.497966919362321,0.025,0.0,-0.03,0.0,1.0,0.0,0.015
58,1.9332956147251592,53,0.049329906650059596,0.0,-0.028329651605161526,0.001670348394838473,0.013329651605161526,26.659303210323053,-0.00016294860758628708,3.078670350437046e-05,15.99558192619383,0.025,0.0,-0.03,0.0,1.0,0.0,0.015
58,1.9332956147251592,54,0.04933359830357293,0.0,-0.02957767898739172,0.0004223210126082788,0.01457767898739172,29.155357974783442,0.00014361376420506735,3.5682859837367906e-05,17.493214784870066,0.025,0.0,-0.03,0.0,1.0,0.0,0.015
58,1.9332956147251592,55,0.04933544529959285,0.0,-0.030825710236100645,0.0008257102361006463,0.014174289763899353,28.348579527798705,0.00020124532466115082,3.592411525597949e-05,17.009147716679223,0.025,0.0,-0.03,0.0,1.0,0.0,0.015
58,1.9332956147251592,56,0.04933634395781462,0.0,-0.03207374480568016,0.002073744805680164,0.012926255194319836,25.852510388639672,-0.00018031679884931458,4.0637684392264754e-05,15.511506233183802,0.025,0.0,-0.03,0.0,1.0,0.0,0.015
58,1.9332956147251592,57,0.04933719160119191,0.0,-0.03332177709930736,0.003321777099307359,0.01167822290069264,23.35644580138528,0.00023749728760133246,4.06916182847456e-05,14.013867480831168,0.025,0.0,-0.03,0.0,1.0,0.0,0.015
58,1.9332956147251592,58,0.04933888564902707,0.0,-0.034569809007924446,0.004569809007924447,0.010430190992075553,20.860381984151104,-0.00021662748562212611,4.6142797551202204e-05,12.516229190490662,0.025,0.0,-0.03,0.0,1.0,0.0,0.015
58,1.9332956147251592,59,0.049342322544399186,0.0,-0.035817833263346546,0.005817833263346547,0.009182166736653452,18.364333473306903,0.0002740122430627375,4.47554751116992e-05,11.018600083984142,0.025,0.0,-0.03,0.0,1.0,0.0,0.015
58,1.9332956147251592,60,0.049348396844739774,0.0,-0.03706584581829252,0.007065845818292518,0.007934154181707481,15.868308363414963,-0.0002532806389993293,5.244833354579896e-05,9.520985018048977,0.025,0.0,-0.03,0.0,1.0,0.0,0.015
58,1.9332956147251592,61,0.049358000114502594,0.0,-0.03831383073317154,0.008313830733171539,0.006686169266828461,13.372338533656922,0.000310996346499697,4.853757941178915e-05,8.023403120194153,0.025,0.0,-0.03,0.0,1.0,0.0,0.015
58,1.9332956147251592,62,0.0493720199943952,0.0,-0.03956176985144695,0.009561769851446952,0.005438230148553047,10.876460297106094,-0.00029085749306296524,5.1775655867350106e-05,6.5258761782636565,0.025,0.0,-0.03,0.0,1.0,0.0,0.015
58,1.9332956147251592,63,0.04939133905383977,0.0,-0.04080963153690834,0.010809631536908344,0.004190368463091655,8.38073692618331,0.00035099741760056597,0.0001341520345365198,5.028442155709986,0.025,0.0,-0.03,0.0,1.0,0.0,0.015
58,1.9332956147251592,64,0.0488649877862293,0.0,-0.04194079065079668,0.01194079065079668,0.0030592093492033193,6.118418698406638,-0.00035656094265182657,0.00010872912045081524,3.671051219043983,0.025,0.0,-0.03,0.0,1.0,0.0,0.015
58,1.9332956147251592,65,0.04833346216057309,0.0,-0.043069526700803044,0.013069526700803046,0.001930473299196954,3.860946598393908,0.000458801885900667,0.0002708277834809135,2.3165679590363446,0.025,0.0,-0.03,0.0,1.0,0.0,0.015
58,1.9332956147251592,66,0.0477967662011844,0.0,-0.04419581323212261,0.014195813232122614,0.0008041867678773851,1.6083735357547702,-0.0004933519812972086,0.00017949699027064653,0.9650241214528621,0.025,0.0,-0.03,0.0,1.0,0.0,0.015
59,1.966628297737662,0,0.0,0.0,-0.018020026396194315,0.011979973603805684,0.0030200263961943155,6.040052792388631,0.0,0.0,3.6240316754331787,0.025,0.0,-0.03,0.0,1.0,0.0,0.015
59,1.966628297737662,1,0.0011240040211673334,0.0,-0.0174787541619318,0.012521245838068198,0.002478754161931801,4.9575083238636015,7.361179672526211e-05,0.00015600533870657783,2.9745049943181607,0.025,0.0,-0.03,0.0,1.0,0.0,0.015
59,1.966628297737662,2,0.002252588189218698,0.0,-0.016947098978305923,0.013052901021694076,0.0019470989783059237,3.894197956611847,-0.0001421270323598812,0.00030643320748707683,2.336518773967108,0.025,0.0,-0.03,0.0,1.0,0.0,0.015
59,1.966628297737662,3,0.0033856731759615705,0.0,-0.016425101251470484,0.013574898748529515,0.0014251012514704849,2.8502025029409697,0.0002022543571997445,0.0004450493063690837,1.7101215017645817,0.025,0.0,-0.03,0.0,1.0,0.0,0.015
59,1.966628297737662,4,0.004523168754411545,0.0,-0.015912789848801893,0.014087210151198105,0.000912789848801894,1.825579697603788,-0.0002516947115451467,0.0005656494866206549,1.0953478185622727,0.025,0.0,-0.03,0.0,1.0,0.0,0.015
59,1.966628297737662,5,0.0056649866438972475,0.0,-0.015410176349130758,0.01458982365086924,0.00041017634913075897,0.8203526982615179,0.0002883526289170358,0.0006627886369766066,0.49221161895691073,0.025,0.0,-0.03,0.0,1.0,0.0,0.015
59,1.966628297737662,42,0.0453414351584282,0.0,-0.015953792895517595,0.014046207104482403,0.000953792895517596,1.907585791035192,9.828243669667302e-05,9.913566369446787e-05,1.1445514746211152,0.025,0.0,-0.03,0.0,1.0,0.0,0.015
59,1.966628297737662,43,0.04611855089543432,0.0,-0.016930457119199875,0.013069542880800124,0.0019304571191998757,3.8609142383997512,-0.0001074734695877416,6.502230214257137e-05,2.3165485430398505,0.025,0.0,-0.03,0.0,1.0,0.0,0.015
59,1.966628297737662,44,0.04689439684124673,0.0,-0.017908136121663722,0.012091863878336277,0.002908136121663723,5.816272243327446,5.9418142917928495e-05,7.081310639234089e-05,3.4897633459964674,0.025,0.0,-0.03,0.0,1.0,0.0,0.015
59,1.966628297737662,45,0.04766975708386778,0.0,-0.018886197397276882,0.011113802602723117,0.0038861973972768825,7.772394794553765,-6.46770507646216e-05,2.726601404396668e-05,4.663436876732259,0.025,0.0,-0.03,0.0,1.0,0.0,0.015
59,1.966628297737662,46,0.04844542356555273,0.0,-0.019864017562162533,0.010135982437837466,0.0048640175621625335,9.728035124325068,7.005015369243959e-06,3.338596180351312e-05,5.836821074595041,0.025,0.0,-0.03,0.0,1.0,0.0,0.015
59,1.966628297737662,47,0.04921867937146604,0.0,-0.020843161467058377,0.009156838532941622,0.005843161467058378,11.686322934116756,-4.549995435347262e-06,1.0125412747023609e-05,7.011793760470053,0.025,0.0,-0.03,0.0,1.0,0.0,0.015
59,1.966628297737662,48,0.04925199924533767,0.0,-0.022090721873372098,0.007909278126627901,0.007090721873372098,14.181443746744197,-7.07417980357197e-05,1.6192165194200523e-05,8.508866248046518,0.025,0.0,-0.03,0.0,1.0,0.0,0.015
59,1.966628297737662,49,0.049278175334040775,0.0,-0.02333845856079236,0.006661541439207639,0.00833845856079236,16.676917121584722,8.117685211670983e-05,2.1051382656081384e-05,10.006150272950833,0.025,0.0,-0.03,0.0,1.0,0.0,0.015
59,1.966628297737662,50,0.049298076240104446,0.0,-0.024586317285559732,0.005413682714440267,0.009586317285559733,19.172634571119467,-0.00015898911864402267,1.866165921082194e-05,11.50358074267168,0.025,0.0,-0.03,0.0,1.0,0.0,0.015
59,1.966628297737662,51,0.04931257772574573,0.0,-0.025834255640982306,0.004165744359017693,0.010834255640982306,21.668511281964612,0.0001692309184303358,2.5872850290512244e-05,13.001106769178767,0.025,0.0,-0.03,0.0,1.0,0.0,0.015
59,1.966628297737662,52,0.04932256179562588,0.0,-0.02708224164291082,0.0029177583570891806,0.012082241642910819,24.16448328582164,-0.0002440622127835146,2.2898449853058795e-05,14.498689971492983,0.025,0.0,-0.03,0.0,1.0,0.0,0.015
59,1.966628297737662,53,0.049328915628106845,0.0,-0.02833025614591489,0.0016697438540851095,0.01333025614591489,26.66051229182978,0.00024800182634540077,2.9824612184407535e-05,15.996307375097867,0.025,0.0,-0.03,0.0,1.0,0.0,0.015
59,1.966628297737662,54,0.04933253042632941,0.0,-0.02957828171027533,0.00042171828972466935,0.01457828171027533,29.15656342055066,-0.00031413892260262824,2.759113803857495e-05,17.493938052330396,0.025,0.0,-0.03,0.0,1.0,0.0,0.015
59,1.966628297737662,55,0.049334300514087645,0.0,-0.03082631559884138,0.0008263155988413803,0.014173684401158619,28.347368802317238,-0.0003080820229300251,3.374121946333307e-05,17.00842128139034,0.025,0.0,-0.03,0.0,1.0,0.0,0.015
59,1.966628297737662,56,0.049335122179932585,0.0,-0.032074347368953454,0.0020743473689534553,0.012925652631046544,25.85130526209309,0.00036462993546224173,3.198094796159927e-05,15.510783157255853,0.025,0.0,-0.03,0.0,1.0,0.0,0.015
59,1.966628297737662,57,0.04933589283944599,0.0,-0.03332238288839526,0.003322382888395259,0.01167761711160474,23.355234223209482,-0.00035073912772038736,3.828319463289281e-05,14.01314053392569,0.025,0.0,-0.03,0.0,1.0,0.0,0.015
59,1.966628297737662,58,0.04933750987237134,0.0,-0.034570411600621166,0.004570411600621167,0.010429588399378832,20.859176798757666,0.00040206276323357683,3.5506384973036036e-05,12.5155060792546,0.025,0.0,-0.03,0.0,1.0,0.0,0.015
59,1.966628297737662,59,0.049340869833441804,0.0,-0.035818439461966604,0.0058184394619666055,0.009181560538033394,18.363121076066786,-0.00038545669683335215,4.388593959162048e-05,11.017872645640072,0.025,0.0,-0.03,0.0,1.0,0.0,0.015
59,1.966628297737662,60,0.04934686720970094,0.0,-0.03706644910168424,0.00706644910168424,0.00793355089831576,15.86710179663152,0.0004357319555699406,3.7884880949730995e-05,9.520261077978912,0.025,0.0,-0.03,0.0,1.0,0.0,0.015
59,1.966628297737662,61,0.04935639371866601,0.0,-0.03831443776743583,0.008314437767435831,0.006685562232564168,13.371124465128336,-0.0004181592189350055,4.974170454426679e-05,8.022674679077001,0.025,0.0,-0.03,0.0,1.0,0.0,0.015
59,1.966628297737662,62,0.04937033690893202,0.0,-0.03956237488884182,0.009562374888841818,0.005437625111158181,10.875250222316362,0.0004662700116425934,5.0194592979691345e-05,6.525150133389817,0.025,0.0,-0.03,0.0,1.0,0.0,0.015
59,1.966628297737662,63,0.04938957922203593,0.0,-0.04081024032580143,0.010810240325801433,0.004189759674198566,8.379519348397132,-0.0004454190371435373,5.6148015424695e-05,5.0277116090382785,0.025,0.0,-0.03,0.0,1.0,0.0,0.015
59,1.966628297737662,64,0.04886314763256574,0.0,-0.04194135947149411,0.011941359471494113,0.0030586405285058862,6.117281057011772,0.0005177083102352834,0.00027531987842905784,3.670368634207063,0.025,0.0,-0.03,0.0,1.0,0.0,0.015
59,1.966628297737662,65,0.048331540071708846,0.0,-0.04307005950473805,0.013070059504738052,0.0019299404952619476,3.8598809905238953,-0.0005528544430522837,0.0002146556914625232,2.3159285943143373,0.025,0.0,-0.03,0.0,1.0,0.0,0.015
59,1.966628297737662,66,0.047794764184832195,0.0,-0.044196305436049216,0.014196305436049217,0.0008036945639507825,1.607389127901565,0.0006419434614652616,0.00035685262570521134,0.964433476740939,0.025,0.0,-0.03,0.0,1.0,0.0,0.015
60,1.9999609807501646,0,0.0,0.0,-0.018020026396194315,0.011979973603805684,0.0030200263961943155,6.040052792388631,0.0,0.0,3.6240316754331787,0.025,0.0,-0.03,0.0,1.0,0.0,0.015
60,1.9999609807501646,1,0.0011240049518837002,0.0,-0.017478753710410702,0.012521246289589297,0.0024787537104107027,4.957507420821406,-4.371539996038162e-05,9.349262981663597e-05,2.9745044524928432,0.025,0.0,-0.03,0.0,1.0,0.0,0.015
60,1.9999609807501646,2,0.0022525864494366385,0.0,-0.01694710003401888,0.013052899965981118,0.0019471000340188817,3.8942000680377635,8.355376729994548e-05,0.0001818486748972207,2.336520040822658,0.025,0.0,-0.03,0.0,1.0,0.0,0.015
60,1.9999609807501646,3,0.003385676139285999,0.0,-0.016425100680347436,0.013574899319652563,0.0014251006803474367,2.8502013606948733,-0.00011727838759787765,0.00025974280530048513,1.710120816416924,0.025,0.0,-0.03,0.0,1.0,0.0,0.015
60,1.9999609807501646,4,0.004523165965863914,0.0,-0.015912792664375,0.014087207335624997,0.000912792664375002,1.825585328750004,0.0001428519893278134,0.00032286904104031556,1.0953511972500023,0.025,0.0,-0.03,0.0,1.0,0.0,0.015
60,1.9999609807501646,5,0.005664991610742411,0.0,-0.015410176828133785,0.014589823171866214,0.00041017682813378545,0.8203536562675708,-0.00015947316919657346,0.0003678124665102913,0.4922121937605425,0.025,0.0,-0.03,0.0,1.0,0.0,0.015
60,1.9999609807501646,42,0.045341133706553405,0.0,-0.015954177892384645,0.014045822107615354,0.0009541778923846458,1.9083557847692916,-0.00014949778834444507,0.00010372362802040076,1.145013470861575,0.025,0.0,-0.03,0.0,1.0,0.0,0.015
60,1.9999609807501646,43,0.04611822084564523,0.0,-0.016930870992028193,0.013069129007971806,0.0019308709920281934,3.861741984056387,0.00010922132406264543,0.00010632887038034683,2.317045190433832,0.025,0.0,-0.03,0.0,1.0,0.0,0.015
60,1.9999609807501646,44,0.04689403245831907,0.0,-0.01790857180339656,0.01209142819660344,0.0029085718033965598,5.8171436067931195,-0.00010997236203473037,6.849718861596289e-05,3.4902861640758718,0.025,0.0,-0.03,0.0,1.0,0.0,0.015
60,1.9999609807501646,45,0.04766936331407205,0.0,-0.018886661090469024,0.011113338909530975,0.0038866610904690242,7.773322180938049,5.768097884062642e-05,6.76547451409999e-05,4.663993308562829,0.025,0.0,-0.03,0.0,1.0,0.0,0.015
60,1.9999609807501646,46,0.048444996302578265,0.0,-0.01986450409059775,0.01013549590940225,0.00486450409059775,9.7290081811955,-5.2547680947303634e-05,2.027013496518336e-05,5.8374049087173,0.025,0.0,-0.03,0.0,1.0,0.0,0.015
60,1.9999609807501646,47,0.049218221436708925,0.0,-0.02084367492028679,0.009156325079713208,0.005843674920286791,11.687349840573583,-1.4392445983214728e-05,2.3230837679192467e-05,7.01240990434415,0.025,0.0,-0.03,0.0,1.0,0.0,0.015
60,1.9999609807501646,48,0.04925147586618777,0.0,-0.022091235689476296,0.007908764310523703,0.007091235689476297,14.182471378952593,3.2338519208909266e-05,1.4347079895843215e-05,8.509482827371556,0.025,0.0,-0.03,0.0,1.0,0.0,0.015
60,1.9999609807501646,49,0.04927758675040527,0.0,-0.023338974733885905,0.0066610252661140935,0.008338974733885906,16.67794946777181,-0.00011068039400212448,1.4500836085467224e-05,10.006769680663085,0.025,0.0,-0.03,0.0,1.0,0.0,0.015
60,1.9999609807501646,50,0.04929742217326095,0.0,-0.024586834061671576,0.005413165938328423,0.009586834061671577,19.173668123343152,0.00013469081615347233,2.073185108322841e-05,11.50420087400589,0.025,0.0,-0.03,0.0,1.0,0.0,0.015
60,1.9999609807501646,51,0.04931185801382455,0.0,-0.02583477306496479,0.00416522693503521,0.01083477306496479,21.66954612992958,-0.00021897045829798962,1.716769111802779e-05,13.001727677957748,0.025,0.0,-0.03,0.0,1.0,0.0,0.015
60,1.9999609807501646,52,0.04932177629802455,0.0,-0.02708276038950663,0.0029172396104933697,0.01208276038950663,24.16552077901326,0.00024829337258029687,2.4674794700849284e-05,14.499312467407956,0.025,0.0,-0.03,0.0,1.0,0.0,0.015
60,1.9999609807501646,53,0.049328064200416064,0.0,-0.028330773793500373,0.0016692262064996258,0.013330773793500374,26.661547587000747,-0.0003371200722624099,2.090288143520429e-05,15.996928552200448,0.025,0.0,-0.03,0.0,1.0,0.0,0.015
60,1.9999609807501646,54,0.0493316129993311,0.0,-0.02957880168259803,0.0004211983174019704,0.014578801682598029,29.157603365196056,0.00036913767384782136,2.810864959536331e-05,17.494562019117634,0.025,0.0,-0.03,0.0,1.0,0.0,0.015
60,1.9999609807501646,55,0.04933331698511074,0.0,-0.030826832953501287,0.0008268329535012879,0.014173167046498712,28.346334092997424,0.00045791934341610175,2.4741331632759254e-05,17.007800455798453,0.025,0.0,-0.03,0.0,1.0,0.0,0.015
60,1.9999609807501646,56,0.049334072536020436,0.0,-0.03207486803967546,0.002074868039675458,0.012925131960324542,25.850263920649084,-0.00048600872795625995,3.1904558562955625e-05,15.51015835238945,0.025,0.0,-0.03,0.0,1.0,0.0,0.015
60,1.9999609807501646,57,0.04933477702394682,0.0,-0.033322899958986796,0.003322899958986797,0.011677100041013203,23.354200082026406,0.0005662944986390388,2.777836845501312e-05,14.012520049215842,0.025,0.0,-0.03,0.0,1.0,0.0,0.015
60,1.9999609807501646,58,0.0493363279326232,0.0,-0.034570932694606434,0.004570932694606435,0.010429067305393565,20.85813461078713,-0.0005810807116793771,3.6925314635040274e-05,12.514880766472277,0.025,0.0,-0.03,0.0,1.0,0.0,0.015
60,1.9999609807501646,59,0.049339621747930315,0.0,-0.03581895672662698,0.005818956726626981,0.009181043273373019,18.36208654674604,0.0006437448435387493,2.9271348331856477e-05,11.017251928047623,0.025,0.0,-0.03,0.0,1.0,0.0,0.015
60,1.9999609807501646,60,0.049345553100781606,0.0,-0.037066970677281506,0.0070669706772815075,0.007933029322718492,15.866058645436985,-0.0006375798258774799,4.3569203639214224e-05,9.51963518726219,0.025,0.0,-0.03,0.0,1.0,0.0,0.015
60,1.9999609807501646,61,0.049355013589082425,0.0,-0.038314956083087943,0.008314956083087945,0.006685043916912055,13.37008783382411,0.000677475876188719,3.0435553548906754e-05,8.022052700294466,0.025,0.0,-0.03,0.0,1.0,0.0,0.015
60,1.9999609807501646,62,0.04936889093625595,0.0,-0.039562897417716514,0.009562897417716515,0.0054371025822834845,10.87420516456697,-0.0006481692476982338,3.640871567112272e-05,6.524523098740182,0.025,0.0,-0.03,0.0,1.0,0.0,0.015
60,1.9999609807501646,63,0.04938806779184787,0.0,-0.04081076084732112,0.010810760847321119,0.004189239152678881,8.378478305357762,0.0006680979662604144,0.00018612139731094047,5.027086983214657,0.025,0.0,-0.03,0.0,1.0,0.0,0.015
60,1.9999609807501646,64,0.048861565761904695,0.0,-0.04194185024116813,0.011941850241168131,0.0030581497588318685,6.116299517663737,-0.0006667993995840759,0.00025919155181383283,3.669779710598242,0.025,0.0,-0.03,0.0,1.0,0.0,0.015
60,1.9999609807501646,65,0.048329889746931455,0.0,-0.043070515081371184,0.013070515081371185,0.001929484918628814,3.858969837257628,0.0007571071909273995,0.0003973142272390984,2.3153819023545767,0.025,0.0,-0.03,0.0,1.0,0.0,0.015
60,1.9999609807501646,66,0.04779304328041565,0.0,-0.044196730161412456,0.014196730161412457,0.000803269838587542,1.606539677175084,-0.0007884571545967447,0.0003358975585014321,0.9639238063050504,0.025,0.0,-0.03,0.0,1.0,0.0,0.015
