frame_idx,time,node_idx,node_x,node_y,node_z,radial_dist,overlap,normal_force,normal_velocity,tangential_speed,friction_force,cyl_center_x,cyl_center_y,cyl_center_z,cyl_axis_x,cyl_axis_y,cyl_axis_z,cyl_radius
2,0.0666660510867413,47,0.03768688789472763,0.0,-0.020298989348321392,0.009701010651678606,0.0002989893483213938,0.5979786966427876,-0.1460050511409149,1.304145711492305,0.35878721798567254,0.025,0.0,-0.03,0.0,1.0,0.0,0.01
5,0.16666512771685324,76,0.05028468630791021,0.0,-0.020489983852793367,0.009510016147206632,0.0004899838527933683,0.9799677055867366,-0.10251377908909783,0.11512773812214733,0.5879806233520419,0.025,0.0,-0.03,0.0,1.0,0.0,0.01
5,0.16666512771685324,77,0.05084314981133998,0.0,-0.02159224940484954,0.008407750595150459,0.0015922494048495415,3.184498809699083,-0.12698476341486506,0.10917966081745714,1.9106992858194496,0.025,0.0,-0.03,0.0,1.0,0.0,0.01
5,0.16666512771685324,78,0.05138566493201428,0.0,-0.022704713389466637,0.0072952866105333615,0.0027047133894666387,5.409426778933278,-0.25886855578802953,0.052365024658394585,3.2456560673599664,0.025,0.0,-0.03,0.0,1.0,0.0,0.01
5,0.16666512771685324,79,0.05191201160336433,0.0,-0.02382456348415587,0.006175436515844127,0.003824563484155873,7.649126968311746,-0.18764565702230976,0.08744523077535343,4.589476180987048,0.025,0.0,-0.03,0.0,1.0,0.0,0.01
5,0.16666512771685324,80,0.05251346080262478,0.0,-0.02492058521851141,0.00507941478148859,0.00492058521851141,9.84117043702282,-0.09220394383780878,0.1522104015550727,5.904702262213692,0.025,0.0,-0.03,0.0,1.0,0.0,0.01
6,0.1999981532602239,71,0.04450016458334742,0.0,-0.020592924741459264,0.009407075258540735,0.0005929247414592654,1.1858494829185309,-0.197295960249273,0.07966447916565833,0.7115096897511185,0.025,0.0,-0.03,0.0,1.0,0.0,0.01
6,0.1999981532602239,72,0.04491181649290617,0.0,-0.021759248796971786,0.008240751203028213,0.0017592487969717869,3.518497593943574,-0.14875271462410058,0.10590531812602508,2.1110985563661444,0.025,0.0,-0.03,0.0,1.0,0.0,0.01
6,0.1999981532602239,73,0.045302572932435496,0.0,-0.02293419482467222,0.007065805175327778,0.002934194824672222,5.8683896493444445,-0.21451923925582833,0.0922026003995665,3.521033789606667,0.025,0.0,-0.03,0.0,1.0,0.0,0.01
6,0.1999981532602239,74,0.045671501637915786,0.0,-0.024113549200040628,0.005886450799959371,0.004113549200040629,8.227098400081259,-0.13941307630286656,0.12453578980448797,4.936259040048755,0.025,0.0,-0.03,0.0,1.0,0.0,0.01
6,0.1999981532602239,75,0.046020474204285185,0.0,-0.025301207216795244,0.004698792783204755,0.0053012072167952454,10.602414433590491,-0.19943523058344828,0.1144591233296117,6.361448660154294,0.025,0.0,-0.03,0.0,1.0,0.0,0.01
6,0.1999981532602239,76,0.04634922841344229,0.0,-0.026493982626250853,0.0035060173737491464,0.006493982626250854,12.987965252501708,-0.18600293446011804,0.12697384012269713,7.7927791515010245,0.025,0.0,-0.03,0.0,1.0,0.0,0.01
6,0.1999981532602239,77,0.04665862662283505,0.0,-0.027691527132373273,0.0023084728676267263,0.007691527132373274,15.383054264746548,-0.1827865643457762,0.13613799816988545,9.229832558847928,0.025,0.0,-0.03,0.0,1.0,0.0,0.01
6,0.1999981532602239,78,0.046949798973128586,0.0,-0.028894108523017034,0.0011058914769829647,0.008894108523017035,17.78821704603407,-0.18643480505323998,0.14332305269813286,10.672930227620443,0.025,0.0,-0.03,0.0,1.0,0.0,0.01
6,0.1999981532602239,79,0.04722368737019184,0.0,-0.030100812003211647,0.00010081200321164843,0.009899187996788352,19.798375993576702,0.1812552406421129,0.15340438897388073,11.87902559614602,0.025,0.0,-0.03,0.0,1.0,0.0,0.01
6,0.1999981532602239,80,0.04757509670505173,0.0,-0.03130029393103255,0.0013002939310325506,0.00869970606896745,17.3994121379349,0.20693742316083857,0.15411751268364268,10.439647282760939,0.025,0.0,-0.03,0.0,1.0,0.0,0.01
7,0.23333117880359455,68,0.04113640353102277,0.0,-0.020897042045864057,0.009102957954135942,0.000897042045864058,1.794084091728116,-0.0575015142664282,0.05947386674294415,1.0764504550368696,0.025,0.0,-0.03,0.0,1.0,0.0,0.01
7,0.23333117880359455,69,0.04135931295833904,0.0,-0.02211364784009302,0.00788635215990698,0.002113647840093021,4.2272956801860415,-0.10623100235141095,0.058506706676751674,2.536377408111625,0.025,0.0,-0.03,0.0,1.0,0.0,0.01
7,0.23333117880359455,70,0.04155963915200939,0.0,-0.02333445747402942,0.00666554252597058,0.0033344574740294206,6.668914948058841,-0.047277684620432976,0.07613327111278274,4.0013489688353046,0.025,0.0,-0.03,0.0,1.0,0.0,0.01
7,0.23333117880359455,71,0.04173720911500964,0.0,-0.024558796598261223,0.005441203401738776,0.004558796598261224,9.117593196522447,-0.12262265841709481,0.07286460082296636,5.470555917913468,0.025,0.0,-0.03,0.0,1.0,0.0,0.01
7,0.23333117880359455,72,0.04189201873326191,0.0,-0.025785657259968463,0.0042143427400315354,0.005785657259968465,11.57131451993693,-0.037020620097649413,0.09189628654823316,6.942788711962158,0.025,0.0,-0.03,0.0,1.0,0.0,0.01
7,0.23333117880359455,73,0.04202448003635715,0.0,-0.027016150322541902,0.002983849677458097,0.007016150322541903,14.032300645083806,-0.12795253694215858,0.0894025750660896,8.419380387050284,0.025,0.0,-0.03,0.0,1.0,0.0,0.01
7,0.23333117880359455,74,0.042134786590985164,0.0,-0.02824814819850472,0.0017518518014952786,0.008248148198504722,16.496296397009445,-0.04350533951818314,0.10530134934897548,9.897777838205666,0.025,0.0,-0.03,0.0,1.0,0.0,0.01
7,0.23333117880359455,75,0.04222359111137538,0.0,-0.029481752401930187,0.0005182475980698119,0.009481752401930188,18.963504803860378,-0.11328784201075569,0.10736459865844125,11.378102882316226,0.025,0.0,-0.03,0.0,1.0,0.0,0.01
7,0.23333117880359455,76,0.04229167887231996,0.0,-0.030717749099322667,0.0007177490993226683,0.009282250900677332,18.564501801354663,0.08424950475273908,0.11757122627839445,11.138701080812798,0.025,0.0,-0.03,0.0,1.0,0.0,0.01
7,0.23333117880359455,77,0.04233979632467713,0.0,-0.0319533224119286,0.0019533224119286027,0.008046677588071397,16.093355176142794,0.0480540948532276,0.12619324247429997,9.656013105685675,0.025,0.0,-0.03,0.0,1.0,0.0,0.01
7,0.23333117880359455,78,0.04236910101184337,0.0,-0.03319057563136006,0.0031905756313600625,0.006809424368639938,13.618848737279876,0.15092811659554556,0.1309704524883556,8.171309242367926,0.025,0.0,-0.03,0.0,1.0,0.0,0.01
7,0.23333117880359455,79,0.04238071479262697,0.0,-0.03442798821850349,0.004427988218503494,0.005572011781496506,11.144023562993013,0.012814698275435661,0.14366592176627527,6.686414137795808,0.025,0.0,-0.03,0.0,1.0,0.0,0.01
7,0.23333117880359455,80,0.04246806366747782,0.0,-0.035674355406039256,0.005674355406039257,0.0043256445939607435,8.651289187921487,0.15757367142053713,0.14380309121435972,5.190773512752892,0.025,0.0,-0.03,0.0,1.0,0.0,0.01
8,0.2666642043469652,66,0.03935474624888537,0.0,-0.020414980619906993,0.009585019380093006,0.00041498061990699435,0.8299612398139887,-0.09048412923841595,0.0344946060566631,0.4979767438883932,0.025,0.0,-0.03,0.0,1.0,0.0,0.01
8,0.2666642043469652,67,0.03937903214441435,0.0,-0.021652393223698177,0.008347606776301822,0.0016523932236981783,3.3047864473963564,-0.0097026080291669,0.0437258778709176,1.9828718684378137,0.025,0.0,-0.03,0.0,1.0,0.0,0.01
8,0.2666642043469652,68,0.039380251727571106,0.0,-0.02288901925838218,0.007110980741617819,0.0028890192583821816,5.778038516764363,-0.06431101499570852,0.050474691135529805,3.466823110058618,0.025,0.0,-0.03,0.0,1.0,0.0,0.01
8,0.2666642043469652,69,0.03935812474117315,0.0,-0.02412587874357235,0.0058741212564276495,0.004125878743572351,8.251757487144701,-0.025015955009559908,0.05733105329618712,4.95105449228682,0.025,0.0,-0.03,0.0,1.0,0.0,0.01
8,0.2666642043469652,70,0.03931249723950285,0.0,-0.025362220922921792,0.0046377790770782065,0.005362220922921794,10.724441845843588,-0.056929742271407874,0.0654240297987976,6.434665107506152,0.025,0.0,-0.03,0.0,1.0,0.0,0.01
8,0.2666642043469652,71,0.039243439853845305,0.0,-0.026597105311131214,0.003402894688868785,0.006597105311131215,13.19421062226243,-0.03511435940572743,0.07165023166763637,7.916526373357458,0.025,0.0,-0.03,0.0,1.0,0.0,0.01
8,0.2666642043469652,72,0.039151140754245965,0.0,-0.02783078945993638,0.00216921054006362,0.00783078945993638,15.66157891987276,-0.03212019336415092,0.07827310731361131,9.396947351923655,0.025,0.0,-0.03,0.0,1.0,0.0,0.01
8,0.2666642043469652,73,0.03903599059577952,0.0,-0.029062633336756842,0.0009373666632431568,0.009062633336756843,18.125266673513686,-0.0682856354819721,0.08903986098870194,10.875160004108212,0.025,0.0,-0.03,0.0,1.0,0.0,0.01
8,0.2666642043469652,74,0.03889859008550911,0.0,-0.030291933382809857,0.0002919333828098579,0.009708066617190142,19.416133234380286,0.00010922640763306672,0.08867198869514795,11.649679940628172,0.025,0.0,-0.03,0.0,1.0,0.0,0.01
8,0.2666642043469652,75,0.038739629870242466,0.0,-0.031518757523535265,0.0015187575235352663,0.008481242476464734,16.96248495292947,0.07660415809542478,0.10522379141938014,10.177490971757681,0.025,0.0,-0.03,0.0,1.0,0.0,0.01
8,0.2666642043469652,76,0.03855992942915584,0.0,-0.032743191314636794,0.0027431913146367948,0.007256808685363205,14.513617370726411,0.01675926409998196,0.10461631820569872,8.708170422435847,0.025,0.0,-0.03,0.0,1.0,0.0,0.01
8,0.2666642043469652,77,0.03836070691504989,0.0,-0.03396379353433038,0.003963793534330379,0.0060362064656696215,12.072412931339242,0.03288438789920341,0.113941530821962,7.243447758803545,0.025,0.0,-0.03,0.0,1.0,0.0,0.01
8,0.2666642043469652,78,0.03814287497666899,0.0,-0.03518207329223428,0.005182073292234281,0.0048179267077657194,9.63585341553144,0.06268679594726687,0.12668116033054924,5.781512049318864,0.025,0.0,-0.03,0.0,1.0,0.0,0.01
8,0.2666642043469652,79,0.03790792929471562,0.0,-0.03639671908947116,0.006396719089471162,0.0036032809105288385,7.206561821057677,-0.008124610283482613,0.12222791551509822,4.323937092634606,0.025,0.0,-0.03,0.0,1.0,0.0,0.01
8,0.2666642043469652,80,0.03774069946353879,0.0,-0.03763550479959304,0.007635504799593039,0.0023644952004069613,4.728990400813923,0.07989827565563261,0.142543129022252,2.837394240488354,0.025,0.0,-0.03,0.0,1.0,0.0,0.01
9,0.29999722989033584,66,0.03888269237889478,0.0,-0.0208579265588562,0.0091420734411438,0.0008579265588562011,1.7158531177124021,-0.0009323365662100175,0.006441268783108011,1.0295118706274413,0.025,0.0,-0.03,0.0,1.0,0.0,0.01
9,0.29999722989033584,67,0.038861829593562554,0.0,-0.02209441876722462,0.007905581232775377,0.002094418767224623,4.188837534449246,-0.002608640581187254,0.005838007225004666,2.5133025206695474,0.025,0.0,-0.03,0.0,1.0,0.0,0.01
9,0.29999722989033584,68,0.03881702511828081,0.0,-0.02333017024792827,0.00666982975207173,0.0033301702479282703,6.66034049585654,-0.0018887630861329871,0.005193776257760969,3.9962042975139243,0.025,0.0,-0.03,0.0,1.0,0.0,0.01
9,0.29999722989033584,69,0.03874780089704526,0.0,-0.02456485188845578,0.005435148111544219,0.004564851888455781,9.129703776911562,-0.0012217501435093751,0.004501441239912904,5.477822266146937,0.025,0.0,-0.03,0.0,1.0,0.0,0.01
9,0.29999722989033584,70,0.038653884065203904,0.0,-0.025797827241079454,0.004202172758920545,0.005797827241079455,11.59565448215891,-0.003837663355911988,0.004103358589645722,6.957392689295346,0.025,0.0,-0.03,0.0,1.0,0.0,0.01
9,0.29999722989033584,71,0.03853517890383033,0.0,-0.02702872529211825,0.002971274707881749,0.007028725292118251,14.057450584236502,0.0007919738836752398,0.0029949079286516445,8.4344703505419,0.025,0.0,-0.03,0.0,1.0,0.0,0.01
9,0.29999722989033584,72,0.038391808772361334,0.0,-0.02825691527834544,0.001743084721654558,0.008256915278345442,16.513830556690884,-0.00622583604197858,0.003219974854390724,9.90829833401453,0.025,0.0,-0.03,0.0,1.0,0.0,0.01
9,0.29999722989033584,73,0.038224052582082925,0.0,-0.02948212273285922,0.0005178772671407782,0.009482122732859222,18.964245465718445,0.0028776863884260725,0.0013382785103003376,11.378547279431066,0.025,0.0,-0.03,0.0,1.0,0.0,0.01
9,0.29999722989033584,74,0.03803219960241403,0.0,-0.030703725199654412,0.0007037251996544133,0.009296274800345587,18.592549600691175,0.008519153772664566,0.0025161675181460084,11.155529760414705,0.025,0.0,-0.03,0.0,1.0,0.0,0.01
9,0.29999722989033584,75,0.03781606195656264,0.0,-0.03192158613036135,0.0019215861303613496,0.00807841386963865,16.1568277392773,-0.00368044297793526,0.00016407905473874,9.69409664356638,0.025,0.0,-0.03,0.0,1.0,0.0,0.01
9,0.29999722989033584,76,0.03757608557821158,0.0,-0.03313511150401083,0.003135111504010829,0.006864888495989171,13.729776991978342,0.008556576267051544,0.0015561651555393008,8.237866195187005,0.025,0.0,-0.03,0.0,1.0,0.0,0.01
9,0.29999722989033584,77,0.0373145282281469,0.0,-0.03434449809374588,0.004344498093745881,0.005655501906254119,11.311003812508238,-0.0038306078378120946,0.0015693256672739395,6.786602287504943,0.025,0.0,-0.03,0.0,1.0,0.0,0.01
9,0.29999722989033584,78,0.03703450434583245,0.0,-0.035549746692226436,0.005549746692226437,0.004450253307773563,8.900506615547126,0.009716942597052277,0.0008179977518407753,5.340303969328276,0.025,0.0,-0.03,0.0,1.0,0.0,0.01
9,0.29999722989033584,79,0.036738534968770574,0.0,-0.03675127556123915,0.006751275561239153,0.003248724438760847,6.497448877521694,-0.0038962199600667408,0.0029376246694011315,3.898469326513016,0.025,0.0,-0.03,0.0,1.0,0.0,0.01
9,0.29999722989033584,80,0.03644898177200524,0.0,-0.037967271115988355,0.007967271115988356,0.0020327288840116444,4.065457768023289,0.009814596681787557,0.00021432491640075736,2.439274660813973,0.025,0.0,-0.03,0.0,1.0,0.0,0.01
10,0.3333302554337065,66,0.03867868802378966,0.0,-0.02091604587734419,0.009083954122655807,0.0009160458773441928,1.8320917546883857,-0.0015718069857153403,0.00577154188291796,1.0992550528130314,0.025,0.0,-0.03,0.0,1.0,0.0,0.01
10,0.3333302554337065,67,0.03867833249974503,0.0,-0.022152788589028582,0.007847211410971416,0.002152788589028584,4.305577178057168,-0.001844816056084247,0.005176062169607886,2.5833463068343003,0.025,0.0,-0.03,0.0,1.0,0.0,0.01
10,0.3333302554337065,68,0.03865405138995654,0.0,-0.02338918421855375,0.0066108157814462505,0.0033891842185537497,6.778368437107499,-0.0015335281867695095,0.004571652257067705,4.067021062264499,0.025,0.0,-0.03,0.0,1.0,0.0,0.01
10,0.3333302554337065,69,0.038605306232212394,0.0,-0.02462494200130994,0.00537505799869006,0.00462494200130994,9.24988400261988,-0.0019407093329245752,0.003985185871533055,5.5499304015719275,0.025,0.0,-0.03,0.0,1.0,0.0,0.01
10,0.3333302554337065,70,0.03853176464337553,0.0,-0.02585934619186195,0.004140653808138051,0.00585934619186195,11.7186923837239,-0.0015402950709421047,0.003359003960092087,7.031215430234339,0.025,0.0,-0.03,0.0,1.0,0.0,0.01
10,0.3333302554337065,71,0.03843326388239164,0.0,-0.027092131051791857,0.0029078689482081414,0.007092131051791859,14.184262103583718,-0.0020841044586267844,0.0027973625320986866,8.51055726215023,0.025,0.0,-0.03,0.0,1.0,0.0,0.01
10,0.3333302554337065,72,0.038309873521324395,0.0,-0.02832253502097297,0.0016774649790270296,0.00832253502097297,16.645070041945942,-0.0016053516983685358,0.0021440154031633373,9.987042025167565,0.025,0.0,-0.03,0.0,1.0,0.0,0.01
10,0.3333302554337065,73,0.03816180672783948,0.0,-0.029550367532215075,0.0004496324677849238,0.009550367532215076,19.100735064430154,-0.0022509912891561594,0.0016408308492769405,11.460441038658091,0.025,0.0,-0.03,0.0,1.0,0.0,0.01
10,0.3333302554337065,74,0.03798896156735048,0.0,-0.030774913098449305,0.0007749130984493063,0.009225086901550694,18.45017380310139,0.0017902649624410843,0.0009558798357981798,11.070104281860834,0.025,0.0,-0.03,0.0,1.0,0.0,0.01
10,0.3333302554337065,75,0.03779106996921872,0.0,-0.031996039645516096,0.001996039645516097,0.008003960354483903,16.007920708967806,0.0023907267532296073,0.00045985822117684333,9.604752425380683,0.025,0.0,-0.03,0.0,1.0,0.0,0.01
10,0.3333302554337065,76,0.03756904736856853,0.0,-0.03321308212793744,0.0032130821279374444,0.006786917872062556,13.57383574412511,0.0019599682924524705,0.0001847676552401309,8.144301446475065,0.025,0.0,-0.03,0.0,1.0,0.0,0.01
10,0.3333302554337065,77,0.03732566222343341,0.0,-0.034426333900667676,0.004426333900667677,0.005573666099332323,11.147332198664646,0.002634282736756644,0.0006761438551211406,6.688399319198788,0.025,0.0,-0.03,0.0,1.0,0.0,0.01
10,0.3333302554337065,78,0.03706412227049251,0.0,-0.03563569796489558,0.005635697964895582,0.004364302035104418,8.728604070208837,0.00222336567724622,0.0013631060047023264,5.237162442125302,0.025,0.0,-0.03,0.0,1.0,0.0,0.01
10,0.3333302554337065,79,0.03678667684272216,0.0,-0.03684170155121951,0.006841701551219513,0.003158298448780487,6.3165968975609745,0.0028633382726957857,0.0018277475211662278,3.7899581385365844,0.025,0.0,-0.03,0.0,1.0,0.0,0.01
10,0.3333302554337065,80,0.036512008009903,0.0,-0.03806108567971027,0.00806108567971027,0.0019389143202897304,3.8778286405794606,0.0025052153450824026,0.002489834655087453,2.3266971843476765,0.025,0.0,-0.03,0.0,1.0,0.0,0.01
11,0.3666632809770771,66,0.03850765305154651,0.0,-0.020969024879860732,0.009030975120139267,0.0009690248798607335,1.938049759721467,0.0007905319967424783,0.004563076897400335,1.1628298558328802,0.025,0.0,-0.03,0.0,1.0,0.0,0.01
11,0.3666632809770771,67,0.03852491329002682,0.0,-0.022205719385096613,0.007794280614903386,0.0022057193850966144,4.411438770193229,-0.004378668844756122,0.0040603940385679155,2.646863262115937,0.025,0.0,-0.03,0.0,1.0,0.0,0.01
11,0.3666632809770771,68,0.03851837295976506,0.0,-0.023442470274831772,0.006557529725168227,0.003442470274831773,6.884940549663546,0.0018811099384637862,0.003523005333783947,4.130964329798127,0.025,0.0,-0.03,0.0,1.0,0.0,0.01
11,0.3666632809770771,69,0.03848746409201222,0.0,-0.02467886439276636,0.0053211356072336395,0.004678864392766361,9.357728785532721,-0.005391518434069512,0.0032614915995387342,5.614637271319633,0.025,0.0,-0.03,0.0,1.0,0.0,0.01
11,0.3666632809770771,70,0.03843181040826114,0.0,-0.025914346837635747,0.004085653162364252,0.005914346837635748,11.828693675271497,0.002721253724006112,0.0023986534770048173,7.097216205162898,0.025,0.0,-0.03,0.0,1.0,0.0,0.01
11,0.3666632809770771,71,0.03835122274761475,0.0,-0.027148483887124878,0.002851516112875121,0.007148483887124879,14.296967774249758,-0.006195073055983103,0.0025164562951709383,8.578180664549855,0.025,0.0,-0.03,0.0,1.0,0.0,0.01
11,0.3666632809770771,72,0.03824571452137453,0.0,-0.028380699965744247,0.0016193000342557516,0.008380699965744249,16.761399931488498,0.0032423797780156026,0.0012268607623436678,10.056839958893098,0.025,0.0,-0.03,0.0,1.0,0.0,0.01
11,0.3666632809770771,73,0.03811548029588876,0.0,-0.029610595182311066,0.00038940481768893337,0.009610595182311067,19.221190364622135,-0.00672347196232724,0.001816663962278793,11.53271421877328,0.025,0.0,-0.03,0.0,1.0,0.0,0.01
11,0.3666632809770771,74,0.03796018317412637,0.0,-0.030837626716154278,0.0008376267161542793,0.009162373283845721,18.32474656769144,-0.003288505029411153,8.636739518444808e-05,10.994847940614864,0.025,0.0,-0.03,0.0,1.0,0.0,0.01
11,0.3666632809770771,75,0.03777956410493065,0.0,-0.03206142304950478,0.002061423049504782,0.007938576950495218,15.877153900990436,0.006825205388955342,0.0010410822736871058,9.526292340594262,0.025,0.0,-0.03,0.0,1.0,0.0,0.01
11,0.3666632809770771,76,0.037574859981682564,0.0,-0.0332815727622981,0.003281572762298103,0.006718427237701897,13.436854475403795,-0.0031144123628903935,0.000974041315570215,8.062112685242276,0.025,0.0,-0.03,0.0,1.0,0.0,0.01
11,0.3666632809770771,77,0.03734891613336044,0.0,-0.03449813677731736,0.004498136777317363,0.005501863222682637,11.003726445365274,0.0068355029427499036,0.0002509585760483568,6.602235867219164,0.025,0.0,-0.03,0.0,1.0,0.0,0.01
11,0.3666632809770771,78,0.03710474245567073,0.0,-0.03571117712826713,0.005711177128267131,0.004288822871732869,8.57764574346574,-0.0025923662896606917,0.0019984377886029907,5.146587446079443,0.025,0.0,-0.03,0.0,1.0,0.0,0.01
11,0.3666632809770771,79,0.03684461909819386,0.0,-0.03692098463922149,0.006920984639221493,0.003079015360778507,6.158030721557014,0.006560478815544061,0.0006481106577025896,3.694818432934208,0.025,0.0,-0.03,0.0,1.0,0.0,0.01
11,0.3666632809770771,80,0.03658795536561648,0.0,-0.038144331311717405,0.008144331311717407,0.0018556686882825937,3.7113373765651874,-0.0019800513627309855,0.002930871223388021,2.226802425939112,0.025,0.0,-0.03,0.0,1.0,0.0,0.01
12,0.3999963065204478,66,0.038374270040214625,0.0,-0.021016826673216735,0.008983173326783264,0.001016826673216736,2.033653346433472,-0.00023790901047400186,0.0035878892065853898,1.220192007860083,0.025,0.0,-0.03,0.0,1.0,0.0,0.01
12,0.3999963065204478,67,0.03840526434781996,0.0,-0.022253289172799777,0.007746710827200222,0.0022532891727997783,4.506578345599556,-0.002717060697387529,0.0031800389379670843,2.7039470073597336,0.025,0.0,-0.03,0.0,1.0,0.0,0.01
12,0.3999963065204478,68,0.03841256641056901,0.0,-0.023490164025802417,0.006509835974197582,0.003490164025802418,6.980328051604836,0.000282667409227055,0.002809229533461284,4.188196830962902,0.025,0.0,-0.03,0.0,1.0,0.0,0.01
12,0.3999963065204478,69,0.03839558250217173,0.0,-0.024726847045142157,0.005273152954857842,0.004726847045142158,9.453694090284317,-0.0031771259439673997,0.0025016625204299712,5.672216454170591,0.025,0.0,-0.03,0.0,1.0,0.0,0.01
12,0.3999963065204478,70,0.038353902421781355,0.0,-0.025963021888038854,0.004036978111961145,0.005963021888038855,11.92604377607771,0.0006452534968724155,0.0019870901437049216,7.155626265646626,0.025,0.0,-0.03,0.0,1.0,0.0,0.01
12,0.3999963065204478,71,0.03828731708042637,0.0,-0.027197999060056603,0.0028020009399433964,0.007197999060056604,14.395998120113207,-0.0035283194795596106,0.0018448491029496436,8.637598872067924,0.025,0.0,-0.03,0.0,1.0,0.0,0.01
12,0.3999963065204478,72,0.03819579134472877,0.0,-0.028431484819015845,0.0015685151809841542,0.008431484819015846,16.862969638031693,0.0008346385740945457,0.0011451989983873045,10.117781782819016,0.025,0.0,-0.03,0.0,1.0,0.0,0.01
12,0.3999963065204478,73,0.038079510769860506,0.0,-0.029662773282285542,0.0003372267177144568,0.009662773282285543,19.325546564571088,-0.0037661414161096916,0.0011908887386255847,11.595327938742653,0.025,0.0,-0.03,0.0,1.0,0.0,0.01
12,0.3999963065204478,74,0.03793795868032936,0.0,-0.030891609324343625,0.0008916093243436264,0.009108390675656374,18.216781351312747,-0.0008483245980708859,0.00031594827600524023,10.930068810787647,0.025,0.0,-0.03,0.0,1.0,0.0,0.01
12,0.3999963065204478,75,0.037770859801038066,0.0,-0.032117278680543884,0.0021172786805438853,0.007882721319456115,15.76544263891223,0.0038916783712984017,0.0005633796730676641,9.459265583347337,0.025,0.0,-0.03,0.0,1.0,0.0,0.01
12,0.3999963065204478,76,0.03757969163495161,0.0,-0.03333971733376934,0.0033397173337693445,0.006660282666230656,13.320565332461312,-0.0007287132877562617,0.0004890383853048309,7.9923391994767865,0.025,0.0,-0.03,0.0,1.0,0.0,0.01
12,0.3999963065204478,77,0.03736740993789204,0.0,-0.034558655617275925,0.0045586556172759266,0.005441344382724074,10.882688765448147,0.003927261773601452,0.00010215353370587417,6.5296132592688885,0.025,0.0,-0.03,0.0,1.0,0.0,0.01
12,0.3999963065204478,78,0.037136826588103605,0.0,-0.03577443041775753,0.005774430417757534,0.004225569582242466,8.451139164484932,-0.00043245763541754917,0.0012422916347654758,5.070683498690959,0.025,0.0,-0.03,0.0,1.0,0.0,0.01
12,0.3999963065204478,79,0.03689026524631027,0.0,-0.03698699590794392,0.006986995907943924,0.003013004092056076,6.026008184112152,0.003846253180763939,0.000812857561122097,3.615604910467291,0.025,0.0,-0.03,0.0,1.0,0.0,0.01
12,0.3999963065204478,80,0.0366481851600399,0.0,-0.03821338506639982,0.00821338506639982,0.0017866149336001804,3.573229867200361,-8.963819726398703e-05,0.0019793601936899637,2.1439379203202162,0.025,0.0,-0.03,0.0,1.0,0.0,0.01
13,0.43332933206381846,66,0.038266521959778595,0.0,-0.02105513704214374,0.008944862957856257,0.0010551370421437428,2.1102740842874854,-0.0027501000998233706,0.0028672521896666333,1.2661644505724912,0.025,0.0,-0.03,0.0,1.0,0.0,0.01
13,0.43332933206381846,67,0.038309366045545704,0.0,-0.022291328591743872,0.007708671408256127,0.002291328591743873,4.582657183487746,0.001397639652158032,0.0026470220172087246,2.7495943100926477,0.025,0.0,-0.03,0.0,1.0,0.0,0.01
13,0.43332933206381846,68,0.03832855820121578,0.0,-0.02352812269444456,0.0064718773055554395,0.0035281226944445607,7.0562453888891215,-0.003584674130616114,0.002261542042970718,4.233747233333473,0.025,0.0,-0.03,0.0,1.0,0.0,0.01
13,0.43332933206381846,69,0.03832346811330229,0.0,-0.02476499946307563,0.00523500053692437,0.004764999463075631,9.529998926151261,0.0021835457977201693,0.001877992047794538,5.717999355690757,0.025,0.0,-0.03,0.0,1.0,0.0,0.01
13,0.43332933206381846,70,0.03829365059709636,0.0,-0.026001556390894524,0.003998443609105475,0.006001556390894525,12.00311278178905,-0.004309717496332006,0.0017202819661383635,7.20186766907343,0.025,0.0,-0.03,0.0,1.0,0.0,0.01
13,0.43332933206381846,71,0.03823885359608865,0.0,-0.02723720374330329,0.0027627962566967104,0.00723720374330329,14.47440748660658,0.0027854661465557327,0.0010599093779819744,8.684644491963947,0.025,0.0,-0.03,0.0,1.0,0.0,0.01
13,0.43332933206381846,72,0.03815901009245424,0.0,-0.02847153366521413,0.0015284663347858683,0.008471533665214132,16.943067330428264,-0.004873231365758826,0.0012546457417156062,10.165840398256957,0.025,0.0,-0.03,0.0,1.0,0.0,0.01
13,0.43332933206381846,73,0.03805409387554648,0.0,-0.02970397007530064,0.0002960299246993585,0.009703970075300642,19.407940150601284,0.003092250390107382,0.0002444872941051654,11.64476409036077,0.025,0.0,-0.03,0.0,1.0,0.0,0.01
13,0.43332933206381846,74,0.037923544311496644,0.0,-0.03093410285940106,0.0009341028594010599,0.00906589714059894,18.13179428119788,0.005046621743446763,0.0007705376785530745,10.879076568718729,0.025,0.0,-0.03,0.0,1.0,0.0,0.01
13,0.43332933206381846,75,0.03776726241276599,0.0,-0.03216129680188677,0.0021612968018867723,0.007838703198113228,15.677406396226456,-0.0029888528922223444,0.000495250481667776,9.406443837735873,0.025,0.0,-0.03,0.0,1.0,0.0,0.01
13,0.43332933206381846,76,0.03758702444829386,0.0,-0.033385387578878406,0.003385387578878407,0.006614612421121593,13.229224842243186,0.005111353010983906,0.00028263316947735155,7.937534905345911,0.025,0.0,-0.03,0.0,1.0,0.0,0.01
13,0.43332933206381846,77,0.03738581500761394,0.0,-0.03460623359528994,0.004606233595289944,0.005393766404710057,10.787532809420114,-0.0027978464682977605,0.0012195949564126844,6.472519685652068,0.025,0.0,-0.03,0.0,1.0,0.0,0.01
13,0.43332933206381846,78,0.03716630157850536,0.0,-0.03582402628804367,0.005824026288043668,0.004175973711956332,8.351947423912664,0.004987578831581651,0.00023691813451838642,5.011168454347598,0.025,0.0,-0.03,0.0,1.0,0.0,0.01
13,0.43332933206381846,79,0.036930784807168236,0.0,-0.037038814316288436,0.007038814316288437,0.002961185683711563,5.922371367423126,-0.002337914842186684,0.0018639970087274164,3.5534228204538754,0.025,0.0,-0.03,0.0,1.0,0.0,0.01
13,0.43332933206381846,80,0.03670042203754312,0.0,-0.03826743096376959,0.008267430963769591,0.001732569036230409,3.4651380724608183,0.004792098530963396,0.0008788800915823156,2.079082843476491,0.025,0.0,-0.03,0.0,1.0,0.0,0.01
14,0.4666623576071891,66,0.03817703439501027,0.0,-0.02108137748096672,0.00891862251903328,0.001081377480966721,2.162754961933442,-0.0011986727422551872,0.0024258457046760556,1.2976529771600651,0.025,0.0,-0.03,0.0,1.0,0.0,0.01
14,0.4666623576071891,67,0.038230186225177175,0.0,-0.022317258572503888,0.007682741427496111,0.002317258572503889,4.634517145007778,-0.0001397354603123157,0.002178586851831621,2.7807102870046667,0.025,0.0,-0.03,0.0,1.0,0.0,0.01
14,0.4666623576071891,68,0.038259698729328086,0.0,-0.023553843965642637,0.006446156034357362,0.003553843965642638,7.107687931285276,-0.0013859905375307232,0.0018751545307872015,4.2646127587711655,0.025,0.0,-0.03,0.0,1.0,0.0,0.01
14,0.4666623576071891,69,0.03826491047756718,0.0,-0.02479082557091037,0.005209174429089629,0.004790825570910371,9.581651141820743,6.214376405081578e-05,0.0015897169785841847,5.748990685092445,0.025,0.0,-0.03,0.0,1.0,0.0,0.01
14,0.4666623576071891,70,0.03824534277834653,0.0,-0.026027564770124186,0.003972435229875813,0.0060275647701241875,12.055129540248375,-0.001580040721622954,0.0013415184623364925,7.233077724149025,0.025,0.0,-0.03,0.0,1.0,0.0,0.01
14,0.4666623576071891,71,0.038200702560745724,0.0,-0.02726373786611094,0.0027362621338890593,0.007263737866110941,14.527475732221882,0.0002213878948748162,0.0009932183358079126,8.716485439333129,0.025,0.0,-0.03,0.0,1.0,0.0,0.01
14,0.4666623576071891,72,0.038130900164640935,0.0,-0.028498641150903392,0.0015013588490966068,0.008498641150903393,16.997282301806788,-0.0017662907257079623,0.000817876443443487,10.198369381084072,0.025,0.0,-0.03,0.0,1.0,0.0,0.01
14,0.4666623576071891,73,0.038035687479192774,0.0,-0.029731992976995244,0.000268007023004755,0.009731992976995245,19.46398595399049,0.0003015700072376459,0.0004070054475555368,11.678391572394295,0.025,0.0,-0.03,0.0,1.0,0.0,0.01
14,0.4666623576071891,74,0.037914495146437854,0.0,-0.03096304377012811,0.0009630437701281108,0.00903695622987189,18.073912459743777,0.001883056258176546,0.00035200564186672504,10.844347475846266,0.025,0.0,-0.03,0.0,1.0,0.0,0.01
14,0.4666623576071891,75,0.03776740930899138,0.0,-0.032191482129449174,0.002191482129449175,0.007808517870550825,15.61703574110165,-0.0002727050331268143,0.00015100545720605493,9.37022144466099,0.025,0.0,-0.03,0.0,1.0,0.0,0.01
14,0.4666623576071891,76,0.03759650242359784,0.0,-0.033416836771476596,0.0034168367714765974,0.006583163228523403,13.166326457046805,0.0019390084881633525,0.0001137222526614481,7.899795874228083,0.025,0.0,-0.03,0.0,1.0,0.0,0.01
14,0.4666623576071891,77,0.037404754624345955,0.0,-0.03463928745613133,0.004639287456131333,0.005360712543868667,10.721425087737334,-0.00017367244544300503,0.0006940029878496515,6.4328550526424,0.025,0.0,-0.03,0.0,1.0,0.0,0.01
14,0.4666623576071891,78,0.03719472537969274,0.0,-0.03585867281100953,0.005858672811009533,0.004141327188990468,8.282654377980935,0.0019896521803136557,0.0006183958190626701,4.96959262678856,0.025,0.0,-0.03,0.0,1.0,0.0,0.01
14,0.4666623576071891,79,0.03696866508993521,0.0,-0.03707533321598463,0.007075333215984629,0.002924666784015371,5.849333568030742,-5.688076717004964e-06,0.0012256131518672754,3.509600140818445,0.025,0.0,-0.03,0.0,1.0,0.0,0.01
14,0.4666623576071891,80,0.03674830989572055,0.0,-0.038305711255651784,0.008305711255651785,0.0016942887443482154,3.3885774886964306,0.0020109117033751383,0.0011542326617861858,2.0331464932178585,0.025,0.0,-0.03,0.0,1.0,0.0,0.01
15,0.49999538315055975,66,0.03810257401857555,0.0,-0.02110398420201729,0.008896015797982708,0.0011039842020172923,2.2079684040345846,0.001147367490964941,0.0021376860279511112,1.3247810424207507,0.025,0.0,-0.03,0.0,1.0,0.0,0.01
15,0.49999538315055975,67,0.0381643393773565,0.0,-0.02233947439815518,0.007660525601844818,0.002339474398155182,4.6789487963103635,-0.0028495168575951397,0.0017319728455720224,2.807369277786218,0.025,0.0,-0.03,0.0,1.0,0.0,0.01
15,0.49999538315055975,68,0.03820248068508996,0.0,-0.023575899645989024,0.006424100354010975,0.003575899645989025,7.151799291978049,0.002023538925666294,0.0016148555835513079,4.29107957518683,0.025,0.0,-0.03,0.0,1.0,0.0,0.01
15,0.49999538315055975,69,0.03821630561251747,0.0,-0.024812811485772104,0.005187188514227895,0.004812811485772105,9.62562297154421,-0.0036028825640421844,0.0013411311899335766,5.775373782926526,0.025,0.0,-0.03,0.0,1.0,0.0,0.01
15,0.49999538315055975,70,0.03820530628589303,0.0,-0.026049741674493872,0.003950258325506127,0.006049741674493873,12.099483348987746,0.0026698404039209056,0.001029334756098962,7.2596900093926475,0.025,0.0,-0.03,0.0,1.0,0.0,0.01
15,0.49999538315055975,71,0.03816916391668761,0.0,-0.027286178505682032,0.0027138214943179667,0.0072861785056820335,14.572357011364067,-0.004138723313577848,0.0010083728096462693,8.74341420681844,0.025,0.0,-0.03,0.0,1.0,0.0,0.01
15,0.49999538315055975,72,0.03810775149687513,0.0,-0.028521618709729805,0.0014783812902701941,0.008521618709729806,17.04323741945961,0.003046357268650293,0.0004043163564036412,10.225942451675767,0.025,0.0,-0.03,0.0,1.0,0.0,0.01
15,0.49999538315055975,73,0.038020668276608736,0.0,-0.029755547577031034,0.0002444524229689646,0.009755547577031036,19.511095154062073,-0.0043380579879350595,0.0007009310225002868,11.706657092437244,0.025,0.0,-0.03,0.0,1.0,0.0,0.01
15,0.49999538315055975,74,0.037907289033091054,0.0,-0.030987422549521665,0.000987422549521666,0.009012577450478334,18.025154900956668,-0.0030107820504568063,0.00015902110393518044,10.815092940574,0.025,0.0,-0.03,0.0,1.0,0.0,0.01
15,0.49999538315055975,75,0.03776789927757744,0.0,-0.03221671582525803,0.0022167158252580296,0.007783284174741971,15.56656834948394,0.004372896721518573,0.00040433452351525064,9.339941009690364,0.025,0.0,-0.03,0.0,1.0,0.0,0.01
15,0.49999538315055975,76,0.03760477783810903,0.0,-0.03344319057346117,0.003443190573461173,0.006556809426538827,13.113618853077654,-0.00293806318316226,0.0006951351430517957,7.8681713118465915,0.025,0.0,-0.03,0.0,1.0,0.0,0.01
15,0.49999538315055975,77,0.0374209633488015,0.0,-0.034666804934776745,0.004666804934776746,0.0053331950652232545,10.666390130446509,0.004300422990272048,6.984584019152373e-05,6.399834078267905,0.025,0.0,-0.03,0.0,1.0,0.0,0.01
15,0.49999538315055975,78,0.03721885112982448,0.0,-0.035887581609935354,0.005887581609935355,0.004112418390064645,8.22483678012929,-0.002583309561764554,0.0012000321205006942,4.934902068077574,0.025,0.0,-0.03,0.0,1.0,0.0,0.01
15,0.49999538315055975,79,0.03700072309418857,0.0,-0.03710563876750295,0.0071056387675029545,0.0028943612324970457,5.788722464994091,0.004007770538110576,0.0003458620275786916,3.4732334789964545,0.025,0.0,-0.03,0.0,1.0,0.0,0.01
15,0.49999538315055975,80,0.03678876960874208,0.0,-0.038337540694007785,0.008337540694007786,0.001662459305992214,3.324918611984428,-0.002192443294287897,0.0016354173904939517,1.9949511671906566,0.025,0.0,-0.03,0.0,1.0,0.0,0.01
16,0.5333284086939304,66,0.03803933493562851,0.0,-0.02112358886028797,0.008876411139712027,0.0011235888602879728,2.247177720575946,-0.001262841826093509,0.001713124602656019,1.3483066323455675,0.025,0.0,-0.03,0.0,1.0,0.0,0.01
16,0.5333284086939304,67,0.03810843098552778,0.0,-0.022358705803170044,0.007641294196829955,0.0023587058031700452,4.71741160634009,0.0003060014763116778,0.0015873809189916638,2.830446963804054,0.025,0.0,-0.03,0.0,1.0,0.0,0.01
16,0.5333284086939304,68,0.0381539155347108,0.0,-0.02359494138547476,0.006405058614525238,0.0035949413854747623,7.1898827709495245,-0.001552456520653999,0.0013249386312903179,4.3139296625697146,0.025,0.0,-0.03,0.0,1.0,0.0,0.01
16,0.5333284086939304,69,0.0381750689582246,0.0,-0.024831755243853053,0.005168244756146946,0.004831755243853054,9.663510487706109,0.0005874735896767155,0.0011501811018401365,5.7981062926236655,0.025,0.0,-0.03,0.0,1.0,0.0,0.01
16,0.5333284086939304,70,0.038171359464516184,0.0,-0.026068793778109972,0.003931206221890027,0.006068793778109973,12.137587556219946,-0.0017882086811975928,0.0009620555788962962,7.282552533731968,0.025,0.0,-0.03,0.0,1.0,0.0,0.01
16,0.5333284086939304,71,0.038142443810140834,0.0,-0.02730541850609628,0.002694581493903718,0.007305418506096282,14.610837012192565,0.0007792209152491857,0.0006960628604762349,8.766502207315538,0.025,0.0,-0.03,0.0,1.0,0.0,0.01
16,0.5333284086939304,72,0.03808816605821478,0.0,-0.028541262181335084,0.0014587378186649153,0.008541262181335085,17.08252436267017,-0.001962664396873538,0.0006371953736746581,10.249514617602102,0.025,0.0,-0.03,0.0,1.0,0.0,0.01
16,0.5333284086939304,73,0.03800799188688044,0.0,-0.029775648710517712,0.00022435128948228647,0.009775648710517714,19.55129742103543,0.0007942054760993931,0.0002519801121669433,11.730778452621257,0.025,0.0,-0.03,0.0,1.0,0.0,0.01
16,0.5333284086939304,74,0.037901244755858335,0.0,-0.031008178797438418,0.0010081787974384193,0.008991821202561581,17.983642405123163,0.001940778107997216,0.00029418924881071784,10.790185443073897,0.025,0.0,-0.03,0.0,1.0,0.0,0.01
16,0.5333284086939304,75,0.0377683754965422,0.0,-0.03223816962677458,0.002238169626774582,0.007761830373225418,15.523660746450837,-0.0007262222007595508,0.0001511927841734504,9.314196447870502,0.025,0.0,-0.03,0.0,1.0,0.0,0.01
16,0.5333284086939304,76,0.03761185646267406,0.0,-0.03346555015250896,0.0034655501525089616,0.006534449847491039,13.068899694982077,0.0019508248870261954,4.145888964083939e-05,7.841339816989246,0.025,0.0,-0.03,0.0,1.0,0.0,0.01
16,0.5333284086939304,77,0.037434770952773276,0.0,-0.03469011809770854,0.004690118097708543,0.0053098819022914575,10.619763804582915,-0.0006284730359822128,0.000557262123863337,6.3718582827497485,0.025,0.0,-0.03,0.0,1.0,0.0,0.01
16,0.5333284086939304,78,0.03723937827036508,0.0,-0.03591202701877328,0.005912027018773282,0.004087972981226718,8.175945962453437,0.0019440995898606377,0.0003699219612126422,4.905567577472062,0.025,0.0,-0.03,0.0,1.0,0.0,0.01
16,0.5333284086939304,79,0.03702798167087251,0.0,-0.037131234774804754,0.007131234774804755,0.002868765225195245,5.73753045039049,-0.00046356830143914364,0.0009424467100240968,3.442518270234294,0.025,0.0,-0.03,0.0,1.0,0.0,0.01
16,0.5333284086939304,80,0.03682311773035265,0.0,-0.03836437029711699,0.008364370297116994,0.0016356297028830066,3.271259405766013,0.001910905890303751,0.0007544932983951327,1.9627556434596076,0.025,0.0,-0.03,0.0,1.0,0.0,0.01
17,0.5666614342373011,66,0.03798519352818033,0.0,-0.02114270744818502,0.008857292551814978,0.0011427074481850218,2.285414896370044,-0.001472966462921763,0.0014448601933877328,1.3712489378220263,0.025,0.0,-0.03,0.0,1.0,0.0,0.01
17,0.5666614342373011,67,0.03806053734755269,0.0,-0.022377533453209662,0.007622466546790337,0.0023775334532096636,4.755066906419327,0.0005515189300117282,0.001377600829038491,2.8530401438515964,0.025,0.0,-0.03,0.0,1.0,0.0,0.01
17,0.5666614342373011,68,0.03811227588762266,0.0,-0.023613510432984347,0.006386489567015652,0.0036135104329843484,7.227020865968696,-0.001897544587275341,0.0011191504796247012,4.336212519581218,0.025,0.0,-0.03,0.0,1.0,0.0,0.01
17,0.5666614342373011,69,0.038139673699709734,0.0,-0.024850290502763706,0.005149709497236293,0.0048502905027637076,9.700581005527415,0.0009582193389058792,0.0009946190029558955,5.820348603316448,0.025,0.0,-0.03,0.0,1.0,0.0,0.01
17,0.5666614342373011,70,0.03814217382708985,0.0,-0.026087304666075315,0.003912695333924684,0.006087304666075316,12.174609332150633,-0.0022419533925214716,0.0008289636290490064,7.304765599290379,0.025,0.0,-0.03,0.0,1.0,0.0,0.01
17,0.5666614342373011,71,0.038119409158962815,0.0,-0.02732415739555598,0.0026758426044440203,0.00732415739555598,14.648314791111959,0.0012415862960163866,0.000586822934367379,8.788988874667176,0.025,0.0,-0.03,0.0,1.0,0.0,0.01
17,0.5666614342373011,72,0.0380712076311731,0.0,-0.02856021472330578,0.0014397852766942186,0.008560214723305782,17.120429446611563,-0.0024782919942142713,0.00056402626417328,10.272257667966938,0.025,0.0,-0.03,0.0,1.0,0.0,0.01
17,0.5666614342373011,73,0.03799689956470244,0.0,-0.029795073331027468,0.00020492666897253126,0.009795073331027469,19.590146662054938,0.0013454095944318667,0.0001820899933544849,11.754087997232963,0.025,0.0,-0.03,0.0,1.0,0.0,0.01
17,0.5666614342373011,74,0.03789578185731067,0.0,-0.031028038839967763,0.001028038839967764,0.008971961160032236,17.943922320064473,0.0025404493325052978,0.0003236655657144424,10.766353392038683,0.025,0.0,-0.03,0.0,1.0,0.0,0.01
17,0.5666614342373011,75,0.03776841569276463,0.0,-0.03225871911285388,0.0022587191128538783,0.007741280887146122,15.482561774292243,-0.0013246442945140774,0.00019851879740439781,9.289537064575345,0.025,0.0,-0.03,0.0,1.0,0.0,0.01
17,0.5666614342373011,76,0.03761750006427758,0.0,-0.033486745536167165,0.0034867455361671656,0.0065132544638328346,13.026508927665668,0.0025441968994071064,8.138968863822392e-05,7.8159053565994006,0.025,0.0,-0.03,0.0,1.0,0.0,0.01
17,0.5666614342373011,77,0.037446110010304096,0.0,-0.03471219590301162,0.004712195903011619,0.005287804096988381,10.575608193976763,-0.0011931399475274883,0.0005564586191104197,6.345364916386058,0.025,0.0,-0.03,0.0,1.0,0.0,0.01
17,0.5666614342373011,78,0.0372564341418772,0.0,-0.035934936353244656,0.0059349363532446575,0.004065063646755343,8.130127293510686,0.0024467828700665156,0.00020203103213241723,4.878076376106411,0.025,0.0,-0.03,0.0,1.0,0.0,0.01
17,0.5666614342373011,79,0.037050736678975675,0.0,-0.03715518571258703,0.0071551857125870325,0.0028448142874129678,5.689628574825935,-0.0009537034283713352,0.0008828448291055956,3.413777144895561,0.025,0.0,-0.03,0.0,1.0,0.0,0.01
17,0.5666614342373011,80,0.03685192060108474,0.0,-0.0383892472342506,0.0083892472342506,0.0016107527657493997,3.2215055314987993,0.0023388257286051815,0.0005304490921631563,1.9329033188992795,0.025,0.0,-0.03,0.0,1.0,0.0,0.01
18,0.5999944597806717,66,0.03793874346892156,0.0,-0.02116096780151746,0.00883903219848254,0.0011609678015174606,2.3219356030349214,0.0007666305015293787,0.0013731638284296063,1.3931613618209528,0.025,0.0,-0.03,0.0,1.0,0.0,0.01
18,0.5999944597806717,67,0.03801955676440847,0.0,-0.022395466187095356,0.007604533812904643,0.002395466187095357,4.790932374190715,-0.0020904273313803495,0.001055213151210668,2.8745594245144286,0.025,0.0,-0.03,0.0,1.0,0.0,0.01
18,0.5999944597806717,68,0.03807679903571916,0.0,-0.02363124964943203,0.00636875035056797,0.0036312496494320303,7.262499298864061,0.001393632908013749,0.001040004370052304,4.357499579318437,0.025,0.0,-0.03,0.0,1.0,0.0,0.01
18,0.5999944597806717,69,0.038109718912243594,0.0,-0.024867906900039583,0.005132093099960416,0.0048679069000395845,9.73581380007917,-0.002637040771422754,0.0007975330821712905,5.841488280047502,0.025,0.0,-0.03,0.0,1.0,0.0,0.01
18,0.5999944597806717,70,0.038117746387970344,0.0,-0.026104951208305766,0.0038950487916942327,0.0061049512083057676,12.209902416611536,0.0018895016754793344,0.0006552359676105392,7.325941449966921,0.025,0.0,-0.03,0.0,1.0,0.0,0.01
18,0.5999944597806717,71,0.03810049982685247,0.0,-0.027341899905333374,0.0026581000946666253,0.007341899905333375,14.68379981066675,-0.0030575037977096545,0.0005807811697637223,8.81027988640005,0.025,0.0,-0.03,0.0,1.0,0.0,0.01
18,0.5999944597806717,72,0.03805778977324516,0.0,-0.028578215756127064,0.0014217842438729346,0.008578215756127066,17.15643151225413,0.0022172978822869098,0.0002270757786345287,10.293858907352478,0.025,0.0,-0.03,0.0,1.0,0.0,0.01
18,0.5999944597806717,73,0.03798887553847046,0.0,-0.029813386795991107,0.00018661320400889178,0.009813386795991108,19.626773591982218,-0.0032203467173988858,0.0003794589085515412,11.77606415518933,0.025,0.0,-0.03,0.0,1.0,0.0,0.01
18,0.5999944597806717,74,0.03789303245815561,0.0,-0.031046817829873518,0.001046817829873519,0.008953182170126481,17.906364340252964,-0.002195857448011626,0.00016668126530590464,10.743818604151778,0.025,0.0,-0.03,0.0,1.0,0.0,0.01
18,0.5999944597806717,75,0.03777094212904915,0.0,-0.03227801655718733,0.0022780165571873318,0.0077219834428126684,15.443966885625336,0.0032423325180354055,0.0001613294041841302,9.266380131375202,0.025,0.0,-0.03,0.0,1.0,0.0,0.01
18,0.5999944597806717,76,0.037625332424610296,0.0,-0.03350671069643285,0.003506710696432852,0.006493289303567148,12.986578607134296,-0.0021326435109449552,0.0005593374063717874,7.791947164280577,0.025,0.0,-0.03,0.0,1.0,0.0,0.01
18,0.5999944597806717,77,0.037459256131465155,0.0,-0.034732867845062965,0.004732867845062966,0.0052671321549370344,10.534264309874068,0.0031887693334577832,5.894269598109925e-05,6.320558585924441,0.025,0.0,-0.03,0.0,1.0,0.0,0.01
18,0.5999944597806717,78,0.03727487702678519,0.0,-0.03595644208309892,0.005956442083098923,0.004043557916901077,8.087115833802155,-0.0019195013838815076,0.0009165421418151458,4.852269500281293,0.025,0.0,-0.03,0.0,1.0,0.0,0.01
18,0.5999944597806717,79,0.03707447256708896,0.0,-0.037177549231543275,0.007177549231543276,0.0028224507684567243,5.644901536913449,0.0029937051181863675,0.00034143464909750914,3.386940922148069,0.025,0.0,-0.03,0.0,1.0,0.0,0.01
18,0.5999944597806717,80,0.036881073249607654,0.0,-0.03841249286084736,0.00841249286084736,0.001587507139152641,3.175014278305282,-0.0016531284975252805,0.0012218403202231957,1.9050085669831691,0.025,0.0,-0.03,0.0,1.0,0.0,0.01
19,0.6333274853240424,66,0.037901966367324964,0.0,-0.021175736607893018,0.008824263392106981,0.001175736607893019,2.3514732157860383,-0.000885983851932131,0.000907460925297648,1.4108839294716229,0.025,0.0,-0.03,0.0,1.0,0.0,0.01
19,0.6333274853240424,67,0.03798712280560067,0.0,-0.022409958887976273,0.007590041112023726,0.0024099588879762743,4.819917775952549,0.00024105595915687169,0.0008657532042701927,2.891950665571529,0.025,0.0,-0.03,0.0,1.0,0.0,0.01
19,0.6333274853240424,68,0.038048752909632465,0.0,-0.023645589410124786,0.0063544105898752125,0.0036455894101247877,7.291178820249575,-0.0011172753724025548,0.0006926759931428451,4.374707292149745,0.025,0.0,-0.03,0.0,1.0,0.0,0.01
19,0.6333274853240424,69,0.03808609281963824,0.0,-0.024882129224322036,0.005117870775677963,0.004882129224322037,9.764258448644075,0.00047114765256454623,0.0006203875115235639,5.858555069186445,0.025,0.0,-0.03,0.0,1.0,0.0,0.01
19,0.6333274853240424,70,0.03809856531835185,0.0,-0.026119201304957214,0.003880798695042785,0.006119201304957215,12.23840260991443,-0.0013132789333330517,0.0004938999103249282,7.343041565948658,0.025,0.0,-0.03,0.0,1.0,0.0,0.01
19,0.6333274853240424,71,0.03808577780272717,0.0,-0.027356206080668324,0.002643793919331675,0.007356206080668325,14.71241216133665,0.0006401688950545832,0.00035424014031416575,8.827447296801989,0.025,0.0,-0.03,0.0,1.0,0.0,0.01
19,0.6333274853240424,72,0.03804752794519472,0.0,-0.028592737175550345,0.0014072628244496538,0.008592737175550346,17.185474351100694,-0.0014586445666659943,0.00031932133371003195,10.311284610660417,0.025,0.0,-0.03,0.0,1.0,0.0,0.01
19,0.6333274853240424,73,0.037983027975086,0.0,-0.029828138577603615,0.00017186142239638408,0.009828138577603616,19.65627715520723,0.0006653374643944885,8.422288156273032e-05,11.793766293124339,0.025,0.0,-0.03,0.0,1.0,0.0,0.01
19,0.6333274853240424,74,0.037891536388283,0.0,-0.031061954150895008,0.0010619541508950087,0.008938045849104992,17.876091698209983,0.0014332898539491815,0.00011643139945083258,10.72565501892599,0.025,0.0,-0.03,0.0,1.0,0.0,0.01
19,0.6333274853240424,75,0.03777382986844767,0.0,-0.03229354851065901,0.0022935485106590145,0.007706451489340986,15.412902978681972,-0.0006227951771389495,0.000162118629697172,9.247741787209183,0.025,0.0,-0.03,0.0,1.0,0.0,0.01
19,0.6333274853240424,76,0.037632631885435426,0.0,-0.03352279388271304,0.003522793882713038,0.006477206117286962,12.954412234573924,0.001444981922519172,7.371486370643185e-05,7.772647340744355,0.025,0.0,-0.03,0.0,1.0,0.0,0.01
19,0.6333274853240424,77,0.03747096824525739,0.0,-0.03474950309989299,0.004749503099892992,0.005250496900107008,10.500993800214017,-0.0005693651781932431,0.00042992934868982106,6.30059628012841,0.025,0.0,-0.03,0.0,1.0,0.0,0.01
19,0.6333274853240424,78,0.037290979952353365,0.0,-0.035973765804710345,0.005973765804710346,0.004026234195289654,8.052468390579309,0.0014202859524273346,0.0002774786986960356,4.831481034347585,0.025,0.0,-0.03,0.0,1.0,0.0,0.01
19,0.6333274853240424,79,0.037094957956923524,0.0,-0.037195549097981055,0.007195549097981056,0.002804450902018944,5.608901804037888,-0.0004479081785317883,0.0006641269757150376,3.365341082422733,0.025,0.0,-0.03,0.0,1.0,0.0,0.01
19,0.6333274853240424,80,0.03690627343991278,0.0,-0.03843125453354491,0.008431254533544909,0.0015687454664550914,3.137490932910183,0.0013769955255575716,0.0005142419725430159,1.8824945597461098,0.025,0.0,-0.03,0.0,1.0,0.0,0.01
20,0.666660510867413,66,0.03787459084812072,0.0,-0.021187131151049872,0.008812868848950127,0.0011871311510498733,2.3742623020997464,-0.0007773953554707977,0.0006990618192043599,1.4245573812598478,0.025,0.0,-0.03,0.0,1.0,0.0,0.01
20,0.666660510867413,67,0.037962983044433275,0.0,-0.02242118398207788,0.007578816017922117,0.002421183982077883,4.842367964155766,0.00031209158619244535,0.000679932466428958,2.90542077849346,0.025,0.0,-0.03,0.0,1.0,0.0,0.01
20,0.666660510867413,68,0.03802787751890573,0.0,-0.02365663761302058,0.006343362386979419,0.0036566376130205813,7.313275226041163,-0.0010052565799128896,0.0005327450271720398,4.387965135624698,0.025,0.0,-0.03,0.0,1.0,0.0,0.01
20,0.666660510867413,69,0.03806851007113829,0.0,-0.024893143831658467,0.005106856168341532,0.004893143831658469,9.786287663316937,0.0005363096515625735,0.0004861911516601658,5.871772597990162,0.025,0.0,-0.03,0.0,1.0,0.0,0.01
20,0.666660510867413,70,0.038084291790043565,0.0,-0.02613015703378186,0.0038698429662181386,0.006130157033781862,12.260314067563723,-0.0011979757055488732,0.00038274668630755305,7.356188440538233,0.025,0.0,-0.03,0.0,1.0,0.0,0.01
20,0.666660510867413,71,0.038074823319952114,0.0,-0.027367271285319274,0.002632728714680725,0.007367271285319275,14.73454257063855,0.0007033761670006014,0.0002744847696732075,8.84072554238313,0.025,0.0,-0.03,0.0,1.0,0.0,0.01
20,0.666660510867413,72,0.038039896453096966,0.0,-0.02860387123443951,0.00139612876556049,0.00860387123443951,17.20774246887902,-0.0013402924642256402,0.0002411170886947906,10.32464548132741,0.025,0.0,-0.03,0.0,1.0,0.0,0.01
20,0.666660510867413,73,0.03797867761141092,0.0,-0.029839519453124626,0.00016048054687537242,0.009839519453124628,19.679038906249257,0.0007803376174450532,5.6709033367559104e-05,11.807423343749553,0.025,0.0,-0.03,0.0,1.0,0.0,0.01
20,0.666660510867413,74,0.03789042715697282,0.0,-0.031073526157041065,0.001073526157041066,0.008926473842958934,17.85294768591787,0.0013895320458966424,0.00011490273884796984,10.71176861155072,0.025,0.0,-0.03,0.0,1.0,0.0,0.01
20,0.666660510867413,75,0.03777596996433679,0.0,-0.03230548961837437,0.0023054896183743734,0.007694510381625627,15.389020763251253,-0.0007816326250925514,0.0001603324193090187,9.23341245795075,0.025,0.0,-0.03,0.0,1.0,0.0,0.01
20,0.666660510867413,76,0.03763805796265834,0.0,-0.03353504915798052,0.003535049157980523,0.006464950842019477,12.929901684038954,0.001401436950388219,2.4928298255375315e-05,7.757941010423372,0.025,0.0,-0.03,0.0,1.0,0.0,0.01
20,0.666660510867413,77,0.03747966181403242,0.0,-0.03476224143625063,0.004762241436250633,0.005237758563749367,10.475517127498733,-0.000726412310706084,0.0003614742783800311,6.2853102764992395,0.025,0.0,-0.03,0.0,1.0,0.0,0.01
20,0.666660510867413,78,0.03730294505342799,0.0,-0.03598692413307719,0.005986924133077193,0.0040130758669228075,8.026151733845614,0.0013585465957476589,0.00017758892940054357,4.815691040307368,0.025,0.0,-0.03,0.0,1.0,0.0,0.01
20,0.666660510867413,79,0.03711016632492889,0.0,-0.037209276112683376,0.007209276112683377,0.002790723887316623,5.581447774633246,-0.0006034127240351815,0.0005440430044673903,3.3488686647799475,0.025,0.0,-0.03,0.0,1.0,0.0,0.01
20,0.666660510867413,80,0.03692502738780509,0.0,-0.03844546669989346,0.008445466699893461,0.0015545333001065389,3.109066600213078,0.001299061452531036,0.00035749590807796226,1.8654399601278466,0.025,0.0,-0.03,0.0,1.0,0.0,0.01
21,0.6999935364107837,66,0.03785223104646248,0.0,-0.021195715244896548,0.008804284755103451,0.0011957152448965492,2.3914304897930982,0.0007350837141690981,0.0006830844776582741,1.434858293875859,0.025,0.0,-0.03,0.0,1.0,0.0,0.01
21,0.6999935364107837,67,0.037943273932434664,0.0,-0.022429580412319784,0.007570419587680215,0.002429580412319785,4.85916082463957,-0.0014101846905829583,0.0004691822454009021,2.915496494783742,0.025,0.0,-0.03,0.0,1.0,0.0,0.01
21,0.6999935364107837,68,0.03801084619936474,0.0,-0.02366493462025797,0.00633506537974203,0.00366493462025797,7.32986924051594,0.001198110679842109,0.0005212846396684451,4.397921544309564,0.025,0.0,-0.03,0.0,1.0,0.0,0.01
21,0.6999935364107837,69,0.03805417405551392,0.0,-0.024901347041912717,0.005098652958087282,0.004901347041912718,9.802694083825436,-0.0018169639589177863,0.0003570244258703962,5.881616450295262,0.025,0.0,-0.03,0.0,1.0,0.0,0.01
21,0.6999935364107837,70,0.03807266500637458,0.0,-0.026138372987593087,0.0038616270124069117,0.0061383729875930885,12.276745975186177,0.0015631089381392658,0.00032072161405519894,7.366047585111706,0.025,0.0,-0.03,0.0,1.0,0.0,0.01
21,0.6999935364107837,71,0.03806591195132301,0.0,-0.027375496946827435,0.002624503053172564,0.007375496946827436,14.750993893654872,-0.002124060322896521,0.0002757231409251839,8.850596336192924,0.025,0.0,-0.03,0.0,1.0,0.0,0.01
21,0.6999935364107837,72,0.0380336980901286,0.0,-0.028612225144819325,0.0013877748551806741,0.008612225144819326,17.224450289638654,0.001805365684112823,8.950110871610949e-05,10.334670173783191,0.025,0.0,-0.03,0.0,1.0,0.0,0.01
21,0.6999935364107837,73,0.037975162303549706,0.0,-0.029847988212630017,0.00015201178736998222,0.009847988212630018,19.695976425260035,-0.0022467577023177272,0.00020648879788054197,11.81758585515602,0.025,0.0,-0.03,0.0,1.0,0.0,0.01
21,0.6999935364107837,74,0.03788954822191178,0.0,-0.03108222443318411,0.0010822244331841098,0.00891777556681589,17.835551133631782,-0.001809275961677689,0.0001271299812485239,10.701330680179069,0.025,0.0,-0.03,0.0,1.0,0.0,0.01
21,0.6999935364107837,75,0.037777741118222796,0.0,-0.03231440224300926,0.0023144022430092587,0.0076855977569907415,15.371195513981483,0.0022621627591200358,0.00012847119025709305,9.222717308388889,0.025,0.0,-0.03,0.0,1.0,0.0,0.01
21,0.6999935364107837,76,0.0376424926029885,0.0,-0.03354428995919133,0.0035442899591913296,0.006455710040808671,12.911420081617342,-0.0017724830578214137,0.0003385210132306832,7.746852048970405,0.025,0.0,-0.03,0.0,1.0,0.0,0.01
21,0.6999935364107837,77,0.0374867615175916,0.0,-0.03477179070433367,0.004771790704333673,0.0052282092956663275,10.456418591332655,0.002206889419218677,4.337514665270075e-05,6.273851154799593,0.025,0.0,-0.03,0.0,1.0,0.0,0.01
21,0.6999935364107837,78,0.03731269468785585,0.0,-0.03599688382683069,0.005996883826830689,0.0040031161731693115,8.006232346338622,-0.0016225661862687773,0.0005241692580134767,4.803739407803174,0.025,0.0,-0.03,0.0,1.0,0.0,0.01
21,0.6999935364107837,79,0.03712256481667466,0.0,-0.037219620313923306,0.007219620313923307,0.002780379686076693,5.560759372153386,0.0020443650013618558,8.547195348744558e-05,3.3364556232920317,0.025,0.0,-0.03,0.0,1.0,0.0,0.01
21,0.6999935364107837,80,0.03694022505096835,0.0,-0.03845625549706654,0.008456255497066544,0.0015437445029334567,3.0874890058669133,-0.0014366838757469136,0.0006705196418631296,1.852493403520148,0.025,0.0,-0.03,0.0,1.0,0.0,0.01
22,0.7333265619541542,66,0.037833650425818786,0.0,-0.021202103745732555,0.008797896254267443,0.0012021037457325568,2.4042074914651135,-0.0008726879333708902,0.0004517345322623781,1.442524494879068,0.025,0.0,-0.03,0.0,1.0,0.0,0.01
22,0.7333265619541542,67,0.03792690921933322,0.0,-0.022435816041654327,0.007564183958345672,0.002435816041654328,4.871632083308656,0.0007272916918757056,0.0004995719479395757,2.9229792499851937,0.025,0.0,-0.03,0.0,1.0,0.0,0.01
22,0.7333265619541542,68,0.03799671826295317,0.0,-0.02367106863555702,0.006328931364442979,0.0036710686355570215,7.342137271114043,-0.0012112794460207464,0.00034066482416677163,4.405282362668426,0.025,0.0,-0.03,0.0,1.0,0.0,0.01
22,0.7333265619541542,69,0.03804229807283794,0.0,-0.024907410639552714,0.005092589360447285,0.0049074106395527155,9.81482127910543,0.001048465328809794,0.0003514641698244952,5.8888927674632585,0.025,0.0,-0.03,0.0,1.0,0.0,0.01
22,0.7333265619541542,70,0.0380630518307989,0.0,-0.026144424993814693,0.0038555750061853057,0.0061444249938146945,12.288849987629389,-0.0014898828811737424,0.00025600781349355446,7.373309992577633,0.025,0.0,-0.03,0.0,1.0,0.0,0.01
22,0.7333265619541542,71,0.03805856660740666,0.0,-0.027381568060558772,0.002618431939441227,0.007381568060558773,14.763136121117546,0.0012886884433322178,0.00017672085557590182,8.857881672670526,0.025,0.0,-0.03,0.0,1.0,0.0,0.01
22,0.7333265619541542,72,0.03802861968851969,0.0,-0.02861837860685736,0.0013816213931426395,0.00861837860685736,17.23675721371472,-0.0016871198032508109,0.00019974923348353862,10.342054328228832,0.025,0.0,-0.03,0.0,1.0,0.0,0.01
22,0.7333265619541542,73,0.037972325315283516,0.0,-0.02985425017247568,0.00014574982752432047,0.00985425017247568,19.70850034495136,0.0013581230866381508,5.9330593849988975e-06,11.825100206970816,0.025,0.0,-0.03,0.0,1.0,0.0,0.01
22,0.7333265619541542,74,0.037888916987704684,0.0,-0.031088655250147944,0.001088655250147945,0.008911344749852055,17.82268949970411,0.0016757697463219985,0.00012273493984497807,10.693613699822466,0.025,0.0,-0.03,0.0,1.0,0.0,0.01
22,0.7333265619541542,75,0.03777932436659443,0.0,-0.032321024898244816,0.0023210248982448167,0.0076789751017551835,15.357950203510367,-0.001335461591319132,0.0001695596039125051,9.21477012210622,0.025,0.0,-0.03,0.0,1.0,0.0,0.01
22,0.7333265619541542,76,0.03764630456666074,0.0,-0.03355116537595015,0.003551165375950148,0.006448834624049852,12.897669248099705,0.0016709278223864437,5.1367404448152376e-05,7.7386015488598225,0.025,0.0,-0.03,0.0,1.0,0.0,0.01
22,0.7333265619541542,77,0.037492800096750996,0.0,-0.034778936446586216,0.004778936446586217,0.005221063553413783,10.442127106827567,-0.0012750785392289098,0.00034283089449566745,6.265276264096539,0.025,0.0,-0.03,0.0,1.0,0.0,0.01
22,0.7333265619541542,78,0.0373209516276994,0.0,-0.03600435197822375,0.00600435197822375,0.00399564802177625,7.9912960435525004,0.0015965980737480071,3.907779840806774e-05,4.7947776261315,0.025,0.0,-0.03,0.0,1.0,0.0,0.01
22,0.7333265619541542,79,0.03713303491273726,0.0,-0.037227421131466674,0.007227421131466676,0.0027725788685333246,5.545157737066649,-0.0011246321432092038,0.00047694967824768084,3.3270946422399894,0.025,0.0,-0.03,0.0,1.0,0.0,0.01
22,0.7333265619541542,80,0.036953035054201375,0.0,-0.038464407786805495,0.008464407786805496,0.0015355922131945043,3.0711844263890087,0.0014957268652358642,0.00016570467587391697,1.8427106558334052,0.025,0.0,-0.03,0.0,1.0,0.0,0.01
23,0.7666595874975249,66,0.03781826598590781,0.0,-0.021206829909651607,0.008793170090348391,0.0012068299096516088,2.4136598193032177,-9.293561691160408e-06,0.00042825421722869763,1.4481958915819306,0.025,0.0,-0.03,0.0,1.0,0.0,0.01
23,0.7666595874975249,67,0.037913370479052834,0.0,-0.022440434258535157,0.007559565741464842,0.0024404342585351586,4.880868517070317,-0.00025697983209611874,0.0003594523106774942,2.92852111024219,0.025,0.0,-0.03,0.0,1.0,0.0,0.01
23,0.7666595874975249,68,0.03798503912020457,0.0,-0.023675569135859244,0.006324430864140754,0.003675569135859246,7.351138271718492,4.7209092243793694e-05,0.0003252774920515788,4.410682963031095,0.025,0.0,-0.03,0.0,1.0,0.0,0.01
23,0.7666595874975249,69,0.03803249336142552,0.0,-0.024911881506054626,0.005088118493945373,0.004911881506054627,9.823763012109254,-0.00029728776287911717,0.00026163965004151365,5.894257807265552,0.025,0.0,-0.03,0.0,1.0,0.0,0.01
23,0.7666595874975249,70,0.038055128795696995,0.0,-0.026148844232956072,0.003851155767043927,0.006148844232956073,12.297688465912147,8.75689692280609e-05,0.00021668295474064293,7.3786130795472875,0.025,0.0,-0.03,0.0,1.0,0.0,0.01
23,0.7666595874975249,71,0.03805252967076152,0.0,-0.027386039755327166,0.0026139602446728326,0.007386039755327168,14.772079510654335,-0.0003283748144153908,0.00016713720430063835,8.8632477063926,0.025,0.0,-0.03,0.0,1.0,0.0,0.01
23,0.7666595874975249,72,0.03802446945108246,0.0,-0.028622870423401205,0.0013771295765987943,0.008622870423401206,17.245740846802413,0.00010962346539974885,9.779384996943833e-05,10.347444508081447,0.025,0.0,-0.03,0.0,1.0,0.0,0.01
23,0.7666595874975249,73,0.03797003862942609,0.0,-0.029858873649522492,0.0001411263504775065,0.009858873649522494,19.717747299044987,-0.0003236546863223782,7.352885870049594e-05,11.830648379426991,0.025,0.0,-0.03,0.0,1.0,0.0,0.01
23,0.7666595874975249,74,0.0378884697454368,0.0,-0.031093369364923455,0.0010933693649234563,0.008906630635076544,17.813261270153088,-7.358657944646459e-05,5.725105988539545e-07,10.687956762091853,0.025,0.0,-0.03,0.0,1.0,0.0,0.01
23,0.7666595874975249,75,0.03778071711662572,0.0,-0.03232594193671408,0.0023259419367140793,0.007674058063285921,15.348116126571842,0.00031653668053878415,2.871744674425436e-05,9.208869675943104,0.025,0.0,-0.03,0.0,1.0,0.0,0.01
23,0.7666595874975249,76,0.03764955744349363,0.0,-0.03355624338826262,0.003556243388262624,0.006443756611737376,12.887513223474752,-5.7565399656090044e-05,0.00010914749556694606,7.73250793408485,0.025,0.0,-0.03,0.0,1.0,0.0,0.01
23,0.7666595874975249,77,0.03749790188726045,0.0,-0.034784282008078836,0.004784282008078837,0.005215717991921163,10.431435983842327,0.0003210718413770618,0.00011800875968455546,6.258861590305396,0.025,0.0,-0.03,0.0,1.0,0.0,0.01
23,0.7666595874975249,78,0.03732790618334613,0.0,-0.03600991874065817,0.00600991874065817,0.0039900812593418305,7.980162518683661,-3.2174711831006324e-05,0.00021458420122196807,4.7880975112101964,0.025,0.0,-0.03,0.0,1.0,0.0,0.01
23,0.7666595874975249,79,0.03714182664917356,0.0,-0.037233303837204544,0.007233303837204545,0.002766696162795455,5.53339232559091,0.000318501864134321,0.00021736163121918796,3.320035395354546,0.025,0.0,-0.03,0.0,1.0,0.0,0.01
23,0.7666595874975249,80,0.03696378299235109,0.0,-0.03847053981261888,0.008470539812618881,0.0015294601873811191,3.058920374762238,-1.6089335525006087e-06,0.0003175376240573469,1.8353522248573428,0.025,0.0,-0.03,0.0,1.0,0.0,0.01
24,0.7999926130408956,66,0.03780556894702512,0.0,-0.021210331557110874,0.008789668442889125,0.001210331557110875,2.42066311422175,0.00035417180569363065,0.0003803088338168319,1.45239786853305,0.025,0.0,-0.03,0.0,1.0,0.0,0.01
24,0.7999926130408956,67,0.03790220131461591,0.0,-0.0224438060906476,0.007556193909352398,0.002443806090647602,4.8876121812952045,-0.0006406852842816016,0.00026923736519335876,2.9325673087771227,0.025,0.0,-0.03,0.0,1.0,0.0,0.01
24,0.7999926130408956,68,0.03797541392973808,0.0,-0.023678885447059473,0.006321114552940526,0.0036788854470594743,7.357770894118949,0.0005722585985188809,0.0002903769953821453,4.414662536471369,0.025,0.0,-0.03,0.0,1.0,0.0,0.01
24,0.7999926130408956,69,0.03802442012738372,0.0,-0.024915117656846772,0.005084882343153227,0.004915117656846773,9.830235313693546,-0.0008312995408283137,0.00020018864030664886,5.898141188216127,0.025,0.0,-0.03,0.0,1.0,0.0,0.01
24,0.7999926130408956,70,0.03804861597693883,0.0,-0.026152093341074812,0.003847906658925187,0.006152093341074813,12.304186682149627,0.0007466918901732779,0.00018208585799440625,7.382512009289776,0.025,0.0,-0.03,0.0,1.0,0.0,0.01
24,0.7999926130408956,71,0.038047580328703,0.0,-0.027389264800406817,0.0026107351995931817,0.0073892648004068185,14.778529600813638,-0.0009786149886404014,0.0001454350487183641,8.867117760488183,0.025,0.0,-0.03,0.0,1.0,0.0,0.01
24,0.7999926130408956,72,0.03802108211400405,0.0,-0.02862617781682496,0.0013738221831750379,0.008626177816824962,17.252355633649923,0.0008655371837994017,6.268911218756091e-05,10.351413380189953,0.025,0.0,-0.03,0.0,1.0,0.0,0.01
24,0.7999926130408956,73,0.03796819968672806,0.0,-0.029862216352603783,0.00013778364739621546,0.009862216352603785,19.72443270520757,-0.0010518412945218659,9.737792473732922e-05,11.83465962312454,0.025,0.0,-0.03,0.0,1.0,0.0,0.01
24,0.7999926130408956,74,0.03788815239773634,0.0,-0.03109685573104148,0.0010968557310414816,0.008903144268958519,17.806288537917037,-0.00088764306634197,6.048475633126361e-05,10.683773122750223,0.025,0.0,-0.03,0.0,1.0,0.0,0.01
24,0.7999926130408956,75,0.03778193158006967,0.0,-0.03232952324467671,0.0023295232446767095,0.007670476755323291,15.340953510646582,0.001071146582537417,5.123106163755923e-05,9.204572106387948,0.025,0.0,-0.03,0.0,1.0,0.0,0.01
24,0.7999926130408956,76,0.03765230829919671,0.0,-0.03356002683431252,0.0035600268343125227,0.0064399731656874775,12.879946331374954,-0.0008743243355235702,0.00017522332861111712,7.727967798824972,0.025,0.0,-0.03,0.0,1.0,0.0,0.01
24,0.7999926130408956,77,0.03750219429694021,0.0,-0.03478821565584557,0.004788215655845571,0.0052117843441544295,10.423568688308858,0.0010493170742919805,6.31932979055064e-06,6.2541412129853144,0.025,0.0,-0.03,0.0,1.0,0.0,0.01
24,0.7999926130408956,78,0.03733372720038337,0.0,-0.03601410113974997,0.006014101139749969,0.003985898860250031,7.971797720500062,-0.000803217915055288,0.000278425775694793,4.783078632300037,0.025,0.0,-0.03,0.0,1.0,0.0,0.01
24,0.7999926130408956,79,0.03714918060222038,0.0,-0.03723768196765001,0.0072376819676500115,0.0027623180323499887,5.524636064699977,0.0009741273695274902,8.112750916224614e-05,3.314781638819986,0.025,0.0,-0.03,0.0,1.0,0.0,0.01
24,0.7999926130408956,80,0.03697275265669403,0.0,-0.038475184009582615,0.008475184009582616,0.001524815990417384,3.0496319808347683,-0.0007125194220318781,0.000363415532776411,1.829779188500861,0.025,0.0,-0.03,0.0,1.0,0.0,0.01
25,0.8333256385842662,66,0.03779511616319814,0.0,-0.021212887471419608,0.008787112528580391,0.0012128874714196092,2.4257749428392184,-0.0007202345255244506,0.00023086839658028823,1.455464965703531,0.025,0.0,-0.03,0.0,1.0,0.0,0.01
25,0.8333256385842662,67,0.037893013328769286,0.0,-0.02244627974049043,0.00755372025950957,0.0024462797404904302,4.892559480980861,0.0007564559548448159,0.00030147373026229407,2.935535688588516,0.025,0.0,-0.03,0.0,1.0,0.0,0.01
25,0.8333256385842662,68,0.03796750014896781,0.0,-0.023681277975378567,0.006318722024621432,0.003681277975378568,7.362555950757136,-0.0010315728449440584,0.00017059487778367253,4.417533570454281,0.025,0.0,-0.03,0.0,1.0,0.0,0.01
25,0.8333256385842662,69,0.03801779002668362,0.0,-0.024917480087941278,0.005082519912058721,0.004917480087941279,9.834960175882559,0.001046748325559761,0.0002095337200355468,5.900976105529535,0.025,0.0,-0.03,0.0,1.0,0.0,0.01
25,0.8333256385842662,70,0.038043274435907916,0.0,-0.026154421218429078,0.0038455787815709214,0.006154421218429079,12.308842436858157,-0.0012832319807796176,0.00013526333893966181,7.385305462114894,0.025,0.0,-0.03,0.0,1.0,0.0,0.01
25,0.8333256385842662,71,0.03804353032880974,0.0,-0.02739161762107345,0.0026083823789265492,0.007391617621073451,14.783235242146901,0.0012623457348175742,9.404879622124745e-05,8.86994114528814,0.025,0.0,-0.03,0.0,1.0,0.0,0.01
25,0.8333256385842662,72,0.03801832399318936,0.0,-0.028628546182849483,0.0013714538171505156,0.008628546182849485,17.25709236569897,-0.0014576336903397203,0.00012161632760262551,10.354255419419381,0.025,0.0,-0.03,0.0,1.0,0.0,0.01
25,0.8333256385842662,73,0.03796671907159008,0.0,-0.02986466333976368,0.00013533666023632027,0.00986466333976368,19.72932667952736,0.0013396734069425422,2.9674922752188194e-05,11.837596007716416,0.025,0.0,-0.03,0.0,1.0,0.0,0.01
25,0.8333256385842662,74,0.03788793302687388,0.0,-0.03109936849231222,0.0010993684923122221,0.008900631507687778,17.801263015375557,0.001466781634552413,0.00010051035191992592,10.680757809225334,0.025,0.0,-0.03,0.0,1.0,0.0,0.01
25,0.8333256385842662,75,0.03778297500816056,0.0,-0.03233216392320716,0.0023321639232071617,0.0076678360767928385,15.335672153585676,-0.0013341375673218791,0.0001438819640512463,9.201403292151406,0.025,0.0,-0.03,0.0,1.0,0.0,0.01
25,0.8333256385842662,76,0.0376546267357796,0.0,-0.03356278248247667,0.00356278248247667,0.00643721751752333,12.87443503504666,0.0014582513416280813,7.699312658803695e-05,7.7246610210279965,0.025,0.0,-0.03,0.0,1.0,0.0,0.01
25,0.8333256385842662,77,0.037505781913102845,0.0,-0.03479114391429356,0.004791143914293562,0.005208856085706438,10.417712171412877,-0.0012785006549818582,0.00025613425740153583,6.250627302847726,0.025,0.0,-0.03,0.0,1.0,0.0,0.01
25,0.8333256385842662,78,0.03733858488162428,0.0,-0.036017185283675625,0.006017185283675626,0.003982814716324374,7.965629432648749,0.0013788706294775206,3.615700071481781e-05,4.779377659589249,0.025,0.0,-0.03,0.0,1.0,0.0,0.01
25,0.8333256385842662,79,0.03715529965787235,0.0,-0.03724097256914463,0.0072409725691446325,0.0027590274308553677,5.518054861710735,-0.0011426434389748019,0.0003370503147246105,3.310832917026441,0.025,0.0,-0.03,0.0,1.0,0.0,0.01
25,0.8333256385842662,80,0.0369802151210448,0.0,-0.03847864909950777,0.008478649099507768,0.0015213509004922323,3.0427018009844646,0.0012769540970681227,3.634444533368121e-05,1.8256210805906787,0.025,0.0,-0.03,0.0,1.0,0.0,0.01
26,0.8666586641276369,66,0.03778653253187876,0.0,-0.02121474949682359,0.008785250503176408,0.001214749496823592,2.4294989936471842,0.0004288593157186947,0.00027198876508201215,1.4576993961883105,0.025,0.0,-0.03,0.0,1.0,0.0,0.01
26,0.8666586641276369,67,0.03788547189422559,0.0,-0.022448068065293522,0.007551931934706477,0.0024480680652935235,4.896136130587047,-0.0006415685076451873,0.0001658251778068013,2.937681678352228,0.025,0.0,-0.03,0.0,1.0,0.0,0.01
26,0.8666586641276369,68,0.03796100908378343,0.0,-0.023683003160897734,0.006316996839102265,0.003683003160897735,7.36600632179547,0.000664209814674259,0.00020897824397378344,4.419603793077282,0.025,0.0,-0.03,0.0,1.0,0.0,0.01
26,0.8666586641276369,69,0.03801235649404627,0.0,-0.024919172842242907,0.005080827157757092,0.0049191728422429085,9.838345684485818,-0.0008513665230597775,0.0001246161942787734,5.90300741069149,0.025,0.0,-0.03,0.0,1.0,0.0,0.01
26,0.8666586641276369,70,0.0380389026903559,0.0,-0.026156090726474658,0.003843909273525341,0.006156090726474659,12.31218145294932,0.0008551712429965789,0.00012624781657558437,7.387308871769592,0.025,0.0,-0.03,0.0,1.0,0.0,0.01
26,0.8666586641276369,71,0.03804022272355115,0.0,-0.027393298745381094,0.0026067012546189053,0.007393298745381095,14.78659749076219,-0.0010137886227158778,0.00010031668163844356,8.871958494457314,0.025,0.0,-0.03,0.0,1.0,0.0,0.01
26,0.8666586641276369,72,0.038016080481625907,0.0,-0.028630246388794803,0.0013697536112051954,0.008630246388794805,17.260492777589608,0.0009872063937628591,2.3361990306333437e-05,10.356295666553764,0.025,0.0,-0.03,0.0,1.0,0.0,0.01
26,0.8666586641276369,73,0.037965528984535445,0.0,-0.029866419198794125,0.00013358080120587368,0.009866419198794127,19.732838397588253,-0.0010674515511806355,8.25317431175742e-05,11.839703038552951,0.025,0.0,-0.03,0.0,1.0,0.0,0.01
26,0.8666586641276369,74,0.03788778243181798,0.0,-0.031101184470349034,0.0011011844703490356,0.008898815529650965,17.797631059301928,-0.000972407949326641,6.356011280628198e-05,10.678578635581156,0.025,0.0,-0.03,0.0,1.0,0.0,0.01
26,0.8666586641276369,75,0.03778386601502784,0.0,-0.03233407743346194,0.002334077433461944,0.007665922566538056,15.331845133076113,0.001064046582443252,5.48094210438394e-05,9.199107079845668,0.025,0.0,-0.03,0.0,1.0,0.0,0.01
26,0.8666586641276369,76,0.03765656844819801,0.0,-0.03356479652269134,0.0035647965226913436,0.006435203477308657,12.870406954617312,-0.0009575109114103638,0.00015445782476074263,7.722244172770387,0.025,0.0,-0.03,0.0,1.0,0.0,0.01
26,0.8666586641276369,77,0.0375087708524481,0.0,-0.03479329264302111,0.004793292643021113,0.005206707356978887,10.413414713957774,0.001041697060227285,3.294087105010054e-05,6.248048828374665,0.025,0.0,-0.03,0.0,1.0,0.0,0.01
26,0.8666586641276369,78,0.03734262022749042,0.0,-0.0360194679689738,0.0060194679689738045,0.003980532031026196,7.961064062052391,-0.0008910828365869963,0.00023288799745340436,4.776638437231434,0.025,0.0,-0.03,0.0,1.0,0.0,0.01
26,0.8666586641276369,79,0.037160375947886036,0.0,-0.03724341836039412,0.007243418360394119,0.0027565816396058814,5.513163279211763,0.0009614043486425711,1.4585368429789386e-05,3.3078979675270577,0.025,0.0,-0.03,0.0,1.0,0.0,0.01
26,0.8666586641276369,80,0.036986399101198955,0.0,-0.03848124362652182,0.00848124362652182,0.0015187563734781803,3.0375127469563603,-0.0008025059932125538,0.00029019692754778337,1.822507648173816,0.025,0.0,-0.03,0.0,1.0,0.0,0.01
27,0.8999916896710075,66,0.03777949933200257,0.0,-0.021216100781770334,0.008783899218229665,0.0012161007817703354,2.432201563540671,-0.00013793320304284016,0.00018161257924779165,1.4593209381244026,0.025,0.0,-0.03,0.0,1.0,0.0,0.01
27,0.8999916896710075,67,0.037879294405070214,0.0,-0.022449340917869955,0.007550659082130044,0.0024493409178699566,4.898681835739914,9.599492335127614e-05,0.00017604554673756348,2.939209101443948,0.025,0.0,-0.03,0.0,1.0,0.0,0.01
27,0.8999916896710075,68,0.037955696190739734,0.0,-0.023684243359789702,0.006315756640210297,0.0036842433597897035,7.368486719579407,-0.0001808479437705719,0.00013647216657304722,4.421092031747643,0.025,0.0,-0.03,0.0,1.0,0.0,0.01
27,0.8999916896710075,69,0.03800791201111357,0.0,-0.02492036166392248,0.005079638336077517,0.004920361663922483,9.840723327844966,0.00013871001395313634,0.0001254119445755956,5.904433996706979,0.025,0.0,-0.03,0.0,1.0,0.0,0.01
27,0.8999916896710075,70,0.038035331371620816,0.0,-0.026157285877756065,0.0038427141222439343,0.006157285877756066,12.314571755512132,-0.00021388471371773597,9.46625105212885e-05,7.388743053307278,0.025,0.0,-0.03,0.0,1.0,0.0,0.01
27,0.8999916896710075,71,0.03803752603921785,0.0,-0.027394473320518215,0.0026055266794817837,0.0073944733205182165,14.788946641036434,0.00016692228409300152,7.065885712780894e-05,8.87336798462186,0.025,0.0,-0.03,0.0,1.0,0.0,0.01
27,0.8999916896710075,72,0.03801425778175431,0.0,-0.028631466599685428,0.0013685334003145713,0.008631466599685429,17.262933199370856,-0.0002355933164356338,6.0111669068453284e-05,10.357759919622513,0.025,0.0,-0.03,0.0,1.0,0.0,0.01
27,0.8999916896710075,73,0.037964573588046,0.0,-0.029867651910488534,0.0001323480895114651,0.009867651910488535,19.73530382097707,0.00016119003292859287,1.54395463791381e-05,11.841182292586241,0.025,0.0,-0.03,0.0,1.0,0.0,0.01
27,0.8999916896710075,74,0.03788768008242333,0.0,-0.03110249844708192,0.0011024984470819205,0.00889750155291808,17.79500310583616,0.00021722769598876994,1.3420344088477197e-05,10.677001863501696,0.025,0.0,-0.03,0.0,1.0,0.0,0.01
27,0.8999916896710075,75,0.037784622842145225,0.0,-0.03233543798263742,0.0023354379826374186,0.007664562017362582,15.329124034725163,-0.00014685142042508456,3.15087273974742e-05,9.197474420835098,0.025,0.0,-0.03,0.0,1.0,0.0,0.01
27,0.8999916896710075,76,0.037658186368992264,0.0,-0.03356627187417894,0.0035662718741789404,0.00643372812582106,12.86745625164212,0.00021572256385744273,2.652073959655374e-05,7.720473750985271,0.025,0.0,-0.03,0.0,1.0,0.0,0.01
27,0.8999916896710075,77,0.03751125353798607,0.0,-0.03479484582355111,0.004794845823551108,0.005205154176448892,10.410308352897784,-0.0001336200480204426,8.79100604807427e-05,6.24618501173867,0.025,0.0,-0.03,0.0,1.0,0.0,0.01
27,0.8999916896710075,78,0.03734595975275519,0.0,-0.03602116188820167,0.006021161888201669,0.003978838111798331,7.957676223596662,0.00020900812096870513,6.936045486735898e-05,4.774605734157997,0.025,0.0,-0.03,0.0,1.0,0.0,0.01
27,0.8999916896710075,79,0.03716457558069905,0.0,-0.03724521598025001,0.007245215980250012,0.002754784019749988,5.5095680394999755,-0.00010999650996807562,0.00013581758651971245,3.3057408236999852,0.025,0.0,-0.03,0.0,1.0,0.0,0.01
27,0.8999916896710075,80,0.036991506444439506,0.0,-0.038483191360183154,0.008483191360183155,0.001516808639816845,3.03361727963369,0.00020112493663574854,0.00011787525249814105,1.820170367780214,0.025,0.0,-0.03,0.0,1.0,0.0,0.01
28,0.9333247152143782,66,0.03777374610915997,0.0,-0.02121705562840702,0.00878294437159298,0.0012170556284070207,2.4341112568140413,-0.0002904944137186514,0.0001338623645948884,1.4604667540884246,0.025,0.0,-0.03,0.0,1.0,0.0,0.01
28,0.9333247152143782,67,0.03787424506566133,0.0,-0.02245025608064371,0.00754974391935629,0.00245025608064371,4.90051216128742,0.0003097710222503542,0.00015824677840913494,2.9403072967724517,0.025,0.0,-0.03,0.0,1.0,0.0,0.01
28,0.9333247152143782,68,0.037951354357280254,0.0,-0.02368510008345536,0.006314899916544638,0.0036851000834553626,7.370200166910725,-0.00041501507310851324,9.896732425242229e-05,4.422120100146435,0.025,0.0,-0.03,0.0,1.0,0.0,0.01
28,0.9333247152143782,69,0.03800428376422304,0.0,-0.024921211331647895,0.005078788668352104,0.004921211331647897,9.842422663295793,0.0004275172013672133,0.00011091227534206383,5.905453597977475,0.025,0.0,-0.03,0.0,1.0,0.0,0.01
28,0.9333247152143782,70,0.038032418485009635,0.0,-0.02615809970063814,0.0038419002993618605,0.00615809970063814,12.316199401276279,-0.0005166184416130748,7.398399251116424e-05,7.389719640765767,0.025,0.0,-0.03,0.0,1.0,0.0,0.01
28,0.9333247152143782,71,0.03803533039904648,0.0,-0.027395313512893694,0.002604686487106305,0.007395313512893695,14.79062702578739,0.0005157156725570321,5.425963834956542e-05,8.874376215472434,0.025,0.0,-0.03,0.0,1.0,0.0,0.01
28,0.9333247152143782,72,0.03801277991453295,0.0,-0.028632296379919844,0.0013677036200801553,0.008632296379919845,17.26459275983969,-0.0005886709062527107,5.478721144372114e-05,10.358755655903813,0.025,0.0,-0.03,0.0,1.0,0.0,0.01
28,0.9333247152143782,73,0.03796380526962444,0.0,-0.02986853973011464,0.0001314602698853605,0.00986853973011464,19.73707946022928,0.000558202077624465,6.195203663500084e-06,11.842247676137566,0.025,0.0,-0.03,0.0,1.0,0.0,0.01
28,0.9333247152143782,74,0.037887614560411086,0.0,-0.031103403708408334,0.0011034037084083348,0.008896596291591665,17.79319258318333,0.0006100560063115511,4.0992481219641477e-05,10.675915549909998,0.025,0.0,-0.03,0.0,1.0,0.0,0.01
28,0.9333247152143782,75,0.037785258800747394,0.0,-0.032336429621437415,0.0023364296214374164,0.007663570378562584,15.327140757125168,-0.0005649557609627516,6.729074160794243e-05,9.1962844542751,0.025,0.0,-0.03,0.0,1.0,0.0,0.01
28,0.9333247152143782,76,0.03765953329420668,0.0,-0.03356730882350317,0.0035673088235031736,0.006432691176496827,12.865382352993652,0.0006108579124073847,2.1318600175760268e-05,7.719229411796191,0.025,0.0,-0.03,0.0,1.0,0.0,0.01
28,0.9333247152143782,77,0.03751330498197219,0.0,-0.03479599383318626,0.0047959938331862614,0.005204006166813739,10.408012333627477,-0.0005415273373446611,0.00012101144001606843,6.244807400176486,0.025,0.0,-0.03,0.0,1.0,0.0,0.01
28,0.9333247152143782,78,0.037348719954142344,0.0,-0.03602237877928177,0.006022378779281773,0.003977621220718227,7.955242441436455,0.000579146087349685,5.226683574990219e-06,4.773145464861873,0.025,0.0,-0.03,0.0,1.0,0.0,0.01
28,0.9333247152143782,79,0.03716803579158602,0.0,-0.037246561500760965,0.007246561500760966,0.002753438499239034,5.506876998478068,-0.0004834702052497463,0.00016451165899707612,3.304126199086841,0.025,0.0,-0.03,0.0,1.0,0.0,0.01
28,0.9333247152143782,80,0.036995717789243654,0.0,-0.038484617572222234,0.008484617572222235,0.0015153824277777655,3.030764855555531,0.0005376774346332635,4.498762415925426e-05,1.8184589133333184,0.025,0.0,-0.03,0.0,1.0,0.0,0.01
29,0.9666577407577488,66,0.03776904950435355,0.0,-0.02121773745985617,0.008782262540143828,0.0012177374598561722,2.4354749197123446,0.0004175355408408912,0.00016324290805149415,1.4612849518274067,0.025,0.0,-0.03,0.0,1.0,0.0,0.01
29,0.9666577407577488,67,0.03787012334644331,0.0,-0.022450885173226225,0.007549114826773774,0.0024508851732262266,4.901770346452453,-0.0005587756729217752,7.557166913510869e-05,2.941062207871472,0.025,0.0,-0.03,0.0,1.0,0.0,0.01
29,0.9666577407577488,68,0.03794781319816872,0.0,-0.023685704721647636,0.006314295278352363,0.003685704721647637,7.371409443295274,0.0006282786392941081,0.00012661807692381094,4.422845665977165,0.025,0.0,-0.03,0.0,1.0,0.0,0.01
29,0.9666577407577488,69,0.03800132568501716,0.0,-0.024921781850675433,0.0050782181493245655,0.004921781850675435,9.843563701350869,-0.0007467283019557581,5.839839012235313e-05,5.906138220810521,0.025,0.0,-0.03,0.0,1.0,0.0,0.01
29,0.9666577407577488,70,0.03803004653697475,0.0,-0.02615867155339285,0.0038413284466071486,0.006158671553392852,12.317343106785703,0.000796326851857088,7.245464838874327e-05,7.390405864071422,0.025,0.0,-0.03,0.0,1.0,0.0,0.01
29,0.9666577407577488,71,0.03803354553007596,0.0,-0.027395872252773245,0.002604127747226754,0.007395872252773246,14.791744505546493,-0.0008882655012535612,5.619761069326618e-05,8.875046703327895,0.025,0.0,-0.03,0.0,1.0,0.0,0.01
29,0.9666577407577488,72,0.0380115817222194,0.0,-0.02863288257151574,0.0013671174284842595,0.00863288257151574,17.26576514303148,0.0009101754326806619,3.931915131123416e-06,10.359459085818887,0.025,0.0,-0.03,0.0,1.0,0.0,0.01
29,0.9666577407577488,73,0.03796318954944327,0.0,-0.029869135476575177,0.00013086452342482222,0.009869135476575178,19.738270953150355,-0.0009433254366098056,5.9960324099827395e-05,11.842962571890213,0.025,0.0,-0.03,0.0,1.0,0.0,0.01
29,0.9666577407577488,74,0.03788757229973486,0.0,-0.03110405059866347,0.0011040505986634717,0.008895949401336528,17.791898802673057,-0.0009144266034571121,5.9762246793328295e-05,10.675139281603833,0.025,0.0,-0.03,0.0,1.0,0.0,0.01
29,0.9666577407577488,75,0.03778579368281241,0.0,-0.032337109758368746,0.0023371097583687467,0.0076628902416312535,15.325780483262507,0.000946742672401518,5.95583823623809e-05,9.195468289957503,0.025,0.0,-0.03,0.0,1.0,0.0,0.01
29,0.9666577407577488,76,0.03766064715559259,0.0,-0.03356806271304907,0.003568062713049068,0.006431937286950932,12.863874573901864,-0.0009017768765404369,0.00012121326758280579,7.718324744341118,0.025,0.0,-0.03,0.0,1.0,0.0,0.01
29,0.9666577407577488,77,0.03751499971319312,0.0,-0.03479680198712552,0.0047968019871255235,0.005203198012874477,10.406396025748954,0.0009181635214940511,5.631687954874997e-05,6.243837615449372,0.025,0.0,-0.03,0.0,1.0,0.0,0.01
29,0.9666577407577488,78,0.03735099086182204,0.0,-0.036023278302832494,0.006023278302832495,0.003976721697167505,7.95344339433501,-0.000838996630517636,0.00017136450412051648,4.7720660366010055,0.025,0.0,-0.03,0.0,1.0,0.0,0.01
29,0.9666577407577488,79,0.037170884448157006,0.0,-0.037247532434467184,0.007247532434467185,0.002752467565532815,5.504935131065629,0.0008387744630296777,3.318648102139391e-05,3.3029610786393775,0.025,0.0,-0.03,0.0,1.0,0.0,0.01
29,0.9666577407577488,80,0.03699917750622141,0.0,-0.03848568644779817,0.008485686447798173,0.0015143135522018274,3.028627104403655,-0.0007598744177216983,0.00020261585318104994,1.8171762626421928,0.025,0.0,-0.03,0.0,1.0,0.0,0.01
30,0.9999907663011195,66,0.03776522063941127,0.0,-0.02121820917707146,0.008781790822928539,0.0012182091770714613,2.4364183541429227,-0.0003629428506509591,7.38877024643779e-05,1.4618510124857536,0.025,0.0,-0.03,0.0,1.0,0.0,0.01
30,0.9999907663011195,67,0.037866764766684886,0.0,-0.022451318760399446,0.007548681239600553,0.0024513187603994475,4.902637520798895,0.00042981946977940235,0.00012018828865477565,2.941582512479337,0.025,0.0,-0.03,0.0,1.0,0.0,0.01
30,0.9999907663011195,68,0.03794492869697176,0.0,-0.023686111436910913,0.006313888563089086,0.0036861114369109143,7.372222873821829,-0.0005331558664903077,5.2441127779056455e-05,4.423333724293097,0.025,0.0,-0.03,0.0,1.0,0.0,0.01
30,0.9999907663011195,69,0.03799891793829934,0.0,-0.024922167826534558,0.005077832173465441,0.004922167826534559,9.844335653069118,0.000589010994295926,8.297838561582072e-05,5.906601391841471,0.025,0.0,-0.03,0.0,1.0,0.0,0.01
30,0.9999907663011195,70,0.03802811754269589,0.0,-0.026159049796682304,0.0038409502033176952,0.006159049796682305,12.31809959336461,-0.0006732755259060875,4.4858667056827245e-05,7.390859756018765,0.025,0.0,-0.03,0.0,1.0,0.0,0.01
30,0.9999907663011195,71,0.038032096210860136,0.0,-0.027396248589601862,0.002603751410398137,0.007396248589601863,14.792497179203727,0.0007104768055096014,3.261980483630973e-05,8.875498307522236,0.025,0.0,-0.03,0.0,1.0,0.0,0.01
30,0.9999907663011195,72,0.038010612047206994,0.0,-0.028633271145744738,0.0013667288542552614,0.008633271145744739,17.26654229148948,-0.0007725639449584215,5.150044396624866e-05,10.359925374893686,0.025,0.0,-0.03,0.0,1.0,0.0,0.01
30,0.9999907663011195,73,0.03796269542336133,0.0,-0.029869541352047464,0.00013045864795253534,0.009869541352047465,19.73908270409493,0.0007499226002075232,2.2550281096851216e-05,11.843449622456957,0.025,0.0,-0.03,0.0,1.0,0.0,0.01
30,0.9999907663011195,74,0.03788754750851391,0.0,-0.03110448850303774,0.0011044885030377406,0.00889551149696226,17.791022993924518,0.0007678357799007129,4.908684166525398e-05,10.674613796354711,0.025,0.0,-0.03,0.0,1.0,0.0,0.01
30,0.9999907663011195,75,0.037786240122476174,0.0,-0.032337583903664514,0.0023375839036645155,0.007662416096335485,15.32483219267097,-0.0007436050927494355,7.016562599129953e-05,9.194899315602582,0.025,0.0,-0.03,0.0,1.0,0.0,0.01
30,0.9999907663011195,76,0.0376615676504469,0.0,-0.033568587745887196,0.0035685877458871973,0.006431412254112803,12.862824508225605,0.0007634002973863133,4.8704903423778644e-05,7.717694704935363,0.025,0.0,-0.03,0.0,1.0,0.0,0.01
30,0.9999907663011195,77,0.03751639409081423,0.0,-0.034797380226872926,0.004797380226872927,0.005202619773127073,10.405239546254146,-0.0007194889169694982,0.00012144990310997275,6.2431437277524875,0.025,0.0,-0.03,0.0,1.0,0.0,0.01
30,0.9999907663011195,78,0.03735285734097899,0.0,-0.03602392225769617,0.006023922257696171,0.003976077742303829,7.952155484607658,0.0007226011487003882,3.915155258877607e-05,4.771293290764595,0.025,0.0,-0.03,0.0,1.0,0.0,0.01
30,0.9999907663011195,79,0.03717322213034209,0.0,-0.03724824292901143,0.007248242929011432,0.002751757070988568,5.503514141977136,-0.0006501854570192462,0.00015393408673349083,3.3021084851862814,0.025,0.0,-0.03,0.0,1.0,0.0,0.01
30,0.9999907663011195,80,0.0370020160764098,0.0,-0.03848646881312033,0.008486468813120332,0.0015135311868796682,3.0270623737593363,0.0006667266485149287,1.2124812305054087e-05,1.8162374242556016,0.025,0.0,-0.03,0.0,1.0,0.0,0.01
31,1.0333237918444902,66,0.03776210344395439,0.0,-0.021218526292221714,0.008781473707778285,0.0012185262922217149,2.4370525844434296,0.00011479779864162337,9.474288630742426e-05,1.4622315506660577,0.025,0.0,-0.03,0.0,1.0,0.0,0.01
31,1.0333237918444902,67,0.037864032011031355,0.0,-0.02245161361597047,0.007548386384029528,0.0024516136159704726,4.903227231940945,-0.00016000015698666554,6.333325889892174e-05,2.9419363391645668,0.025,0.0,-0.03,0.0,1.0,0.0,0.01
31,1.0333237918444902,68,0.03794258213373513,0.0,-0.023686373012723222,0.006313626987276777,0.0036863730127232232,7.372746025446446,0.00017453192793997357,7.239142334023675e-05,4.423647615267868,0.025,0.0,-0.03,0.0,1.0,0.0,0.01
31,1.0333237918444902,69,0.037996960823057875,0.0,-0.024922425061765528,0.005077574938234471,0.0049224250617655296,9.844850123531058,-0.00021170973441281407,4.6422855338406484e-05,5.906910074118635,0.025,0.0,-0.03,0.0,1.0,0.0,0.01
31,1.0333237918444902,70,0.038026550706176505,0.0,-0.02615928601087348,0.0038407139891265193,0.006159286010873481,12.318572021746961,0.00022159626573334105,4.4926767153908605e-05,7.391143213048176,0.025,0.0,-0.03,0.0,1.0,0.0,0.01
31,1.0333237918444902,71,0.038030920688897144,0.0,-0.027396498761298124,0.0026035012387018754,0.007396498761298125,14.79299752259625,-0.00025077444040256565,3.392840640511166e-05,8.87579851355775,0.025,0.0,-0.03,0.0,1.0,0.0,0.01
31,1.0333237918444902,72,0.0380098280830953,0.0,-0.02863351412965113,0.00136648587034887,0.00863351412965113,17.26702825930226,0.00025291497589158924,1.0345996778322447e-05,10.360216955581356,0.025,0.0,-0.03,0.0,1.0,0.0,0.01
31,1.0333237918444902,73,0.03796229887222228,0.0,-0.02986981579753966,0.00013018420246033863,0.009869815797539662,19.739631595079324,-0.00025720821651970053,2.2878293479717162e-05,11.843778957047594,0.025,0.0,-0.03,0.0,1.0,0.0,0.01
31,1.0333237918444902,74,0.03788753501181073,0.0,-0.031104770952092537,0.0011047709520925382,0.008895229047907462,17.790458095814923,-0.00023908681284471543,1.4792701052852819e-05,10.674274857488953,0.025,0.0,-0.03,0.0,1.0,0.0,0.01
31,1.0333237918444902,75,0.037786610872180555,0.0,-0.03233791387093352,0.0023379138709335237,0.0076620861290664765,15.324172258132952,0.0002520255200555701,6.486242647953437e-06,9.194503354879771,0.025,0.0,-0.03,0.0,1.0,0.0,0.01
31,1.0333237918444902,76,0.037662326944741926,0.0,-0.03356894104943247,0.003568941049432471,0.006431058950567529,12.862117901135058,-0.0002333025968932068,4.4281798975205195e-05,7.717270740681034,0.025,0.0,-0.03,0.0,1.0,0.0,0.01
31,1.0333237918444902,77,0.03751753827406335,0.0,-0.03479779458287716,0.004797794582877164,0.005202205417122836,10.404410834245672,0.000246738661319732,4.031514107773444e-06,6.242646500547403,0.025,0.0,-0.03,0.0,1.0,0.0,0.01
31,1.0333237918444902,78,0.03735438889552183,0.0,-0.036024372908560955,0.006024372908560956,0.0039756270914390445,7.951254182878089,-0.0002160128333132919,7.049610312229422e-05,4.7707525097268535,0.025,0.0,-0.03,0.0,1.0,0.0,0.01
31,1.0333237918444902,79,0.03717513613308734,0.0,-0.03724876414365526,0.007248764143655259,0.002751235856344741,5.502471712689482,0.00022812741586593577,2.2718344234833856e-05,3.3014830276136893,0.025,0.0,-0.03,0.0,1.0,0.0,0.01
31,1.0333237918444902,80,0.03700434119896152,0.0,-0.038487032889625135,0.008487032889625136,0.0015129671103748642,3.0259342207497286,-0.00019360172177807086,9.156739511497198e-05,1.8155605324498372,0.025,0.0,-0.03,0.0,1.0,0.0,0.01
32,1.0666568173878608,66,0.037759569824337265,0.0,-0.021218743113259664,0.008781256886740335,0.001218743113259665,2.4374862265193302,0.00012290977380286655,7.900881358580311e-05,1.462491735911598,0.025,0.0,-0.03,0.0,1.0,0.0,0.01
32,1.0666568173878608,67,0.03786181041587991,0.0,-0.022451795517398197,0.007548204482601802,0.0024517955173981986,4.903591034796397,-0.00016429869214137438,4.940891685405107e-05,2.9421546208778384,0.025,0.0,-0.03,0.0,1.0,0.0,0.01
32,1.0666568173878608,68,0.03794067633245793,0.0,-0.023686547729379646,0.006313452270620353,0.003686547729379647,7.373095458759294,0.00018575689236101337,6.053828546043646e-05,4.4238572752555765,0.025,0.0,-0.03,0.0,1.0,0.0,0.01
32,1.0666568173878608,69,0.03799537138524436,0.0,-0.024922572689053655,0.005077427310946344,0.004922572689053656,9.845145378107313,-0.0002202573610827282,3.644851640160343e-05,5.9070872268643875,0.025,0.0,-0.03,0.0,1.0,0.0,0.01
32,1.0666568173878608,70,0.03802527971963791,0.0,-0.026159442527177397,0.003840557472822602,0.006159442527177398,12.318885054354796,0.00023735786782553897,3.686765043216699e-05,7.391331032612877,0.025,0.0,-0.03,0.0,1.0,0.0,0.01
32,1.0666568173878608,71,0.038029968434932504,0.0,-0.027396637803375878,0.002603362196624121,0.007396637803375879,14.793275606751758,-0.00026440338639214194,2.770520397095572e-05,8.875965364051055,0.025,0.0,-0.03,0.0,1.0,0.0,0.01
32,1.0666568173878608,72,0.038009194197709165,0.0,-0.028633677736262547,0.0013663222637374517,0.008633677736262549,17.267355472525097,0.00027398705392997193,1.0964236770108833e-05,10.360413283515058,0.025,0.0,-0.03,0.0,1.0,0.0,0.01
32,1.0666568173878608,73,0.03796198182556292,0.0,-0.029869973279393676,0.00013002672060632298,0.009869973279393677,19.739946558787356,-0.00029006084756294363,2.113194188673858e-05,11.843967935272413,0.025,0.0,-0.03,0.0,1.0,0.0,0.01
32,1.0666568173878608,74,0.03788752919886591,0.0,-0.031104966539862194,0.0011049665398621955,0.008895033460137805,17.79006692027561,-0.0002871148730685475,1.932497949789923e-05,10.674040152165366,0.025,0.0,-0.03,0.0,1.0,0.0,0.01
32,1.0666568173878608,75,0.03778691968452917,0.0,-0.03233811630463719,0.0023381163046371917,0.0076618836953628085,15.323767390725617,0.0002983784905703358,1.6678905826456397e-05,9.19426043443537,0.025,0.0,-0.03,0.0,1.0,0.0,0.01
32,1.0666568173878608,76,0.03766294959203892,0.0,-0.03356919403939425,0.0035691940393942495,0.006430805960605751,12.861611921211502,-0.0002856660322493257,4.547509105541823e-05,7.716967152726901,0.025,0.0,-0.03,0.0,1.0,0.0,0.01
32,1.0666568173878608,77,0.037518477870169924,0.0,-0.03479806612787145,0.004798066127871453,0.005201933872128547,10.403867744257093,0.0002921056184925733,6.6746896959132415e-06,6.242320646554256,0.025,0.0,-0.03,0.0,1.0,0.0,0.01
32,1.0666568173878608,78,0.037355640576416695,0.0,-0.03602470406449172,0.006024704064491723,0.003975295935508277,7.950591871016554,-0.0002664306308601651,6.843788395657826e-05,4.770355122609932,0.025,0.0,-0.03,0.0,1.0,0.0,0.01
32,1.0666568173878608,79,0.037176703247096696,0.0,-0.03724912401167702,0.007249124011677023,0.002750875988322977,5.501751976645954,0.00026891802808626936,7.47251788358264e-06,3.301051185987572,0.025,0.0,-0.03,0.0,1.0,0.0,0.01
32,1.0666568173878608,80,0.037006239755813346,0.0,-0.03848745503969646,0.00848745503969646,0.001512544960303541,3.0250899206070816,-0.00024077182917066572,8.583521329813708e-05,1.8150539523642488,0.025,0.0,-0.03,0.0,1.0,0.0,0.01
33,1.0999898429312314,66,0.03775751193552715,0.0,-0.02121887546477684,0.008781124535223159,0.0012188754647768415,2.4377509295536828,-0.00027983361546941827,3.2152828907826926e-05,1.4626505577322095,0.025,0.0,-0.03,0.0,1.0,0.0,0.01
33,1.0999898429312314,67,0.03786000753012894,0.0,-0.02245191386045632,0.007548086139543678,0.0024519138604563225,4.903827720912645,0.00034280184692114443,7.181474310521736e-05,2.942296632547587,0.025,0.0,-0.03,0.0,1.0,0.0,0.01
33,1.0999898429312314,68,0.037939129378854484,0.0,-0.023686642397572434,0.006313357602427565,0.0036866423975724354,7.373284795144871,-0.00041066653087527496,2.1649724816254764e-05,4.423970877086922,0.025,0.0,-0.03,0.0,1.0,0.0,0.01
33,1.0999898429312314,69,0.03799408262617044,0.0,-0.02492266572922134,0.005077334270778659,0.004922665729221341,9.845331458442683,0.00046307678397830636,4.892820797013654e-05,5.9071988750656095,0.025,0.0,-0.03,0.0,1.0,0.0,0.01
33,1.0999898429312314,70,0.03802424955858812,0.0,-0.02615951955663213,0.0038404804433678705,0.00615951955663213,12.31903911326426,-0.0005154882137631772,2.1866944697679998e-05,7.391423467958556,0.025,0.0,-0.03,0.0,1.0,0.0,0.01
33,1.0999898429312314,71,0.0380291975926159,0.0,-0.027396725753076355,0.002603274246923644,0.007396725753076356,14.793451506152712,0.0005525124699579255,1.6340942280937836e-05,8.876070903691627,0.025,0.0,-0.03,0.0,1.0,0.0,0.01
33,1.0999898429312314,72,0.03800868291332366,0.0,-0.028633758480354866,0.0013662415196451332,0.008633758480354867,17.267516960709735,-0.0005874774227306199,3.060017212387385e-05,10.36051017642584,0.025,0.0,-0.03,0.0,1.0,0.0,0.01
33,1.0999898429312314,73,0.037961727245118024,0.0,-0.02987007669483392,0.00012992330516608044,0.00987007669483392,19.74015338966784,0.0005879552441133875,1.9994875891254927e-05,11.844092033800703,0.025,0.0,-0.03,0.0,1.0,0.0,0.01
33,1.0999898429312314,74,0.03788752944438902,0.0,-0.03110507316537051,0.0011050731653705105,0.00889492683462949,17.789853669258978,0.0005949315291152478,3.805877218957325e-05,10.673912201555387,0.025,0.0,-0.03,0.0,1.0,0.0,0.01
33,1.0999898429312314,75,0.037787174057446644,0.0,-0.03233825606492891,0.0023382560649289133,0.007661743935071087,15.323487870142174,-0.0005896117517966653,5.3945017414972316e-05,9.194092722085303,0.025,0.0,-0.03,0.0,1.0,0.0,0.01
33,1.0999898429312314,76,0.03766346177026591,0.0,-0.03356934738568141,0.003569347385681411,0.006430652614318589,12.861305228637178,0.0005905401403202569,4.336714875319439e-05,7.716783137182307,0.025,0.0,-0.03,0.0,1.0,0.0,0.01
33,1.0999898429312314,77,0.03751924514101694,0.0,-0.034798261591475615,0.004798261591475617,0.005201738408524384,10.403476817048768,-0.0005674518340401172,8.532762910317196e-05,6.24208609022926,0.025,0.0,-0.03,0.0,1.0,0.0,0.01
33,1.0999898429312314,78,0.03735666498418775,0.0,-0.03602492173533069,0.006024921735330688,0.0039750782646693125,7.950156529338625,0.0005545475058379278,4.149629928929986e-05,4.770093917603175,0.025,0.0,-0.03,0.0,1.0,0.0,0.01
33,1.0999898429312314,79,0.03717798110479642,0.0,-0.037249390019958944,0.007249390019958946,0.0027506099800410546,5.501219960082109,-0.0005119884655964315,0.00010433287923648745,3.3007319760492653,0.025,0.0,-0.03,0.0,1.0,0.0,0.01
33,1.0999898429312314,80,0.037007790714372185,0.0,-0.03848774774821307,0.008487747748213072,0.0015122522517869285,3.024504503573857,0.0005089885800470047,2.6711259211982674e-05,1.8147027021443143,0.025,0.0,-0.03,0.0,1.0,0.0,0.01
34,1.1333228684746022,66,0.03775584296550456,0.0,-0.021218956724651093,0.008781043275348906,0.0012189567246510945,2.4379134493021892,0.0002566717824213227,6.696549626217989e-05,1.4627480695813135,0.025,0.0,-0.03,0.0,1.0,0.0,0.01
34,1.1333228684746022,67,0.037858545360508776,0.0,-0.022451977666922817,0.007548022333077182,0.0024519776669228183,4.903955333845636,-0.00032541686771690964,1.7486843137841247e-05,2.9423732003073817,0.025,0.0,-0.03,0.0,1.0,0.0,0.01
34,1.1333228684746022,68,0.03793787561912778,0.0,-0.02368669411012256,0.006313305889877437,0.003686694110122563,7.3733882202451255,0.0003838426893113518,5.286337888003634e-05,4.4240329321470755,0.025,0.0,-0.03,0.0,1.0,0.0,0.01
34,1.1333228684746022,69,0.03799303833633069,0.0,-0.02492270759609355,0.0050772924039064506,0.00492270759609355,9.8454151921871,-0.00044038162969266086,1.4555196088015248e-05,5.9072491153122595,0.025,0.0,-0.03,0.0,1.0,0.0,0.01
34,1.1333228684746022,70,0.03802341558907959,0.0,-0.026159557769041546,0.0038404422309584532,0.006159557769041547,12.319115538083095,0.0004868286956796563,2.8203449514431196e-05,7.391469322849856,0.025,0.0,-0.03,0.0,1.0,0.0,0.01
34,1.1333228684746022,71,0.03802857431207547,0.0,-0.027396762391732925,0.0026032376082670734,0.007396762391732927,14.793524783465854,-0.0005279933027187938,2.0989657820575896e-05,8.876114870079512,0.025,0.0,-0.03,0.0,1.0,0.0,0.01
34,1.1333228684746022,72,0.038008270261820215,0.0,-0.02863380022272706,0.001366199777272939,0.008633800222727061,17.26760044545412,0.0005579446332650712,6.503160186132088e-06,10.360560267272472,0.025,0.0,-0.03,0.0,1.0,0.0,0.01
34,1.1333228684746022,73,0.03796152369274994,0.0,-0.029870125529415915,0.00012987447058408416,0.009870125529415916,19.74025105883183,-0.0005581900308372967,3.1059514822614764e-05,11.844150635299098,0.025,0.0,-0.03,0.0,1.0,0.0,0.01
34,1.1333228684746022,74,0.037887532422894,0.0,-0.03110513556029724,0.0011051355602972428,0.008894864439702757,17.789728879405516,-0.0005546453822668705,3.53445262329884e-05,10.673837327643309,0.025,0.0,-0.03,0.0,1.0,0.0,0.01
34,1.1333228684746022,75,0.03778738432501335,0.0,-0.03233833444543335,0.0023383344454333543,0.007661665554566646,15.323331109133292,0.0005563192082562096,3.6725402864063654e-05,9.193998665479976,0.025,0.0,-0.03,0.0,1.0,0.0,0.01
34,1.1333228684746022,76,0.037663880680256674,0.0,-0.03356944759132458,0.003569447591324583,0.006430552408675417,12.861104817350835,-0.0005478718094588937,6.489349363970415e-05,7.7166628904105,0.025,0.0,-0.03,0.0,1.0,0.0,0.01
34,1.1333228684746022,77,0.03751987252433253,0.0,-0.034798385327117785,0.0047983853271177865,0.005201614672882214,10.403229345764428,0.0005403762813383473,4.368025925747715e-05,6.241937607458657,0.025,0.0,-0.03,0.0,1.0,0.0,0.01
34,1.1333228684746022,78,0.03735750013524807,0.0,-0.036025073827929945,0.006025073827929946,0.0039749261720700545,7.949852344140109,-0.0005129319948545744,8.772237537235566e-05,4.7699114064840655,0.025,0.0,-0.03,0.0,1.0,0.0,0.01
34,1.1333228684746022,79,0.037179023565210835,0.0,-0.03724957149136329,0.007249571491363294,0.0027504285086367066,5.500857017273413,0.0004929117860495604,3.750045213157393e-05,3.3005142103640477,0.025,0.0,-0.03,0.0,1.0,0.0,0.01
34,1.1333228684746022,80,0.03700905395070395,0.0,-0.03848796033141366,0.008487960331413663,0.001512039668586337,3.024079337172674,-0.00046722379946451256,9.873905234308193e-05,1.8144476023036045,0.025,0.0,-0.03,0.0,1.0,0.0,0.01
35,1.1666558940179728,66,0.03775449080910594,0.0,-0.02121900090738324,0.00878099909261676,0.001219000907383241,2.438001814766482,-0.0001230730328009345,2.5893083786285057e-05,1.4628010888598892,0.025,0.0,-0.03,0.0,1.0,0.0,0.01
35,1.1666558940179728,67,0.03785736080840719,0.0,-0.022452003685189344,0.0075479963148106545,0.0024520036851893457,4.904007370378691,0.00015289191682407044,4.2411667414102606e-05,2.9424044222272148,0.025,0.0,-0.03,0.0,1.0,0.0,0.01
35,1.1666558940179728,68,0.037936860514564706,0.0,-0.02368671499534559,0.006313285004654411,0.0036867149953455896,7.3734299906911795,-0.00018213024605033635,1.818786970741659e-05,4.424057994414707,0.025,0.0,-0.03,0.0,1.0,0.0,0.01
35,1.1666558940179728,69,0.0379921930420749,0.0,-0.024922714863281428,0.005077285136718571,0.004922714863281429,9.845429726562857,0.0002083256447489305,2.930914373418468e-05,5.907257835937714,0.025,0.0,-0.03,0.0,1.0,0.0,0.01
35,1.1666558940179728,70,0.03802274112288808,0.0,-0.026159568238495443,0.0038404317615045556,0.0061595682384954446,12.31913647699089,-0.00023100633321310364,1.5333932443159445e-05,7.3914818861945335,0.025,0.0,-0.03,0.0,1.0,0.0,0.01
35,1.1666558940179728,71,0.0380280708305642,0.0,-0.027396764648217626,0.002603235351782373,0.007396764648217627,14.793529296435254,0.00025089788144711726,1.1491395913577605e-05,8.876117577861152,0.025,0.0,-0.03,0.0,1.0,0.0,0.01
35,1.1666558940179728,72,0.03800793763237038,0.0,-0.02863381390066765,0.0013661860993323498,0.00863381390066765,17.2676278013353,-0.0002658872286218994,1.8671234593843223e-05,10.36057668080118,0.025,0.0,-0.03,0.0,1.0,0.0,0.01
35,1.1666558940179728,73,0.03796136103352596,0.0,-0.02987013717452325,0.0001298628254767474,0.009870137174523253,19.740274349046505,0.0002612059217249696,7.9492073535563e-06,11.844164609427903,0.025,0.0,-0.03,0.0,1.0,0.0,0.01
35,1.1666558940179728,74,0.03788753700940141,0.0,-0.031105166156182508,0.001105166156182509,0.008894833843817491,17.78966768763498,0.0002584867370547083,1.576921617055493e-05,10.673800612580989,0.025,0.0,-0.03,0.0,1.0,0.0,0.01
35,1.1666558940179728,75,0.037787557837811674,0.0,-0.032338369899629495,0.0023383698996294958,0.0076616301003705044,15.323260200741009,-0.00025617760456647225,2.3063235552332193e-05,9.193956120444605,0.025,0.0,-0.03,0.0,1.0,0.0,0.01
35,1.1666558940179728,76,0.03766422283927203,0.0,-0.03356950883306437,0.0035695088330643734,0.006430491166935627,12.860982333871254,0.00025671220554209374,1.5535652739713707e-05,7.716589400322752,0.025,0.0,-0.03,0.0,1.0,0.0,0.01
35,1.1666558940179728,77,0.03752038477555336,0.0,-0.03479845767292239,0.0047984576729223904,0.00520154232707761,10.403084654155219,-0.0002487803065244055,4.2174783502505774e-05,6.241850792493131,0.025,0.0,-0.03,0.0,1.0,0.0,0.01
35,1.1666558940179728,78,0.03735818015983488,0.0,-0.036025176900070024,0.006025176900070026,0.003974823099929975,7.9496461998599495,0.00024358962322318874,1.2102094051196156e-05,4.7697877199159695,0.025,0.0,-0.03,0.0,1.0,0.0,0.01
35,1.1666558940179728,79,0.03717987285969496,0.0,-0.03724969101892035,0.007249691018920354,0.0027503089810796463,5.500617962159293,-0.00022561041338700326,5.368608757628436e-05,3.3003707772955755,0.025,0.0,-0.03,0.0,1.0,0.0,0.01
35,1.1666558940179728,80,0.03701008159741013,0.0,-0.03848811214527796,0.008488112145277962,0.0015118878547220379,3.0237757094440756,0.00022482480386522115,2.4527790659591346e-06,1.8142654256664452,0.025,0.0,-0.03,0.0,1.0,0.0,0.01
36,1.1999889195613433,66,0.03775339628110592,0.0,-0.021219008383587958,0.008780991616412041,0.0012190083835879589,2.4380167671759176,-4.3241292632869964e-05,2.5940513093052497e-05,1.4628100603055505,0.025,0.0,-0.03,0.0,1.0,0.0,0.01
36,1.1999889195613433,67,0.037856403007713466,0.0,-0.02245200660895197,0.00754799339104803,0.00245200660895197,4.90401321790394,5.543491806565546e-05,2.9367372674109483e-05,2.942407930742364,0.025,0.0,-0.03,0.0,1.0,0.0,0.01
36,1.1999889195613433,68,0.03793603942917873,0.0,-0.023686701235511556,0.006313298764488443,0.003686701235511557,7.373402471023114,-6.57510041647425e-05,1.894279382104428e-05,4.424041482613869,0.025,0.0,-0.03,0.0,1.0,0.0,0.01
36,1.1999889195613433,69,0.037991510236464764,0.0,-0.024922704439067515,0.0050772955609324835,0.004922704439067517,9.845408878135034,7.760081322796955e-05,2.0628075674732475e-05,5.9072453268810206,0.025,0.0,-0.03,0.0,1.0,0.0,0.01
36,1.1999889195613433,70,0.038022196502580714,0.0,-0.02615954411532181,0.003840455884678188,0.006159544115321812,12.319088230643624,-8.553568732811372e-05,1.3709892813055137e-05,7.391452938386174,0.025,0.0,-0.03,0.0,1.0,0.0,0.01
36,1.1999889195613433,71,0.03802766488224866,0.0,-0.027396751533710576,0.0026032484662894227,0.0073967515337105775,14.793503067421154,9.552359298084868e-05,1.0263255273459783e-05,8.876101840452693,0.025,0.0,-0.03,0.0,1.0,0.0,0.01
36,1.1999889195613433,72,0.038007670560992926,0.0,-0.028633791007066436,0.0013662089929335625,0.008633791007066438,17.267582014132877,-0.00010074339876481452,8.478517177408752e-06,10.360549208479727,0.025,0.0,-0.03,0.0,1.0,0.0,0.01
36,1.1999889195613433,73,0.03796123108614548,0.0,-0.02987013218053064,0.00012986781946935921,0.009870132180530641,19.740264361061282,0.0001079230561620247,1.01314212742062e-06,11.844158616636768,0.025,0.0,-0.03,0.0,1.0,0.0,0.01
36,1.1999889195613433,74,0.037887543806833096,0.0,-0.031105156772517455,0.0011051567725174558,0.008894843227482544,17.78968645496509,0.00011022441355605785,7.325443620263767e-06,10.673811872979053,0.025,0.0,-0.03,0.0,1.0,0.0,0.01
36,1.1999889195613433,75,0.037787700249813636,0.0,-0.03233838422752264,0.0023383842275226385,0.007661615772477362,15.323231544954723,-0.00011186415614524924,1.4107778905503268e-05,9.193938926972834,0.025,0.0,-0.03,0.0,1.0,0.0,0.01
36,1.1999889195613433,76,0.03766450378946623,0.0,-0.033569524348336766,0.0035695243483367667,0.0064304756516632335,12.860951303326466,0.00011174441352036959,3.2741213064064764e-06,7.7165707819958795,0.025,0.0,-0.03,0.0,1.0,0.0,0.01
36,1.1999889195613433,77,0.0375208016677268,0.0,-0.034798501571863295,0.0047985015718632965,0.005201498428136704,10.402996856273408,-0.00010870723661628058,2.3484281194004832e-05,6.241798113764045,0.025,0.0,-0.03,0.0,1.0,0.0,0.01
36,1.1999889195613433,78,0.03735873538069974,0.0,-0.03602522692298719,0.006025226922987188,0.003974773077012812,7.949546154025624,0.00010667423457807069,1.8416564273953426e-06,4.769727692415374,0.025,0.0,-0.03,0.0,1.0,0.0,0.01
36,1.1999889195613433,79,0.037180563067733784,0.0,-0.037249772274202564,0.007249772274202565,0.0027502277257974352,5.5004554515948705,-9.826397822819447e-05,3.200883694899613e-05,3.300273270956922,0.025,0.0,-0.03,0.0,1.0,0.0,0.01
36,1.1999889195613433,80,0.03701091883279602,0.0,-0.038488202464951875,0.008488202464951876,0.0015117975350481243,3.0235950700962486,9.90298914237718e-05,9.39911697129795e-06,1.814157042057749,0.025,0.0,-0.03,0.0,1.0,0.0,0.01
37,1.233321945104714,66,0.037752512120443275,0.0,-0.021219000085816418,0.00878099991418358,0.0012190000858164195,2.438000171632839,0.00016516116589533852,3.774095809775937e-05,1.4628001029797035,0.025,0.0,-0.03,0.0,1.0,0.0,0.01
37,1.233321945104714,67,0.03785562882554088,0.0,-0.022451984070427165,0.007548015929572834,0.0024519840704271666,4.903968140854333,-0.00020504734184567696,6.934635546584609e-06,2.9423808845126,0.025,0.0,-0.03,0.0,1.0,0.0,0.01
37,1.233321945104714,68,0.037935376733552365,0.0,-0.02368667788092983,0.00631332211907017,0.00368667788092983,7.37335576185966,0.00024493809249866497,2.989826591591312e-05,4.424013457115795,0.025,0.0,-0.03,0.0,1.0,0.0,0.01
37,1.233321945104714,69,0.03799095895200106,0.0,-0.02492266893036107,0.0050773310696389275,0.004922668930361073,9.845337860722145,-0.0002772399415915688,6.2203867568111395e-06,5.907202716433287,0.025,0.0,-0.03,0.0,1.0,0.0,0.01
37,1.233321945104714,70,0.03802175748331825,0.0,-0.02615951407918424,0.003840485920815758,0.006159514079184242,12.319028158368484,0.00030959376719817867,1.546731944411138e-05,7.39141689502109,0.025,0.0,-0.03,0.0,1.0,0.0,0.01
37,1.233321945104714,71,0.038027338135232396,0.0,-0.02739671219224837,0.0026032878077516287,0.0073967121922483715,14.793424384496744,-0.0003324175963088234,1.125696471393087e-05,8.876054630698047,0.025,0.0,-0.03,0.0,1.0,0.0,0.01
37,1.233321945104714,72,0.03800745590280717,0.0,-0.028633763115433163,0.0013662368845668363,0.008633763115433164,17.267526230866327,0.0003546532162868113,3.899866355667418e-06,10.360515738519796,0.025,0.0,-0.03,0.0,1.0,0.0,0.01
37,1.233321945104714,73,0.03796112826131782,0.0,-0.029870098779382164,0.00012990122061783474,0.009870098779382165,19.74019755876433,-0.0003564470712530759,1.8736801676113383e-05,11.844118535258596,0.025,0.0,-0.03,0.0,1.0,0.0,0.01
37,1.233321945104714,74,0.0378875506907529,0.0,-0.03110513972527057,0.0011051397252705708,0.00889486027472943,17.78972054945886,-0.0003605897455421341,2.3293248415283768e-05,10.673832329675315,0.025,0.0,-0.03,0.0,1.0,0.0,0.01
37,1.233321945104714,75,0.037787818408162414,0.0,-0.03233836646313133,0.0023383664631313333,0.007661633536868667,15.323267073737334,0.0003597283793118687,2.549676348137011e-05,9.1939602442424,0.025,0.0,-0.03,0.0,1.0,0.0,0.01
37,1.233321945104714,76,0.0376647324716119,0.0,-0.03356952734151608,0.003569527341516082,0.006430472658483918,12.860945316967836,-0.00035784799987167786,4.0907122044289734e-05,7.716567190180701,0.025,0.0,-0.03,0.0,1.0,0.0,0.01
37,1.233321945104714,77,0.037521142532930214,0.0,-0.03479850806323724,0.004798508063237242,0.0052014919367627584,10.402983873525518,0.000349302876149626,3.0007707075216346e-05,6.2417903241153105,0.025,0.0,-0.03,0.0,1.0,0.0,0.01
37,1.233321945104714,78,0.03735918607528932,0.0,-0.03602525724116407,0.006025257241164074,0.003974742758835926,7.949485517671852,-0.0003353118519261823,5.430355942268393e-05,4.769691310603111,0.025,0.0,-0.03,0.0,1.0,0.0,0.01
37,1.233321945104714,79,0.037181125470048,0.0,-0.03724980989480022,0.007249809894800223,0.0027501901051997773,5.5003802103995545,0.00031827210344436725,2.7354933832874163e-05,3.3002281262397326,0.025,0.0,-0.03,0.0,1.0,0.0,0.01
37,1.233321945104714,80,0.03701159807478244,0.0,-0.03848826462148692,0.00848826462148692,0.0015117353785130804,3.023470757026161,-0.0003057933656210557,6.020180965227713e-05,1.8140824542156966,0.025,0.0,-0.03,0.0,1.0,0.0,0.01
38,1.2666549706480847,66,0.037751798192825786,0.0,-0.02121897624262499,0.008781023757375009,0.0012189762426249914,2.4379524852499825,-0.00018502229740455359,3.3360258790582143e-06,1.4627714911499894,0.025,0.0,-0.03,0.0,1.0,0.0,0.01
38,1.2666549706480847,67,0.0378550043133225,0.0,-0.022451954305062107,0.007548045694937892,0.0024519543050621085,4.903908610124217,0.00023303068846778887,3.257019008971973e-05,2.94234516607453,0.025,0.0,-0.03,0.0,1.0,0.0,0.01
38,1.2666549706480847,68,0.03793484201237865,0.0,-0.023686640566735175,0.006313359433264824,0.003686640566735176,7.373281133470352,-0.00027321029918815794,6.743241350643042e-07,4.4239686800822104,0.025,0.0,-0.03,0.0,1.0,0.0,0.01
38,1.2666549706480847,69,0.03799051467352262,0.0,-0.024922629701306615,0.005077370298693384,0.0049226297013066165,9.845259402613234,0.0003135242009023522,2.1705519026120974e-05,5.9071556415679405,0.025,0.0,-0.03,0.0,1.0,0.0,0.01
38,1.2666549706480847,70,0.038021403819044716,0.0,-0.02615947029907687,0.0038405297009231273,0.006159470299076873,12.318940598153747,-0.0003435835477926896,5.2991765269671666e-06,7.391364358892248,0.025,0.0,-0.03,0.0,1.0,0.0,0.01
38,1.2666549706480847,71,0.03802707529615636,0.0,-0.027396670626351247,0.0026033293736487523,0.007396670626351248,14.793341252702495,0.0003732798344546843,4.2650138001232085e-06,8.876004751621497,0.025,0.0,-0.03,0.0,1.0,0.0,0.01
38,1.2666549706480847,72,0.03800728395286754,0.0,-0.028633720309634684,0.001366279690365315,0.008633720309634685,17.26744061926937,-0.00039149335990717733,1.6516016050972325e-05,10.360464371561621,0.025,0.0,-0.03,0.0,1.0,0.0,0.01
38,1.2666549706480847,73,0.037961046342366994,0.0,-0.029870062165612297,0.0001299378343877014,0.009870062165612299,19.740124331224596,0.0003941030885711765,1.562765240537e-05,11.844074598734757,0.025,0.0,-0.03,0.0,1.0,0.0,0.01
38,1.2666549706480847,74,0.037887558116927,0.0,-0.03110510577006857,0.00110510577006857,0.00889489422993143,17.789788459862862,0.00039155675335260853,2.4567866756668802e-05,10.673873075917717,0.025,0.0,-0.03,0.0,1.0,0.0,0.01
38,1.2666549706480847,75,0.03778791517381328,0.0,-0.03233834238794698,0.0023383423879469803,0.00766165761205302,15.32331522410604,-0.0003929283973083377,3.2743520148081726e-05,9.193989134463623,0.025,0.0,-0.03,0.0,1.0,0.0,0.01
38,1.2666549706480847,76,0.03766491954808354,0.0,-0.03356950964586072,0.0035695096458607245,0.006430490354139276,12.860980708278552,0.0003873857557184492,3.255090371880083e-05,7.716588424967131,0.025,0.0,-0.03,0.0,1.0,0.0,0.01
38,1.2666549706480847,77,0.037521419307874865,0.0,-0.034798503446907804,0.004798503446907805,0.005201496553092195,10.40299310618439,-0.00037863014928221357,4.9984067963429367e-05,6.241795863710633,0.025,0.0,-0.03,0.0,1.0,0.0,0.01
38,1.2666549706480847,78,0.037359552907820476,0.0,-0.03602526194865487,0.006025261948654874,0.003974738051345126,7.9494761026902525,0.00036299286264396795,3.5705090916850794e-05,4.769685661614151,0.025,0.0,-0.03,0.0,1.0,0.0,0.01
38,1.2666549706480847,79,0.037181581458229467,0.0,-0.037249829995874076,0.007249829995874077,0.0027501700041259233,5.500340008251847,-0.00034252501926954374,5.82435964105475e-05,3.300204004951108,0.025,0.0,-0.03,0.0,1.0,0.0,0.01
38,1.2666549706480847,80,0.03701214986840096,0.0,-0.038488295493196205,0.008488295493196206,0.0015117045068037942,3.0234090136075884,0.000332228708680422,3.0306892129532718e-05,1.814045408164553,0.025,0.0,-0.03,0.0,1.0,0.0,0.01
39,1.2999879961914553,66,0.037751222499197025,0.0,-0.021218945286733935,0.008781054713266064,0.001218945286733936,2.437890573467872,0.00011030223691472603,2.487774765601702e-05,1.4627343440807232,0.025,0.0,-0.03,0.0,1.0,0.0,0.01
39,1.2999879961914553,67,0.03785450094687605,0.0,-0.022451919514090583,0.0075480804859094155,0.0024519195140905847,4.903839028181169,-0.00013604367281630278,4.1250676722766166e-06,2.9423034169087012,0.025,0.0,-0.03,0.0,1.0,0.0,0.01
39,1.2999879961914553,68,0.03793441113339066,0.0,-0.023686598443812552,0.0063134015561874465,0.0036865984438125537,7.373196887625108,0.00016425609517536243,1.9784859075567145e-05,4.423918132575064,0.025,0.0,-0.03,0.0,1.0,0.0,0.01
39,1.2999879961914553,69,0.03799015691780399,0.0,-0.024922587412322172,0.0050774125876778264,0.004922587412322174,9.845174824644348,-0.00018506454403123014,3.7158291482190863e-06,5.907104894786609,0.025,0.0,-0.03,0.0,1.0,0.0,0.01
39,1.2999879961914553,70,0.038021119237591064,0.0,-0.02615942270680243,0.003840577293197568,0.006159422706802432,12.318845413604864,0.000208269280130017,1.0207931538833408e-05,7.391307248162918,0.025,0.0,-0.03,0.0,1.0,0.0,0.01
39,1.2999879961914553,71,0.038026864090546925,0.0,-0.0273966265547636,0.002603373445236399,0.007396626554763601,14.793253109527203,-0.00022266085899562787,7.390653788113722e-06,8.875951865716322,0.025,0.0,-0.03,0.0,1.0,0.0,0.01
39,1.2999879961914553,72,0.03800714617421015,0.0,-0.028633673309531413,0.0013663266904685861,0.008633673309531414,17.267346619062828,0.00023889474006913956,4.399846788933393e-06,10.360407971437697,0.025,0.0,-0.03,0.0,1.0,0.0,0.01
39,1.2999879961914553,73,0.037960981266364914,0.0,-0.029870022202580473,0.00012997779741952611,0.009870022202580474,19.740044405160948,-0.00023331713307689372,1.2573548573715943e-05,11.844026643096567,0.025,0.0,-0.03,0.0,1.0,0.0,0.01
39,1.2999879961914553,74,0.03788756536974924,0.0,-0.031105065721089425,0.0011050657210894266,0.008894934278910574,17.789868557821148,-0.00023378645746448962,1.4631454582596315e-05,10.673921134692689,0.025,0.0,-0.03,0.0,1.0,0.0,0.01
39,1.2999879961914553,75,0.03778799443312388,0.0,-0.032338312612081185,0.0023383126120811865,0.007661687387918814,15.323374775837628,0.0002304860040248342,1.4795666529558844e-05,9.194024865502577,0.025,0.0,-0.03,0.0,1.0,0.0,0.01
39,1.2999879961914553,76,0.03766507202115524,0.0,-0.033569482712823034,0.0035694827128230355,0.006430517287176965,12.86103457435393,-0.0002307551352274647,2.6368270929898825e-05,7.716620744612357,0.025,0.0,-0.03,0.0,1.0,0.0,0.01
39,1.2999879961914553,77,0.037521644036357014,0.0,-0.03479848934934416,0.004798489349344161,0.0052015106506558394,10.403021301311679,0.00022430236479257154,1.925587857773012e-05,6.241812780787007,0.025,0.0,-0.03,0.0,1.0,0.0,0.01
39,1.2999879961914553,78,0.0373598506744683,0.0,-0.03602525318443879,0.006025253184438792,0.003974746815561208,7.949493631122417,-0.0002167435896057941,3.525715012231922e-05,4.76969617867345,0.025,0.0,-0.03,0.0,1.0,0.0,0.01
39,1.2999879961914553,79,0.03718195101089037,0.0,-0.03724983576000925,0.007249835760009253,0.002750164239990747,5.500328479981494,0.00020467749990121534,1.748984331525056e-05,3.3001970879888964,0.025,0.0,-0.03,0.0,1.0,0.0,0.01
39,1.2999879961914553,80,0.03701259714217131,0.0,-0.03848830796053341,0.00848830796053341,0.00151169203946659,3.02338407893318,-0.00019790312016077204,3.903862029619898e-05,1.814030447359908,0.025,0.0,-0.03,0.0,1.0,0.0,0.01
40,1.333321021734826,66,0.0377507590133258,0.0,-0.021218914283836397,0.008781085716163602,0.0012189142838363986,2.4378285676727973,4.040197165069e-06,1.2610780702376406e-05,1.4626971406036784,0.025,0.0,-0.03,0.0,1.0,0.0,0.01
40,1.333321021734826,67,0.037854095393082675,0.0,-0.02245187941626706,0.007548120583732939,0.0024518794162670613,4.903758832534122,-2.571285218978431e-06,1.0736014371435125e-05,2.942255299520473,0.025,0.0,-0.03,0.0,1.0,0.0,0.01
40,1.333321021734826,68,0.037934064502721423,0.0,-0.023686559669939197,0.006313440330060802,0.0036865596699391986,7.373119339878397,5.457252290758323e-06,9.430494157405856e-06,4.423871603927038,0.025,0.0,-0.03,0.0,1.0,0.0,0.01
40,1.333321021734826,69,0.03798986896326062,0.0,-0.02492254004207325,0.005077459957926748,0.004922540042073252,9.845080084146504,-3.2754685736680532e-06,7.665043227904165e-06,5.907048050487902,0.025,0.0,-0.03,0.0,1.0,0.0,0.01
40,1.333321021734826,70,0.038020890530150966,0.0,-0.02615938052297081,0.0038406194770291904,0.00615938052297081,12.318761045941619,6.133922111144591e-06,6.140834546021863e-06,7.391256627564971,0.025,0.0,-0.03,0.0,1.0,0.0,0.01
40,1.333321021734826,71,0.03802669457066869,0.0,-0.027396576803437166,0.0026034231965628325,0.007396576803437168,14.793153606874336,-3.5000598657307393e-06,4.5135012104921854e-06,8.8758921641246,0.025,0.0,-0.03,0.0,1.0,0.0,0.01
40,1.333321021734826,72,0.038007035712560214,0.0,-0.028633632294045464,0.0013663677059545347,0.008633632294045466,17.26726458809093,6.160302467648017e-06,4.024753441940562e-06,10.360358752854559,0.025,0.0,-0.03,0.0,1.0,0.0,0.01
40,1.333321021734826,73,0.03796092988841614,0.0,-0.029869975330453123,0.0001300246695468757,0.009869975330453125,19.73995066090625,-7.2639512556858105e-06,1.4723180999414127e-06,11.84397039654375,0.025,0.0,-0.03,0.0,1.0,0.0,0.01
40,1.333321021734826,74,0.03788757174678417,0.0,-0.031105030397917628,0.0011050303979176293,0.008894969602082371,17.789939204164742,-1.1887039567147894e-05,1.2018159231238554e-06,10.673963522498845,0.025,0.0,-0.03,0.0,1.0,0.0,0.01
40,1.333321021734826,75,0.037788059780383486,0.0,-0.03233827389483015,0.0023382738948301493,0.007661726105169851,15.323452210339703,1.0363110957879573e-05,2.1254192292922967e-07,9.19407132620382,0.025,0.0,-0.03,0.0,1.0,0.0,0.01
40,1.333321021734826,76,0.037665195437852905,0.0,-0.03356945793206749,0.0035694579320674907,0.0064305420679325095,12.861084135865019,-1.1720004383136067e-05,4.411564718121293e-06,7.716650481519011,0.025,0.0,-0.03,0.0,1.0,0.0,0.01
40,1.333321021734826,77,0.0375218269764758,0.0,-0.03479846346115891,0.0047984634611589125,0.005201536538841088,10.403073077682176,9.378999400128518e-06,3.8737597374404165e-06,6.241843846609306,0.025,0.0,-0.03,0.0,1.0,0.0,0.01
40,1.333321021734826,78,0.03736009125635908,0.0,-0.03602524271020012,0.006025242710200121,0.003974757289799879,7.949514579599758,-9.827755880708986e-06,7.5756228799445066e-06,4.7697087477598545,0.025,0.0,-0.03,0.0,1.0,0.0,0.01
40,1.333321021734826,79,0.037182250912238736,0.0,-0.03724982641532533,0.0072498264153253306,0.0027501735846746696,5.5003471693493395,8.302993784142732e-06,6.961590892354884e-06,3.3002083016096035,0.025,0.0,-0.03,0.0,1.0,0.0,0.01
40,1.333321021734826,80,0.037012958435195024,0.0,-0.03848831415634735,0.008488314156347349,0.0015116858436526517,3.0233716873053034,-8.257925451362556e-06,1.084759290499849e-05,1.814023012383182,0.025,0.0,-0.03,0.0,1.0,0.0,0.01
41,1.3666540472781967,66,0.037750385781778945,0.0,-0.021218879374920768,0.008781120625079231,0.0012188793749207689,2.437758749841538,-9.085075552492203e-05,2.2466064573200233e-06,1.4626552499049226,0.025,0.0,-0.03,0.0,1.0,0.0,0.01
41,1.3666540472781967,67,0.03785376942199267,0.0,-0.02245184441711623,0.00754815558288377,0.0024518444171162303,4.903688834232461,0.00011630313952276118,1.652633385490937e-05,2.942213300539476,0.025,0.0,-0.03,0.0,1.0,0.0,0.01
41,1.3666540472781967,68,0.03793378552255528,0.0,-0.023686516910849977,0.006313483089150022,0.003686516910849978,7.373033821699956,-0.0001358619257948703,7.01596353332061e-07,4.423820293019973,0.025,0.0,-0.03,0.0,1.0,0.0,0.01
41,1.3666540472781967,69,0.03798963769288102,0.0,-0.02492250055955836,0.005077499440441637,0.004922500559558363,9.845001119116725,0.00015813382809869516,1.1066193956417147e-05,5.907000671470035,0.025,0.0,-0.03,0.0,1.0,0.0,0.01
41,1.3666540472781967,70,0.03802070677294141,0.0,-0.026159333732869813,0.0038406662671301856,0.006159333732869815,12.31866746573963,-0.00017318281165561492,2.8346720638114382e-06,7.391200479443778,0.025,0.0,-0.03,0.0,1.0,0.0,0.01
41,1.3666540472781967,71,0.03802655854691082,0.0,-0.02739653643281059,0.0026034635671894103,0.00739653643281059,14.79307286562118,0.00019057453224376587,2.2885741012084755e-06,8.875843719372709,0.025,0.0,-0.03,0.0,1.0,0.0,0.01
41,1.3666540472781967,72,0.03800694754619365,0.0,-0.028633585551958548,0.001366414448041451,0.00863358555195855,17.2671711039171,-0.00019991932685884035,7.550181825999282e-06,10.360302662350259,0.025,0.0,-0.03,0.0,1.0,0.0,0.01
41,1.3666540472781967,73,0.03796088883593387,0.0,-0.029869937640468535,0.00013006235953146386,0.009869937640468536,19.739875280937074,0.00020538116076926336,7.939937017385175e-06,11.843925168562244,0.025,0.0,-0.03,0.0,1.0,0.0,0.01
41,1.3666540472781967,74,0.03788757801311946,0.0,-0.031104988206329197,0.001104988206329198,0.008895011793670802,17.790023587341604,0.00020474185099779077,1.3066730634761958e-05,10.674014152404963,0.025,0.0,-0.03,0.0,1.0,0.0,0.01
41,1.3666540472781967,75,0.0377881126316057,0.0,-0.03233824276451258,0.0023382427645125825,0.007661757235487418,15.323514470974835,-0.00020731639128693493,1.8054129856041234e-05,9.1941086825849,0.025,0.0,-0.03,0.0,1.0,0.0,0.01
41,1.3666540472781967,76,0.03766529630556308,0.0,-0.033569424301523515,0.003569424301523516,0.006430575698476484,12.861151396952968,0.00020415834391178197,1.7156412193461783e-05,7.716690838171781,0.025,0.0,-0.03,0.0,1.0,0.0,0.01
41,1.3666540472781967,77,0.03752197442907052,0.0,-0.034798442446790624,0.004798442446790625,0.005201557553209375,10.403115106418749,-0.00020137442406336153,2.6441884202164086e-05,6.241869063851249,0.025,0.0,-0.03,0.0,1.0,0.0,0.01
41,1.3666540472781967,78,0.037360286741827474,0.0,-0.036025221037519047,0.006025221037519048,0.003974778962480953,7.949557924961905,0.00019251498974360445,1.8911555642863e-05,4.769734754977143,0.025,0.0,-0.03,0.0,1.0,0.0,0.01
41,1.3666540472781967,79,0.03718249261448813,0.0,-0.03724981812149269,0.007249818121492689,0.002750181878507311,5.500363757014623,-0.00018310317437366053,3.0940134759498426e-05,3.3002182542087737,0.025,0.0,-0.03,0.0,1.0,0.0,0.01
41,1.3666540472781967,80,0.037013251264548304,0.0,-0.03848830647363163,0.008488306473631628,0.0015116935263683722,3.0233870527367444,0.00017660538848152276,1.6189762360882448e-05,1.8140322316420465,0.025,0.0,-0.03,0.0,1.0,0.0,0.01
42,1.3999870728215673,66,0.037750085918299675,0.0,-0.021218848215210424,0.008781151784789575,0.0012188482152104257,2.4376964304208513,0.000125181295683227,1.8656794870392707e-05,1.4626178582525107,0.025,0.0,-0.03,0.0,1.0,0.0,0.01
42,1.3999870728215673,67,0.03785350726112166,0.0,-0.022451808401039764,0.007548191598960235,0.0024518084010397654,4.903616802079531,-0.00015436812729569267,3.541544057297518e-06,2.9421700812477187,0.025,0.0,-0.03,0.0,1.0,0.0,0.01
42,1.3999870728215673,68,0.037933561547299134,0.0,-0.02368648043590416,0.0063135195640958396,0.0036864804359041606,7.3729608718083215,0.0001851948619370017,1.5214573354763408e-05,4.423776523084992,0.025,0.0,-0.03,0.0,1.0,0.0,0.01
42,1.3999870728215673,69,0.03798945186577945,0.0,-0.024922459965516224,0.005077540034483775,0.004922459965516225,9.84491993103245,-0.0002088404207005212,1.6006914301637006e-06,5.90695195861947,0.025,0.0,-0.03,0.0,1.0,0.0,0.01
42,1.3999870728215673,70,0.03802055936902498,0.0,-0.026159294821713332,0.0038407051782866665,0.006159294821713334,12.318589643426668,0.00023364567245081003,6.807563908348195e-06,7.391153786056,0.025,0.0,-0.03,0.0,1.0,0.0,0.01
42,1.3999870728215673,71,0.038026449561817235,0.0,-0.02739649438652133,0.0026035056134786697,0.0073964943865213306,14.79298877304266,-0.00025014394447179356,4.758898504932956e-06,8.875793263825596,0.025,0.0,-0.03,0.0,1.0,0.0,0.01
42,1.3999870728215673,72,0.03800687691246469,0.0,-0.02863354723076775,0.001366452769232248,0.008633547230767752,17.267094461535503,0.00026721504205691444,5.936708018373591e-06,10.360256676921301,0.025,0.0,-0.03,0.0,1.0,0.0,0.01
42,1.3999870728215673,73,0.037960856503789914,0.0,-0.029869897521635554,0.00013010247836444527,0.009869897521635555,19.73979504327111,-0.0002659464080298776,1.2883952725978843e-05,11.843877025962664,0.025,0.0,-0.03,0.0,1.0,0.0,0.01
42,1.3999870728215673,74,0.03788758331073534,0.0,-0.031104953458480435,0.0011049534584804364,0.008895046541519564,17.790093083039128,-0.0002685936329740869,1.7065731411622525e-05,10.674055849823477,0.025,0.0,-0.03,0.0,1.0,0.0,0.01
42,1.3999870728215673,75,0.037788156063974704,0.0,-0.032338207967268336,0.0023382079672683367,0.0076617920327316635,15.323584065463328,0.0002665851779551495,1.951142366658336e-05,9.194150439277996,0.025,0.0,-0.03,0.0,1.0,0.0,0.01
42,1.3999870728215673,76,0.03766537765592454,0.0,-0.033569396391556566,0.0035693963915565674,0.006430603608443433,12.861207216886866,-0.00026622915212875197,2.7875477751237575e-05,7.716724330132119,0.025,0.0,-0.03,0.0,1.0,0.0,0.01
42,1.3999870728215673,77,0.037522094219441054,0.0,-0.034798415933987574,0.004798415933987575,0.005201584066012425,10.40316813202485,0.0002584190714539863,2.584618175145038e-05,6.24190087921491,0.025,0.0,-0.03,0.0,1.0,0.0,0.01
42,1.3999870728215673,78,0.03736044421255198,0.0,-0.03602520248674049,0.0060252024867404885,0.003974797513259512,7.949595026519023,-0.0002496892690917256,3.547016376069139e-05,4.769757015911414,0.025,0.0,-0.03,0.0,1.0,0.0,0.01
42,1.3999870728215673,79,0.03718268836414547,0.0,-0.03724980224750254,0.007249802247502539,0.0027501977524974613,5.5003955049949225,0.00023498376384419216,2.6239867549898935e-05,3.3002373029969534,0.025,0.0,-0.03,0.0,1.0,0.0,0.01
42,1.3999870728215673,80,0.037013487163060035,0.0,-0.03848829883550672,0.008488298835506718,0.0015117011644932826,3.023402328986565,-0.00022809891675517284,3.7343216671582977e-05,1.814041397391939,0.025,0.0,-0.03,0.0,1.0,0.0,0.01
43,1.433320098364938,66,0.03774984505560236,0.0,-0.021218818959973282,0.008781181040026717,0.0012188189599732831,2.437637919946566,-8.982209301635087e-05,1.3270828982014305e-06,1.4625827519679395,0.025,0.0,-0.03,0.0,1.0,0.0,0.01
43,1.433320098364938,67,0.03785329677372305,0.0,-0.02245177567773382,0.007548224322266178,0.002451775677733822,4.903551355467644,0.00011444151181702829,1.3423005587476979e-05,2.942130813280586,0.025,0.0,-0.03,0.0,1.0,0.0,0.01
43,1.433320098364938,68,0.0379333817476204,0.0,-0.023686446778998033,0.006313553221001966,0.003686446778998034,7.3728935579960675,-0.00013354050710198342,1.9547517817518093e-06,4.4237361347976405,0.025,0.0,-0.03,0.0,1.0,0.0,0.01
43,1.433320098364938,69,0.037989302785646197,0.0,-0.02492242363919609,0.005077576360803908,0.004922423639196092,9.844847278392185,0.00015428273201706052,8.851632183843916e-06,5.906908367035311,0.025,0.0,-0.03,0.0,1.0,0.0,0.01
43,1.433320098364938,70,0.03802044118051652,0.0,-0.02615925909560428,0.0038407409043957202,0.00615925909560428,12.31851819120856,-0.00016843155165280634,1.0472595236093144e-06,7.391110914725135,0.025,0.0,-0.03,0.0,1.0,0.0,0.01
43,1.433320098364938,71,0.03802636228000566,0.0,-0.027396456952119,0.0026035430478809976,0.007396456952119003,14.792913904238006,0.00018386430348933262,9.779279612211487e-07,8.875748342542803,0.025,0.0,-0.03,0.0,1.0,0.0,0.01
43,1.433320098364938,72,0.03800682052078908,0.0,-0.02863351189515898,0.0013664881048410203,0.00863351189515898,17.26702379031796,-0.0001921069916047962,7.789411280271835e-06,10.360214274190776,0.025,0.0,-0.03,0.0,1.0,0.0,0.01
43,1.433320098364938,73,0.03796083086987059,0.0,-0.029869861582447716,0.0001301384175522828,0.009869861582447717,19.739723164895434,0.00019260135849596673,8.07303107296465e-06,11.84383389893726,0.025,0.0,-0.03,0.0,1.0,0.0,0.01
43,1.433320098364938,74,0.03788758799717605,0.0,-0.03110492109280616,0.0011049210928061604,0.00889507890719384,17.79015781438768,0.00018956782838147672,1.1721290866727195e-05,10.674094688632607,0.025,0.0,-0.03,0.0,1.0,0.0,0.01
43,1.433320098364938,75,0.03778819141569406,0.0,-0.03233817624619713,0.0023381762461971295,0.007661823753802871,15.323647507605742,-0.00019070567642122808,1.5072949949207342e-05,9.194188504563444,0.025,0.0,-0.03,0.0,1.0,0.0,0.01
43,1.433320098364938,76,0.037665443559193726,0.0,-0.033569369538107255,0.003569369538107256,0.006430630461892744,12.861260923785489,0.00018711296034126142,1.638576080381545e-05,7.716756554271293,0.025,0.0,-0.03,0.0,1.0,0.0,0.01
43,1.433320098364938,77,0.0375221909837136,0.0,-0.03479839087881672,0.00479839087881672,0.00520160912118328,10.40321824236656,-0.00018393645189242766,2.318633498285461e-05,6.241930945419935,0.025,0.0,-0.03,0.0,1.0,0.0,0.01
43,1.433320098364938,78,0.03736057138047592,0.0,-0.03602518317331511,0.006025183173315109,0.0039748168266848915,7.949633653369783,0.00017528736419800126,1.8666366395341957e-05,4.769780192021869,0.025,0.0,-0.03,0.0,1.0,0.0,0.01
43,1.433320098364938,79,0.03718284625014009,0.0,-0.03724978572825957,0.007249785728259572,0.002750214271740428,5.500428543480855,-0.00016659328584007178,2.6483987416874225e-05,3.300257126088513,0.025,0.0,-0.03,0.0,1.0,0.0,0.01
43,1.433320098364938,80,0.03701367745023887,0.0,-0.03848828832703845,0.008488288327038448,0.0015117116729615517,3.0234233459231032,0.00016030809470265095,1.6744735792052684e-05,1.8140540075538618,0.025,0.0,-0.03,0.0,1.0,0.0,0.01
44,1.4666531239083085,66,0.037749651646355825,0.0,-0.021218790917627402,0.008781209082372596,0.0012187909176274037,2.4375818352548073,1.83066323874089e-05,6.745785700231508e-06,1.4625491011528844,0.025,0.0,-0.03,0.0,1.0,0.0,0.01
44,1.4666531239083085,67,0.03785312802733138,0.0,-0.02245174809397551,0.00754825190602449,0.00245174809397551,4.90349618795102,-2.1462743614957552e-05,2.944338107298053e-06,2.942097712770612,0.025,0.0,-0.03,0.0,1.0,0.0,0.01
44,1.4666531239083085,68,0.037933237440196,0.0,-0.023686414477350613,0.006313585522649386,0.0036864144773506146,7.372828954701229,2.7644394272705706e-05,5.26645006062555e-06,4.423697372820738,0.025,0.0,-0.03,0.0,1.0,0.0,0.01
44,1.4666531239083085,69,0.03798918335166424,0.0,-0.024922393792653142,0.005077606207346857,0.004922393792653143,9.844787585306287,-3.004684825000032e-05,2.1768612838285296e-06,5.906872551183772,0.025,0.0,-0.03,0.0,1.0,0.0,0.01
44,1.4666531239083085,70,0.038020346465314755,0.0,-0.02615922453915741,0.0038407754608425874,0.006159224539157413,12.318449078314826,3.557532392378821e-05,3.0019579312684715e-06,7.391069446988896,0.025,0.0,-0.03,0.0,1.0,0.0,0.01
44,1.4666531239083085,71,0.03802629241593731,0.0,-0.027396426696797465,0.002603573303202534,0.007396426696797466,14.792853393594932,-3.692784140697435e-05,2.1914345327958046e-06,8.875712036156958,0.025,0.0,-0.03,0.0,1.0,0.0,0.01
44,1.4666531239083085,72,0.03800677558118234,0.0,-0.02863347723250006,0.0013665227674999406,0.00863347723250006,17.26695446500012,4.128237630390387e-05,8.019260265769501e-07,10.36017267900007,0.025,0.0,-0.03,0.0,1.0,0.0,0.01
44,1.4666531239083085,73,0.037960810434899045,0.0,-0.029869832749428397,0.00013016725057160214,0.009869832749428398,19.739665498856795,-3.6872580188494364e-05,2.4324780914489857e-06,11.843799299314076,0.025,0.0,-0.03,0.0,1.0,0.0,0.01
44,1.4666531239083085,74,0.03788759228591075,0.0,-0.031104888722518226,0.0011048887225182276,0.008895111277481773,17.790222554963545,-3.694310398491577e-05,2.1651576663020697e-06,10.674133532978127,0.025,0.0,-0.03,0.0,1.0,0.0,0.01
44,1.4666531239083085,75,0.03778821988912047,0.0,-0.03233815083743497,0.0023381508374349727,0.0076618491625650275,15.323698325130055,3.4575176093861566e-05,1.219287245331172e-06,9.194218995078032,0.025,0.0,-0.03,0.0,1.0,0.0,0.01
44,1.4666531239083085,76,0.03766549716588277,0.0,-0.03356934161437361,0.003569341614373611,0.006430658385626389,12.861316771252778,-3.613437887907124e-05,4.845659047025442e-06,7.716790062751667,0.025,0.0,-0.03,0.0,1.0,0.0,0.01
44,1.4666531239083085,77,0.03752226874113168,0.0,-0.034798370728388775,0.004798370728388776,0.005201629271611224,10.403258543222448,3.4259965731684575e-05,1.8729325510957703e-06,6.241955125933468,0.025,0.0,-0.03,0.0,1.0,0.0,0.01
44,1.4666531239083085,78,0.03736067430603553,0.0,-0.036025161505899524,0.006025161505899525,0.0039748384941004754,7.949676988200951,-3.436431853538586e-05,7.055082269379739e-06,4.76980619292057,0.025,0.0,-0.03,0.0,1.0,0.0,0.01
44,1.4666531239083085,79,0.03718297311625233,0.0,-0.03724977215347785,0.00724977215347785,0.00275022784652215,5.500455693044301,3.164801922847235e-05,9.085598051791328e-07,3.3002734158265805,0.025,0.0,-0.03,0.0,1.0,0.0,0.01
44,1.4666531239083085,80,0.037013831125130625,0.0,-0.038488273994802966,0.008488273994802967,0.0015117260051970335,3.0234520103940667,-3.149865499194374e-05,8.362489713470436e-06,1.81407120623644,0.025,0.0,-0.03,0.0,1.0,0.0,0.01
45,1.4999861494516793,66,0.03774949675101139,0.0,-0.021218768133291873,0.008781231866708126,0.0012187681332918743,2.4375362665837486,4.941440094753271e-05,8.262769430562588e-06,1.4625217599502491,0.025,0.0,-0.03,0.0,1.0,0.0,0.01
45,1.4999861494516793,67,0.037852992578820924,0.0,-0.02245172089463917,0.007548279105360829,0.002451720894639171,4.903441789278342,-6.041702120331093e-05,4.861504409333766e-07,2.9420650735670053,0.025,0.0,-0.03,0.0,1.0,0.0,0.01
45,1.4999861494516793,68,0.03793312195673964,0.0,-0.023686389291907643,0.006313610708092356,0.003686389291907644,7.372778583815288,7.33544397363046e-05,6.682815964578482e-06,4.423667150289172,0.025,0.0,-0.03,0.0,1.0,0.0,0.01
45,1.4999861494516793,69,0.03798908757188226,0.0,-0.024922363822253088,0.005077636177746911,0.004922363822253089,9.844727644506179,-8.212552048718608e-05,5.160182930618627e-10,5.906836586703707,0.025,0.0,-0.03,0.0,1.0,0.0,0.01
45,1.4999861494516793,70,0.03802027069622419,0.0,-0.026159198370345187,0.0038408016296548123,0.006159198370345188,12.318396740690376,9.267076371362877e-05,3.134550590527244e-06,7.391038044414225,0.025,0.0,-0.03,0.0,1.0,0.0,0.01
45,1.4999861494516793,71,0.03802623658353836,0.0,-0.027396395668677426,0.0026036043313225725,0.007396395668677428,14.792791337354856,-9.854236475001846e-05,2.1819588094687154e-06,8.875674802412913,0.025,0.0,-0.03,0.0,1.0,0.0,0.01
45,1.4999861494516793,72,0.038006739598014094,0.0,-0.028633451552952466,0.001366548447047533,0.008633451552952467,17.266903105904934,0.00010597218520004514,1.52892800488693e-06,10.36014186354296,0.025,0.0,-0.03,0.0,1.0,0.0,0.01
45,1.4999861494516793,73,0.03796079446949998,0.0,-0.02986980257563381,0.00013019742436619006,0.00986980257563381,19.73960515126762,-0.00010649855184761537,5.1088930529901876e-06,11.843763090760573,0.025,0.0,-0.03,0.0,1.0,0.0,0.01
45,1.4999861494516793,74,0.03788759568150109,0.0,-0.03110486490587064,0.0011048649058706395,0.00889513509412936,17.79027018825872,-0.00010916048293539837,7.110236441637852e-06,10.674162112955232,0.025,0.0,-0.03,0.0,1.0,0.0,0.01
45,1.4999861494516793,75,0.037788243359449046,0.0,-0.03233812340146605,0.0023381234014660524,0.007661876598533948,15.323753197067896,0.00010795647150193882,8.302822456777367e-06,9.194251918240738,0.025,0.0,-0.03,0.0,1.0,0.0,0.01
45,1.4999861494516793,76,0.03766554002406861,0.0,-0.03356932133167388,0.003569321331673883,0.006430678668326117,12.861357336652235,-0.00010824080097987994,1.1575440805606064e-05,7.716814401991341,0.025,0.0,-0.03,0.0,1.0,0.0,0.01
45,1.4999861494516793,77,0.03752233193975935,0.0,-0.03479834765503976,0.00479834765503976,0.00520165234496024,10.40330468992048,0.00010431511682545219,1.0025208749570755e-05,6.241982813952288,0.025,0.0,-0.03,0.0,1.0,0.0,0.01
45,1.4999861494516793,78,0.0373607566817531,0.0,-0.0360251459708304,0.006025145970830398,0.003974854029169602,7.949708058339205,-0.0001011951896209224,1.4793841662366306e-05,4.769824835003523,0.025,0.0,-0.03,0.0,1.0,0.0,0.01
45,1.4999861494516793,79,0.037183075802049326,0.0,-0.03724975476707299,0.0072497547670729925,0.0027502452329270077,5.500490465854015,9.464199304385653e-05,9.942414226144193e-06,3.300294279512409,0.025,0.0,-0.03,0.0,1.0,0.0,0.01
45,1.4999861494516793,80,0.03701395427244425,0.0,-0.03848826398579197,0.008488263985791972,0.0015117360142080285,3.023472028416057,-9.231545165879083e-05,1.5815106648084722e-05,1.8140832170496342,0.025,0.0,-0.03,0.0,1.0,0.0,0.01
46,1.5333191749950499,66,0.037749372512106465,0.0,-0.021218746326757285,0.008781253673242714,0.0012187463267572859,2.4374926535145716,-7.926908649863785e-05,3.4848724440063327e-06,1.4624955921087428,0.025,0.0,-0.03,0.0,1.0,0.0,0.01
46,1.5333191749950499,67,0.0378528842333052,0.0,-0.022451699316371802,0.0075483006836281966,0.0024516993163718036,4.903398632743607,0.00010068226998151002,9.70732793631336e-06,2.942039179646164,0.025,0.0,-0.03,0.0,1.0,0.0,0.01
46,1.5333191749950499,68,0.03793302936241002,0.0,-0.02368636474454476,0.006313635255455238,0.003686364744544762,7.372729489089524,-0.00011819172741847022,3.4584497836550644e-06,4.423637693453714,0.025,0.0,-0.03,0.0,1.0,0.0,0.01
46,1.5333191749950499,69,0.0379890110011228,0.0,-0.024922340744341454,0.005077659255658545,0.0049223407443414555,9.84468148868291,0.00013657946972922457,6.310536078877338e-06,5.906808893209746,0.025,0.0,-0.03,0.0,1.0,0.0,0.01
46,1.5333191749950499,70,0.03802021005113053,0.0,-0.02615917237938162,0.0038408276206183777,0.0061591723793816226,12.318344758763246,-0.00015021802686273646,2.3130361828461001e-07,7.391006855257947,0.025,0.0,-0.03,0.0,1.0,0.0,0.01
46,1.5333191749950499,71,0.03802619194715778,0.0,-0.027396372282775472,0.002603627717224527,0.007396372282775473,14.792744565550946,0.00016424674601124366,1.3304983726322975e-08,8.875646739330566,0.025,0.0,-0.03,0.0,1.0,0.0,0.01
46,1.5333191749950499,72,0.03800671102523791,0.0,-0.028633425503663927,0.0013665744963360718,0.008633425503663928,17.26685100732786,-0.00017291090060145045,5.728954766907995e-06,10.360110604396715,0.025,0.0,-0.03,0.0,1.0,0.0,0.01
46,1.5333191749950499,73,0.03796078168220277,0.0,-0.02986978004091798,0.00013021995908201953,0.00986978004091798,19.73956008183596,0.00017521044852323407,7.477683354189027e-06,11.843736049101576,0.025,0.0,-0.03,0.0,1.0,0.0,0.01
46,1.5333191749950499,74,0.03788759881438157,0.0,-0.031104840380289836,0.0011048403802898371,0.008895159619710163,17.790319239420327,0.00017435771515839362,1.1006862370386848e-05,10.674191543652196,0.025,0.0,-0.03,0.0,1.0,0.0,0.01
46,1.5333191749950499,75,0.03778826211842488,0.0,-0.032338103036935864,0.002338103036935865,0.007661896963064135,15.32379392612827,-0.000175595757694414,1.4137972146761696e-05,9.194276355676962,0.025,0.0,-0.03,0.0,1.0,0.0,0.01
46,1.5333191749950499,76,0.03766557494376164,0.0,-0.03356929968240193,0.0035692996824019316,0.006430700317598069,12.861400635196137,0.00017330240567465775,1.5881234917146658e-05,7.716840381117682,0.025,0.0,-0.03,0.0,1.0,0.0,0.01
46,1.5333191749950499,77,0.03752238246170703,0.0,-0.03479833067510891,0.00479833067510891,0.0052016693248910905,10.403338649782182,-0.00017059239443723156,2.0416125720065132e-05,6.242003189869309,0.025,0.0,-0.03,0.0,1.0,0.0,0.01
46,1.5333191749950499,78,0.03736082338820365,0.0,-0.03602512834955098,0.006025128349550983,0.003974871650449017,7.949743300898034,0.00016320702510730505,1.8712387457245375e-05,4.76984598053882,0.025,0.0,-0.03,0.0,1.0,0.0,0.01
46,1.5333191749950499,79,0.037183157981616345,0.0,-0.037249742035603675,0.007249742035603676,0.002750257964396324,5.500515928792648,-0.00015524284491766,2.291098863799587e-05,3.3003095572755887,0.025,0.0,-0.03,0.0,1.0,0.0,0.01
46,1.5333191749950499,80,0.03701405369890867,0.0,-0.03848825108089103,0.008488251080891032,0.001511748919108968,3.023497838217936,0.0001495146354995515,1.7712930874297952e-05,1.8140987029307614,0.025,0.0,-0.03,0.0,1.0,0.0,0.01
47,1.5666522005384205,66,0.03774927309798165,0.0,-0.021218727898431284,0.008781272101568715,0.0012187278984312853,2.4374557968625705,7.001333395786171e-05,8.633637130730226e-06,1.4624734781175424,0.025,0.0,-0.03,0.0,1.0,0.0,0.01
47,1.5666522005384205,67,0.03785279747733382,0.0,-0.022451679973643255,0.007548320026356744,0.0024516799736432563,4.903359947286512,-8.606168912648878e-05,3.6067710406652477e-06,2.942015968371907,0.025,0.0,-0.03,0.0,1.0,0.0,0.01
47,1.5666522005384205,68,0.03793295531446138,0.0,-0.023686344349139292,0.006313655650860707,0.0036863443491392932,7.372688698278586,0.0001028757679789595,7.133132607296086e-06,4.4236132189671515,0.025,0.0,-0.03,0.0,1.0,0.0,0.01
47,1.5666522005384205,69,0.037988949734650716,0.0,-0.024922319977071932,0.005077680022928067,0.004922319977071933,9.844639954143867,-0.00011579191838057011,2.0433689826424314e-06,5.90678397248632,0.025,0.0,-0.03,0.0,1.0,0.0,0.01
47,1.5666522005384205,70,0.03802016158992428,0.0,-0.026159151010741184,0.0038408489892588146,0.006159151010741186,12.31830202148237,0.00012913619223607034,2.9047135033382887e-06,7.390981212889422,0.025,0.0,-0.03,0.0,1.0,0.0,0.01
47,1.5666522005384205,71,0.03802615631449375,0.0,-0.02739635110049149,0.0026036488995085094,0.007396351100491491,14.792702200982982,-0.00013805418875699967,1.9696492710044104e-06,8.875621320589788,0.025,0.0,-0.03,0.0,1.0,0.0,0.01
47,1.5666522005384205,72,0.0380066882167438,0.0,-0.02863340421135229,0.0013665957886477079,0.008633404211352292,17.266808422704585,0.00014708674608462265,3.99994372753085e-06,10.36008505362275,0.025,0.0,-0.03,0.0,1.0,0.0,0.01
47,1.5666522005384205,73,0.0379607716216766,0.0,-0.029869759521716863,0.00013024047828313554,0.009869759521716865,19.73951904343373,-0.00014545243295760866,6.899315888755534e-06,11.843711426060239,0.025,0.0,-0.03,0.0,1.0,0.0,0.01
47,1.5666522005384205,74,0.037887601413888757,0.0,-0.03110482023527837,0.0011048202352783726,0.008895179764721628,17.790359529443254,-0.00014624273322160974,9.176251168379955e-06,10.674215717665952,0.025,0.0,-0.03,0.0,1.0,0.0,0.01
47,1.5666522005384205,75,0.03778827736699692,0.0,-0.032338084294534955,0.002338084294534956,0.007661915705465044,15.323831410930088,0.00014493383083651824,1.0538460701355111e-05,9.194298846558052,0.025,0.0,-0.03,0.0,1.0,0.0,0.01
47,1.5666522005384205,76,0.037665602996985195,0.0,-0.033569281823448094,0.003569281823448095,0.006430718176551905,12.86143635310381,-0.00014461775641316752,1.4680157417730733e-05,7.716861811862286,0.025,0.0,-0.03,0.0,1.0,0.0,0.01
47,1.5666522005384205,77,0.03752242322264387,0.0,-0.03479831467519699,0.0047983146751969935,0.005201685324803007,10.403370649606014,0.00014019105000934233,1.4688094769054851e-05,6.2420223897636085,0.025,0.0,-0.03,0.0,1.0,0.0,0.01
47,1.5666522005384205,78,0.03736087690780324,0.0,-0.03602511366321805,0.0060251136632180485,0.003974886336781952,7.949772673563904,-0.00013550081347917471,1.838337515980832e-05,4.769863604138342,0.025,0.0,-0.03,0.0,1.0,0.0,0.01
47,1.5666522005384205,79,0.037183224135450915,0.0,-0.03724972952607166,0.007249729526071662,0.0027502704739283384,5.500540947856677,0.00012728756465420272,1.5303559537163116e-05,3.300324568714006,0.025,0.0,-0.03,0.0,1.0,0.0,0.01
47,1.5666522005384205,80,0.03701413345953739,0.0,-0.03848824010053034,0.008488240100530342,0.0015117598994696581,3.0235197989393163,-0.00012378866772263963,1.8932307402720335e-05,1.8141118793635898,0.025,0.0,-0.03,0.0,1.0,0.0,0.01
48,1.5999852260817913,66,0.03774919363566343,0.0,-0.021218712754325565,0.008781287245674434,0.0012187127543255658,2.4374255086511316,-2.5719200189016472e-05,1.4967821045877064e-07,1.462455305190679,0.025,0.0,-0.03,0.0,1.0,0.0,0.01
48,1.5999852260817913,67,0.0378527280338849,0.0,-0.02245166245865223,0.007548337541347767,0.002451662458652233,4.903324917304466,3.3178596605177126e-05,4.1309684373769336e-06,2.9419949503826794,0.025,0.0,-0.03,0.0,1.0,0.0,0.01
48,1.5999852260817913,68,0.03793289616506976,0.0,-0.02368632796875551,0.006313672031244489,0.0036863279687555112,7.3726559375110226,-3.821824892726036e-05,3.965451609493252e-07,4.423593562506613,0.025,0.0,-0.03,0.0,1.0,0.0,0.01
48,1.5999852260817913,69,0.03798890073301443,0.0,-0.02492230100317714,0.005077698996822859,0.004922301003177141,9.844602006354283,4.4486518560118606e-05,2.732649135443051e-06,5.906761203812569,0.025,0.0,-0.03,0.0,1.0,0.0,0.01
48,1.5999852260817913,70,0.03802012289893065,0.0,-0.026159134121353816,0.0038408658786461825,0.006159134121353818,12.318268242707635,-4.800746634737921e-05,4.05755765131698e-07,7.390960945624581,0.025,0.0,-0.03,0.0,1.0,0.0,0.01
48,1.5999852260817913,71,0.03802612789239196,0.0,-0.027396331555267515,0.0026036684447324834,0.007396331555267517,14.792663110535033,5.267715633114928e-05,3.581286556105837e-07,8.87559786632102,0.025,0.0,-0.03,0.0,1.0,0.0,0.01
48,1.5999852260817913,72,0.038006670022463517,0.0,-0.0286333875668682,0.0013666124331317975,0.008633387566868203,17.266775133736406,-5.4434901136975736e-05,2.6239553279253014e-06,10.360065080241844,0.025,0.0,-0.03,0.0,1.0,0.0,0.01
48,1.5999852260817913,73,0.037960763741418824,0.0,-0.029869740381179948,0.00013025961882005138,0.009869740381179949,19.739480762359896,5.380887480828607e-05,2.304492184321354e-06,11.843688457415938,0.025,0.0,-0.03,0.0,1.0,0.0,0.01
48,1.5999852260817913,74,0.03788760350474624,0.0,-0.031104804568307665,0.0011048045683076657,0.008895195431692334,17.79039086338467,5.180993480674283e-05,3.08315377930477e-06,10.6742345180308,0.025,0.0,-0.03,0.0,1.0,0.0,0.01
48,1.5999852260817913,75,0.037788289830422726,0.0,-0.032338066546891024,0.0023380665468910253,0.007661933453108975,15.32386690621795,-5.2246225910016504e-05,3.853784717425649e-06,9.194320143730769,0.025,0.0,-0.03,0.0,1.0,0.0,0.01
48,1.5999852260817913,76,0.037665625431642556,0.0,-0.033569267976676226,0.003569267976676227,0.006430732023323773,12.861464046647546,5.073410543504249e-05,4.326522270899805e-06,7.716878427988528,0.025,0.0,-0.03,0.0,1.0,0.0,0.01
48,1.5999852260817913,77,0.03752245616486467,0.0,-0.03479829918288373,0.004798299182883728,0.005201700817116272,10.403401634232544,-5.01952322742324e-05,6.4958442589911395e-06,6.242040980539526,0.025,0.0,-0.03,0.0,1.0,0.0,0.01
48,1.5999852260817913,78,0.03736091971454667,0.0,-0.03602510225382583,0.006025102253825833,0.003974897746174167,7.9497954923483345,4.7384618831232506e-05,4.865552834771585e-06,4.7698772954090005,0.025,0.0,-0.03,0.0,1.0,0.0,0.01
48,1.5999852260817913,79,0.03718327743662889,0.0,-0.03724971697638359,0.007249716976383588,0.002750283023616412,5.500566047232824,-4.536895986228905e-05,7.4673203752110065e-06,3.300339628339694,0.025,0.0,-0.03,0.0,1.0,0.0,0.01
48,1.5999852260817913,80,0.03701419729389969,0.0,-0.03848823153106831,0.008488231531068313,0.001511768468931687,3.023536937863374,4.3282478566219364e-05,4.211424936108825e-06,1.8141221627180244,0.025,0.0,-0.03,0.0,1.0,0.0,0.01
49,1.6333182516251619,66,0.03774913000229427,0.0,-0.021218698410843416,0.008781301589156583,0.0012186984108434173,2.4373968216868347,-2.287400090847041e-05,2.532711509269312e-07,1.4624380930121008,0.025,0.0,-0.03,0.0,1.0,0.0,0.01
49,1.6333182516251619,67,0.037852672652565644,0.0,-0.02245164927576442,0.00754835072423558,0.00245164927576442,4.903298551528841,2.91083345156307e-05,3.4065040874256582e-06,2.9419791309173045,0.025,0.0,-0.03,0.0,1.0,0.0,0.01
49,1.6333182516251619,68,0.03793284880752275,0.0,-0.02368631197648704,0.00631368802351296,0.00368631197648704,7.37262395297408,-3.3244536401576865e-05,3.8847827281627954e-07,4.423574371784448,0.025,0.0,-0.03,0.0,1.0,0.0,0.01
49,1.6333182516251619,69,0.03798886167057681,0.0,-0.02492228724771804,0.0050777127522819605,0.00492228724771804,9.84457449543608,3.8399372756930035e-05,2.2129637250439668e-06,5.906744697261647,0.025,0.0,-0.03,0.0,1.0,0.0,0.01
49,1.6333182516251619,70,0.03802009198538126,0.0,-0.02615911718572039,0.0038408828142796093,0.006159117185720391,12.318234371440782,-4.1228063740701545e-05,3.2935608692253045e-07,7.390940622864469,0.025,0.0,-0.03,0.0,1.0,0.0,0.01
49,1.6333182516251619,71,0.03802610520917241,0.0,-0.027396317794307325,0.0026036822056926742,0.007396317794307326,14.792635588614653,4.505171862517579e-05,3.118789550508014e-07,8.87558135316879,0.025,0.0,-0.03,0.0,1.0,0.0,0.01
49,1.6333182516251619,72,0.03800665562699208,0.0,-0.028633370452807675,0.0013666295471923239,0.008633370452807676,17.266740905615354,-4.646912654840146e-05,1.3035853003119427e-06,10.360044543369211,0.025,0.0,-0.03,0.0,1.0,0.0,0.01
49,1.6333182516251619,73,0.037960757388314156,0.0,-0.0298697271226258,0.00013027287737419832,0.009869727122625802,19.739454245251604,4.8931580950271325e-05,1.9027471800445315e-06,11.843672547150963,0.025,0.0,-0.03,0.0,1.0,0.0,0.01
49,1.6333182516251619,74,0.03788760545237781,0.0,-0.031104788206002657,0.0011047882060026583,0.008895211793997342,17.790423587994685,4.908475553699025e-05,3.197097181131387e-06,10.674254152796811,0.025,0.0,-0.03,0.0,1.0,0.0,0.01
49,1.6333182516251619,75,0.03778829966490244,0.0,-0.03233805441145312,0.0023380544114531207,0.0076619455885468795,15.32389117709376,-5.0205914905350595e-05,4.525386036673332e-06,9.194334706256255,0.025,0.0,-0.03,0.0,1.0,0.0,0.01
49,1.6333182516251619,76,0.03766564376173142,0.0,-0.03356925309499687,0.003569253094996873,0.006430746905003127,12.861493810006255,4.8723430530368125e-05,4.265144699591048e-06,7.716896286003752,0.025,0.0,-0.03,0.0,1.0,0.0,0.01
49,1.6333182516251619,77,0.03752248230468198,0.0,-0.03479828876078119,0.004798288760781193,0.0052017112392188074,10.403422478437616,-4.797381192983227e-05,6.011447762451328e-06,6.242053487062569,0.025,0.0,-0.03,0.0,1.0,0.0,0.01
49,1.6333182516251619,78,0.03736095441468985,0.0,-0.036025089502401436,0.006025089502401437,0.003974910497598563,7.9498209951971255,4.524423849034697e-05,4.747992142895546e-06,4.769892597118275,0.025,0.0,-0.03,0.0,1.0,0.0,0.01
49,1.6333182516251619,79,0.03718331984824431,0.0,-0.037249708648972354,0.0072497086489723556,0.0027502913510276446,5.500582702055289,-4.3190662130801974e-05,6.863020849062938e-06,3.3003496212331735,0.025,0.0,-0.03,0.0,1.0,0.0,0.01
49,1.6333182516251619,80,0.03701424882763475,0.0,-0.038488221287725194,0.008488221287725195,0.0015117787122748052,3.0235574245496104,4.121998233947764e-05,4.257696380407485e-06,1.8141344547297662,0.025,0.0,-0.03,0.0,1.0,0.0,0.01
50,1.6666512771685325,66,0.03774907927992576,0.0,-0.021218687506780368,0.008781312493219631,0.001218687506780369,2.4373750135607377,5.088321573998324e-05,5.663714549458887e-06,1.4624250081364425,0.025,0.0,-0.03,0.0,1.0,0.0,0.01
50,1.6666512771685325,67,0.03785262831926985,0.0,-0.022451636514034024,0.007548363485965975,0.0024516365140340255,4.903273028068051,-6.299042140305692e-05,3.1162091768434197e-06,2.941963816840831,0.025,0.0,-0.03,0.0,1.0,0.0,0.01
50,1.6666512771685325,68,0.03793281109014066,0.0,-0.02368630034630468,0.006313699653695319,0.003686300346304681,7.372600692609362,7.545670410956952e-05,4.758657841603881e-06,4.423560415565617,0.025,0.0,-0.03,0.0,1.0,0.0,0.01
50,1.6666512771685325,69,0.03798883042943004,0.0,-0.024922273481000734,0.005077726518999265,0.004922273481000735,9.84454696200147,-8.537685821511772e-05,1.8507621300422366e-06,5.906728177200882,0.025,0.0,-0.03,0.0,1.0,0.0,0.01
50,1.6666512771685325,70,0.03802006735644557,0.0,-0.026159105280928616,0.0038408947190713832,0.006159105280928617,12.318210561857233,9.532960196977005e-05,1.8267992346113492e-06,7.390926337114339,0.025,0.0,-0.03,0.0,1.0,0.0,0.01
50,1.6666512771685325,71,0.038026087151858456,0.0,-0.027396303607228178,0.002603696392771821,0.007396303607228179,14.792607214456359,-0.00010232060543535438,1.2127034858196967e-06,8.875564328673814,0.025,0.0,-0.03,0.0,1.0,0.0,0.01
50,1.6666512771685325,72,0.038006644097157545,0.0,-0.028633358737976938,0.0013666412620230613,0.008633358737976939,17.26671747595388,0.00010906147963128485,2.7050577961651472e-06,10.360030485572327,0.025,0.0,-0.03,0.0,1.0,0.0,0.01
50,1.6666512771685325,73,0.03796075249328443,0.0,-0.029869713193050557,0.00013028680694944159,0.009869713193050559,19.73942638610112,-0.00010915427184131011,5.007508901299592e-06,11.843655831660671,0.025,0.0,-0.03,0.0,1.0,0.0,0.01
50,1.6666512771685325,74,0.037887606912431926,0.0,-0.031104777079674996,0.001104777079674997,0.008895222920325003,17.790445840650005,-0.00011022686456439926,7.022716760325075e-06,10.674267504390002,0.025,0.0,-0.03,0.0,1.0,0.0,0.01
50,1.6666512771685325,75,0.03778830779915173,0.0,-0.03233804138849651,0.0023380413884965118,0.0076619586115034884,15.323917223006976,0.00010953895166152966,8.420689611885453e-06,9.194350333804186,0.025,0.0,-0.03,0.0,1.0,0.0,0.01
50,1.6666512771685325,76,0.0376656582398302,0.0,-0.03356924312808155,0.003569243128081552,0.006430756871918448,12.861513743836896,-0.00010919409892571015,1.0919339160814869e-05,7.716908246302138,0.025,0.0,-0.03,0.0,1.0,0.0,0.01
50,1.6666512771685325,77,0.037522503569816124,0.0,-0.03479827718881112,0.004798277188811123,0.005201722811188877,10.403445622377754,0.0001059750230808094,1.1327428119416962e-05,6.242067373426653,0.025,0.0,-0.03,0.0,1.0,0.0,0.01
50,1.6666512771685325,78,0.037360981932774706,0.0,-0.03602508108102959,0.006025081081029594,0.003974918918970406,7.9498378379408114,-0.00010233566513343179,1.351462885265144e-05,4.769902702764487,0.025,0.0,-0.03,0.0,1.0,0.0,0.01
50,1.6666512771685325,79,0.037183354154325395,0.0,-0.03724969898503797,0.007249698985037974,0.0027503010149620265,5.500602029924053,9.620662090603399e-05,1.1971106802740764e-05,3.300361217954432,0.025,0.0,-0.03,0.0,1.0,0.0,0.01
50,1.6666512771685325,80,0.03701428981591437,0.0,-0.03848821466355596,0.008488214663555961,0.0015117853364440392,3.0235706728880785,-9.351005410728719e-05,1.3784290613479855e-05,1.814142403732847,0.025,0.0,-0.03,0.0,1.0,0.0,0.01
51,1.699984302711903,66,0.03774903874475618,0.0,-0.021218677721711782,0.008781322278288217,0.0012186777217117837,2.4373554434235674,-4.8643336347072686e-05,3.1069037542477873e-06,1.4624132660541405,0.025,0.0,-0.03,0.0,1.0,0.0,0.01
51,1.699984302711903,67,0.03785259298654514,0.0,-0.022451626480384942,0.007548373519615056,0.0024516264803849438,4.903252960769888,6.165402533273e-05,5.1378879667576245e-06,2.9419517764619325,0.025,0.0,-0.03,0.0,1.0,0.0,0.01
51,1.699984302711903,68,0.03793278095632351,0.0,-0.02368628971500435,0.006313710284995649,0.0036862897150043514,7.372579430008703,-7.270658582337461e-05,2.8600248676423473e-06,4.423547658005222,0.025,0.0,-0.03,0.0,1.0,0.0,0.01
51,1.699984302711903,69,0.0379888055428292,0.0,-0.024922262880629455,0.0050777371193705435,0.004922262880629457,9.844525761258913,8.385380833802775e-05,3.301386124283799e-06,5.9067154567553475,0.025,0.0,-0.03,0.0,1.0,0.0,0.01
51,1.699984302711903,70,0.038020047711331835,0.0,-0.02615909421798832,0.0038409057820116797,0.0061590942179883205,12.31818843597664,-9.256828285665886e-05,6.296336197333792e-07,7.390913061585984,0.025,0.0,-0.03,0.0,1.0,0.0,0.01
51,1.699984302711903,71,0.03802607276331785,0.0,-0.027396292846025922,0.002603707153974077,0.007396292846025923,14.792585692051848,0.00010103100273930465,3.5210425597573385e-07,8.875551415231108,0.025,0.0,-0.03,0.0,1.0,0.0,0.01
51,1.699984302711903,72,0.03800663497663225,0.0,-0.028633347682722486,0.0013666523172775127,0.008633347682722487,17.266695365444974,-0.00010668171108162627,3.5210368379443354e-06,10.360017219266984,0.025,0.0,-0.03,0.0,1.0,0.0,0.01
51,1.699984302711903,73,0.0379607485793488,0.0,-0.029869702671894108,0.00013029732810589112,0.009869702671894109,19.739405343788217,0.00010716821055374259,4.730882314622795e-06,11.84364320627293,0.025,0.0,-0.03,0.0,1.0,0.0,0.01
51,1.699984302711903,74,0.0378876082002802,0.0,-0.031104766534820076,0.0011047665348200772,0.008895233465179923,17.790466930359845,0.00010646464155263887,6.6655390960407934e-06,10.674280158215906,0.025,0.0,-0.03,0.0,1.0,0.0,0.01
51,1.699984302711903,75,0.037788314275850735,0.0,-0.03233803156776302,0.0023380315677630215,0.007661968432236979,15.323936864473957,-0.00010687251646041796,8.274481427007816e-06,9.194362118684374,0.025,0.0,-0.03,0.0,1.0,0.0,0.01
51,1.699984302711903,76,0.0376656699724514,0.0,-0.033569233527791696,0.0035692335277916973,0.006430766472208303,12.861532944416606,0.00010574000738830301,9.93001956573396e-06,7.716919766649963,0.025,0.0,-0.03,0.0,1.0,0.0,0.01
51,1.699984302711903,77,0.03752252049956322,0.0,-0.03479826849059583,0.004798268490595829,0.005201731509404171,10.403463018808342,-0.0001040077854219383,1.2091634284412975e-05,6.242077811285005,0.025,0.0,-0.03,0.0,1.0,0.0,0.01
51,1.699984302711903,78,0.037361004113006566,0.0,-0.03602507278551368,0.006025072785513681,0.003974927214486319,7.949854428972638,9.968915754652268e-05,1.1932768863234154e-05,4.769912657383583,0.025,0.0,-0.03,0.0,1.0,0.0,0.01
51,1.699984302711903,79,0.03718338149898843,0.0,-0.03724969171223886,0.007249691712238861,0.0027503082877611395,5.500616575522279,-9.476817927639063e-05,1.3379420570819498e-05,3.300369945313367,0.025,0.0,-0.03,0.0,1.0,0.0,0.01
51,1.699984302711903,80,0.03701432276345912,0.0,-0.038488207893894955,0.008488207893894956,0.0015117921061050445,3.023584212210089,9.134470529495757e-05,1.1562830746604792e-05,1.8141505273260534,0.025,0.0,-0.03,0.0,1.0,0.0,0.01
52,1.7333173282552738,66,0.03774900638689008,0.0,-0.02121866921444041,0.00878133078555959,0.0012186692144404102,2.4373384288808206,2.6230857396218617e-05,3.118713520972102e-06,1.4624030573284923,0.025,0.0,-0.03,0.0,1.0,0.0,0.01
52,1.7333173282552738,67,0.03785256483200167,0.0,-0.022451618420700745,0.007548381579299254,0.002451618420700746,4.903236841401492,-3.2102552093922214e-05,1.4803593093602416e-06,2.941942104840895,0.025,0.0,-0.03,0.0,1.0,0.0,0.01
52,1.7333173282552738,68,0.03793275690971493,0.0,-0.023686280392329766,0.0063137196076702325,0.0036862803923297677,7.372560784659536,3.835698650999204e-05,2.5796999732006514e-06,4.423536470795721,0.025,0.0,-0.03,0.0,1.0,0.0,0.01
52,1.7333173282552738,69,0.03798878572233388,0.0,-0.02492225449212476,0.00507774550787524,0.00492225449212476,9.84450898424952,-4.3008076013160324e-05,8.56169684212827e-07,5.906705390549712,0.025,0.0,-0.03,0.0,1.0,0.0,0.01
52,1.7333173282552738,70,0.038020032055877076,0.0,-0.02615908443727554,0.0038409155627244576,0.006159084437275543,12.318168874551086,4.791850034884437e-05,1.0275568377632166e-06,7.390901324730651,0.025,0.0,-0.03,0.0,1.0,0.0,0.01
52,1.7333173282552738,71,0.03802606130827852,0.0,-0.027396284422966485,0.0026037155770335142,0.007396284422966486,14.792568845932973,-5.1046496868866566e-05,6.908485921693553e-07,8.875541307559784,0.025,0.0,-0.03,0.0,1.0,0.0,0.01
52,1.7333173282552738,72,0.038006627742246245,0.0,-0.02863333782795825,0.00136666217204175,0.00863333782795825,17.2666756559165,5.433123953702705e-05,1.7214467080086331e-06,10.3600053935499,0.025,0.0,-0.03,0.0,1.0,0.0,0.01
52,1.7333173282552738,73,0.03796074546653539,0.0,-0.029869694502668406,0.00013030549733159327,0.009869694502668407,19.739389005336815,-5.296255599769474e-05,2.546488732209687e-06,11.84363340320209,0.025,0.0,-0.03,0.0,1.0,0.0,0.01
52,1.7333173282552738,74,0.0378876093138722,0.0,-0.0311047570400863,0.0011047570400863002,0.0088952429599137,17.7904859198274,-5.289840971897627e-05,3.255182105162221e-06,10.67429155189644,0.025,0.0,-0.03,0.0,1.0,0.0,0.01
52,1.7333173282552738,75,0.03778831943142032,0.0,-0.03233802398128443,0.0023380239812844303,0.00766197601871557,15.32395203743114,5.218817642062739e-05,3.6077050980108825e-06,9.194371222458683,0.025,0.0,-0.03,0.0,1.0,0.0,0.01
52,1.7333173282552738,76,0.037665679449563505,0.0,-0.03356922478712791,0.0035692247871279142,0.006430775212872086,12.861550425744172,-5.2096513563632434e-05,5.258617133723357e-06,7.716930255446503,0.025,0.0,-0.03,0.0,1.0,0.0,0.01
52,1.7333173282552738,77,0.03752253399222823,0.0,-0.03479826177823153,0.004798261778231533,0.005201738221768467,10.403476443536935,5.037994550906124e-05,5.326192542866874e-06,6.242085866122161,0.025,0.0,-0.03,0.0,1.0,0.0,0.01
52,1.7333173282552738,78,0.03736102194862973,0.0,-0.03602506512935917,0.006025065129359172,0.003974934870640828,7.949869741281656,-4.8748705574849084e-05,6.581149219411089e-06,4.7699218447689935,0.025,0.0,-0.03,0.0,1.0,0.0,0.01
52,1.7333173282552738,79,0.0371834033050391,0.0,-0.037249686078215175,0.007249686078215176,0.0027503139217848246,5.500627843569649,4.568838879360988e-05,5.556953142846029e-06,3.3003767061417895,0.025,0.0,-0.03,0.0,1.0,0.0,0.01
52,1.7333173282552738,80,0.03701434920085383,0.0,-0.03848820151034242,0.008488201510342422,0.0015117984896575783,3.0235969793151565,-4.4517981142877203e-05,6.73896551758609e-06,1.8141581875890938,0.025,0.0,-0.03,0.0,1.0,0.0,0.01
53,1.7666503537986444,66,0.03774898066342052,0.0,-0.02121866294260476,0.008781337057395238,0.0012186629426047622,2.4373258852095243,6.418203596787543e-06,1.1913444032654086e-06,1.4623955311257146,0.025,0.0,-0.03,0.0,1.0,0.0,0.01
53,1.7666503537986444,67,0.03785254232210103,0.0,-0.02245161062947902,0.007548389370520978,0.0024516106294790226,4.9032212589580455,-7.757661973189808e-06,8.71444679414371e-08,2.941932755374827,0.025,0.0,-0.03,0.0,1.0,0.0,0.01
53,1.7666503537986444,68,0.03793273781110245,0.0,-0.02368627387239268,0.006313726127607319,0.003686273872392681,7.372547744785362,9.808407284113875e-06,9.65026270088418e-07,4.423528646871217,0.025,0.0,-0.03,0.0,1.0,0.0,0.01
53,1.7666503537986444,69,0.03798876989078854,0.0,-0.024922246068647465,0.005077753931352534,0.004922246068647466,9.844492137294932,-1.0967322368340733e-05,9.582180236797474e-08,5.906695282376959,0.025,0.0,-0.03,0.0,1.0,0.0,0.01
53,1.7666503537986444,70,0.03802001961173218,0.0,-0.02615907787656128,0.0038409221234387177,0.0061590778765612825,12.318155753122564,1.282000201196894e-05,4.6971523546900455e-07,7.390893451873538,0.025,0.0,-0.03,0.0,1.0,0.0,0.01
53,1.7666503537986444,71,0.03802605220907768,0.0,-0.0273962756923456,0.0026037243076544,0.0073962756923456,14.7925513846912,-1.3687531619080363e-05,3.2838409852533166e-07,8.87553083081472,0.025,0.0,-0.03,0.0,1.0,0.0,0.01
53,1.7666503537986444,72,0.03800662195068912,0.0,-0.02863333143215674,0.00136666856784326,0.00863333143215674,17.26666286431348,1.5195760121915102e-05,4.2110850834783644e-08,10.359997718588088,0.025,0.0,-0.03,0.0,1.0,0.0,0.01
53,1.7666503537986444,73,0.0379607430934917,0.0,-0.029869685857998252,0.0001303141420017466,0.009869685857998254,19.73937171599651,-1.5965376630154697e-05,7.160377173197319e-07,11.843623029597905,0.025,0.0,-0.03,0.0,1.0,0.0,0.01
53,1.7666503537986444,74,0.03788761011902747,0.0,-0.031104750955788914,0.0011047509557889149,0.008895249044211085,17.790498088422172,-1.7097168762676982e-05,1.1886804429217075e-06,10.674298853053303,0.025,0.0,-0.03,0.0,1.0,0.0,0.01
53,1.7666503537986444,75,0.03778832372203098,0.0,-0.03233801579174927,0.002338015791749269,0.007661984208250731,15.323968416501462,1.700464442718807e-05,1.510905341220571e-06,9.194381049900876,0.025,0.0,-0.03,0.0,1.0,0.0,0.01
53,1.7666503537986444,76,0.03766568687260832,0.0,-0.03356921928930835,0.0035692192893083535,0.006430780710691647,12.861561421383293,-1.7413617067064174e-05,1.8756068306183818e-06,7.716936852829975,0.025,0.0,-0.03,0.0,1.0,0.0,0.01
53,1.7666503537986444,77,0.03752254499095361,0.0,-0.034798254346266405,0.004798254346266406,0.005201745653733594,10.403491307467188,1.6788429506512515e-05,1.5876460212374803e-06,6.2420947844803125,0.025,0.0,-0.03,0.0,1.0,0.0,0.01
53,1.7666503537986444,78,0.03736103600696614,0.0,-0.03602506038431843,0.00602506038431843,0.00397493961568157,7.94987923136314,-1.6562520848017983e-05,2.4112673409158372e-06,4.769927538817884,0.025,0.0,-0.03,0.0,1.0,0.0,0.01
53,1.7666503537986444,79,0.03718342095640958,0.0,-0.03724967966942606,0.007249679669426058,0.002750320330573942,5.500640661147884,1.541780546650935e-05,1.5996391343868376e-06,3.30038439668873,0.025,0.0,-0.03,0.0,1.0,0.0,0.01
53,1.7666503537986444,80,0.037014370127809365,0.0,-0.038488197636185606,0.008488197636185607,0.0015118023638143931,3.0236047276287863,-1.52154773847494e-05,2.6107110642563983e-06,1.8141628365772717,0.025,0.0,-0.03,0.0,1.0,0.0,0.01
54,1.799983379342015,66,0.037748960095765394,0.0,-0.021218656817708768,0.008781343182291231,0.001218656817708769,2.437313635417538,-3.052686892590114e-05,2.0600633321421537e-06,1.4623881812505228,0.025,0.0,-0.03,0.0,1.0,0.0,0.01
54,1.799983379342015,67,0.03785252446806724,0.0,-0.022451605268132346,0.007548394731867653,0.002451605268132347,4.903210536264694,3.847820242891709e-05,3.0766792956093022e-06,2.941926321758816,0.025,0.0,-0.03,0.0,1.0,0.0,0.01
54,1.799983379342015,68,0.03793272253753475,0.0,-0.023686267122031757,0.006313732877968242,0.003686267122031758,7.372534244063516,-4.514274466457232e-05,1.8513861614695117e-06,4.42352054643811,0.025,0.0,-0.03,0.0,1.0,0.0,0.01
54,1.799983379342015,69,0.03798875733541237,0.0,-0.024922240592185087,0.0050777594078149114,0.004922240592185089,9.844481184370178,5.170969987196739e-05,1.948002140094614e-06,5.906688710622107,0.025,0.0,-0.03,0.0,1.0,0.0,0.01
54,1.799983379342015,70,0.038020009690455124,0.0,-0.02615907074562294,0.0038409292543770575,0.006159070745622943,12.318141491245886,-5.67371569297606e-05,4.344770914489703e-07,7.390884894747531,0.025,0.0,-0.03,0.0,1.0,0.0,0.01
54,1.799983379342015,71,0.038026044963080936,0.0,-0.027396270267118203,0.002603729732881796,0.007396270267118204,14.792540534236409,6.150815089415754e-05,2.3710910429980158e-07,8.875524320541844,0.025,0.0,-0.03,0.0,1.0,0.0,0.01
54,1.799983379342015,72,0.03800661741287566,0.0,-0.028633324189797842,0.0013666758102021566,0.008633324189797844,17.266648379595686,-6.45895514846436e-05,1.847955434485803e-06,10.359989027757411,0.025,0.0,-0.03,0.0,1.0,0.0,0.01
54,1.799983379342015,73,0.037960741139678456,0.0,-0.029869680605815876,0.0001303193941841231,0.009869680605815877,19.739361211631753,6.565414702251819e-05,2.8475593432545195e-06,11.843616726979052,0.025,0.0,-0.03,0.0,1.0,0.0,0.01
54,1.799983379342015,74,0.03788761090465601,0.0,-0.031104743964193413,0.0011047439641934144,0.008895256035806586,17.790512071613172,6.571766750136896e-05,4.18176781203038e-06,10.674307242967902,0.025,0.0,-0.03,0.0,1.0,0.0,0.01
54,1.799983379342015,75,0.037788327025499995,0.0,-0.032338010897033156,0.0023380108970331576,0.007661989102966843,15.323978205933685,-6.611893313537532e-05,5.33489730016637e-06,9.194386923560211,0.025,0.0,-0.03,0.0,1.0,0.0,0.01
54,1.799983379342015,76,0.037665692999736135,0.0,-0.033569212783014044,0.0035692127830140447,0.0064307872169859556,12.861574433971912,6.508382807628026e-05,6.145585484351692e-06,7.716944660383147,0.025,0.0,-0.03,0.0,1.0,0.0,0.01
54,1.799983379342015,77,0.03752255358445006,0.0,-0.03479824999878762,0.0047982499987876195,0.005201750001212381,10.403500002424762,-6.368599283468992e-05,7.33916783953014e-06,6.242100001454857,0.025,0.0,-0.03,0.0,1.0,0.0,0.01
54,1.799983379342015,78,0.03736104746677541,0.0,-0.03602505459159623,0.006025054591596232,0.003974945408403768,7.949890816807536,6.080556394259931e-05,7.316493239320537e-06,4.7699344900845215,0.025,0.0,-0.03,0.0,1.0,0.0,0.01
54,1.799983379342015,79,0.037183434839579005,0.0,-0.03724967597203297,0.007249675972032972,0.002750324027967028,5.5006480559340565,-5.764608320056808e-05,8.05667757239335e-06,3.300388833560434,0.025,0.0,-0.03,0.0,1.0,0.0,0.01
54,1.799983379342015,80,0.037014387065742435,0.0,-0.038488192687924444,0.008488192687924445,0.001511807312075555,3.02361462415111,5.550713469871308e-05,7.109367475755835e-06,1.814168774490666,0.025,0.0,-0.03,0.0,1.0,0.0,0.01
55,1.8333164048853856,66,0.03774894376432897,0.0,-0.021218652248962175,0.008781347751037824,0.0012186522489621762,2.437304497924352,3.498786279357505e-05,3.41917033847481e-06,1.4623826987546111,0.025,0.0,-0.03,0.0,1.0,0.0,0.01
55,1.8333164048853856,67,0.03785251021289832,0.0,-0.02245160017449185,0.007548399825508149,0.0024516001744918515,4.903200348983703,-4.350605445833109e-05,2.5979276139393822e-06,2.9419202093902217,0.025,0.0,-0.03,0.0,1.0,0.0,0.01
55,1.8333164048853856,68,0.03793271042030804,0.0,-0.023686262292587693,0.006313737707412306,0.0036862622925876946,7.372524585175389,5.189167290569975e-05,2.9204685200178563e-06,4.423514751105233,0.025,0.0,-0.03,0.0,1.0,0.0,0.01
55,1.8333164048853856,69,0.03798874732007567,0.0,-0.02492223518868995,0.005077764811310049,0.004922235188689951,9.844470377379903,-5.8915531998880896e-05,1.595036699353542e-06,5.906682226427941,0.025,0.0,-0.03,0.0,1.0,0.0,0.01
55,1.8333164048853856,70,0.038020001813483965,0.0,-0.02615906580411726,0.003840934195882738,0.006159065804117262,12.318131608234525,6.555305367472089e-05,1.0241650349454733e-06,7.390878964940715,0.025,0.0,-0.03,0.0,1.0,0.0,0.01
55,1.8333164048853856,71,0.038026039214014484,0.0,-0.027396264740027897,0.0026037352599721023,0.007396264740027898,14.792529480055796,-7.056070167229237e-05,6.635273990277061e-07,8.875517688033478,0.025,0.0,-0.03,0.0,1.0,0.0,0.01
55,1.8333164048853856,72,0.03800661377802448,0.0,-0.028633319290847264,0.0013666807091527351,0.008633319290847265,17.26663858169453,7.497506601580042e-05,2.1379088695359755e-06,10.359983149016717,0.025,0.0,-0.03,0.0,1.0,0.0,0.01
55,1.8333164048853856,73,0.03796073964977565,0.0,-0.029869675172123942,0.000130324827876057,0.009869675172123943,19.739350344247885,-7.470083913334984e-05,3.408901092969483e-06,11.84361020654873,0.025,0.0,-0.03,0.0,1.0,0.0,0.01
55,1.8333164048853856,74,0.03788761148578498,0.0,-0.03110473924140246,0.001104739241402461,0.00889526075859754,17.790521517195078,-7.490763081305073e-05,4.71895063142879e-06,10.674312910317047,0.025,0.0,-0.03,0.0,1.0,0.0,0.01
55,1.8333164048853856,75,0.03778832975360851,0.0,-0.032338005761547065,0.0023380057615470656,0.007661994238452935,15.32398847690587,7.448867290741078e-05,5.647579134567558e-06,9.19439308614352,0.025,0.0,-0.03,0.0,1.0,0.0,0.01
55,1.8333164048853856,76,0.037665697803913566,0.0,-0.03356920843413016,0.0035692084341301597,0.0064307915658698405,12.861583131739682,-7.409577129097064e-05,7.276747837231798e-06,7.716949879043809,0.025,0.0,-0.03,0.0,1.0,0.0,0.01
55,1.8333164048853856,77,0.03752256056765054,0.0,-0.03479824533183735,0.004798245331837349,0.005201754668162651,10.403509336325303,7.208749539372222e-05,7.906283644847895e-06,6.242105601795182,0.025,0.0,-0.03,0.0,1.0,0.0,0.01
55,1.8333164048853856,78,0.03736105650000481,0.0,-0.0360250507488485,0.006025050748848501,0.003974949251151499,7.949898502302998,-6.948767483362323e-05,8.934934786117788e-06,4.769939101381799,0.025,0.0,-0.03,0.0,1.0,0.0,0.01
55,1.8333164048853856,79,0.03718344604909318,0.0,-0.03724967191506805,0.007249671915068048,0.002750328084931952,5.500656169863904,6.545880375101965e-05,8.466311355053349e-06,3.3003937019183422,0.025,0.0,-0.03,0.0,1.0,0.0,0.01
55,1.8333164048853856,80,0.03701440046775798,0.0,-0.03848818943590093,0.008488189435900934,0.0015118105640990667,3.0236211281981333,-6.352205679204935e-05,8.981759048428831e-06,1.81417267691888,0.025,0.0,-0.03,0.0,1.0,0.0,0.01
56,1.8666494304287564,66,0.03774893077343732,0.0,-0.021218648506408297,0.008781351493591702,0.0012186485064082982,2.4372970128165963,-2.1458360970488103e-05,1.513171552983677e-06,1.4623782076899576,0.025,0.0,-0.03,0.0,1.0,0.0,0.01
56,1.8666494304287564,67,0.03785249886915371,0.0,-0.022451595908121073,0.007548404091878926,0.002451595908121074,4.903191816242148,2.713233143533973e-05,2.1602995660590507e-06,2.941915089745289,0.025,0.0,-0.03,0.0,1.0,0.0,0.01
56,1.8666494304287564,68,0.037932700786392506,0.0,-0.023686258368894725,0.006313741631105273,0.003686258368894727,7.372516737789454,-3.199761281643377e-05,1.366034867030617e-06,4.423510042673672,0.025,0.0,-0.03,0.0,1.0,0.0,0.01
56,1.8666494304287564,69,0.03798873935498092,0.0,-0.024922230648450446,0.005077769351549553,0.0049222306484504475,9.844461296900896,3.685855205101602e-05,1.3811902431079324e-06,5.906676778140537,0.025,0.0,-0.03,0.0,1.0,0.0,0.01
56,1.8666494304287564,70,0.038019995554824146,0.0,-0.026159061815592945,0.003840938184407054,0.006159061815592946,12.318123631185893,-4.07122096896144e-05,3.475849085432431e-07,7.3908741787115355,0.025,0.0,-0.03,0.0,1.0,0.0,0.01
56,1.8666494304287564,71,0.038026034649848,0.0,-0.02739626007761037,0.0026037399223896272,0.007396260077610373,14.792520155220746,4.440466221772045e-05,2.089295227897515e-07,8.875512093132448,0.025,0.0,-0.03,0.0,1.0,0.0,0.01
56,1.8666494304287564,72,0.038006610899671736,0.0,-0.028633315356097987,0.0013666846439020115,0.008633315356097989,17.266630712195976,-4.6920809005729274e-05,1.6522111477848179e-06,10.359978427317586,0.025,0.0,-0.03,0.0,1.0,0.0,0.01
56,1.8666494304287564,73,0.03796073848256959,0.0,-0.02986967055478783,0.0001303294452121677,0.009869670554787833,19.739341109575665,4.669669490999292e-05,2.1072118770927206e-06,11.8436046657454,0.025,0.0,-0.03,0.0,1.0,0.0,0.01
56,1.8666494304287564,74,0.037887611952610756,0.0,-0.031104735477326634,0.0011047354773266356,0.008895264522673365,17.79052904534673,4.6172905146448595e-05,2.8535619076645394e-06,10.674317427208038,0.025,0.0,-0.03,0.0,1.0,0.0,0.01
56,1.8666494304287564,75,0.03778833195915152,0.0,-0.03233800136574904,0.0023380013657490414,0.007661998634250959,15.323997268501918,-4.6250398765007234e-05,3.441346649418848e-06,9.19439836110115,0.025,0.0,-0.03,0.0,1.0,0.0,0.01
56,1.8666494304287564,76,0.037665701631333814,0.0,-0.03356920497235763,0.0035692049723576313,0.006430795027642369,12.861590055284738,4.581658696397401e-05,4.331531520947417e-06,7.716954033170842,0.025,0.0,-0.03,0.0,1.0,0.0,0.01
56,1.8666494304287564,77,0.03752256616259674,0.0,-0.03479824131173066,0.004798241311730664,0.005201758688269336,10.403517376538673,-4.509329933680185e-05,5.203831466343795e-06,6.242110425923204,0.025,0.0,-0.03,0.0,1.0,0.0,0.01
56,1.8666494304287564,78,0.03736106369376917,0.0,-0.03602504768252381,0.006025047682523814,0.003974952317476186,7.9499046349523725,4.326334555560603e-05,5.251624326457814e-06,4.769942780971423,0.025,0.0,-0.03,0.0,1.0,0.0,0.01
56,1.8666494304287564,79,0.037183455012839275,0.0,-0.03724966839362843,0.007249668393628429,0.002750331606371571,5.500663212743142,-4.114249803846295e-05,5.733797309546973e-06,3.300397927645885,0.025,0.0,-0.03,0.0,1.0,0.0,0.01
56,1.8666494304287564,80,0.037014411142105325,0.0,-0.038488186828322245,0.008488186828322246,0.0015118131716777543,3.0236263433555086,3.966575049456652e-05,5.118327767576565e-06,1.814175806013305,0.025,0.0,-0.03,0.0,1.0,0.0,0.01
57,1.899982455972127,66,0.037748920402178865,0.0,-0.021218644925307305,0.008781355074692694,0.001218644925307306,2.4372898506146123,1.2240226859954686e-06,3.92994327354021e-07,1.4623739103687674,0.025,0.0,-0.03,0.0,1.0,0.0,0.01
57,1.899982455972127,67,0.03785248989159903,0.0,-0.022451593001874937,0.007548406998125062,0.002451593001874938,4.903186003749876,-1.2837295183016903e-06,1.2693622754418343e-07,2.941911602249925,0.025,0.0,-0.03,0.0,1.0,0.0,0.01
57,1.899982455972127,68,0.0379326930932091,0.0,-0.02368625441019036,0.006313745589809638,0.0036862544101903625,7.372508820380725,1.6508527164692638e-06,3.0137933069809774e-07,4.423505292228435,0.025,0.0,-0.03,0.0,1.0,0.0,0.01
57,1.899982455972127,69,0.03798873305155924,0.0,-0.024922227735682045,0.005077772264317954,0.004922227735682046,9.844455471364093,-1.5883300038698658e-06,9.887604721456382e-08,5.906673282818455,0.025,0.0,-0.03,0.0,1.0,0.0,0.01
57,1.899982455972127,70,0.03801999057314717,0.0,-0.02615905761722368,0.0038409423827763176,0.006159057617223683,12.318115234447365,1.8526449657005081e-06,1.6684479692266291e-07,7.390869140668419,0.025,0.0,-0.03,0.0,1.0,0.0,0.01
57,1.899982455972127,71,0.038026031021219237,0.0,-0.02739625722703769,0.002603742772962308,0.007396257227037692,14.792514454075384,-1.6863420048282413e-06,1.2086621080756993e-07,8.87550867244523,0.025,0.0,-0.03,0.0,1.0,0.0,0.01
57,1.899982455972127,72,0.03800660864680459,0.0,-0.02863331107028512,0.0013666889297148793,0.008633311070285121,17.26662214057024,1.8655315667199406e-06,2.20517932811746e-07,10.359973284342145,0.025,0.0,-0.03,0.0,1.0,0.0,0.01
57,1.899982455972127,73,0.03796073751858485,0.0,-0.029869667810837528,0.00013033218916247077,0.00986966781083753,19.73933562167506,-9.699990801849743e-07,1.2537238288088825e-07,11.843601373005036,0.025,0.0,-0.03,0.0,1.0,0.0,0.01
57,1.899982455972127,74,0.03788761240366423,0.0,-0.031104731304834626,0.0011047313048346274,0.008895268695165373,17.790537390330744,-7.433524510348115e-07,1.41516914291921e-08,10.674322434198446,0.025,0.0,-0.03,0.0,1.0,0.0,0.01
57,1.899982455972127,75,0.037788333642080785,0.0,-0.03233799880819302,0.0023379988081930203,0.00766200119180698,15.32400238361396,4.2149174524523047e-07,2.1380593819875923e-07,9.194401430168377,0.025,0.0,-0.03,0.0,1.0,0.0,0.01
57,1.899982455972127,76,0.03766570479197996,0.0,-0.03356920104796933,0.003569201047969331,0.006430798952030669,12.86159790406134,-5.386980340306221e-07,1.2125397024970492e-07,7.716958742436804,0.025,0.0,-0.03,0.0,1.0,0.0,0.01
57,1.899982455972127,77,0.037522570514338216,0.0,-0.03479823901821733,0.004798239018217333,0.005201760981782667,10.403521963565334,3.207468921570667e-07,5.787304918582956e-08,6.2421131781392,0.025,0.0,-0.03,0.0,1.0,0.0,0.01
57,1.899982455972127,78,0.03736106955611775,0.0,-0.03602504413906985,0.006025044139069853,0.003974955860930147,7.949911721860294,-4.3449710312637203e-07,2.154564345246233e-07,4.769947033116177,0.025,0.0,-0.03,0.0,1.0,0.0,0.01
57,1.899982455972127,79,0.03718346203719567,0.0,-0.03724966640221465,0.007249666402214652,0.002750333597785348,5.500667195570696,2.4607131310005786e-07,1.3912302093291098e-07,3.3004003173424175,0.025,0.0,-0.03,0.0,1.0,0.0,0.01
57,1.899982455972127,80,0.03701441977512164,0.0,-0.038488183734911315,0.008488183734911316,0.0015118162650886845,3.023632530177369,-3.6909535258011266e-07,2.7155195887433804e-07,1.8141795181064215,0.025,0.0,-0.03,0.0,1.0,0.0,0.01
58,1.9333154815154976,66,0.03774891221176065,0.0,-0.02121864259052352,0.00878135740947648,0.0012186425905235197,2.4372851810470393,1.6830829819741397e-05,1.6403838166430445e-06,1.4623711086282236,0.025,0.0,-0.03,0.0,1.0,0.0,0.01
58,1.9333154815154976,67,0.03785248270670851,0.0,-0.02245158984096601,0.007548410159033989,0.002451589840966011,4.903179681932022,-2.0862660647657038e-05,1.2242488062156657e-06,2.941907809159213,0.025,0.0,-0.03,0.0,1.0,0.0,0.01
58,1.9333154815154976,68,0.037932687026909405,0.0,-0.02368625206797254,0.00631374793202746,0.00368625206797254,7.37250413594508,2.4892764730287766e-05,1.3942735491403913e-06,4.423502481567048,0.025,0.0,-0.03,0.0,1.0,0.0,0.01
58,1.9333154815154976,69,0.03798872801358055,0.0,-0.02492222430190397,0.0050777756980960286,0.004922224301903972,9.844448603807944,-2.8252562305039672e-05,7.470265417888454e-07,5.906669162284766,0.025,0.0,-0.03,0.0,1.0,0.0,0.01
58,1.9333154815154976,70,0.038019986633056106,0.0,-0.026159055320373294,0.0038409446796267045,0.006159055320373296,12.31811064074659,3.150005956111682e-05,4.867255862623751e-07,7.390866384447954,0.025,0.0,-0.03,0.0,1.0,0.0,0.01
58,1.9333154815154976,71,0.03802602815223924,0.0,-0.027396253640910393,0.002603746359089606,0.007396253640910394,14.79250728182079,-3.395234428733488e-05,3.144900516443278e-07,8.875504369092473,0.025,0.0,-0.03,0.0,1.0,0.0,0.01
58,1.9333154815154976,72,0.03800660682514943,0.0,-0.028633308866386434,0.0013666911336135644,0.008633308866386436,17.266617732772872,3.6193007107288794e-05,8.633091067549651e-07,10.359970639663723,0.025,0.0,-0.03,0.0,1.0,0.0,0.01
58,1.9333154815154976,73,0.03796073681910072,0.0,-0.029869664235116604,0.000130335764883395,0.009869664235116605,19.73932847023321,-3.6682442623273786e-05,1.6361022949237682e-06,11.843597082139926,0.025,0.0,-0.03,0.0,1.0,0.0,0.01
58,1.9333154815154976,74,0.03788761268972103,0.0,-0.031104729194153427,0.0011047291941534282,0.008895270805846572,17.790541611693143,-3.722666079283468e-05,2.396600654412786e-06,10.674324967015886,0.025,0.0,-0.03,0.0,1.0,0.0,0.01
58,1.9333154815154976,75,0.03778833509041878,0.0,-0.03233799538128844,0.0023379953812884408,0.0076620046187115595,15.32400923742312,3.721770121618534e-05,2.9732479061814837e-06,9.194405542453872,0.025,0.0,-0.03,0.0,1.0,0.0,0.01
58,1.9333154815154976,76,0.037665707191567734,0.0,-0.03356919912182722,0.003569199121827224,0.006430800878172776,12.861601756345552,-3.711775939040633e-05,3.6499336731772845e-06,7.7169610538073306,0.025,0.0,-0.03,0.0,1.0,0.0,0.01
58,1.9333154815154976,77,0.03752257412707953,0.0,-0.03479823584384697,0.004798235843846969,0.005201764156153031,10.403528312306062,3.6157292462319905e-05,3.954188407949065e-06,6.242116987383636,0.025,0.0,-0.03,0.0,1.0,0.0,0.01
58,1.9333154815154976,78,0.037361074078642885,0.0,-0.036025042435608605,0.006025042435608606,0.003974957564391394,7.949915128782789,-3.491524859158508e-05,4.477693930753698e-06,4.769949077269673,0.025,0.0,-0.03,0.0,1.0,0.0,0.01
58,1.9333154815154976,79,0.03718346778823994,0.0,-0.03724966358425289,0.0072496635842528925,0.0027503364157471077,5.5006728314942155,3.2904872835754054e-05,4.249523051054894e-06,3.3004036988965293,0.025,0.0,-0.03,0.0,1.0,0.0,0.01
58,1.9333154815154976,80,0.037014426503689406,0.0,-0.038488182285807825,0.008488182285807826,0.0015118177141921745,3.023635428384349,-3.1956073505505295e-05,4.516953708563046e-06,1.8141812570306093,0.025,0.0,-0.03,0.0,1.0,0.0,0.01
59,1.9666485070588684,66,0.03774890567152444,0.0,-0.021218640256193088,0.008781359743806911,0.0012186402561930893,2.4372805123861787,-2.3532290339889976e-05,1.8405126614669429e-06,1.462368307431707,0.025,0.0,-0.03,0.0,1.0,0.0,0.01
59,1.9666485070588684,67,0.03785247703620634,0.0,-0.022451587768420177,0.007548412231579822,0.002451587768420178,4.903175536840356,2.959506021439231e-05,2.1642302913957154e-06,2.9419053221042137,0.025,0.0,-0.03,0.0,1.0,0.0,0.01
59,1.9666485070588684,68,0.03793268217994921,0.0,-0.023686249524809154,0.006313750475190845,0.0036862495248091553,7.372499049618311,-3.492790278031166e-05,1.6241970994828478e-06,4.423499429770986,0.025,0.0,-0.03,0.0,1.0,0.0,0.01
59,1.9666485070588684,69,0.037988724037171406,0.0,-0.024922222198147728,0.005077777801852271,0.0049222221981477295,9.84444439629546,3.993125957910987e-05,1.3612771591584075e-06,5.906666637777276,0.025,0.0,-0.03,0.0,1.0,0.0,0.01
59,1.9666485070588684,70,0.03801998349762154,0.0,-0.026159052646910368,0.0038409473530896313,0.006159052646910369,12.318105293820738,-4.401643396938928e-05,4.636999632207395e-07,7.390863176292442,0.025,0.0,-0.03,0.0,1.0,0.0,0.01
59,1.9666485070588684,71,0.0380260258719168,0.0,-0.02739625155852678,0.0026037484414732186,0.007396251558526782,14.792503117053563,4.7630113612796007e-05,2.79933735339429e-07,8.875501870232137,0.025,0.0,-0.03,0.0,1.0,0.0,0.01
59,1.9666485070588684,72,0.03800660541302981,0.0,-0.028633306149865145,0.0013666938501348536,0.008633306149865147,17.266612299730294,-5.0202417010018894e-05,1.5012297784059417e-06,10.359967379838176,0.025,0.0,-0.03,0.0,1.0,0.0,0.01
59,1.9666485070588684,73,0.03796073622949356,0.0,-0.029869662204562296,0.00013033779543770302,0.009869662204562297,19.739324409124595,5.051330856435623e-05,2.2463609261840566e-06,11.843594645474758,0.025,0.0,-0.03,0.0,1.0,0.0,0.01
59,1.9666485070588684,74,0.03788761297892909,0.0,-0.031104726564376857,0.001104726564376858,0.008895273435623142,17.790546871246285,5.046930749030784e-05,3.181185713203791e-06,10.67432812274777,0.025,0.0,-0.03,0.0,1.0,0.0,0.01
59,1.9666485070588684,75,0.03778833618453107,0.0,-0.032337993460708064,0.0023379934607080655,0.007662006539291935,15.324013078583869,-5.057312500564067e-05,3.936082244962154e-06,9.194407847150321,0.025,0.0,-0.03,0.0,1.0,0.0,0.01
59,1.9666485070588684,76,0.03766570919104287,0.0,-0.03356919664730804,0.003569196647308044,0.006430803352691956,12.861606705383911,4.9943244248061236e-05,4.779168274520335e-06,7.7169640232303465,0.025,0.0,-0.03,0.0,1.0,0.0,0.01
59,1.9666485070588684,77,0.0375225769114864,0.0,-0.0347982340997768,0.004798234099776803,0.005201765900223197,10.403531800446395,-4.880096056414631e-05,5.535177581153688e-06,6.242119080267837,0.025,0.0,-0.03,0.0,1.0,0.0,0.01
59,1.9666485070588684,78,0.037361077785187116,0.0,-0.03602504018894881,0.00602504018894881,0.00397495981105119,7.94991962210238,4.672786674443979e-05,5.760208567293844e-06,4.769951773261428,0.025,0.0,-0.03,0.0,1.0,0.0,0.01
59,1.9666485070588684,79,0.0371834722649519,0.0,-0.037249662047489134,0.007249662047489135,0.0027503379525108656,5.5006759050217315,-4.4225959676643496e-05,6.024689087946089e-06,3.300405543013039,0.025,0.0,-0.03,0.0,1.0,0.0,0.01
59,1.9666485070588684,80,0.03701443196386647,0.0,-0.038488180310562066,0.008488180310562067,0.0015118196894379331,3.0236393788758664,4.2677842032580805e-05,5.662735282260934e-06,1.8141836273255199,0.025,0.0,-0.03,0.0,1.0,0.0,0.01
60,1.999981532602239,66,0.03774890048511377,0.0,-0.021218638404377904,0.008781361595622095,0.0012186384043779055,2.437276808755811,1.726418566463398e-05,1.6159038172367057e-06,1.4623660852534865,0.025,0.0,-0.03,0.0,1.0,0.0,0.01
60,1.999981532602239,67,0.037852472530278104,0.0,-0.02245158599150817,0.007548414008491829,0.0024515859915081716,4.903171983016343,-2.164993381738714e-05,1.3667665474471534e-06,2.941903189809806,0.025,0.0,-0.03,0.0,1.0,0.0,0.01
60,1.999981532602239,68,0.03793267833862466,0.0,-0.023686247536731403,0.006313752463268596,0.0036862475367314042,7.372495073462808,2.5920814235804146e-05,1.4061326493589359e-06,4.423497044077685,0.025,0.0,-0.03,0.0,1.0,0.0,0.01
60,1.999981532602239,69,0.03798872087940553,0.0,-0.024922220368846604,0.0050777796311533945,0.004922220368846606,9.844440737693212,-2.9591705954030122e-05,8.557166007044242e-07,5.906664442615927,0.025,0.0,-0.03,0.0,1.0,0.0,0.01
60,1.999981532602239,70,0.03801998101317852,0.0,-0.026159050579313517,0.003840949420686482,0.006159050579313518,12.318101158627037,3.3002237461834776e-05,4.797676228805148e-07,7.390860695176222,0.025,0.0,-0.03,0.0,1.0,0.0,0.01
60,1.999981532602239,71,0.038026024066445493,0.0,-0.02739624972527053,0.0026037502747294702,0.00739624972527053,14.79249945054106,-3.566577656280226e-05,3.111817423989979e-07,8.875499670324636,0.025,0.0,-0.03,0.0,1.0,0.0,0.01
60,1.999981532602239,72,0.03800660428855419,0.0,-0.02863330406450612,0.001366695935493878,0.008633304064506122,17.266608129012244,3.794592705634052e-05,1.1900746564811867e-06,10.359964877407347,0.025,0.0,-0.03,0.0,1.0,0.0,0.01
60,1.999981532602239,73,0.03796073577262667,0.0,-0.02986966041735844,0.00013033958264156015,0.00986966041735844,19.73932083471688,-3.755132765400434e-05,1.7258669887680357e-06,11.843592500830129,0.025,0.0,-0.03,0.0,1.0,0.0,0.01
60,1.999981532602239,74,0.03788761320852899,0.0,-0.031104724527925967,0.0011047245279259682,0.008895275472074032,17.790550944148062,-3.743744771066252e-05,2.332864599427911e-06,10.674330566488837,0.025,0.0,-0.03,0.0,1.0,0.0,0.01
60,1.999981532602239,75,0.03778833706431428,0.0,-0.03233799177123882,0.0023379917712388204,0.00766200822876118,15.32401645752236,3.7185733633297325e-05,2.7501030833225108e-06,9.194409874513415,0.025,0.0,-0.03,0.0,1.0,0.0,0.01
60,1.999981532602239,76,0.037665710775490524,0.0,-0.033569194731110016,0.0035691947311100175,0.006430805268889983,12.861610537779965,-3.702168386532084e-05,3.612889631198727e-06,7.716966322667979,0.025,0.0,-0.03,0.0,1.0,0.0,0.01
60,1.999981532602239,77,0.03752257914202307,0.0,-0.03479823255258671,0.004798232552586712,0.005201767447413288,10.403534894826576,3.6103663118720406e-05,3.997481679679606e-06,6.242120936895946,0.025,0.0,-0.03,0.0,1.0,0.0,0.01
60,1.999981532602239,78,0.037361080723597506,0.0,-0.036025038448546425,0.006025038448546426,0.003974961551453575,7.9499231029071495,-3.4817322147929754e-05,4.441337185568235e-06,4.769953861744289,0.025,0.0,-0.03,0.0,1.0,0.0,0.01
60,1.999981532602239,79,0.03718347584145055,0.0,-0.037249660673785434,0.007249660673785435,0.002750339326214565,5.50067865242913,3.284834318024754e-05,4.303855620102922e-06,3.3004071914574777,0.025,0.0,-0.03,0.0,1.0,0.0,0.01
60,1.999981532602239,80,0.03701443629640378,0.0,-0.03848817877769627,0.008488178777696274,0.0015118212223037258,3.0236424446074515,-3.1864936559651133e-05,4.442501064951877e-06,1.8141854667644708,0.025,0.0,-0.03,0.0,1.0,0.0,0.01
