frame_idx,time,node_idx,node_x,node_y,node_z,radial_dist,overlap,normal_force,normal_velocity,tangential_speed,friction_force,cyl_center_x,cyl_center_y,cyl_center_z,cyl_axis_x,cyl_axis_y,cyl_axis_z,cyl_radius
0,0.0,0,0.0,0.0,-0.01563694055735431,0.014363059442645688,0.000636940557354311,1.273881114708622,0.0,0.0,0.7643286688251731,0.025,0.0,-0.03,0.0,1.0,0.0,0.015
1,0.033332683012502744,0,0.0,0.0,-0.01563694055735431,0.014363059442645688,0.000636940557354311,1.273881114708622,0.0,0.0,0.7643286688251731,0.025,0.0,-0.03,0.0,1.0,0.0,0.015
2,0.06666536602500549,0,0.0,0.0,-0.01563694055735431,0.014363059442645688,0.000636940557354311,1.273881114708622,0.0,0.0,0.7643286688251731,0.025,0.0,-0.03,0.0,1.0,0.0,0.015
2,0.06666536602500549,54,0.04664036131940562,0.0,-0.01504259814864155,0.01495740185135845,4.259814864155005e-05,0.0851962972831001,-0.5085826318934973,0.5311982573924374,0.05111777836986006,0.025,0.0,-0.03,0.0,1.0,0.0,0.015
2,0.06666536602500549,55,0.047851917171817214,0.0,-0.015325576304456839,0.01467442369554316,0.00032557630445683924,0.6511526089136785,-0.5243823199775564,0.5493402873183678,0.3906915653482071,0.025,0.0,-0.03,0.0,1.0,0.0,0.015
2,0.06666536602500549,56,0.04906459292037024,0.0,-0.015602974371908447,0.014397025628091552,0.0006029743719084477,1.2059487438168954,-0.5429896159037232,0.5561256575397282,0.7235692462901372,0.025,0.0,-0.03,0.0,1.0,0.0,0.015
2,0.06666536602500549,57,0.050278410451816365,0.0,-0.01587578594566245,0.014124214054337548,0.0008757859456624516,1.7515718913249032,-0.5655928386858626,0.5450348636509941,1.0509431347949418,0.025,0.0,-0.03,0.0,1.0,0.0,0.015
2,0.06666536602500549,58,0.051493113887666746,0.0,-0.016144956075776068,0.013855043924223931,0.0011449560757760685,2.2899121515521372,-0.5807847984699932,0.5671162887055984,1.3739472909312822,0.025,0.0,-0.03,0.0,1.0,0.0,0.015
2,0.06666536602500549,59,0.052708173668794815,0.0,-0.016411385546311014,0.013588614453688985,0.001411385546311015,2.82277109262203,-0.6025857352578062,0.560120499115399,1.693662655573218,0.025,0.0,-0.03,0.0,1.0,0.0,0.015
2,0.06666536602500549,60,0.053923961835016423,0.0,-0.016676186906842534,0.013323813093157465,0.0016761869068425347,3.3523738136850696,-0.6207823294521639,0.569660600744255,2.0114242882110416,0.025,0.0,-0.03,0.0,1.0,0.0,0.015
2,0.06666536602500549,61,0.05513953015642647,0.0,-0.01694019014651753,0.013059809853482467,0.001940190146517532,3.8803802930350644,-0.6421858167609614,0.5656995483053083,2.3282281758210384,0.025,0.0,-0.03,0.0,1.0,0.0,0.015
2,0.06666536602500549,62,0.05635533281386431,0.0,-0.017204535801647818,0.012795464198352181,0.002204535801647818,4.4090716032956365,-0.6575420797597273,0.5870570139672907,2.645442961977382,0.025,0.0,-0.03,0.0,1.0,0.0,0.015
2,0.06666536602500549,63,0.057570714001847274,0.0,-0.017470169190110383,0.012529830809889616,0.0024701691901103835,4.940338380220767,-0.6869391256400839,0.5710644904849076,2.9642030281324603,0.025,0.0,-0.03,0.0,1.0,0.0,0.015
2,0.06666536602500549,64,0.05814143931103273,0.0,-0.018575461927345653,0.011424538072654346,0.0035754619273456537,7.150923854691308,-0.6845634425105894,0.6088825787123286,4.290554312814784,0.025,0.0,-0.03,0.0,1.0,0.0,0.015
2,0.06666536602500549,65,0.058701828003877105,0.0,-0.019686322116523686,0.010313677883476313,0.004686322116523686,9.372644233047373,-0.708548091900713,0.6256582178364737,5.623586539828423,0.025,0.0,-0.03,0.0,1.0,0.0,0.015
2,0.06666536602500549,66,0.05925102733730222,0.0,-0.020802423374079455,0.009197576625920544,0.005802423374079456,11.604846748158911,-0.7144680167748034,0.6525779458513858,6.962908048895346,0.025,0.0,-0.03,0.0,1.0,0.0,0.015
2,0.06666536602500549,67,0.059788700782395,0.0,-0.02192440089876159,0.00807559910123841,0.00692440089876159,13.84880179752318,-0.731756553091752,0.673949473738709,8.309281078513907,0.025,0.0,-0.03,0.0,1.0,0.0,0.015
2,0.06666536602500549,68,0.06031410044591978,0.0,-0.023051950317973066,0.006948049682026933,0.008051950317973067,16.103900635946133,-0.7299793552497884,0.7041880254007091,9.66234038156768,0.025,0.0,-0.03,0.0,1.0,0.0,0.015
2,0.06666536602500549,69,0.06082687527314712,0.0,-0.024185499699253262,0.005814500300746737,0.009185499699253263,18.370999398506527,-0.764668780780043,0.7180066697280416,11.022599639103916,0.025,0.0,-0.03,0.0,1.0,0.0,0.015
2,0.06666536602500549,70,0.06132640393482157,0.0,-0.025324779254246817,0.004675220745753182,0.010324779254246817,20.649558508493634,-0.740736846136703,0.7576768165700991,12.38973510509618,0.025,0.0,-0.03,0.0,1.0,0.0,0.015
2,0.06666536602500549,71,0.06181234138050468,0.0,-0.026470014988374736,0.0035299850116252626,0.011470014988374737,22.940029976749475,-0.7982884116556365,0.7625671547111553,13.764017986049685,0.025,0.0,-0.03,0.0,1.0,0.0,0.015
2,0.06666536602500549,72,0.06228425380229603,0.0,-0.027621113219838678,0.002378886780161321,0.012621113219838678,25.242226439677356,-0.7483297109104751,0.8120408680577262,15.145335863806412,0.025,0.0,-0.03,0.0,1.0,0.0,0.015
2,0.06666536602500549,73,0.06274175483895714,0.0,-0.02877795125375472,0.0012220487462452773,0.013777951253754722,27.555902507509444,-0.8265440076977387,0.8099565652597789,16.533541504505667,0.025,0.0,-0.03,0.0,1.0,0.0,0.015
2,0.06666536602500549,74,0.06318456748405643,0.0,-0.029940537337925482,5.946266207451645e-05,0.014940537337925483,29.881074675850964,-0.7710690716160685,0.8601914037795233,17.92864480551058,0.025,0.0,-0.03,0.0,1.0,0.0,0.015
2,0.06666536602500549,75,0.06361241988727626,0.0,-0.031108755660655303,0.0011087556606553042,0.013891244339344695,27.78248867868939,0.8308173616135127,0.86665501403978,16.669493207213634,0.025,0.0,-0.03,0.0,1.0,0.0,0.015
2,0.06666536602500549,76,0.06402504759651591,0.0,-0.032282344536779826,0.0022823445367798276,0.012717655463220172,25.435310926440344,0.8082158276470581,0.9034637241789022,15.261186555864207,0.025,0.0,-0.03,0.0,1.0,0.0,0.015
2,0.06666536602500549,77,0.06442234177642478,0.0,-0.03346131204153242,0.0034613120415324244,0.011538687958467575,23.07737591693515,0.8317923581292687,0.9238178152223253,13.84642555016109,0.025,0.0,-0.03,0.0,1.0,0.0,0.015
2,0.06666536602500549,78,0.06480414864987506,0.0,-0.03464538123867391,0.004645381238673911,0.010354618761326088,20.709237522652177,0.8378717715380573,0.9502426380428676,12.425542513591306,0.025,0.0,-0.03,0.0,1.0,0.0,0.015
2,0.06666536602500549,79,0.06517038015665917,0.0,-0.03583427902117636,0.005834279021176364,0.009165720978823635,18.33144195764727,0.8380792571582402,0.9786583875502061,10.998865174588362,0.025,0.0,-0.03,0.0,1.0,0.0,0.015
2,0.06666536602500549,80,0.06559431477394913,0.0,-0.03701029977697299,0.0070102997769729905,0.007989700223027009,15.979400446054019,0.8611534631956239,0.9995691386935898,9.58764026763241,0.025,0.0,-0.03,0.0,1.0,0.0,0.015
3,0.09999804903750822,0,0.0,0.0,-0.01563694055735431,0.014363059442645688,0.000636940557354311,1.273881114708622,0.0,0.0,0.7643286688251731,0.025,0.0,-0.03,0.0,1.0,0.0,0.015
3,0.09999804903750822,48,0.03638198805780319,0.0,-0.015643033958093886,0.014356966041906113,0.0006430339580938867,1.2860679161877733,0.04075224032007948,0.05206027410864104,0.7716407497126639,0.025,0.0,-0.03,0.0,1.0,0.0,0.015
3,0.09999804903750822,49,0.03715075696846221,0.0,-0.01662098918457457,0.013379010815425429,0.0016209891845745707,3.2419783691491415,0.027894341354032823,0.03386525002313899,1.9451870214894849,0.025,0.0,-0.03,0.0,1.0,0.0,0.015
3,0.09999804903750822,50,0.03792408647867172,0.0,-0.017595418764855136,0.012404581235144863,0.002595418764855136,5.190837529710272,0.012193414043114576,0.017966366027674013,3.114502517826163,0.025,0.0,-0.03,0.0,1.0,0.0,0.015
3,0.09999804903750822,51,0.038700583534701245,0.0,-0.018567413364076878,0.011432586635923121,0.003567413364076878,7.134826728153756,0.000396405194819529,0.0012593664757987709,4.280896036892254,0.025,0.0,-0.03,0.0,1.0,0.0,0.015
3,0.09999804903750822,52,0.039479269599829156,0.0,-0.019537622290876917,0.010462377709123082,0.004537622290876918,9.075244581753836,-0.015784868776243945,0.017452493709992967,5.445146749052301,0.025,0.0,-0.03,0.0,1.0,0.0,0.015
3,0.09999804903750822,53,0.04025973989150099,0.0,-0.020506466201324576,0.009493533798675423,0.005506466201324577,11.012932402649152,-0.02928134905636381,0.03629905607380042,6.607759441589491,0.025,0.0,-0.03,0.0,1.0,0.0,0.015
3,0.09999804903750822,54,0.041042443879974265,0.0,-0.021473494463785076,0.008526505536214923,0.006473494463785076,12.946988927570152,-0.0434679950174226,0.05508801544940748,7.76819335654209,0.025,0.0,-0.03,0.0,1.0,0.0,0.015
3,0.09999804903750822,55,0.04182797806560016,0.0,-0.0224382391016817,0.007561760898318299,0.0074382391016817005,14.876478203363401,-0.061278305310607094,0.07107824104276485,8.92588692201804,0.025,0.0,-0.03,0.0,1.0,0.0,0.015
3,0.09999804903750822,56,0.042616358323086544,0.0,-0.02340066415628105,0.00659933584371895,0.00840066415628105,16.8013283125621,-0.07150074611874942,0.09348463242093508,10.080796987537259,0.025,0.0,-0.03,0.0,1.0,0.0,0.015
3,0.09999804903750822,57,0.04340757434276265,0.0,-0.024360725344202607,0.005639274655797392,0.009360725344202608,18.721450688405216,-0.09303368335844132,0.10662135084893669,11.232870413043129,0.025,0.0,-0.03,0.0,1.0,0.0,0.015
3,0.09999804903750822,58,0.04420166249220239,0.0,-0.025318455392897413,0.004681544607102586,0.010318455392897413,20.636910785794825,-0.10093942081022102,0.13104252961191523,12.382146471476895,0.025,0.0,-0.03,0.0,1.0,0.0,0.015
3,0.09999804903750822,59,0.044998560823753794,0.0,-0.026273788174771176,0.003726211825228823,0.011273788174771177,22.547576349542354,-0.12410443141164447,0.14263421395271084,13.528545809725411,0.025,0.0,-0.03,0.0,1.0,0.0,0.015
3,0.09999804903750822,60,0.04579830844821371,0.0,-0.027226796035780383,0.0027732039642196157,0.012226796035780384,24.453592071560767,-0.13106230911628114,0.1677248070439198,14.672155242936459,0.025,0.0,-0.03,0.0,1.0,0.0,0.015
3,0.09999804903750822,61,0.04660081576808784,0.0,-0.028177413168091386,0.0018225868319086125,0.013177413168091387,26.354826336182775,-0.15446113467981776,0.17868757355649764,15.812895801709665,0.025,0.0,-0.03,0.0,1.0,0.0,0.015
3,0.09999804903750822,62,0.047406112449983905,0.0,-0.029125730100661183,0.0008742698993388157,0.014125730100661184,28.251460201322367,-0.1617418158208363,0.20277158768277523,16.95087612079342,0.025,0.0,-0.03,0.0,1.0,0.0,0.015
3,0.09999804903750822,63,0.04821410289212775,0.0,-0.03007168794011112,7.168794011112173e-05,0.014928312059888878,29.856624119777756,0.1846813368902343,0.21638726035987388,17.913974471866652,0.025,0.0,-0.03,0.0,1.0,0.0,0.015
3,0.09999804903750822,64,0.047962752172039755,0.0,-0.031290106288079385,0.001290106288079386,0.013709893711920614,27.41978742384123,0.16929212745410857,0.24042863967670838,16.451872454304738,0.025,0.0,-0.03,0.0,1.0,0.0,0.015
3,0.09999804903750822,65,0.047699507915962225,0.0,-0.03250593788062781,0.0025059378806278135,0.012494062119372186,24.988124238744373,0.1785725685677305,0.26763770299944306,14.992874543246623,0.025,0.0,-0.03,0.0,1.0,0.0,0.015
3,0.09999804903750822,66,0.04742377537428899,0.0,-0.033719089284626955,0.0037190892846269558,0.011280910715373044,22.561821430746086,0.15396452108830322,0.28743789335354003,13.537092858447652,0.025,0.0,-0.03,0.0,1.0,0.0,0.015
3,0.09999804903750822,67,0.04713507883522615,0.0,-0.034929105742044254,0.0049291057420442555,0.010070894257955744,20.14178851591149,0.17176330936277262,0.3172438042017308,12.085073109546894,0.025,0.0,-0.03,0.0,1.0,0.0,0.015
3,0.09999804903750822,68,0.046832889121021765,0.0,-0.036135961166489095,0.006135961166489096,0.008864038833510904,17.728077667021807,0.13851136594069396,0.33447545277563945,10.636846600213085,0.025,0.0,-0.03,0.0,1.0,0.0,0.015
3,0.09999804903750822,69,0.046516856807889494,0.0,-0.037339099305646994,0.0073390993056469955,0.007660900694353004,15.321801388706008,0.1618112756898245,0.3663070163662539,9.193080833223604,0.025,0.0,-0.03,0.0,1.0,0.0,0.015
3,0.09999804903750822,70,0.046186522234487846,0.0,-0.038538586055461406,0.008538586055461407,0.006461413944538592,12.922827889077185,0.12465634056689218,0.381865105354819,7.7536967334463105,0.025,0.0,-0.03,0.0,1.0,0.0,0.015
3,0.09999804903750822,71,0.045841673430129244,0.0,-0.039733766656429054,0.009733766656429055,0.005266233343570945,10.53246668714189,0.14825381879647967,0.41453085751415075,6.319480012285133,0.025,0.0,-0.03,0.0,1.0,0.0,0.015
3,0.09999804903750822,72,0.04548193033464357,0.0,-0.040924774944165285,0.010924774944165286,0.004075225055834714,8.150450111669427,0.11124975624886829,0.42939718885861494,4.890270067001656,0.025,0.0,-0.03,0.0,1.0,0.0,0.015
3,0.09999804903750822,73,0.045107203030851195,0.0,-0.042110947127395965,0.012110947127395966,0.0028890528726040338,5.778105745208068,0.13224533452813214,0.46205380755227793,3.4668634471248407,0.025,0.0,-0.03,0.0,1.0,0.0,0.015
3,0.09999804903750822,74,0.044717226511631,0.0,-0.04329238003749562,0.013292380037495624,0.0017076199625043753,3.4152399250087506,0.09811810268692847,0.47710810966472006,2.0491439550052504,0.025,0.0,-0.03,0.0,1.0,0.0,0.015
3,0.09999804903750822,75,0.04431199485403056,0.0,-0.044468536688708656,0.014468536688708657,0.0005314633112913428,1.0629266225826854,0.11339396549088278,0.508603267370842,0.6377559735496112,0.025,0.0,-0.03,0.0,1.0,0.0,0.015
4,0.13333073205001097,0,0.0,0.0,-0.01563694055735431,0.014363059442645688,0.000636940557354311,1.273881114708622,0.0,0.0,0.7643286688251731,0.025,0.0,-0.03,0.0,1.0,0.0,0.015
4,0.13333073205001097,47,0.04098541531491775,0.0,-0.015753269834708747,0.014246730165291252,0.0007532698347087474,1.5065396694174948,-0.13796096591756302,0.1441565817779248,0.9039238016504969,0.025,0.0,-0.03,0.0,1.0,0.0,0.015
4,0.13333073205001097,48,0.04116831489013754,0.0,-0.016984927393890195,0.013015072606109804,0.0019849273938901957,3.9698547877803914,-0.1511123037961473,0.13388440163196802,2.381912872668235,0.025,0.0,-0.03,0.0,1.0,0.0,0.015
4,0.13333073205001097,49,0.04134969656888859,0.0,-0.01821677881965326,0.011783221180346738,0.003216778819653262,6.433557639306524,-0.14376699763586884,0.11988744528717205,3.860134583583914,0.025,0.0,-0.03,0.0,1.0,0.0,0.015
4,0.13333073205001097,50,0.04153061449401143,0.0,-0.019448732842522742,0.010551267157477257,0.004448732842522743,8.897465685045486,-0.14726543358970806,0.10753854113286468,5.338479411027291,0.025,0.0,-0.03,0.0,1.0,0.0,0.015
4,0.13333073205001097,51,0.041712098450951536,0.0,-0.020680549915085254,0.009319450084914745,0.005680549915085254,11.361099830170508,-0.1524390109491991,0.0953252420162533,6.816659898102304,0.025,0.0,-0.03,0.0,1.0,0.0,0.015
4,0.13333073205001097,52,0.04189520974139854,0.0,-0.021912212786096435,0.008087787213903564,0.006912212786096435,13.82442557219287,-0.15345925006270839,0.08242685993542662,8.294655343315721,0.025,0.0,-0.03,0.0,1.0,0.0,0.015
4,0.13333073205001097,53,0.04208095157813268,0.0,-0.023143369643049232,0.0068566303569507665,0.008143369643049233,16.286739286098467,-0.15200843718583568,0.06908394110360745,9.77204357165908,0.025,0.0,-0.03,0.0,1.0,0.0,0.015
4,0.13333073205001097,54,0.0422703768705596,0.0,-0.02437403644986804,0.0056259635501319585,0.009374036449868041,18.748072899736083,-0.1563291247761584,0.05664569145953914,11.24884373984165,0.025,0.0,-0.03,0.0,1.0,0.0,0.015
4,0.13333073205001097,55,0.04246447332051544,0.0,-0.02560392080717348,0.004396079192826519,0.01060392080717348,21.20784161434696,-0.16172665244333412,0.04446004775899209,12.724704968608176,0.025,0.0,-0.03,0.0,1.0,0.0,0.015
4,0.13333073205001097,56,0.04266414145772659,0.0,-0.026833006068833924,0.0031669939311660747,0.011833006068833925,23.66601213766785,-0.156689538868316,0.03056644460577678,14.19960728260071,0.025,0.0,-0.03,0.0,1.0,0.0,0.015
4,0.13333073205001097,57,0.042870177314525554,0.0,-0.028060954567149344,0.001939045432850655,0.013060954567149344,26.12190913429869,-0.16594181106376854,0.019252211416860808,15.673145480579214,0.025,0.0,-0.03,0.0,1.0,0.0,0.015
4,0.13333073205001097,58,0.04308381511045846,0.0,-0.029287772292227,0.0007122277077729992,0.014287772292227,28.575544584454,-0.1622866764199784,0.005710503248868519,17.1453267506724,0.025,0.0,-0.03,0.0,1.0,0.0,0.015
4,0.13333073205001097,59,0.0433062874009613,0.0,-0.030512904978226986,0.000512904978226987,0.014487095021773012,28.974190043546024,0.16909253717270037,0.005753280233686654,17.384514026127615,0.025,0.0,-0.03,0.0,1.0,0.0,0.015
4,0.13333073205001097,60,0.043538684264789455,0.0,-0.031736243254852664,0.0017362432548526652,0.013263756745147334,26.52751349029467,0.16829957737167733,0.018591797306144173,15.916508094176802,0.025,0.0,-0.03,0.0,1.0,0.0,0.015
4,0.13333073205001097,61,0.04378200915157497,0.0,-0.032957356764075706,0.0029573567640757067,0.012042643235924293,24.085286471848587,0.17291561736889746,0.030064322248582947,14.45117188310915,0.025,0.0,-0.03,0.0,1.0,0.0,0.015
4,0.13333073205001097,62,0.044037291754148104,0.0,-0.03417610039216097,0.004176100392160972,0.010823899607839027,21.647799215678056,0.17373397218787504,0.04224865811113024,12.988679529406832,0.025,0.0,-0.03,0.0,1.0,0.0,0.015
4,0.13333073205001097,63,0.04430548702998507,0.0,-0.03539196015841414,0.005391960158414144,0.009608039841585855,19.21607968317171,0.1784923233410289,0.05473727699516979,11.529647809903025,0.025,0.0,-0.03,0.0,1.0,0.0,0.015
4,0.13333073205001097,64,0.04350248357166346,0.0,-0.03634170671725517,0.006341706717255174,0.008658293282744825,17.31658656548965,0.16586673185175635,0.05874765814271126,10.38995193929379,0.025,0.0,-0.03,0.0,1.0,0.0,0.015
4,0.13333073205001097,65,0.04269000915655525,0.0,-0.03728307281321803,0.007283072813218029,0.00771692718678197,15.43385437356394,0.16897783850033846,0.07633991974181156,9.260312624138365,0.025,0.0,-0.03,0.0,1.0,0.0,0.015
4,0.13333073205001097,66,0.04186718576082818,0.0,-0.038215669015784715,0.008215669015784716,0.006784330984215284,13.568661968430568,0.14781370403850436,0.0724602474205105,8.14119718105834,0.025,0.0,-0.03,0.0,1.0,0.0,0.015
4,0.13333073205001097,67,0.041033693319021895,0.0,-0.039138543482128564,0.009138543482128565,0.005861456517871434,11.722913035742868,0.15538317197816712,0.09444395501386725,7.033747821445721,0.025,0.0,-0.03,0.0,1.0,0.0,0.015
4,0.13333073205001097,68,0.04018888022348505,0.0,-0.040051194714617835,0.010051194714617837,0.004948805285382163,9.897610570764325,0.1323249663976184,0.0883505701223706,5.938566342458595,0.025,0.0,-0.03,0.0,1.0,0.0,0.015
4,0.13333073205001097,69,0.039332493064113114,0.0,-0.04095276351988059,0.010952763519880594,0.004047236480119405,8.09447296023881,0.13821329978236072,0.10951581419320176,4.856683776143286,0.025,0.0,-0.03,0.0,1.0,0.0,0.015
4,0.13333073205001097,70,0.03846367760345815,0.0,-0.041842719471521746,0.011842719471521747,0.0031572805284782526,6.314561056956506,0.11983355813426375,0.10733614603916017,3.7887366341739033,0.025,0.0,-0.03,0.0,1.0,0.0,0.015
4,0.13333073205001097,71,0.03758212270399414,0.0,-0.042719980792946366,0.012719980792946367,0.0022800192070536324,4.5600384141072645,0.12224999790133786,0.12595673887657646,2.7360230484643586,0.025,0.0,-0.03,0.0,1.0,0.0,0.015
4,0.13333073205001097,72,0.03668740596774131,0.0,-0.043584205685914916,0.013584205685914917,0.0014157943140850823,2.8315886281701648,0.09950102399657117,0.11872475016546886,1.698953176902099,0.025,0.0,-0.03,0.0,1.0,0.0,0.015
4,0.13333073205001097,73,0.035779951570792445,0.0,-0.044435073780976976,0.014435073780976977,0.0005649262190230223,1.1298524380460444,0.10828190621666842,0.1448892117059183,0.6779114628276266,0.025,0.0,-0.03,0.0,1.0,0.0,0.015
5,0.16666341506251373,0,0.0,0.0,-0.01563694055735431,0.014363059442645688,0.000636940557354311,1.273881114708622,0.0,0.0,0.7643286688251731,0.025,0.0,-0.03,0.0,1.0,0.0,0.015
5,0.16666341506251373,44,0.041804571747736434,0.0,-0.015393485491587328,0.01460651450841267,0.00039348549158732885,0.7869709831746576,-0.054200146396187386,0.02430631613699093,0.47218258990479456,0.025,0.0,-0.03,0.0,1.0,0.0,0.015
5,0.16666341506251373,45,0.042289520566637845,0.0,-0.016541487113489715,0.013458512886510284,0.0015414871134897153,3.0829742269794305,-0.05555408548011195,0.025296189047730677,1.8497845361876581,0.025,0.0,-0.03,0.0,1.0,0.0,0.015
5,0.16666341506251373,46,0.04277851427003213,0.0,-0.01768758078581328,0.012312419214186719,0.002687580785813281,5.3751615716265615,-0.05443352574988077,0.025240875759641592,3.2250969429759366,0.025,0.0,-0.03,0.0,1.0,0.0,0.015
5,0.16666341506251373,47,0.04326793015405198,0.0,-0.018832778341276155,0.011167221658723844,0.003832778341276155,7.66555668255231,-0.055376157177013136,0.02575375079266173,4.599334009531386,0.025,0.0,-0.03,0.0,1.0,0.0,0.015
5,0.16666341506251373,48,0.04323831403497661,0.0,-0.020078155688435108,0.009921844311564891,0.005078155688435108,10.156311376870217,-0.053580012804866545,0.022951666921441075,6.09378682612213,0.025,0.0,-0.03,0.0,1.0,0.0,0.015
5,0.16666341506251373,49,0.043204844053117725,0.0,-0.021323627020769075,0.008676372979230924,0.006323627020769076,12.647254041538151,-0.05478792659742309,0.02004548943470155,7.58835242492289,0.025,0.0,-0.03,0.0,1.0,0.0,0.015
5,0.16666341506251373,50,0.04316897983012975,0.0,-0.022568864144378118,0.007431135855621881,0.007568864144378119,15.137728288756238,-0.05660401177080353,0.017150330743346084,9.082636973253742,0.025,0.0,-0.03,0.0,1.0,0.0,0.015
5,0.16666341506251373,51,0.04313219033532085,0.0,-0.023814239266120123,0.0061857607338798755,0.008814239266120124,17.628478532240248,-0.05004508283024634,0.0143844492862813,10.577087119344148,0.025,0.0,-0.03,0.0,1.0,0.0,0.015
5,0.16666341506251373,52,0.04309595762057439,0.0,-0.025059473154257977,0.004940526845742022,0.010059473154257977,20.118946308515955,-0.05897118479579115,0.011289840677681809,12.071367785109572,0.025,0.0,-0.03,0.0,1.0,0.0,0.015
5,0.16666341506251373,53,0.043061749616362006,0.0,-0.026304897272297366,0.003695102727702633,0.011304897272297366,22.609794544594735,-0.051613289502224866,0.008500538302175838,13.56587672675684,0.025,0.0,-0.03,0.0,1.0,0.0,0.015
5,0.16666341506251373,54,0.043031040120698694,0.0,-0.027550297604127263,0.0024497023958727354,0.012550297604127264,25.10059520825453,-0.05432694432503054,0.005483759916423132,15.060357124952716,0.025,0.0,-0.03,0.0,1.0,0.0,0.015
5,0.16666341506251373,55,0.04300529633485935,0.0,-0.02879587860157224,0.0012041213984277585,0.013795878601572241,27.591757203144482,-0.05529564087976653,0.002517205151616038,16.55505432188669,0.025,0.0,-0.03,0.0,1.0,0.0,0.015
5,0.16666341506251373,56,0.042985907554198635,0.0,-0.030041531727171382,4.153172717138304e-05,0.014958468272828616,29.916936545657233,0.05364661464916265,0.00042307337215366107,17.95016192739434,0.025,0.0,-0.03,0.0,1.0,0.0,0.015
5,0.16666341506251373,57,0.04297425964760889,0.0,-0.03128730371909791,0.0012873037190979097,0.01371269628090209,27.42539256180418,0.052653141836604356,0.0034180249490864123,16.45523553708251,0.025,0.0,-0.03,0.0,1.0,0.0,0.015
5,0.16666341506251373,58,0.04297186224479804,0.0,-0.03253312197644244,0.00253312197644244,0.01246687802355756,24.933756047115118,0.057195208263755216,0.0063566702596888165,14.96025362826907,0.025,0.0,-0.03,0.0,1.0,0.0,0.015
5,0.16666341506251373,59,0.042980200691099556,0.0,-0.03377888587438793,0.0037788858743879328,0.011221114125612067,22.442228251224133,0.05106569593040363,0.009410992591791935,13.46533695073448,0.025,0.0,-0.03,0.0,1.0,0.0,0.015
5,0.16666341506251373,60,0.043000687490436104,0.0,-0.035024498288628185,0.005024498288628186,0.009975501711371813,19.951003422743625,0.05543433996516772,0.012285344242047242,11.970602053646175,0.025,0.0,-0.03,0.0,1.0,0.0,0.015
5,0.16666341506251373,61,0.04303470415628361,0.0,-0.03626978041615944,0.006269780416159443,0.008730219583840557,17.460439167681113,0.055465337634270424,0.015188835513515178,10.476263500608667,0.025,0.0,-0.03,0.0,1.0,0.0,0.015
5,0.16666341506251373,62,0.04308360029281496,0.0,-0.03751455116552619,0.007514551165526191,0.007485448834473808,14.970897668947616,0.05150711609782191,0.01805050297101625,8.982538601368569,0.025,0.0,-0.03,0.0,1.0,0.0,0.015
5,0.16666341506251373,63,0.04314867836833259,0.0,-0.03875855490282352,0.008758554902823519,0.00624144509717648,12.482890194352962,0.05845641536991079,0.023610836004463075,7.489734116611777,0.025,0.0,-0.03,0.0,1.0,0.0,0.015
5,0.16666341506251373,64,0.04218304811055847,0.0,-0.039541904849556546,0.009541904849556547,0.0054580951504434524,10.916190300886905,0.04581715233912988,0.01669502712690596,6.549714180532143,0.025,0.0,-0.03,0.0,1.0,0.0,0.015
5,0.16666341506251373,65,0.04120924812828391,0.0,-0.040315049969300916,0.010315049969300917,0.004684950030699082,9.369900061398164,0.05614402401139083,0.03631915353237528,5.6219400368388985,0.025,0.0,-0.03,0.0,1.0,0.0,0.015
5,0.16666341506251373,66,0.0402267020367524,0.0,-0.041077103909602,0.011077103909602003,0.003922896090397997,7.845792180795994,0.03578714423560418,0.016422296411486105,4.707475308477596,0.025,0.0,-0.03,0.0,1.0,0.0,0.015
5,0.16666341506251373,67,0.039235055730675754,0.0,-0.041827080280087095,0.011827080280087096,0.0031729197199129033,6.345839439825807,0.05069948722010293,0.04318368614687851,3.807503663895484,0.025,0.0,-0.03,0.0,1.0,0.0,0.015
5,0.16666341506251373,68,0.038233714833978576,0.0,-0.04256424443799965,0.012564244437999653,0.002435755562000347,4.871511124000694,0.030465990822092594,0.022447317597084265,2.922906674400416,0.025,0.0,-0.03,0.0,1.0,0.0,0.015
5,0.16666341506251373,69,0.03722250593831673,0.0,-0.043287600861818244,0.013287600861818245,0.001712399138181754,3.424798276363508,0.04237674860333953,0.04630745504642378,2.0548789658181046,0.025,0.0,-0.03,0.0,1.0,0.0,0.015
5,0.16666341506251373,70,0.036200702344757134,0.0,-0.04399620509611799,0.013996205096117993,0.0010037949038820063,2.0075898077640124,0.02424151609982926,0.02724674591779081,1.2045538846584074,0.025,0.0,-0.03,0.0,1.0,0.0,0.015
5,0.16666341506251373,71,0.035167966879683515,0.0,-0.04468888783169723,0.01468888783169723,0.00031111216830276983,0.6222243366055397,0.036089572999046346,0.052457516400660986,0.3733346019633238,0.025,0.0,-0.03,0.0,1.0,0.0,0.015
6,0.19999609807501645,0,0.0,0.0,-0.01563694055735431,0.014363059442645688,0.000636940557354311,1.273881114708622,0.0,0.0,0.7643286688251731,0.025,0.0,-0.03,0.0,1.0,0.0,0.015
6,0.19999609807501645,43,0.041742646159646055,0.0,-0.01531438938632786,0.014685610613672139,0.0003143893863278603,0.6287787726557206,-0.018647290037271762,0.006491883517306658,0.3772672635934323,0.025,0.0,-0.03,0.0,1.0,0.0,0.015
6,0.19999609807501645,44,0.042229522447940954,0.0,-0.016461653241571603,0.013538346758428396,0.0014616532415716033,2.9233064831432065,-0.015184172886391229,0.005016615870276615,1.753983889885924,0.025,0.0,-0.03,0.0,1.0,0.0,0.015
6,0.19999609807501645,45,0.042718895121414725,0.0,-0.017607858133951954,0.012392141866048045,0.002607858133951955,5.215716267903909,-0.017082999759301196,0.005882808450794454,3.1294297607423456,0.025,0.0,-0.03,0.0,1.0,0.0,0.015
6,0.19999609807501645,46,0.04321215537541976,0.0,-0.018752349060049644,0.011247650939950355,0.0037523490600496444,7.504698120099289,-0.018227673656025466,0.006222513124837506,4.502818872059573,0.025,0.0,-0.03,0.0,1.0,0.0,0.015
6,0.19999609807501645,47,0.043705499564052425,0.0,-0.01989592170237004,0.010104078297629958,0.004895921702370042,9.791843404740083,-0.012512471524805153,0.00533161315932519,5.87510604284405,0.025,0.0,-0.03,0.0,1.0,0.0,0.015
6,0.19999609807501645,48,0.04362471463216286,0.0,-0.021139296177990385,0.008860703822009614,0.006139296177990385,12.27859235598077,-0.022311789307867497,0.004710877220394865,7.367155413588462,0.025,0.0,-0.03,0.0,1.0,0.0,0.015
6,0.19999609807501645,49,0.04353957265363721,0.0,-0.022382386204904927,0.007617613795095072,0.0073823862049049276,14.764772409809854,-0.010916198792128589,0.0045794928762767535,8.858863445885913,0.025,0.0,-0.03,0.0,1.0,0.0,0.015
6,0.19999609807501645,50,0.04345158817052924,0.0,-0.023625294288768917,0.006374705711231082,0.008625294288768917,17.250588577537833,-0.021390337313174617,0.0031935452657715743,10.3503531465227,0.025,0.0,-0.03,0.0,1.0,0.0,0.015
6,0.19999609807501645,51,0.04336228748994228,0.0,-0.02486810372525132,0.005131896274748679,0.00986810372525132,19.73620745050264,-0.011841527407196413,0.003046091409754023,11.841724470301584,0.025,0.0,-0.03,0.0,1.0,0.0,0.015
6,0.19999609807501645,52,0.04327319750647094,0.0,-0.0261109278251289,0.0038890721748711006,0.011110927825128899,22.221855650257798,-0.020815338403799833,0.0017234788635615683,13.333113390154677,0.025,0.0,-0.03,0.0,1.0,0.0,0.015
6,0.19999609807501645,53,0.0431858454990108,0.0,-0.02735386378433375,0.002646136215666249,0.01235386378433375,24.7077275686675,-0.01311065827566796,0.001445818487178968,14.8246365412005,0.025,0.0,-0.03,0.0,1.0,0.0,0.015
6,0.19999609807501645,54,0.04310175256075342,0.0,-0.028597047763295202,0.001402952236704797,0.013597047763295202,27.194095526590406,-0.017170404969996986,0.0004266877071296263,16.316457315954242,0.025,0.0,-0.03,0.0,1.0,0.0,0.015
6,0.19999609807501645,55,0.043022385451399206,0.0,-0.029840489696752213,0.00015951030324778612,0.014840489696752213,29.680979393504426,-0.017268668405369062,0.00033666765244288023,17.808587636102654,0.025,0.0,-0.03,0.0,1.0,0.0,0.015
6,0.19999609807501645,56,0.042949172322507806,0.0,-0.03108440238732452,0.0010844023873245213,0.013915597612675478,27.831195225350957,0.015477793119406948,0.0009955877787829303,16.698717135210572,0.025,0.0,-0.03,0.0,1.0,0.0,0.015
6,0.19999609807501645,57,0.04288368698591119,0.0,-0.032328651200802055,0.0023286512008020566,0.012671348799197943,25.342697598395887,0.014717256680616277,0.001735391577694816,15.205618559037532,0.025,0.0,-0.03,0.0,1.0,0.0,0.015
6,0.19999609807501645,58,0.04282754989729928,0.0,-0.03357347552704407,0.0035734755270440677,0.011426524472955932,22.853048945911862,0.019061544793801125,0.002693033212135039,13.711829367547116,0.025,0.0,-0.03,0.0,1.0,0.0,0.015
6,0.19999609807501645,59,0.04278232993008311,0.0,-0.03481856167175539,0.004818561671755393,0.010181438328244606,20.362876656489213,0.014503080992746869,0.003299014533570564,12.217725993893527,0.025,0.0,-0.03,0.0,1.0,0.0,0.015
6,0.19999609807501645,60,0.042749526471416006,0.0,-0.036064189251121634,0.006064189251121635,0.008935810748878364,17.871621497756728,0.014095775543276857,0.004113992018589431,10.722972898654037,0.025,0.0,-0.03,0.0,1.0,0.0,0.015
6,0.19999609807501645,61,0.04273062685841295,0.0,-0.037309924461875525,0.007309924461875526,0.007690075538124473,15.380151076248946,0.021325260724818104,0.004897821011122476,9.228090645749367,0.025,0.0,-0.03,0.0,1.0,0.0,0.015
6,0.19999609807501645,62,0.04272707605672859,0.0,-0.038555885397234306,0.008555885397234307,0.006444114602765692,12.888229205531385,0.009932173824603907,0.005439084273047398,7.732937523318831,0.025,0.0,-0.03,0.0,1.0,0.0,0.015
6,0.19999609807501645,63,0.042740290319419595,0.0,-0.03980168568383195,0.009801685683831954,0.005198314316168046,10.39662863233609,0.021404827011310974,0.009511914767109794,6.237977179401654,0.025,0.0,-0.03,0.0,1.0,0.0,0.015
6,0.19999609807501645,64,0.04172670174993668,0.0,-0.040521880943182355,0.010521880943182356,0.0044781190568176435,8.956238113635287,0.008919783139223272,0.0013525701216179605,5.373742868181172,0.025,0.0,-0.03,0.0,1.0,0.0,0.015
6,0.19999609807501645,65,0.04070547514286103,0.0,-0.04123110494892511,0.01123110494892511,0.0037688950510748886,7.537790102149778,0.02330293039334788,0.021502868082918996,4.522674061289867,0.025,0.0,-0.03,0.0,1.0,0.0,0.015
6,0.19999609807501645,66,0.03967605655508307,0.0,-0.04192846020786581,0.01192846020786581,0.0030715397921341897,6.14307958426838,0.001653847123171791,0.008660195801710853,3.6858477505610274,0.025,0.0,-0.03,0.0,1.0,0.0,0.015
6,0.19999609807501645,67,0.03863814955651666,0.0,-0.042612935640885086,0.012612935640885087,0.0023870643591149127,4.774128718229825,0.022576579484365734,0.025721197873733934,2.864477230937895,0.025,0.0,-0.03,0.0,1.0,0.0,0.015
6,0.19999609807501645,68,0.03759124719877416,0.0,-0.0432837295452855,0.013283729545285498,0.001716270454714501,3.4325409094290023,0.0030695083749451403,0.0025042126011294136,2.059524545657401,0.025,0.0,-0.03,0.0,1.0,0.0,0.015
6,0.19999609807501645,69,0.03653524589464171,0.0,-0.04393985850929483,0.013939858509294828,0.0010601414907051715,2.1202829814103428,0.01522213493691879,0.019537506749224352,1.2721697888462056,0.025,0.0,-0.03,0.0,1.0,0.0,0.015
6,0.19999609807501645,70,0.03546949474860751,0.0,-0.044580355079977534,0.014580355079977535,0.00041964492002246473,0.8392898400449295,0.0032606910471333793,0.00197741865321851,0.5035739040269577,0.025,0.0,-0.03,0.0,1.0,0.0,0.015
7,0.2333287810875192,0,0.0,0.0,-0.01563694055735431,0.014363059442645688,0.000636940557354311,1.273881114708622,0.0,0.0,0.7643286688251731,0.025,0.0,-0.03,0.0,1.0,0.0,0.015
7,0.2333287810875192,43,0.04186537016965249,0.0,-0.01566882288910168,0.014331177110898319,0.0006688228891016806,1.3376457782033613,-0.010615047982469731,0.00449826047295151,0.8025874669220168,0.025,0.0,-0.03,0.0,1.0,0.0,0.015
7,0.2333287810875192,44,0.0423532319244607,0.0,-0.016815689277470208,0.01318431072252979,0.0018156892774702088,3.631378554940418,-0.004933337370559173,0.002114819763595217,2.178827132964251,0.025,0.0,-0.03,0.0,1.0,0.0,0.015
7,0.2333287810875192,45,0.04284356398183103,0.0,-0.017961553245202037,0.012038446754797962,0.002961553245202038,5.923106490404076,-0.010105700607333795,0.004455422454663183,3.5538638942424456,0.025,0.0,-0.03,0.0,1.0,0.0,0.015
7,0.2333287810875192,46,0.043337715679548,0.0,-0.019105705954888277,0.010894294045111722,0.004105705954888277,8.211411909776555,-0.0051947732288213375,0.0024640693453210905,4.926847145865932,0.025,0.0,-0.03,0.0,1.0,0.0,0.015
7,0.2333287810875192,47,0.04383186941842162,0.0,-0.020248996589090597,0.009751003410909401,0.005248996589090598,10.497993178181195,-0.01007962390535713,0.003915420887652143,6.298795906908717,0.025,0.0,-0.03,0.0,1.0,0.0,0.015
7,0.2333287810875192,48,0.043734209813232526,0.0,-0.02149119125616287,0.00850880874383713,0.006491191256162869,12.982382512325739,-0.004612057725569736,0.0031972892778997196,7.789429507395443,0.025,0.0,-0.03,0.0,1.0,0.0,0.015
7,0.2333287810875192,49,0.04363201675813582,0.0,-0.02273309103309807,0.007266908966901929,0.00773309103309807,15.46618206619614,-0.010699549271666447,0.002317637426671415,9.279709239717684,0.025,0.0,-0.03,0.0,1.0,0.0,0.015
7,0.2333287810875192,50,0.04352681390803218,0.0,-0.023974679914238867,0.0060253200857611315,0.008974679914238868,17.949359828477736,-0.0040404998502947,0.0023359014322004517,10.769615897086641,0.025,0.0,-0.03,0.0,1.0,0.0,0.015
7,0.2333287810875192,51,0.04342011666243986,0.0,-0.025216206695760277,0.004783793304239722,0.010216206695760278,20.432413391520555,-0.0107290911349705,0.0013214209530371718,12.259448034912333,0.025,0.0,-0.03,0.0,1.0,0.0,0.015
7,0.2333287810875192,52,0.04331346154520584,0.0,-0.026457677733531932,0.003542322266468067,0.011457677733531933,22.915355467063865,-0.0043330871083138555,0.0013180919872200127,13.749213280238319,0.025,0.0,-0.03,0.0,1.0,0.0,0.015
7,0.2333287810875192,53,0.04320836723367746,0.0,-0.02769933002426596,0.0023006699757340404,0.012699330024265959,25.39866004853192,-0.009761277441274432,0.0003955404245880041,15.239196029119151,0.025,0.0,-0.03,0.0,1.0,0.0,0.015
7,0.2333287810875192,54,0.04310636481291929,0.0,-0.028941192510410396,0.0010588074895896034,0.013941192510410396,27.88238502082079,-0.005587950369889292,0.0001899367213366037,16.729431012492473,0.025,0.0,-0.03,0.0,1.0,0.0,0.015
7,0.2333287810875192,55,0.043008869493362384,0.0,-0.030183457777969384,0.0001834577779693848,0.014816542222030615,29.63308444406123,0.008041742678882358,0.0005088990741514582,17.779850666436737,0.025,0.0,-0.03,0.0,1.0,0.0,0.015
7,0.2333287810875192,56,0.0429172957653079,0.0,-0.03142618997496895,0.0014261899749689541,0.013573810025031045,27.14762005006209,0.007261839307751384,0.000971835178214082,16.288572030037255,0.025,0.0,-0.03,0.0,1.0,0.0,0.015
7,0.2333287810875192,57,0.042833254223422525,0.0,-0.03266947249172753,0.002669472491727533,0.012330527508272467,24.661055016544932,0.00632624139622557,0.001458364591732641,14.796633009926959,0.025,0.0,-0.03,0.0,1.0,0.0,0.015
7,0.2333287810875192,58,0.04275845349376368,0.0,-0.033913348937020506,0.003913348937020507,0.011086651062979493,22.173302125958987,0.008503969724011105,0.002119250144384823,13.303981275575392,0.025,0.0,-0.03,0.0,1.0,0.0,0.015
7,0.2333287810875192,59,0.04269453038868249,0.0,-0.0351577876350132,0.005157787635013199,0.0098422123649868,19.6844247299736,0.0054786084409362435,0.0025339645392128945,11.81065483798416,0.025,0.0,-0.03,0.0,1.0,0.0,0.015
7,0.2333287810875192,60,0.04264304313604573,0.0,-0.036402810595710516,0.0064028105957105175,0.008597189404289482,17.194378808578964,0.008671592809492059,0.0031862938745762614,10.316627285147378,0.025,0.0,-0.03,0.0,1.0,0.0,0.015
7,0.2333287810875192,61,0.042605527658869366,0.0,-0.037648273799719266,0.007648273799719267,0.007351726200280732,14.703452400561465,0.005820483495636471,0.003664062791704637,8.82207144033688,0.025,0.0,-0.03,0.0,1.0,0.0,0.015
7,0.2333287810875192,62,0.04258348542165893,0.0,-0.03889411104576281,0.008894111045762813,0.006105888954237186,12.211777908474373,0.0077506513747428625,0.004184076178381833,7.327066745084624,0.025,0.0,-0.03,0.0,1.0,0.0,0.015
7,0.2333287810875192,63,0.042578386826616965,0.0,-0.040140078456161604,0.010140078456161605,0.004859921543838394,9.719843087676788,0.007129686492993901,0.0051661017322328275,5.831905852606073,0.025,0.0,-0.03,0.0,1.0,0.0,0.015
7,0.2333287810875192,64,0.04155034853097103,0.0,-0.04083955515424694,0.010839555154246942,0.004160444845753057,8.320889691506114,0.005917618419883208,0.0038323014783251575,4.992533814903668,0.025,0.0,-0.03,0.0,1.0,0.0,0.015
7,0.2333287810875192,65,0.040514832012177884,0.0,-0.041527859545582205,0.011527859545582206,0.0034721404544177936,6.944280908835587,0.007620077246066233,0.0073469219166275865,4.166568545301352,0.025,0.0,-0.03,0.0,1.0,0.0,0.015
7,0.2333287810875192,66,0.03947136481391635,0.0,-0.04220403295123387,0.012204032951233873,0.0027959670487661265,5.591934097532253,0.004040449573937654,0.0025999293910875776,3.3551604585193515,0.025,0.0,-0.03,0.0,1.0,0.0,0.015
7,0.2333287810875192,67,0.038419559035967055,0.0,-0.04286712302336822,0.012867123023368218,0.0021328769766317812,4.265753953263562,0.00781443483536875,0.00957527385360498,2.5594523719581375,0.025,0.0,-0.03,0.0,1.0,0.0,0.015
7,0.2333287810875192,68,0.03735908473906544,0.0,-0.043516212679884286,0.013516212679884287,0.001483787320115712,2.9675746402314243,0.002389673345931818,0.001502802311227692,1.7805447841388544,0.025,0.0,-0.03,0.0,1.0,0.0,0.015
7,0.2333287810875192,69,0.03628965269796956,0.0,-0.044150433559596115,0.014150433559596116,0.000849566440403883,1.699132880807766,0.007672454771048351,0.011484402413118964,1.0194797284846595,0.025,0.0,-0.03,0.0,1.0,0.0,0.015
7,0.2333287810875192,70,0.035210865440390184,0.0,-0.04476866327821911,0.014768663278219109,0.00023133672178089065,0.4626734435617813,0.0011082864557775106,0.0008654004131878613,0.2776040661370688,0.025,0.0,-0.03,0.0,1.0,0.0,0.015
8,0.26666146410002195,0,0.0,0.0,-0.01563694055735431,0.014363059442645688,0.000636940557354311,1.273881114708622,0.0,0.0,0.7643286688251731,0.025,0.0,-0.03,0.0,1.0,0.0,0.015
8,0.26666146410002195,43,0.04197060287635239,0.0,-0.015892900754911652,0.014107099245088347,0.0008929007549116526,1.785801509823305,-0.005934103824346953,0.002939950445754201,1.071480905893983,0.025,0.0,-0.03,0.0,1.0,0.0,0.015
8,0.26666146410002195,44,0.04246161780028865,0.0,-0.017038500362244125,0.012961499637755874,0.0020385003622441257,4.077000724488252,-0.006301339602703656,0.0032163906440307926,2.4462004346929507,0.025,0.0,-0.03,0.0,1.0,0.0,0.015
8,0.26666146410002195,45,0.04295509593262243,0.0,-0.018183009436219307,0.011816990563780692,0.0031830094362193077,6.366018872438615,-0.005148273279424382,0.0028324568863643713,3.819611323463169,0.025,0.0,-0.03,0.0,1.0,0.0,0.015
8,0.26666146410002195,46,0.04345243834876622,0.0,-0.019325861962512944,0.010674138037487055,0.004325861962512945,8.65172392502589,-0.00712853680228771,0.0037486725409076865,5.191034355015534,0.025,0.0,-0.03,0.0,1.0,0.0,0.015
8,0.26666146410002195,47,0.04394971998699528,0.0,-0.020467796183907438,0.009532203816092561,0.005467796183907438,10.935592367814877,-0.0038021248139158007,0.00315478703484032,6.561355420688926,0.025,0.0,-0.03,0.0,1.0,0.0,0.015
8,0.26666146410002195,48,0.04383640743903797,0.0,-0.021708733156867464,0.008291266843132535,0.006708733156867465,13.41746631373493,-0.008724198284754342,0.0026967082401649126,8.050479788240958,0.025,0.0,-0.03,0.0,1.0,0.0,0.015
8,0.26666146410002195,49,0.04371837308233076,0.0,-0.02294924226723779,0.00705075773276221,0.00794924226723779,15.89848453447558,-0.001960546329534547,0.002796415514546389,9.539090720685348,0.025,0.0,-0.03,0.0,1.0,0.0,0.015
8,0.26666146410002195,50,0.043597136535943756,0.0,-0.024189429718177138,0.005810570281822861,0.009189429718177138,18.378859436354276,-0.01012172161346596,0.0016113400514681194,11.027315661812565,0.025,0.0,-0.03,0.0,1.0,0.0,0.015
8,0.26666146410002195,51,0.043474215151306256,0.0,-0.025429486280370363,0.004570513719629635,0.010429486280370364,20.858972560740728,-0.0008212350994774008,0.001987132330303591,12.515383536444437,0.025,0.0,-0.03,0.0,1.0,0.0,0.015
8,0.26666146410002195,52,0.04335114104881856,0.0,-0.026669481548461296,0.0033305184515387033,0.011669481548461296,23.33896309692259,-0.010580493915224892,0.0006356054633699797,14.003377858153554,0.025,0.0,-0.03,0.0,1.0,0.0,0.015
8,0.26666146410002195,53,0.043229430189437264,0.0,-0.027909665688173373,0.0020903343118266263,0.012909665688173373,25.819331376346746,-0.0006868473554136345,0.0010433976393385883,15.491598825808047,0.025,0.0,-0.03,0.0,1.0,0.0,0.015
8,0.26666146410002195,54,0.043110616123198026,0.0,-0.0291500595148596,0.0008499404851404005,0.014150059514859599,28.3001190297192,-0.010093757296785289,0.0002619359377240716,16.980071417831518,0.025,0.0,-0.03,0.0,1.0,0.0,0.015
8,0.26666146410002195,55,0.042996067381058455,0.0,-0.030390944477388774,0.00039094447738877505,0.014609055522611224,29.21811104522245,0.0013405765819716792,1.0473809630589149e-05,17.53086662713347,0.025,0.0,-0.03,0.0,1.0,0.0,0.015
8,0.26666146410002195,56,0.042887169624911306,0.0,-0.03163231726260939,0.0016323172626093937,0.013367682737390606,26.73536547478121,0.009055280307387427,0.001111004775839409,16.041219284868728,0.025,0.0,-0.03,0.0,1.0,0.0,0.015
8,0.26666146410002195,57,0.042785537750487726,0.0,-0.032874408276437964,0.0028744082764379647,0.012125591723562035,24.25118344712407,0.002287816318508884,0.0011239131739353536,14.55071006827444,0.025,0.0,-0.03,0.0,1.0,0.0,0.015
8,0.26666146410002195,58,0.04269298730738226,0.0,-0.03411714908342875,0.0041171490834287505,0.010882850916571249,21.765701833142497,0.007977897613489604,0.0019993152897886486,13.059421099885498,0.025,0.0,-0.03,0.0,1.0,0.0,0.015
8,0.26666146410002195,59,0.04261126510639905,0.0,-0.035360679245022966,0.005360679245022967,0.009639320754977032,19.278641509954063,0.003172168299882744,0.0022252634506154984,11.567184905972438,0.025,0.0,-0.03,0.0,1.0,0.0,0.015
8,0.26666146410002195,60,0.04254200300874667,0.0,-0.03660489929614479,0.006604899296144794,0.008395100703855206,16.790201407710413,0.007008187287518958,0.0029166247158726208,10.074120844626247,0.025,0.0,-0.03,0.0,1.0,0.0,0.015
8,0.26666146410002195,61,0.04248679869328927,0.0,-0.03784982779554882,0.007849827795548818,0.0071501722044511815,14.300344408902363,0.004048965835965488,0.003301510617853707,8.580206645341418,0.025,0.0,-0.03,0.0,1.0,0.0,0.015
8,0.26666146410002195,62,0.04244722626318698,0.0,-0.03909529989162863,0.009095299891628633,0.005904700108371366,11.809400216742732,0.006000009743400704,0.003840734716204067,7.085640130045639,0.025,0.0,-0.03,0.0,1.0,0.0,0.015
8,0.26666146410002195,63,0.04242482271943057,0.0,-0.0403411809330604,0.010341180933060398,0.004658819066939601,9.317638133879203,0.005078606059112401,0.004443108461781633,5.5905828803275215,0.025,0.0,-0.03,0.0,1.0,0.0,0.015
8,0.26666146410002195,64,0.041389583326057924,0.0,-0.041030107393518506,0.011030107393518507,0.003969892606481493,7.939785212962986,0.004757035147210559,0.0040909757313003555,4.763871127777791,0.025,0.0,-0.03,0.0,1.0,0.0,0.015
8,0.26666146410002195,65,0.04034699385799734,0.0,-0.04170782083605578,0.011707820836055781,0.0032921791639442186,6.584358327888437,0.005228195583267343,0.005489865175614205,3.950614996733062,0.025,0.0,-0.03,0.0,1.0,0.0,0.015
8,0.26666146410002195,66,0.039296590525708434,0.0,-0.04237333904572942,0.012373339045729424,0.002626660954270575,5.25332190854115,0.0037278316366750174,0.0036788483252853336,3.15199314512469,0.025,0.0,-0.03,0.0,1.0,0.0,0.015
8,0.26666146410002195,67,0.038237994046439384,0.0,-0.043025692573573776,0.013025692573573777,0.0019743074264262223,3.9486148528524447,0.005093469257062403,0.006557524525552752,2.369168911711467,0.025,0.0,-0.03,0.0,1.0,0.0,0.015
8,0.26666146410002195,68,0.037170855293984985,0.0,-0.043663962325345765,0.013663962325345766,0.0013360376746542335,2.672075349308467,0.002835881404649642,0.003358359599927259,1.6032452095850802,0.025,0.0,-0.03,0.0,1.0,0.0,0.015
8,0.26666146410002195,69,0.03609492599894353,0.0,-0.04428724213497907,0.014287242134979068,0.0007127578650209312,1.4255157300418624,0.004832851022375789,0.00750785538061753,0.8553094380251174,0.025,0.0,-0.03,0.0,1.0,0.0,0.015
8,0.26666146410002195,70,0.03500973704098087,0.0,-0.044894401247970804,0.014894401247970805,0.00010559875202919428,0.21119750405838855,0.002004070364960311,0.00306066991029139,0.12671850243503313,0.025,0.0,-0.03,0.0,1.0,0.0,0.015
9,0.2999941471125247,0,0.0,0.0,-0.01563694055735431,0.014363059442645688,0.000636940557354311,1.273881114708622,0.0,0.0,0.7643286688251731,0.025,0.0,-0.03,0.0,1.0,0.0,0.015
9,0.2999941471125247,43,0.04206137339241467,0.0,-0.01607817836590104,0.013921821634098958,0.0010781783659010412,2.156356731802082,-0.006303890391117447,0.0029158341138003185,1.2938140390812494,0.025,0.0,-0.03,0.0,1.0,0.0,0.015
9,0.2999941471125247,44,0.04255541284457753,0.0,-0.017222507739474514,0.012777492260525485,0.002222507739474515,4.4450154789490295,-0.004314078304173121,0.002128400873396322,2.667009287369418,0.025,0.0,-0.03,0.0,1.0,0.0,0.015
9,0.2999941471125247,45,0.04305194387889275,0.0,-0.01836573511837008,0.01163426488162992,0.0033657351183700793,6.731470236740159,-0.005866285214757874,0.0029131159113128698,4.038882142044095,0.025,0.0,-0.03,0.0,1.0,0.0,0.015
9,0.2999941471125247,46,0.043552351002754466,0.0,-0.019507276011337192,0.010492723988662807,0.004507276011337193,9.014552022674385,-0.005033224998713723,0.00260273184377652,5.408731213604631,0.025,0.0,-0.03,0.0,1.0,0.0,0.015
9,0.2999941471125247,47,0.04405267326695983,0.0,-0.020647920756804838,0.009352079243195161,0.005647920756804838,11.295841513609677,-0.004572726412824646,0.0028246549550507184,6.777504908165806,0.025,0.0,-0.03,0.0,1.0,0.0,0.015
9,0.2999941471125247,48,0.04392563080505315,0.0,-0.021887559245879457,0.008112440754120542,0.006887559245879457,13.775118491758914,-0.00662330825000087,0.0022558321562844252,8.265071095055347,0.025,0.0,-0.03,0.0,1.0,0.0,0.015
9,0.2999941471125247,49,0.04379370211774886,0.0,-0.023126703167394205,0.006873296832605794,0.008126703167394205,16.25340633478841,-0.0025807035064227797,0.0022736202728133284,9.752043800873045,0.025,0.0,-0.03,0.0,1.0,0.0,0.015
9,0.2999941471125247,50,0.04365840510091234,0.0,-0.024365474166211168,0.005634525833788831,0.009365474166211168,18.730948332422336,-0.008527558585015924,0.0012838232578328166,11.2385689994534,0.025,0.0,-0.03,0.0,1.0,0.0,0.015
9,0.2999941471125247,51,0.04352125705412937,0.0,-0.025604067096680075,0.004395932903319924,0.010604067096680075,21.208134193360152,-0.000568489494903588,0.0017031452675768774,12.724880516016091,0.025,0.0,-0.03,0.0,1.0,0.0,0.015
9,0.2999941471125247,52,0.0433837875964259,0.0,-0.026842595326396067,0.003157404673603932,0.011842595326396067,23.685190652792134,-0.01017235815291987,0.00032443527330617395,14.21111439167528,0.025,0.0,-0.03,0.0,1.0,0.0,0.015
9,0.2999941471125247,53,0.04324751513796039,0.0,-0.028081287526049277,0.001918712473950722,0.013081287526049278,26.162575052098553,0.0008975962822582418,0.0010416229090966479,15.697545031259132,0.025,0.0,-0.03,0.0,1.0,0.0,0.015
9,0.2999941471125247,54,0.04311396965392401,0.0,-0.029320233321164693,0.0006797666788353057,0.014320233321164694,28.640466642329386,-0.010987326198122316,0.0005479397621351126,17.18427998539763,0.025,0.0,-0.03,0.0,1.0,0.0,0.015
9,0.2999941471125247,55,0.04298449160291316,0.0,-0.030559677991632665,0.0005596779916326663,0.014440322008367333,28.880644016734667,-0.001300485579864766,0.00022170270808624328,17.3283864100408,0.025,0.0,-0.03,0.0,1.0,0.0,0.015
9,0.2999941471125247,56,0.04286043121077843,0.0,-0.03179970101588544,0.0017997010158854396,0.01320029898411456,26.40059796822912,0.010623430596638077,0.0012803129554886633,15.840358780937471,0.025,0.0,-0.03,0.0,1.0,0.0,0.015
9,0.2999941471125247,57,0.04274341721528227,0.0,-0.033040498620933494,0.0030404986209334947,0.011959501379066505,23.919002758133008,-0.0005596888996490119,0.0007588767385945626,14.351401654879805,0.025,0.0,-0.03,0.0,1.0,0.0,0.015
9,0.2999941471125247,58,0.042635346451266494,0.0,-0.034282080418715256,0.0042820804187152575,0.010717919581284742,21.435839162569483,0.009316908250949978,0.0019512954496546976,12.861503497541689,0.025,0.0,-0.03,0.0,1.0,0.0,0.015
9,0.2999941471125247,59,0.042538071567535835,0.0,-0.035524563696646874,0.005524563696646875,0.009475436303353124,18.95087260670625,0.0008859421874871837,0.0017871257374375833,11.370523564023749,0.025,0.0,-0.03,0.0,1.0,0.0,0.015
9,0.2999941471125247,60,0.042453280428895984,0.0,-0.03676790982800737,0.0067679098280073735,0.008232090171992626,16.46418034398525,0.0076056396552857996,0.0026229908087760647,9.878508206391151,0.025,0.0,-0.03,0.0,1.0,0.0,0.015
9,0.2999941471125247,61,0.04238263017678879,0.0,-0.03801213297466916,0.008012132974669163,0.006987867025330836,13.975734050661673,0.00251212654462111,0.002785883893059466,8.385440430397004,0.025,0.0,-0.03,0.0,1.0,0.0,0.015
9,0.2999941471125247,62,0.04232775445276803,0.0,-0.039257105804117065,0.009257105804117066,0.005742894195882933,11.485788391765867,0.005951363945431518,0.0033541276233354234,6.89147303505952,0.025,0.0,-0.03,0.0,1.0,0.0,0.015
9,0.2999941471125247,63,0.04229025131554204,0.0,-0.040502699726368684,0.010502699726368685,0.004497300273631315,8.99460054726263,0.004014984006192988,0.00358493536249341,5.396760328357578,0.025,0.0,-0.03,0.0,1.0,0.0,0.015
9,0.2999941471125247,64,0.04124947206605165,0.0,-0.041183374216005625,0.011183374216005626,0.0038166257839943735,7.633251567988747,0.004504970478850443,0.004006346299922276,4.579950940793248,0.025,0.0,-0.03,0.0,1.0,0.0,0.015
9,0.2999941471125247,65,0.040201454223458166,0.0,-0.04185280985782639,0.011852809857826392,0.0031471901421736073,6.2943802843472145,0.004137104442156164,0.004058053573037027,3.7766281706083284,0.025,0.0,-0.03,0.0,1.0,0.0,0.015
9,0.2999941471125247,66,0.03914573321161952,0.0,-0.042510012500231224,0.012510012500231225,0.002489987499768774,4.979974999537548,0.0037651986102148105,0.003980426761133469,2.9879849997225287,0.025,0.0,-0.03,0.0,1.0,0.0,0.015
9,0.2999941471125247,67,0.038081934956910764,0.0,-0.04315399656457804,0.013153996564578038,0.0018460034354219612,3.6920068708439224,0.0038542214319765206,0.00469919638539728,2.2152041225063535,0.025,0.0,-0.03,0.0,1.0,0.0,0.015
9,0.2999941471125247,68,0.03700970117126953,0.0,-0.04378383435990461,0.013783834359904608,0.0012161656400953916,2.432331280190783,0.0030867816486529476,0.003944810929266463,1.4593987681144698,0.025,0.0,-0.03,0.0,1.0,0.0,0.015
9,0.2999941471125247,69,0.035928793094733236,0.0,-0.04439858972043131,0.014398589720431308,0.0006014102795686913,1.2028205591373826,0.0035394089278290826,0.0053399207131174875,0.7216923354824295,0.025,0.0,-0.03,0.0,1.0,0.0,0.015
9,0.2999941471125247,70,0.034838715911584495,0.0,-0.04499710199208742,0.014997101992087418,2.8980079125814906e-06,0.005796015825162981,0.0024502855729450967,0.00393394755806413,0.0034776094950977887,0.025,0.0,-0.03,0.0,1.0,0.0,0.015
10,0.33332683012502745,0,0.0,0.0,-0.01563694055735431,0.014363059442645688,0.000636940557354311,1.273881114708622,0.0,0.0,0.7643286688251731,0.025,0.0,-0.03,0.0,1.0,0.0,0.015
10,0.33332683012502745,42,0.041640550383035525,0.0,-0.015100222503515304,0.014899777496484695,0.00010022250351530461,0.20044500703060922,-0.005997837536755932,0.002552770950414143,0.12026700421836553,0.025,0.0,-0.03,0.0,1.0,0.0,0.015
10,0.33332683012502745,43,0.04213567542591559,0.0,-0.016244111400719224,0.013755888599280775,0.0012441114007192243,2.4882228014384484,-0.003830071989770794,0.0016618195838238854,1.492933680863069,0.025,0.0,-0.03,0.0,1.0,0.0,0.015
10,0.33332683012502745,44,0.04263193326471724,0.0,-0.017387493053440003,0.012612506946559996,0.0023874930534400034,4.774986106880006,-0.005134791095201748,0.002310801113480073,2.8649916641280035,0.025,0.0,-0.03,0.0,1.0,0.0,0.015
10,0.33332683012502745,45,0.04313070926536574,0.0,-0.018529788979117258,0.011470211020882741,0.0035297889791172585,7.059577958234517,-0.004255090411275177,0.001991362872190663,4.23574677494071,0.025,0.0,-0.03,0.0,1.0,0.0,0.015
10,0.33332683012502745,46,0.043633356190102196,0.0,-0.019670360780187794,0.010329639219812205,0.004670360780187795,9.34072156037559,-0.004978370718823526,0.0023584262731858696,5.604432936225353,0.025,0.0,-0.03,0.0,1.0,0.0,0.015
10,0.33332683012502745,47,0.04413589997188122,0.0,-0.02081006948555809,0.009189930514441908,0.005810069485558091,11.620138971116182,-0.003914912123103616,0.0022193464353918906,6.972083382669709,0.025,0.0,-0.03,0.0,1.0,0.0,0.015
10,0.33332683012502745,48,0.04399742745760801,0.0,-0.02204850825087153,0.007951491749128469,0.00704850825087153,14.097016501743061,-0.0055731181573275175,0.0018503300582812987,8.458209901045837,0.025,0.0,-0.03,0.0,1.0,0.0,0.015
10,0.33332683012502745,49,0.04385393522207021,0.0,-0.023286398847922524,0.006713601152077475,0.008286398847922524,16.572797695845047,-0.0030104546618653872,0.0017917413665554753,9.943678617507027,0.025,0.0,-0.03,0.0,1.0,0.0,0.015
10,0.33332683012502745,50,0.04370693847991539,0.0,-0.024523868846701085,0.005476131153298914,0.009523868846701086,19.047737693402173,-0.006312427667904032,0.001101915613958917,11.428642616041303,0.025,0.0,-0.03,0.0,1.0,0.0,0.015
10,0.33332683012502745,51,0.04355795333610784,0.0,-0.02576111965004835,0.004238880349951648,0.010761119650048351,21.522239300096704,-0.002272960363591752,0.001222002254271447,12.913343580058022,0.025,0.0,-0.03,0.0,1.0,0.0,0.015
10,0.33332683012502745,52,0.04340850595347107,0.0,-0.026998298909139753,0.0030017010908602454,0.011998298909139754,23.996597818279508,-0.006648648931678022,0.0003974199138779384,14.397958690967704,0.025,0.0,-0.03,0.0,1.0,0.0,0.015
10,0.33332683012502745,53,0.04326011604947407,0.0,-0.028235620325903356,0.001764379674096643,0.013235620325903356,26.471240651806713,-0.0020845515646308256,0.0005657407765683093,15.882744391084028,0.025,0.0,-0.03,0.0,1.0,0.0,0.015
10,0.33332683012502745,54,0.0431143091934186,0.0,-0.029473224599231494,0.0005267754007685053,0.014473224599231494,28.94644919846299,-0.006368342286006825,0.00024610545611371254,17.367869519077793,0.025,0.0,-0.03,0.0,1.0,0.0,0.015
10,0.33332683012502745,55,0.04297239950367139,0.0,-0.030711336863935,0.0007113368639349998,0.014288663136065,28.577326272129998,0.0024871571279618965,0.00017931667671442346,17.146395763277997,0.025,0.0,-0.03,0.0,1.0,0.0,0.015
10,0.33332683012502745,56,0.042835706604569666,0.0,-0.031950089663078086,0.0019500896630780876,0.013049910336921912,26.099820673843823,0.005609029336908093,0.0008508437358929635,15.659892404306293,0.025,0.0,-0.03,0.0,1.0,0.0,0.015
10,0.33332683012502745,57,0.042705872532658895,0.0,-0.03318967032108877,0.0031896703210887722,0.011810329678911227,23.620659357822454,0.003202959082934901,0.0009804568007905378,14.172395614693473,0.025,0.0,-0.03,0.0,1.0,0.0,0.015
10,0.33332683012502745,58,0.04258486305947776,0.0,-0.03443013247413724,0.00443013247413724,0.01056986752586276,21.13973505172552,0.004755950694547196,0.001476277903537243,12.683841031035312,0.025,0.0,-0.03,0.0,1.0,0.0,0.015
10,0.33332683012502745,59,0.042474615876332125,0.0,-0.035671600753231204,0.0056716007532312054,0.009328399246768794,18.65679849353759,0.0038350808249307555,0.001761526752854653,11.194079096122554,0.025,0.0,-0.03,0.0,1.0,0.0,0.015
10,0.33332683012502745,60,0.04237686588907039,0.0,-0.03691406507429403,0.006914065074294033,0.008085934925705966,16.171869851411934,0.004149634110250598,0.0021468473074429534,9.70312191084716,0.025,0.0,-0.03,0.0,1.0,0.0,0.015
10,0.33332683012502745,61,0.04229331805109337,0.0,-0.038157558348165206,0.008157558348165207,0.006842441651834792,13.684883303669585,0.0041614508991932395,0.002503193185635564,8.210929982201751,0.025,0.0,-0.03,0.0,1.0,0.0,0.015
10,0.33332683012502745,62,0.04222565587323071,0.0,-0.03940196782799209,0.009401967827992089,0.005598032172007911,11.196064344015822,0.003914480388479953,0.00284073792535677,6.717638606409493,0.025,0.0,-0.03,0.0,1.0,0.0,0.015
10,0.33332683012502745,63,0.04217552634564027,0.0,-0.040647185472758564,0.010647185472758565,0.0043528145272414345,8.70562905448287,0.004166977730542595,0.003278165291537232,5.2233774326897215,0.025,0.0,-0.03,0.0,1.0,0.0,0.015
10,0.33332683012502745,64,0.041129686829775046,0.0,-0.041320174784025276,0.011320174784025278,0.003679825215974722,7.359650431949444,0.003731265254712731,0.003203314961648818,4.415790259169666,0.025,0.0,-0.03,0.0,1.0,0.0,0.015
10,0.33332683012502745,65,0.04007669862158398,0.0,-0.041981895584649834,0.011981895584649835,0.0030181044153501646,6.036208830700329,0.0036853887949202736,0.00361223798762926,3.6217252984201975,0.025,0.0,-0.03,0.0,1.0,0.0,0.015
10,0.33332683012502745,66,0.039016112630600196,0.0,-0.042631332107468195,0.012631332107468196,0.0023686678925318033,4.737335785063607,0.003352940154629929,0.0035651096189794045,2.842401471038164,0.025,0.0,-0.03,0.0,1.0,0.0,0.015
10,0.33332683012502745,67,0.03794753744913506,0.0,-0.043267497747103534,0.013267497747103535,0.0017325022528964645,3.465004505792929,0.003131011988638613,0.00369673664232446,2.079002703475757,0.025,0.0,-0.03,0.0,1.0,0.0,0.015
10,0.33332683012502745,68,0.03687063760430133,0.0,-0.0438894390960488,0.013889439096048804,0.0011105609039511952,2.2211218079023904,0.0030497978564256304,0.004089272417519637,1.3326730847414343,0.025,0.0,-0.03,0.0,1.0,0.0,0.015
10,0.33332683012502745,69,0.035785135043184,0.0,-0.04449620294580761,0.014496202945807612,0.000503797054192387,1.007594108384774,0.002531063227143956,0.003687458121501627,0.6045564650308644,0.025,0.0,-0.03,0.0,1.0,0.0,0.015
11,0.3666595131375302,0,0.0,0.0,-0.01563694055735431,0.014363059442645688,0.000636940557354311,1.273881114708622,0.0,0.0,0.7643286688251731,0.025,0.0,-0.03,0.0,1.0,0.0,0.015
11,0.3666595131375302,42,0.04170051487675296,0.0,-0.015248501690057783,0.014751498309942216,0.0002485016900577834,0.49700338011556683,-0.0051172378073206255,0.0019790131507063822,0.2982020280693401,0.025,0.0,-0.03,0.0,1.0,0.0,0.015
11,0.3666595131375302,43,0.04219731239410462,0.0,-0.016391705000177073,0.013608294999822926,0.0013917050001770737,2.7834100003541473,-0.0038982838904609574,0.001480911315390386,1.6700460002124884,0.025,0.0,-0.03,0.0,1.0,0.0,0.015
11,0.3666595131375302,44,0.042695247047053395,0.0,-0.017534371332618065,0.012465628667381934,0.0025343713326180656,5.068742665236131,-0.004373637773536052,0.0017395847888948051,3.041245599141679,0.025,0.0,-0.03,0.0,1.0,0.0,0.015
11,0.3666595131375302,45,0.04319571563153328,0.0,-0.018675963868636174,0.011324036131363825,0.0036759638686361742,7.351927737272349,-0.004307078444251219,0.0017551843479617062,4.411156642363409,0.025,0.0,-0.03,0.0,1.0,0.0,0.015
11,0.3666595131375302,46,0.04370004789665659,0.0,-0.019815808701605042,0.010184191298394957,0.004815808701605043,9.631617403210086,-0.0041530404403989,0.0017302204583209103,5.7789704419260515,0.025,0.0,-0.03,0.0,1.0,0.0,0.015
11,0.3666595131375302,47,0.04420425736941108,0.0,-0.020954816253227166,0.009045183746772833,0.005954816253227167,11.909632506454333,-0.0042677209739449854,0.0018274916964215386,7.1457795038726,0.025,0.0,-0.03,0.0,1.0,0.0,0.015
11,0.3666595131375302,48,0.04405613082611938,0.0,-0.022192158903386237,0.0078078410966137615,0.007192158903386238,14.384317806772476,-0.00422379900843405,0.0015426345200107202,8.630590684063485,0.025,0.0,-0.03,0.0,1.0,0.0,0.015
11,0.3666595131375302,49,0.043902873159377416,0.0,-0.023428910051180158,0.006571089948819841,0.008428910051180159,16.857820102360318,-0.004072533989422719,0.0012909049107902295,10.114692061416191,0.025,0.0,-0.03,0.0,1.0,0.0,0.015
11,0.3666595131375302,50,0.04374599842189609,0.0,-0.024665190105253223,0.005334809894746776,0.009665190105253223,19.330380210506448,-0.0042214505260702246,0.0010031492145797895,11.598228126303868,0.025,0.0,-0.03,0.0,1.0,0.0,0.015
11,0.3666595131375302,51,0.04358701865988383,0.0,-0.025901226367726415,0.004098773632273584,0.010901226367726415,21.80245273545283,-0.004081174996185221,0.0007436241678907331,13.0814716412717,0.025,0.0,-0.03,0.0,1.0,0.0,0.015
11,0.3666595131375302,52,0.043427459311253025,0.0,-0.02713716858444232,0.0028628314155576783,0.012137168584442321,24.274337168884642,-0.0038922772747757273,0.0004889669907034501,14.564602301330785,0.025,0.0,-0.03,0.0,1.0,0.0,0.015
11,0.3666595131375302,53,0.04326883735631447,0.0,-0.028373247475967537,0.001626752524032462,0.013373247475967538,26.746494951935077,-0.004469038817086161,0.00013812224312435652,16.047896971161045,0.025,0.0,-0.03,0.0,1.0,0.0,0.015
11,0.3666595131375302,54,0.043112676841526934,0.0,-0.029609617795374063,0.00039038220462593587,0.014609617795374064,29.219235590748127,-0.003194623746625217,3.2140763048028046e-06,17.531541354448876,0.025,0.0,-0.03,0.0,1.0,0.0,0.015
11,0.3666595131375302,55,0.042960265324487636,0.0,-0.030846511907057124,0.000846511907057125,0.014153488092942874,28.30697618588575,0.005136381670009758,0.0005071196113125781,16.98418571153145,0.025,0.0,-0.03,0.0,1.0,0.0,0.015
11,0.3666595131375302,56,0.04281289768511967,0.0,-0.03208408561625665,0.0020840856162566493,0.01291591438374335,25.8318287674867,0.0026647058045238463,0.0005309930389966545,15.49909726049202,0.025,0.0,-0.03,0.0,1.0,0.0,0.015
11,0.3666595131375302,57,0.042672228181591706,0.0,-0.03332253051523016,0.0033225305152301612,0.011677469484769838,23.354938969539678,0.005496403381575062,0.0011187360217597062,14.012963381723806,0.025,0.0,-0.03,0.0,1.0,0.0,0.015
11,0.3666595131375302,58,0.042540280675323616,0.0,-0.034561936239062535,0.004561936239062536,0.010438063760937463,20.876127521874928,0.0019885030890945832,0.00108135522316034,12.525676513124957,0.025,0.0,-0.03,0.0,1.0,0.0,0.015
11,0.3666595131375302,59,0.042419063653489325,0.0,-0.03580243350954855,0.005802433509548552,0.009197566490451448,18.395132980902893,0.0058338227855568164,0.001718123197442758,11.037079788541735,0.025,0.0,-0.03,0.0,1.0,0.0,0.015
11,0.3666595131375302,60,0.042310350536137596,0.0,-0.03704404406823813,0.00704404406823813,0.00795595593176187,15.91191186352374,0.0018510902298239861,0.0017061557397205598,9.547147118114243,0.025,0.0,-0.03,0.0,1.0,0.0,0.015
11,0.3666595131375302,61,0.04221588689824578,0.0,-0.03828680759914305,0.008286807599143048,0.006713192400856952,13.426384801713903,0.005507943920724996,0.002253604432605787,8.055830881028342,0.025,0.0,-0.03,0.0,1.0,0.0,0.015
11,0.3666595131375302,62,0.04213739712915215,0.0,-0.0395306351992264,0.009530635199226402,0.005469364800773598,10.938729601547195,0.0024628943153601605,0.0023473110300459093,6.563237760928317,0.025,0.0,-0.03,0.0,1.0,0.0,0.015
11,0.3666595131375302,63,0.0420765699283525,0.0,-0.04077542758191664,0.010775427581916644,0.0042245724180833555,8.449144836166711,0.00449518024620641,0.003035156311628574,5.069486901700027,0.025,0.0,-0.03,0.0,1.0,0.0,0.015
11,0.3666595131375302,64,0.041026141974226694,0.0,-0.04144132582215722,0.01144132582215722,0.00355867417784278,7.11734835568556,0.0031705258957911873,0.002358359792674724,4.270409013411336,0.025,0.0,-0.03,0.0,1.0,0.0,0.015
11,0.3666595131375302,65,0.03996864761262104,0.0,-0.04209592141893614,0.012095921418936138,0.002904078581063861,5.808157162127722,0.0035964305234180644,0.0034498267820374717,3.4848942972766332,0.025,0.0,-0.03,0.0,1.0,0.0,0.015
11,0.3666595131375302,66,0.03890364713574172,0.0,-0.042738186074696004,0.012738186074696005,0.0022618139253039946,4.523627850607989,0.0029257772150515413,0.0028385888048094816,2.7141767103647934,0.025,0.0,-0.03,0.0,1.0,0.0,0.015
11,0.3666595131375302,67,0.037830742642370886,0.0,-0.04336712975132023,0.013367129751320234,0.0016328702486797658,3.2657404973595314,0.0029452734810832878,0.0033758463332377595,1.9594442984157188,0.025,0.0,-0.03,0.0,1.0,0.0,0.015
11,0.3666595131375302,68,0.03674961326012225,0.0,-0.043981783087893626,0.013981783087893628,0.001018216912106372,2.036433824212744,0.002716577290200546,0.0035044995472128344,1.2218602945276464,0.025,0.0,-0.03,0.0,1.0,0.0,0.015
11,0.3666595131375302,69,0.035659957914811066,0.0,-0.04458117921563168,0.014581179215631679,0.0004188207843683206,0.8376415687366412,0.0022647572153116956,0.0032077808993074,0.5025849412419847,0.025,0.0,-0.03,0.0,1.0,0.0,0.015
12,0.3999921961500329,0,0.0,0.0,-0.01563694055735431,0.014363059442645688,0.000636940557354311,1.273881114708622,0.0,0.0,0.7643286688251731,0.025,0.0,-0.03,0.0,1.0,0.0,0.015
12,0.3999921961500329,42,0.04174954117020866,0.0,-0.01538816113099928,0.014611838869000719,0.0003881611309992806,0.7763222619985611,-0.002017205749918922,0.000418195726774718,0.46579335719913667,0.025,0.0,-0.03,0.0,1.0,0.0,0.015
12,0.3999921961500329,43,0.04224730223613094,0.0,-0.01653096162421724,0.013469038375782758,0.0015309616242172412,3.0619232484344825,-0.006164122772779385,0.002288287419720742,1.8371539490606894,0.025,0.0,-0.03,0.0,1.0,0.0,0.015
12,0.3999921961500329,44,0.042746208964532045,0.0,-0.017673236527322965,0.012326763472677034,0.0026732365273229655,5.346473054645931,-0.0021377989468755678,0.0005157573315754087,3.2078838327875583,0.025,0.0,-0.03,0.0,1.0,0.0,0.015
12,0.3999921961500329,45,0.04324763976600564,0.0,-0.018814423508595832,0.011185576491404167,0.003814423508595833,7.628847017191666,-0.005789027254674957,0.002174288857947392,4.577308210315,0.025,0.0,-0.03,0.0,1.0,0.0,0.015
12,0.3999921961500329,46,0.04375292938121282,0.0,-0.019953875870133538,0.010046124129866461,0.004953875870133538,9.907751740267075,-0.002670015940397677,0.0008233142455134814,5.944651044160245,0.025,0.0,-0.03,0.0,1.0,0.0,0.015
12,0.3999921961500329,47,0.04425806551310731,0.0,-0.02109249317052963,0.00890750682947037,0.0060924931705296295,12.18498634105926,-0.005158518613129093,0.0016672890806516303,7.310991804635555,0.025,0.0,-0.03,0.0,1.0,0.0,0.015
12,0.3999921961500329,48,0.04410192448205158,0.0,-0.022328879542451333,0.007671120457548666,0.007328879542451334,14.657759084902668,-0.003170681096699331,0.0012931568534312818,8.794655450941601,0.025,0.0,-0.03,0.0,1.0,0.0,0.015
12,0.3999921961500329,49,0.043940564230530485,0.0,-0.02356461994914625,0.006435380050853749,0.00856461994914625,17.1292398982925,-0.004667844083741307,0.0009194521545254359,10.2775439389755,0.025,0.0,-0.03,0.0,1.0,0.0,0.015
12,0.3999921961500329,50,0.04377549459154071,0.0,-0.02479986230927079,0.0052001376907292104,0.009799862309270789,19.59972461854158,-0.0034855544011558703,0.0008342581764086667,11.759834771124947,0.025,0.0,-0.03,0.0,1.0,0.0,0.015
12,0.3999921961500329,51,0.04360822644073641,0.0,-0.026034824659903446,0.003965175340096553,0.011034824659903446,22.069649319806892,-0.004310083217922544,0.0004966623306582532,13.241789591884135,0.025,0.0,-0.03,0.0,1.0,0.0,0.015
12,0.3999921961500329,52,0.04344027999967758,0.0,-0.027269685931538473,0.0027303140684615257,0.012269685931538474,24.539371863076948,-0.0036254145819322116,0.00034851581782357116,14.723623117846168,0.025,0.0,-0.03,0.0,1.0,0.0,0.015
12,0.3999921961500329,53,0.043273171780258454,0.0,-0.028504665875678088,0.0014953341243219113,0.013504665875678088,27.009331751356175,-0.0041520014051124035,4.3081908155020325e-05,16.205599050813703,0.025,0.0,-0.03,0.0,1.0,0.0,0.015
12,0.3999921961500329,54,0.04310842041691243,0.0,-0.029739953429237166,0.0002600465707628327,0.014739953429237167,29.479906858474333,-0.0035690315353601072,0.00012541098983294364,17.687944115084598,0.025,0.0,-0.03,0.0,1.0,0.0,0.015
12,0.3999921961500329,55,0.04294729034398656,0.0,-0.030975763880782343,0.0009757638807823439,0.014024236119217656,28.048472238435313,0.004188211405880621,0.00044570781003049347,16.829083343061185,0.025,0.0,-0.03,0.0,1.0,0.0,0.015
12,0.3999921961500329,56,0.042791053048893024,0.0,-0.03221228818184178,0.0022122881818417844,0.012787711818158215,25.57542363631643,0.003359021793277665,0.0005980480283163332,15.345254181789857,0.025,0.0,-0.03,0.0,1.0,0.0,0.015
12,0.3999921961500329,57,0.042641379825959516,0.0,-0.033449701974528206,0.0034497019745282076,0.011550298025471792,23.100596050943583,0.00428092984122797,0.0009514717250834612,13.86035763056615,0.025,0.0,-0.03,0.0,1.0,0.0,0.015
12,0.3999921961500329,58,0.04250033886903135,0.0,-0.03468815337004524,0.004688153370045238,0.010311846629954761,20.623693259909523,0.0031639427307264606,0.0010918192841538877,12.374215955945713,0.025,0.0,-0.03,0.0,1.0,0.0,0.015
12,0.3999921961500329,59,0.04236999713435767,0.0,-0.035927752487658726,0.005927752487658727,0.009072247512341272,18.144495024682545,0.00431505529134889,0.0014556127904393602,10.886697014809526,0.025,0.0,-0.03,0.0,1.0,0.0,0.015
12,0.3999921961500329,60,0.042252156029768416,0.0,-0.037168576800443935,0.007168576800443936,0.007831423199556063,15.662846399112127,0.003098035436606387,0.0016068854312168025,9.397707839467275,0.025,0.0,-0.03,0.0,1.0,0.0,0.015
12,0.3999921961500329,61,0.042148596290195496,0.0,-0.03841064278532617,0.008410642785326168,0.006589357214673831,13.178714429347663,0.004196028478854865,0.0019435607372597797,7.907228657608597,0.025,0.0,-0.03,0.0,1.0,0.0,0.015
12,0.3999921961500329,62,0.042061072675036885,0.0,-0.03965391019614339,0.009653910196143388,0.0053460898038566115,10.692179607713223,0.003239341684529386,0.0021227437543995444,6.415307764627934,0.025,0.0,-0.03,0.0,1.0,0.0,0.015
12,0.3999921961500329,63,0.04199131005513591,0.0,-0.04089826348457171,0.010898263484571714,0.004101736515428285,8.20347303085657,0.003886570306923909,0.0025218328577415344,4.922083818513942,0.025,0.0,-0.03,0.0,1.0,0.0,0.015
12,0.3999921961500329,64,0.04093625380540893,0.0,-0.041556871940037085,0.011556871940037086,0.0034431280599629133,6.886256119925827,0.003272059473321207,0.002337797380521422,4.131753671955496,0.025,0.0,-0.03,0.0,1.0,0.0,0.015
12,0.3999921961500329,65,0.03987421474867737,0.0,-0.042204125623461486,0.012204125623461487,0.0027958743765385125,5.591748753077025,0.003315029651588479,0.0028861328844918804,3.3550492518462147,0.025,0.0,-0.03,0.0,1.0,0.0,0.015
12,0.3999921961500329,66,0.0388047509572146,0.0,-0.0428389990609424,0.0128389990609424,0.0021610009390575988,4.322001878115198,0.002868572382554379,0.002649435061983199,2.5932011268691184,0.025,0.0,-0.03,0.0,1.0,0.0,0.015
12,0.3999921961500329,67,0.037727478019876325,0.0,-0.04346049350605824,0.013460493506058241,0.0015395064939417585,3.079012987883517,0.0027995621843657707,0.0030563065324063676,1.84740779273011,0.025,0.0,-0.03,0.0,1.0,0.0,0.015
12,0.3999921961500329,68,0.03664207631888736,0.0,-0.044067638443023596,0.014067638443023597,0.0009323615569764021,1.8647231139528042,0.0024900447472516333,0.00304352800928839,1.1188338683716825,0.025,0.0,-0.03,0.0,1.0,0.0,0.015
12,0.3999921961500329,69,0.035548247948821075,0.0,-0.04465945785748528,0.014659457857485278,0.0003405421425147215,0.681084285029443,0.0022552900219755707,0.0031608730073999,0.4086505710176658,0.025,0.0,-0.03,0.0,1.0,0.0,0.015
13,0.43332487916253565,0,0.0,0.0,-0.01563694055735431,0.014363059442645688,0.000636940557354311,1.273881114708622,0.0,0.0,0.7643286688251731,0.025,0.0,-0.03,0.0,1.0,0.0,0.015
13,0.43332487916253565,42,0.04179075546325782,0.0,-0.01552374290602038,0.014476257093979619,0.0005237429060203809,1.0474858120407617,-0.0026790038039936487,0.0005460527180262585,0.628491487224457,0.025,0.0,-0.03,0.0,1.0,0.0,0.015
13,0.43332487916253565,43,0.042288934597312956,0.0,-0.016666368159857472,0.013333631840142527,0.0016663681598574724,3.332736319714945,-0.005198575986406424,0.0016772924652593269,1.9996417918289668,0.025,0.0,-0.03,0.0,1.0,0.0,0.015
13,0.43332487916253565,44,0.042788265291818305,0.0,-0.017808497536830614,0.012191502463169385,0.0028084975368306148,5.616995073661229,-0.0030803367479026985,0.0007379211342503788,3.3701970441967375,0.025,0.0,-0.03,0.0,1.0,0.0,0.015
13,0.43332487916253565,45,0.04329009579900707,0.0,-0.018949517096146708,0.011050482903853291,0.003949517096146708,7.899034192293416,-0.0047044565158507945,0.0014736894810352136,4.739420515376049,0.025,0.0,-0.03,0.0,1.0,0.0,0.015
13,0.43332487916253565,46,0.043795777464722914,0.0,-0.0200888333080137,0.009911166691986297,0.005088833308013702,10.177666616027405,-0.0036254491262778295,0.0009910267685163516,6.106599969616443,0.025,0.0,-0.03,0.0,1.0,0.0,0.015
13,0.43332487916253565,47,0.04430126902972716,0.0,-0.02122730635805664,0.008772693641943358,0.006227306358056642,12.454612716113283,-0.004112468294941112,0.0012458123594266044,7.4727676296679695,0.025,0.0,-0.03,0.0,1.0,0.0,0.015
13,0.43332487916253565,48,0.044138250639959395,0.0,-0.02246283868803255,0.007537161311967449,0.0074628386880325505,14.925677376065101,-0.004203558039002475,0.0009469257299442959,8.95540642563906,0.025,0.0,-0.03,0.0,1.0,0.0,0.015
13,0.43332487916253565,49,0.043969941787327486,0.0,-0.023697665556267112,0.006302334443732887,0.008697665556267112,17.395331112534226,-0.003488095107752193,0.0008496650556250027,10.437198667520535,0.025,0.0,-0.03,0.0,1.0,0.0,0.015
13,0.43332487916253565,50,0.04379784542787713,0.0,-0.024931982202411544,0.005068017797588455,0.009931982202411545,19.86396440482309,-0.00466521781533181,0.0004919423599851216,11.918378642893854,0.025,0.0,-0.03,0.0,1.0,0.0,0.015
13,0.43332487916253565,51,0.04362347305335799,0.0,-0.026165976754890224,0.003834023245109775,0.011165976754890224,22.331953509780448,-0.0029896469165874968,0.0005108591432778909,13.399172105868269,0.025,0.0,-0.03,0.0,1.0,0.0,0.015
13,0.43332487916253565,52,0.04344833659500304,0.0,-0.02739987086876732,0.0026001291312326806,0.012399870868767319,24.79974173753464,-0.004969365914845034,4.0099966497772375e-05,14.879845042520783,0.025,0.0,-0.03,0.0,1.0,0.0,0.015
13,0.43332487916253565,53,0.04327395273731427,0.0,-0.028633862360672432,0.0013661376393275665,0.013633862360672433,27.267724721344866,-0.002665924184915527,0.00013684593088411515,16.36063483280692,0.025,0.0,-0.03,0.0,1.0,0.0,0.015
13,0.43332487916253565,54,0.04310183319234873,0.0,-0.029868174686350675,0.00013182531364932387,0.014868174686350676,29.73634937270135,-0.005084501248215438,0.00039207434546853563,17.84180962362081,0.025,0.0,-0.03,0.0,1.0,0.0,0.015
13,0.43332487916253565,55,0.04293321905041372,0.0,-0.031103006510536546,0.0011030065105365472,0.013896993489463452,27.793986978926906,0.002533534228944274,0.0002805270980155808,16.676392187356143,0.025,0.0,-0.03,0.0,1.0,0.0,0.015
13,0.43332487916253565,56,0.0427693612268771,0.0,-0.032338573436543186,0.002338573436543187,0.012661426563456812,25.322853126913625,0.005054771176644903,0.0008089385319168085,15.193711876148175,0.025,0.0,-0.03,0.0,1.0,0.0,0.015
13,0.43332487916253565,57,0.042611949597766714,0.0,-0.03357504747358103,0.0035750474735810334,0.011424952526418966,22.849905052837933,0.0024577866308153917,0.0007268694362151937,13.709943031702759,0.025,0.0,-0.03,0.0,1.0,0.0,0.015
13,0.43332487916253565,58,0.042463091562341244,0.0,-0.034812611241350176,0.004812611241350177,0.010187388758649822,20.374777517299645,0.004894195724712581,0.0012201241754883647,12.224866510379787,0.025,0.0,-0.03,0.0,1.0,0.0,0.015
13,0.43332487916253565,59,0.04232489878708813,0.0,-0.03605138191771399,0.00605138191771399,0.00894861808228601,17.89723616457202,0.0026750143394870447,0.0012178020698239084,10.738341698743213,0.025,0.0,-0.03,0.0,1.0,0.0,0.015
13,0.43332487916253565,60,0.042199197689710255,0.0,-0.03729145984788604,0.007291459847886039,0.00770854015211396,15.41708030422792,0.004518271255899706,0.0016132584504802005,9.250248182536751,0.025,0.0,-0.03,0.0,1.0,0.0,0.015
13,0.43332487916253565,61,0.042087796023337024,0.0,-0.03853286973605231,0.008532869736052308,0.006467130263947692,12.934260527895383,0.0030096766502705663,0.0017125022410524702,7.76055631673723,0.025,0.0,-0.03,0.0,1.0,0.0,0.015
13,0.43332487916253565,62,0.04199247532926626,0.0,-0.039775586765728385,0.009775586765728386,0.005224413234271613,10.448826468543226,0.004074882427917492,0.00201667578692533,6.269295881125935,0.025,0.0,-0.03,0.0,1.0,0.0,0.015
13,0.43332487916253565,63,0.04191498834124089,0.0,-0.04101950483045166,0.011019504830451658,0.003980495169548341,7.960990339096682,0.003410386964017503,0.0021269745081317994,4.776594203458009,0.025,0.0,-0.03,0.0,1.0,0.0,0.015
13,0.43332487916253565,64,0.04085519298548726,0.0,-0.0416704972881344,0.0116704972881344,0.0033295027118655993,6.659005423731198,0.00347524265645735,0.0024539135353566577,3.9954032542387186,0.025,0.0,-0.03,0.0,1.0,0.0,0.015
13,0.43332487916253565,65,0.039788491931900684,0.0,-0.042310075952217106,0.012310075952217107,0.002689924047782892,5.379848095565784,0.0031113612313002454,0.002407479550108152,3.2279088573394703,0.025,0.0,-0.03,0.0,1.0,0.0,0.015
13,0.43332487916253565,66,0.03871445144759158,0.0,-0.042937215210295324,0.012937215210295325,0.0020627847897046747,4.125569579409349,0.0029471737472881133,0.0026669192145670735,2.4753417476456097,0.025,0.0,-0.03,0.0,1.0,0.0,0.015
13,0.43332487916253565,67,0.037632697381292234,0.0,-0.043550915069822664,0.013550915069822665,0.0014490849301773343,2.8981698603546686,0.0026819443592970026,0.0027560944811289303,1.7389019162128012,0.025,0.0,-0.03,0.0,1.0,0.0,0.015
13,0.43332487916253565,68,0.03654291635213852,0.0,-0.04415020622424963,0.014150206224249631,0.0008497937757503682,1.6995875515007364,0.002427582056390488,0.0028602346938722653,1.0197525309004418,0.025,0.0,-0.03,0.0,1.0,0.0,0.015
13,0.43332487916253565,69,0.035444823288672274,0.0,-0.04473411321658483,0.014734113216584833,0.00026588678341516597,0.531773566830332,0.002238678107960775,0.0030905616867158013,0.31906414009819917,0.025,0.0,-0.03,0.0,1.0,0.0,0.015
14,0.4666575621750384,0,0.0,0.0,-0.01563694055735431,0.014363059442645688,0.000636940557354311,1.273881114708622,0.0,0.0,0.7643286688251731,0.025,0.0,-0.03,0.0,1.0,0.0,0.015
14,0.4666575621750384,42,0.04182706891758545,0.0,-0.015656545021940298,0.014343454978059701,0.0006565450219402982,1.3130900438805964,-0.0046870651096610795,0.0013745474087474958,0.7878540263283578,0.025,0.0,-0.03,0.0,1.0,0.0,0.015
14,0.4666575621750384,43,0.04232535955939517,0.0,-0.016799155970005235,0.013200844029994763,0.001799155970005236,3.598311940010472,-0.0032485948899852904,0.0007331559099480968,2.158987164006283,0.025,0.0,-0.03,0.0,1.0,0.0,0.015
14,0.4666575621750384,44,0.04282478257039793,0.0,-0.017941257582571295,0.012058742417428703,0.002941257582571296,5.882515165142592,-0.0045499351822126085,0.0013152868245515032,3.529509099085555,0.025,0.0,-0.03,0.0,1.0,0.0,0.015
14,0.4666575621750384,45,0.04332669561299121,0.0,-0.019082272779506658,0.010917727220493341,0.0040822727795066585,8.164545559013318,-0.0034221275380582074,0.0008087615536542942,4.89872733540799,0.025,0.0,-0.03,0.0,1.0,0.0,0.015
14,0.4666575621750384,46,0.04383243091475564,0.0,-0.020221580753439113,0.009778419246560886,0.005221580753439113,10.443161506878226,-0.004353757577386193,0.0012178319219970858,6.265896904126936,0.025,0.0,-0.03,0.0,1.0,0.0,0.015
14,0.4666575621750384,47,0.044337951575286784,0.0,-0.02136007205553231,0.00863992794446769,0.006360072055532309,12.720144111064618,-0.0036201522412898455,0.0009741373323565796,7.63208646663877,0.025,0.0,-0.03,0.0,1.0,0.0,0.015
14,0.4666575621750384,48,0.04416871398205237,0.0,-0.022594786147652163,0.0074052138523478354,0.007594786147652164,15.189572295304329,-0.004171062813970075,0.0008360175919656786,9.113743377182598,0.025,0.0,-0.03,0.0,1.0,0.0,0.015
14,0.4666575621750384,49,0.04399412302731133,0.0,-0.023828767638797866,0.006171232361202133,0.008828767638797867,17.657535277595734,-0.003701695228584772,0.0007001557371833843,10.59452116655744,0.025,0.0,-0.03,0.0,1.0,0.0,0.015
14,0.4666575621750384,50,0.04381567823379275,0.0,-0.02506220161066135,0.004937798389338648,0.010062201610661351,20.1244032213227,-0.003995906291814545,0.0004740442068972826,12.07464193279362,0.025,0.0,-0.03,0.0,1.0,0.0,0.015
14,0.4666575621750384,51,0.043634884500019414,0.0,-0.026295298463799997,0.0037047015362000023,0.011295298463799997,22.590596927599993,-0.00377130250169117,0.000314726801598819,13.554358156559996,0.025,0.0,-0.03,0.0,1.0,0.0,0.015
14,0.4666575621750384,52,0.0434532509880069,0.0,-0.027528273060348517,0.002471726939651482,0.012528273060348517,25.056546120697035,-0.00382654721574715,0.00011475293558826974,15.033927672418221,0.025,0.0,-0.03,0.0,1.0,0.0,0.015
14,0.4666575621750384,53,0.04327228823117474,0.0,-0.02876134317497948,0.0012386568250205184,0.013761343174979481,27.522686349958963,-0.0038207217135168762,7.893618553929098e-05,16.513611809975377,0.025,0.0,-0.03,0.0,1.0,0.0,0.015
14,0.4666575621750384,54,0.04309350499793265,0.0,-0.029994729212989183,5.2707870108158195e-06,0.014994729212989184,29.989458425978366,-0.0036841628450499362,0.00025764451720849024,17.99367505558702,0.025,0.0,-0.03,0.0,1.0,0.0,0.015
14,0.4666575621750384,55,0.042918114701547244,0.0,-0.031228642109254426,0.001228642109254427,0.013771357890745572,27.542715781491147,0.0038347995481495863,0.0004780358378656331,16.52562946889469,0.025,0.0,-0.03,0.0,1.0,0.0,0.015
14,0.4666575621750384,56,0.04274735164284156,0.0,-0.032463293551676195,0.002463293551676196,0.012536706448323803,25.073412896647607,0.0035813820063845007,0.0006496008483364409,15.044047737988564,0.025,0.0,-0.03,0.0,1.0,0.0,0.015
14,0.4666575621750384,57,0.04258292219386229,0.0,-0.033698875925234156,0.0036988759252341574,0.011301124074765842,22.602248149531682,0.0038088578769126333,0.0008840631889317155,13.561348889719008,0.025,0.0,-0.03,0.0,1.0,0.0,0.015
14,0.4666575621750384,58,0.04242697182237922,0.0,-0.034935583578145225,0.0049355835781452265,0.010064416421854773,20.128832843709546,0.003521439339685763,0.001060410067830678,12.077299706225727,0.025,0.0,-0.03,0.0,1.0,0.0,0.015
14,0.4666575621750384,59,0.04228164958125919,0.0,-0.03617355792070743,0.00617355792070743,0.00882644207929257,17.652884158585138,0.003750453002403828,0.0012946464724075367,10.591730495151083,0.025,0.0,-0.03,0.0,1.0,0.0,0.015
14,0.4666575621750384,60,0.042148805295998445,0.0,-0.03741290870454089,0.007412908704540894,0.007587091295459106,15.174182590918212,0.0034983875411675183,0.0014797324566487213,9.104509554550926,0.025,0.0,-0.03,0.0,1.0,0.0,0.015
14,0.4666575621750384,61,0.04203027003715862,0.0,-0.03865367617741969,0.008653676177419689,0.00634632382258031,12.692647645160621,0.0036771009062790782,0.001704793198787022,7.615588587096372,0.025,0.0,-0.03,0.0,1.0,0.0,0.015
14,0.4666575621750384,62,0.04192784960418807,0.0,-0.039895845357132864,0.009895845357132865,0.005104154642867134,10.208309285734268,0.0035016955175775507,0.0018966475361165084,6.12498557144056,0.025,0.0,-0.03,0.0,1.0,0.0,0.015
14,0.4666575621750384,63,0.04184332126087837,0.0,-0.04113932171015688,0.011139321710156878,0.003860678289843121,7.721356579686242,0.003602005013594992,0.0021346928933000716,4.632813947811745,0.025,0.0,-0.03,0.0,1.0,0.0,0.015
14,0.4666575621750384,64,0.04077877154722616,0.0,-0.04178253609438408,0.01178253609438408,0.0032174639056159193,6.434927811231839,0.0032902744488375927,0.0021978942136979132,3.860956686739103,0.025,0.0,-0.03,0.0,1.0,0.0,0.015
14,0.4666575621750384,65,0.03970739120123639,0.0,-0.042414272331556674,0.012414272331556675,0.0025857276684433245,5.171455336886649,0.0031263791737494973,0.002454035947727384,3.1028732021319896,0.025,0.0,-0.03,0.0,1.0,0.0,0.015
14,0.4666575621750384,66,0.03862875751602437,0.0,-0.043033505229211816,0.013033505229211817,0.0019664947707881825,3.932989541576365,0.0028109683089483136,0.0024528878226808314,2.359793724945819,0.025,0.0,-0.03,0.0,1.0,0.0,0.015
14,0.4666575621750384,67,0.037542505221095444,0.0,-0.0436392367617728,0.013639236761772804,0.0013607632382271959,2.721526476454392,0.002653625936221508,0.002734689528685659,1.6329158858726351,0.025,0.0,-0.03,0.0,1.0,0.0,0.015
14,0.4666575621750384,68,0.03644833187166526,0.0,-0.04423049865758958,0.014230498657589581,0.0007695013424104183,1.5390026848208365,0.0023340126970747116,0.0027174480919360576,0.9234016108925018,0.025,0.0,-0.03,0.0,1.0,0.0,0.015
14,0.4666575621750384,69,0.03534596443201434,0.0,-0.04480632347088872,0.01480632347088872,0.00019367652911127936,0.3873530582225587,0.002161546574275683,0.002979884984129015,0.23241183493353523,0.025,0.0,-0.03,0.0,1.0,0.0,0.015
15,0.49999024518754115,0,0.0,0.0,-0.01563694055735431,0.014363059442645688,0.000636940557354311,1.273881114708622,0.0,0.0,0.7643286688251731,0.025,0.0,-0.03,0.0,1.0,0.0,0.015
15,0.49999024518754115,42,0.04186049481934319,0.0,-0.015786193227619715,0.014213806772380284,0.0007861932276197157,1.5723864552394315,-0.0038734749980682123,0.0009836530170104782,0.9434318731436588,0.025,0.0,-0.03,0.0,1.0,0.0,0.015
15,0.49999024518754115,43,0.04235876119196878,0.0,-0.016928837484632423,0.013071162515367576,0.0019288374846324237,3.8576749692648473,-0.0038535672445062764,0.0009716461639397705,2.3146049815589085,0.025,0.0,-0.03,0.0,1.0,0.0,0.015
15,0.49999024518754115,44,0.04285814703201405,0.0,-0.0180709775257731,0.011929022474226898,0.003070977525773101,6.141955051546202,-0.003786815450593459,0.0009392426801408799,3.685173030927721,0.025,0.0,-0.03,0.0,1.0,0.0,0.015
15,0.49999024518754115,45,0.04336000444297612,0.0,-0.019212039246305414,0.010787960753694585,0.004212039246305414,8.424078492610828,-0.003951404731795387,0.0010084487709646497,5.054447095566497,0.025,0.0,-0.03,0.0,1.0,0.0,0.015
15,0.49999024518754115,46,0.04386566046663037,0.0,-0.0203514055407186,0.009648594459281398,0.005351405540718602,10.702811081437204,-0.0036929637792274678,0.0008970290748130264,6.421686648862322,0.025,0.0,-0.03,0.0,1.0,0.0,0.015
15,0.49999024518754115,47,0.04437107278037326,0.0,-0.021489968532686882,0.008510031467313117,0.006489968532686883,12.979937065373766,-0.004078585815944761,0.0009723842129617591,7.787962239224259,0.025,0.0,-0.03,0.0,1.0,0.0,0.015
15,0.49999024518754115,48,0.04419596306420034,0.0,-0.022723887012922522,0.0072761129870774766,0.007723887012922523,15.447774025845046,-0.0035063970214775195,0.0008211591098563959,9.268664415507027,0.025,0.0,-0.03,0.0,1.0,0.0,0.015
15,0.49999024518754115,49,0.044015442278083475,0.0,-0.023957035073981503,0.006042964926018496,0.008957035073981504,17.914070147963006,-0.004212559255002665,0.0005503004507581678,10.748442088777804,0.025,0.0,-0.03,0.0,1.0,0.0,0.015
15,0.49999024518754115,50,0.04383100406894605,0.0,-0.025189611949794306,0.0048103880502056925,0.010189611949794307,20.379223899588613,-0.00328897101709201,0.0005010445605657025,12.227534339753168,0.025,0.0,-0.03,0.0,1.0,0.0,0.015
15,0.49999024518754115,51,0.043644149817453584,0.0,-0.026421824207634028,0.003578175792365971,0.011421824207634029,22.843648415268056,-0.0043013624349545415,0.00017468794392451708,13.706189049160834,0.025,0.0,-0.03,0.0,1.0,0.0,0.015
15,0.49999024518754115,52,0.04345638201832079,0.0,-0.02765390571264768,0.002346094287352319,0.01265390571264768,25.307811425295363,-0.0031252978843874057,0.00015947205731986684,15.184686855177217,0.025,0.0,-0.03,0.0,1.0,0.0,0.015
15,0.49999024518754115,53,0.04326920845745017,0.0,-0.028886066893373603,0.0011139331066263962,0.013886066893373603,27.772133786747208,-0.004325968973693836,0.000198228112795398,16.663280272048326,0.025,0.0,-0.03,0.0,1.0,0.0,0.015
15,0.49999024518754115,54,0.043084130923633744,0.0,-0.030118551390104404,0.0001185513901044051,0.014881448609895594,29.76289721979119,0.003025582539681452,0.00020220998153248497,17.857738331874714,0.025,0.0,-0.03,0.0,1.0,0.0,0.015
15,0.49999024518754115,55,0.0429023390200724,0.0,-0.03135155482343636,0.0013515548234363586,0.01364844517656364,27.29689035312728,0.004319064805975824,0.0005735113432171583,16.378134211876368,0.025,0.0,-0.03,0.0,1.0,0.0,0.015
15,0.49999024518754115,56,0.04272504707944351,0.0,-0.03258531085814968,0.0025853108581496836,0.012414689141850316,24.82937828370063,0.0029276063780013894,0.0005833425921577864,14.897626970220378,0.025,0.0,-0.03,0.0,1.0,0.0,0.015
15,0.49999024518754115,57,0.04255398138541979,0.0,-0.033820005174008363,0.0038200051740083646,0.011179994825991635,22.35998965198327,0.004266454138191791,0.0009512968388107001,13.415993791189962,0.025,0.0,-0.03,0.0,1.0,0.0,0.015
15,0.49999024518754115,58,0.042391320396988265,0.0,-0.03505586971013185,0.005055869710131854,0.009944130289868146,19.88826057973629,0.0029410763883638436,0.000992356955437892,11.932956347841774,0.025,0.0,-0.03,0.0,1.0,0.0,0.015
15,0.49999024518754115,59,0.042239250833317435,0.0,-0.036293045393502144,0.006293045393502145,0.008706954606497855,17.41390921299571,0.004091006069428011,0.0013230060360276345,10.448345527797425,0.025,0.0,-0.03,0.0,1.0,0.0,0.015
15,0.49999024518754115,60,0.042099642078513716,0.0,-0.03753167258817119,0.0075316725881711885,0.007468327411828811,14.936654823657621,0.0030519091909089317,0.0014162541017246056,8.961992894194573,0.025,0.0,-0.03,0.0,1.0,0.0,0.015
15,0.49999024518754115,61,0.041974348942364834,0.0,-0.038771788362764764,0.008771788362764765,0.006228211637235234,12.456423274470469,0.003866517190302937,0.0016934252025546743,7.473853964682281,0.025,0.0,-0.03,0.0,1.0,0.0,0.015
15,0.49999024518754115,62,0.04186519859125912,0.0,-0.0400134020162146,0.010013402016214604,0.004986597983785396,9.973195967570792,0.003220155288135018,0.0018331520744412088,5.983917580542475,0.025,0.0,-0.03,0.0,1.0,0.0,0.015
15,0.49999024518754115,63,0.0417739924907097,0.0,-0.04125641949954444,0.011256419499544444,0.0037435805004555553,7.487161000911111,0.0036109361504264143,0.002120020466732977,4.492296600546666,0.025,0.0,-0.03,0.0,1.0,0.0,0.015
15,0.49999024518754115,64,0.0407047959402194,0.0,-0.041891903623083745,0.011891903623083747,0.003108096376916253,6.216192753832505,0.0031612006183117133,0.0020805475909891117,3.729715652299503,0.025,0.0,-0.03,0.0,1.0,0.0,0.015
15,0.49999024518754115,65,0.03962884386243307,0.0,-0.042515843139033054,0.012515843139033055,0.002484156860966945,4.96831372193389,0.0030712562064285306,0.002442895299455495,2.9809882331603337,0.025,0.0,-0.03,0.0,1.0,0.0,0.015
15,0.49999024518754115,66,0.03854572195226537,0.0,-0.043127216143551146,0.013127216143551147,0.0018727838564488522,3.7455677128977043,0.002709592851582603,0.0023496334408727526,2.2473406277386223,0.025,0.0,-0.03,0.0,1.0,0.0,0.015
15,0.49999024518754115,67,0.03745507677500121,0.0,-0.0437250256211264,0.013725025621126402,0.0012749743788735973,2.5499487577471944,0.002586809474801746,0.0026873191836637254,1.5299692546483166,0.025,0.0,-0.03,0.0,1.0,0.0,0.015
15,0.49999024518754115,68,0.03635661470955019,0.0,-0.044308306309246565,0.014308306309246566,0.0006916936907534338,1.3833873815068676,0.002255832955400953,0.002636527253284485,0.8300324289041205,0.025,0.0,-0.03,0.0,1.0,0.0,0.015
15,0.49999024518754115,69,0.03525007752238477,0.0,-0.044876099598110494,0.014876099598110495,0.00012390040188950402,0.24780080377900804,0.002084682131822597,0.0028931461134819544,0.14868048226740482,0.025,0.0,-0.03,0.0,1.0,0.0,0.015
16,0.5333229282000439,0,0.0,0.0,-0.01563694055735431,0.014363059442645688,0.000636940557354311,1.273881114708622,0.0,0.0,0.7643286688251731,0.025,0.0,-0.03,0.0,1.0,0.0,0.015
16,0.5333229282000439,42,0.04189393514105896,0.0,-0.015912545505081095,0.014087454494918904,0.0009125455050810957,1.8250910101621916,-0.0039080604600021515,0.0011058822616996109,1.095054606097315,0.025,0.0,-0.03,0.0,1.0,0.0,0.015
16,0.5333229282000439,43,0.04239229374425356,0.0,-0.017055163128801357,0.012944836871198642,0.002055163128801357,4.110326257602715,-0.003540581916906273,0.0009500590246966805,2.4661957545616287,0.025,0.0,-0.03,0.0,1.0,0.0,0.015
16,0.5333229282000439,44,0.0428917657812732,0.0,-0.018197294259284246,0.011802705740715753,0.0031972942592842467,6.394588518568494,-0.003876674965718009,0.0011077308143356338,3.836753111141096,0.025,0.0,-0.03,0.0,1.0,0.0,0.015
16,0.5333229282000439,45,0.04339368758085765,0.0,-0.01933834463412592,0.01066165536587408,0.004338344634125919,8.676689268251838,-0.0035751590568488018,0.0009794965147565222,5.206013560951103,0.025,0.0,-0.03,0.0,1.0,0.0,0.015
16,0.5333229282000439,46,0.04389938816962034,0.0,-0.020477716461683636,0.009522283538316363,0.005477716461683636,10.955432923367272,-0.0038245282461257823,0.0010951184370660858,6.573259754020364,0.025,0.0,-0.03,0.0,1.0,0.0,0.015
16,0.5333229282000439,47,0.04440481529367938,0.0,-0.02161629604472139,0.008383703955278609,0.0066162960447213905,13.23259208944278,-0.0036221652120652934,0.001034723172441299,7.939555253665668,0.025,0.0,-0.03,0.0,1.0,0.0,0.015
16,0.5333229282000439,48,0.044223880589205594,0.0,-0.02284939423299381,0.007150605767006189,0.00784939423299381,15.698788465987622,-0.0037550776131697198,0.0008681712054491236,9.419273079592573,0.025,0.0,-0.03,0.0,1.0,0.0,0.015
16,0.5333229282000439,49,0.044037474806247756,0.0,-0.024081690914757262,0.0059183090852427366,0.009081690914757263,18.163381829514528,-0.0036080235164935672,0.0007031462421416519,10.898029097708717,0.025,0.0,-0.03,0.0,1.0,0.0,0.015
16,0.5333229282000439,50,0.043847088021928354,0.0,-0.025313379930968122,0.004686620069031876,0.010313379930968123,20.626759861936247,-0.0036622044343085076,0.0005112576803718694,12.376055917161748,0.025,0.0,-0.03,0.0,1.0,0.0,0.015
16,0.5333229282000439,51,0.04365421349476275,0.0,-0.02654469229988086,0.0034553077001191375,0.011544692299880862,23.089384599761726,-0.0035955300236092825,0.0003338304190522422,13.853630759857035,0.025,0.0,-0.03,0.0,1.0,0.0,0.015
16,0.5333229282000439,52,0.04346035188144706,0.0,-0.02777584390917931,0.002224156090820689,0.01277584390917931,25.55168781835862,-0.0035605657372284826,0.00015007954490703853,15.331012691015172,0.025,0.0,-0.03,0.0,1.0,0.0,0.015
16,0.5333229282000439,53,0.04326700128594258,0.0,-0.02900708177574138,0.0009929182242586175,0.014007081775741382,28.014163551482763,-0.0035840833234602933,4.5229190737560454e-05,16.808498130889657,0.025,0.0,-0.03,0.0,1.0,0.0,0.015
16,0.5333229282000439,54,0.043075648666606986,0.0,-0.030238623751638678,0.0002386237516386787,0.01476137624836132,29.522752496722642,0.00345800728363899,0.00022158619641688893,17.713651498033585,0.025,0.0,-0.03,0.0,1.0,0.0,0.015
16,0.5333229282000439,55,0.04288746028368839,0.0,-0.03147070474061925,0.0014707047406192497,0.01352929525938075,27.0585905187615,0.0035641931085669144,0.0004353666163595038,16.2351543112569,0.025,0.0,-0.03,0.0,1.0,0.0,0.015
16,0.5333229282000439,56,0.042703662710199236,0.0,-0.03270352221692222,0.002703522216922223,0.012296477783077776,24.592955566155553,0.0033651980081150306,0.0006088079584584917,14.75577333969333,0.025,0.0,-0.03,0.0,1.0,0.0,0.015
16,0.5333229282000439,57,0.042525995436511414,0.0,-0.03393731404976379,0.0039373140497637946,0.011062685950236205,22.12537190047241,0.0035503384519049203,0.0008376977324961448,13.275223140283446,0.025,0.0,-0.03,0.0,1.0,0.0,0.015
16,0.5333229282000439,58,0.04235667271154301,0.0,-0.0351722912198896,0.005172291219889602,0.009827708780110397,19.655417560220794,0.0032848007237601946,0.0010084994935025944,11.793250536132476,0.025,0.0,-0.03,0.0,1.0,0.0,0.015
16,0.5333229282000439,59,0.042197906324220505,0.0,-0.03640865179605296,0.006408651796052961,0.008591348203947038,17.182696407894078,0.0034942135354504517,0.0012388243293608612,10.309617844736445,0.025,0.0,-0.03,0.0,1.0,0.0,0.015
16,0.5333229282000439,60,0.04205159044483965,0.0,-0.03764651378937614,0.0076465137893761415,0.007353486210623858,14.706972421247716,0.003254241609093299,0.0014180572718594197,8.82418345274863,0.025,0.0,-0.03,0.0,1.0,0.0,0.015
16,0.5333229282000439,61,0.041919597839394786,0.0,-0.03888595750906007,0.008885957509060072,0.006114042490939928,12.228084981879855,0.0034177159735914757,0.001638328977556034,7.336850989127912,0.025,0.0,-0.03,0.0,1.0,0.0,0.015
16,0.5333229282000439,62,0.04180377991721835,0.0,-0.04012697826620918,0.010126978266209181,0.004873021733790818,9.746043467581636,0.0032590322660168004,0.0018269721674849357,5.847626080548982,0.025,0.0,-0.03,0.0,1.0,0.0,0.015
16,0.5333229282000439,63,0.041705958391346734,0.0,-0.04136951117052947,0.011369511170529471,0.003630488829470528,7.260977658941056,0.0033301654168603175,0.0020418526991367067,4.356586595364633,0.025,0.0,-0.03,0.0,1.0,0.0,0.015
16,0.5333229282000439,64,0.04063231141800377,0.0,-0.04199746732535961,0.011997467325359612,0.0030025326746403874,6.005065349280775,0.003072518665745123,0.0021473798837612205,3.6030392095684647,0.025,0.0,-0.03,0.0,1.0,0.0,0.015
16,0.5333229282000439,65,0.03955197953203301,0.0,-0.042613819040034466,0.012613819040034467,0.0023861809599655323,4.772361919931065,0.002864524260455337,0.002293588312003958,2.8634171519586387,0.025,0.0,-0.03,0.0,1.0,0.0,0.015
16,0.5333229282000439,66,0.03846456263485015,0.0,-0.04321754217345166,0.013217542173451662,0.001782457826548338,3.564915653096676,0.0026391826336869457,0.002414349434489532,2.1389493918580054,0.025,0.0,-0.03,0.0,1.0,0.0,0.015
16,0.5333229282000439,67,0.037369713229935694,0.0,-0.04380764348894835,0.013807643488948348,0.001192356511051651,2.384713022103302,0.0024062652664838227,0.0025199705189523267,1.4308278132619812,0.025,0.0,-0.03,0.0,1.0,0.0,0.015
16,0.5333229282000439,68,0.036267149321808044,0.0,-0.04438315848536933,0.014383158485369328,0.0006168415146306713,1.2336830292613428,0.0021985726142577516,0.0026754934910257866,0.7402098175568056,0.025,0.0,-0.03,0.0,1.0,0.0,0.015
16,0.5333229282000439,69,0.03515662529440807,0.0,-0.04494313716886714,0.014943137168867138,5.6862831132861724e-05,0.11372566226572345,0.0019419424577609653,0.002733302073097112,0.06823539735943407,0.025,0.0,-0.03,0.0,1.0,0.0,0.015
17,0.5666556112125466,0,0.0,0.0,-0.01563694055735431,0.014363059442645688,0.000636940557354311,1.273881114708622,0.0,0.0,0.7643286688251731,0.025,0.0,-0.03,0.0,1.0,0.0,0.015
17,0.5666556112125466,42,0.04192726521720206,0.0,-0.01603391313701143,0.013966086862988569,0.0010339131370114309,2.067826274022862,-0.0037060611974584576,0.0010379742451974818,1.240695764413717,0.025,0.0,-0.03,0.0,1.0,0.0,0.015
17,0.5666556112125466,43,0.04242586868488455,0.0,-0.01717644689988863,0.012823553100111369,0.002176446899888631,4.352893799777262,-0.0034321961825951896,0.0009244627796792965,2.6117362798663573,0.025,0.0,-0.03,0.0,1.0,0.0,0.015
17,0.5666556112125466,44,0.04292557469983597,0.0,-0.018318495290167224,0.011681504709832775,0.0033184952901672247,6.63699058033445,-0.003669375486111407,0.0010389353383951489,3.98219434820067,0.025,0.0,-0.03,0.0,1.0,0.0,0.015
17,0.5666556112125466,45,0.04342771630607919,0.0,-0.019459471289265323,0.010540528710734676,0.004459471289265323,8.918942578530647,-0.003470922269614983,0.0009575441839294523,5.351365547118388,0.025,0.0,-0.03,0.0,1.0,0.0,0.015
17,0.5666556112125466,46,0.04393361539159041,0.0,-0.020598775606387103,0.009401224393612895,0.005598775606387104,11.197551212774208,-0.0036100655050753604,0.0010271693404739794,6.7185307276645245,0.025,0.0,-0.03,0.0,1.0,0.0,0.015
17,0.5666556112125466,47,0.04443921481351554,0.0,-0.02173730231572319,0.008262697684276808,0.006737302315723191,13.474604631446383,-0.0035323723553056232,0.0009978776699471207,8.084762778867828,0.025,0.0,-0.03,0.0,1.0,0.0,0.015
17,0.5666556112125466,48,0.04425246021199473,0.0,-0.022969553424640823,0.007030446575359176,0.007969553424640823,15.939106849281647,-0.0035095196929119847,0.0008401444955954677,9.563464109568988,0.025,0.0,-0.03,0.0,1.0,0.0,0.015
17,0.5666556112125466,49,0.044060174493767146,0.0,-0.024200966478756216,0.005799033521243783,0.009200966478756217,18.401932957512432,-0.003557930061398858,0.000653422191822092,11.04115977450746,0.025,0.0,-0.03,0.0,1.0,0.0,0.015
17,0.5666556112125466,50,0.04386384244895667,0.0,-0.025431743708663954,0.004568256291336045,0.010431743708663954,20.86348741732791,-0.003375812057340449,0.0005017964677816682,12.518092450396745,0.025,0.0,-0.03,0.0,1.0,0.0,0.015
17,0.5666556112125466,51,0.04366495293235828,0.0,-0.026662118550550725,0.003337881449449274,0.011662118550550726,23.324237101101453,-0.0035832345194941103,0.0002878434703481812,13.994542260660872,0.025,0.0,-0.03,0.0,1.0,0.0,0.015
17,0.5666556112125466,52,0.043465000999587014,0.0,-0.027892318437603196,0.002107681562396803,0.012892318437603197,25.78463687520639,-0.0032404972864476626,0.00015658251164507437,15.470782125123835,0.025,0.0,-0.03,0.0,1.0,0.0,0.015
17,0.5666556112125466,53,0.04326548080334337,0.0,-0.02912259115967058,0.0008774088403294203,0.01412259115967058,28.245182319341158,-0.0035984843910372797,8.49938036875853e-05,16.947109391604695,0.025,0.0,-0.03,0.0,1.0,0.0,0.015
17,0.5666556112125466,54,0.04306785536619064,0.0,-0.030353169859477013,0.00035316985947701426,0.014646830140522985,29.29366028104597,0.003119319783694826,0.00020171088247398106,17.576196168627582,0.025,0.0,-0.03,0.0,1.0,0.0,0.015
17,0.5666556112125466,55,0.042873277745146265,0.0,-0.03158428463924423,0.0015842846392442322,0.013415715360755767,26.831430721511534,0.003586958698749505,0.0004645919134335964,16.09885843290692,0.025,0.0,-0.03,0.0,1.0,0.0,0.015
17,0.5666556112125466,56,0.042682987299129435,0.0,-0.0328161434957395,0.002816143495739498,0.012183856504260501,24.367713008521,0.003027519297336947,0.0005795788528612605,14.6206278051126,0.025,0.0,-0.03,0.0,1.0,0.0,0.015
17,0.5666556112125466,57,0.042498742494052645,0.0,-0.03404898935137553,0.004048989351375529,0.01095101064862447,21.902021297248943,0.003560746011739649,0.0008517700624580187,13.141212778349365,0.025,0.0,-0.03,0.0,1.0,0.0,0.015
17,0.5666556112125466,58,0.04232278530558921,0.0,-0.03528305937251353,0.005283059372513534,0.009716940627486466,19.43388125497293,0.002967693372890891,0.0009729116647563347,11.660328752983759,0.025,0.0,-0.03,0.0,1.0,0.0,0.015
17,0.5666556112125466,59,0.04215735648993388,0.0,-0.036518563059103164,0.006518563059103165,0.008481436940896835,16.96287388179367,0.0034745408981111886,0.0012355530164363806,10.1777243290762,0.025,0.0,-0.03,0.0,1.0,0.0,0.015
17,0.5666556112125466,60,0.042004369757506856,0.0,-0.03775563797296981,0.007755637972969812,0.007244362027030188,14.488724054060375,0.0029741702429843062,0.0013781509288855443,8.693234432436224,0.025,0.0,-0.03,0.0,1.0,0.0,0.015
17,0.5666556112125466,61,0.041865719262825674,0.0,-0.038994371235125315,0.008994371235125316,0.006005628764874683,12.011257529749367,0.003351682104647469,0.0016161738396156422,7.206754517849619,0.025,0.0,-0.03,0.0,1.0,0.0,0.015
17,0.5666556112125466,62,0.041743277319929224,0.0,-0.0402347741032716,0.010234774103271602,0.004765225896728398,9.530451793456795,0.003030338113229245,0.0017817473040600406,5.7182710760740765,0.025,0.0,-0.03,0.0,1.0,0.0,0.015
17,0.5666556112125466,63,0.04163888789410765,0.0,-0.041476788603300944,0.011476788603300946,0.003523211396699054,7.046422793398108,0.0032043818797854377,0.002015137033307624,4.2278536760388645,0.025,0.0,-0.03,0.0,1.0,0.0,0.015
17,0.5666556112125466,64,0.040561082289946135,0.0,-0.042097606273417756,0.012097606273417758,0.002902393726582242,5.804787453164484,0.0029027009424921406,0.002068877961391141,3.4828724718986903,0.025,0.0,-0.03,0.0,1.0,0.0,0.015
17,0.5666556112125466,65,0.03947666268090233,0.0,-0.04270676306007469,0.012706763060074691,0.0022932369399253083,4.586473879850617,0.0027383470961160417,0.002261996553913441,2.75188432791037,0.025,0.0,-0.03,0.0,1.0,0.0,0.015
17,0.5666556112125466,66,0.03838523705530996,0.0,-0.04330323604860825,0.013303236048608252,0.001696763951391747,3.393527902783494,0.002494716940978717,0.002322345315902691,2.0361167416700963,0.025,0.0,-0.03,0.0,1.0,0.0,0.015
17,0.5666556112125466,67,0.037286467268027625,0.0,-0.04388603250347586,0.013886032503475858,0.0011139674965241417,2.2279349930482835,0.002297571311892268,0.002467906472058335,1.3367609958289701,0.025,0.0,-0.03,0.0,1.0,0.0,0.015
17,0.5666556112125466,68,0.03618007898316499,0.0,-0.04445418958388233,0.01445418958388233,0.0005458104161176688,1.0916208322353378,0.002079850053110482,0.0025757565515180606,0.6549724993412026,0.025,0.0,-0.03,0.0,1.0,0.0,0.015
18,0.5999882942250494,0,0.0,0.0,-0.01563694055735431,0.014363059442645688,0.000636940557354311,1.273881114708622,0.0,0.0,0.7643286688251731,0.025,0.0,-0.03,0.0,1.0,0.0,0.015
18,0.5999882942250494,41,0.041459747344711445,0.0,-0.015007919508827171,0.014992080491172828,7.919508827171698e-06,0.015839017654343396,-0.0038818768417705715,0.0011178325845374935,0.009503410592606037,0.025,0.0,-0.03,0.0,1.0,0.0,0.015
18,0.5999882942250494,42,0.041958829658555616,0.0,-0.016150262780984765,0.013849737219015234,0.0011502627809847656,2.3005255619695313,-0.0030318520204078406,0.0007464887149275253,1.3803153371817187,0.025,0.0,-0.03,0.0,1.0,0.0,0.015
18,0.5999882942250494,43,0.04245767653517013,0.0,-0.017292712230929465,0.012707287769070534,0.0022927122309294654,4.58542446185893,-0.0037176228976833693,0.0010603948023186465,2.7512546771153583,0.025,0.0,-0.03,0.0,1.0,0.0,0.015
18,0.5999882942250494,44,0.04295761585544799,0.0,-0.018434677390043865,0.011565322609956134,0.003434677390043866,6.869354780087732,-0.003204287050054467,0.0008389063846331769,4.1216128680526385,0.025,0.0,-0.03,0.0,1.0,0.0,0.015
18,0.5999882942250494,45,0.04345997742490732,0.0,-0.019575577931907406,0.010424422068092593,0.004575577931907406,9.151155863814813,-0.0035242767072438553,0.0009901090187370498,5.490693518288888,0.025,0.0,-0.03,0.0,1.0,0.0,0.015
18,0.5999882942250494,46,0.04396607634833849,0.0,-0.020714813221740392,0.009285186778259607,0.0057148132217403926,11.429626443480785,-0.0033956485626170543,0.0009329121418143372,6.857775866088471,0.025,0.0,-0.03,0.0,1.0,0.0,0.015
18,0.5999882942250494,47,0.04447185071397518,0.0,-0.02185328502538261,0.00814671497461739,0.00685328502538261,13.706570050765219,-0.003309165773905028,0.0009576389420218428,8.223942030459131,0.025,0.0,-0.03,0.0,1.0,0.0,0.015
18,0.5999882942250494,48,0.04427947862708212,0.0,-0.023084691396370767,0.006915308603629232,0.008084691396370768,16.169382792741533,-0.003602892538246202,0.0007521568954638471,9.70162967564492,0.025,0.0,-0.03,0.0,1.0,0.0,0.015
18,0.5999882942250494,49,0.044081517468930236,0.0,-0.024315224452295357,0.005684775547704642,0.009315224452295358,18.630448904590715,-0.0030241795424218385,0.0006689329737458679,11.178269342754428,0.025,0.0,-0.03,0.0,1.0,0.0,0.015
18,0.5999882942250494,50,0.04387944708515702,0.0,-0.025545092966853325,0.004454907033146674,0.010545092966853326,21.09018593370665,-0.003760357337315837,0.00038135210613806806,12.65411156022399,0.025,0.0,-0.03,0.0,1.0,0.0,0.015
18,0.5999882942250494,51,0.043674751760379306,0.0,-0.026774534704454876,0.0032254652955451234,0.011774534704454876,23.54906940890975,-0.0027881967379704475,0.000359824442910425,14.129441645345851,0.025,0.0,-0.03,0.0,1.0,0.0,0.015
18,0.5999882942250494,52,0.04346892145965031,0.0,-0.028003785686594,0.0019962143134059987,0.013003785686594,26.007571373188,-0.003850272493783389,1.3897578897711617e-05,15.6045428239128,0.025,0.0,-0.03,0.0,1.0,0.0,0.015
18,0.5999882942250494,53,0.043263446070525784,0.0,-0.029233097292714404,0.0007669027072855945,0.014233097292714405,28.46619458542881,-0.0026238026989337526,2.9568779414512805e-05,17.079716751257283,0.025,0.0,-0.03,0.0,1.0,0.0,0.015
18,0.5999882942250494,54,0.04305976605208053,0.0,-0.03046271401586337,0.0004627140158633726,0.014537285984136627,29.074571968273254,0.003857609401671569,0.0003470184445338566,17.44474318096395,0.025,0.0,-0.03,0.0,1.0,0.0,0.015
18,0.5999882942250494,55,0.04285902120088394,0.0,-0.03169286454864833,0.0016928645486483304,0.013307135451351669,26.61427090270334,0.0025591320160913487,0.00033304707184113807,15.968562541622003,0.025,0.0,-0.03,0.0,1.0,0.0,0.015
18,0.5999882942250494,56,0.042662463165938504,0.0,-0.032923764106464325,0.0029237641064643258,0.012076235893535674,24.15247178707135,0.003769223859692508,0.000702418874078297,14.491483072242808,0.025,0.0,-0.03,0.0,1.0,0.0,0.015
18,0.5999882942250494,57,0.04247186796671371,0.0,-0.03415566378197982,0.004155663781979818,0.010844336218020181,21.688672436040363,0.0025388325611244694,0.0007165717828194737,13.013203461624217,0.025,0.0,-0.03,0.0,1.0,0.0,0.015
18,0.5999882942250494,58,0.04228950492213628,0.0,-0.035388822956607724,0.005388822956607725,0.009611177043392274,19.22235408678455,0.0036437178825786455,0.0010599661911446672,11.53341245207073,0.025,0.0,-0.03,0.0,1.0,0.0,0.015
18,0.5999882942250494,59,0.04211764263127475,0.0,-0.03662346569076532,0.006623465690765322,0.008376534309234678,16.753068618469356,0.00260064673052667,0.0011177650881960836,10.051841171081614,0.025,0.0,-0.03,0.0,1.0,0.0,0.015
18,0.5999882942250494,60,0.04195821404362934,0.0,-0.037859745686076696,0.007859745686076697,0.007140254313923303,14.280508627846606,0.0034520072975149528,0.0014119203513994348,8.568305176707963,0.025,0.0,-0.03,0.0,1.0,0.0,0.015
18,0.5999882942250494,61,0.04181313377576901,0.0,-0.039097759351177326,0.009097759351177327,0.005902240648822672,11.804481297645344,0.0027201367609767254,0.0015232015121444452,7.082688778587206,0.025,0.0,-0.03,0.0,1.0,0.0,0.015
18,0.5999882942250494,62,0.04168429454928488,0.0,-0.0403375316706967,0.010337531670696704,0.004662468329303296,9.324936658606592,0.003227582418632635,0.0017667745791696465,5.594961995163955,0.025,0.0,-0.03,0.0,1.0,0.0,0.015
18,0.5999882942250494,63,0.04157356182360942,0.0,-0.0415790128553788,0.011579012855378802,0.0034209871446211973,6.841974289242395,0.00288515693398238,0.0018828292433466574,4.105184573545436,0.025,0.0,-0.03,0.0,1.0,0.0,0.015
18,0.5999882942250494,64,0.04049183372642298,0.0,-0.042192997425181414,0.012192997425181415,0.0028070025748185845,5.614005149637169,0.0028439097049941515,0.002117429389126499,3.3684030897823014,0.025,0.0,-0.03,0.0,1.0,0.0,0.015
18,0.5999882942250494,65,0.03940356018303347,0.0,-0.04279526819685889,0.012795268196858889,0.0022047318031411106,4.4094636062822214,0.0025562740193830337,0.002090748906933843,2.645678163769333,0.025,0.0,-0.03,0.0,1.0,0.0,0.015
18,0.5999882942250494,66,0.03830835620473248,0.0,-0.04338480359698646,0.013384803596986461,0.0016151964030135385,3.2303928060270772,0.0024175235042969783,0.002321709935066712,1.9382356836162462,0.025,0.0,-0.03,0.0,1.0,0.0,0.015
18,0.5999882942250494,67,0.037205893367517444,0.0,-0.04396061080305096,0.013960610803050964,0.0010393891969490351,2.0787783938980704,0.0021629317115980933,0.0023349509794833422,1.2472670363388423,0.025,0.0,-0.03,0.0,1.0,0.0,0.015
18,0.5999882942250494,68,0.0360959032653256,0.0,-0.04452172908503871,0.01452172908503871,0.00047827091496129015,0.9565418299225803,0.001988484256673628,0.0025043328330443715,0.5739250979535482,0.025,0.0,-0.03,0.0,1.0,0.0,0.015
19,0.6333209772375521,0,0.0,0.0,-0.01563694055735431,0.014363059442645688,0.000636940557354311,1.273881114708622,0.0,0.0,0.7643286688251731,0.025,0.0,-0.03,0.0,1.0,0.0,0.015
19,0.6333209772375521,41,0.0414892204123993,0.0,-0.01511961870271372,0.014880381297286279,0.0001196187027137207,0.2392374054274414,-0.0033660861890100623,0.0008944988964478532,0.14354244325646484,0.025,0.0,-0.03,0.0,1.0,0.0,0.015
19,0.6333209772375521,42,0.04198852639063791,0.0,-0.016261883889276095,0.013738116110723904,0.0012618838892760956,2.523767778552191,-0.0032234148864978616,0.0008381002744617623,1.5142606671313146,0.025,0.0,-0.03,0.0,1.0,0.0,0.015
19,0.6333209772375521,43,0.042487593121458084,0.0,-0.017404256273311675,0.012595743726688324,0.002404256273311676,4.808512546623351,-0.003306444486295665,0.0008821739459845262,2.885107527974011,0.025,0.0,-0.03,0.0,1.0,0.0,0.015
19,0.6333209772375521,44,0.04298774402965784,0.0,-0.018546148840354094,0.011453851159645905,0.0035461488403540943,7.092297680708189,-0.0032749103891449387,0.0008750889479817986,4.2553786084249134,0.025,0.0,-0.03,0.0,1.0,0.0,0.015
19,0.6333209772375521,45,0.0434903029054989,0.0,-0.019686981167734707,0.010313018832265292,0.004686981167734708,9.373962335469416,-0.003248924245964597,0.0008698262527220908,5.62437740128165,0.025,0.0,-0.03,0.0,1.0,0.0,0.015
19,0.6333209772375521,46,0.043996581056935394,0.0,-0.020826157397223436,0.009173842602776563,0.005826157397223437,11.652314794446873,-0.003321968242530869,0.0009051891433937133,6.991388876668124,0.025,0.0,-0.03,0.0,1.0,0.0,0.015
19,0.6333209772375521,47,0.04450250987945267,0.0,-0.021964580991803883,0.008035419008196116,0.0069645809918038835,13.929161983607766,-0.0031910873510442635,0.0008851488535164832,8.35749719016466,0.025,0.0,-0.03,0.0,1.0,0.0,0.015
19,0.6333209772375521,48,0.04430475157466683,0.0,-0.02319515403549228,0.0068048459645077206,0.008195154035492279,16.390308070984556,-0.003362353261933407,0.0007159619512180664,9.834184842590734,0.025,0.0,-0.03,0.0,1.0,0.0,0.015
19,0.6333209772375521,49,0.04410134905471331,0.0,-0.024424816578071464,0.005575183421928535,0.009424816578071465,18.84963315614293,-0.003071709324621609,0.0005958847111856743,11.309779893685757,0.025,0.0,-0.03,0.0,1.0,0.0,0.015
19,0.6333209772375521,50,0.04389377662089758,0.0,-0.025653789553312042,0.004346210446687957,0.010653789553312042,21.307579106624086,-0.0033685955549621963,0.0003826787075989139,12.784547463974452,0.025,0.0,-0.03,0.0,1.0,0.0,0.015
19,0.6333209772375521,51,0.04368351508317658,0.0,-0.02688230840338232,0.0031176915966176777,0.011882308403382322,23.764616806764643,-0.002972271160414351,0.00027934644365241166,14.258770084058785,0.025,0.0,-0.03,0.0,1.0,0.0,0.015
19,0.6333209772375521,52,0.04347204827660525,0.0,-0.028110624140779368,0.0018893758592206308,0.013110624140779369,26.221248281558736,-0.003344017346895855,4.8412248655644594e-05,15.73274896893524,0.025,0.0,-0.03,0.0,1.0,0.0,0.015
19,0.6333209772375521,53,0.04326086307496208,0.0,-0.02933898444345085,0.000661015556549148,0.014338984443450851,28.677968886901702,-0.00290022943089356,5.0658364799495565e-05,17.20678133214102,0.025,0.0,-0.03,0.0,1.0,0.0,0.015
19,0.6333209772375521,54,0.04305137686171903,0.0,-0.030567651673358457,0.0005676516733584581,0.014432348326641541,28.864696653283083,0.00328798411705806,0.0002886695736059206,17.318817991969848,0.025,0.0,-0.03,0.0,1.0,0.0,0.015
19,0.6333209772375521,55,0.042844717776909624,0.0,-0.031796845898190366,0.0017968458981903676,0.013203154101809632,26.406308203619265,0.0028617052254929203,0.0003993161783734364,15.843784922171558,0.025,0.0,-0.03,0.0,1.0,0.0,0.015
19,0.6333209772375521,56,0.04264214799993954,0.0,-0.03302679631080444,0.003026796310804443,0.011973203689195556,23.946407378391115,0.00320688040207101,0.0006334520478931566,14.367844427034669,0.025,0.0,-0.03,0.0,1.0,0.0,0.015
19,0.6333209772375521,57,0.04244546137135041,0.0,-0.03425775523023333,0.004257755230233334,0.010742244769766665,21.48448953953333,0.002819856865737568,0.0007584496352284487,12.890693723719998,0.025,0.0,-0.03,0.0,1.0,0.0,0.015
19,0.6333209772375521,58,0.04225695243762384,0.0,-0.0354900104464818,0.0054900104464817995,0.0095099895535182,19.0199791070364,0.003125889181513406,0.0009868306620712194,11.41198746422184,0.025,0.0,-0.03,0.0,1.0,0.0,0.015
19,0.6333209772375521,59,0.04207891754428339,0.0,-0.03672379362007313,0.0067237936200731305,0.008276206379926869,16.552412759853738,0.002811999542515736,0.001129183180557367,9.931447655912242,0.025,0.0,-0.03,0.0,1.0,0.0,0.015
19,0.6333209772375521,60,0.04191330723519293,0.0,-0.03795928013162691,0.00795928013162691,0.0070407198683730896,14.081439736746178,0.0030270960771522407,0.0013405303905041222,8.448863842047707,0.025,0.0,-0.03,0.0,1.0,0.0,0.015
19,0.6333209772375521,61,0.04176205640836627,0.0,-0.039196570500591076,0.009196570500591077,0.005803429499408923,11.606858998817845,0.0028190270450505948,0.0015005046821380777,6.964115399290707,0.025,0.0,-0.03,0.0,1.0,0.0,0.015
19,0.6333209772375521,62,0.04162707689607875,0.0,-0.04043570703709634,0.010435707037096342,0.004564292962903657,9.128585925807315,0.002931719442113515,0.001694726799098917,5.477151555484388,0.025,0.0,-0.03,0.0,1.0,0.0,0.015
19,0.6333209772375521,63,0.041510255094007804,0.0,-0.04167664529107084,0.01167664529107084,0.003323354708929159,6.646709417858318,0.00283964847651605,0.001860666982735707,3.9880256507149907,0.025,0.0,-0.03,0.0,1.0,0.0,0.015
19,0.6333209772375521,64,0.04042480987680281,0.0,-0.04228406103735397,0.012284061037353973,0.0027159389626460265,5.431877925292053,0.00267600057777304,0.001984766443324111,3.2591267551752314,0.025,0.0,-0.03,0.0,1.0,0.0,0.015
19,0.6333209772375521,65,0.039332885184094085,0.0,-0.04287971275603323,0.01287971275603323,0.002120287243966769,4.240574487933538,0.0024740693037207137,0.0020816376771191506,2.5443446927601223,0.025,0.0,-0.03,0.0,1.0,0.0,0.015
19,0.6333209772375521,66,0.038234103263248276,0.0,-0.04346258000807532,0.01346258000807532,0.0015374199919246795,3.074839983849359,0.0022766816293440005,0.0021836325061491677,1.8449039903096154,0.025,0.0,-0.03,0.0,1.0,0.0,0.015
19,0.6333209772375521,67,0.03712814388360298,0.0,-0.04403167049952184,0.014031670499521844,0.0009683295004781559,1.9366590009563116,0.0020861963597210713,0.0022999568165249906,1.161995400573787,0.025,0.0,-0.03,0.0,1.0,0.0,0.015
19,0.6333209772375521,68,0.0360147458982608,0.0,-0.04458602471328097,0.014586024713280972,0.00041397528671902745,0.8279505734380549,0.0018754369888260604,0.0023752206649462686,0.49677034406283294,0.025,0.0,-0.03,0.0,1.0,0.0,0.015
20,0.6666536602500549,0,0.0,0.0,-0.01563694055735431,0.014363059442645688,0.000636940557354311,1.273881114708622,0.0,0.0,0.7643286688251731,0.025,0.0,-0.03,0.0,1.0,0.0,0.015
20,0.6666536602500549,41,0.04151691177087976,0.0,-0.015226798213825487,0.014773201786174512,0.0002267982138254871,0.4535964276509742,-0.0033001308219095947,0.000872156938391963,0.2721578565905845,0.025,0.0,-0.03,0.0,1.0,0.0,0.015
20,0.6666536602500549,42,0.04201641282144116,0.0,-0.016368993543168137,0.013631006456831862,0.0013689935431681378,2.737987086336276,-0.003017469657082721,0.0007525391347034219,1.6427922518017655,0.025,0.0,-0.03,0.0,1.0,0.0,0.015
20,0.6666536602500549,43,0.04251567324624551,0.0,-0.017511302669399688,0.012488697330600311,0.0025113026693996884,5.0226053387993765,-0.0032515376237261325,0.0008628542819897976,3.013563203279626,0.025,0.0,-0.03,0.0,1.0,0.0,0.015
20,0.6666536602500549,44,0.04301600744110303,0.0,-0.018653131248587806,0.011346868751412192,0.003653131248587807,7.306262497175614,-0.003066399925087575,0.0007862028723808186,4.383757498305368,0.025,0.0,-0.03,0.0,1.0,0.0,0.015
20,0.6666536602500549,45,0.04351873781854587,0.0,-0.01979390856352007,0.010206091436479929,0.00479390856352007,9.587817127040141,-0.003190529141900204,0.0008472833009835055,5.752690276224085,0.025,0.0,-0.03,0.0,1.0,0.0,0.015
20,0.6666536602500549,46,0.04402516815124054,0.0,-0.020933034590158838,0.00906696540984116,0.005933034590158839,11.866069180317677,-0.0031247833376050636,0.0008211558897729918,7.119641508190606,0.025,0.0,-0.03,0.0,1.0,0.0,0.015
20,0.6666536602500549,47,0.04453122676978636,0.0,-0.02207142203312883,0.007928577966871169,0.00707142203312883,14.14284406625766,-0.0031221656795105785,0.0008374636625694324,8.485706439754596,0.025,0.0,-0.03,0.0,1.0,0.0,0.015
20,0.6666536602500549,48,0.044328314515377984,0.0,-0.02330117342362519,0.0066988265763748105,0.008301173423625189,16.602346847250377,-0.0031707328027583857,0.0006736180754393001,9.961408108350225,0.025,0.0,-0.03,0.0,1.0,0.0,0.015
20,0.6666536602500549,49,0.04411970533662382,0.0,-0.02452998142701152,0.00547001857298848,0.00952998142701152,19.05996285402304,-0.003002551572142816,0.0005437252489371885,11.435977712413825,0.025,0.0,-0.03,0.0,1.0,0.0,0.015
20,0.6666536602500549,50,0.043906868741421363,0.0,-0.02575807221423428,0.004241927785765719,0.01075807221423428,21.51614442846856,-0.003181541517597602,0.000355504517549096,12.909686657081137,0.025,0.0,-0.03,0.0,1.0,0.0,0.015
20,0.6666536602500549,51,0.043691281148512284,0.0,-0.026985685261264294,0.003014314738735705,0.011985685261264294,23.971370522528588,-0.0028963357688034214,0.00024251734408060684,14.382822313517153,0.025,0.0,-0.03,0.0,1.0,0.0,0.015
20,0.6666536602500549,52,0.0434744213510995,0.0,-0.028213079646025277,0.001786920353974722,0.013213079646025278,26.426159292050556,-0.0031691716415572957,3.358701016898464e-05,15.855695575230333,0.025,0.0,-0.03,0.0,1.0,0.0,0.015
20,0.6666536602500549,53,0.043257772275080986,0.0,-0.02944050548456145,0.0005594945154385501,0.01444050548456145,28.881010969122897,-0.0028116682468565884,7.046990141374258e-05,17.32860658147374,0.025,0.0,-0.03,0.0,1.0,0.0,0.015
20,0.6666536602500549,54,0.043042729805989784,0.0,-0.030668236262268483,0.0006682362622684838,0.014331763737731516,28.66352747546303,0.003128768652534651,0.0002911176778440871,17.19811648527782,0.025,0.0,-0.03,0.0,1.0,0.0,0.015
20,0.6666536602500549,55,0.04283040997682388,0.0,-0.031896489061001114,0.001896489061001115,0.013103510938998884,26.207021877997768,0.0027705683922734452,0.00040359786060776973,15.72421312679866,0.025,0.0,-0.03,0.0,1.0,0.0,0.015
20,0.6666536602500549,56,0.04262208575733978,0.0,-0.033125501493703934,0.0031255014937039347,0.011874498506296065,23.74899701259213,0.0030441984688671297,0.0006205897455005396,14.249398207555279,0.025,0.0,-0.03,0.0,1.0,0.0,0.015
20,0.6666536602500549,57,0.042419567355466536,0.0,-0.034355532020342756,0.0043555320203427575,0.010644467979657242,21.288935959314482,0.0027268445496651797,0.0007465347859243207,12.77336157558869,0.025,0.0,-0.03,0.0,1.0,0.0,0.015
20,0.6666536602500549,58,0.04222517412535605,0.0,-0.03558689129613606,0.005586891296136064,0.009413108703863936,18.82621740772787,0.0029732881579786602,0.0009602116084120314,11.295730444636723,0.025,0.0,-0.03,0.0,1.0,0.0,0.015
20,0.6666536602500549,59,0.04204122839091736,0.0,-0.03681982279588894,0.006819822795888941,0.008180177204111058,16.360354408222115,0.002707694738130924,0.001100037000892132,9.816212644933268,0.025,0.0,-0.03,0.0,1.0,0.0,0.015
20,0.6666536602500549,60,0.04186969794452047,0.0,-0.03805451915158888,0.008054519151588883,0.006945480848411116,13.890961696822233,0.002885162076894366,0.0012998725364622838,8.33457701809334,0.025,0.0,-0.03,0.0,1.0,0.0,0.015
20,0.6666536602500549,61,0.04171253675191652,0.0,-0.03929108806200163,0.009291088062001629,0.0057089119379983705,11.41782387599674,0.002706347212212822,0.0014548392148054806,6.850694325598044,0.025,0.0,-0.03,0.0,1.0,0.0,0.015
20,0.6666536602500549,62,0.041571675148304545,0.0,-0.04052958629200876,0.010529586292008758,0.0044704137079912415,8.940827415982483,0.0027970453972589347,0.0016391293158815835,5.364496449589489,0.025,0.0,-0.03,0.0,1.0,0.0,0.015
20,0.6666536602500549,63,0.041449019426278134,0.0,-0.04176997633415102,0.01176997633415102,0.0032300236658489787,6.460047331697957,0.0027204652588444784,0.001802712002723413,3.8760283990187743,0.025,0.0,-0.03,0.0,1.0,0.0,0.015
20,0.6666536602500549,64,0.040360045376506594,0.0,-0.04237106860466437,0.012371068604664373,0.0026289313953356264,5.257862790671252,0.0025526798073463716,0.0019089654491791109,3.154717674402751,0.025,0.0,-0.03,0.0,1.0,0.0,0.015
20,0.6666536602500549,65,0.03926465549336093,0.0,-0.04296034903315277,0.012960349033152768,0.0020396509668472312,4.079301933694462,0.0023689062863917853,0.002019869230408579,2.4475811602166773,0.025,0.0,-0.03,0.0,1.0,0.0,0.015
20,0.6666536602500549,66,0.03816247880277224,0.0,-0.04353679833702045,0.013536798337020449,0.0014632016629795505,2.926403325959101,0.0021662701629887805,0.0020922821212142335,1.7558419955754607,0.025,0.0,-0.03,0.0,1.0,0.0,0.015
20,0.6666536602500549,67,0.037053203315314344,0.0,-0.044099424616186315,0.014099424616186317,0.0009005753838136829,1.801150767627366,0.0019969874660655668,0.002231224693521978,1.0806904605764196,0.025,0.0,-0.03,0.0,1.0,0.0,0.015
20,0.6666536602500549,68,0.03593657420204267,0.0,-0.04464726989627665,0.014647269896276655,0.0003527301037233449,0.7054602074466898,0.0017794497773612637,0.0022715076712890793,0.4232761244680139,0.025,0.0,-0.03,0.0,1.0,0.0,0.015
21,0.6999863432625576,0,0.0,0.0,-0.01563694055735431,0.014363059442645688,0.000636940557354311,1.273881114708622,0.0,0.0,0.7643286688251731,0.025,0.0,-0.03,0.0,1.0,0.0,0.015
21,0.6999863432625576,41,0.041542922142612695,0.0,-0.015329646791378817,0.014670353208621182,0.0003296467913788178,0.6592935827576356,-0.0028566971096308526,0.0006819785819921594,0.3955761496545814,0.025,0.0,-0.03,0.0,1.0,0.0,0.015
21,0.6999863432625576,42,0.04204259372233855,0.0,-0.016471788126306838,0.013528211873693161,0.0014717881263068382,2.9435762526136764,-0.0031642908000170684,0.0008250490994260035,1.7661457515682057,0.025,0.0,-0.03,0.0,1.0,0.0,0.015
21,0.6999863432625576,43,0.0425420190506804,0.0,-0.017614040524592842,0.012385959475407157,0.002614040524592843,5.228081049185686,-0.002902104521811523,0.0007130265159774322,3.1368486295114115,0.025,0.0,-0.03,0.0,1.0,0.0,0.015
21,0.6999863432625576,44,0.0430425115421231,0.0,-0.018755819779480213,0.011244180220519786,0.0037558197794802135,7.511639558960427,-0.003106589863304959,0.0008096412608449038,4.506983735376256,0.025,0.0,-0.03,0.0,1.0,0.0,0.015
21,0.6999863432625576,45,0.0435453857373311,0.0,-0.019896549843627383,0.010103450156372616,0.004896549843627383,9.793099687254767,-0.0029590292461266323,0.0007475943938383191,5.87585981235286,0.025,0.0,-0.03,0.0,1.0,0.0,0.015
21,0.6999863432625576,46,0.04405194352239883,0.0,-0.021035638610328016,0.008964361389671983,0.006035638610328017,12.071277220656034,-0.003041633661395211,0.0007900062288533517,7.24276633239362,0.025,0.0,-0.03,0.0,1.0,0.0,0.015
21,0.6999863432625576,47,0.04455810659662162,0.0,-0.02217399858386657,0.007826001416133429,0.0071739985838665705,14.34799716773314,-0.003024819804690428,0.0007741600136341189,8.608798300639885,0.025,0.0,-0.03,0.0,1.0,0.0,0.015
21,0.6999863432625576,48,0.044350265389936715,0.0,-0.023402944174366613,0.0065970558256333856,0.008402944174366614,16.805888348733227,-0.0029443941070811364,0.0006437959718294412,10.083533009239936,0.025,0.0,-0.03,0.0,1.0,0.0,0.015
21,0.6999863432625576,49,0.044136676955107444,0.0,-0.02463091354931136,0.005369086450688638,0.009630913549311362,19.261827098622724,-0.003048267961406888,0.0004755130562390801,11.557096259173635,0.025,0.0,-0.03,0.0,1.0,0.0,0.015
21,0.6999863432625576,50,0.04391880629303504,0.0,-0.025858138536484013,0.004141861463515986,0.010858138536484013,21.716277072968026,-0.002826153453358224,0.0003612748481317097,13.029766243780815,0.025,0.0,-0.03,0.0,1.0,0.0,0.015
21,0.6999863432625576,51,0.0436981252048239,0.0,-0.027084863985802423,0.002915136014197576,0.012084863985802424,24.169727971604846,-0.0030579450752655554,0.00016761577850762688,14.501836782962908,0.025,0.0,-0.03,0.0,1.0,0.0,0.015
21,0.6999863432625576,52,0.04347610814292048,0.0,-0.028311352980508245,0.0016886470194917534,0.013311352980508246,26.622705961016493,-0.0027185526682303542,7.007649452936146e-05,15.973623576609896,0.025,0.0,-0.03,0.0,1.0,0.0,0.015
21,0.6999863432625576,53,0.043254233207083714,0.0,-0.02953786342563476,0.0004621365743652378,0.014537863425634762,29.075726851269522,-0.003049427069825279,0.00014460155152041872,17.44543611076171,0.025,0.0,-0.03,0.0,1.0,0.0,0.015
21,0.6999863432625576,54,0.04303387660489147,0.0,-0.030764672148983523,0.0007646721489835244,0.014235327851016475,28.47065570203295,0.0026282702283221193,0.0002331644684600472,17.08239342121977,0.025,0.0,-0.03,0.0,1.0,0.0,0.015
21,0.6999863432625576,55,0.04281614127778694,0.0,-0.031992001544812396,0.0019920015448123968,0.013007998455187603,26.015996910375204,0.0030237231441425723,0.00046338843401569916,15.609598146225121,0.025,0.0,-0.03,0.0,1.0,0.0,0.015
21,0.6999863432625576,56,0.042602312004437766,0.0,-0.03322008830780173,0.0032200883078017314,0.011779911692198268,23.559823384396537,0.00255345536959682,0.0005525620114398165,14.135894030637923,0.025,0.0,-0.03,0.0,1.0,0.0,0.015
21,0.6999863432625576,57,0.04239421317010198,0.0,-0.03444920629548841,0.004449206295488409,0.01055079370451159,21.101587409023182,0.002972913079207188,0.0007862408601944686,12.660952445413908,0.025,0.0,-0.03,0.0,1.0,0.0,0.015
21,0.6999863432625576,58,0.042194189314520895,0.0,-0.03567967894359216,0.005679678943592163,0.009320321056407836,18.640642112815673,0.002514149395831723,0.0008867085768244066,11.184385267689404,0.025,0.0,-0.03,0.0,1.0,0.0,0.015
21,0.6999863432625576,59,0.04200458623981155,0.0,-0.036911770352451814,0.006911770352451815,0.008088229647548184,16.176459295096368,0.002889983288730646,0.0011099639272197667,9.705875577057821,0.025,0.0,-0.03,0.0,1.0,0.0,0.015
21,0.6999863432625576,60,0.04182738936863954,0.0,-0.038145681386188554,0.008145681386188555,0.006854318613811444,13.708637227622889,0.002510934889070664,0.001228726458234062,8.225182336573733,0.025,0.0,-0.03,0.0,1.0,0.0,0.015
21,0.6999863432625576,61,0.041664569910414756,0.0,-0.03938153433002602,0.009381534330026024,0.005618465669973975,11.236931339947951,0.0027872890275223838,0.0014317407054209564,6.7421588039687705,0.025,0.0,-0.03,0.0,1.0,0.0,0.015
21,0.6999863432625576,62,0.04151807664578102,0.0,-0.04061939367769652,0.010619393677696522,0.004380606322303478,8.761212644606955,0.0025392919640481577,0.0015689206425662536,5.256727586764173,0.025,0.0,-0.03,0.0,1.0,0.0,0.015
21,0.6999863432625576,63,0.04138983422745855,0.0,-0.041859233557957294,0.011859233557957295,0.0031407664420427042,6.281532884085409,0.0026721783601706835,0.00177274671921579,3.768919730451245,0.025,0.0,-0.03,0.0,1.0,0.0,0.015
21,0.6999863432625576,64,0.04029750771216905,0.0,-0.04245423595964659,0.012454235959646592,0.002545764040353407,5.091528080706814,0.0024106966601469336,0.0017967586382156243,3.0549168484240883,0.025,0.0,-0.03,0.0,1.0,0.0,0.015
21,0.6999863432625576,65,0.0391988259295224,0.0,-0.043037381544442414,0.013037381544442415,0.001962618455557584,3.925236911115168,0.0022850373928382677,0.0019893991253039636,2.3551421466691007,0.025,0.0,-0.03,0.0,1.0,0.0,0.015
21,0.6999863432625576,66,0.038093426103604555,0.0,-0.04360765105216077,0.013607651052160774,0.0013923489478392254,2.784697895678451,0.0020523313739863112,0.0019850175384465538,1.6708187374070704,0.025,0.0,-0.03,0.0,1.0,0.0,0.015
21,0.6999863432625576,67,0.036981002415464474,0.0,-0.044164053964897726,0.014164053964897727,0.0008359460351022724,1.6718920702045448,0.0019153584174193639,0.002170162207692263,1.0031352421227269,0.025,0.0,-0.03,0.0,1.0,0.0,0.015
21,0.6999863432625576,68,0.03586130769471809,0.0,-0.044705633059172724,0.014705633059172725,0.0002943669408272745,0.588733881654549,0.0016919927032456737,0.002178366639347669,0.3532403289927294,0.025,0.0,-0.03,0.0,1.0,0.0,0.015
22,0.7333190262750604,0,0.0,0.0,-0.01563694055735431,0.014363059442645688,0.000636940557354311,1.273881114708622,0.0,0.0,0.7643286688251731,0.025,0.0,-0.03,0.0,1.0,0.0,0.015
22,0.7333190262750604,41,0.041567520170297474,0.0,-0.015428532462188392,0.014571467537811607,0.0004285324621883923,0.8570649243767846,-0.002788855025113692,0.0006648363892201919,0.5142389546260707,0.025,0.0,-0.03,0.0,1.0,0.0,0.015
22,0.7333190262750604,42,0.042067347801796794,0.0,-0.016570622336452036,0.013429377663547962,0.001570622336452037,3.141244672904074,-0.003005517702706414,0.0007673450951501598,1.8847468037424444,0.025,0.0,-0.03,0.0,1.0,0.0,0.015
22,0.7333190262750604,43,0.04256692594225442,0.0,-0.01771282540497839,0.01228717459502161,0.0027128254049783897,5.425650809956779,-0.0028483744705502653,0.0007022212548659436,3.2553904859740674,0.025,0.0,-0.03,0.0,1.0,0.0,0.015
22,0.7333190262750604,44,0.04306756304843469,0.0,-0.01885455819231341,0.01114544180768659,0.0038545581923134092,7.709116384626818,-0.0029416502134190507,0.0007491076470948199,4.62546983077609,0.025,0.0,-0.03,0.0,1.0,0.0,0.015
22,0.7333190262750604,45,0.04357056964974675,0.0,-0.019995247428800402,0.010004752571199597,0.004995247428800403,9.990494857600805,-0.002903239703616348,0.0007361747115353136,5.994296914560483,0.025,0.0,-0.03,0.0,1.0,0.0,0.015
22,0.7333190262750604,46,0.04407724284583863,0.0,-0.021134301928306846,0.008865698071693153,0.006134301928306846,12.268603856613693,-0.0028858321306365407,0.0007346982388760535,7.361162313968215,0.025,0.0,-0.03,0.0,1.0,0.0,0.015
22,0.7333190262750604,47,0.0445835002890701,0.0,-0.022272639437916103,0.007727360562083896,0.007272639437916104,14.545278875832206,-0.0029570057501670907,0.0007454776794063131,8.727167325499323,0.025,0.0,-0.03,0.0,1.0,0.0,0.015
22,0.7333190262750604,48,0.04437091387954311,0.0,-0.023500789136427235,0.006499210863572764,0.008500789136427236,17.00157827285447,-0.002798013193505715,0.0006181798800279885,10.200946963712681,0.025,0.0,-0.03,0.0,1.0,0.0,0.015
22,0.7333190262750604,49,0.044152531819629956,0.0,-0.02472793210002,0.005272067899979999,0.00972793210002,19.45586420004,-0.0029728982728240553,0.00044314862210806464,11.673518520024,0.025,0.0,-0.03,0.0,1.0,0.0,0.015
22,0.7333190262750604,50,0.04392981485628095,0.0,-0.025954302816514795,0.004045697183485204,0.010954302816514796,21.90860563302959,-0.0026903419134863328,0.00034453217548294175,13.145163379817754,0.025,0.0,-0.03,0.0,1.0,0.0,0.015
22,0.7333190262750604,51,0.043704229837024995,0.0,-0.027180153393535515,0.0028198466064644837,0.012180153393535516,24.360306787071032,-0.0029695637603852965,0.00014595621446996824,14.616184072242618,0.025,0.0,-0.03,0.0,1.0,0.0,0.015
22,0.7333190262750604,52,0.04347724716307196,0.0,-0.028405749117064432,0.0015942508829355669,0.013405749117064433,26.811498234128866,-0.0025987495878998005,5.9900488463674605e-05,16.08689894047732,0.025,0.0,-0.03,0.0,1.0,0.0,0.015
22,0.7333190262750604,53,0.043250339916478656,0.0,-0.029631356393926986,0.00036864360607301305,0.014631356393926986,29.26271278785397,-0.002944688673316945,0.00015445419018993048,17.557627672712382,0.025,0.0,-0.03,0.0,1.0,0.0,0.015
22,0.7333190262750604,54,0.04302486524513892,0.0,-0.030857254507796764,0.0008572545077967647,0.014142745492203235,28.28549098440647,0.002525344673818945,0.0002369112689682294,16.97129459064388,0.025,0.0,-0.03,0.0,1.0,0.0,0.015
22,0.7333190262750604,55,0.04280191316590744,0.0,-0.03208367104327217,0.002083671043272173,0.012916328956727827,25.83265791345565,0.002909313506488735,0.0004622825409507414,15.49959474807339,0.025,0.0,-0.03,0.0,1.0,0.0,0.015
22,0.7333190262750604,56,0.04258277953894011,0.0,-0.03331084219143267,0.0033108421914326697,0.01168915780856733,23.37831561713466,0.0024524080198162278,0.0005470702112827892,14.026989370280797,0.025,0.0,-0.03,0.0,1.0,0.0,0.015
22,0.7333190262750604,57,0.04236930221929615,0.0,-0.03453905634022031,0.00453905634022031,0.01046094365977969,20.921887319559378,0.002861231626297874,0.0007764465716643418,12.553132391735627,0.025,0.0,-0.03,0.0,1.0,0.0,0.015
22,0.7333190262750604,58,0.042163850233574884,0.0,-0.03576864989901965,0.005768649899019651,0.009231350100980348,18.462700201960697,0.002414446779377467,0.0008717987436451038,11.077620121176418,0.025,0.0,-0.03,0.0,1.0,0.0,0.015
22,0.7333190262750604,59,0.0419687923908782,0.0,-0.03699990651565366,0.006999906515653659,0.00800009348434634,16.00018696869268,0.0027727741435349257,0.0010895841844610807,9.600112181215609,0.025,0.0,-0.03,0.0,1.0,0.0,0.015
22,0.7333190262750604,60,0.04178613114704808,0.0,-0.03823303580367112,0.008233035803671122,0.006766964196328877,13.533928392657755,0.0024140246606773165,0.001204831223502151,8.120357035594653,0.025,0.0,-0.03,0.0,1.0,0.0,0.015
22,0.7333190262750604,61,0.04161785450115845,0.0,-0.03946817362208788,0.009468173622087885,0.005531826377912115,11.06365275582423,0.002669843116795278,0.0014017788763513168,6.6381916534945375,0.025,0.0,-0.03,0.0,1.0,0.0,0.015
22,0.7333190262750604,62,0.04146592906014557,0.0,-0.04070539280056863,0.010705392800568633,0.004294607199431366,8.589214398862733,0.002439782750182947,0.0015357288946787173,5.153528639317639,0.025,0.0,-0.03,0.0,1.0,0.0,0.015
22,0.7333190262750604,63,0.04133229741654419,0.0,-0.04194467823610048,0.01194467823610048,0.0030553217638995198,6.11064352779904,0.0025588357617994744,0.001731054659109511,3.6663861166794236,0.025,0.0,-0.03,0.0,1.0,0.0,0.015
22,0.7333190262750604,64,0.040236785424785225,0.0,-0.04253382022741618,0.012533820227416184,0.0024661797725838153,4.93235954516763,0.002313498396945357,0.0017593871978740523,2.959415727100578,0.025,0.0,-0.03,0.0,1.0,0.0,0.015
22,0.7333190262750604,65,0.039134976989680575,0.0,-0.043111062456236464,0.013111062456236465,0.0018889375437635345,3.777875087527069,0.0021865195920320424,0.0019337173549493396,2.2667250525162412,0.025,0.0,-0.03,0.0,1.0,0.0,0.015
22,0.7333190262750604,66,0.03802651629322331,0.0,-0.04367538607762458,0.013675386077624578,0.0013246139223754214,2.649227844750843,0.0019692999032809846,0.001940232076418436,1.5895367068505057,0.025,0.0,-0.03,0.0,1.0,0.0,0.015
22,0.7333190262750604,67,0.036911104379405264,0.0,-0.04422580127081151,0.014225801270811508,0.0007741987291884911,1.5483974583769822,0.0018304651537115264,0.0021039883581308112,0.9290384750261893,0.025,0.0,-0.03,0.0,1.0,0.0,0.015
22,0.7333190262750604,68,0.035788500180022116,0.0,-0.04476135200187431,0.014761352001874312,0.00023864799812568782,0.47729599625137564,0.0016226852439042141,0.0021247960390340707,0.2863775977508254,0.025,0.0,-0.03,0.0,1.0,0.0,0.015
23,0.7666517092875631,0,0.0,0.0,-0.01563694055735431,0.014363059442645688,0.000636940557354311,1.273881114708622,0.0,0.0,0.7643286688251731,0.025,0.0,-0.03,0.0,1.0,0.0,0.015
23,0.7666517092875631,41,0.041590951094878814,0.0,-0.015523959922352277,0.014476040077647722,0.0005239599223522771,1.0479198447045541,-0.0026770402141599163,0.0006241081308264858,0.6287519068227324,0.025,0.0,-0.03,0.0,1.0,0.0,0.015
23,0.7666517092875631,42,0.04209093142769844,0.0,-0.01666600195397847,0.01333399804602153,0.0016660019539784694,3.332003907956939,-0.0029077028208231086,0.0007322702535243708,1.9992023447741631,0.025,0.0,-0.03,0.0,1.0,0.0,0.015
23,0.7666517092875631,43,0.042590657315283824,0.0,-0.01780815483847683,0.01219184516152317,0.00280815483847683,5.61630967695366,-0.0027534946441064153,0.000668240502956711,3.3697858061721955,0.025,0.0,-0.03,0.0,1.0,0.0,0.015
23,0.7666517092875631,44,0.04309143608529026,0.0,-0.0189498439471778,0.0110501560528222,0.0039498439471777995,7.899687894355599,-0.002826620147328039,0.0007055752156197592,4.739812736613359,0.025,0.0,-0.03,0.0,1.0,0.0,0.015
23,0.7666517092875631,45,0.04359457127326635,0.0,-0.020090491690298376,0.009909508309701623,0.0050904916902983766,10.180983380596754,-0.0028257623645564335,0.000709064113668446,6.108590028358052,0.025,0.0,-0.03,0.0,1.0,0.0,0.015
23,0.7666517092875631,46,0.04410135794262229,0.0,-0.021229513511282685,0.008770486488717314,0.006229513511282685,12.45902702256537,-0.0027546700060714097,0.0006848799126807247,7.475416213539222,0.025,0.0,-0.03,0.0,1.0,0.0,0.015
23,0.7666517092875631,47,0.0446077079078208,0.0,-0.022367827805665666,0.007632172194334333,0.0073678278056656665,14.735655611331334,-0.0028991092423354572,0.000710595702205505,8.8413933667988,0.025,0.0,-0.03,0.0,1.0,0.0,0.015
23,0.7666517092875631,48,0.04439052452404215,0.0,-0.023595188848123665,0.006404811151876334,0.008595188848123665,17.19037769624733,-0.00264074754875703,0.0005940934900632285,10.314226617748398,0.025,0.0,-0.03,0.0,1.0,0.0,0.015
23,0.7666517092875631,49,0.04416749862717041,0.0,-0.02482151240588823,0.005178487594111769,0.00982151240588823,19.64302481177646,-0.0029449960063585383,0.0004019200966514997,11.785814887065875,0.025,0.0,-0.03,0.0,1.0,0.0,0.015
23,0.7666517092875631,50,0.04394008677887964,0.0,-0.026047036623105185,0.003952963376894814,0.011047036623105185,22.09407324621037,-0.002507668502657858,0.00033654641299136855,13.256443947726222,0.025,0.0,-0.03,0.0,1.0,0.0,0.015
23,0.7666517092875631,51,0.04370975098326505,0.0,-0.027272020336627935,0.002727979663372064,0.012272020336627935,24.54404067325587,-0.0029628943339960606,0.00011008019172494148,14.726424403953523,0.025,0.0,-0.03,0.0,1.0,0.0,0.015
23,0.7666517092875631,52,0.04347795778264348,0.0,-0.028496730394686115,0.0015032696053138839,0.013496730394686116,26.993460789372232,-0.002402132221385071,6.491999145012337e-05,16.19607647362334,0.025,0.0,-0.03,0.0,1.0,0.0,0.015
23,0.7666517092875631,53,0.04324617508885624,0.0,-0.029721442657368913,0.0002785573426310854,0.014721442657368914,29.44288531473783,-0.0029470992768435567,0.00018218203195128493,17.665731188842695,0.025,0.0,-0.03,0.0,1.0,0.0,0.015
23,0.7666517092875631,54,0.04301574193882733,0.0,-0.030946436716748883,0.0009464367167488844,0.014053563283251115,28.10712656650223,0.002327437915759013,0.00022172886491717098,16.864275939901336,0.025,0.0,-0.03,0.0,1.0,0.0,0.015
23,0.7666517092875631,55,0.042787735276275086,0.0,-0.03217194754202077,0.002171947542020769,0.01282805245797923,25.656104915958462,0.002904907199384352,0.00047759082218291,15.393662949575077,0.025,0.0,-0.03,0.0,1.0,0.0,0.015
23,0.7666517092875631,56,0.04256346194885757,0.0,-0.033398208265093515,0.0033982082650935164,0.011601791734906483,23.203583469812965,0.0022648698833289695,0.0005236063715260281,13.922150081887779,0.025,0.0,-0.03,0.0,1.0,0.0,0.015
23,0.7666517092875631,57,0.04234477214036027,0.0,-0.03462552428733176,0.0046255242873317615,0.010374475712668238,20.748951425336475,0.0028545522099326674,0.0007798820223611047,12.449370855201884,0.025,0.0,-0.03,0.0,1.0,0.0,0.015
23,0.7666517092875631,58,0.04213405921617178,0.0,-0.035854241894293724,0.0058542418942937255,0.009145758105706274,18.29151621141255,0.002236615582576424,0.0008400974617182238,10.97490972684753,0.025,0.0,-0.03,0.0,1.0,0.0,0.015
23,0.7666517092875631,59,0.04193371398520796,0.0,-0.03708466668447505,0.0070846666844750494,0.00791533331552495,15.8306666310499,0.0027454460086966982,0.00107707486060883,9.498399978629939,0.025,0.0,-0.03,0.0,1.0,0.0,0.015
23,0.7666517092875631,60,0.041745755872056416,0.0,-0.03831701422906318,0.008317014229063183,0.006682985770936817,13.365971541873634,0.0022607819817048627,0.0011674086194518093,8.01958292512418,0.025,0.0,-0.03,0.0,1.0,0.0,0.015
23,0.7666517092875631,61,0.041572188814667135,0.0,-0.03955143615760649,0.009551436157606494,0.005448563842393506,10.897127684787012,0.0026156977837609747,0.0013730952724621036,6.538276610872207,0.025,0.0,-0.03,0.0,1.0,0.0,0.015
23,0.7666517092875631,62,0.041414997041842996,0.0,-0.04078801145735852,0.01078801145735852,0.00421198854264148,8.42397708528296,0.0023155303169352403,0.001492229554929774,5.054386251169776,0.025,0.0,-0.03,0.0,1.0,0.0,0.015
23,0.7666517092875631,63,0.041276140321097346,0.0,-0.04202673725448717,0.01202673725448717,0.0029732627455128294,5.946525491025659,0.0024739296992181904,0.0016894578093068718,3.567915294615395,0.025,0.0,-0.03,0.0,1.0,0.0,0.015
23,0.7666517092875631,64,0.0401775937669481,0.0,-0.042610226381847416,0.012610226381847417,0.0023897736181525825,4.779547236305165,0.0022205288413256843,0.0017074168003355643,2.8677283417830988,0.025,0.0,-0.03,0.0,1.0,0.0,0.015
23,0.7666517092875631,65,0.039072807425496764,0.0,-0.04318177527786476,0.013181775277864759,0.0018182247221352407,3.6364494442704816,0.0020999841149884515,0.0018781130816798066,2.1818696665622888,0.025,0.0,-0.03,0.0,1.0,0.0,0.015
23,0.7666517092875631,66,0.03796143284694947,0.0,-0.04374036497828039,0.013740364978280392,0.0012596350217196073,2.5192700434392146,0.0018932766857528266,0.0018891717723593833,1.5115620260635287,0.025,0.0,-0.03,0.0,1.0,0.0,0.015
23,0.7666517092875631,67,0.03684317680921123,0.0,-0.04428500668691166,0.014285006686911662,0.0007149933130883371,1.429986626176674,0.0017515343169917084,0.0020315080374629798,0.8579919757060044,0.025,0.0,-0.03,0.0,1.0,0.0,0.015
23,0.7666517092875631,68,0.035717804810803805,0.0,-0.044814745078813084,0.014814745078813085,0.00018525492118691422,0.37050984237382845,0.0015616812955651833,0.002073569028827477,0.22230590542429707,0.025,0.0,-0.03,0.0,1.0,0.0,0.015
24,0.7999843923000658,0,0.0,0.0,-0.01563694055735431,0.014363059442645688,0.000636940557354311,1.273881114708622,0.0,0.0,0.7643286688251731,0.025,0.0,-0.03,0.0,1.0,0.0,0.015
24,0.7999843923000658,41,0.041613022537818165,0.0,-0.015616067147363697,0.014383932852636302,0.0006160671473636973,1.2321342947273946,-0.002678739397946692,0.000622944784875626,0.7392805768364367,0.025,0.0,-0.03,0.0,1.0,0.0,0.015
24,0.7999843923000658,42,0.04211312473914784,0.0,-0.01675807161094734,0.013241928389052658,0.0017580716109473413,3.5161432218946826,-0.0027202562112332482,0.0006448016765113737,2.1096859331368094,0.025,0.0,-0.03,0.0,1.0,0.0,0.015
24,0.7999843923000658,43,0.04261296917406194,0.0,-0.017900188750800648,0.01209981124919935,0.002900188750800649,5.8003775016012975,-0.002736894243506169,0.0006553766276644755,3.4802265009607782,0.025,0.0,-0.03,0.0,1.0,0.0,0.015
24,0.7999843923000658,44,0.043113858798873396,0.0,-0.019041845140908936,0.010958154859091063,0.004041845140908936,8.083690281817873,-0.002669526168887078,0.000628039073768786,4.850214169090724,0.025,0.0,-0.03,0.0,1.0,0.0,0.015
24,0.7999843923000658,45,0.043617093212155934,0.0,-0.02018246530320167,0.00981753469679833,0.005182465303201669,10.36493060640334,-0.0027728796504123653,0.000676786692176213,6.218958363842003,0.025,0.0,-0.03,0.0,1.0,0.0,0.015
24,0.7999843923000658,46,0.04412396324809301,0.0,-0.02132146602283593,0.00867853397716407,0.006321466022835929,12.642932045671857,-0.0026435408307600937,0.0006232977082145692,7.5857592274031145,0.025,0.0,-0.03,0.0,1.0,0.0,0.015
24,0.7999843923000658,47,0.044630377017097905,0.0,-0.022459770049841486,0.007540229950158513,0.007459770049841486,14.919540099682973,-0.0027949025931152845,0.0006608976115647588,8.951724059809782,0.025,0.0,-0.03,0.0,1.0,0.0,0.015
24,0.7999843923000658,48,0.044408789843243174,0.0,-0.023686358541229156,0.0063136414587708425,0.008686358541229157,17.372717082458315,-0.0025912104919965677,0.000539440129314559,10.42363024947499,0.025,0.0,-0.03,0.0,1.0,0.0,0.015
24,0.7999843923000658,49,0.044181315611404905,0.0,-0.024911880488407857,0.005088119511592142,0.009911880488407857,19.823760976815713,-0.002779676630847826,0.00037392611443652494,11.894256586089428,0.025,0.0,-0.03,0.0,1.0,0.0,0.015
24,0.7999843923000658,50,0.04394940687505869,0.0,-0.026136576417653424,0.003863423582346575,0.011136576417653424,22.27315283530685,-0.0025199435000980656,0.0002848877655507698,13.363891701184109,0.025,0.0,-0.03,0.0,1.0,0.0,0.015
24,0.7999843923000658,51,0.043714520866829504,0.0,-0.027360711995169592,0.002639288004830407,0.012360711995169592,24.721423990339186,-0.0027427200754248306,0.00010629368657919289,14.832854394203512,0.025,0.0,-0.03,0.0,1.0,0.0,0.015
24,0.7999843923000658,52,0.043478120367041906,0.0,-0.028584555703710057,0.0014154442962899423,0.013584555703710057,27.169111407420115,-0.0024663389578031252,1.7968363816439392e-05,16.30146684445207,0.025,0.0,-0.03,0.0,1.0,0.0,0.015
24,0.7999843923000658,53,0.043241668371528964,0.0,-0.029808391709158215,0.00019160829084178405,0.014808391709158215,29.61678341831643,-0.002686187102048451,0.00016407908005060097,17.770070050989858,0.025,0.0,-0.03,0.0,1.0,0.0,0.015
24,0.7999843923000658,54,0.04300648613621704,0.0,-0.031032500910785986,0.001032500910785987,0.013967499089214012,27.934998178428025,0.002425467357338814,0.0002597609680885977,16.760998907056813,0.025,0.0,-0.03,0.0,1.0,0.0,0.015
24,0.7999843923000658,55,0.04277363833213857,0.0,-0.03225712379518115,0.00225712379518115,0.01274287620481885,25.485752409637698,0.002628622553762224,0.0004429205984726106,15.291451445782618,0.025,0.0,-0.03,0.0,1.0,0.0,0.015
24,0.7999843923000658,56,0.04254444233453387,0.0,-0.033482492489097605,0.0034824924890976064,0.011517507510902393,23.035015021804785,0.0023678331806689457,0.0005457098933741114,13.82100901308287,0.025,0.0,-0.03,0.0,1.0,0.0,0.015
24,0.7999843923000658,57,0.04232076056927645,0.0,-0.03470892702243608,0.004708927022436082,0.010291072977563917,20.582145955127835,0.002583760854540602,0.0007333148525700733,12.349287573076701,0.025,0.0,-0.03,0.0,1.0,0.0,0.015
24,0.7999843923000658,58,0.04210500928457644,0.0,-0.03593678500155038,0.005936785001550378,0.009063214998449622,18.126429996899244,0.002326126866024366,0.0008421591064311822,10.875857998139546,0.025,0.0,-0.03,0.0,1.0,0.0,0.015
24,0.7999843923000658,59,0.041899600179334806,0.0,-0.03716639142831233,0.007166391428312331,0.007833608571687668,15.667217143375337,0.002503934105299685,0.0010219945752923437,9.400330286025202,0.025,0.0,-0.03,0.0,1.0,0.0,0.015
24,0.7999843923000658,60,0.04170656857359568,0.0,-0.03839796929880853,0.008397969298808532,0.006602030701191468,13.204061402382935,0.0023118737270010183,0.0011456044674127662,7.922436841429761,0.025,0.0,-0.03,0.0,1.0,0.0,0.015
24,0.7999843923000658,61,0.04152793369709441,0.0,-0.03963168402744252,0.009631684027442522,0.0053683159725574775,10.736631945114954,0.0024252327804992918,0.0013121837009996775,6.441979167068973,0.025,0.0,-0.03,0.0,1.0,0.0,0.015
24,0.7999843923000658,62,0.04136569637508932,0.0,-0.04086762188491506,0.010867621884915059,0.004132378115084941,8.264756230169882,0.002308261649452584,0.0014470284846817441,4.958853738101928,0.025,0.0,-0.03,0.0,1.0,0.0,0.015
24,0.7999843923000658,63,0.04122183284134821,0.0,-0.042105790872735714,0.012105790872735715,0.002894209127264284,5.788418254528568,0.0023514881411112946,0.0016081513917528096,3.473050952717141,0.025,0.0,-0.03,0.0,1.0,0.0,0.015
24,0.7999843923000658,64,0.04012038455640689,0.0,-0.04268380857144031,0.01268380857144031,0.00231619142855969,4.63238285711938,0.0021607814470269984,0.0016704594978605078,2.7794297142716275,0.025,0.0,-0.03,0.0,1.0,0.0,0.015
24,0.7999843923000658,65,0.03901275130920952,0.0,-0.04324984633600241,0.013249846336002409,0.0017501536639975904,3.5003073279951806,0.0020123611966053664,0.0017807764993261468,2.100184396797108,0.025,0.0,-0.03,0.0,1.0,0.0,0.015
24,0.7999843923000658,66,0.037898591013902,0.0,-0.04380288507587392,0.013802885075873919,0.0011971149241260803,2.3942298482521607,0.0018365905833973948,0.0018400742983093635,1.4365379089512964,0.025,0.0,-0.03,0.0,1.0,0.0,0.015
24,0.7999843923000658,67,0.036777616457779605,0.0,-0.0443419362834015,0.014341936283401503,0.0006580637165984962,1.3161274331969923,0.0016789274766011405,0.001936801500038712,0.7896764599181954,0.025,0.0,-0.03,0.0,1.0,0.0,0.015
24,0.7999843923000658,68,0.03564959863491588,0.0,-0.04486604527548149,0.014866045275481493,0.00013395472451850632,0.26790944903701264,0.0015080003649094345,0.002005861836549726,0.16074566942220758,0.025,0.0,-0.03,0.0,1.0,0.0,0.015
25,0.8333170753125686,0,0.0,0.0,-0.01563694055735431,0.014363059442645688,0.000636940557354311,1.273881114708622,0.0,0.0,0.7643286688251731,0.025,0.0,-0.03,0.0,1.0,0.0,0.015
25,0.8333170753125686,41,0.041633668506163755,0.0,-0.015705195677123963,0.014294804322876036,0.0007051956771239633,1.4103913542479265,-0.0026673177489114127,0.0006068709627073042,0.8462348125487559,0.025,0.0,-0.03,0.0,1.0,0.0,0.015
25,0.8333170753125686,42,0.04213384543264434,0.0,-0.01684718404829363,0.013152815951706368,0.0018471840482936312,3.6943680965872625,-0.0026016107418170686,0.0005783776866641183,2.2166208579523574,0.025,0.0,-0.03,0.0,1.0,0.0,0.015
25,0.8333170753125686,43,0.042633759733595636,0.0,-0.017989284995549495,0.012010715004450504,0.0029892849955494953,5.978569991098991,-0.0027059893224362494,0.0006259976008124886,3.5871419946593943,0.025,0.0,-0.03,0.0,1.0,0.0,0.015
25,0.8333170753125686,44,0.04313471198684514,0.0,-0.019130930427133874,0.010869069572866125,0.004130930427133875,8.26186085426775,-0.0025738772364280126,0.0005672698029410161,4.95711651256065,0.025,0.0,-0.03,0.0,1.0,0.0,0.015
25,0.8333170753125686,45,0.043637996320242234,0.0,-0.020271543231823085,0.009728456768176914,0.005271543231823085,10.543086463646171,-0.0027226301568315237,0.0006341016652722221,6.325851878187702,0.025,0.0,-0.03,0.0,1.0,0.0,0.015
25,0.8333170753125686,46,0.04414490099243429,0.0,-0.02141054492659905,0.008589455073400948,0.006410544926599052,12.821089853198103,-0.0025700056106055095,0.0005675739714906655,7.692653911918861,0.025,0.0,-0.03,0.0,1.0,0.0,0.015
25,0.8333170753125686,47,0.04465132977380538,0.0,-0.022548859054024317,0.007451140945975682,0.007548859054024318,15.097718108048635,-0.002725877430055138,0.0006080736845328629,9.058630864829182,0.025,0.0,-0.03,0.0,1.0,0.0,0.015
25,0.8333170753125686,48,0.04442555212149689,0.0,-0.023774698193588826,0.006225301806411173,0.008774698193588826,17.54939638717765,-0.002540188122364138,0.0004893670524012103,10.529637832306591,0.025,0.0,-0.03,0.0,1.0,0.0,0.015
25,0.8333170753125686,49,0.04419384561879638,0.0,-0.024999441383925538,0.005000558616074461,0.009999441383925538,19.998882767851075,-0.00269277418789125,0.0003367882763054236,11.999329660710645,0.025,0.0,-0.03,0.0,1.0,0.0,0.015
25,0.8333170753125686,50,0.04395765844107266,0.0,-0.02622333447530401,0.00377666552469599,0.01122333447530401,22.446668950608018,-0.0024872210137896044,0.000245447042507229,13.46800137036481,0.025,0.0,-0.03,0.0,1.0,0.0,0.015
25,0.8333170753125686,51,0.04371844371598484,0.0,-0.02744664622553677,0.0025533537744632274,0.012446646225536772,24.893292451073545,-0.0026438166168443753,8.54262550604789e-05,14.935975470644127,0.025,0.0,-0.03,0.0,1.0,0.0,0.015
25,0.8333170753125686,52,0.04347765984680477,0.0,-0.02866965017305907,0.0013303498269409304,0.013669650173059069,27.339300346118137,-0.0024457509435737595,9.56302917307698e-06,16.40358020767088,0.025,0.0,-0.03,0.0,1.0,0.0,0.015
25,0.8333170753125686,53,0.04323676566645866,0.0,-0.029892634637672687,0.00010736536232731214,0.014892634637672687,29.785269275345374,-0.0025819759723608045,0.00016963131593301014,17.871161565207224,0.025,0.0,-0.03,0.0,1.0,0.0,0.015
25,0.8333170753125686,54,0.042997064206141425,0.0,-0.03111588392880866,0.00111588392880866,0.01388411607119134,27.76823214238268,0.002407575439104774,0.00027330797183608825,16.660939285429606,0.025,0.0,-0.03,0.0,1.0,0.0,0.015
25,0.8333170753125686,55,0.04275960922834681,0.0,-0.03233964013183771,0.0023396401318377114,0.012660359868162288,25.320719736324577,0.0025232669675452897,0.00043362664352195984,15.192431841794745,0.025,0.0,-0.03,0.0,1.0,0.0,0.015
25,0.8333170753125686,56,0.04252572817290867,0.0,-0.03356414013238815,0.0035641401323881494,0.01143585986761185,22.8717197352237,0.0023586836805586137,0.0005451686547056917,13.723031841134219,0.025,0.0,-0.03,0.0,1.0,0.0,0.015
25,0.8333170753125686,57,0.04229729614877881,0.0,-0.03478971428015104,0.004789714280151042,0.010210285719848958,20.420571439697916,0.002474765523929945,0.0007085587586207692,12.252342863818749,0.025,0.0,-0.03,0.0,1.0,0.0,0.015
25,0.8333170753125686,58,0.042076750302047015,0.0,-0.03601673448057378,0.006016734480573778,0.008983265519426221,17.966531038852445,0.0023165080247783488,0.0008253216642574633,10.779918623311467,0.025,0.0,-0.03,0.0,1.0,0.0,0.015
25,0.8333170753125686,59,0.041866522119683974,0.0,-0.037245540561022986,0.007245540561022987,0.007754459438977013,15.508918877954025,0.0024054185527273846,0.0009838536492459673,9.305351326772415,0.025,0.0,-0.03,0.0,1.0,0.0,0.015
25,0.8333170753125686,60,0.04166866135855728,0.0,-0.03847636574500139,0.008476365745001394,0.006523634254998606,13.047268509997211,0.002291937661917959,0.00111075222720021,7.828361105998327,0.025,0.0,-0.03,0.0,1.0,0.0,0.015
25,0.8333170753125686,61,0.04148520193890566,0.0,-0.039709386104446846,0.009709386104446847,0.005290613895553152,10.581227791106304,0.0023415179587026316,0.0012610968346389168,6.348736674663782,0.025,0.0,-0.03,0.0,1.0,0.0,0.015
25,0.8333170753125686,62,0.0413181599811305,0.0,-0.04094469700716448,0.01094469700716448,0.004055302992835519,8.110605985671038,0.0022735563592924286,0.0013946032533247769,4.866363591402623,0.025,0.0,-0.03,0.0,1.0,0.0,0.015
25,0.8333170753125686,63,0.0411695273568881,0.0,-0.04218231547776564,0.012182315477765639,0.0028176845222343608,5.635369044468722,0.002285959678539289,0.0015399182972290796,3.381221426681233,0.025,0.0,-0.03,0.0,1.0,0.0,0.015
25,0.8333170753125686,64,0.04006527730162109,0.0,-0.042754984416119204,0.012754984416119206,0.002245015583880794,4.490031167761588,0.002113349899738,0.0016147525896725078,2.6940187006569527,0.025,0.0,-0.03,0.0,1.0,0.0,0.015
25,0.8333170753125686,65,0.038954895665759895,0.0,-0.043315634110168706,0.013315634110168707,0.0016843658898312922,3.368731779662584,0.00195656288104846,0.0017048696653551513,2.0212390677975502,0.025,0.0,-0.03,0.0,1.0,0.0,0.015
25,0.8333170753125686,66,0.03783804661488229,0.0,-0.043863245748843184,0.013863245748843185,0.0011367542511568143,2.2735085023136286,0.001791399035639903,0.0017800231915419003,1.364105101388177,0.025,0.0,-0.03,0.0,1.0,0.0,0.015
25,0.8333170753125686,67,0.03671444886667342,0.0,-0.044396831420220585,0.014396831420220586,0.0006031685797794131,1.2063371595588261,0.001627980440983764,0.0018590851032928041,0.7238022957352956,0.025,0.0,-0.03,0.0,1.0,0.0,0.015
25,0.8333170753125686,68,0.035583879120003485,0.0,-0.04491543727386787,0.01491543727386787,8.456272613212995e-05,0.1691254522642599,0.0014645575417109548,0.0019386009684605964,0.10147527135855594,0.025,0.0,-0.03,0.0,1.0,0.0,0.015
26,0.8666497583250713,0,0.0,0.0,-0.01563694055735431,0.014363059442645688,0.000636940557354311,1.273881114708622,0.0,0.0,0.7643286688251731,0.025,0.0,-0.03,0.0,1.0,0.0,0.015
26,0.8666497583250713,41,0.04165280854809731,0.0,-0.015792546647785906,0.014207453352214093,0.0007925466477859064,1.5850932955718129,-0.0026562537539006202,0.0005812459441799589,0.9510559773430877,0.025,0.0,-0.03,0.0,1.0,0.0,0.015
26,0.8666497583250713,42,0.042152974778484835,0.0,-0.0169345545025318,0.0130654454974682,0.001934554502531799,3.869109005063598,-0.002523296428832279,0.000519803759770905,2.3214654030381587,0.025,0.0,-0.03,0.0,1.0,0.0,0.015
26,0.8666497583250713,43,0.042652873289185815,0.0,-0.018076677736256846,0.011923322263743152,0.003076677736256847,6.153355472513694,-0.002677028662851602,0.0005865202933071151,3.6920132835082162,0.025,0.0,-0.03,0.0,1.0,0.0,0.015
26,0.8666497583250713,44,0.04315380038823212,0.0,-0.019218349234298847,0.010781650765701152,0.004218349234298847,8.436698468597696,-0.0025190538015686806,0.0005132545428994849,5.062019081158617,0.025,0.0,-0.03,0.0,1.0,0.0,0.015
26,0.8666497583250713,45,0.04365704656440931,0.0,-0.020358994206151667,0.009641005793848332,0.0053589942061516675,10.717988412303335,-0.0026739780053429214,0.0005799952326526806,6.430793047382001,0.025,0.0,-0.03,0.0,1.0,0.0,0.015
26,0.8666497583250713,46,0.044163896114927784,0.0,-0.02149803565271828,0.008501964347281718,0.006498035652718281,12.996071305436562,-0.0025394601857430888,0.0005171142288824201,7.797642783261937,0.025,0.0,-0.03,0.0,1.0,0.0,0.015
26,0.8666497583250713,47,0.04467025059452349,0.0,-0.02263639995431324,0.007363600045686758,0.007636399954313242,15.272799908626483,-0.002654380086026188,0.0005494680835066829,9.16367994517589,0.025,0.0,-0.03,0.0,1.0,0.0,0.015
26,0.8666497583250713,48,0.044440513711963364,0.0,-0.023861517462521086,0.006138482537478913,0.008861517462521087,17.723034925042175,-0.002542436497739574,0.0004302904800799726,10.633820955025305,0.025,0.0,-0.03,0.0,1.0,0.0,0.015
26,0.8666497583250713,49,0.04420480923900778,0.0,-0.025085512119607654,0.0049144878803923445,0.010085512119607655,20.17102423921531,-0.002589736051833215,0.000302583014056921,12.102614543529185,0.025,0.0,-0.03,0.0,1.0,0.0,0.015
26,0.8666497583250713,50,0.04396458123972356,0.0,-0.02630863267850231,0.0036913673214976905,0.011308632678502309,22.61726535700462,-0.0025218619374995977,0.00019264533035040984,13.570359214202771,0.025,0.0,-0.03,0.0,1.0,0.0,0.015
26,0.8666497583250713,51,0.043721278355744214,0.0,-0.027531152812254916,0.002468847187745083,0.012531152812254916,25.062305624509833,-0.0025154891619898756,6.978211973529071e-05,15.037383374705898,0.025,0.0,-0.03,0.0,1.0,0.0,0.015
26,0.8666497583250713,52,0.04347635499970609,0.0,-0.0287533487088818,0.0012466512911182004,0.013753348708881799,27.506697417763597,-0.0025046940001799706,5.368154739801431e-05,16.504018450658158,0.025,0.0,-0.03,0.0,1.0,0.0,0.015
26,0.8666497583250713,53,0.0432312654425797,0.0,-0.02997551456094015,2.448543905984868e-05,0.01497551456094015,29.951029121880303,-0.0024377283875343008,0.0001684040158676622,17.970617473128183,0.025,0.0,-0.03,0.0,1.0,0.0,0.015
26,0.8666497583250713,54,0.042987294772031864,0.0,-0.03119793386743736,0.0011979338674373598,0.01380206613256264,27.60413226512528,0.00247976338547261,0.00030596431469053853,16.562479359075166,0.025,0.0,-0.03,0.0,1.0,0.0,0.015
26,0.8666497583250713,55,0.04274548624015905,0.0,-0.03242085228794216,0.0024208522879421643,0.012579147712057835,25.15829542411567,0.002374630006548477,0.00041818796068721173,15.094977254469402,0.025,0.0,-0.03,0.0,1.0,0.0,0.015
26,0.8666497583250713,56,0.04250717858012806,0.0,-0.03364451169166613,0.00364451169166613,0.01135548830833387,22.71097661666774,0.002434890259494486,0.0005633903735624327,13.626585970000644,0.025,0.0,-0.03,0.0,1.0,0.0,0.015
26,0.8666497583250713,57,0.04227425945925832,0.0,-0.03486925426815471,0.00486925426815471,0.01013074573184529,20.26149146369058,0.0023292072324568288,0.0006806972620491635,12.156894878214347,0.025,0.0,-0.03,0.0,1.0,0.0,0.015
26,0.8666497583250713,58,0.04204918551617547,0.0,-0.03609546349903922,0.006095463499039222,0.008904536500960777,17.809073001921554,0.002384666925181011,0.0008262872100093968,10.685443801152932,0.025,0.0,-0.03,0.0,1.0,0.0,0.015
26,0.8666497583250713,59,0.04183440526871643,0.0,-0.037323494519630115,0.0073234945196301166,0.007676505480369883,15.353010960739766,0.002279998903767113,0.000946330249501324,9.211806576443859,0.025,0.0,-0.03,0.0,1.0,0.0,0.015
26,0.8666497583250713,60,0.04163198190024446,0.0,-0.038553588842954505,0.008553588842954506,0.006446411157045494,12.892822314090987,0.0023367028140661382,0.0010919478334670658,7.7356933884545915,0.025,0.0,-0.03,0.0,1.0,0.0,0.015
26,0.8666497583250713,61,0.041443962561302575,0.0,-0.03978593387250555,0.00978593387250555,0.005214066127494449,10.428132254988897,0.0022471010891428303,0.0012153744133360008,6.256879352993338,0.025,0.0,-0.03,0.0,1.0,0.0,0.015
26,0.8666497583250713,62,0.0412723774932721,0.0,-0.041020632731922524,0.011020632731922525,0.003979367268077474,7.958734536154949,0.00228475645784628,0.0013565992831058866,4.775240721692969,0.025,0.0,-0.03,0.0,1.0,0.0,0.015
26,0.8666497583250713,63,0.04111923276761686,0.0,-0.04225771175043589,0.012257711750435892,0.002742288249564108,5.484576499128216,0.0022310621208051886,0.0014774432820940184,3.290745899476929,0.025,0.0,-0.03,0.0,1.0,0.0,0.015
26,0.8666497583250713,64,0.040012217339085165,0.0,-0.042825033115762745,0.012825033115762746,0.0021749668842372533,4.349933768474506,0.002092153350937622,0.0015803287759405546,2.6099602610847037,0.025,0.0,-0.03,0.0,1.0,0.0,0.015
26,0.8666497583250713,65,0.038899122903137275,0.0,-0.04338029459800781,0.01338029459800781,0.0016197054019921886,3.239410803984377,0.001916154023634499,0.0016340347386994572,1.9436464823906263,0.025,0.0,-0.03,0.0,1.0,0.0,0.015
26,0.8666497583250713,66,0.03777962012013711,0.0,-0.04392247810761481,0.013922478107614808,0.0010775218923851915,2.155043784770383,0.0017672925414096994,0.001741419330444246,1.2930262708622298,0.025,0.0,-0.03,0.0,1.0,0.0,0.015
26,0.8666497583250713,67,0.03665343393244845,0.0,-0.04445059680622752,0.014450596806227518,0.0005494031937724811,1.098806387544962,0.0015905525948316447,0.001790680861416074,0.6592838325269772,0.025,0.0,-0.03,0.0,1.0,0.0,0.015
26,0.8666497583250713,68,0.03552034682101443,0.0,-0.04496369827401992,0.014963698274019922,3.630172598007714e-05,0.07260345196015427,0.0014372537366054686,0.001891379721168085,0.043562071176092565,0.025,0.0,-0.03,0.0,1.0,0.0,0.015
27,0.8999824413375741,0,0.0,0.0,-0.01563694055735431,0.014363059442645688,0.000636940557354311,1.273881114708622,0.0,0.0,0.7643286688251731,0.025,0.0,-0.03,0.0,1.0,0.0,0.015
27,0.8999824413375741,41,0.041670716924459006,0.0,-0.01587819493421884,0.01412180506578116,0.00087819493421884,1.75638986843768,-0.002626255079015295,0.000559016814669919,1.053833921062608,0.025,0.0,-0.03,0.0,1.0,0.0,0.015
27,0.8999824413375741,42,0.042170812201212785,0.0,-0.017020249326852914,0.012979750673147085,0.0020202493268529145,4.040498653705829,-0.0024615636461326694,0.00048172423294304067,2.4242991922234975,0.025,0.0,-0.03,0.0,1.0,0.0,0.015
27,0.8999824413375741,43,0.04267063319968502,0.0,-0.01816242067467705,0.01183757932532295,0.0031624206746770495,6.324841349354099,-0.0026270825635030946,0.0005521377078481021,3.794904809612459,0.025,0.0,-0.03,0.0,1.0,0.0,0.015
27,0.8999824413375741,44,0.04317147335724104,0.0,-0.01930414578616853,0.010695854213831468,0.004304145786168532,8.608291572337064,-0.0024768859313374614,0.00048071680314930375,5.164974943402238,0.025,0.0,-0.03,0.0,1.0,0.0,0.015
27,0.8999824413375741,45,0.043674618475072154,0.0,-0.020444849663862435,0.009555150336137564,0.005444849663862435,10.889699327724871,-0.002610198172443065,0.0005361169596449595,6.533819596634923,0.025,0.0,-0.03,0.0,1.0,0.0,0.015
27,0.8999824413375741,46,0.04418135001804212,0.0,-0.021583959144744203,0.008416040855255796,0.006583959144744203,13.167918289488407,-0.0025101367491518456,0.00048623401528056516,7.900750973693044,0.025,0.0,-0.03,0.0,1.0,0.0,0.015
27,0.8999824413375741,47,0.04468756711375114,0.0,-0.022722400751160006,0.007277599248839993,0.0077224007511600065,15.444801502320013,-0.002580572478540985,0.000507404783660303,9.266880901392007,0.025,0.0,-0.03,0.0,1.0,0.0,0.015
27,0.8999824413375741,48,0.04445404625250155,0.0,-0.02394681706457363,0.006053182935426369,0.00894681706457363,17.893634129147262,-0.00252819666405765,0.00038900111083354084,10.736180477488357,0.025,0.0,-0.03,0.0,1.0,0.0,0.015
27,0.8999824413375741,49,0.04421452148850986,0.0,-0.025170083390826638,0.004829916609173361,0.010170083390826638,20.340166781653277,-0.002502084505291685,0.00027885520398594196,12.204100068991966,0.025,0.0,-0.03,0.0,1.0,0.0,0.015
27,0.8999824413375741,50,0.04397043231111345,0.0,-0.026392453914102665,0.003607546085897334,0.011392453914102665,22.78490782820533,-0.002520792786110718,0.00015708874508651248,13.670944696923199,0.025,0.0,-0.03,0.0,1.0,0.0,0.015
27,0.8999824413375741,51,0.043723223416783294,0.0,-0.027614203802697454,0.002385796197302545,0.012614203802697455,25.22840760539491,-0.0024200878587401055,5.718374322112787e-05,15.137044563236945,0.025,0.0,-0.03,0.0,1.0,0.0,0.015
27,0.8999824413375741,52,0.04347434449156287,0.0,-0.028835615209961786,0.0011643847900382129,0.013835615209961787,27.671230419923575,-0.0025101835881403234,8.135843992760411e-05,16.602738251954143,0.025,0.0,-0.03,0.0,1.0,0.0,0.015
27,0.8999824413375741,53,0.04322524593386146,0.0,-0.03005698405686973,5.6984056869730654e-05,0.014943015943130269,29.886031886260536,0.0023407664239518213,0.00017102930177317926,17.93161913175632,0.025,0.0,-0.03,0.0,1.0,0.0,0.015
27,0.8999824413375741,54,0.04297719406913184,0.0,-0.031278596686748886,0.0012785966867488868,0.013721403313251113,27.442806626502225,0.0024884096899940897,0.0003245878271940868,16.465683975901335,0.025,0.0,-0.03,0.0,1.0,0.0,0.015
27,0.8999824413375741,55,0.04273122276088808,0.0,-0.032500697865616955,0.0025006978656169562,0.012499302134383043,24.998604268766087,0.0022752502222802952,0.00041094867658077476,14.999162561259652,0.025,0.0,-0.03,0.0,1.0,0.0,0.015
27,0.8999824413375741,56,0.04248868149029488,0.0,-0.03372353850208619,0.0037235385020861905,0.011276461497913809,22.55292299582762,0.002448710100968059,0.0005726665162149102,13.53175379749657,0.025,0.0,-0.03,0.0,1.0,0.0,0.015
27,0.8999824413375741,57,0.04225147124422468,0.0,-0.03494746833539561,0.004947468335395611,0.010052531664604389,20.10506332920878,0.002226009654982467,0.0006633020567966217,12.063037997525267,0.025,0.0,-0.03,0.0,1.0,0.0,0.015
27,0.8999824413375741,58,0.042022066402701716,0.0,-0.03617288605441643,0.006172886054416432,0.008827113945583567,17.654227891167135,0.002396127540868738,0.00082441850745974,10.59253673470028,0.025,0.0,-0.03,0.0,1.0,0.0,0.015
27,0.8999824413375741,59,0.0418029316316159,0.0,-0.03740015786029393,0.007400157860293931,0.007599842139706069,15.199684279412137,0.002190249100067876,0.0009221654233372299,9.119810567647281,0.025,0.0,-0.03,0.0,1.0,0.0,0.015
27,0.8999824413375741,60,0.04159614217657594,0.0,-0.03862953661542764,0.00862953661542764,0.00637046338457236,12.74092676914472,0.0023338928974037903,0.0010767942911477102,7.644556061486831,0.025,0.0,-0.03,0.0,1.0,0.0,0.015
27,0.8999824413375741,61,0.041403758051300255,0.0,-0.0398612178000138,0.009861217800013804,0.005138782199986196,10.277564399972391,0.0021748234587996595,0.0011848111476721573,6.166538639983434,0.025,0.0,-0.03,0.0,1.0,0.0,0.015
27,0.8999824413375741,62,0.04122782243528922,0.0,-0.04109531437242217,0.011095314372422171,0.003904685627577828,7.809371255155656,0.0022638791375868255,0.0013286390405767537,4.685622753093393,0.025,0.0,-0.03,0.0,1.0,0.0,0.015
27,0.8999824413375741,63,0.04107035500749137,0.0,-0.042331860004460375,0.012331860004460377,0.002668139995539623,5.3362799910792456,0.002179205473160428,0.001436893784268743,3.2017679946475472,0.025,0.0,-0.03,0.0,1.0,0.0,0.015
27,0.8999824413375741,64,0.03996062413707321,0.0,-0.04289386541704967,0.01289386541704967,0.0021061345829503295,4.212269165900659,0.0020560768671811828,0.00154937322071488,2.5273614995403952,0.025,0.0,-0.03,0.0,1.0,0.0,0.015
27,0.8999824413375741,65,0.038844866216770385,0.0,-0.04344376958808241,0.01344376958808241,0.001556230411917589,3.1124608238351783,0.0018750706039872523,0.0015891992564093641,1.8674764943011068,0.025,0.0,-0.03,0.0,1.0,0.0,0.015
27,0.8999824413375741,66,0.03772275822027015,0.0,-0.04398055559846058,0.013980555598460578,0.001019444401539421,2.038888803078842,0.0017320459724081277,0.0017040841264502923,1.2233332818473053,0.025,0.0,-0.03,0.0,1.0,0.0,0.015
27,0.8999824413375741,67,0.03659403150154264,0.0,-0.04450323786554511,0.01450323786554511,0.0004967621344548895,0.993524268909779,0.0015545653811748319,0.0017463444176517228,0.5961145613458674,0.025,0.0,-0.03,0.0,1.0,0.0,0.015
28,0.9333151243500768,0,0.0,0.0,-0.01563694055735431,0.014363059442645688,0.000636940557354311,1.273881114708622,0.0,0.0,0.7643286688251731,0.025,0.0,-0.03,0.0,1.0,0.0,0.015
28,0.9333151243500768,41,0.041687667181328984,0.0,-0.015962115966289773,0.014037884033710226,0.0009621159662897734,1.9242319325795467,-0.002572609964890229,0.0005320141561552877,1.154539159547728,0.025,0.0,-0.03,0.0,1.0,0.0,0.015
28,0.9333151243500768,42,0.04218765646246323,0.0,-0.01710423032455242,0.012895769675447578,0.0021042303245524217,4.208460649104843,-0.002422430021014677,0.00046036996232208955,2.525076389462906,0.025,0.0,-0.03,0.0,1.0,0.0,0.015
28,0.9333151243500768,43,0.0426873657016561,0.0,-0.018246465895873646,0.011753534104126353,0.0032464658958736466,6.492931791747293,-0.002556098087245592,0.0005154971557056405,3.8957590750483755,0.025,0.0,-0.03,0.0,1.0,0.0,0.015
28,0.9333151243500768,44,0.043188083400358616,0.0,-0.019388258585133836,0.010611741414866163,0.004388258585133836,8.776517170267672,-0.0024503134963618518,0.0004630759382838165,5.265910302160603,0.025,0.0,-0.03,0.0,1.0,0.0,0.015
28,0.9333151243500768,45,0.04369109269654555,0.0,-0.020529037499839847,0.009470962500160152,0.005529037499839847,11.058074999679695,-0.002534456873825852,0.0004954494701111988,6.634844999807817,0.025,0.0,-0.03,0.0,1.0,0.0,0.015
28,0.9333151243500768,46,0.0441976706432889,0.0,-0.021668229558729303,0.008331770441270696,0.006668229558729304,13.336459117458608,-0.0024836926301971003,0.0004660847708518356,8.001875470475165,0.025,0.0,-0.03,0.0,1.0,0.0,0.015
28,0.9333151243500768,47,0.04470371561478282,0.0,-0.022806764321661763,0.0071932356783382355,0.007806764321661764,15.613528643323528,-0.0025094815000511637,0.00047332165110473894,9.368117185994116,0.025,0.0,-0.03,0.0,1.0,0.0,0.015
28,0.9333151243500768,48,0.044466539556630026,0.0,-0.024030491344238403,0.005969508655761596,0.009030491344238403,18.060982688476805,-0.0024982389045579857,0.00035863398576457416,10.836589613086083,0.025,0.0,-0.03,0.0,1.0,0.0,0.015
28,0.9333151243500768,49,0.0442233247898191,0.0,-0.02525304315077434,0.004746956849225659,0.01025304315077434,20.50608630154868,-0.0024361671755767085,0.0002580214769101522,12.303651780929208,0.025,0.0,-0.03,0.0,1.0,0.0,0.015
28,0.9333151243500768,50,0.04397550652522632,0.0,-0.02647467682217305,0.003525323177826948,0.011474676822173051,22.949353644346104,-0.002484939631128922,0.00013398384777189387,13.769612186607661,0.025,0.0,-0.03,0.0,1.0,0.0,0.015
28,0.9333151243500768,51,0.043724525088402556,0.0,-0.027695671146474764,0.0023043288535252344,0.012695671146474765,25.39134229294953,-0.0023635720539140867,4.2002348204730656e-05,15.234805375769717,0.025,0.0,-0.03,0.0,1.0,0.0,0.015
28,0.9333151243500768,52,0.043471825851785134,0.0,-0.028916311834087306,0.0010836881659126926,0.013916311834087307,27.832623668174612,-0.0024650922721762927,9.550751122683923e-05,16.699574200904767,0.025,0.0,-0.03,0.0,1.0,0.0,0.015
28,0.9333151243500768,53,0.04321885492409726,0.0,-0.030136898467851583,0.00013689846785158374,0.014863101532148416,29.726203064296833,0.002295088459716719,0.00018079980243134776,17.8357218385781,0.025,0.0,-0.03,0.0,1.0,0.0,0.015
28,0.9333151243500768,54,0.042966860403590004,0.0,-0.03135771792165439,0.001357717921654393,0.013642282078345606,27.284564156691214,0.002437069114449147,0.00033006306456099486,16.370738494014727,0.025,0.0,-0.03,0.0,1.0,0.0,0.015
28,0.9333151243500768,55,0.04271686663754424,0.0,-0.032579015832915066,0.0025790158329150673,0.012420984167084932,24.841968334169863,0.00223362861060347,0.00041393006293372005,14.905181000501917,0.025,0.0,-0.03,0.0,1.0,0.0,0.015
28,0.9333151243500768,56,0.04247023414888038,0.0,-0.033801050121541734,0.0038010501215417353,0.011198949878458264,22.39789975691653,0.002395710904410931,0.0005702672784016289,13.438739854149917,0.025,0.0,-0.03,0.0,1.0,0.0,0.015
28,0.9333151243500768,57,0.04222887674547627,0.0,-0.035024179826424126,0.005024179826424127,0.009975820173575872,19.951640347151745,0.002186419067084105,0.0006587835023426115,11.970984208291046,0.025,0.0,-0.03,0.0,1.0,0.0,0.015
28,0.9333151243500768,58,0.04199528618605474,0.0,-0.03624881674833354,0.006248816748333538,0.008751183251666461,17.502366503332922,0.0023419343857600658,0.0008140927713154266,10.501419901999753,0.025,0.0,-0.03,0.0,1.0,0.0,0.015
28,0.9333151243500768,59,0.041771942032046566,0.0,-0.03747533951579902,0.007475339515799019,0.00752466048420098,15.049320968401961,0.0021528098787391143,0.0009101354337145238,9.029592581041177,0.025,0.0,-0.03,0.0,1.0,0.0,0.015
28,0.9333151243500768,60,0.04156093128143287,0.0,-0.03870401062999244,0.008704010629992438,0.006295989370007561,12.591978740015122,0.0022802196859348397,0.001058834475970589,7.555187244009073,0.025,0.0,-0.03,0.0,1.0,0.0,0.015
28,0.9333151243500768,61,0.04136432606013115,0.0,-0.03993503465438722,0.00993503465438722,0.005064965345612779,10.129930691225558,0.002135906452580174,0.0011647322259016185,6.077958414735335,0.025,0.0,-0.03,0.0,1.0,0.0,0.015
28,0.9333151243500768,62,0.04118418205540838,0.0,-0.04116853321669418,0.011168533216694178,0.0038314667833058216,7.662933566611644,0.0022137908923958905,0.0013035322150649466,4.597760139966986,0.025,0.0,-0.03,0.0,1.0,0.0,0.015
28,0.9333151243500768,63,0.04102253185811224,0.0,-0.04240454787989967,0.012404547879899669,0.0025954521201003306,5.190904240200661,0.002135866428784689,0.0014090036564668425,3.1145425441203964,0.025,0.0,-0.03,0.0,1.0,0.0,0.015
28,0.9333151243500768,64,0.03991015021026139,0.0,-0.04296130090877147,0.01296130090877147,0.0020386990912285297,4.07739818245706,0.0020124921420780297,0.0015188899733039184,2.4464389094742356,0.025,0.0,-0.03,0.0,1.0,0.0,0.015
28,0.9333151243500768,65,0.03879179260079305,0.0,-0.04350591164953958,0.013505911649539584,0.0014940883504604152,2.9881767009208304,0.0018336717917971912,0.0015557198451614232,1.7929060205524983,0.025,0.0,-0.03,0.0,1.0,0.0,0.015
28,0.9333151243500768,66,0.03766714245396222,0.0,-0.044037364357579746,0.014037364357579747,0.0009626356424202523,1.9252712848405045,0.0016941112578541845,0.0016718424189417996,1.1551627709043026,0.025,0.0,-0.03,0.0,1.0,0.0,0.015
28,0.9333151243500768,67,0.03653593732990559,0.0,-0.04455467492129065,0.014554674921290651,0.00044532507870934795,0.8906501574186959,0.0015166148980565557,0.0017066628625431739,0.5343900944512175,0.025,0.0,-0.03,0.0,1.0,0.0,0.015
29,0.9666478073625796,0,0.0,0.0,-0.01563694055735431,0.014363059442645688,0.000636940557354311,1.273881114708622,0.0,0.0,0.7643286688251731,0.025,0.0,-0.03,0.0,1.0,0.0,0.015
29,0.9666478073625796,41,0.04170380634643608,0.0,-0.016044319172506198,0.0139556808274938,0.0010443191725061987,2.0886383450123973,-0.002454748909570793,0.0004793633899604016,1.2531830070074383,0.025,0.0,-0.03,0.0,1.0,0.0,0.015
29,0.9666478073625796,42,0.04220366866353545,0.0,-0.017186503739860352,0.012813496260139647,0.002186503739860353,4.373007479720706,-0.0024393237421351703,0.00046730133143839495,2.6238044878324236,0.025,0.0,-0.03,0.0,1.0,0.0,0.015
29,0.9666478073625796,43,0.04270324408147924,0.0,-0.018328811684228945,0.011671188315771054,0.0033288116842289453,6.657623368457891,-0.0024383853615853827,0.0004616942441834789,3.9945740210747345,0.025,0.0,-0.03,0.0,1.0,0.0,0.015
29,0.9666478073625796,44,0.04320381802868433,0.0,-0.019470681954009986,0.010529318045990013,0.004470681954009986,8.941363908019973,-0.002463660725494237,0.00046730169324030434,5.364818344811984,0.025,0.0,-0.03,0.0,1.0,0.0,0.015
29,0.9666478073625796,45,0.0437066695856671,0.0,-0.020611544429583024,0.009388455570416974,0.005611544429583025,11.22308885916605,-0.0024258580298337972,0.00044433107493981077,6.733853315499629,0.025,0.0,-0.03,0.0,1.0,0.0,0.015
29,0.9666478073625796,46,0.0442130726979704,0.0,-0.021750828818823193,0.008249171181176806,0.006750828818823194,13.501657637646387,-0.002484630301252694,0.0004621498633714889,8.100994582587832,0.025,0.0,-0.03,0.0,1.0,0.0,0.015
29,0.9666478073625796,47,0.04471892430094601,0.0,-0.02288946532606255,0.007110534673937449,0.00788946532606255,15.778930652125101,-0.002414046970642307,0.00044104562896012627,9.467358391275061,0.025,0.0,-0.03,0.0,1.0,0.0,0.015
29,0.9666478073625796,48,0.044478198173669534,0.0,-0.024112512465448543,0.0058874875345514555,0.009112512465448544,18.22502493089709,-0.0024926051036589644,0.0003285951248862714,10.935014958538252,0.025,0.0,-0.03,0.0,1.0,0.0,0.015
29,0.9666478073625796,49,0.04423139984278311,0.0,-0.0253343590055234,0.0046656409944766004,0.010334359005523399,20.6687180110468,-0.002344003948702735,0.00024631221366195835,12.40123080662808,0.025,0.0,-0.03,0.0,1.0,0.0,0.015
29,0.9666478073625796,50,0.043979960083829116,0.0,-0.026555266147409655,0.003444733852590344,0.011555266147409655,23.11053229481931,-0.0024761590383365517,0.00010876817386339048,13.866319376891587,0.025,0.0,-0.03,0.0,1.0,0.0,0.015
29,0.9666478073625796,51,0.04372531511498303,0.0,-0.027775514850641805,0.0022244851493581942,0.012775514850641805,25.55102970128361,-0.002278260691552266,3.5509847430462054e-05,15.330617820770165,0.025,0.0,-0.03,0.0,1.0,0.0,0.015
29,0.9666478073625796,52,0.04346890575521873,0.0,-0.028995395511703062,0.0010046044882969368,0.013995395511703063,27.990791023406125,-0.002448322075362966,0.000113128290550867,16.794474614043676,0.025,0.0,-0.03,0.0,1.0,0.0,0.015
29,0.9666478073625796,53,0.04321217409010042,0.0,-0.03021520996187972,0.00021520996187972263,0.014784790038120277,29.569580076240555,0.0022203871932126437,0.00018295626524813467,17.741748045744334,0.025,0.0,-0.03,0.0,1.0,0.0,0.015
29,0.9666478073625796,54,0.042956349970250524,0.0,-0.031435246629895955,0.001435246629895956,0.013564753370104043,27.129506740208086,0.0024138708545806517,0.0003399533727907569,16.27770404412485,0.025,0.0,-0.03,0.0,1.0,0.0,0.015
29,0.9666478073625796,55,0.04270244867770648,0.0,-0.032655750662153,0.0026557506621530044,0.012344249337846995,24.68849867569399,0.0021621172605586158,0.0004104676080365333,14.813099205416393,0.025,0.0,-0.03,0.0,1.0,0.0,0.015
29,0.9666478073625796,56,0.04245184133511014,0.0,-0.0338769880860304,0.003876988086030403,0.011123011913969597,22.246023827939194,0.0023716491307523187,0.0005732880995448184,13.347614296763515,0.025,0.0,-0.03,0.0,1.0,0.0,0.015
29,0.9666478073625796,57,0.04220645457038058,0.0,-0.03509932595885377,0.005099325958853769,0.00990067404114623,19.80134808229246,0.002115559773341255,0.0006489446693046404,11.880808849375475,0.025,0.0,-0.03,0.0,1.0,0.0,0.015
29,0.9666478073625796,58,0.04196879680119838,0.0,-0.03632319006509106,0.006323190065091064,0.008676809934908936,17.35361986981787,0.002313694509353394,0.0008094448941700343,10.412171921890721,0.025,0.0,-0.03,0.0,1.0,0.0,0.015
29,0.9666478073625796,59,0.0417413619840097,0.0,-0.037548970202946445,0.0075489702029464464,0.007451029797053553,14.902059594107106,0.002091506203036118,0.0008957740864466285,8.941235756464263,0.025,0.0,-0.03,0.0,1.0,0.0,0.015
29,0.9666478073625796,60,0.04152624828895967,0.0,-0.03877693922278415,0.00877693922278415,0.00622306077721585,12.446121554431699,0.0022440037964150126,0.0010458064942480765,7.467672932659019,0.025,0.0,-0.03,0.0,1.0,0.0,0.015
29,0.9666478073625796,61,0.041325539650317086,0.0,-0.040007309835746276,0.010007309835746277,0.004992690164253723,9.985380328507446,0.002082121635831648,0.001145286881891481,5.991228197104467,0.025,0.0,-0.03,0.0,1.0,0.0,0.015
29,0.9666478073625796,62,0.04114130372583336,0.0,-0.04124021280876758,0.01124021280876758,0.0037597871912324193,7.519574382464839,0.002171391842024228,0.0012827642426573754,4.511744629478903,0.025,0.0,-0.03,0.0,1.0,0.0,0.015
29,0.9666478073625796,63,0.040975585645084356,0.0,-0.042475697021546924,0.012475697021546925,0.0025243029784530746,5.048605956906149,0.002087728401800807,0.0013839257144920417,3.0291635741436895,0.025,0.0,-0.03,0.0,1.0,0.0,0.015
29,0.9666478073625796,64,0.03986062335277311,0.0,-0.043027275868819805,0.013027275868819806,0.001972724131180194,3.9454482623603875,0.00196833920864142,0.0014920196124196974,2.3672689574162322,0.025,0.0,-0.03,0.0,1.0,0.0,0.015
29,0.9666478073625796,65,0.03873973543963744,0.0,-0.043566671945207025,0.013566671945207026,0.0014333280547929733,2.8666561095859464,0.0017925430247519047,0.001527643963479779,1.7199936657515678,0.025,0.0,-0.03,0.0,1.0,0.0,0.015
29,0.9666478073625796,66,0.037612611629194034,0.0,-0.04409287080916508,0.014092870809165083,0.0009071291908349169,1.8142583816698337,0.001654157676904523,0.001639262414420016,1.0885550290019002,0.025,0.0,-0.03,0.0,1.0,0.0,0.015
29,0.9666478073625796,67,0.03647899562195534,0.0,-0.044604889879515754,0.014604889879515755,0.0003951101204842447,0.7902202409684894,0.0014810980834342347,0.00167581939700062,0.47413214458109365,0.025,0.0,-0.03,0.0,1.0,0.0,0.015
30,0.9999804903750823,0,0.0,0.0,-0.01563694055735431,0.014363059442645688,0.000636940557354311,1.273881114708622,0.0,0.0,0.7643286688251731,0.025,0.0,-0.03,0.0,1.0,0.0,0.015
30,0.9999804903750823,41,0.041719221372518815,0.0,-0.01612483287855087,0.01387516712144913,0.0011248328785508702,2.24966575710174,-0.002482778289547228,0.000493540045858566,1.349799454261044,0.025,0.0,-0.03,0.0,1.0,0.0,0.015
30,0.9999804903750823,42,0.042218941347316075,0.0,-0.017267092802084095,0.012732907197915904,0.0022670928020840954,4.534185604168191,-0.002323695181928141,0.0004169028250445721,2.7205113625009143,0.025,0.0,-0.03,0.0,1.0,0.0,0.015
30,0.9999804903750823,43,0.04271836843725082,0.0,-0.018409480297445817,0.011590519702554182,0.0034094802974458174,6.818960594891635,-0.002442180762331477,0.00046408459850758954,4.091376356934981,0.025,0.0,-0.03,0.0,1.0,0.0,0.015
30,0.9999804903750823,44,0.04321878336814489,0.0,-0.0195514334935171,0.0104485665064829,0.004551433493517099,9.102866987034199,-0.0023711634941007962,0.0004262267399986362,5.461720192220519,0.025,0.0,-0.03,0.0,1.0,0.0,0.015
30,0.9999804903750823,45,0.04372146277860329,0.0,-0.020692386434651714,0.009307613565348285,0.005692386434651715,11.38477286930343,-0.0024092010356345566,0.0004367985434802963,6.830863721582057,0.025,0.0,-0.03,0.0,1.0,0.0,0.015
30,0.9999804903750823,46,0.04422767628376322,0.0,-0.021831768657185238,0.00816823134281476,0.006831768657185239,13.663537314370478,-0.002410841476801681,0.00042906799405686123,8.198122388622286,0.025,0.0,-0.03,0.0,1.0,0.0,0.015
30,0.9999804903750823,47,0.04473332054566963,0.0,-0.02297051330552498,0.007029486694475021,0.007970513305524979,15.941026611049958,-0.002382737964280017,0.0004212080606596123,9.564615966629974,0.025,0.0,-0.03,0.0,1.0,0.0,0.015
30,0.9999804903750823,48,0.04448913680874992,0.0,-0.024192887610568498,0.005807112389431501,0.009192887610568499,18.385775221137,-0.002428919238844335,0.00031032192446982194,11.031465132682198,0.025,0.0,-0.03,0.0,1.0,0.0,0.015
30,0.9999804903750823,49,0.044238848396171544,0.0,-0.025414037164182543,0.004585962835817456,0.010414037164182544,20.828074328365087,-0.002308245193928159,0.0002262352981861332,12.496844597019052,0.025,0.0,-0.03,0.0,1.0,0.0,0.015
30,0.9999804903750823,50,0.043983881848994814,0.0,-0.026634225728940617,0.0033657742710593817,0.011634225728940618,23.268451457881234,-0.0024151476128600304,9.602062521220944e-05,13.96107087472874,0.025,0.0,-0.03,0.0,1.0,0.0,0.015
30,0.9999804903750823,51,0.043725669073227176,0.0,-0.027853737565279,0.0021462624347209983,0.012853737565279001,25.707475130558002,-0.0022422499570508426,2.1004360116211876e-05,15.4244850783348,0.025,0.0,-0.03,0.0,1.0,0.0,0.015
30,0.9999804903750823,52,0.04346564656795559,0.0,-0.02907286655562062,0.0009271334443793772,0.014072866555620622,28.145733111241245,-0.0023874227863125465,0.00012031560006097534,16.887439866744746,0.025,0.0,-0.03,0.0,1.0,0.0,0.015
30,0.9999804903750823,53,0.04320525224884522,0.0,-0.030291917525719383,0.00029191752571938387,0.014708082474280616,29.41616494856123,0.0021859199737947004,0.0001920992494421795,17.64969896913674,0.025,0.0,-0.03,0.0,1.0,0.0,0.015
30,0.9999804903750823,54,0.042945698123090736,0.0,-0.03151117958318567,0.0015111795831856678,0.013488820416814332,26.977640833628662,0.002349308392883072,0.00034072859383646426,16.186584500177197,0.025,0.0,-0.03,0.0,1.0,0.0,0.015
30,0.9999804903750823,55,0.04268799048845171,0.0,-0.032730897818438735,0.0027308978184387364,0.012269102181561263,24.538204363122524,0.002134092750877798,0.0004148851240622054,14.722922617873515,0.025,0.0,-0.03,0.0,1.0,0.0,0.015
30,0.9999804903750823,56,0.042433510879538346,0.0,-0.03395134583933561,0.00395134583933561,0.01104865416066439,22.09730832132878,0.0023035531067026314,0.0005676159956085328,13.258384992797266,0.025,0.0,-0.03,0.0,1.0,0.0,0.015
30,0.9999804903750823,57,0.04218419843380725,0.0,-0.03517289892417965,0.005172898924179652,0.009827101075820348,19.654202151640696,0.0020898970661144883,0.0006475831039215481,11.792521290984418,0.025,0.0,-0.03,0.0,1.0,0.0,0.015
30,0.9999804903750823,58,0.041942577836041835,0.0,-0.03639599642541503,0.006395996425415031,0.008604003574584969,17.208007149169937,0.0022465585366664414,0.000798166288156779,10.324804289501962,0.025,0.0,-0.03,0.0,1.0,0.0,0.015
30,0.9999804903750823,59,0.04171115687925829,0.0,-0.03762103922317931,0.007621039223179311,0.007378960776820688,14.757921553641376,0.0020633835288819276,0.000887713700265004,8.854752932184825,0.025,0.0,-0.03,0.0,1.0,0.0,0.015
30,0.9999804903750823,60,0.04149204455232178,0.0,-0.03884831030305353,0.008848310303053532,0.006151689696946468,12.303379393892936,0.0021812850941476678,0.0010295100810345707,7.382027636335761,0.025,0.0,-0.03,0.0,1.0,0.0,0.015
30,0.9999804903750823,61,0.04128733623866728,0.0,-0.0400780303814931,0.010078030381493103,0.004921969618506897,9.843939237013794,0.0020486605118739077,0.0011301607737745053,5.906363542208276,0.025,0.0,-0.03,0.0,1.0,0.0,0.015
30,0.9999804903750823,62,0.041099111187024605,0.0,-0.04131033926655149,0.011310339266551492,0.0036896607334485076,7.379321466897015,0.0021156183717522255,0.0012615652360332943,4.427592880138209,0.025,0.0,-0.03,0.0,1.0,0.0,0.015
30,0.9999804903750823,63,0.04092942669904171,0.0,-0.04254529301118402,0.012545293011184018,0.0024547069888159814,4.909413977631963,0.002046232067450091,0.0013636215666179847,2.9456483865791774,0.025,0.0,-0.03,0.0,1.0,0.0,0.015
30,0.9999804903750823,64,0.03981195518536339,0.0,-0.04309178198456387,0.013091781984563872,0.0019082180154361278,3.8164360308722554,0.0019221622478535127,0.001463361589804146,2.289861618523353,0.025,0.0,-0.03,0.0,1.0,0.0,0.015
30,0.9999804903750823,65,0.038688607621351866,0.0,-0.043626048463792665,0.013626048463792666,0.0013739515362073337,2.7479030724146676,0.0017530511644996269,0.0015041626040371726,1.6487418434488006,0.025,0.0,-0.03,0.0,1.0,0.0,0.015
30,0.9999804903750823,66,0.03755907989560453,0.0,-0.0441470793709517,0.0141470793709517,0.0008529206290482996,1.7058412580965991,0.0016140932755424767,0.001607292026959216,1.0235047548579594,0.025,0.0,-0.03,0.0,1.0,0.0,0.015
30,0.9999804903750823,67,0.036423121753179306,0.0,-0.04465389369272195,0.01465389369272195,0.00034610630727804903,0.6922126145560981,0.0014459946408799885,0.0016465164499378036,0.41532756873365884,0.025,0.0,-0.03,0.0,1.0,0.0,0.015
31,1.033313173387585,0,0.0,0.0,-0.01563694055735431,0.014363059442645688,0.000636940557354311,1.273881114708622,0.0,0.0,0.7643286688251731,0.025,0.0,-0.03,0.0,1.0,0.0,0.015
31,1.033313173387585,40,0.041232826595668605,0.0,-0.015062043013304167,0.014937956986695831,6.2043013304168e-05,0.12408602660833601,-0.002332440463367738,0.000434576582389551,0.0744516159650016,0.025,0.0,-0.03,0.0,1.0,0.0,0.015
31,1.033313173387585,41,0.04173396824870752,0.0,-0.01620369057645967,0.013796309423540327,0.001203690576459672,2.407381152919344,-0.0023367673254040934,0.00043081687870960686,1.4444286917516063,0.025,0.0,-0.03,0.0,1.0,0.0,0.015
31,1.033313173387585,42,0.04223353469157638,0.0,-0.017346030994521526,0.012653969005478473,0.0023460309945215266,4.6920619890430535,-0.0023592060773281994,0.0004349537278359783,2.815237193425832,0.025,0.0,-0.03,0.0,1.0,0.0,0.015
31,1.033313173387585,43,0.04273280188986599,0.0,-0.01848850229229912,0.01151149770770088,0.00348850229229912,6.97700458459824,-0.0023208956291722272,0.0004117571148178301,4.186202750758944,0.025,0.0,-0.03,0.0,1.0,0.0,0.015
31,1.033313173387585,44,0.04323304668409417,0.0,-0.01963054338672427,0.010369456613275728,0.0046305433867242715,9.261086773448543,-0.0023830820090018855,0.0004331278970275114,5.556652064069126,0.025,0.0,-0.03,0.0,1.0,0.0,0.015
31,1.033313173387585,45,0.04373554273164461,0.0,-0.020771591067395536,0.009228408932604463,0.005771591067395537,11.543182134791072,-0.0023111990079973613,0.0003940739419105189,6.925909280874643,0.025,0.0,-0.03,0.0,1.0,0.0,0.015
31,1.033313173387585,46,0.04424155591176221,0.0,-0.021911075816577114,0.008088924183422885,0.006911075816577114,13.822151633154228,-0.002401148068129843,0.0004246211215738973,8.293290979892536,0.025,0.0,-0.03,0.0,1.0,0.0,0.015
31,1.033313173387585,47,0.044746982352588074,0.0,-0.023049932707108364,0.006950067292891635,0.008049932707108364,16.09986541421673,-0.0023034278836911045,0.00039519115626000453,9.659919248530038,0.025,0.0,-0.03,0.0,1.0,0.0,0.015
31,1.033313173387585,48,0.044499426137237015,0.0,-0.024271641066316338,0.005728358933683661,0.009271641066316338,18.543282132632676,-0.0024077147273589465,0.0002873079668292559,11.125969279579605,0.025,0.0,-0.03,0.0,1.0,0.0,0.015
31,1.033313173387585,49,0.04424573374850167,0.0,-0.02549210076088642,0.004507899239113579,0.01049210076088642,20.984201521772842,-0.002235390101290511,0.0002151330512387176,12.590520913063704,0.025,0.0,-0.03,0.0,1.0,0.0,0.015
31,1.033313173387585,50,0.04398732750598417,0.0,-0.02671157830422247,0.003288421695777529,0.01171157830422247,23.42315660844494,-0.002390272828193111,7.748962984408238e-05,14.053893965066964,0.025,0.0,-0.03,0.0,1.0,0.0,0.015
31,1.033313173387585,51,0.04372563506666199,0.0,-0.027930360973269557,0.0020696390267304424,0.012930360973269557,25.860721946539115,-0.00217382150146871,1.4496392867371557e-05,15.516433167923468,0.025,0.0,-0.03,0.0,1.0,0.0,0.015
31,1.033313173387585,52,0.04346208862972701,0.0,-0.02914874607911174,0.0008512539208882577,0.014148746079111742,28.297492158223484,-0.002358807726684394,0.00013297046855835964,16.97849529493409,0.025,0.0,-0.03,0.0,1.0,0.0,0.015
31,1.033313173387585,53,0.04319812196832206,0.0,-0.030367041348595462,0.0003670413485954635,0.014632958651404536,29.265917302809072,0.0021225024338550947,0.00019426051374946338,17.559550381685444,0.025,0.0,-0.03,0.0,1.0,0.0,0.015
31,1.033313173387585,54,0.04293492954835601,0.0,-0.03158553631706456,0.0015855363170645606,0.013414463682935439,26.82892736587088,0.002315475864937122,0.00034690366678293146,16.097356419522526,0.025,0.0,-0.03,0.0,1.0,0.0,0.015
31,1.033313173387585,55,0.042673508831014444,0.0,-0.03280447606762493,0.0028044760676249336,0.012195523932375066,24.39104786475013,0.0020770658907431666,0.00041294903723791037,14.634628718850077,0.025,0.0,-0.03,0.0,1.0,0.0,0.015
31,1.033313173387585,56,0.042415251506084925,0.0,-0.03402414150802901,0.00402414150802901,0.01097585849197099,21.951716983941978,0.002265464775146678,0.0005673095199706618,13.171030190365187,0.025,0.0,-0.03,0.0,1.0,0.0,0.015
31,1.033313173387585,57,0.042162108916602735,0.0,-0.03524491623839224,0.005244916238392239,0.00975508376160776,19.51016752321552,0.0020365507322658706,0.000640821938909697,11.706100513929313,0.025,0.0,-0.03,0.0,1.0,0.0,0.015
31,1.033313173387585,58,0.04191662167699275,0.0,-0.036467252751480224,0.006467252751480225,0.008532747248519774,17.06549449703955,0.0022054875549525053,0.0007915543224254509,10.239296698223729,0.025,0.0,-0.03,0.0,1.0,0.0,0.015
31,1.033313173387585,59,0.04168131090881893,0.0,-0.03769156306351433,0.007691563063514331,0.007308436936485668,14.616873872971336,0.002014139412177462,0.0008762419311005899,8.7701243237828,0.025,0.0,-0.03,0.0,1.0,0.0,0.015
31,1.033313173387585,60,0.04145829613633315,0.0,-0.03891813991378737,0.00891813991378737,0.006081860086212629,12.163720172425258,0.002137248141683588,0.0010165800660352487,7.298232103455154,0.025,0.0,-0.03,0.0,1.0,0.0,0.015
31,1.033313173387585,61,0.041249683836433695,0.0,-0.040147212093463135,0.010147212093463136,0.004852787906536864,9.705575813073727,0.0020022688023211173,0.0011137012378461034,5.823345487844236,0.025,0.0,-0.03,0.0,1.0,0.0,0.015
31,1.033313173387585,62,0.041057564537057646,0.0,-0.04137892817674324,0.011378928176743242,0.003621071823256758,7.242143646513516,0.0020695546728017713,0.001242526283683954,4.345286187908109,0.025,0.0,-0.03,0.0,1.0,0.0,0.015
31,1.033313173387585,63,0.04088400736025196,0.0,-0.04261335140352438,0.012613351403524382,0.002386648596475617,4.773297192951234,0.0020014764442788323,0.0013431188302625182,2.86397831577074,0.025,0.0,-0.03,0.0,1.0,0.0,0.015
31,1.033313173387585,64,0.03976409736339103,0.0,-0.04315483689980243,0.01315483689980243,0.0018451631001975694,3.6903262003951385,0.001877513377744886,0.0014366133628276193,2.214195720237083,0.025,0.0,-0.03,0.0,1.0,0.0,0.015
31,1.033313173387585,65,0.03863836011723865,0.0,-0.04368406101419397,0.01368406101419397,0.0013159389858060297,2.6318779716120595,0.0017146014833813047,0.0014825761064904623,1.5791267829672357,0.025,0.0,-0.03,0.0,1.0,0.0,0.015
31,1.033313173387585,66,0.0375064975346176,0.0,-0.04420001206939726,0.014200012069397264,0.0007999879306027358,1.5999758612054715,0.0015738039846036058,0.00157403335088771,0.9599855167232829,0.025,0.0,-0.03,0.0,1.0,0.0,0.015
31,1.033313173387585,67,0.0363682653223099,0.0,-0.04470171063319806,0.014701710633198063,0.00029828936680193624,0.5965787336038725,0.0014134426435566136,0.0016225123958557477,0.3579472401623235,0.025,0.0,-0.03,0.0,1.0,0.0,0.015
32,1.0666458564000878,0,0.0,0.0,-0.01563694055735431,0.014363059442645688,0.000636940557354311,1.273881114708622,0.0,0.0,0.7643286688251731,0.025,0.0,-0.03,0.0,1.0,0.0,0.015
32,1.0666458564000878,40,0.041247106342381476,0.0,-0.015139198653863368,0.014860801346136631,0.00013919865386336806,0.2783973077267361,-0.0021871505782049207,0.0003728764235159773,0.16703838463604165,0.025,0.0,-0.03,0.0,1.0,0.0,0.015
32,1.0666458564000878,41,0.04174808819051548,0.0,-0.01628092935178051,0.013719070648219488,0.001280929351780511,2.5618587035610223,-0.0023836255983069833,0.0004549481564041097,1.5371152221366133,0.025,0.0,-0.03,0.0,1.0,0.0,0.015
32,1.0666458564000878,42,0.04224749191970219,0.0,-0.017423354515830988,0.012576645484169011,0.002423354515830988,4.846709031661976,-0.00222051264213015,0.0003759115031410851,2.9080254189971853,0.025,0.0,-0.03,0.0,1.0,0.0,0.015
32,1.0666458564000878,43,0.042746589696880534,0.0,-0.018565912964890772,0.011434087035109227,0.0035659129648907724,7.131825929781545,-0.0023578493997034435,0.00043078422887263447,4.279095557868927,0.025,0.0,-0.03,0.0,1.0,0.0,0.015
32,1.0666458564000878,44,0.04324665530873791,0.0,-0.01970804605671095,0.01029195394328905,0.004708046056710949,9.416092113421898,-0.002258869025922863,0.00037981565317828656,5.649655268053139,0.025,0.0,-0.03,0.0,1.0,0.0,0.015
32,1.0666458564000878,45,0.043748958843903896,0.0,-0.020849191798315448,0.00915080820168455,0.005849191798315449,11.698383596630897,-0.002329857684014709,0.00040444855405332103,7.019030157978539,0.025,0.0,-0.03,0.0,1.0,0.0,0.015
32,1.0666458564000878,46,0.04425476309954659,0.0,-0.02198878287178539,0.00801121712821461,0.006988782871785389,13.977565743570779,-0.0022991176001199375,0.00038201751389109093,8.386539446142466,0.025,0.0,-0.03,0.0,1.0,0.0,0.015
32,1.0666458564000878,47,0.044759963328128434,0.0,-0.023127755142617768,0.006872244857382231,0.008127755142617769,16.255510285235538,-0.0023008575803586885,0.0003824064627845858,9.753306171141322,0.025,0.0,-0.03,0.0,1.0,0.0,0.015
32,1.0666458564000878,48,0.04450911501256461,0.0,-0.024348804219618034,0.005651195780381965,0.009348804219618034,18.69760843923607,-0.002321182338084798,0.0002760144108217104,11.218565063541641,0.025,0.0,-0.03,0.0,1.0,0.0,0.015
32,1.0666458564000878,49,0.04425209993970837,0.0,-0.02556858089331645,0.00443141910668355,0.01056858089331645,21.1371617866329,-0.0022235533475746657,0.0001933027648944583,12.682297071979738,0.025,0.0,-0.03,0.0,1.0,0.0,0.015
32,1.0666458564000878,50,0.04399033621237449,0.0,-0.026787354689040213,0.0032126453109597858,0.011787354689040214,23.574709378080428,-0.0023130385366554405,7.091214322714202e-05,14.144825626848256,0.025,0.0,-0.03,0.0,1.0,0.0,0.015
32,1.0666458564000878,51,0.043725247312175926,0.0,-0.028005415604573463,0.001994584395426536,0.013005415604573464,26.01083120914693,-0.00215255247085697,6.980564300129571e-07,15.606498725488157,0.025,0.0,-0.03,0.0,1.0,0.0,0.015
32,1.0666458564000878,52,0.04345826116920162,0.0,-0.029223064289115867,0.0007769357108841322,0.014223064289115867,28.446128578231736,-0.002292457378803201,0.0001367705938502376,17.06767714693904,0.025,0.0,-0.03,0.0,1.0,0.0,0.015
32,1.0666458564000878,53,0.043190807422860945,0.0,-0.030440611395508552,0.00044061139550855347,0.014559388604491446,29.11877720898289,0.0020913116461146624,0.00020239023912994655,17.471266325389735,0.025,0.0,-0.03,0.0,1.0,0.0,0.015
32,1.0666458564000878,54,0.04292406334001927,0.0,-0.03165834648892574,0.0016583464889257382,0.013341653511074261,26.683307022148522,0.0022549600601734577,0.0003469182605378371,16.009984213289112,0.025,0.0,-0.03,0.0,1.0,0.0,0.015
32,1.0666458564000878,55,0.04265901765438679,0.0,-0.03287651485142435,0.0028765148514243513,0.012123485148575648,24.246970297151297,0.0020455547624273263,0.00041561089558481644,14.548182178290777,0.025,0.0,-0.03,0.0,1.0,0.0,0.015
32,1.0666458564000878,56,0.04239707196413245,0.0,-0.034095404344910304,0.004095404344910306,0.010904595655089694,21.809191310179386,0.0022064051781443958,0.0005624131440998978,13.085514786107632,0.025,0.0,-0.03,0.0,1.0,0.0,0.015
32,1.0666458564000878,57,0.04214018951734929,0.0,-0.03531540695522458,0.005315406955224582,0.009684593044775418,19.369186089550837,0.00200395503994519,0.0006378272031794229,11.621511653730503,0.025,0.0,-0.03,0.0,1.0,0.0,0.015
32,1.0666458564000878,58,0.041890926525450956,0.0,-0.03653698801648672,0.006536988016486722,0.008463011983513277,16.926023967026556,0.002150486959978561,0.0007821499336503971,10.155614380215933,0.025,0.0,-0.03,0.0,1.0,0.0,0.015
32,1.0666458564000878,59,0.041651817001074384,0.0,-0.03776057059748407,0.0077605705974840705,0.007239429402515929,14.478858805031859,0.001976598299907714,0.0008668284909989768,8.687315283019116,0.025,0.0,-0.03,0.0,1.0,0.0,0.015
32,1.0666458564000878,60,0.04142499072281703,0.0,-0.03898645693476365,0.008986456934763652,0.006013543065236347,12.027086130472695,0.002086888637155603,0.001002685711560478,7.216251678283617,0.025,0.0,-0.03,0.0,1.0,0.0,0.015
32,1.0666458564000878,61,0.04121256493971299,0.0,-0.040214883892632836,0.010214883892632837,0.004785116107367163,9.570232214734325,0.0019613851894655096,0.0010983510651112684,5.742139328840595,0.025,0.0,-0.03,0.0,1.0,0.0,0.015
32,1.0666458564000878,62,0.041016641164866474,0.0,-0.041446008585955624,0.011446008585955625,0.0035539914140443746,7.107982828088749,0.0020221386892757365,0.0012237040915770428,4.264789696853249,0.025,0.0,-0.03,0.0,1.0,0.0,0.015
32,1.0666458564000878,63,0.04083930001215477,0.0,-0.04267990143938981,0.01267990143938981,0.00232009856061019,4.64019712122038,0.0019582958376674047,0.001323025155129916,2.784118272732228,0.025,0.0,-0.03,0.0,1.0,0.0,0.015
32,1.0666458564000878,64,0.039717020704474214,0.0,-0.04321647002589622,0.013216470025896224,0.0017835299741037758,3.5670599482075516,0.001834321224530825,0.0014116670508597983,2.140235968924531,0.025,0.0,-0.03,0.0,1.0,0.0,0.015
32,1.0666458564000878,65,0.038588962170727645,0.0,-0.043740739205963684,0.013740739205963685,0.001259260794036314,2.518521588072628,0.0016761820559767445,0.0014597541485628469,1.511112952843577,0.025,0.0,-0.03,0.0,1.0,0.0,0.015
32,1.0666458564000878,66,0.03745483224958778,0.0,-0.04425169871048474,0.01425169871048474,0.0007483012895152588,1.4966025790305175,0.0015357145857182427,0.0015443139911730471,0.8979615474183105,0.025,0.0,-0.03,0.0,1.0,0.0,0.015
32,1.0666458564000878,67,0.036314392459476916,0.0,-0.0447483707223851,0.0147483707223851,0.00025162927761489956,0.5032585552297991,0.0013803852772811458,0.0015960791212718205,0.3019551331378795,0.025,0.0,-0.03,0.0,1.0,0.0,0.015
33,1.0999785394125905,0,0.0,0.0,-0.01563694055735431,0.014363059442645688,0.000636940557354311,1.273881114708622,0.0,0.0,0.7643286688251731,0.025,0.0,-0.03,0.0,1.0,0.0,0.015
33,1.0999785394125905,40,0.04126080040529964,0.0,-0.015214769721540304,0.014785230278459694,0.000214769721540305,0.42953944308061,-0.0021692149460060665,0.0003688530912909957,0.257723665848366,0.025,0.0,-0.03,0.0,1.0,0.0,0.015
33,1.0999785394125905,41,0.041761614749778214,0.0,-0.01635658765533887,0.01364341234466113,0.0013565876553388694,2.7131753106777388,-0.0023178019732049224,0.000429058431393668,1.6279051864066432,0.025,0.0,-0.03,0.0,1.0,0.0,0.015
33,1.0999785394125905,42,0.042260847333698004,0.0,-0.017499100076783788,0.012500899923216211,0.0024991000767837883,4.998200153567576,-0.0021840016896933832,0.00036294188736252377,2.9989200921405454,0.025,0.0,-0.03,0.0,1.0,0.0,0.015
33,1.0999785394125905,43,0.04275976791085016,0.0,-0.01864174949356281,0.011358250506437188,0.003641749493562812,7.283498987125624,-0.0023078892254069145,0.0004114775834424828,4.370099392275374,0.025,0.0,-0.03,0.0,1.0,0.0,0.015
33,1.0999785394125905,44,0.04325964620777584,0.0,-0.01978397723828538,0.01021602276171462,0.004783977238285379,9.567954476570758,-0.0022105340735941743,0.00036101639827941886,5.740772685942455,0.025,0.0,-0.03,0.0,1.0,0.0,0.015
33,1.0999785394125905,45,0.043761749717060185,0.0,-0.020925224507327127,0.009074775492672871,0.005925224507327128,11.850449014654256,-0.0022881017488693323,0.0003883485233034779,7.110269408792553,0.025,0.0,-0.03,0.0,1.0,0.0,0.015
33,1.0999785394125905,46,0.04426733751718943,0.0,-0.022064924547460684,0.007935075452539315,0.007064924547460685,14.129849094921369,-0.002246764455368485,0.0003610182426482278,8.47790945695282,0.025,0.0,-0.03,0.0,1.0,0.0,0.015
33,1.0999785394125905,47,0.04477230459381059,0.0,-0.02320401519554524,0.006795984804454758,0.008204015195545242,16.408030391090485,-0.0022606903390122632,0.0003645261413524317,9.84481823465429,0.025,0.0,-0.03,0.0,1.0,0.0,0.015
33,1.0999785394125905,48,0.04451824108560385,0.0,-0.02442441125417461,0.00557558874582539,0.009424411254174609,18.84882250834922,-0.002269156390459003,0.00026056745986681695,11.309293505009531,0.025,0.0,-0.03,0.0,1.0,0.0,0.015
33,1.0999785394125905,49,0.04425798105584585,0.0,-0.02564351197651292,0.004356488023487079,0.01064351197651292,21.28702395302584,-0.00218231320733279,0.00017836288550783936,12.772214371815505,0.025,0.0,-0.03,0.0,1.0,0.0,0.015
33,1.0999785394125905,50,0.043992938550876104,0.0,-0.026861588971033974,0.0031384110289660247,0.011861588971033975,23.72317794206795,-0.002264698165015149,5.949967685907178e-05,14.23390676524077,0.025,0.0,-0.03,0.0,1.0,0.0,0.015
33,1.0999785394125905,51,0.04372453274729299,0.0,-0.028078935692721414,0.0019210643072785846,0.013078935692721415,26.157871385442828,-0.0021068592942092485,9.891209027752268e-06,15.694722831265697,0.025,0.0,-0.03,0.0,1.0,0.0,0.015
33,1.0999785394125905,52,0.04345418752604113,0.0,-0.029295855162019272,0.0007041448379807268,0.014295855162019273,28.591710324038544,-0.002250498620330936,0.00014479878105187223,17.155026194423126,0.025,0.0,-0.03,0.0,1.0,0.0,0.015
33,1.0999785394125905,53,0.04318332824215468,0.0,-0.030512661736787017,0.0005126617367870179,0.014487338263212982,28.974676526425963,0.002039736220112002,0.00020544358128023527,17.384805915855576,0.025,0.0,-0.03,0.0,1.0,0.0,0.015
33,1.0999785394125905,54,0.04291311544945209,0.0,-0.03172964397670723,0.001729643976707232,0.013270356023292768,26.540712046585536,0.002216472198942191,0.00035082214894049046,15.924427227951321,0.025,0.0,-0.03,0.0,1.0,0.0,0.015
33,1.0999785394125905,55,0.042644529120864576,0.0,-0.03294704821004324,0.0029470482100432405,0.012052951789956759,24.10590357991352,0.0019949051508867926,0.0004138084163911141,14.463542147948111,0.025,0.0,-0.03,0.0,1.0,0.0,0.015
33,1.0999785394125905,56,0.04237898066584904,0.0,-0.03416516820970215,0.004165168209702148,0.010834831790297851,21.669663580595703,0.0021674526766747642,0.0005610592868950471,13.001798148357421,0.025,0.0,-0.03,0.0,1.0,0.0,0.015
33,1.0999785394125905,57,0.04211844477796435,0.0,-0.0353844051937909,0.005384405193790902,0.009615594806209098,19.231189612418195,0.0019548740777051415,0.0006313361580301004,11.538713767450917,0.025,0.0,-0.03,0.0,1.0,0.0,0.015
33,1.0999785394125905,58,0.04186549312027471,0.0,-0.036605236207525566,0.006605236207525567,0.008394763792474433,16.789527584948864,0.002112226853229312,0.0007756248268870204,10.073716550969317,0.025,0.0,-0.03,0.0,1.0,0.0,0.015
33,1.0999785394125905,59,0.041622672025830504,0.0,-0.03782809610743393,0.00782809610743393,0.00717190389256607,14.34380778513214,0.001926482900608495,0.0008550439948398429,8.606284671079283,0.025,0.0,-0.03,0.0,1.0,0.0,0.015
33,1.0999785394125905,60,0.041392121398147165,0.0,-0.0390532956578864,0.009053295657886401,0.0059467043421135984,11.893408684227197,0.002049000592610594,0.0009908761975448576,7.1360452105363175,0.025,0.0,-0.03,0.0,1.0,0.0,0.015
33,1.0999785394125905,61,0.041175968845834146,0.0,-0.040281080389943213,0.010281080389943215,0.004718919610056785,9.43783922011357,0.001912630937029591,0.0010818369965763833,5.662703532068142,0.025,0.0,-0.03,0.0,1.0,0.0,0.015
33,1.0999785394125905,62,0.04097632666770225,0.0,-0.04151161527506024,0.011511615275060241,0.003488384724939758,6.976769449879516,0.0019821036270929794,0.001206293159698726,4.186061669927709,0.025,0.0,-0.03,0.0,1.0,0.0,0.015
33,1.0999785394125905,63,0.04079528660197146,0.0,-0.042744978246222295,0.012744978246222297,0.002255021753777703,4.510043507555405,0.001912885959556409,0.0013015908637916413,2.706026104533243,0.025,0.0,-0.03,0.0,1.0,0.0,0.015
33,1.0999785394125905,64,0.039670705218805315,0.0,-0.043276715735431306,0.013276715735431308,0.0017232842645686919,3.4465685291373838,0.001793763587478518,0.0013900207148663665,2.0679411174824303,0.025,0.0,-0.03,0.0,1.0,0.0,0.015
33,1.0999785394125905,65,0.0385403918620532,0.0,-0.04379611666954786,0.013796116669547859,0.0012038833304521407,2.407766660904281,0.0016374744245964312,0.0014346776733254352,1.4446599965425686,0.025,0.0,-0.03,0.0,1.0,0.0,0.015
33,1.0999785394125905,66,0.03740406018207004,0.0,-0.044302172181849724,0.014302172181849725,0.0006978278181502748,1.3956556363005497,0.0014997950836753559,0.0015178322710694277,0.8373933817803297,0.025,0.0,-0.03,0.0,1.0,0.0,0.015
33,1.0999785394125905,67,0.036261477425726385,0.0,-0.044793906071835254,0.014793906071835256,0.00020609392816474392,0.41218785632948785,0.001347368122424035,0.0015682004989673373,0.2473127137976927,0.025,0.0,-0.03,0.0,1.0,0.0,0.015
34,1.1333112224250932,0,0.0,0.0,-0.01563694055735431,0.014363059442645688,0.000636940557354311,1.273881114708622,0.0,0.0,0.7643286688251731,0.025,0.0,-0.03,0.0,1.0,0.0,0.015
34,1.1333112224250932,40,0.04127393721213174,0.0,-0.015288795357960744,0.014711204642039255,0.00028879535796074406,0.5775907159214881,-0.0021592503555364338,0.00036858955239506893,0.3465544295528929,0.025,0.0,-0.03,0.0,1.0,0.0,0.015
34,1.1333112224250932,41,0.04177457628682495,0.0,-0.016430702086173848,0.013569297913826151,0.0014307020861738483,2.8614041723476964,-0.002242691449185971,0.000399426017376074,1.7168425034086179,0.025,0.0,-0.03,0.0,1.0,0.0,0.015
34,1.1333112224250932,42,0.042273631055954386,0.0,-0.017573305799462112,0.012426694200537887,0.0025733057994621125,5.146611598924225,-0.0021613697041897783,0.0003564320811871636,3.0879669593545347,0.025,0.0,-0.03,0.0,1.0,0.0,0.015
34,1.1333112224250932,43,0.04277236682052141,0.0,-0.018716047923371823,0.011283952076628176,0.0037160479233718235,7.432095846743647,-0.0022452726313203154,0.00038695663061474324,4.459257508046188,0.025,0.0,-0.03,0.0,1.0,0.0,0.015
34,1.1333112224250932,44,0.04327205123541935,0.0,-0.019858374019263013,0.010141625980736986,0.004858374019263013,9.716748038526028,-0.0021765918357069193,0.0003490305802307219,5.830048823115616,0.025,0.0,-0.03,0.0,1.0,0.0,0.015
34,1.1333112224250932,45,0.04377394758899941,0.0,-0.02099972466964338,0.009000275330356619,0.00599972466964338,11.99944933928676,-0.0022359739636750985,0.0003679678672847067,7.199669603572056,0.025,0.0,-0.03,0.0,1.0,0.0,0.015
34,1.1333112224250932,46,0.04427931275582789,0.0,-0.02213953688910096,0.007860463110899038,0.007139536889100961,14.279073778201923,-0.002203893710004962,0.00034476939687398477,8.567444266921154,0.025,0.0,-0.03,0.0,1.0,0.0,0.015
34,1.1333112224250932,47,0.044784040421827175,0.0,-0.023278747724198377,0.006721252275801622,0.008278747724198378,16.557495448396757,-0.002216879983492388,0.00034628022578158616,9.934497269038054,0.025,0.0,-0.03,0.0,1.0,0.0,0.015
34,1.1333112224250932,48,0.044526835829025856,0.0,-0.024498497723184666,0.005501502276815333,0.009498497723184667,18.996995446369333,-0.0022190431754176457,0.0002459762572014536,11.3981972678216,0.025,0.0,-0.03,0.0,1.0,0.0,0.015
34,1.1333112224250932,49,0.04426340583963635,0.0,-0.025716928994331253,0.004283071005668746,0.010716928994331253,21.433857988662506,-0.0021452025239598153,0.000163578713646331,12.860314793197503,0.025,0.0,-0.03,0.0,1.0,0.0,0.015
34,1.1333112224250932,50,0.04399516027383661,0.0,-0.0269343167151235,0.0030656832848765005,0.011934316715123499,23.868633430246998,-0.002210237272408735,5.034778359644367e-05,14.3211800581482,0.025,0.0,-0.03,0.0,1.0,0.0,0.015
34,1.1333112224250932,51,0.0437235143246596,0.0,-0.028150956308250905,0.0018490436917490936,0.013150956308250906,26.301912616501813,-0.0020734912664685133,2.086120181175475e-05,15.781147569901087,0.025,0.0,-0.03,0.0,1.0,0.0,0.015
34,1.1333112224250932,52,0.04344988761002606,0.0,-0.029367154274503565,0.0006328457254964337,0.014367154274503566,28.73430854900713,-0.002194565613353126,0.00014903068982204636,17.240585129404277,0.025,0.0,-0.03,0.0,1.0,0.0,0.015
34,1.1333112224250932,53,0.04317570145709601,0.0,-0.03058322755361341,0.0005832275536134107,0.014416772446386589,28.833544892773176,0.0020075081000479845,0.0002118884581126028,17.300126935663904,0.025,0.0,-0.03,0.0,1.0,0.0,0.015
34,1.1333112224250932,54,0.04290209981843863,0.0,-0.03179946442398929,0.0017994644239892887,0.01320053557601071,26.401071152021423,0.0021633483524758205,0.00035092829504574833,15.840642691212853,0.025,0.0,-0.03,0.0,1.0,0.0,0.015
34,1.1333112224250932,55,0.04263005421519242,0.0,-0.033016111477952026,0.003016111477952027,0.011983888522047972,23.967777044095946,0.0019585164873589305,0.0004144882492384436,14.380666226457567,0.025,0.0,-0.03,0.0,1.0,0.0,0.015
34,1.1333112224250932,56,0.04236098545087228,0.0,-0.03423346892442545,0.00423346892442545,0.01076653107557455,21.5330621511491,0.0021188102327028883,0.0005572557128577126,12.91983729068946,0.025,0.0,-0.03,0.0,1.0,0.0,0.015
34,1.1333112224250932,57,0.042096879519503826,0.0,-0.035451946538105315,0.005451946538105316,0.009548053461894683,19.096106923789367,0.0019153833744328939,0.0006263362553135988,11.45766415427362,0.025,0.0,-0.03,0.0,1.0,0.0,0.015
34,1.1333112224250932,58,0.04184032311269877,0.0,-0.03667203340984395,0.006672033409843951,0.008327966590156048,16.655933180312097,0.002066486135450277,0.0007674155863943531,9.993559908187258,0.025,0.0,-0.03,0.0,1.0,0.0,0.015
34,1.1333112224250932,59,0.041593874591258205,0.0,-0.037894175584226655,0.007894175584226656,0.007105824415773343,14.211648831546686,0.0018855651348545334,0.0008447583133779703,8.526989298928012,0.025,0.0,-0.03,0.0,1.0,0.0,0.015
34,1.1333112224250932,60,0.04135968365416415,0.0,-0.03911869253386139,0.00911869253386139,0.005881307466138609,11.762614932277218,0.00200507663369893,0.0009779628467478864,7.057568959366331,0.025,0.0,-0.03,0.0,1.0,0.0,0.015
34,1.1333112224250932,61,0.04113988803188004,0.0,-0.04034583812026373,0.010345838120263733,0.004654161879736267,9.308323759472534,0.0018707113811122532,0.0010664352489385878,5.584994255683521,0.025,0.0,-0.03,0.0,1.0,0.0,0.015
34,1.1333112224250932,62,0.04093661050424505,0.0,-0.04157578520245317,0.01157578520245317,0.003424214797546829,6.848429595093658,0.0019392311783469356,0.0011885369411973527,4.109057757056195,0.025,0.0,-0.03,0.0,1.0,0.0,0.015
34,1.1333112224250932,63,0.04075195365721202,0.0,-0.042808619052734385,0.012808619052734387,0.002191380947265613,4.382761894531225,0.0018704947190816689,0.0012813077520513441,2.6296571367187354,0.025,0.0,-0.03,0.0,1.0,0.0,0.015
34,1.1333112224250932,64,0.03962513535443679,0.0,-0.04333561011261261,0.013335610112612611,0.001664389887387388,3.328779774774776,0.0017537156134338919,0.001367889414141367,1.9972678648648654,0.025,0.0,-0.03,0.0,1.0,0.0,0.015
34,1.1333112224250932,65,0.038492631567463735,0.0,-0.04385022831180941,0.01385022831180941,0.0011497716881905887,2.2995433763811772,0.0016000880553733326,0.0014106465966448388,1.3797260258287063,0.025,0.0,-0.03,0.0,1.0,0.0,0.015
34,1.1333112224250932,66,0.03735416168638754,0.0,-0.044351466182388624,0.014351466182388625,0.0006485338176113742,1.2970676352227484,0.0014647906604073999,0.001491690272604437,0.778240581133649,0.025,0.0,-0.03,0.0,1.0,0.0,0.015
34,1.1333112224250932,67,0.03620949849121311,0.0,-0.044838349184813615,0.014838349184813616,0.00016165081518638297,0.32330163037276594,0.0013153110266309396,0.0015409124854419054,0.19398097822365956,0.025,0.0,-0.03,0.0,1.0,0.0,0.015
35,1.166643905437596,0,0.0,0.0,-0.01563694055735431,0.014363059442645688,0.000636940557354311,1.273881114708622,0.0,0.0,0.7643286688251731,0.025,0.0,-0.03,0.0,1.0,0.0,0.015
35,1.166643905437596,40,0.0412865416129126,0.0,-0.015361311714235708,0.014638688285764291,0.00036131171423570835,0.7226234284714167,-0.00205618329310852,0.0003268235432478431,0.43357405708285,0.025,0.0,-0.03,0.0,1.0,0.0,0.015
35,1.166643905437596,41,0.041786999329141226,0.0,-0.016503310661657663,0.013496689338342336,0.0015033106616576634,3.006621323315327,-0.002247823463805202,0.00040583357430320805,1.803972793989196,0.025,0.0,-0.03,0.0,1.0,0.0,0.015
35,1.166643905437596,42,0.04228586944152165,0.0,-0.01764600741267753,0.01235399258732247,0.00264600741267753,5.29201482535506,-0.002074625660163113,0.0003216928350665133,3.1752088952130357,0.025,0.0,-0.03,0.0,1.0,0.0,0.015
35,1.166643905437596,43,0.0427844142894107,0.0,-0.018788845448731686,0.011211154551268313,0.0037888454487316862,7.5776908974633725,-0.0022364070564431355,0.0003866619262179133,4.546614538478023,0.025,0.0,-0.03,0.0,1.0,0.0,0.015
35,1.166643905437596,44,0.04328389827922774,0.0,-0.01993127172457098,0.010068728275429019,0.0049312717245709806,9.862543449141961,-0.0021020051678216347,0.0003192224835189421,5.917526069485176,0.025,0.0,-0.03,0.0,1.0,0.0,0.015
35,1.166643905437596,45,0.043785581660865276,0.0,-0.021072728621943333,0.008927271378056666,0.006072728621943333,12.145457243886666,-0.0022172928757078587,0.00036293210948304687,7.2872743463319996,0.025,0.0,-0.03,0.0,1.0,0.0,0.015
35,1.166643905437596,46,0.044290718260659584,0.0,-0.022212654829328504,0.007787345170671495,0.007212654829328504,14.425309658657008,-0.0021372782873913298,0.0003188968818092955,8.655185795194205,0.025,0.0,-0.03,0.0,1.0,0.0,0.015
35,1.166643905437596,47,0.0447952012321802,0.0,-0.0233519882233261,0.006648011776673898,0.008351988223326102,16.703976446652202,-0.0021941288463505505,0.0003317476353069573,10.022385867991321,0.025,0.0,-0.03,0.0,1.0,0.0,0.015
35,1.166643905437596,48,0.04453492721698544,0.0,-0.024571098460352516,0.005428901539647483,0.009571098460352517,19.142196920705032,-0.0021511269121012606,0.00023554691087312662,11.48531815242302,0.025,0.0,-0.03,0.0,1.0,0.0,0.015
35,1.166643905437596,49,0.044268399672853544,0.0,-0.02578886749739441,0.0042111325026055885,0.010788867497394411,21.577734994788823,-0.0021287234501124446,0.00014533374355989517,12.946640996873294,0.025,0.0,-0.03,0.0,1.0,0.0,0.015
35,1.166643905437596,50,0.04399702438157888,0.0,-0.027005572940947548,0.0029944270590524513,0.012005572940947548,24.011145881895096,-0.002135896127803219,4.645196183083431e-05,14.406687529137058,0.025,0.0,-0.03,0.0,1.0,0.0,0.015
35,1.166643905437596,51,0.043722212398519734,0.0,-0.0282215130630393,0.0017784869369606993,0.0132215130630393,26.4430261260786,-0.002063718651194965,3.625599152337523e-05,15.865815675647159,0.025,0.0,-0.03,0.0,1.0,0.0,0.015
35,1.166643905437596,52,0.043445379313579835,0.0,-0.029436996840578253,0.0005630031594217461,0.014436996840578253,28.873993681156506,-0.0021155948116160363,0.00014737175492777715,17.3243962086939,0.025,0.0,-0.03,0.0,1.0,0.0,0.015
35,1.166643905437596,53,0.04316794228468816,0.0,-0.030652344538518866,0.0006523445385188675,0.014347655461481132,28.695310922962264,0.0020016348928034717,0.00022355206838990403,17.217186553777356,0.025,0.0,-0.03,0.0,1.0,0.0,0.015
35,1.166643905437596,54,0.042891029123404395,0.0,-0.031867843259888166,0.0018678432598881675,0.013132156740111832,26.264313480223663,0.002084840807864008,0.00034483154824711717,15.758588088134196,0.025,0.0,-0.03,0.0,1.0,0.0,0.015
35,1.166643905437596,55,0.042615602892629036,0.0,-0.03308374053996003,0.0030837405399600296,0.01191625946003997,23.83251892007994,0.0019506523700690249,0.00042082895767882854,14.299511352047965,0.025,0.0,-0.03,0.0,1.0,0.0,0.015
35,1.166643905437596,56,0.042343093665732946,0.0,-0.03430034219655202,0.004300342196552023,0.010699657803447976,21.399315606895954,0.0020428754974132985,0.0005472566672558403,12.839589364137572,0.025,0.0,-0.03,0.0,1.0,0.0,0.015
35,1.166643905437596,57,0.04207549833392101,0.0,-0.03551806715757838,0.005518067157578382,0.009481932842421617,18.963865684843235,0.0019061498768916036,0.0006272358653748495,11.37831941090594,0.025,0.0,-0.03,0.0,1.0,0.0,0.015
35,1.166643905437596,58,0.04181541844420885,0.0,-0.03673741571878863,0.006737415718788629,0.00826258428121137,16.52516856242274,0.0019949086530345115,0.0007538118256087572,9.915101137453643,0.025,0.0,-0.03,0.0,1.0,0.0,0.015
35,1.166643905437596,59,0.041565423902389285,0.0,-0.03795884555537697,0.007958845555376973,0.007041154444623027,14.082308889246054,0.0018696048281411557,0.0008390007073852611,8.449385333547632,0.025,0.0,-0.03,0.0,1.0,0.0,0.015
35,1.166643905437596,60,0.04132767404831528,0.0,-0.039182684167089185,0.009182684167089186,0.005817315832910813,11.634631665821626,0.0019422068600266963,0.0009615771831690825,6.980778999492975,0.025,0.0,-0.03,0.0,1.0,0.0,0.015
35,1.166643905437596,61,0.041104316382253245,0.0,-0.040409194093746076,0.010409194093746077,0.0045908059062539225,9.181611812507844,0.001845398837329554,0.0010537832852374667,5.508967087504707,0.025,0.0,-0.03,0.0,1.0,0.0,0.015
35,1.166643905437596,62,0.04089748395966116,0.0,-0.0416385555996985,0.011638555599698501,0.0033614444003014984,6.7228888006029965,0.00188711657130617,0.0011693440612387518,4.033733280361798,0.025,0.0,-0.03,0.0,1.0,0.0,0.015
35,1.166643905437596,63,0.04070928988496081,0.0,-0.042870861482357796,0.012870861482357797,0.0021291385176422026,4.258277035284405,0.0018338828374520897,0.0012630626541943395,2.554966221170643,0.025,0.0,-0.03,0.0,1.0,0.0,0.015
35,1.166643905437596,64,0.03958029773881066,0.0,-0.0433931894013443,0.013393189401344298,0.0016068105986557016,3.213621197311403,0.0017137352027188117,0.001344723422697649,1.9281727183868418,0.025,0.0,-0.03,0.0,1.0,0.0,0.015
35,1.166643905437596,65,0.038445665823704366,0.0,-0.043903109004808406,0.013903109004808407,0.001096890995191592,2.193781990383184,0.0015636893605720408,0.0013868467879938776,1.3162691942299103,0.025,0.0,-0.03,0.0,1.0,0.0,0.015
35,1.166643905437596,66,0.037305119232743794,0.0,-0.04439961418601388,0.014399614186013883,0.0006003858139861165,1.200771627972233,0.0014316191083560152,0.0014680658823925598,0.7204629767833397,0.025,0.0,-0.03,0.0,1.0,0.0,0.015
35,1.166643905437596,67,0.036158436080532166,0.0,-0.04488173211175041,0.01488173211175041,0.00011826788824959023,0.23653577649918045,0.001282666489738219,0.0015103991680827057,0.14192146589950827,0.025,0.0,-0.03,0.0,1.0,0.0,0.015
36,1.1999765884500988,0,0.0,0.0,-0.01563694055735431,0.014363059442645688,0.000636940557354311,1.273881114708622,0.0,0.0,0.7643286688251731,0.025,0.0,-0.03,0.0,1.0,0.0,0.015
36,1.1999765884500988,40,0.041298637380749015,0.0,-0.01543235565873169,0.014567644341268308,0.0004323556587316913,0.8647113174633826,-0.0021173272844254307,0.00035891824357038414,0.5188267904780295,0.025,0.0,-0.03,0.0,1.0,0.0,0.015
36,1.1999765884500988,41,0.04179890785661871,0.0,-0.01657444912579356,0.013425550874206438,0.0015744491257935617,3.1488982515871236,-0.0021042417030482947,0.0003461036196261535,1.889338950952274,0.025,0.0,-0.03,0.0,1.0,0.0,0.015
36,1.1999765884500988,42,0.042297587407203956,0.0,-0.017717241151008773,0.012282758848991226,0.0027172411510087736,5.434482302017547,-0.002124519646916081,0.00034802831918422187,3.260689381210528,0.025,0.0,-0.03,0.0,1.0,0.0,0.015
36,1.1999765884500988,43,0.04279593555312328,0.0,-0.01886017740265926,0.01113982259734074,0.0038601774026592595,7.720354805318519,-0.0021081833268472017,0.00033346589709508433,4.632212883191111,0.025,0.0,-0.03,0.0,1.0,0.0,0.015
36,1.1999765884500988,44,0.043295213421563464,0.0,-0.0200027059626991,0.009997294037300899,0.005002705962699101,10.005411925398201,-0.002132744876217457,0.0003367600545115469,6.00324715523892,0.025,0.0,-0.03,0.0,1.0,0.0,0.015
36,1.1999765884500988,45,0.04379667842209572,0.0,-0.021144271265696717,0.008855728734303282,0.006144271265696718,12.288542531393436,-0.00211239922562639,0.00031963922627233147,7.373125518836061,0.025,0.0,-0.03,0.0,1.0,0.0,0.015
36,1.1999765884500988,46,0.04430158127897669,0.0,-0.022284313364047424,0.007715686635952575,0.007284313364047425,14.56862672809485,-0.002141741262439077,0.0003233592616099338,8.74117603685691,0.025,0.0,-0.03,0.0,1.0,0.0,0.015
36,1.1999765884500988,47,0.04480581478018744,0.0,-0.023423771135565603,0.0065762288644343955,0.008423771135565604,16.847542271131207,-0.002115832822194663,0.00030945149577534816,10.108525362678725,0.025,0.0,-0.03,0.0,1.0,0.0,0.015
36,1.1999765884500988,48,0.04454254077650415,0.0,-0.02464224824762078,0.005357751752379219,0.00964224824762078,19.284496495241562,-0.002133913591002379,0.00021750546729258323,11.570697897144937,0.025,0.0,-0.03,0.0,1.0,0.0,0.015
36,1.1999765884500988,49,0.044272985873645775,0.0,-0.025859362086386152,0.004140637913613847,0.010859362086386153,21.718724172772305,-0.0020678492874173626,0.00013720772899276278,13.031234503663383,0.025,0.0,-0.03,0.0,1.0,0.0,0.015
36,1.1999765884500988,50,0.043998551854844595,0.0,-0.02707539258091159,0.002924607419088409,0.01207539258091159,24.15078516182318,-0.0021035709002904988,3.4375589871903935e-05,14.490471097093907,0.025,0.0,-0.03,0.0,1.0,0.0,0.015
36,1.1999765884500988,51,0.043720645696307195,0.0,-0.02829064069361626,0.0017093593063837384,0.013290640693616261,26.581281387232522,-0.0020188278784340225,4.329513376233399e-05,15.948768832339512,0.025,0.0,-0.03,0.0,1.0,0.0,0.015
36,1.1999765884500988,52,0.04344067896822513,0.0,-0.029505417952191998,0.000494582047808001,0.014505417952191998,29.010835904383995,-0.002068715447608825,0.00015196026592571022,17.406501542630398,0.025,0.0,-0.03,0.0,1.0,0.0,0.015
36,1.1999765884500988,53,0.04316006475725035,0.0,-0.030720047586118533,0.0007200475861185336,0.014279952413881466,28.55990482776293,0.0019709813193059516,0.00022919634922471174,17.13594289665776,0.025,0.0,-0.03,0.0,1.0,0.0,0.015
36,1.1999765884500988,54,0.042879914947212494,0.0,-0.03193481576326735,0.0019348157632673516,0.013065184236732648,26.130368473465296,0.002030812295653877,0.00034331883629738297,15.678221084079176,0.025,0.0,-0.03,0.0,1.0,0.0,0.015
36,1.1999765884500988,55,0.04260118437334289,0.0,-0.03314997053566764,0.003149970535667644,0.011850029464332355,23.70005892866471,0.0019224866668440047,0.00042246466499988816,14.220035357198826,0.025,0.0,-0.03,0.0,1.0,0.0,0.015
36,1.1999765884500988,56,0.04232531203739672,0.0,-0.03436582355692233,0.0043658235569223325,0.010634176443077667,21.268352886155334,0.0019876011595337537,0.0005410093756036379,12.7610117316932,0.025,0.0,-0.03,0.0,1.0,0.0,0.015
36,1.1999765884500988,57,0.04205430553504338,0.0,-0.035582802526785126,0.005582802526785127,0.009417197473214872,18.834394946429743,0.0018798052873681677,0.000624381490190378,11.300636967857846,0.025,0.0,-0.03,0.0,1.0,0.0,0.015
36,1.1999765884500988,58,0.04179078092278847,0.0,-0.0368014190048095,0.006801419004809503,0.008198580995190496,16.397161990380994,0.001938624281849457,0.0007428440814617567,9.838297194228597,0.025,0.0,-0.03,0.0,1.0,0.0,0.015
36,1.1999765884500988,59,0.04153731934277911,0.0,-0.038022141922243964,0.008022141922243965,0.006977858077756034,13.955716155512068,0.001843977242287806,0.0008313538088498668,8.37342969330724,0.025,0.0,-0.03,0.0,1.0,0.0,0.015
36,1.1999765884500988,60,0.04129608949065057,0.0,-0.039245306864915924,0.009245306864915925,0.005754693135084074,11.509386270168148,0.0018881116393482797,0.0009465516617120865,6.905631762100889,0.025,0.0,-0.03,0.0,1.0,0.0,0.015
36,1.1999765884500988,61,0.04106924840951339,0.0,-0.040471184757087345,0.010471184757087346,0.004528815242912654,9.057630485825307,0.0018160826129865455,0.0010405288090824872,5.434578291495184,0.025,0.0,-0.03,0.0,1.0,0.0,0.015
36,1.1999765884500988,62,0.04085893914322596,0.0,-0.04169996331391116,0.011699963313911162,0.0033000366860888378,6.600073372177675,0.0018389384757589577,0.0011507381393022057,3.960044023306605,0.025,0.0,-0.03,0.0,1.0,0.0,0.015
36,1.1999765884500988,63,0.04066728506722285,0.0,-0.0429317426509504,0.0129317426509504,0.0020682573490495987,4.136514698099197,0.0017974744707929843,0.0012452304894724395,2.481908818859518,0.025,0.0,-0.03,0.0,1.0,0.0,0.015
36,1.1999765884500988,64,0.03953618006986238,0.0,-0.0434494893054356,0.013449489305435602,0.001550510694564397,3.1010213891287943,0.0016745105873804096,0.0013210034145936407,1.8606128334772765,0.025,0.0,-0.03,0.0,1.0,0.0,0.015
36,1.1999765884500988,65,0.03839948030760605,0.0,-0.043954792978032044,0.013954792978032045,0.0010452070219679546,2.090414043935909,0.0015291001076561622,0.0013653343462151917,1.2542484263615454,0.025,0.0,-0.03,0.0,1.0,0.0,0.015
36,1.1999765884500988,66,0.03725691643996535,0.0,-0.04444664895088379,0.014446648950883788,0.0005533510491162116,1.1067020982324234,0.001398283640966356,0.0014422319588235154,0.664021258939454,0.025,0.0,-0.03,0.0,1.0,0.0,0.015
36,1.1999765884500988,67,0.03610827181117851,0.0,-0.04492408609770371,0.01492408609770371,7.591390229629014e-05,0.15182780459258027,0.001252318893215933,0.0014837714635134302,0.09109668275554816,0.025,0.0,-0.03,0.0,1.0,0.0,0.015
37,1.2333092714626015,0,0.0,0.0,-0.01563694055735431,0.014363059442645688,0.000636940557354311,1.273881114708622,0.0,0.0,0.7643286688251731,0.025,0.0,-0.03,0.0,1.0,0.0,0.015
37,1.2333092714626015,40,0.041310246829189504,0.0,-0.01550196298776706,0.014498037012232939,0.0005019629877670607,1.0039259755341214,-0.0020696236332378255,0.00034230837010521307,0.6023555853204728,0.025,0.0,-0.03,0.0,1.0,0.0,0.015
37,1.2333092714626015,41,0.041810324434151225,0.0,-0.016644152424926787,0.013355847575073212,0.0016441524249267876,3.288304849853575,-0.002063340743990171,0.0003324332502820837,1.972982909912145,0.025,0.0,-0.03,0.0,1.0,0.0,0.015
37,1.2333092714626015,42,0.04230880829759946,0.0,-0.017787042286484842,0.012212957713515157,0.002787042286484843,5.574084572969686,-0.0020828861057612287,0.00033379744168716394,3.3444507437818114,0.025,0.0,-0.03,0.0,1.0,0.0,0.015
37,1.2333092714626015,43,0.04280695427539411,0.0,-0.018930078338755953,0.011069921661244046,0.003930078338755954,7.860156677511908,-0.0020636018535758575,0.0003177851018929755,4.716094006507144,0.025,0.0,-0.03,0.0,1.0,0.0,0.015
37,1.2333092714626015,44,0.0433060210483082,0.0,-0.02007271147417032,0.009927288525829678,0.005072711474170322,10.145422948340643,-0.002092729622752417,0.0003229228258105197,6.087253769004386,0.025,0.0,-0.03,0.0,1.0,0.0,0.015
37,1.2333092714626015,45,0.043807262637352254,0.0,-0.021214386761368643,0.008785613238631355,0.006214386761368644,12.428773522737288,-0.0020686926273449546,0.0003039482696847718,7.457264113642372,0.025,0.0,-0.03,0.0,1.0,0.0,0.015
37,1.2333092714626015,46,0.044311927228184264,0.0,-0.022354546699272834,0.007645453300727165,0.007354546699272834,14.709093398545669,-0.002098918162646735,0.00030822603777274054,8.8254560391274,0.025,0.0,-0.03,0.0,1.0,0.0,0.015
37,1.2333092714626015,47,0.04481590693847363,0.0,-0.023494130223000648,0.006505869776999351,0.008494130223000648,16.988260446001295,-0.002077454548572161,0.0002938181992316119,10.192956267600776,0.025,0.0,-0.03,0.0,1.0,0.0,0.015
37,1.2333092714626015,48,0.04454970029678336,0.0,-0.02471198109680308,0.0052880189031969185,0.009711981096803081,19.42396219360616,-0.0020836759487833627,0.0002058832127390921,11.654377316163696,0.025,0.0,-0.03,0.0,1.0,0.0,0.015
37,1.2333092714626015,49,0.04427718614967238,0.0,-0.025928446694299064,0.004071553305700935,0.010928446694299064,21.856893388598127,-0.0020390241339167253,0.00012318229688749183,13.114136033158877,0.025,0.0,-0.03,0.0,1.0,0.0,0.015
37,1.2333092714626015,50,0.043999762235083055,0.0,-0.027143809768974726,0.0028561902310252733,0.012143809768974726,24.287619537949453,-0.0020441897021862493,2.9013387581288747e-05,14.572571722769672,0.025,0.0,-0.03,0.0,1.0,0.0,0.015
37,1.2333092714626015,51,0.04371883162360069,0.0,-0.028358373288370133,0.0016416267116298663,0.013358373288370133,26.716746576740267,-0.001999978007216384,5.5415400198463524e-05,16.03004794604416,0.025,0.0,-0.03,0.0,1.0,0.0,0.015
37,1.2333092714626015,52,0.04343580176986536,0.0,-0.029572451872952554,0.0004275481270474453,0.014572451872952554,29.144903745905108,-0.0020008156356016056,0.0001511197835914822,17.486942247543062,0.025,0.0,-0.03,0.0,1.0,0.0,0.015
37,1.2333092714626015,53,0.04315208188108486,0.0,-0.030786370959243213,0.0007863709592432142,0.014213629040756785,28.42725808151357,0.0019605321012533287,0.00023890390774511445,17.056354848908143,0.025,0.0,-0.03,0.0,1.0,0.0,0.015
37,1.2333092714626015,54,0.042868768038454214,0.0,-0.03200041638526816,0.0020004163852681625,0.012999583614731837,25.999167229463673,0.0019590299306860874,0.00033726270015796894,15.599500337678203,0.025,0.0,-0.03,0.0,1.0,0.0,0.015
37,1.2333092714626015,55,0.042586807164980214,0.0,-0.0332148359236248,0.003214835923624801,0.011785164076375199,23.5703281527504,0.0019134454742660409,0.00042791212953529565,14.142196891650238,0.025,0.0,-0.03,0.0,1.0,0.0,0.015
37,1.2333092714626015,56,0.04230764675656904,0.0,-0.034429947735599764,0.004429947735599765,0.010570052264400234,21.140104528800467,0.0019162031139963512,0.0005308235590881711,12.68406271728028,0.025,0.0,-0.03,0.0,1.0,0.0,0.015
37,1.2333092714626015,57,0.042033305043749775,0.0,-0.03564618738268732,0.005646187382687323,0.009353812617312676,18.707625234625354,0.0018703665920651229,0.0006248150203503104,11.224575140775212,0.025,0.0,-0.03,0.0,1.0,0.0,0.015
37,1.2333092714626015,58,0.04176641212720466,0.0,-0.03686407833854292,0.0068640783385429185,0.008135921661457081,16.27184332291416,0.0018697253683384184,0.0007289796415461384,9.763105993748496,0.025,0.0,-0.03,0.0,1.0,0.0,0.015
37,1.2333092714626015,59,0.041509560213828844,0.0,-0.03808409982782199,0.008084099827821989,0.0069159001721780106,13.83180034435602,0.0018308482688063953,0.0008260382445658352,8.299080206613612,0.025,0.0,-0.03,0.0,1.0,0.0,0.015
37,1.2333092714626015,60,0.04126492697059856,0.0,-0.03930659611297448,0.009306596112974484,0.005693403887025515,11.38680777405103,0.0018257834971921957,0.0009298318439737421,6.832084664430618,0.025,0.0,-0.03,0.0,1.0,0.0,0.015
37,1.2333092714626015,61,0.041034678850892216,0.0,-0.04053184576479625,0.010531845764796252,0.004468154235203747,8.936308470407495,0.0017949408023041561,0.00102873432395013,5.361785082244497,0.025,0.0,-0.03,0.0,1.0,0.0,0.015
37,1.2333092714626015,62,0.040820968543383414,0.0,-0.04176004434765784,0.011760044347657844,0.003239955652342155,6.47991130468431,0.0017868916196885501,0.0011314062583005885,3.887946782810586,0.025,0.0,-0.03,0.0,1.0,0.0,0.015
37,1.2333092714626015,63,0.04062592950276515,0.0,-0.0429912988358339,0.0129912988358339,0.002008701164166099,4.017402328332198,0.001764727435946797,0.001229210818285448,2.4104413969993184,0.025,0.0,-0.03,0.0,1.0,0.0,0.015
37,1.2333092714626015,64,0.039492770633545546,0.0,-0.04350454464883528,0.013504544648835284,0.001495455351164715,2.99091070232943,0.0016350831805695071,0.0012952457868743805,1.794546421397658,0.025,0.0,-0.03,0.0,1.0,0.0,0.015
37,1.2333092714626015,65,0.03835406131731173,0.0,-0.044005313564827224,0.014005313564827225,0.0009946864351727744,1.9893728703455489,0.001496599062548316,0.0013467878808989381,1.1936237222073294,0.025,0.0,-0.03,0.0,1.0,0.0,0.015
37,1.2333092714626015,66,0.03720953763025263,0.0,-0.04449260229967636,0.01449260229967636,0.0005073977003236391,1.0147954006472781,0.0013648501228438086,0.0014143447734770256,0.6088772403883669,0.025,0.0,-0.03,0.0,1.0,0.0,0.015
37,1.2333092714626015,67,0.036058988029801446,0.0,-0.044965441437168525,0.014965441437168527,3.4558562831472905e-05,0.06911712566294581,0.0012237753832423635,0.0014599326816708048,0.041470275397767487,0.025,0.0,-0.03,0.0,1.0,0.0,0.015
38,1.2666419544751042,0,0.0,0.0,-0.01563694055735431,0.014363059442645688,0.000636940557354311,1.273881114708622,0.0,0.0,0.7643286688251731,0.025,0.0,-0.03,0.0,1.0,0.0,0.015
38,1.2666419544751042,40,0.04132139057396989,0.0,-0.015570167390499389,0.01442983260950061,0.0005701673904993897,1.1403347809987794,-0.001993611994678222,0.00031324883221385953,0.6842008685992677,0.025,0.0,-0.03,0.0,1.0,0.0,0.015
38,1.2666419544751042,41,0.04182127085814549,0.0,-0.016712455603823895,0.013287544396176104,0.0017124556038238953,3.4249112076477903,-0.002054671202015135,0.00033323996285691327,2.054946724588674,0.025,0.0,-0.03,0.0,1.0,0.0,0.015
38,1.2666419544751042,42,0.042319553784801324,0.0,-0.01785544428496888,0.012144555715031119,0.0028554442849688805,5.710888569937761,-0.0020103196754757036,0.00030605435337596515,3.4265331419626563,0.025,0.0,-0.03,0.0,1.0,0.0,0.015
38,1.2666419544751042,43,0.04281749314131058,0.0,-0.018998582694432026,0.011001417305567973,0.003998582694432026,7.997165388864053,-0.00205131358434088,0.00031664287820344433,4.798299233318431,0.025,0.0,-0.03,0.0,1.0,0.0,0.015
38,1.2666419544751042,44,0.04331634388697148,0.0,-0.020141321487280713,0.009858678512719286,0.005141321487280713,10.282642974561426,-0.0020245630831333314,0.000296765132126243,6.169585784736856,0.025,0.0,-0.03,0.0,1.0,0.0,0.015
38,1.2666419544751042,45,0.043817357887660856,0.0,-0.021283108951216996,0.008716891048783003,0.006283108951216997,12.566217902433992,-0.002051513866118731,0.0003003889750942643,7.539730741460395,0.025,0.0,-0.03,0.0,1.0,0.0,0.015
38,1.2666419544751042,46,0.04432177988307435,0.0,-0.022423387806993128,0.007576612193006871,0.007423387806993129,14.846775613986257,-0.0020363127279071766,0.00028491276369041094,8.908065368391753,0.025,0.0,-0.03,0.0,1.0,0.0,0.015
38,1.2666419544751042,47,0.04482550211137527,0.0,-0.02356309877507599,0.006436901224924008,0.008563098775075991,17.126197550151982,-0.0020562797875015443,0.00028147675741370257,10.275718530091188,0.025,0.0,-0.03,0.0,1.0,0.0,0.015
38,1.2666419544751042,48,0.04455642820616716,0.0,-0.02478032992478064,0.005219670075219358,0.009780329924780642,19.560659849561283,-0.0020214905106685664,0.00019722173138873953,11.73639590973677,0.025,0.0,-0.03,0.0,1.0,0.0,0.015
38,1.2666419544751042,49,0.04428102084749171,0.0,-0.02599615470600703,0.004003845293992968,0.010996154706007032,21.992309412014063,-0.0020211371647577275,0.00010751472691716554,13.195385647208438,0.025,0.0,-0.03,0.0,1.0,0.0,0.015
38,1.2666419544751042,50,0.04400067392536752,0.0,-0.027210857563112645,0.002789142436887354,0.012210857563112645,24.42171512622529,-0.001979239508194882,2.575476669157102e-05,14.653029075735173,0.025,0.0,-0.03,0.0,1.0,0.0,0.015
38,1.2666419544751042,51,0.04371678644904445,0.0,-0.02842474433951906,0.0015752556604809384,0.013424744339519061,26.84948867903812,-0.0019849733648779873,6.783643570128151e-05,16.109693207422872,0.025,0.0,-0.03,0.0,1.0,0.0,0.015
38,1.2666419544751042,52,0.043430761991975375,0.0,-0.029638131805010272,0.00036186819498972705,0.014638131805010272,29.276263610020546,-0.00193479307405222,0.00014991158750404882,17.565758166012326,0.025,0.0,-0.03,0.0,1.0,0.0,0.015
38,1.2666419544751042,53,0.04314400575607969,0.0,-0.030851348273830882,0.0008513482738308834,0.014148651726169116,28.297303452338234,0.0019466243633675445,0.0002474707766697779,16.97838207140294,0.025,0.0,-0.03,0.0,1.0,0.0,0.015
38,1.2666419544751042,54,0.04285759844610654,0.0,-0.03206467850511992,0.0020646785051199185,0.012935321494880081,25.870642989760164,0.0018916714788922316,0.00033157205013244006,15.522385793856097,0.025,0.0,-0.03,0.0,1.0,0.0,0.015
38,1.2666419544751042,55,0.042572479094271434,0.0,-0.03327837050927717,0.0032783705092771717,0.011721629490722828,23.443258981445656,0.0019030360127324075,0.00043275913794543124,14.065955388867392,0.025,0.0,-0.03,0.0,1.0,0.0,0.015
38,1.2666419544751042,56,0.0422901035440935,0.0,-0.034492748352231345,0.004492748352231346,0.010507251647768653,21.014503295537306,0.0018470661014833756,0.0005206005180683934,12.608701977322383,0.025,0.0,-0.03,0.0,1.0,0.0,0.015
38,1.2666419544751042,57,0.042012500328948627,0.0,-0.035708255795939906,0.005708255795939907,0.009291744204060093,18.583488408120186,0.0018617447799372197,0.0006253410266649125,11.150093044872111,0.025,0.0,-0.03,0.0,1.0,0.0,0.015
38,1.2666419544751042,58,0.04174231339018164,0.0,-0.03692542767263117,0.006925427672631171,0.008074572327368829,16.149144654737658,0.0018033121247444848,0.0007152108089642507,9.689486792842594,0.025,0.0,-0.03,0.0,1.0,0.0,0.015
38,1.2666419544751042,59,0.04148214561053304,0.0,-0.03814475366044542,0.008144753660445418,0.006855246339554581,13.710492679109162,0.0018164564248526458,0.0008204562338760653,8.226295607465497,0.025,0.0,-0.03,0.0,1.0,0.0,0.015
38,1.2666419544751042,60,0.04123418344444004,0.0,-0.039366586308022034,0.009366586308022035,0.005633413691977965,11.26682738395593,0.0017670511229359628,0.0009135570406138362,6.760096430373557,0.025,0.0,-0.03,0.0,1.0,0.0,0.015
38,1.2666419544751042,61,0.04100060247833485,0.0,-0.040591211913422486,0.010591211913422487,0.004408788086577513,8.817576173155025,0.0017724100867718157,0.0010167721816195469,5.290545703893015,0.025,0.0,-0.03,0.0,1.0,0.0,0.015
38,1.2666419544751042,62,0.04078356482320459,0.0,-0.04181883364832458,0.011818833648324582,0.003181166351675417,6.362332703350834,0.00173775063596103,0.001112563299044321,3.8173996220105,0.025,0.0,-0.03,0.0,1.0,0.0,0.015
38,1.2666419544751042,63,0.04058521374976254,0.0,-0.043049565339392956,0.013049565339392957,0.0019504346606070422,3.9008693212140844,0.0017320006753269834,0.0012129683577204891,2.3405215927284506,0.025,0.0,-0.03,0.0,1.0,0.0,0.015
38,1.2666419544751042,64,0.03945005805917391,0.0,-0.04355838924298518,0.013558389242985178,0.0014416107570148218,2.8832215140296436,0.0015971110472012468,0.0012705799823601283,1.7299329084177861,0.025,0.0,-0.03,0.0,1.0,0.0,0.015
38,1.2666419544751042,65,0.03830939555444198,0.0,-0.04405470309046924,0.014054703090469238,0.0009452969095307615,1.890593819061523,0.0014647055908942642,0.001327937952523771,1.1343562914369139,0.025,0.0,-0.03,0.0,1.0,0.0,0.015
38,1.2666419544751042,66,0.03716296757443007,0.0,-0.044537505054391496,0.014537505054391497,0.000462494945608502,0.924989891217004,0.0013326064275250606,0.0013875071902177453,0.5549939347302024,0.025,0.0,-0.03,0.0,1.0,0.0,0.015
39,1.299974637487607,0,0.0,0.0,-0.01563694055735431,0.014363059442645688,0.000636940557354311,1.273881114708622,0.0,0.0,0.7643286688251731,0.025,0.0,-0.03,0.0,1.0,0.0,0.015
39,1.299974637487607,40,0.041332084509609755,0.0,-0.015636997955988344,0.014363002044011655,0.0006369979559883443,1.2739959119766886,-0.0020307795996790754,0.0003348253490709164,0.7643975471860132,0.025,0.0,-0.03,0.0,1.0,0.0,0.015
39,1.299974637487607,41,0.04183176247747108,0.0,-0.016779386348692003,0.013220613651307996,0.0017793863486920032,3.5587726973840064,-0.0019474536504522875,0.00029009881299469373,2.135263618430404,0.025,0.0,-0.03,0.0,1.0,0.0,0.015
39,1.299974637487607,42,0.042329839843054176,0.0,-0.0179224760654998,0.0120775239345002,0.0029224760654998003,5.844952130999601,-0.0020240133142380634,0.0003165458676134031,3.50697127859976,0.025,0.0,-0.03,0.0,1.0,0.0,0.015
39,1.299974637487607,43,0.042827567676114064,0.0,-0.019065718228203035,0.010934281771796964,0.004065718228203036,8.131436456406071,-0.0019666882737118725,0.00028323884654304405,4.8788618738436424,0.025,0.0,-0.03,0.0,1.0,0.0,0.015
39,1.299974637487607,44,0.04332619795768001,0.0,-0.02020856474282848,0.009791435257171518,0.005208564742828482,10.417129485656963,-0.0020174906362901376,0.00029770861559594124,6.250277691394177,0.025,0.0,-0.03,0.0,1.0,0.0,0.015
39,1.299974637487607,45,0.04382697984697939,0.0,-0.02135046570223235,0.008649534297767648,0.006350465702232352,12.700931404464704,-0.001986010697160571,0.00027507579430464864,7.620558842678822,0.025,0.0,-0.03,0.0,1.0,0.0,0.015
39,1.299974637487607,46,0.04433115524939388,0.0,-0.022490865251953693,0.007509134748046306,0.007490865251953693,14.981730503907386,-0.0020124257356144318,0.0002777419076671976,8.989038302344431,0.025,0.0,-0.03,0.0,1.0,0.0,0.015
39,1.299974637487607,47,0.04483461614631536,0.0,-0.023630704780372703,0.006369295219627296,0.008630704780372703,17.261409560745406,-0.002005358249495811,0.00026465900289660406,10.356845736447243,0.025,0.0,-0.03,0.0,1.0,0.0,0.015
39,1.299974637487607,48,0.044562739478145305,0.0,-0.02484732348716069,0.005152676512839308,0.009847323487160692,19.694646974321383,-0.001986797207133839,0.00018386778408940947,11.816788184592829,0.025,0.0,-0.03,0.0,1.0,0.0,0.015
39,1.299974637487607,49,0.04428450414385667,0.0,-0.026062514731580916,0.003937485268419083,0.011062514731580916,22.125029463161834,-0.001978218734662778,9.747464826802663e-05,13.2750176778971,0.025,0.0,-0.03,0.0,1.0,0.0,0.015
39,1.299974637487607,50,0.04400130013193731,0.0,-0.027276565267195834,0.002723434732804165,0.012276565267195835,24.55313053439167,-0.0019397704838623033,1.7116202724712512e-05,14.731878320635001,0.025,0.0,-0.03,0.0,1.0,0.0,0.015
39,1.299974637487607,51,0.04371452257490288,0.0,-0.02848978309781008,0.0015102169021899182,0.013489783097810081,26.979566195620162,-0.0019464089016809837,7.466061329728446e-05,16.187739717372096,0.025,0.0,-0.03,0.0,1.0,0.0,0.015
39,1.299974637487607,52,0.04342557108575164,0.0,-0.029702487634256078,0.00029751236574392104,0.014702487634256078,29.404975268512157,-0.0018931098523910707,0.00015382533208254938,17.642985161107294,0.025,0.0,-0.03,0.0,1.0,0.0,0.015
39,1.299974637487607,53,0.04313584702386398,0.0,-0.03091500947548267,0.000915009475482672,0.014084990524517327,28.169981049034654,0.0019104305006917143,0.00025058671790843725,16.901988629420792,0.025,0.0,-0.03,0.0,1.0,0.0,0.015
39,1.299974637487607,54,0.04284641589501455,0.0,-0.03212763266086116,0.0021276326608611618,0.012872367339138838,25.744734678277677,0.0018489490316832943,0.00033091428549564,15.446840806966605,0.025,0.0,-0.03,0.0,1.0,0.0,0.015
39,1.299974637487607,55,0.042558209088512225,0.0,-0.03334060498592051,0.003340604985920509,0.01165939501407949,23.318790028158983,0.001868741915052992,0.0004318758417417668,13.991274016895389,0.025,0.0,-0.03,0.0,1.0,0.0,0.015
39,1.299974637487607,56,0.04227269047215765,0.0,-0.03455425668903438,0.004554256689034378,0.010445743310965622,20.891486621931243,0.0018039700487323686,0.0005154149468442777,12.534891973158745,0.025,0.0,-0.03,0.0,1.0,0.0,0.015
39,1.299974637487607,57,0.04199189873143125,0.0,-0.03576903928993067,0.005769039289930673,0.009230960710069326,18.46192142013865,0.0018282560918326067,0.0006200490178314842,11.07715285208319,0.025,0.0,-0.03,0.0,1.0,0.0,0.015
39,1.299974637487607,58,0.04171849129006062,0.0,-0.036985499110432446,0.006985499110432447,0.008014500889567552,16.029001779135104,0.001761033318300563,0.0007056841029245169,9.617401067481062,0.025,0.0,-0.03,0.0,1.0,0.0,0.015
39,1.299974637487607,59,0.04145508142662918,0.0,-0.038204135855054666,0.008204135855054667,0.006795864144945332,13.591728289890664,0.0017825453951441548,0.0008104252914597113,8.155036973934399,0.025,0.0,-0.03,0.0,1.0,0.0,0.015
39,1.299974637487607,60,0.041203864102732315,0.0,-0.039425310432565384,0.009425310432565386,0.005574689567434614,11.149379134869228,0.001726219463831307,0.0008998138549139167,6.689627480921537,0.025,0.0,-0.03,0.0,1.0,0.0,0.015
39,1.299974637487607,61,0.04096702382679134,0.0,-0.04064931658723507,0.010649316587235072,0.004350683412764927,8.701366825529854,0.0017376642471862301,0.0010019461689476173,5.2208200953179125,0.025,0.0,-0.03,0.0,1.0,0.0,0.015
39,1.299974637487607,62,0.04074673185883756,0.0,-0.041876365113459636,0.011876365113459637,0.003123634886540362,6.247269773080724,0.0016984382696148635,0.0010945614399645578,3.748361863848434,0.025,0.0,-0.03,0.0,1.0,0.0,0.015
39,1.299974637487607,63,0.04054514105137945,0.0,-0.04310657650573656,0.013106576505736559,0.001893423494263441,3.786846988526882,0.0016960828886043078,0.0011942045279840637,2.272108193116129,0.025,0.0,-0.03,0.0,1.0,0.0,0.015
39,1.299974637487607,64,0.03940804353281979,0.0,-0.04361105550944437,0.013611055509444372,0.001388944490555627,2.777888981111254,0.0015612745631695772,0.0012472626882272068,1.6667333886667524,0.025,0.0,-0.03,0.0,1.0,0.0,0.015
39,1.299974637487607,65,0.03826548216788788,0.0,-0.04410299200802828,0.014102992008028281,0.0008970079919717183,1.7940159839434366,0.0014331432638040166,0.0013074762441716479,1.076409590366062,0.025,0.0,-0.03,0.0,1.0,0.0,0.015
39,1.299974637487607,66,0.03711720339502304,0.0,-0.04458138567010679,0.014581385670106792,0.0004186143298932077,0.8372286597864154,0.00130108069883392,0.0013599641318782177,0.5023371958718492,0.025,0.0,-0.03,0.0,1.0,0.0,0.015
40,1.3333073205001098,0,0.0,0.0,-0.01563694055735431,0.014363059442645688,0.000636940557354311,1.273881114708622,0.0,0.0,0.7643286688251731,0.025,0.0,-0.03,0.0,1.0,0.0,0.015
40,1.3333073205001098,40,0.041342335711515105,0.0,-0.01570246787001966,0.014297532129980337,0.0007024678700196622,1.4049357400393245,-0.0019710544849924935,0.0003132244718641936,0.8429614440235947,0.025,0.0,-0.03,0.0,1.0,0.0,0.015
40,1.3333073205001098,41,0.04184180581736286,0.0,-0.016844957988132837,0.013155042011867162,0.0018449579881328372,3.6899159762656746,-0.0019264708929005933,0.00028568595215672894,2.2139495857594045,0.025,0.0,-0.03,0.0,1.0,0.0,0.015
40,1.3333073205001098,42,0.042339672502332566,0.0,-0.017988151254103822,0.012011848745896177,0.0029881512541038227,5.976302508207645,-0.001964352379519805,0.000294708572819318,3.585781504924587,0.025,0.0,-0.03,0.0,1.0,0.0,0.015
40,1.3333073205001098,43,0.04283718334788303,0.0,-0.019131498740378797,0.010868501259621202,0.004131498740378797,8.262997480757594,-0.0019454700317114593,0.00027836622655951474,4.957798488454556,0.025,0.0,-0.03,0.0,1.0,0.0,0.015
40,1.3333073205001098,44,0.04333558820080423,0.0,-0.020274455327777822,0.009725544672222176,0.005274455327777823,10.548910655555646,-0.00195889765084847,0.0002760052831575266,6.329346393333387,0.025,0.0,-0.03,0.0,1.0,0.0,0.015
40,1.3333073205001098,45,0.04383613287717609,0.0,-0.02141647130788309,0.008583528692116909,0.0064164713078830905,12.83294261576618,-0.001963164917286572,0.00026913990324498055,7.699765569459708,0.025,0.0,-0.03,0.0,1.0,0.0,0.015
40,1.3333073205001098,46,0.04434005712785406,0.0,-0.022556993610640962,0.007443006389359037,0.007556993610640963,15.113987221281926,-0.001956311782439158,0.0002574630917444453,9.068392332769156,0.025,0.0,-0.03,0.0,1.0,0.0,0.015
40,1.3333073205001098,47,0.04484325225492581,0.0,-0.02369696304910245,0.00630303695089755,0.00869696304910245,17.3939260982049,-0.0019810147910783306,0.00025236698202399746,10.43635565892294,0.025,0.0,-0.03,0.0,1.0,0.0,0.015
40,1.3333073205001098,48,0.044568638091175845,0.0,-0.024912977246419946,0.005087022753580053,0.009912977246419947,19.825954492839895,-0.0019298222628698187,0.00017516907738122497,11.895572695703937,0.025,0.0,-0.03,0.0,1.0,0.0,0.015
40,1.3333073205001098,49,0.04428764079845302,0.0,-0.02612754286850793,0.00387245713149207,0.01112754286850793,22.255085737015857,-0.0019574344029020963,8.326212825492506e-05,13.353051442209514,0.025,0.0,-0.03,0.0,1.0,0.0,0.015
40,1.3333073205001098,50,0.04400164639321956,0.0,-0.027340949659687783,0.0026590503403122155,0.012340949659687784,24.681899319375567,-0.0018803630155876478,1.366686389903646e-05,14.809139591625339,0.025,0.0,-0.03,0.0,1.0,0.0,0.015
40,1.3333073205001098,51,0.0437120463324001,0.0,-0.028553507013611704,0.0014464929863882946,0.013553507013611705,27.10701402722341,-0.0019280270870300667,8.55648982997588e-05,16.264208416334046,0.025,0.0,-0.03,0.0,1.0,0.0,0.015
40,1.3333073205001098,52,0.04342023617336985,0.0,-0.029765537516594404,0.00023446248340559459,0.014765537516594405,29.53107503318881,-0.0018334098322937025,0.00015300051586408664,17.718645019913286,0.025,0.0,-0.03,0.0,1.0,0.0,0.015
40,1.3333073205001098,53,0.04312761360505353,0.0,-0.030977373432337613,0.0009773734323376138,0.014022626567662386,28.04525313532477,0.0018923419484670112,0.0002574697487417538,16.82715188119486,0.025,0.0,-0.03,0.0,1.0,0.0,0.015
40,1.3333073205001098,54,0.04283522909779996,0.0,-0.032189298451585295,0.002189298451585296,0.012810701548414703,25.621403096829408,0.0017912130074976746,0.0003263468078929296,15.372841858097644,0.025,0.0,-0.03,0.0,1.0,0.0,0.015
40,1.3333073205001098,55,0.04254400665288742,0.0,-0.03340155969154577,0.0034015596915457705,0.011598440308454229,23.19688061690846,0.0018487726467285583,0.0004339351771952162,13.918128370145075,0.025,0.0,-0.03,0.0,1.0,0.0,0.015
40,1.3333073205001098,56,0.04225541784112187,0.0,-0.03461449385967711,0.0046144938596771115,0.010385506140322888,20.771012280645778,0.001749597476700548,0.0005073962224393391,12.462607368387467,0.025,0.0,-0.03,0.0,1.0,0.0,0.015
40,1.3333073205001098,57,0.04197151137298718,0.0,-0.03582855972619745,0.005828559726197453,0.009171440273802546,18.34288054760509,0.00180548775492877,0.0006168805520975389,11.005728328563054,0.025,0.0,-0.03,0.0,1.0,0.0,0.015
40,1.3333073205001098,58,0.04169495776889097,0.0,-0.03704431531500519,0.007044315315005191,0.007955684684994808,15.911369369989616,0.0017107680144509843,0.0006942947220266675,9.54682162199377,0.025,0.0,-0.03,0.0,1.0,0.0,0.015
40,1.3333073205001098,59,0.041428380435933984,0.0,-0.03826226982903628,0.00826226982903628,0.00673773017096372,13.47546034192744,0.0017563397347991284,0.0008018909748760335,8.085276205156463,0.025,0.0,-0.03,0.0,1.0,0.0,0.015
40,1.3333073205001098,60,0.04117398254175035,0.0,-0.03948279267894591,0.00948279267894591,0.005517207321054089,11.034414642108178,0.0016804381217655642,0.0008850923491650431,6.6206487852649065,0.025,0.0,-0.03,0.0,1.0,0.0,0.015
40,1.3333073205001098,61,0.04093395731321785,0.0,-0.04070618471938209,0.01070618471938209,0.00429381528061791,8.587630561235821,0.0017075888164355152,0.0009880420079638364,5.152578336741493,0.025,0.0,-0.03,0.0,1.0,0.0,0.015
40,1.3333073205001098,62,0.04071048487661289,0.0,-0.0419326644040818,0.011932664404081798,0.003067335595918201,6.134671191836402,0.0016572495800151366,0.0010763671900949478,3.6808027151018408,0.025,0.0,-0.03,0.0,1.0,0.0,0.015
40,1.3333073205001098,63,0.04050572742680779,0.0,-0.04316235869704399,0.013162358697043991,0.0018376413029560085,3.6752826059120167,0.0016617766707467977,0.001175948282340592,2.20516956354721,0.025,0.0,-0.03,0.0,1.0,0.0,0.015
40,1.3333073205001098,64,0.03936674131303939,0.0,-0.043662568392256365,0.013662568392256366,0.0013374316077436332,2.6748632154872665,0.0015260819754689525,0.001224495494257631,1.6049179292923599,0.025,0.0,-0.03,0.0,1.0,0.0,0.015
40,1.3333073205001098,65,0.038222333632050104,0.0,-0.0441502038144678,0.014150203814467799,0.0008497961855322006,1.6995923710644012,0.0014018737189717227,0.0012865931058088178,1.0197554226386407,0.025,0.0,-0.03,0.0,1.0,0.0,0.015
40,1.3333073205001098,66,0.03707225582593716,0.0,-0.0446242661421436,0.0146242661421436,0.0003757338578564001,0.7514677157128002,0.001270734620004965,0.0013341724484170893,0.45088062942768015,0.025,0.0,-0.03,0.0,1.0,0.0,0.015
41,1.3666400035126125,0,0.0,0.0,-0.01563694055735431,0.014363059442645688,0.000636940557354311,1.273881114708622,0.0,0.0,0.7643286688251731,0.025,0.0,-0.03,0.0,1.0,0.0,0.015
41,1.3666400035126125,40,0.04135216787441161,0.0,-0.01576660546696839,0.014233394533031608,0.0007666054669683911,1.533210933936782,-0.0018974184974857983,0.0002857470822687754,0.9199265603620692,0.025,0.0,-0.03,0.0,1.0,0.0,0.015
41,1.3666400035126125,41,0.041851426234144055,0.0,-0.016909199684402663,0.013090800315597336,0.0019091996844026633,3.8183993688053266,-0.0019155807164174753,0.0002860374431977463,2.291039621283196,0.025,0.0,-0.03,0.0,1.0,0.0,0.015
41,1.3666400035126125,42,0.042349077687587444,0.0,-0.018052497347725672,0.011947502652274327,0.0030524973477256724,6.104994695451345,-0.0019013867664158495,0.00027181630627810767,3.6629968172708067,0.025,0.0,-0.03,0.0,1.0,0.0,0.015
41,1.3666400035126125,43,0.04284636766863623,0.0,-0.01919595231868724,0.01080404768131276,0.004195952318687239,8.391904637374479,-0.0019253160536660747,0.00027432708505000414,5.035142782424687,0.025,0.0,-0.03,0.0,1.0,0.0,0.015
41,1.3666400035126125,44,0.043344542832218176,0.0,-0.020339019900098284,0.009660980099901715,0.0053390199000982845,10.678039800196569,-0.0019040052081345784,0.00025641123954642107,6.406823880117941,0.025,0.0,-0.03,0.0,1.0,0.0,0.015
41,1.3666400035126125,45,0.043844846685591486,0.0,-0.021481152735067125,0.008518847264932874,0.006481152735067126,12.962305470134252,-0.0019364419565481576,0.0002619778429251054,7.777383282080551,0.025,0.0,-0.03,0.0,1.0,0.0,0.015
41,1.3666400035126125,46,0.04434851608169462,0.0,-0.0226217986911099,0.007378201308890098,0.007621798691109901,15.243597382219802,-0.0019067579661127653,0.0002403584329985763,9.14615842933188,0.025,0.0,-0.03,0.0,1.0,0.0,0.015
41,1.3666400035126125,47,0.04485144229731421,0.0,-0.02376189941280846,0.006238100587191538,0.008761899412808461,17.52379882561692,-0.0019510383121476153,0.00024041010657259023,10.514279295370153,0.025,0.0,-0.03,0.0,1.0,0.0,0.015
41,1.3666400035126125,48,0.04457415296925404,0.0,-0.02497731639009071,0.00502268360990929,0.00997731639009071,19.95463278018142,-0.0018809831821474136,0.00016602033319946662,11.972779668108851,0.025,0.0,-0.03,0.0,1.0,0.0,0.015
41,1.3666400035126125,49,0.04429045668043437,0.0,-0.02619126445913154,0.0038087355408684583,0.011191264459131541,22.382528918263084,-0.0019297218941698362,7.143236719415073e-05,13.42951735095785,0.025,0.0,-0.03,0.0,1.0,0.0,0.015
41,1.3666400035126125,50,0.04400173563346987,0.0,-0.027404035502648742,0.0025959644973512566,0.012404035502648743,24.808071005297485,-0.0018294289199330242,9.219604380635924e-06,14.884842603178491,0.025,0.0,-0.03,0.0,1.0,0.0,0.015
41,1.3666400035126125,51,0.04370937751279101,0.0,-0.02861594090261737,0.0013840590973826297,0.01361594090261737,27.23188180523474,-0.0019033485541856644,9.433833205079481e-05,16.339129083140843,0.025,0.0,-0.03,0.0,1.0,0.0,0.015
41,1.3666400035126125,52,0.043414773997676494,0.0,-0.029827305760532528,0.00017269423946747117,0.014827305760532528,29.654611521065057,-0.0017807731398047622,0.00015305548271081623,17.792766912639035,0.025,0.0,-0.03,0.0,1.0,0.0,0.015
41,1.3666400035126125,53,0.04311931904063553,0.0,-0.031038464417108017,0.0010384644171080176,0.013961535582891982,27.923071165783963,0.0018697745459896715,0.00026281168087583044,16.753842699470376,0.025,0.0,-0.03,0.0,1.0,0.0,0.015
41,1.3666400035126125,54,0.04282404844078721,0.0,-0.03224969971940054,0.00224969971940054,0.01275030028059946,25.50060056119892,0.0017381386226251424,0.0003222774344860917,15.30036033671935,0.025,0.0,-0.03,0.0,1.0,0.0,0.015
41,1.3666400035126125,55,0.042529878875060434,0.0,-0.03346125843435296,0.003461258434352958,0.011538741565647041,23.077483131294084,0.001826999169069325,0.00043527390010806677,13.84648987877645,0.025,0.0,-0.03,0.0,1.0,0.0,0.015
41,1.3666400035126125,56,0.04223828946592914,0.0,-0.034673483275757734,0.004673483275757735,0.010326516724242264,20.65303344848453,0.0016974086852768848,0.0004994910609069295,12.391820069090716,0.025,0.0,-0.03,0.0,1.0,0.0,0.015
41,1.3666400035126125,57,0.04195133865233187,0.0,-0.035886840513630315,0.005886840513630316,0.009113159486369683,18.226318972739367,0.0017831894010233186,0.0006137129237415032,10.93579138364362,0.025,0.0,-0.03,0.0,1.0,0.0,0.015
41,1.3666400035126125,58,0.041671709848006666,0.0,-0.03710189935636024,0.007101899356360242,0.007898100643639758,15.796201287279516,0.0016610328710638372,0.0006828607101098537,9.477720772367709,0.025,0.0,-0.03,0.0,1.0,0.0,0.015
41,1.3666400035126125,59,0.04140203621059821,0.0,-0.03831917865492271,0.00831917865492271,0.00668082134507729,13.361642690154579,0.0017314897900125694,0.0007937006678272201,8.016985614092746,0.025,0.0,-0.03,0.0,1.0,0.0,0.015
41,1.3666400035126125,60,0.04114452894536933,0.0,-0.039539055910029944,0.009539055910029945,0.0054609440899700545,10.921888179940108,0.0016346873498238553,0.0008704513221231259,6.553132907964065,0.025,0.0,-0.03,0.0,1.0,0.0,0.015
41,1.3666400035126125,61,0.0409013897238809,0.0,-0.040761839197272866,0.010761839197272867,0.0042381608027271325,8.476321605454265,0.0016789337360108307,0.0009746440314626904,5.085792963272559,0.025,0.0,-0.03,0.0,1.0,0.0,0.015
41,1.3666400035126125,62,0.04067480733539,0.0,-0.04198775434068107,0.01198775434068107,0.0030122456593189295,6.024491318637859,0.0016164173028636588,0.0010585562923759856,3.614694791182715,0.025,0.0,-0.03,0.0,1.0,0.0,0.015
41,1.3666400035126125,63,0.04046695305260708,0.0,-0.043216934805144415,0.013216934805144416,0.0017830651948555834,3.5661303897111667,0.0016282696191082403,0.0011580479354433815,2.1396782338266997,0.025,0.0,-0.03,0.0,1.0,0.0,0.015
41,1.3666400035126125,64,0.03932613035679264,0.0,-0.04371295058249107,0.01371295058249107,0.0012870494175089287,2.5740988350178573,0.0014919078122673337,0.001202949077464759,1.5444593010107144,0.025,0.0,-0.03,0.0,1.0,0.0,0.015
41,1.3666400035126125,65,0.03817992768068946,0.0,-0.04419636102182981,0.014196361021829813,0.0008036389781701861,1.607277956340372,0.0013708526141783374,0.0012651923410377482,0.9643667738042232,0.025,0.0,-0.03,0.0,1.0,0.0,0.015
41,1.3666400035126125,66,0.0370281013834105,0.0,-0.04466616880469252,0.014666168804692521,0.00033383119530747823,0.6676623906149565,0.0012417577794887767,0.0013106811532746022,0.4005974343689739,0.025,0.0,-0.03,0.0,1.0,0.0,0.015
42,1.3999726865251152,0,0.0,0.0,-0.01563694055735431,0.014363059442645688,0.000636940557354311,1.273881114708622,0.0,0.0,0.7643286688251731,0.025,0.0,-0.03,0.0,1.0,0.0,0.015
42,1.3999726865251152,40,0.041361602737883495,0.0,-0.01582944227242683,0.014170557727573169,0.0008294422724268308,1.6588845448536615,-0.0019194759349290338,0.00030123265721479904,0.9953307269121969,0.025,0.0,-0.03,0.0,1.0,0.0,0.015
42,1.3999726865251152,41,0.04186064588263332,0.0,-0.016972141703383938,0.013027858296616061,0.001972141703383938,3.9442834067678763,-0.0018193677802574792,0.0002486510821403301,2.3665700440607256,0.025,0.0,-0.03,0.0,1.0,0.0,0.015
42,1.3999726865251152,42,0.04235807873388248,0.0,-0.01811554504329554,0.011884454956704458,0.0031155450432955416,6.231090086591083,-0.0019169480384536725,0.00028399600788207743,3.7386540519546494,0.025,0.0,-0.03,0.0,1.0,0.0,0.015
42,1.3999726865251152,43,0.042855144509365874,0.0,-0.019259108623083346,0.010740891376916653,0.004259108623083346,8.518217246166692,-0.001837222302902694,0.00024038797208627264,5.110930347700015,0.025,0.0,-0.03,0.0,1.0,0.0,0.015
42,1.3999726865251152,44,0.04335308681771449,0.0,-0.020402288322922325,0.009597711677077674,0.005402288322922326,10.804576645844651,-0.001909874849399276,0.00026414886630148353,6.4827459875067905,0.025,0.0,-0.03,0.0,1.0,0.0,0.015
42,1.3999726865251152,45,0.04385314687729648,0.0,-0.021544539015822234,0.008455460984177765,0.006544539015822234,13.089078031644469,-0.001859892006606042,0.00023292511023837307,7.853446818986681,0.025,0.0,-0.03,0.0,1.0,0.0,0.015
42,1.3999726865251152,46,0.04435655872282998,0.0,-0.022685309520598534,0.007314690479401465,0.007685309520598534,15.370619041197068,-0.0018998234655003582,0.0002413840348747242,9.22237142471824,0.025,0.0,-0.03,0.0,1.0,0.0,0.015
42,1.3999726865251152,47,0.04485921364123677,0.0,-0.02382554224571296,0.00617445775428704,0.008825542245712959,17.65108449142592,-0.0018863710218477256,0.00022461212449435692,10.590650694855551,0.025,0.0,-0.03,0.0,1.0,0.0,0.015
42,1.3999726865251152,48,0.0445793089820026,0.0,-0.025040369380178756,0.0049596306198212425,0.010040369380178757,20.080738760357512,-0.0018668811165096551,0.00015116820414730586,12.048443256214506,0.025,0.0,-0.03,0.0,1.0,0.0,0.015
42,1.3999726865251152,49,0.04429297416969144,0.0,-0.026253707598151484,0.0037462924018485146,0.011253707598151485,22.50741519630297,-0.001868945311957384,6.785196578881315e-05,13.50444911778178,0.025,0.0,-0.03,0.0,1.0,0.0,0.015
42,1.3999726865251152,50,0.044001587625744326,0.0,-0.027465850921504227,0.002534149078495772,0.012465850921504228,24.931701843008454,-0.0018130723407677794,2.5141121984141553e-06,14.959021105805071,0.025,0.0,-0.03,0.0,1.0,0.0,0.015
42,1.3999726865251152,51,0.04370653333801579,0.0,-0.028677112531727337,0.001322887468272662,0.013677112531727337,27.354225063454674,-0.0018464872817681203,9.489593922114432e-05,16.412535038072804,0.025,0.0,-0.03,0.0,1.0,0.0,0.015
42,1.3999726865251152,52,0.04340919911443741,0.0,-0.02988782014209613,0.00011217985790386992,0.01488782014209613,29.77564028419226,-0.0017608179262887892,0.00016022294247982296,17.865384170515355,0.025,0.0,-0.03,0.0,1.0,0.0,0.015
42,1.3999726865251152,53,0.043110975273436804,0.0,-0.031098309863959415,0.0010983098639594166,0.013901690136040583,27.803380272081167,0.0018179412458178977,0.00026068744204178464,16.6820281632487,0.025,0.0,-0.03,0.0,1.0,0.0,0.015
42,1.3999726865251152,54,0.04281288314288741,0.0,-0.03230886390979738,0.0023088639097973845,0.012691136090202615,25.38227218040523,0.0017147997895966061,0.0003246977982548336,15.229363308243137,0.025,0.0,-0.03,0.0,1.0,0.0,0.015
42,1.3999726865251152,55,0.04251583229092684,0.0,-0.03351972835718521,0.0035197283571852117,0.011480271642814788,22.960543285629576,0.001778311848260911,0.00043002273782067376,13.776325971377746,0.025,0.0,-0.03,0.0,1.0,0.0,0.015
42,1.3999726865251152,56,0.04222130909503702,0.0,-0.034731252108423066,0.004731252108423067,0.010268747891576932,20.537495783153865,0.0016727893146266735,0.0004974962864571464,12.322497469892319,0.025,0.0,-0.03,0.0,1.0,0.0,0.015
42,1.3999726865251152,57,0.04193138156682622,0.0,-0.03594390857384678,0.00594390857384678,0.009056091426153219,18.11218285230644,0.001735928698422066,0.0006047802030102122,10.867309711383863,0.025,0.0,-0.03,0.0,1.0,0.0,0.015
42,1.3999726865251152,58,0.04164874569698271,0.0,-0.03715827820228895,0.0071582782022889535,0.007841721797711046,15.683443595422093,0.0016345237862590435,0.0006762532157130055,9.410066157253254,0.025,0.0,-0.03,0.0,1.0,0.0,0.015
42,1.3999726865251152,59,0.04137604414758377,0.0,-0.03837488912683702,0.008374889126837023,0.006625110873162976,13.250221746325952,0.0016886804154077142,0.0007817825608533141,7.950133047795571,0.025,0.0,-0.03,0.0,1.0,0.0,0.015
42,1.3999726865251152,60,0.041115495908428744,0.0,-0.03959412699445368,0.00959412699445368,0.005405873005546319,10.811746011092637,0.0016048266924429814,0.0008589147093484134,6.487047606655582,0.025,0.0,-0.03,0.0,1.0,0.0,0.015
42,1.3999726865251152,61,0.04086931091237415,0.0,-0.04081630681798705,0.01081630681798705,0.004183693182012949,8.367386364025897,0.001639906342062428,0.0009594697438958095,5.020431818415538,0.025,0.0,-0.03,0.0,1.0,0.0,0.015
42,1.3999726865251152,62,0.04063968635892928,0.0,-0.042041661827406596,0.012041661827406597,0.0029583381725934027,5.916676345186805,0.0015837040639579763,0.0010423750936016656,3.550005807112083,0.025,0.0,-0.03,0.0,1.0,0.0,0.015
42,1.3999726865251152,63,0.040428802393264636,0.0,-0.04327033178556852,0.013270331785568523,0.0017296682144314762,3.4593364288629527,0.0015923951168671851,0.0011393129695566988,2.0756018573177717,0.025,0.0,-0.03,0.0,1.0,0.0,0.015
42,1.3999726865251152,64,0.039286193667535454,0.0,-0.04376222823344539,0.01376222823344539,0.00123777176655461,2.47554353310922,0.0014592558854728713,0.0011829068254244623,1.4853261198655319,0.025,0.0,-0.03,0.0,1.0,0.0,0.015
42,1.3999726865251152,65,0.03813824589144703,0.0,-0.04424148895486291,0.014241488954862914,0.000758511045137085,1.5170220902741698,0.001340547458989846,0.0012442072046814326,0.9102132541645018,0.025,0.0,-0.03,0.0,1.0,0.0,0.015
42,1.3999726865251152,66,0.03698472020718547,0.0,-0.04470711815694174,0.014707118156941743,0.00029288184305825693,0.5857636861165139,0.001213178281093261,0.0012868040612117426,0.3514582116699083,0.025,0.0,-0.03,0.0,1.0,0.0,0.015
43,1.433305369537618,0,0.0,0.0,-0.01563694055735431,0.014363059442645688,0.000636940557354311,1.273881114708622,0.0,0.0,0.7643286688251731,0.025,0.0,-0.03,0.0,1.0,0.0,0.015
43,1.433305369537618,40,0.04137065909902096,0.0,-0.01589100916570531,0.014108990834294687,0.0008910091657053122,1.7820183314106244,-0.0018730588841355405,0.00028618421980741254,1.0692109988463745,0.025,0.0,-0.03,0.0,1.0,0.0,0.015
43,1.433305369537618,41,0.041869483929978205,0.0,-0.017033814243922002,0.012966185756077997,0.0020338142439220025,4.067628487844005,-0.0017894725892623423,0.0002409391241938835,2.440577092706403,0.025,0.0,-0.03,0.0,1.0,0.0,0.015
43,1.433305369537618,42,0.042366695555763695,0.0,-0.01817732469608982,0.01182267530391018,0.00317732469608982,6.35464939217964,-0.0018730012489708275,0.0002699046285956417,3.8127896353077837,0.025,0.0,-0.03,0.0,1.0,0.0,0.015
43,1.433305369537618,43,0.04286353419910712,0.0,-0.01932099740320906,0.01067900259679094,0.00432099740320906,8.64199480641812,-0.0018043142174175597,0.00023114567887037898,5.185196883850872,0.025,0.0,-0.03,0.0,1.0,0.0,0.015
43,1.433305369537618,44,0.04336124120033096,0.0,-0.020464290411199727,0.009535709588800272,0.005464290411199727,10.928580822399454,-0.0018695520152955413,0.0002515056805093616,6.557148493439672,0.025,0.0,-0.03,0.0,1.0,0.0,0.015
43,1.433305369537618,45,0.04386105495469879,0.0,-0.021606659455833125,0.008393340544166874,0.0066066594558331256,13.213318911666251,-0.0018230885845649564,0.0002217893659088496,7.92799134699975,0.025,0.0,-0.03,0.0,1.0,0.0,0.015
43,1.433305369537618,46,0.0443642072173191,0.0,-0.022747555360104827,0.007252444639895172,0.007747555360104828,15.495110720209656,-0.0018637405903090816,0.0002303187539033664,9.297066432125794,0.025,0.0,-0.03,0.0,1.0,0.0,0.015
43,1.433305369537618,47,0.04486658897088335,0.0,-0.023887920411703893,0.006112079588296106,0.008887920411703894,17.775840823407787,-0.0018446649333232986,0.00021325801658584424,10.665504494044672,0.025,0.0,-0.03,0.0,1.0,0.0,0.015
43,1.433305369537618,48,0.044584126780381345,0.0,-0.025102165119054082,0.004897834880945917,0.010102165119054082,20.204330238108163,-0.0018371108445832051,0.00013965093937071355,12.122598142864897,0.025,0.0,-0.03,0.0,1.0,0.0,0.015
43,1.433305369537618,49,0.04429521187045702,0.0,-0.026314901033290695,0.003685098966709304,0.011314901033290695,22.62980206658139,-0.0018211890146543341,6.217402313012605e-05,13.577881239948834,0.025,0.0,-0.03,0.0,1.0,0.0,0.015
43,1.433305369537618,50,0.04400121887467972,0.0,-0.02752642462972086,0.0024735753702791394,0.01252642462972086,25.05284925944172,-0.0017897431059618763,1.2055227735129117e-05,15.031709555665032,0.025,0.0,-0.03,0.0,1.0,0.0,0.015
43,1.433305369537618,51,0.04370352820553356,0.0,-0.02873705050471351,0.0012629494952864882,0.013737050504713511,27.474101009427024,-0.0017941151084957061,9.581658616484151e-05,16.484460605656214,0.025,0.0,-0.03,0.0,1.0,0.0,0.015
43,1.433305369537618,52,0.04340352378295618,0.0,-0.029947109178965946,5.2890821034053126e-05,0.014947109178965946,29.894218357931894,-0.0017419994555054504,0.0001671994922790331,17.936531014759137,0.025,0.0,-0.03,0.0,1.0,0.0,0.015
43,1.433305369537618,53,0.04310259239594983,0.0,-0.03115693823244608,0.0011569382324460795,0.01384306176755392,27.68612353510784,0.0017632556877208514,0.00025734217309398953,16.611674121064702,0.025,0.0,-0.03,0.0,1.0,0.0,0.015
43,1.433305369537618,54,0.04280174111293386,0.0,-0.032366819385121565,0.0023668193851215658,0.012633180614878434,25.266361229756868,0.0016971267805786254,0.00032814862829984184,15.15981673785412,0.025,0.0,-0.03,0.0,1.0,0.0,0.015
43,1.433305369537618,55,0.04250187258603347,0.0,-0.033576997779209014,0.003576997779209015,0.011423002220790984,22.846004441581968,0.0017247306828280333,0.00042318693842202274,13.70760266494918,0.025,0.0,-0.03,0.0,1.0,0.0,0.015
43,1.433305369537618,56,0.042204480167847516,0.0,-0.034787828634001976,0.004787828634001977,0.010212171365998023,20.424342731996045,0.0016555548621421676,0.0004969835577322639,12.254605639197626,0.025,0.0,-0.03,0.0,1.0,0.0,0.015
43,1.433305369537618,57,0.04191164129140288,0.0,-0.035999792145969885,0.005999792145969886,0.009000207854030114,18.000415708060228,0.0016823221898944526,0.0005941323683069784,10.800249424836137,0.025,0.0,-0.03,0.0,1.0,0.0,0.015
43,1.433305369537618,58,0.04162606420727485,0.0,-0.03721348009880684,0.007213480098806839,0.0077865199011931605,15.57303980238632,0.001616420680962073,0.0006713722489074022,9.343823881431792,0.025,0.0,-0.03,0.0,1.0,0.0,0.015
43,1.433305369537618,59,0.04135040086298257,0.0,-0.03842942949900369,0.008429429499003688,0.006570570500996312,13.141141001992624,0.0016393950127417502,0.0007683826595410917,7.884684601195574,0.025,0.0,-0.03,0.0,1.0,0.0,0.015
43,1.433305369537618,60,0.041086877779694914,0.0,-0.03964803423161887,0.00964803423161887,0.00535196576838113,10.70393153676226,0.0015823943437729621,0.0008488665063671032,6.422358922057356,0.025,0.0,-0.03,0.0,1.0,0.0,0.015
43,1.433305369537618,61,0.040837712981536725,0.0,-0.04086961594976809,0.01086961594976809,0.00413038405023191,8.26076810046382,0.0015964009569647154,0.0009434933897264451,4.956460860278291,0.025,0.0,-0.03,0.0,1.0,0.0,0.015
43,1.433305369537618,62,0.04060511183271292,0.0,-0.042094415331388225,0.012094415331388227,0.002905584668611773,5.811169337223546,0.001555567899933884,0.0010271784763900564,3.486701602334127,0.025,0.0,-0.03,0.0,1.0,0.0,0.015
43,1.433305369537618,63,0.040391263154273396,0.0,-0.043322578237481445,0.013322578237481446,0.0016774217625185536,3.3548435250371074,0.0015556326308838928,0.0011201055667642513,2.0129061150222642,0.025,0.0,-0.03,0.0,1.0,0.0,0.015
43,1.433305369537618,64,0.03924691742464574,0.0,-0.04381042882355186,0.013810428823551858,0.0011895711764481412,2.3791423528962823,0.0014279401374286311,0.0011641408407375286,1.4274854117377693,0.025,0.0,-0.03,0.0,1.0,0.0,0.015
43,1.433305369537618,65,0.03809727292189824,0.0,-0.0442856139631016,0.014285613963101601,0.0007143860368983984,1.4287720737967968,0.0013108217779507722,0.0012231592902698016,0.8572632442780781,0.025,0.0,-0.03,0.0,1.0,0.0,0.015
43,1.433305369537618,66,0.03694209545335229,0.0,-0.04474713940237294,0.01474713940237294,0.00025286059762705954,0.5057211952541191,0.0011853780785320745,0.0012634351847635658,0.30343271715247144,0.025,0.0,-0.03,0.0,1.0,0.0,0.015
44,1.4666380525501208,0,0.0,0.0,-0.01563694055735431,0.014363059442645688,0.000636940557354311,1.273881114708622,0.0,0.0,0.7643286688251731,0.025,0.0,-0.03,0.0,1.0,0.0,0.015
44,1.4666380525501208,40,0.04137935367721276,0.0,-0.015951335683159828,0.014048664316840171,0.0009513356831598284,1.9026713663196568,-0.001761405024716527,0.00024213316250598052,1.141602819791794,0.025,0.0,-0.03,0.0,1.0,0.0,0.015
44,1.4666380525501208,41,0.041877957934882706,0.0,-0.017094247576319537,0.012905752423680462,0.0020942475763195377,4.188495152639075,-0.0018222349415894124,0.00026113472772188264,2.513097091583445,0.025,0.0,-0.03,0.0,1.0,0.0,0.015
44,1.4666380525501208,42,0.04237494579207615,0.0,-0.018237865595927025,0.011762134404072973,0.003237865595927026,6.475731191854052,-0.0017732520083250634,0.00023123232275360073,3.885438715112431,0.025,0.0,-0.03,0.0,1.0,0.0,0.015
44,1.4666380525501208,43,0.04287155511286463,0.0,-0.019381648441894266,0.010618351558105733,0.004381648441894266,8.763296883788533,-0.0018230666113422328,0.0002449197775035209,5.257978130273119,0.025,0.0,-0.03,0.0,1.0,0.0,0.015
44,1.4666380525501208,44,0.043369024537518,0.0,-0.020525055192990735,0.009474944807009264,0.0055250551929907354,11.05011038598147,-0.0017860412138589452,0.0002198189764981984,6.6300662315888825,0.025,0.0,-0.03,0.0,1.0,0.0,0.015
44,1.4666380525501208,45,0.04386859011630832,0.0,-0.021667543363792074,0.008332456636207925,0.006667543363792074,13.335086727584148,-0.001823707130093431,0.00022749042410368875,8.001052036550488,0.025,0.0,-0.03,0.0,1.0,0.0,0.015
44,1.4666380525501208,46,0.04437148103186173,0.0,-0.02280856495882389,0.007191435041176107,0.007808564958823892,15.617129917647784,-0.0017999108799755447,0.0002077029371605212,9.37027795058867,0.025,0.0,-0.03,0.0,1.0,0.0,0.015
44,1.4666380525501208,47,0.04487358826272245,0.0,-0.023949062777460915,0.006050937222539084,0.008949062777460916,17.898125554921833,-0.0018255932391519438,0.00020591622473632788,10.7388753329531,0.025,0.0,-0.03,0.0,1.0,0.0,0.015
44,1.4666380525501208,48,0.04458862456433029,0.0,-0.02516273217802075,0.004837267821979248,0.010162732178020752,20.325464356041504,-0.001790758708593766,0.00013182769725184827,12.195278613624902,0.025,0.0,-0.03,0.0,1.0,0.0,0.015
44,1.4666380525501208,49,0.04429718612596443,0.0,-0.026374873542359945,0.0036251264576400537,0.011374873542359946,22.749747084719893,-0.0017885099466467321,5.3742818050983854e-05,13.649848250831935,0.025,0.0,-0.03,0.0,1.0,0.0,0.015
44,1.4666380525501208,50,0.04400064395517705,0.0,-0.02758578510703129,0.0024142148929687073,0.012585785107031292,25.171570214062584,-0.0017563547834945354,1.864482875670919e-05,15.10294212843755,0.025,0.0,-0.03,0.0,1.0,0.0,0.015
44,1.4666380525501208,51,0.043700374781025016,0.0,-0.02879578350686365,0.0012042164931363487,0.01379578350686365,27.5915670137273,-0.0017500873952870223,9.811349746584887e-05,16.554940208236378,0.025,0.0,-0.03,0.0,1.0,0.0,0.015
44,1.4666380525501208,52,0.04339775886018048,0.0,-0.03000520125232713,5.201252327131228e-06,0.014994798747672868,29.989597495345738,0.0017199394284806665,0.00017294666535708504,17.99375849720744,0.025,0.0,-0.03,0.0,1.0,0.0,0.015
44,1.4666380525501208,53,0.043094179310822156,0.0,-0.031214378118784684,0.0012143781187846855,0.013785621881215314,27.571243762430626,0.0017102635364152844,0.0002538966783535224,16.542746257458376,0.025,0.0,-0.03,0.0,1.0,0.0,0.015
44,1.4666380525501208,54,0.0427906293982082,0.0,-0.03242359445196287,0.002423594451962871,0.012576405548037128,25.152811096074256,0.0016802629837765575,0.0003315093803146161,15.091686657644553,0.025,0.0,-0.03,0.0,1.0,0.0,0.015
44,1.4666380525501208,55,0.04248800480150989,0.0,-0.03363309524067431,0.0036330952406743097,0.01136690475932569,22.73380951865138,0.001671628589213749,0.00041602839440307984,13.640285711190828,0.025,0.0,-0.03,0.0,1.0,0.0,0.015
44,1.4666380525501208,56,0.042187805816147436,0.0,-0.0348432411362669,0.004843241136266899,0.0101567588637331,20.313517727466202,0.0016395321179329709,0.0004965733884254506,12.18811063647972,0.025,0.0,-0.03,0.0,1.0,0.0,0.015
44,1.4666380525501208,57,0.041892118916814915,0.0,-0.03605451976547233,0.006054519765472333,0.008945480234527667,17.890960469055333,0.001629577860840654,0.0005834344901953534,10.734576281433199,0.025,0.0,-0.03,0.0,1.0,0.0,0.015
44,1.4666380525501208,58,0.04160366452566952,0.0,-0.037267533377638995,0.007267533377638996,0.007732466622361003,15.464933244722006,0.001600434868022377,0.0006668635575737189,9.278959946833204,0.025,0.0,-0.03,0.0,1.0,0.0,0.015
44,1.4666380525501208,59,0.04132510346657897,0.0,-0.03848282835236764,0.00848282835236764,0.00651717164763236,13.03434329526472,0.0015888681732721158,0.0007545557384035837,7.820605977158831,0.025,0.0,-0.03,0.0,1.0,0.0,0.015
44,1.4666380525501208,60,0.041058669720755885,0.0,-0.039700806096262004,0.009700806096262005,0.005299193903737995,10.598387807475989,0.001563282152308969,0.0008395134400191477,6.359032684485594,0.025,0.0,-0.03,0.0,1.0,0.0,0.015
44,1.4666380525501208,61,0.04080658909839286,0.0,-0.04092179529939683,0.010921795299396832,0.004078204700603168,8.156409401206336,0.0015513247066133828,0.0009271950430512906,4.893845640723801,0.025,0.0,-0.03,0.0,1.0,0.0,0.015
44,1.4666380525501208,62,0.040571074999876736,0.0,-0.04214604357534188,0.01214604357534188,0.002853956424658119,5.707912849316238,0.0015303263319909742,0.0010127056177313578,3.424747709589743,0.025,0.0,-0.03,0.0,1.0,0.0,0.015
44,1.4666380525501208,63,0.04035432465129957,0.0,-0.04337370308808721,0.013373703088087212,0.0016262969119127876,3.2525938238255754,0.0015184493868114922,0.0011001986103749994,1.951556294295345,0.025,0.0,-0.03,0.0,1.0,0.0,0.015
44,1.4666380525501208,64,0.03920828942566861,0.0,-0.04385758000222736,0.013857580002227358,0.001142419997772641,2.284839995545282,0.0013982853674158787,0.0011475357488546184,1.3709039973271693,0.025,0.0,-0.03,0.0,1.0,0.0,0.015
44,1.4666380525501208,65,0.038056995029552745,0.0,-0.0443287624358171,0.0143287624358171,0.0006712375641828999,1.3424751283657999,0.0012809779395297023,0.001200257650101464,0.8054850770194799,0.025,0.0,-0.03,0.0,1.0,0.0,0.015
44,1.4666380525501208,66,0.03690021187077243,0.0,-0.04478625764430867,0.014786257644308673,0.0002137423556913265,0.427484711382653,0.0011593036581696054,0.0012430391871386685,0.2564908268295918,0.025,0.0,-0.03,0.0,1.0,0.0,0.015
45,1.4999707355626235,0,0.0,0.0,-0.01563694055735431,0.014363059442645688,0.000636940557354311,1.273881114708622,0.0,0.0,0.7643286688251731,0.025,0.0,-0.03,0.0,1.0,0.0,0.015
45,1.4999707355626235,40,0.04138770225047971,0.0,-0.016010451251206384,0.013989548748793615,0.0010104512512063846,2.020902502412769,-0.0017305597977937124,0.00023426181385370566,1.2125415014476615,0.025,0.0,-0.03,0.0,1.0,0.0,0.015
45,1.4999707355626235,41,0.04188608392355327,0.0,-0.017153470737500356,0.012846529262499642,0.002153470737500357,4.3069414750007144,-0.0017826148473035672,0.0002492403521716699,2.5841648850004284,0.025,0.0,-0.03,0.0,1.0,0.0,0.015
45,1.4999707355626235,42,0.04238284592321027,0.0,-0.018297196844988622,0.011702803155011376,0.003297196844988623,6.594393689977246,-0.0017403723235773034,0.00022230304123323528,3.9566362139863474,0.025,0.0,-0.03,0.0,1.0,0.0,0.015
45,1.4999707355626235,43,0.04287922400226654,0.0,-0.019441090494534467,0.010558909505465532,0.004441090494534467,8.882180989068935,-0.0017844601161705663,0.00023336192352765663,5.329308593441361,0.025,0.0,-0.03,0.0,1.0,0.0,0.015
45,1.4999707355626235,44,0.043376454014531884,0.0,-0.020584611443568608,0.00941538855643139,0.005584611443568609,11.169222887137217,-0.0017532565206070984,0.0002108095068760616,6.701533732282329,0.025,0.0,-0.03,0.0,1.0,0.0,0.015
45,1.4999707355626235,45,0.043875769836251695,0.0,-0.021727219216329217,0.008272780783670781,0.006727219216329218,13.454438432658437,-0.0017840973122503303,0.0002154268310722345,8.072663059595062,0.025,0.0,-0.03,0.0,1.0,0.0,0.015
45,1.4999707355626235,46,0.04437839804358219,0.0,-0.022868366765580912,0.007131633234419087,0.007868366765580913,15.736733531161825,-0.0017690794069013095,0.00019911461905802334,9.442040118697095,0.025,0.0,-0.03,0.0,1.0,0.0,0.015
45,1.4999707355626235,47,0.0448802297075986,0.0,-0.02400899754426531,0.005991002455734688,0.009008997544265311,18.017995088530622,-0.0017825144114319111,0.00019532408711778597,10.810797053118373,0.025,0.0,-0.03,0.0,1.0,0.0,0.015
45,1.4999707355626235,48,0.044592818893301536,0.0,-0.025222098823239565,0.004777901176760434,0.010222098823239566,20.444197646479132,-0.0017658864103872165,0.00012066800897007608,12.266518587887479,0.025,0.0,-0.03,0.0,1.0,0.0,0.015
45,1.4999707355626235,49,0.044298911861028245,0.0,-0.026433653279767055,0.0035663467202329442,0.011433653279767055,22.86730655953411,-0.001738726707442724,4.9882646151012884e-05,13.720383935720466,0.025,0.0,-0.03,0.0,1.0,0.0,0.015
45,1.4999707355626235,50,0.04399987610382829,0.0,-0.027643960553878754,0.002356039446121245,0.012643960553878755,25.28792110775751,-0.0017391620475199802,2.8547261174884704e-05,15.172752664654505,0.025,0.0,-0.03,0.0,1.0,0.0,0.015
45,1.4999707355626235,51,0.04369708462666367,0.0,-0.028853339630248366,0.0011466603697516328,0.013853339630248367,27.706679260496735,-0.0016940605600800306,9.692409670209548e-05,16.62400755629804,0.025,0.0,-0.03,0.0,1.0,0.0,0.015
45,1.4999707355626235,52,0.04339191418181693,0.0,-0.03006212449106245,6.212449106245133e-05,0.014937875508937548,29.875751017875096,0.0017091514091356114,0.00018102419121126233,17.925450610725058,0.025,0.0,-0.03,0.0,1.0,0.0,0.015
45,1.4999707355626235,53,0.04308574413673886,0.0,-0.03127065756112765,0.0012706575611276527,0.013729342438872347,27.458684877744695,0.001649868955597426,0.00024808174089281513,16.475210926646817,0.025,0.0,-0.03,0.0,1.0,0.0,0.015
45,1.4999707355626235,54,0.04277955435164314,0.0,-0.032479217179833104,0.0024792171798331056,0.012520782820166894,25.041565640333786,0.0016725998328273209,0.0003367798736087929,15.024939384200271,0.025,0.0,-0.03,0.0,1.0,0.0,0.015
45,1.4999707355626235,55,0.04247423351517335,0.0,-0.033688048770907995,0.0036880487709079965,0.011311951229092003,22.623902458184006,0.0016111587621674452,0.00040668637202377834,13.574341474910403,0.025,0.0,-0.03,0.0,1.0,0.0,0.015
45,1.4999707355626235,56,0.042171288812776306,0.0,-0.03489751766762724,0.004897517667627242,0.010102482332372757,20.204964664745514,0.0016320767881846427,0.0004979820346747549,12.122978798847308,0.025,0.0,-0.03,0.0,1.0,0.0,0.015
45,1.4999707355626235,57,0.04187281539822729,0.0,-0.036108119499385326,0.006108119499385327,0.008891880500614673,17.783761001229344,0.001570729240747963,0.0005710406300620143,10.670256600737606,0.025,0.0,-0.03,0.0,1.0,0.0,0.015
45,1.4999707355626235,58,0.04158154578331517,0.0,-0.03732046613766784,0.00732046613766784,0.007679533862332159,15.35906772466432,0.001590978832243023,0.0006637350027395786,9.215440634798592,0.025,0.0,-0.03,0.0,1.0,0.0,0.015
45,1.4999707355626235,59,0.04130014926243341,0.0,-0.03853511384601358,0.008535113846013583,0.006464886153986417,12.929772307972835,0.0015345915658153072,0.00073974633566689,7.7578633847837,0.025,0.0,-0.03,0.0,1.0,0.0,0.015
45,1.4999707355626235,60,0.041030867221657254,0.0,-0.039752470813625526,0.009752470813625527,0.005247529186374472,10.495058372748945,0.0015486056579328445,0.0008310995401210196,6.297035023649367,0.025,0.0,-0.03,0.0,1.0,0.0,0.015
45,1.4999707355626235,61,0.040775932948585975,0.0,-0.040972873197079,0.010972873197079,0.0040271268029209994,8.054253605842,0.001504387131243264,0.0009104946619204064,4.832552163505199,0.025,0.0,-0.03,0.0,1.0,0.0,0.015
45,1.4999707355626235,62,0.040537567767572565,0.0,-0.04219657500163169,0.012196575001631689,0.0028034249983683104,5.606849996736621,0.0015078009097660692,0.0009989022182900656,3.364109998041972,0.025,0.0,-0.03,0.0,1.0,0.0,0.015
45,1.4999707355626235,63,0.04031797703659263,0.0,-0.04342373492914249,0.013423734929142492,0.0015762650708575077,3.1525301417150153,0.001481111589919732,0.0010798908258954425,1.8915180850290092,0.025,0.0,-0.03,0.0,1.0,0.0,0.015
45,1.4999707355626235,64,0.03917029831691064,0.0,-0.043903709052255005,0.013903709052255006,0.0010962909477449934,2.1925818954899867,0.0013699599588538197,0.0011323797064772415,1.315549137293992,0.025,0.0,-0.03,0.0,1.0,0.0,0.015
45,1.4999707355626235,65,0.03801739935527392,0.0,-0.04437096033655191,0.014370960336551913,0.000629039663448086,1.258079326896172,0.001251397603831119,0.0011764299330545098,0.7548475961377032,0.025,0.0,-0.03,0.0,1.0,0.0,0.015
45,1.4999707355626235,66,0.03685905511847426,0.0,-0.044824497505680606,0.014824497505680607,0.00017550249431939197,0.35100498863878393,0.001134473308042567,0.0012244445686723064,0.21060299318327036,0.025,0.0,-0.03,0.0,1.0,0.0,0.015
46,1.5333034185751262,0,0.0,0.0,-0.01563694055735431,0.014363059442645688,0.000636940557354311,1.273881114708622,0.0,0.0,0.7643286688251731,0.025,0.0,-0.03,0.0,1.0,0.0,0.015
46,1.5333034185751262,40,0.04139571976515334,0.0,-0.01606838476865201,0.013931615231347987,0.0010683847686520122,2.1367695373040245,-0.0017336945117962183,0.00024155662053890412,1.2820617223824147,0.025,0.0,-0.03,0.0,1.0,0.0,0.015
46,1.5333034185751262,41,0.04189387685589354,0.0,-0.017211511829894582,0.012788488170105416,0.002211511829894583,4.423023659789166,-0.0017117673514548595,0.00022359430187492523,2.6538141958734998,0.025,0.0,-0.03,0.0,1.0,0.0,0.015
46,1.5333034185751262,42,0.04239041147419453,0.0,-0.018355346987101003,0.011644653012898996,0.0033553469871010037,6.710693974202007,-0.0017385255739478449,0.00022715820276490159,4.026416384521204,0.025,0.0,-0.03,0.0,1.0,0.0,0.015
46,1.5333034185751262,43,0.04288655648862201,0.0,-0.019499351487313257,0.010500648512686742,0.004499351487313258,8.998702974626516,-0.001719241626233866,0.00021013215026336973,5.39922178477591,0.025,0.0,-0.03,0.0,1.0,0.0,0.015
46,1.5333034185751262,44,0.04338354574231601,0.0,-0.020642987363438395,0.009357012636561603,0.005642987363438396,11.285974726876793,-0.0017451096727149886,0.00021282679619805855,6.771584836126076,0.025,0.0,-0.03,0.0,1.0,0.0,0.015
46,1.5333034185751262,45,0.04388261038526963,0.0,-0.02178571475256633,0.008214285247433669,0.00678571475256633,13.571429505132661,-0.0017259741676923747,0.00019521499065436088,8.142857703079596,0.025,0.0,-0.03,0.0,1.0,0.0,0.015
46,1.5333034185751262,46,0.044384974939733444,0.0,-0.02292698865463927,0.00707301134536073,0.00792698865463927,15.85397730927854,-0.0017533210996999438,0.00019714442307165,9.512386385567122,0.025,0.0,-0.03,0.0,1.0,0.0,0.015
46,1.5333034185751262,47,0.04488653022673174,0.0,-0.024067752249617238,0.005932247750382761,0.009067752249617238,18.135504499234475,-0.0017310626864688965,0.00018332951333832346,10.881302699540685,0.025,0.0,-0.03,0.0,1.0,0.0,0.015
46,1.5333034185751262,48,0.0445967251537333,0.0,-0.025280292756064963,0.0047197072439350354,0.010280292756064964,20.56058551212993,-0.001746797172465566,0.00010911748371786141,12.336351307277956,0.025,0.0,-0.03,0.0,1.0,0.0,0.015
46,1.5333034185751262,49,0.04430040295158304,0.0,-0.026491267742593038,0.003508732257406961,0.011491267742593039,22.982535485186077,-0.0016885122376419895,4.6756670213447936e-05,13.789521291111646,0.025,0.0,-0.03,0.0,1.0,0.0,0.015
46,1.5333034185751262,50,0.04399892758612862,0.0,-0.027700978619465765,0.0022990213805342344,0.012700978619465765,25.40195723893153,-0.001720312237426634,3.756859703285312e-05,15.241174343358917,0.025,0.0,-0.03,0.0,1.0,0.0,0.015
46,1.5333034185751262,51,0.043693668465915776,0.0,-0.028909746308880293,0.001090253691119706,0.013909746308880293,27.819492617760588,-0.0016449554448345217,9.683001178026876e-05,16.691695570656353,0.025,0.0,-0.03,0.0,1.0,0.0,0.015
46,1.5333034185751262,52,0.043385998820419935,0.0,-0.03011790648883696,0.00011790648883696145,0.014882093511163038,29.764187022326077,0.0016896957475793773,0.00018660675475139988,17.858512213395645,0.025,0.0,-0.03,0.0,1.0,0.0,0.015
46,1.5333034185751262,53,0.04307729436794983,0.0,-0.031325803939630144,0.001325803939630145,0.013674196060369855,27.34839212073971,0.0016027350874545068,0.00024498353477116355,16.409035272443827,0.025,0.0,-0.03,0.0,1.0,0.0,0.015
46,1.5333034185751262,54,0.04276852177481134,0.0,-0.032533715120574035,0.0025337151205740358,0.012466284879425964,24.932569758851926,0.0016535995369242004,0.0003389771648707536,14.959541855311155,0.025,0.0,-0.03,0.0,1.0,0.0,0.015
46,1.5333034185751262,55,0.04246056289973488,0.0,-0.03374188573109848,0.0037418857310984807,0.011258114268901519,22.516228537803038,0.0015633295780009885,0.00039998660000179745,13.509737122681821,0.025,0.0,-0.03,0.0,1.0,0.0,0.015
46,1.5333034185751262,56,0.04215493159506135,0.0,-0.034950685779745964,0.0049506857797459655,0.010049314220254034,20.09862844050807,0.0016139686755909774,0.0004966973619268289,12.05917706430484,0.025,0.0,-0.03,0.0,1.0,0.0,0.015
46,1.5333034185751262,57,0.04185373150831632,0.0,-0.03616061873629177,0.00616061873629177,0.00883938126370823,17.67876252741646,0.0015237954678887708,0.0005610686684210042,10.607257516449875,0.025,0.0,-0.03,0.0,1.0,0.0,0.015
46,1.5333034185751262,58,0.0415597069994513,0.0,-0.037372305975599325,0.007372305975599326,0.007627694024400673,15.255388048801347,0.0015712708299492836,0.0006582535851325722,9.153232829280809,0.025,0.0,-0.03,0.0,1.0,0.0,0.015
46,1.5333034185751262,59,0.04127553558919219,0.0,-0.03858631347518172,0.008586313475181719,0.006413686524818281,12.827373049636561,0.0014915489986387735,0.0007271746478582394,7.696423829781937,0.025,0.0,-0.03,0.0,1.0,0.0,0.015
46,1.5333034185751262,60,0.04100346588784864,0.0,-0.039803056080876954,0.009803056080876955,0.005196943919123044,10.393887838246089,0.0015255686622240438,0.0008210097152627753,6.236332702947653,0.025,0.0,-0.03,0.0,1.0,0.0,0.015
46,1.5333034185751262,61,0.0407457384644755,0.0,-0.04102287732831777,0.01102287732831777,0.00397712267168223,7.954245343364461,0.0014656893350505802,0.0008953541525628202,4.772547206018676,0.025,0.0,-0.03,0.0,1.0,0.0,0.015
46,1.5333034185751262,62,0.04050458238072282,0.0,-0.042246037484529646,0.012246037484529647,0.0027539625154703526,5.507925030940705,0.001480882511054765,0.0009843404160072302,3.304755018564423,0.025,0.0,-0.03,0.0,1.0,0.0,0.015
46,1.5333034185751262,63,0.04028221091764586,0.0,-0.043472701729010584,0.013472701729010585,0.0015272982709894148,3.0545965419788295,0.0014471930518438674,0.0010612119536000464,1.8327579251872976,0.025,0.0,-0.03,0.0,1.0,0.0,0.015
46,1.5333034185751262,64,0.03913293322773796,0.0,-0.04394884263917628,0.013948842639176284,0.0010511573608237151,2.1023147216474305,0.001341465254268809,0.0011157305590888508,1.2613888329884582,0.025,0.0,-0.03,0.0,1.0,0.0,0.015
46,1.5333034185751262,65,0.03797847357222662,0.0,-0.044412232993669726,0.014412232993669727,0.0005877670063302726,1.1755340126605451,0.0012232276684517628,0.001154539416155244,0.7053204075963271,0.025,0.0,-0.03,0.0,1.0,0.0,0.015
46,1.5333034185751262,66,0.036818611429515494,0.0,-0.04486188296083781,0.014861882960837812,0.00013811703916218748,0.27623407832437497,0.0011098763734654488,0.0012050660921079902,0.16574044699462498,0.025,0.0,-0.03,0.0,1.0,0.0,0.015
47,1.566636101587629,0,0.0,0.0,-0.01563694055735431,0.014363059442645688,0.000636940557354311,1.273881114708622,0.0,0.0,0.7643286688251731,0.025,0.0,-0.03,0.0,1.0,0.0,0.015
47,1.566636101587629,40,0.04140342011240387,0.0,-0.016125163754876194,0.013874836245123805,0.0011251637548761947,2.2503275097523896,-0.0016765595939812264,0.00022200544574904157,1.3501965058514338,0.025,0.0,-0.03,0.0,1.0,0.0,0.015
47,1.566636101587629,41,0.041901351124146544,0.0,-0.017268398753307504,0.012731601246692495,0.0022683987533075045,4.5367975066150095,-0.0016971402093569957,0.00022295003855938106,2.7220785039690054,0.025,0.0,-0.03,0.0,1.0,0.0,0.015
47,1.566636101587629,42,0.04239765691524453,0.0,-0.0184123433485992,0.0115876566514008,0.0034123433485992,6.824686697198399,-0.0016877455772934275,0.00021041924771686137,4.09481201831904,0.025,0.0,-0.03,0.0,1.0,0.0,0.015
47,1.566636101587629,43,0.042893567503303635,0.0,-0.019556459036887953,0.010443540963112046,0.004556459036887953,9.112918073775907,-0.0016989380758039119,0.00020686296499863134,5.467750844265544,0.025,0.0,-0.03,0.0,1.0,0.0,0.015
47,1.566636101587629,44,0.04339031477244835,0.0,-0.020700210095939704,0.009299789904060295,0.005700210095939705,11.400420191879409,-0.0016993308793539876,0.00019821842520389543,6.840252115127645,0.025,0.0,-0.03,0.0,1.0,0.0,0.015
47,1.566636101587629,45,0.04388912722333316,0.0,-0.021843057299478063,0.008156942700521936,0.0068430572994780635,13.686114598956127,-0.0017014226740688708,0.00018999206977041015,8.211668759373676,0.025,0.0,-0.03,0.0,1.0,0.0,0.015
47,1.566636101587629,46,0.0443912273461783,0.0,-0.022984457597489606,0.007015542402510393,0.007984457597489607,15.968915194979214,-0.0017110341059450953,0.0001843233402404113,9.581349116987528,0.025,0.0,-0.03,0.0,1.0,0.0,0.015
47,1.566636101587629,47,0.04489250576609736,0.0,-0.024125353939034005,0.005874646060965993,0.009125353939034006,18.250707878068013,-0.0017043500228916368,0.0001745733581243961,10.950424726840808,0.025,0.0,-0.03,0.0,1.0,0.0,0.015
47,1.566636101587629,48,0.04460035783494331,0.0,-0.025337340857024073,0.004662659142975926,0.010337340857024074,20.67468171404815,-0.0017047326478845718,0.0001027383960408917,12.404809028428888,0.025,0.0,-0.03,0.0,1.0,0.0,0.015
47,1.566636101587629,49,0.04430167239055421,0.0,-0.0265477438998752,0.003452256100124798,0.011547743899875201,23.0954877997504,-0.0016639714122327716,3.814696630850649e-05,13.857292679850241,0.025,0.0,-0.03,0.0,1.0,0.0,0.015
47,1.566636101587629,50,0.04399780992538537,0.0,-0.027756866149831378,0.002243133850168621,0.012756866149831379,25.513732299662756,-0.0016763942753975796,3.99877132939275e-05,15.308239379797653,0.025,0.0,-0.03,0.0,1.0,0.0,0.015
47,1.566636101587629,51,0.04369013629647492,0.0,-0.028965030427307956,0.0010349695726920433,0.013965030427307956,27.930060854615913,-0.0016231988500608377,0.00010295842678403895,16.758036512769547,0.025,0.0,-0.03,0.0,1.0,0.0,0.015
47,1.566636101587629,52,0.043380021257920065,0.0,-0.030172574052911003,0.0001725740529110037,0.014827425947088996,29.65485189417799,0.001644149008196131,0.00018530280103497366,17.792911136506795,0.025,0.0,-0.03,0.0,1.0,0.0,0.015
47,1.566636101587629,53,0.04306883693499998,0.0,-0.03137984406163202,0.001379844061632024,0.013620155938367975,27.24031187673595,0.0015832105474052711,0.0002483479025528532,16.34418712604157,0.025,0.0,-0.03,0.0,1.0,0.0,0.015
47,1.566636101587629,54,0.04275753703261468,0.0,-0.032587115054472926,0.002587115054472927,0.012412884945527072,24.825769891054144,0.0016083241799445304,0.0003343697108228056,14.895461934632486,0.025,0.0,-0.03,0.0,1.0,0.0,0.015
47,1.566636101587629,55,0.04244699672897858,0.0,-0.03379463288843449,0.003794632888434492,0.011205367111565508,22.410734223131016,0.0015434018985133794,0.00039976183068533226,13.44644053387861,0.025,0.0,-0.03,0.0,1.0,0.0,0.015
47,1.566636101587629,56,0.042138736321271644,0.0,-0.035002772260339876,0.005002772260339877,0.009997227739660122,19.994455479320244,0.0015697164975107202,0.0004889535117546261,11.996673287592147,0.025,0.0,-0.03,0.0,1.0,0.0,0.015
47,1.566636101587629,57,0.041834867787639424,0.0,-0.03621204425016046,0.006212044250160462,0.008787955749839538,17.575911499679076,0.0015041754262548875,0.000557265713079337,10.545546899807446,0.025,0.0,-0.03,0.0,1.0,0.0,0.015
47,1.566636101587629,58,0.041538147073563736,0.0,-0.03742307973174501,0.007423079731745011,0.0075769202682549885,15.153840536509977,0.0015283541774702772,0.0006473893249794807,9.092304321905985,0.025,0.0,-0.03,0.0,1.0,0.0,0.015
47,1.566636101587629,59,0.041251259723413355,0.0,-0.03863645408662507,0.00863645408662507,0.0063635459133749295,12.72709182674986,0.0014702686232702664,0.000719230704536047,7.636255096049915,0.025,0.0,-0.03,0.0,1.0,0.0,0.015
47,1.566636101587629,60,0.040976461362264696,0.0,-0.039852588848201705,0.009852588848201706,0.005147411151798294,10.294822303596588,0.0014858724550905313,0.0008074507252732971,6.176893382157952,0.025,0.0,-0.03,0.0,1.0,0.0,0.015
47,1.566636101587629,61,0.040715999682862054,0.0,-0.04107183469304946,0.01107183469304946,0.003928165306950539,7.856330613901077,0.0014413145731621464,0.0008830318531888247,4.713798368340647,0.025,0.0,-0.03,0.0,1.0,0.0,0.015
47,1.566636101587629,62,0.04047211127583986,0.0,-0.042294458156523294,0.012294458156523295,0.002705541843476704,5.411083686953408,0.0014455425996987804,0.0009681798974422198,3.2466502121720446,0.025,0.0,-0.03,0.0,1.0,0.0,0.015
47,1.566636101587629,63,0.040247017165793264,0.0,-0.04352063072974075,0.013520630729740753,0.0014793692702592467,2.9587385405184934,0.0014185339867218967,0.0010451119302736008,1.775243124311096,0.025,0.0,-0.03,0.0,1.0,0.0,0.015
47,1.566636101587629,64,0.0390961835990902,0.0,-0.04399300670113706,0.01399300670113706,0.001006993298862939,2.013986597725878,0.0013121868488972209,0.0010964208553485052,1.208391958635527,0.025,0.0,-0.03,0.0,1.0,0.0,0.015
47,1.566636101587629,65,0.03794020571783967,0.0,-0.04445260501320302,0.014452605013203022,0.0005473949867969771,1.0947899735939544,0.001196795415395802,0.0011354880650875023,0.6568739841563725,0.025,0.0,-0.03,0.0,1.0,0.0,0.015
47,1.566636101587629,66,0.036778867434006456,0.0,-0.04489843727377059,0.01489843727377059,0.00010156272622940943,0.20312545245881886,0.0010852952110136853,0.0011843412339437535,0.12187527147529131,0.025,0.0,-0.03,0.0,1.0,0.0,0.015
48,1.5999687846001316,0,0.0,0.0,-0.01563694055735431,0.014363059442645688,0.000636940557354311,1.273881114708622,0.0,0.0,0.7643286688251731,0.025,0.0,-0.03,0.0,1.0,0.0,0.015
48,1.5999687846001316,39,0.04091026079269592,0.0,-0.015038722307060347,0.014961277692939652,3.872230706034735e-05,0.0774446141206947,-0.0016875544473041275,0.0002411065634803072,0.04646676847241682,0.025,0.0,-0.03,0.0,1.0,0.0,0.015
48,1.5999687846001316,40,0.041410816400069904,0.0,-0.01618081589604958,0.01381918410395042,0.00118081589604958,2.36163179209916,-0.0016191873626363203,0.00020221174362376613,1.416979075259496,0.025,0.0,-0.03,0.0,1.0,0.0,0.015
48,1.5999687846001316,41,0.041908520290178816,0.0,-0.01732415960743399,0.012675840392566008,0.0023241596074339912,4.648319214867983,-0.0016870705190586398,0.0002240967522160966,2.7889915289207896,0.025,0.0,-0.03,0.0,1.0,0.0,0.015
48,1.5999687846001316,42,0.042404595843529166,0.0,-0.01846821349710528,0.011531786502894718,0.003468213497105282,6.936426994210564,-0.0016330920594856654,0.00019180576219726073,4.161856196526338,0.025,0.0,-0.03,0.0,1.0,0.0,0.015
48,1.5999687846001316,43,0.042900271033541756,0.0,-0.019612440984409257,0.010387559015590742,0.004612440984409258,9.224881968818515,-0.0016861288654072119,0.00020668199186255355,5.534929181291109,0.025,0.0,-0.03,0.0,1.0,0.0,0.015
48,1.5999687846001316,44,0.04339677518349221,0.0,-0.020756307087127283,0.009243692912872716,0.005756307087127283,11.512614174254567,-0.0016476692826112506,0.00018080476725173509,6.90756850455274,0.025,0.0,-0.03,0.0,1.0,0.0,0.015
48,1.5999687846001316,45,0.04389533475587768,0.0,-0.021899274450876267,0.008100725549123732,0.006899274450876267,13.798548901752534,-0.0016853576161267884,0.00018831617775918184,8.27912934105152,0.025,0.0,-0.03,0.0,1.0,0.0,0.015
48,1.5999687846001316,46,0.04439716980400032,0.0,-0.023040800916491043,0.006959199083508956,0.008040800916491044,16.081601832982088,-0.0016628386448772903,0.00016889130689464927,9.648961099789252,0.025,0.0,-0.03,0.0,1.0,0.0,0.015
48,1.5999687846001316,47,0.04489817111577276,0.0,-0.0241818299811705,0.005818170018829498,0.009181829981170501,18.363659962341004,-0.0016860438514750586,0.0001666904146137976,11.018195977404602,0.025,0.0,-0.03,0.0,1.0,0.0,0.015
48,1.5999687846001316,48,0.044603730356994824,0.0,-0.02539327037987616,0.004606729620123838,0.010393270379876161,20.786540759752324,-0.0016558928677258538,9.836655057233047e-05,12.471924455851394,0.025,0.0,-0.03,0.0,1.0,0.0,0.015
48,1.5999687846001316,49,0.044302732197025234,0.0,-0.026603109057978164,0.003396890942021835,0.011603109057978164,23.20621811595633,-0.0016493959049616418,2.7607256933035233e-05,13.923730869573797,0.025,0.0,-0.03,0.0,1.0,0.0,0.015
48,1.5999687846001316,50,0.0439965337547203,0.0,-0.02781165036389564,0.0021883496361043593,0.01281165036389564,25.623300727791282,-0.0016244814914530717,3.987895489754291e-05,15.373980436674769,0.025,0.0,-0.03,0.0,1.0,0.0,0.015
48,1.5999687846001316,51,0.043686497322429615,0.0,-0.02901921922774089,0.000980780772259108,0.014019219227740892,28.03843845548178,-0.0016119248913047726,0.00011127990078099961,16.823063073289067,0.025,0.0,-0.03,0.0,1.0,0.0,0.015
48,1.5999687846001316,52,0.04337398927599842,0.0,-0.030226154361159146,0.00022615436115914697,0.014773845638840852,29.547691277681704,0.0015907613401340004,0.0001815173331889796,17.72861476660902,0.025,0.0,-0.03,0.0,1.0,0.0,0.015
48,1.5999687846001316,53,0.043060378164279246,0.0,-0.031432805114909625,0.0014328051149096258,0.013567194885090374,27.134389770180746,0.001573476398755936,0.0002538342571087244,16.28063386210845,0.025,0.0,-0.03,0.0,1.0,0.0,0.015
48,1.5999687846001316,54,0.042746604990904394,0.0,-0.03263944413721044,0.002639444137210442,0.012360555862789557,24.721111725579114,0.0015549094660947834,0.000327284177741515,14.832667035347468,0.025,0.0,-0.03,0.0,1.0,0.0,0.015
48,1.5999687846001316,55,0.042433538375224296,0.0,-0.03384631743551651,0.0038463174355165136,0.011153682564483486,22.30736512896697,0.0015346478629658434,0.000401987711690428,13.384419077380182,0.025,0.0,-0.03,0.0,1.0,0.0,0.015
48,1.5999687846001316,56,0.042122704866511214,0.0,-0.0350538042911625,0.005053804291162499,0.0099461957088375,19.892391417675,0.0015163354762390523,0.00047861689453851207,11.935434850605,0.025,0.0,-0.03,0.0,1.0,0.0,0.015
48,1.5999687846001316,57,0.04181622459340687,0.0,-0.036262423255612755,0.006262423255612756,0.008737576744387243,17.475153488774488,0.0014963381995129039,0.0005560300659118196,10.485092093264692,0.025,0.0,-0.03,0.0,1.0,0.0,0.015
48,1.5999687846001316,58,0.04151686484847463,0.0,-0.03747281462850622,0.0074728146285062205,0.007527185371493779,15.054370742987558,0.0014774005807389812,0.0006343517180836987,9.032622445792535,0.025,0.0,-0.03,0.0,1.0,0.0,0.015
48,1.5999687846001316,59,0.04122731898628953,0.0,-0.03868556296316729,0.00868556296316729,0.00631443703683271,12.628874073665418,0.0014581100481973284,0.0007131196414111463,7.577324444199251,0.025,0.0,-0.03,0.0,1.0,0.0,0.015
48,1.5999687846001316,60,0.040949849456091814,0.0,-0.039901096448762434,0.009901096448762435,0.005098903551237564,10.197807102475128,0.0014410095714227878,0.0007925676860251627,6.118684261485076,0.025,0.0,-0.03,0.0,1.0,0.0,0.015
48,1.5999687846001316,61,0.040686710912476734,0.0,-0.04111977271179793,0.011119772711797933,0.0038802272882020664,7.760454576404133,0.0014230750627226621,0.0008718086808701795,4.65627274584248,0.025,0.0,-0.03,0.0,1.0,0.0,0.015
48,1.5999687846001316,62,0.04044014727697257,0.0,-0.04234186453416185,0.012341864534161848,0.0026581354658381517,5.3162709316763035,0.001408150036621747,0.0009514390350207452,3.189762559005782,0.025,0.0,-0.03,0.0,1.0,0.0,0.015
48,1.5999687846001316,63,0.04021238714322384,0.0,-0.04356754956741066,0.013567549567410658,0.0014324504325893411,2.864900865178682,0.0013927477026668385,0.0010300584651545873,1.7189405191072091,0.025,0.0,-0.03,0.0,1.0,0.0,0.015
48,1.5999687846001316,64,0.03906003936704354,0.0,-0.04403622745656976,0.01403622745656976,0.0009637725434302399,1.92754508686048,0.0012834763793317086,0.0010760741119976648,1.156527052116288,0.025,0.0,-0.03,0.0,1.0,0.0,0.015
48,1.5999687846001316,65,0.03790258433139681,0.0,-0.04449210117206047,0.01449210117206047,0.0005078988279395291,1.0157976558790582,0.0011719048923311995,0.001117870267430796,0.6094785935274349,0.025,0.0,-0.03,0.0,1.0,0.0,0.015
48,1.5999687846001316,66,0.036739810259990784,0.0,-0.04493418377417664,0.014934183774176643,6.581622582335633e-05,0.13163245164671267,0.0010613349015230309,0.0011629185552966693,0.0789794709880276,0.025,0.0,-0.03,0.0,1.0,0.0,0.015
49,1.6333014676126345,0,0.0,0.0,-0.01563694055735431,0.014363059442645688,0.000636940557354311,1.273881114708622,0.0,0.0,0.7643286688251731,0.025,0.0,-0.03,0.0,1.0,0.0,0.015
49,1.6333014676126345,39,0.04091758220738575,0.0,-0.015093207939599914,0.014906792060400085,9.32079395999149e-05,0.1864158791998298,-0.0016158758967851593,0.00021363997157976006,0.11184952751989788,0.025,0.0,-0.03,0.0,1.0,0.0,0.015
49,1.6333014676126345,40,0.04141790789406858,0.0,-0.016235411437805075,0.013764588562194924,0.0012354114378050757,2.4708228756101516,-0.0016247606097288053,0.00020919003332364795,1.4824937253660908,0.025,0.0,-0.03,0.0,1.0,0.0,0.015
49,1.6333014676126345,41,0.04191538135298005,0.0,-0.01737886512681873,0.01262113487318127,0.00237886512681873,4.75773025363746,-0.0016249735712102922,0.00020081490647129503,2.854638152182476,0.025,0.0,-0.03,0.0,1.0,0.0,0.015
49,1.6333014676126345,42,0.04241122331937929,0.0,-0.0185230294866781,0.011476970513321898,0.003523029486678101,7.046058973356202,-0.001628905899769943,0.00019402147172394504,4.2276353840137215,0.025,0.0,-0.03,0.0,1.0,0.0,0.015
49,1.6333014676126345,43,0.04290665982879142,0.0,-0.019667369967409632,0.010332630032590367,0.004667369967409633,9.334739934819265,-0.001634149475966811,0.00018759666172838037,5.600843960891559,0.025,0.0,-0.03,0.0,1.0,0.0,0.015
49,1.6333014676126345,44,0.04340291767268742,0.0,-0.020811352256439545,0.009188647743560454,0.0058113522564395455,11.622704512879091,-0.0016336231292530324,0.00017836742763634536,6.973622707727454,0.025,0.0,-0.03,0.0,1.0,0.0,0.015
49,1.6333014676126345,45,0.04390122131826606,0.0,-0.02195444083604265,0.008045559163957348,0.006954440836042651,13.908881672085302,-0.001643206443615241,0.0001732515740717212,8.34532900325118,0.025,0.0,-0.03,0.0,1.0,0.0,0.015
49,1.6333014676126345,46,0.044402788461411775,0.0,-0.023096094487908995,0.006903905512091003,0.008096094487908996,16.19218897581799,-0.0016395320862913957,0.0001620242615252235,9.715313385490795,0.025,0.0,-0.03,0.0,1.0,0.0,0.015
49,1.6333014676126345,47,0.0449035100540369,0.0,-0.02423725709021232,0.0057627429097876805,0.009237257090212319,18.474514180424638,-0.001652956187852222,0.00015540799384405348,11.084708508254783,0.025,0.0,-0.03,0.0,1.0,0.0,0.015
49,1.6333014676126345,48,0.04460682729555229,0.0,-0.025448158710054302,0.004551841289945697,0.010448158710054303,20.896317420108605,-0.0016246036175646748,9.027252758197476e-05,12.537790452065163,0.025,0.0,-0.03,0.0,1.0,0.0,0.015
49,1.6333014676126345,49,0.04430356781112889,0.0,-0.02665744097070766,0.003342559029292338,0.011657440970707662,23.314881941415322,-0.0016238283989621028,1.9481697795250285e-05,13.988929164849193,0.025,0.0,-0.03,0.0,1.0,0.0,0.015
49,1.6333014676126345,50,0.04399508533850422,0.0,-0.027865409706588996,0.0021345902934110025,0.012865409706588997,25.730819413177993,-0.0015877794829500462,4.3567066730683064e-05,15.438491647906796,0.025,0.0,-0.03,0.0,1.0,0.0,0.015
49,1.6333014676126345,51,0.04368273873247092,0.0,-0.029072391575653084,0.0009276084243469152,0.014072391575653084,28.144783151306168,-0.0015918746783929899,0.0001175115897904773,16.8868698907837,0.025,0.0,-0.03,0.0,1.0,0.0,0.015
49,1.6333014676126345,52,0.043367890950016814,0.0,-0.0302787269874382,0.0002787269874382006,0.014721273012561799,29.442546025123598,0.0015505422763934006,0.00018096792596574153,17.665527615074158,0.025,0.0,-0.03,0.0,1.0,0.0,0.015
49,1.6333014676126345,53,0.04305190710982486,0.0,-0.0314847671522786,0.0014847671522786043,0.013515232847721395,27.03046569544279,0.0015570222214514155,0.0002576235110382849,16.218279417265673,0.025,0.0,-0.03,0.0,1.0,0.0,0.015
49,1.6333014676126345,54,0.04273571563550766,0.0,-0.03269078316039453,0.002690783160394533,0.012309216839605466,24.618433679210934,0.001513454866506175,0.0003230076455598519,14.77106020752656,0.025,0.0,-0.03,0.0,1.0,0.0,0.015
49,1.6333014676126345,55,0.0424201788236915,0.0,-0.03389702075533698,0.0038970207553369815,0.011102979244663018,22.205958489326036,0.0015195743997068786,0.00040258774218749927,13.323575093595622,0.025,0.0,-0.03,0.0,1.0,0.0,0.015
49,1.6333014676126345,56,0.04210682925153575,0.0,-0.03510386398097903,0.005103863980979034,0.009896136019020965,19.79227203804193,0.0014748974622145073,0.0004709214311109659,11.875363222825158,0.025,0.0,-0.03,0.0,1.0,0.0,0.015
49,1.6333014676126345,57,0.04179779512816137,0.0,-0.036311838370458566,0.006311838370458567,0.008688161629541433,17.376323259082866,0.0014819970840336777,0.0005530932791220688,10.42579395544972,0.025,0.0,-0.03,0.0,1.0,0.0,0.015
49,1.6333014676126345,58,0.041495854725402306,0.0,-0.03752159396928701,0.007521593969287012,0.007478406030712988,14.956812061425975,0.001437494910372272,0.0006235589492406319,8.974087236855585,0.025,0.0,-0.03,0.0,1.0,0.0,0.015
49,1.6333014676126345,59,0.04120370901525577,0.0,-0.03873372396770958,0.008733723967709578,0.0062662760322904215,12.532552064580843,0.00144182050191504,0.0007058997237816193,7.519531238748505,0.025,0.0,-0.03,0.0,1.0,0.0,0.015
49,1.6333014676126345,60,0.04092362701151074,0.0,-0.03994866338762583,0.00994866338762583,0.005051336612374169,10.102673224748337,0.0014047239058377564,0.000779165106626254,6.061603934849002,0.025,0.0,-0.03,0.0,1.0,0.0,0.015
49,1.6333014676126345,61,0.040657870188056944,0.0,-0.041166776433732906,0.011166776433732907,0.0038332235662670924,7.666447132534185,0.001403438558476344,0.0008600679428993989,4.599868279520511,0.025,0.0,-0.03,0.0,1.0,0.0,0.015
49,1.6333014676126345,62,0.04040868955103796,0.0,-0.04238834223457698,0.01238834223457698,0.00261165776542302,5.22331553084604,0.0013765109800502682,0.0009354748687566691,3.133989318507624,0.025,0.0,-0.03,0.0,1.0,0.0,0.015
49,1.6333014676126345,63,0.04017832108793054,0.0,-0.043613544354237255,0.013613544354237256,0.0013864556457627436,2.772911291525487,0.0013686457781422591,0.0010147216255597129,1.663746774915292,0.025,0.0,-0.03,0.0,1.0,0.0,0.015
49,1.6333014676126345,64,0.039024497140294115,0.0,-0.04407858382457385,0.014078583824573852,0.0009214161754261471,1.8428323508522944,0.0012577428828867772,0.0010564940217785844,1.1056994105113767,0.025,0.0,-0.03,0.0,1.0,0.0,0.015
49,1.6333014676126345,65,0.03786560245338885,0.0,-0.044530793083421685,0.014530793083421686,0.00046920691657831304,0.9384138331566261,0.0011494357926188144,0.0011007040361348955,0.5630482998939756,0.025,0.0,-0.03,0.0,1.0,0.0,0.015
49,1.6333014676126345,66,0.03670142943540079,0.0,-0.04496918668689037,0.014969186686890373,3.0813313109626095e-05,0.06162662621925219,0.0010394091563734476,0.001141602537155228,0.036975975731551314,0.025,0.0,-0.03,0.0,1.0,0.0,0.015
50,1.6666341506251372,0,0.0,0.0,-0.01563694055735431,0.014363059442645688,0.000636940557354311,1.273881114708622,0.0,0.0,0.7643286688251731,0.025,0.0,-0.03,0.0,1.0,0.0,0.015
50,1.6666341506251372,39,0.04092461277781407,0.0,-0.015146677429665434,0.014853322570334565,0.00014667742966543475,0.29335485933086947,-0.0015452773387597256,0.00018718320405081262,0.17601291559852167,0.025,0.0,-0.03,0.0,1.0,0.0,0.015
50,1.6666341506251372,40,0.041424705189130516,0.0,-0.01628899249154573,0.013711007508454269,0.0012889924915457304,2.577984983091461,-0.001631964446872531,0.000217393284788345,1.5467909898548766,0.025,0.0,-0.03,0.0,1.0,0.0,0.015
50,1.6666341506251372,41,0.04192194451136051,0.0,-0.017432557156467566,0.012567442843532433,0.0024325571564675665,4.865114312935133,-0.0015604274606493362,0.00017709702491981998,2.9190685877610796,0.025,0.0,-0.03,0.0,1.0,0.0,0.015
50,1.6666341506251372,42,0.042417549450837436,0.0,-0.018576833584846485,0.011423166415153514,0.0035768335848464852,7.15366716969297,-0.0016294506399661722,0.00019897578054011507,4.292200301815782,0.025,0.0,-0.03,0.0,1.0,0.0,0.015
50,1.6666341506251372,43,0.042912743645791916,0.0,-0.01972128808912591,0.010278711910874087,0.004721288089125912,9.442576178251825,-0.0015770866001666493,0.00016703900212261527,5.665545706951095,0.025,0.0,-0.03,0.0,1.0,0.0,0.015
50,1.6666341506251372,44,0.04340875185925249,0.0,-0.020865388034049356,0.009134611965950643,0.005865388034049356,11.730776068098713,-0.0016261019415333472,0.0001796235881847083,7.038465640859227,0.025,0.0,-0.03,0.0,1.0,0.0,0.015
50,1.6666341506251372,45,0.04390679621236366,0.0,-0.022008598816005746,0.007991401183994253,0.007008598816005747,14.017197632011493,-0.001594913557879052,0.0001563565206333371,8.410318579206896,0.025,0.0,-0.03,0.0,1.0,0.0,0.015
50,1.6666341506251372,46,0.044408092435559314,0.0,-0.02315038091959826,0.006849619080401739,0.00815038091959826,16.30076183919652,-0.0016229299405787954,0.00015887165312241088,9.780457103517913,0.025,0.0,-0.03,0.0,1.0,0.0,0.015
50,1.6666341506251372,47,0.04490853141661648,0.0,-0.024291677886624695,0.005708322113375304,0.009291677886624695,18.58335577324939,-0.0016134407346371422,0.00014477836554249154,11.150013463949634,0.025,0.0,-0.03,0.0,1.0,0.0,0.015
50,1.6666341506251372,48,0.044609655651468384,0.0,-0.025502048389999647,0.004497951610000352,0.010502048389999647,21.004096779999294,-0.0016012012691322603,8.154144725519497e-05,12.602458067999576,0.025,0.0,-0.03,0.0,1.0,0.0,0.015
50,1.6666341506251372,49,0.04430418439240912,0.0,-0.02671078194803604,0.0032892180519639574,0.011710781948036042,23.421563896072083,-0.0015898626876744031,1.4375933783679337e-05,14.05293833764325,0.025,0.0,-0.03,0.0,1.0,0.0,0.015
50,1.6666341506251372,50,0.04399346793590052,0.0,-0.027918186372359637,0.0020818136276403616,0.012918186372359638,25.836372744719277,-0.0015605625147278432,4.8779624274545525e-05,15.501823646831566,0.025,0.0,-0.03,0.0,1.0,0.0,0.015
50,1.6666341506251372,51,0.043678861878561806,0.0,-0.029124589429592174,0.0008754105704078252,0.014124589429592174,28.249178859184347,-0.0015623991406363382,0.000120677409851815,16.94950731551061,0.025,0.0,-0.03,0.0,1.0,0.0,0.015
50,1.6666341506251372,52,0.04336172565497312,0.0,-0.030330333748744644,0.00033033374874464477,0.014669666251255355,29.33933250251071,0.001520095431352668,0.00018230890932079109,17.603599501506427,0.025,0.0,-0.03,0.0,1.0,0.0,0.015
50,1.6666341506251372,53,0.04304342114436471,0.0,-0.03153577175245982,0.001535771752459822,0.013464228247540178,26.928456495080354,0.0015313287376407742,0.0002586500147695132,16.15707389704821,0.025,0.0,-0.03,0.0,1.0,0.0,0.015
50,1.6666341506251372,54,0.04272486423895839,0.0,-0.032741173506436155,0.0027411735064361564,0.012258826493563843,24.517652987127686,0.0014817122467317323,0.0003208547693969794,14.710591792276611,0.025,0.0,-0.03,0.0,1.0,0.0,0.015
50,1.6666341506251372,55,0.04240691117938708,0.0,-0.033946783886499535,0.003946783886499536,0.011053216113500464,22.106432227000926,0.0014946054769295076,0.0004006011424652798,13.263859336200555,0.025,0.0,-0.03,0.0,1.0,0.0,0.015
50,1.6666341506251372,56,0.04209110033056828,0.0,-0.03515299219202464,0.005152992192024641,0.009847007807975358,19.694015615950715,0.0014439864720768938,0.0004657540076794433,11.816409369570428,0.025,0.0,-0.03,0.0,1.0,0.0,0.015
50,1.6666341506251372,57,0.041779567967194356,0.0,-0.036360330285525426,0.006360330285525427,0.008639669714474572,17.279339428949143,0.0014566480647497397,0.000547649114769541,10.367603657369486,0.025,0.0,-0.03,0.0,1.0,0.0,0.015
50,1.6666341506251372,58,0.04147510294115081,0.0,-0.03756945832253377,0.007569458322533772,0.007430541677466228,14.861083354932456,0.0014074064750706288,0.0006153164144793622,8.916650012959472,0.025,0.0,-0.03,0.0,1.0,0.0,0.015
50,1.6666341506251372,59,0.041180413700298096,0.0,-0.038780977498556767,0.008780977498556768,0.006219022501443232,12.438045002886463,0.001417141549610384,0.000697269713257984,7.462827001731878,0.025,0.0,-0.03,0.0,1.0,0.0,0.015
50,1.6666341506251372,60,0.04089777554420578,0.0,-0.039995329966548296,0.009995329966548297,0.0050046700334517025,10.009340066903405,0.0013752464064916183,0.0007677733283096059,6.005604040142043,0.025,0.0,-0.03,0.0,1.0,0.0,0.015
50,1.6666341506251372,61,0.04062945665635193,0.0,-0.04121288604836746,0.011212886048367461,0.0037871139516325383,7.5742279032650766,0.001378581482306012,0.0008480333182330738,4.544536741959046,0.025,0.0,-0.03,0.0,1.0,0.0,0.015
50,1.6666341506251372,62,0.04037771487575574,0.0,-0.042433931394048295,0.012433931394048296,0.0025660686059517032,5.132137211903406,0.0013482485309300341,0.0009210461387457194,3.0792823271420438,0.025,0.0,-0.03,0.0,1.0,0.0,0.015
50,1.6666341506251372,63,0.04014479343021763,0.0,-0.04365865518866284,0.013658655188662841,0.0013413448113371584,2.682689622674317,0.001342900779477884,0.000999657442700761,1.6096137736045901,0.025,0.0,-0.03,0.0,1.0,0.0,0.015
50,1.6666341506251372,64,0.038989529659149015,0.0,-0.0441201135338004,0.014120113533800403,0.0008798864661995962,1.7597729323991924,0.0012324317151438601,0.0010387189472635017,1.0558637594395155,0.025,0.0,-0.03,0.0,1.0,0.0,0.015
50,1.6666341506251372,65,0.03782923114863159,0.0,-0.04456871607710967,0.014568716077109668,0.0004312839228903312,0.8625678457806624,0.0011268102225871688,0.0010840753344922031,0.5175407074683974,0.025,0.0,-0.03,0.0,1.0,0.0,0.015
51,1.69996683363764,0,0.0,0.0,-0.01563694055735431,0.014363059442645688,0.000636940557354311,1.273881114708622,0.0,0.0,0.7643286688251731,0.025,0.0,-0.03,0.0,1.0,0.0,0.015
51,1.69996683363764,39,0.04093138295398399,0.0,-0.015199112932700251,0.014800887067299748,0.00019911293270025165,0.3982258654005033,-0.0015385167159367298,0.00019101964031477205,0.23893551924030199,0.025,0.0,-0.03,0.0,1.0,0.0,0.015
51,1.69996683363764,40,0.04143124207684939,0.0,-0.016341539377341723,0.013658460622658276,0.001341539377341723,2.683078754683446,-0.0015788617284077822,0.00020056560236062965,1.6098472528100676,0.025,0.0,-0.03,0.0,1.0,0.0,0.015
51,1.69996683363764,41,0.041928247219653686,0.0,-0.017485214769352848,0.012514785230647151,0.0024852147693528483,4.970429538705696,-0.0015472602520618679,0.0001781065377810985,2.9822577232234178,0.025,0.0,-0.03,0.0,1.0,0.0,0.015
51,1.69996683363764,42,0.04242361515577503,0.0,-0.018629603032026598,0.0113703969679734,0.0036296030320265987,7.259206064053197,-0.0015826173040368518,0.0001851635483165532,4.355523638431918,0.025,0.0,-0.03,0.0,1.0,0.0,0.015
51,1.69996683363764,43,0.042918567154987146,0.0,-0.019774171267684118,0.01022582873231588,0.004774171267684119,9.548342535368237,-0.0015576451567391237,0.00016542853868481563,5.729005521220942,0.025,0.0,-0.03,0.0,1.0,0.0,0.015
51,1.69996683363764,44,0.043414326002694154,0.0,-0.02091838849908458,0.00908161150091542,0.005918388499084579,11.836776998169158,-0.0015851220232790935,0.00016857369017396893,7.102066198901495,0.025,0.0,-0.03,0.0,1.0,0.0,0.015
51,1.69996683363764,45,0.04391211153649254,0.0,-0.02206172104232775,0.00793827895767225,0.007061721042327749,14.123442084655498,-0.0015698134410325481,0.00015244862032323206,8.474065250793299,0.025,0.0,-0.03,0.0,1.0,0.0,0.015
51,1.69996683363764,46,0.04441313754716788,0.0,-0.02320363100999801,0.006796368990001987,0.008203631009998012,16.407262019996026,-0.0015870050263174658,0.00015033726705515003,9.844357211997615,0.025,0.0,-0.03,0.0,1.0,0.0,0.015
51,1.69996683363764,47,0.04491329488778466,0.0,-0.02434506164651258,0.005654938353487418,0.009345061646512581,18.690123293025163,-0.0015835240070568256,0.00013875580776208688,11.214073975815097,0.025,0.0,-0.03,0.0,1.0,0.0,0.015
51,1.69996683363764,48,0.044612269880608624,0.0,-0.025554907515942617,0.004445092484057382,0.010554907515942617,21.109815031885233,-0.001569494752728979,7.602332504080104e-05,12.66588901913114,0.025,0.0,-0.03,0.0,1.0,0.0,0.015
51,1.69996683363764,49,0.04430463104078577,0.0,-0.02676309915888105,0.0032369008411189497,0.01176309915888105,23.5261983177621,-0.0015570539482799375,1.0552239592289591e-05,14.115718990657259,0.025,0.0,-0.03,0.0,1.0,0.0,0.015
51,1.69996683363764,50,0.0439917252742755,0.0,-0.027969946256516758,0.0020300537434832407,0.012969946256516759,25.939892513033517,-0.0015318044624251259,5.231819701167032e-05,15.563935507820108,0.025,0.0,-0.03,0.0,1.0,0.0,0.015
51,1.69996683363764,51,0.0436749049504207,0.0,-0.029175777688770627,0.0008242223112293716,0.014175777688770628,28.351555377541256,-0.001527933528680448,0.00012146521048574811,17.010933226524752,0.025,0.0,-0.03,0.0,1.0,0.0,0.015
51,1.69996683363764,52,0.04335552603207849,0.0,-0.03038093820833849,0.0003809382083384896,0.01461906179166151,29.23812358332302,0.0014932769240392381,0.00018368456880626873,17.54287414999381,0.025,0.0,-0.03,0.0,1.0,0.0,0.015
51,1.69996683363764,53,0.043034947194427124,0.0,-0.031585781427970076,0.0015857814279700774,0.013414218572029922,26.828437144059844,0.0014962068629789604,0.0002565797040150462,16.097062286435907,0.025,0.0,-0.03,0.0,1.0,0.0,0.015
51,1.69996683363764,54,0.042714072011773525,0.0,-0.032790576306201545,0.0027905763062015462,0.012209423693798453,24.418847387596905,0.0014556012154365318,0.00031966807143779297,14.651308432558142,0.025,0.0,-0.03,0.0,1.0,0.0,0.015
51,1.69996683363764,55,0.04239375073649449,0.0,-0.03399556694939377,0.003995566949393771,0.011004433050606229,22.00886610121246,0.0014598944935895156,0.00039586587686366704,13.205319660727474,0.025,0.0,-0.03,0.0,1.0,0.0,0.015
51,1.69996683363764,56,0.04207552738747699,0.0,-0.035201147862084836,0.005201147862084837,0.009798852137915162,19.597704275830324,0.0014187239583397565,0.0004619034869665574,11.758622565498195,0.025,0.0,-0.03,0.0,1.0,0.0,0.015
51,1.69996683363764,57,0.04176154618512035,0.0,-0.03640785694695784,0.006407856946957842,0.008592143053042157,17.184286106084315,0.0014214773903279924,0.0005399455343628723,10.310571663650588,0.025,0.0,-0.03,0.0,1.0,0.0,0.015
51,1.69996683363764,58,0.041454606318914185,0.0,-0.037616364403889116,0.007616364403889117,0.007383635596110882,14.767271192221765,0.0013825786166807715,0.0006086304801247009,8.860362715333059,0.025,0.0,-0.03,0.0,1.0,0.0,0.015
51,1.69996683363764,59,0.04115742355228401,0.0,-0.03882727929688119,0.008827279296881194,0.006172720703118806,12.345441406237612,0.0013834681184754609,0.0006871188727724411,7.407264843742567,0.025,0.0,-0.03,0.0,1.0,0.0,0.015
51,1.69996683363764,60,0.04087227931752032,0.0,-0.04004105085069263,0.01004105085069263,0.004958949149307369,9.91789829861474,0.0013493782968251593,0.0007578615477795363,5.950738979168843,0.025,0.0,-0.03,0.0,1.0,0.0,0.015
51,1.69996683363764,61,0.040601448371899836,0.0,-0.04125805537343426,0.011258055373434259,0.003741944626565741,7.483889253131482,0.0013468112816793106,0.000835472762125605,4.490333551878889,0.025,0.0,-0.03,0.0,1.0,0.0,0.015
51,1.69996683363764,62,0.040347195229613185,0.0,-0.042478584982562954,0.012478584982562956,0.002521415017437044,5.042830034874088,0.0013209114527723675,0.0009079062526993485,3.0256980209244526,0.025,0.0,-0.03,0.0,1.0,0.0,0.015
51,1.69996683363764,63,0.04011177021235992,0.0,-0.0437028343811004,0.013702834381100398,0.0012971656188996011,2.594331237799202,0.0013132458644973732,0.000984521993097068,1.5565987426795211,0.025,0.0,-0.03,0.0,1.0,0.0,0.015
51,1.69996683363764,64,0.03895510460395737,0.0,-0.044160774995893916,0.014160774995893917,0.0008392250041060825,1.678450008212165,0.0012056416515363595,0.0010228705661571862,1.007070004927299,0.025,0.0,-0.03,0.0,1.0,0.0,0.015
51,1.69996683363764,65,0.03779343968222531,0.0,-0.04460583478878144,0.014605834788781441,0.0003941652112185584,0.7883304224371168,0.001101949629718912,0.0010669796079218216,0.4729982534622701,0.025,0.0,-0.03,0.0,1.0,0.0,0.015
52,1.7332995166501426,0,0.0,0.0,-0.01563694055735431,0.014363059442645688,0.000636940557354311,1.273881114708622,0.0,0.0,0.7643286688251731,0.025,0.0,-0.03,0.0,1.0,0.0,0.015
52,1.7332995166501426,39,0.04093791301833183,0.0,-0.015250515520577039,0.01474948447942296,0.0002505155205770396,0.5010310411540791,-0.001554106555452625,0.00020452502957890738,0.3006186246924475,0.025,0.0,-0.03,0.0,1.0,0.0,0.015
52,1.7332995166501426,40,0.041437540539827185,0.0,-0.01639305205876287,0.013606947941237128,0.0013930520587628718,2.7861041175257437,-0.001505588705487395,0.00017446533416398493,1.6716624705154461,0.025,0.0,-0.03,0.0,1.0,0.0,0.015
52,1.7332995166501426,41,0.041934313435998335,0.0,-0.017536837392212103,0.012463162607787896,0.002536837392212103,5.073674784424206,-0.0015552800042807212,0.00018808957760771872,3.0442048706545237,0.025,0.0,-0.03,0.0,1.0,0.0,0.015
52,1.7332995166501426,42,0.04242944616577296,0.0,-0.018681336214685523,0.011318663785314476,0.003681336214685523,7.362672429371046,-0.001517763229421748,0.00016302649277175058,4.4176034576226275,0.025,0.0,-0.03,0.0,1.0,0.0,0.015
52,1.7332995166501426,43,0.042924158067399285,0.0,-0.019826017271887132,0.010173982728112867,0.004826017271887133,9.652034543774265,-0.0015562545667102998,0.00017133057746761507,5.791220726264559,0.025,0.0,-0.03,0.0,1.0,0.0,0.015
52,1.7332995166501426,44,0.0434196696471559,0.0,-0.020970350428417283,0.009029649571582716,0.0059703504284172836,11.940700856834567,-0.001530370072720615,0.00015097493929781735,7.16442051410074,0.025,0.0,-0.03,0.0,1.0,0.0,0.015
52,1.7332995166501426,45,0.04391719881834727,0.0,-0.022113803600505886,0.007886196399494113,0.0071138036005058865,14.227607201011773,-0.001557545885856706,0.00015373485726415887,8.536564320607063,0.025,0.0,-0.03,0.0,1.0,0.0,0.015
52,1.7332995166501426,46,0.044417957205315856,0.0,-0.023255839880653367,0.006744160119346632,0.008255839880653367,16.511679761306734,-0.001543428688340287,0.00013798175431694806,9.90700785678404,0.025,0.0,-0.03,0.0,1.0,0.0,0.015
52,1.7332995166501426,47,0.04491783583623277,0.0,-0.024397402752432216,0.005602597247567783,0.009397402752432216,18.79480550486443,-0.0015600366846640487,0.00013375119188540057,11.276883302918659,0.025,0.0,-0.03,0.0,1.0,0.0,0.015
52,1.7332995166501426,48,0.044614702999850306,0.0,-0.025606730024541228,0.004393269975458771,0.010606730024541228,21.213460049082457,-0.0015360281985448258,7.085005365718682e-05,12.728076029449474,0.025,0.0,-0.03,0.0,1.0,0.0,0.015
52,1.7332995166501426,49,0.04430493835426989,0.0,-0.026814386290128722,0.0031856137098712767,0.011814386290128723,23.628772580257447,-0.0015257399790474544,6.544169413409506e-06,14.177263548154468,0.025,0.0,-0.03,0.0,1.0,0.0,0.015
52,1.7332995166501426,50,0.04398988556344283,0.0,-0.0280206825498196,0.0019793174501803977,0.013020682549819602,26.041365099639204,-0.0015058819078106387,5.638798666069432e-05,15.624819059783523,0.025,0.0,-0.03,0.0,1.0,0.0,0.015
52,1.7332995166501426,51,0.04367089368561223,0.0,-0.02922594929780114,0.0007740507021988599,0.01422594929780114,28.45189859560228,-0.0014905319963280058,0.00012125492304022822,17.07113915736137,0.025,0.0,-0.03,0.0,1.0,0.0,0.015
52,1.7332995166501426,52,0.04334931540751837,0.0,-0.030430532786694137,0.00043053278669413775,0.014569467213305862,29.138934426611723,0.001473520422345759,0.0001866388104841298,17.483360655967033,0.025,0.0,-0.03,0.0,1.0,0.0,0.015
52,1.7332995166501426,53,0.043026506096809546,0.0,-0.0316347883701195,0.0016347883701195026,0.013365211629880497,26.730423259760993,0.001454426938969878,0.0002524792028596881,16.038253955856597,0.025,0.0,-0.03,0.0,1.0,0.0,0.015
52,1.7332995166501426,54,0.042703357403732656,0.0,-0.032838983278610935,0.002838983278610936,0.012161016721389063,24.322033442778128,0.001438471118633091,0.0003205144322179248,14.593220065666877,0.025,0.0,-0.03,0.0,1.0,0.0,0.015
52,1.7332995166501426,55,0.04238071349805223,0.0,-0.034043361416760384,0.004043361416760385,0.010956638583239614,21.91327716647923,0.0014185495660686605,0.0003890590862823213,13.147966299887537,0.025,0.0,-0.03,0.0,1.0,0.0,0.015
52,1.7332995166501426,56,0.04206012406326723,0.0,-0.035248321844398765,0.005248321844398766,0.009751678155601233,19.503356311202467,0.0014019047474508786,0.000459817287766454,11.70201378672148,0.025,0.0,-0.03,0.0,1.0,0.0,0.015
52,1.7332995166501426,57,0.04174374100147534,0.0,-0.03645440898466083,0.006454408984660834,0.008545591015339166,17.091182030678333,0.0013808234570608228,0.0005305014811572672,10.254709218407,0.025,0.0,-0.03,0.0,1.0,0.0,0.015
52,1.7332995166501426,58,0.04143437374504947,0.0,-0.037662302399324415,0.007662302399324417,0.007337697600675583,14.675395201351165,0.0013654755028081943,0.0006033579654372777,8.805237120810698,0.025,0.0,-0.03,0.0,1.0,0.0,0.015
52,1.7332995166501426,59,0.0411347451008167,0.0,-0.03887261939761817,0.008872619397618173,0.006127380602381827,12.254761204763653,0.0013448078087103467,0.0006753365916859177,7.352856722858192,0.025,0.0,-0.03,0.0,1.0,0.0,0.015
52,1.7332995166501426,60,0.04084714260365018,0.0,-0.040085815731579905,0.010085815731579906,0.004914184268420094,9.828368536840188,0.0013301395097656402,0.0007489228450095959,5.897021122104112,0.025,0.0,-0.03,0.0,1.0,0.0,0.015
52,1.7332995166501426,61,0.04057384736296443,0.0,-0.04130227398476863,0.01130227398476863,0.00369772601523137,7.3954520304627405,0.0013118281891339764,0.0008217054016674654,4.437271218277644,0.025,0.0,-0.03,0.0,1.0,0.0,0.015
52,1.7332995166501426,62,0.04031713049066393,0.0,-0.04252229235603735,0.01252229235603735,0.0024777076439626497,4.955415287925299,0.001297957241109777,0.0008951586789254189,2.9732491727551795,0.025,0.0,-0.03,0.0,1.0,0.0,0.015
52,1.7332995166501426,63,0.04007924920992638,0.0,-0.043746071207160495,0.013746071207160496,0.0012539287928395038,2.5078575856790075,0.0012832008655255054,0.0009680503015632818,1.5047145514074045,0.025,0.0,-0.03,0.0,1.0,0.0,0.015
52,1.7332995166501426,64,0.03892121980047565,0.0,-0.04420055937467124,0.01420055937467124,0.0007994406253287595,1.598881250657519,0.0011806826695233853,0.0010082180357757688,0.9593287503945114,0.025,0.0,-0.03,0.0,1.0,0.0,0.015
52,1.7332995166501426,65,0.03775822589986703,0.0,-0.0446421423299634,0.0146421423299634,0.00035785767003659874,0.7157153400731975,0.001077546877132206,0.0010481298882942065,0.4294292040439185,0.025,0.0,-0.03,0.0,1.0,0.0,0.015
53,1.7666321996626455,0,0.0,0.0,-0.01563694055735431,0.014363059442645688,0.000636940557354311,1.273881114708622,0.0,0.0,0.7643286688251731,0.025,0.0,-0.03,0.0,1.0,0.0,0.015
53,1.7666321996626455,39,0.040944887794686996,0.0,-0.015301073852544212,0.014698926147455786,0.00030107385254421297,0.602147705088426,-0.0015241418422566775,0.00022996707810798793,0.3612886230530556,0.025,0.0,-0.03,0.0,1.0,0.0,0.015
53,1.7666321996626455,40,0.041444363160698584,0.0,-0.016443685639895116,0.013556314360104883,0.0014436856398951162,2.8873712797902322,-0.0014710193572731746,0.00020259190143667757,1.7324227678741393,0.025,0.0,-0.03,0.0,1.0,0.0,0.015
53,1.7666321996626455,41,0.04194098400481661,0.0,-0.017587546091009355,0.012412453908990644,0.002587546091009356,5.1750921820187115,-0.001522934607269065,0.00022190731029898502,3.105055309211227,0.025,0.0,-0.03,0.0,1.0,0.0,0.015
53,1.7666321996626455,42,0.04243596237823907,0.0,-0.018732120420245295,0.011267879579754704,0.0037321204202452954,7.464240840490591,-0.0014792619646048176,0.0001989246456624354,4.478544504294354,0.025,0.0,-0.03,0.0,1.0,0.0,0.015
53,1.7666321996626455,43,0.042930515714468466,0.0,-0.019876879040755472,0.010123120959244527,0.0048768790407554725,9.753758081510945,-0.0015202730349903927,0.0002131331684920965,5.852254848906567,0.025,0.0,-0.03,0.0,1.0,0.0,0.015
53,1.7666321996626455,44,0.04342586217831909,0.0,-0.021021292479990586,0.008978707520009413,0.0060212924799905865,12.042584959981173,-0.0014891155121520162,0.00019531870331395,7.225550975988703,0.025,0.0,-0.03,0.0,1.0,0.0,0.015
53,1.7666321996626455,45,0.04392321776228776,0.0,-0.02216483022856157,0.00783516977143843,0.0071648302285615695,14.32966045712314,-0.0015166793293868058,0.0002031620831620339,8.597796274273884,0.025,0.0,-0.03,0.0,1.0,0.0,0.015
53,1.7666321996626455,46,0.044423791866500834,0.0,-0.023306956194413003,0.006693043805586996,0.008306956194413004,16.61391238882601,-0.001500411471036035,0.0001912535996204125,9.968347433295605,0.025,0.0,-0.03,0.0,1.0,0.0,0.015
53,1.7666321996626455,47,0.04492347534395045,0.0,-0.024448614683114635,0.005551385316885364,0.009448614683114635,18.897229366229272,-0.0015130284773296968,0.00019133372414194578,11.338337619737564,0.025,0.0,-0.03,0.0,1.0,0.0,0.015
53,1.7666321996626455,48,0.044618190290318285,0.0,-0.02565740806923833,0.004342591930761669,0.01065740806923833,21.31481613847666,-0.0014935647215115787,0.00012421599590957868,12.788889683085996,0.025,0.0,-0.03,0.0,1.0,0.0,0.015
53,1.7666321996626455,49,0.044306254043805116,0.0,-0.02686451306433625,0.0031354869356637477,0.011864513064336252,23.729026128672505,-0.0014731739984592106,5.893081676175836e-05,14.237415677203503,0.025,0.0,-0.03,0.0,1.0,0.0,0.015
53,1.7666321996626455,50,0.043989006916791286,0.0,-0.02807024174814495,0.0019297582518550474,0.013070241748144952,26.140483496289903,-0.0014650987814947968,1.0546289705204322e-05,15.68429009777394,0.025,0.0,-0.03,0.0,1.0,0.0,0.015
53,1.7666321996626455,51,0.04366779441819153,0.0,-0.029274926513125563,0.0007250734868744363,0.014274926513125563,28.549853026251128,-0.00143252942629962,7.460199042657392e-05,17.129911815750678,0.025,0.0,-0.03,0.0,1.0,0.0,0.015
53,1.7666321996626455,52,0.043343965888666645,0.0,-0.03047891474720384,0.0004789147472038409,0.014521085252796159,29.042170505592317,0.0014336901409632927,0.00014845699098067243,17.42530230335539,0.025,0.0,-0.03,0.0,1.0,0.0,0.015
53,1.7666321996626455,53,0.04301886597631032,0.0,-0.031682563891750996,0.0016825638917509975,0.013317436108249002,26.634872216498003,0.0013917771190657758,0.00021237849211484607,15.9809233298988,0.025,0.0,-0.03,0.0,1.0,0.0,0.015
53,1.7666321996626455,54,0.04269337827974278,0.0,-0.032886139593536944,0.0028861395935369447,0.012113860406463055,24.22772081292611,0.0013977939566510347,0.00029037339332480043,14.536632487755664,0.025,0.0,-0.03,0.0,1.0,0.0,0.015
53,1.7666321996626455,55,0.04236835202387052,0.0,-0.03408988685793981,0.00408988685793981,0.010910113142060189,21.820226284120377,0.0013535234916166193,0.00035659565766905514,13.092135770472225,0.025,0.0,-0.03,0.0,1.0,0.0,0.015
53,1.7666321996626455,56,0.04204534348048902,0.0,-0.0352942091408065,0.0052942091408064995,0.0097057908591935,19.411581718387,0.001358789857328169,0.00043671047304832364,11.6469490310322,0.025,0.0,-0.03,0.0,1.0,0.0,0.015
53,1.7666321996626455,57,0.041726512178011946,0.0,-0.036499658053787104,0.006499658053787105,0.008500341946212894,17.000683892425787,0.0013147271454952284,0.0005051525985218814,10.200410335455471,0.025,0.0,-0.03,0.0,1.0,0.0,0.015
53,1.7666321996626455,58,0.041414676082705125,0.0,-0.03770692199921184,0.007706921999211844,0.007293078000788156,14.586156001576311,0.00131923143515002,0.0005861336842858651,8.751693600945787,0.025,0.0,-0.03,0.0,1.0,0.0,0.015
53,1.7666321996626455,59,0.041112563369826195,0.0,-0.038916627036960055,0.008916627036960056,0.006083372963039943,12.166745926079885,0.0012785672672182545,0.0006565250762141532,7.3000475556479305,0.025,0.0,-0.03,0.0,1.0,0.0,0.015
53,1.7666321996626455,60,0.0408224675055864,0.0,-0.04012923498028746,0.010129234980287463,0.004870765019712536,9.741530039425072,0.0012799419445435872,0.0007367465756500166,5.844918023655043,0.025,0.0,-0.03,0.0,1.0,0.0,0.015
53,1.7666321996626455,61,0.040546675593016064,0.0,-0.04134513504281712,0.011345135042817124,0.0036548649571828754,7.309729914365751,0.0012469714920854955,0.0008091825417143212,4.38583794861945,0.025,0.0,-0.03,0.0,1.0,0.0,0.015
53,1.7666321996626455,62,0.04028746514552764,0.0,-0.042564631153376435,0.012564631153376436,0.002435368846623563,4.8707376932471265,0.00124291216798843,0.0008874323619265016,2.9224426159482757,0.025,0.0,-0.03,0.0,1.0,0.0,0.015
53,1.7666321996626455,63,0.04004709997743113,0.0,-0.04378792952236829,0.013787929522368292,0.0012120704776317076,2.4241409552634154,0.001221079012963016,0.0009605378958178798,1.4544845731580491,0.025,0.0,-0.03,0.0,1.0,0.0,0.015
53,1.7666321996626455,64,0.03888776087816259,0.0,-0.04423907437241216,0.014239074372412161,0.0007609256275878384,1.5218512551756769,0.0011267318605583936,0.0010014679840718587,0.9131107531054061,0.025,0.0,-0.03,0.0,1.0,0.0,0.015
53,1.7666321996626455,65,0.037723491346665444,0.0,-0.04467729132159607,0.014677291321596071,0.0003227086784039282,0.6454173568078564,0.0010273003187109468,0.0010354873834387461,0.38725041408471383,0.025,0.0,-0.03,0.0,1.0,0.0,0.015
54,1.7999648826751482,0,0.0,0.0,-0.01563694055735431,0.014363059442645688,0.000636940557354311,1.273881114708622,0.0,0.0,0.7643286688251731,0.025,0.0,-0.03,0.0,1.0,0.0,0.015
54,1.7999648826751482,39,0.04095208684891123,0.0,-0.015350078597543483,0.014649921402456516,0.00035007859754348364,0.7001571950869673,-0.0014376988108452662,0.00021043364656027233,0.42009431705218037,0.025,0.0,-0.03,0.0,1.0,0.0,0.015
54,1.7999648826751482,40,0.04145147899564002,0.0,-0.016492735485927536,0.013507264514072463,0.0014927354859275363,2.9854709718550727,-0.0014531117662481675,0.00021467148381417592,1.7912825831130437,0.025,0.0,-0.03,0.0,1.0,0.0,0.015
54,1.7999648826751482,41,0.041948017333301967,0.0,-0.01763664032654447,0.012363359673455528,0.002636640326544471,5.273280653088943,-0.0014414961463997665,0.0002069008593049795,3.1639683918533654,0.025,0.0,-0.03,0.0,1.0,0.0,0.015
54,1.7999648826751482,42,0.04244291190842474,0.0,-0.018781259582302066,0.011218740417697933,0.0037812595823020663,7.562519164604133,-0.001454306134388465,0.00020991348646334286,4.53751149876248,0.025,0.0,-0.03,0.0,1.0,0.0,0.015
54,1.7999648826751482,43,0.04293737795423585,0.0,-0.019926064488738435,0.010073935511261563,0.004926064488738436,9.852128977476871,-0.001444768084883432,0.00020294033140170703,5.911277386486122,0.025,0.0,-0.03,0.0,1.0,0.0,0.015
54,1.7999648826751482,44,0.043432631612798284,0.0,-0.021070526785501545,0.008929473214498454,0.0060705267855015455,12.141053571003091,-0.0014561519670985735,0.00020501663843393566,7.284632142601854,0.025,0.0,-0.03,0.0,1.0,0.0,0.015
54,1.7999648826751482,45,0.043929886733352914,0.0,-0.02221411686739783,0.007785883132602169,0.00721411686739783,14.428233734795661,-0.0014479222129033533,0.00019817703465349143,8.656940240877397,0.025,0.0,-0.03,0.0,1.0,0.0,0.015
54,1.7999648826751482,46,0.04443035072159337,0.0,-0.023356299820604,0.0066437001793960004,0.008356299820603999,16.712599641207998,-0.0014587705744720841,0.00019918136567464173,10.027559784724799,0.025,0.0,-0.03,0.0,1.0,0.0,0.015
54,1.7999648826751482,47,0.04492991363959602,0.0,-0.024498020867621834,0.005501979132378165,0.009498020867621835,18.99604173524367,-0.001450760376670434,0.00019389381246467794,11.3976250411462,0.025,0.0,-0.03,0.0,1.0,0.0,0.015
54,1.7999648826751482,48,0.0446224438841941,0.0,-0.025706267859894882,0.0042937321401051165,0.010706267859894883,21.412535719789766,-0.0014457406020037449,0.00012764606554027178,12.84752143187386,0.025,0.0,-0.03,0.0,1.0,0.0,0.015
54,1.7999648826751482,49,0.0443083027634535,0.0,-0.026912808472282286,0.003087191527717713,0.011912808472282287,23.825616944564572,-0.0014149673154531365,6.526246834209063e-05,14.295370166738744,0.025,0.0,-0.03,0.0,1.0,0.0,0.015
54,1.7999648826751482,50,0.04398882742911164,0.0,-0.02811795616276729,0.0018820438372327102,0.01311795616276729,26.235912325534578,-0.0014141020027552717,5.3849984083068515e-06,15.741547395320746,0.025,0.0,-0.03,0.0,1.0,0.0,0.015
54,1.7999648826751482,51,0.0436653601182291,0.0,-0.02932204510643862,0.0006779548935613791,0.01432204510643862,28.64409021287724,-0.001377401069601565,6.768497841953635e-05,17.186454127726343,0.025,0.0,-0.03,0.0,1.0,0.0,0.015
54,1.7999648826751482,52,0.04333924701063351,0.0,-0.030525424097227742,0.0005254240972277432,0.014474575902772256,28.949151805544513,0.0013799923081554424,0.00014124903682032148,17.369491083326707,0.025,0.0,-0.03,0.0,1.0,0.0,0.015
54,1.7999648826751482,53,0.04301182141527261,0.0,-0.031728452550439615,0.0017284525504396159,0.013271547449560384,26.543094899120767,0.0013391181945328402,0.00020468039814097993,15.92585693947246,0.025,0.0,-0.03,0.0,1.0,0.0,0.015
54,1.7999648826751482,54,0.04268396007040706,0.0,-0.032931395035032424,0.0029313950350324247,0.012068604964967575,24.13720992993515,0.0013432695009196322,0.00028150499161908634,14.48232595796109,0.025,0.0,-0.03,0.0,1.0,0.0,0.015
54,1.7999648826751482,55,0.04235651879864561,0.0,-0.0341344978290448,0.004134497829044799,0.0108655021709552,21.731004341910403,0.0013007326835861577,0.000347386842972031,13.038602605146242,0.025,0.0,-0.03,0.0,1.0,0.0,0.015
54,1.7999648826751482,56,0.04203106006710749,0.0,-0.0353381688971635,0.0053381688971635005,0.009661831102836499,19.323662205673,0.0013041935601770212,0.00042632053149477435,11.5941973234038,0.025,0.0,-0.03,0.0,1.0,0.0,0.015
54,1.7999648826751482,57,0.0417097505721459,0.0,-0.03654296694844669,0.0065429669484466935,0.008457033051553306,16.914066103106613,0.0012625417604503362,0.0004946016963013818,10.148439661863968,0.025,0.0,-0.03,0.0,1.0,0.0,0.015
54,1.7999648826751482,58,0.04139541663069411,0.0,-0.03774958926669325,0.007749589266693252,0.0072504107333067475,14.500821466613495,0.0012641627945184388,0.0005741793979751245,8.700492879968097,0.025,0.0,-0.03,0.0,1.0,0.0,0.015
54,1.7999648826751482,59,0.04109079230532404,0.0,-0.038958670736774545,0.008958670736774546,0.006041329263225453,12.082658526450906,0.0012266512618355708,0.0006445536015076123,7.249595115870544,0.025,0.0,-0.03,0.0,1.0,0.0,0.015
54,1.7999648826751482,60,0.040798177147024335,0.0,-0.04017067937071657,0.01017067937071657,0.004829320629283429,9.658641258566858,0.0012250476684798261,0.0007233951867372457,5.795184755140115,0.025,0.0,-0.03,0.0,1.0,0.0,0.015
54,1.7999648826751482,61,0.0405198644243619,0.0,-0.04138601106380237,0.011386011063802375,0.003613988936197625,7.2279778723952495,0.0011946836727797952,0.0007956071768503175,4.336786723437149,0.025,0.0,-0.03,0.0,1.0,0.0,0.015
54,1.7999648826751482,62,0.040258138221818375,0.0,-0.0426049755572842,0.012604975557284202,0.002395024442715797,4.790048885431594,0.0011887043717079462,0.0008727243048908684,2.8740293312589564,0.025,0.0,-0.03,0.0,1.0,0.0,0.015
54,1.7999648826751482,63,0.040015269124036426,0.0,-0.04382778494588699,0.01382778494588699,0.00117221505411301,2.34443010822602,0.0011679765630618244,0.0009452718164240008,1.406658064935612,0.025,0.0,-0.03,0.0,1.0,0.0,0.015
54,1.7999648826751482,64,0.03885469692461856,0.0,-0.044275758401260454,0.014275758401260455,0.0007242415987395445,1.448483197479089,0.0010777281283399288,0.0009841167829800093,0.8690899184874534,0.025,0.0,-0.03,0.0,1.0,0.0,0.015
54,1.7999648826751482,65,0.03768922709164812,0.0,-0.04471078373633148,0.01471078373633148,0.00028921626366851944,0.5784325273370389,0.0009827482660627017,0.0010159749640931436,0.3470595164022233,0.025,0.0,-0.03,0.0,1.0,0.0,0.015
55,1.833297565687651,0,0.0,0.0,-0.01563694055735431,0.014363059442645688,0.000636940557354311,1.273881114708622,0.0,0.0,0.7643286688251731,0.025,0.0,-0.03,0.0,1.0,0.0,0.015
55,1.833297565687651,39,0.04095910495837337,0.0,-0.015397456044282304,0.014602543955717695,0.0003974560442823044,0.7949120885646088,-0.0013709521593189304,0.000194885987240275,0.4769472531387653,0.025,0.0,-0.03,0.0,1.0,0.0,0.015
55,1.833297565687651,40,0.0414584331910863,0.0,-0.016540149484333494,0.013459850515666505,0.0015401494843334945,3.0802989686669893,-0.001423835698988313,0.00021623092065490258,1.8481793812001934,0.025,0.0,-0.03,0.0,1.0,0.0,0.015
55,1.833297565687651,41,0.04195490847730243,0.0,-0.017684089844775194,0.012315910155224805,0.002684089844775195,5.36817968955039,-0.0013773587151954467,0.0001934748233635387,3.220907813730234,0.025,0.0,-0.03,0.0,1.0,0.0,0.015
55,1.833297565687651,42,0.042449739146159286,0.0,-0.01882874526794429,0.01117125473205571,0.0038287452679442897,7.65749053588858,-0.0014211215964580245,0.00021056195506382073,4.594494321533148,0.025,0.0,-0.03,0.0,1.0,0.0,0.015
55,1.833297565687651,43,0.04294413811895053,0.0,-0.01997358734151402,0.01002641265848598,0.00497358734151402,9.94717468302804,-0.0013844850026953149,0.00019211341832846572,5.968304809816824,0.025,0.0,-0.03,0.0,1.0,0.0,0.015
55,1.833297565687651,44,0.04343931974034276,0.0,-0.021118089313751833,0.008881910686248166,0.006118089313751834,12.236178627503667,-0.0014178771525562679,0.00020435185040905648,7.3417071765022,0.025,0.0,-0.03,0.0,1.0,0.0,0.015
55,1.833297565687651,45,0.043936495650740544,0.0,-0.02226172212293634,0.0077382778770636595,0.00726172212293634,14.52344424587268,-0.0013925011949671381,0.00019039512526610255,8.714066547523608,0.025,0.0,-0.03,0.0,1.0,0.0,0.015
55,1.833297565687651,46,0.04443687144155607,0.0,-0.023403952236797275,0.006596047763202724,0.008403952236797275,16.80790447359455,-0.0014145469581835874,0.0001968947175945818,10.08474268415673,0.025,0.0,-0.03,0.0,1.0,0.0,0.015
55,1.833297565687651,47,0.044936336144993975,0.0,-0.0245457256790532,0.005454274320946799,0.0095457256790532,19.0914513581064,-0.001400857507412955,0.0001893545183030451,11.45487081486384,0.025,0.0,-0.03,0.0,1.0,0.0,0.015
55,1.833297565687651,48,0.044626718950903956,0.0,-0.025753431423445838,0.004246568576554161,0.010753431423445838,21.506862846891675,-0.001395607341385579,0.0001258552058655726,12.904117708135004,0.025,0.0,-0.03,0.0,1.0,0.0,0.015
55,1.833297565687651,49,0.04431041046430193,0.0,-0.02695941284812023,0.00304058715187977,0.01195941284812023,23.918825696240457,-0.0013711107474751215,6.333127391529299e-05,14.351295417744273,0.025,0.0,-0.03,0.0,1.0,0.0,0.015
55,1.833297565687651,50,0.04398874472677129,0.0,-0.028163985059455297,0.0018360149405447015,0.013163985059455298,26.327970118910596,-0.001359419799257845,2.9651065549198588e-06,15.796782071346357,0.025,0.0,-0.03,0.0,1.0,0.0,0.015
55,1.833297565687651,51,0.04366306090430267,0.0,-0.029367483650607564,0.0006325163493924348,0.014367483650607565,28.73496730121513,-0.0013387147418633253,6.7848061403228e-05,17.240980380729077,0.025,0.0,-0.03,0.0,1.0,0.0,0.015
55,1.833297565687651,52,0.04333470202824868,0.0,-0.03057025918889482,0.00057025918889482,0.01442974081110518,28.85948162221036,0.0013217739107433037,0.00013465714149441603,17.315688973326214,0.025,0.0,-0.03,0.0,1.0,0.0,0.015
55,1.833297565687651,53,0.04300499072689055,0.0,-0.03177267257914103,0.0017726725791410297,0.01322732742085897,26.45465484171794,0.0013043430080386012,0.00020262552571759444,15.872792905030764,0.025,0.0,-0.03,0.0,1.0,0.0,0.015
55,1.833297565687651,54,0.04267479697792501,0.0,-0.03297498786319507,0.0029749878631950694,0.01202501213680493,24.05002427360986,0.0012840755369753116,0.00027133503837266815,14.430014564165916,0.025,0.0,-0.03,0.0,1.0,0.0,0.015
55,1.833297565687651,55,0.04234498268385853,0.0,-0.03417745213949381,0.0041774521394938105,0.010822547860506189,21.645095721012378,0.0012665626112887331,0.0003420707971418484,12.987057432607427,0.025,0.0,-0.03,0.0,1.0,0.0,0.015
55,1.833297565687651,56,0.04201711595496764,0.0,-0.03538047822370848,0.005380478223708483,0.009619521776291516,19.23904355258303,0.0012457326868057725,0.0004130047787721501,11.543426131549818,0.025,0.0,-0.03,0.0,1.0,0.0,0.015
55,1.833297565687651,57,0.0416933703908772,0.0,-0.036584631291900406,0.006584631291900407,0.008415368708099592,16.830737416199185,0.001228598006436669,0.00048575047172222033,10.09844244971951,0.025,0.0,-0.03,0.0,1.0,0.0,0.015
55,1.833297565687651,58,0.041376580559966944,0.0,-0.037790617834428934,0.007790617834428935,0.007209382165571064,14.418764331142128,0.0012071688314455628,0.0005579116576207236,8.651258598685276,0.025,0.0,-0.03,0.0,1.0,0.0,0.015
55,1.833297565687651,59,0.04106948689216092,0.0,-0.03899908104617023,0.008999081046170233,0.006000918953829766,12.001837907659532,0.001191465017347102,0.000631763314529465,7.201102744595719,0.025,0.0,-0.03,0.0,1.0,0.0,0.015
55,1.833297565687651,60,0.04077439494567089,0.0,-0.04021049550381678,0.01021049550381678,0.0047895044961832195,9.57900899236644,0.0011711638804510224,0.0007045767856025543,5.747405395419864,0.025,0.0,-0.03,0.0,1.0,0.0,0.015
55,1.833297565687651,61,0.0404936042573938,0.0,-0.041425263375113236,0.011425263375113237,0.0035747366248867624,7.149473249773525,0.001156649736920331,0.0007785237703467676,4.289683949864115,0.025,0.0,-0.03,0.0,1.0,0.0,0.015
55,1.833297565687651,62,0.04022940544009178,0.0,-0.042643700451417826,0.012643700451417828,0.002356299548582172,4.712599097164344,0.0011392135051894524,0.000851455379791079,2.8275594582986066,0.025,0.0,-0.03,0.0,1.0,0.0,0.015
55,1.833297565687651,63,0.039984075916565484,0.0,-0.04386602444718396,0.013866024447183961,0.0011339755528160383,2.2679511056320765,0.0011257661790437705,0.0009246515649732301,1.3607706633792458,0.025,0.0,-0.03,0.0,1.0,0.0,0.015
55,1.833297565687651,64,0.03882232995927135,0.0,-0.04431095665055531,0.01431095665055531,0.0006890433494446888,1.3780866988893776,0.0010358516635991179,0.0009588611941190154,0.8268520193336265,0.025,0.0,-0.03,0.0,1.0,0.0,0.015
55,1.833297565687651,65,0.037655718066388365,0.0,-0.044742921933241336,0.014742921933241337,0.00025707806675866196,0.5141561335173239,0.000945798070697354,0.0009924256848607876,0.30849368011039435,0.025,0.0,-0.03,0.0,1.0,0.0,0.015
56,1.8666302487001536,0,0.0,0.0,-0.01563694055735431,0.014363059442645688,0.000636940557354311,1.273881114708622,0.0,0.0,0.7643286688251731,0.025,0.0,-0.03,0.0,1.0,0.0,0.015
56,1.8666302487001536,39,0.04096587068041372,0.0,-0.015443297805934833,0.014556702194065166,0.00044329780593483324,0.8865956118696665,-0.0013434235961869584,0.00019463503062847873,0.5319573671217999,0.025,0.0,-0.03,0.0,1.0,0.0,0.015
56,1.8666302487001536,40,0.041465142490946225,0.0,-0.016586024107595014,0.013413975892404985,0.0015860241075950146,3.172048215190029,-0.0013625160990311282,0.00020105837894395708,1.9032289291140174,0.025,0.0,-0.03,0.0,1.0,0.0,0.015
56,1.8666302487001536,41,0.0419615624025484,0.0,-0.017729996519942882,0.012270003480057117,0.0027299965199428823,5.459993039885765,-0.0013473482816448083,0.000192337426447388,3.2759958239314586,0.025,0.0,-0.03,0.0,1.0,0.0,0.015
56,1.8666302487001536,42,0.04245633689978256,0.0,-0.018874684384511148,0.011125315615488851,0.0038746843845111484,7.749368769022297,-0.0013620338380670777,0.00019675189729339014,4.649621261413378,0.025,0.0,-0.03,0.0,1.0,0.0,0.015
56,1.8666302487001536,43,0.04295067683019815,0.0,-0.02001955998461097,0.00998044001538903,0.005019559984610969,10.039119969221938,-0.0013519023122756425,0.0001901557494560906,6.023471981533162,0.025,0.0,-0.03,0.0,1.0,0.0,0.015
56,1.8666302487001536,44,0.043445794666624446,0.0,-0.02116409771488773,0.00883590228511227,0.006164097714887729,12.328195429775459,-0.0013612235412545682,0.00019194588994291415,7.396917257865275,0.025,0.0,-0.03,0.0,1.0,0.0,0.015
56,1.8666302487001536,45,0.04394290002135623,0.0,-0.022307769274104338,0.007692230725895661,0.007307769274104339,14.615538548208677,-0.0013570389430384733,0.00018753031474241086,8.769323128925206,0.025,0.0,-0.03,0.0,1.0,0.0,0.015
56,1.8666302487001536,46,0.044443196651193694,0.0,-0.023450042276933387,0.006549957723066612,0.008450042276933387,16.900084553866776,-0.0013605570414897976,0.00018634467606255456,10.140050732320065,0.025,0.0,-0.03,0.0,1.0,0.0,0.015
56,1.8666302487001536,47,0.044942572578811506,0.0,-0.02459186369556192,0.00540813630443808,0.00959186369556192,19.18372739112384,-0.0013630318128366986,0.00018320506787514705,11.510236434674303,0.025,0.0,-0.03,0.0,1.0,0.0,0.015
56,1.8666302487001536,48,0.044630863191917405,0.0,-0.025799038145247772,0.004200961854752227,0.010799038145247773,21.598076290495545,-0.00134242211243892,0.00012249047232032,12.958845774297327,0.025,0.0,-0.03,0.0,1.0,0.0,0.015
56,1.8666302487001536,49,0.04431244308258875,0.0,-0.027004470679644163,0.002995529320355836,0.012004470679644164,24.00894135928833,-0.001334814926790784,5.784769702058024e-05,14.405364815572996,0.025,0.0,-0.03,0.0,1.0,0.0,0.015
56,1.8666302487001536,50,0.043988643254435154,0.0,-0.028208478075070903,0.001791521924929096,0.013208478075070904,26.416956150141807,-0.0013058346657376,2.0566734274410335e-06,15.850173690085084,0.025,0.0,-0.03,0.0,1.0,0.0,0.015
56,1.8666302487001536,51,0.04366079992966688,0.0,-0.0294113971767187,0.0005886028232812979,0.014411397176718702,28.822794353437402,-0.0013040041218320688,6.996624388729034e-05,17.29367661206244,0.025,0.0,-0.03,0.0,1.0,0.0,0.015
56,1.8666302487001536,52,0.043330253040912786,0.0,-0.030613580444659932,0.0006135804446599329,0.014386419555340067,28.772839110680135,0.001268410788870446,0.00012983371517592905,17.26370346640808,0.025,0.0,-0.03,0.0,1.0,0.0,0.015
56,1.8666302487001536,53,0.04299831499517105,0.0,-0.031815389987649156,0.0018153899876491575,0.013184610012350842,26.369220024701683,0.0012705831114870484,0.00020104518963624606,15.82153201482101,0.025,0.0,-0.03,0.0,1.0,0.0,0.015
56,1.8666302487001536,54,0.042665849151668406,0.0,-0.03301708959427496,0.003017089594274963,0.011982910405725036,23.965820811450072,0.0012313719173455435,0.0002626199095668205,14.379492486870044,0.025,0.0,-0.03,0.0,1.0,0.0,0.015
56,1.8666302487001536,55,0.0423337231828253,0.0,-0.034218926918323,0.004218926918322999,0.010781073081677,21.562146163354,0.0012335880133806723,0.0003365044393526609,12.9372876980124,0.025,0.0,-0.03,0.0,1.0,0.0,0.015
56,1.8666302487001536,56,0.04200351047868287,0.0,-0.035421319780717254,0.0054213197807172556,0.009578680219282744,19.157360438565487,0.0011942278326727502,0.00040047344862449756,11.494416263139291,0.025,0.0,-0.03,0.0,1.0,0.0,0.015
56,1.8666302487001536,57,0.041677391335528634,0.0,-0.036624839360666815,0.006624839360666816,0.008375160639333183,16.750321278666366,0.0011955881406095648,0.0004758288778008146,10.05019276719982,0.025,0.0,-0.03,0.0,1.0,0.0,0.015
56,1.8666302487001536,58,0.041358208341505415,0.0,-0.03783020144960649,0.007830201449606493,0.007169798550393507,14.339597100787014,0.0011578215956492262,0.0005417666014812335,8.603758260472208,0.025,0.0,-0.03,0.0,1.0,0.0,0.015
56,1.8666302487001536,59,0.041048708393321656,0.0,-0.039038057096445096,0.009038057096445097,0.005961942903554902,11.923885807109805,0.001157321390647844,0.0006171772350830173,7.1543314842658825,0.025,0.0,-0.03,0.0,1.0,0.0,0.015
56,1.8666302487001536,60,0.0407512028804289,0.0,-0.04024888759125426,0.010248887591254259,0.00475111240874574,9.50222481749148,0.00112470839681546,0.0006849757862702806,5.701334890494889,0.025,0.0,-0.03,0.0,1.0,0.0,0.015
56,1.8666302487001536,61,0.04046799755031053,0.0,-0.041463101016125964,0.011463101016125965,0.0035368989838740345,7.073797967748069,0.0011207369989409811,0.000759156423913224,4.244278780648841,0.025,0.0,-0.03,0.0,1.0,0.0,0.015
56,1.8666302487001536,62,0.040201389381764645,0.0,-0.04268101929348885,0.012681019293488853,0.0023189807065111465,4.637961413022293,0.0010960421454670308,0.0008283723870266476,2.7827768478133756,0.025,0.0,-0.03,0.0,1.0,0.0,0.015
56,1.8666302487001536,63,0.039953662547867905,0.0,-0.043902865504178656,0.013902865504178658,0.001097134495821342,2.1942689916426836,0.0010874684837206632,0.0009011314787026117,1.31656139498561,0.025,0.0,-0.03,0.0,1.0,0.0,0.015
56,1.8666302487001536,64,0.038790792660014485,0.0,-0.044344863845800914,0.014344863845800915,0.0006551361541990847,1.3102723083981693,0.0009984413201460398,0.0009317443503304323,0.7861633850389016,0.025,0.0,-0.03,0.0,1.0,0.0,0.015
56,1.8666302487001536,65,0.03762308754986717,0.0,-0.04477387742634996,0.01477387742634996,0.0002261225736500394,0.4522451473000788,0.0009124893880213262,0.0009664949757113505,0.2713470883800473,0.025,0.0,-0.03,0.0,1.0,0.0,0.015
57,1.8999629317126563,0,0.0,0.0,-0.01563694055735431,0.014363059442645688,0.000636940557354311,1.273881114708622,0.0,0.0,0.7643286688251731,0.025,0.0,-0.03,0.0,1.0,0.0,0.015
57,1.8999629317126563,39,0.040972360923195096,0.0,-0.015487671256615983,0.014512328743384015,0.00048767125661598396,0.975342513231968,-0.001326929003510642,0.00019820638051006826,0.5852055079391808,0.025,0.0,-0.03,0.0,1.0,0.0,0.015
57,1.8999629317126563,40,0.04147157870297323,0.0,-0.016630428877551964,0.013369571122448035,0.0016304288775519649,3.2608577551039297,-0.0012949436008898958,0.0001819176059191528,1.9565146530623578,0.025,0.0,-0.03,0.0,1.0,0.0,0.015
57,1.8999629317126563,41,0.041967945799061025,0.0,-0.017774432183177192,0.012225567816822807,0.0027744321831771925,5.548864366354385,-0.0013260283746296475,0.00019370619146076622,3.3293186198126308,0.025,0.0,-0.03,0.0,1.0,0.0,0.015
57,1.8999629317126563,42,0.042462666604917786,0.0,-0.018919150977383437,0.011080849022616562,0.003919150977383438,7.838301954766876,-0.0012995065141881655,0.00018000179223000878,4.702981172860126,0.025,0.0,-0.03,0.0,1.0,0.0,0.015
57,1.8999629317126563,43,0.042956950230635504,0.0,-0.020064058818781767,0.009935941181218232,0.005064058818781768,10.128117637563536,-0.0013251650577852522,0.0001892092025765118,6.076870582538121,0.025,0.0,-0.03,0.0,1.0,0.0,0.015
57,1.8999629317126563,44,0.043452007112460056,0.0,-0.021208630693212487,0.008791369306787512,0.006208630693212487,12.417261386424974,-0.001304265039571184,0.00017772887730930695,7.450356831854984,0.025,0.0,-0.03,0.0,1.0,0.0,0.015
57,1.8999629317126563,45,0.04394904509254512,0.0,-0.022352339464693727,0.007647660535306272,0.007352339464693727,14.704678929387455,-0.0013244311723303844,0.0001841399784487808,8.822807357632472,0.025,0.0,-0.03,0.0,1.0,0.0,0.015
57,1.8999629317126563,46,0.04444926599920063,0.0,-0.023494653502752223,0.006505346497247776,0.008494653502752223,16.989307005504447,-0.0013094375252293788,0.00017498172362434374,10.193584203302668,0.025,0.0,-0.03,0.0,1.0,0.0,0.015
57,1.8999629317126563,47,0.04494855697338312,0.0,-0.024636520992969466,0.005363479007030533,0.009636520992969466,19.27304198593893,-0.00132473945781486,0.0001761542337884356,11.563825191563359,0.025,0.0,-0.03,0.0,1.0,0.0,0.015
57,1.8999629317126563,48,0.044634817291519496,0.0,-0.025843176093990946,0.004156823906009053,0.010843176093990946,21.686352187981893,-0.0012962465595168142,0.00011697522719388757,13.011811312789135,0.025,0.0,-0.03,0.0,1.0,0.0,0.015
57,1.8999629317126563,49,0.0443143480372194,0.0,-0.02704807221151386,0.0029519277884861375,0.012048072211513862,24.096144423027724,-0.0012938647025018742,5.322849987735625e-05,14.457686653816634,0.025,0.0,-0.03,0.0,1.0,0.0,0.015
57,1.8999629317126563,50,0.04398847729403729,0.0,-0.028251527560321305,0.0017484724396786937,0.013251527560321306,26.50305512064261,-0.001263287334571404,4.220140496267353e-06,15.901833072385566,0.025,0.0,-0.03,0.0,1.0,0.0,0.015
57,1.8999629317126563,51,0.04365853838201755,0.0,-0.029453880357804416,0.0005461196421955826,0.014453880357804417,28.907760715608834,-0.001261249510013691,7.002407749767038e-05,17.3446564293653,0.025,0.0,-0.03,0.0,1.0,0.0,0.015
57,1.8999629317126563,52,0.043325868265852524,0.0,-0.030655484724633263,0.0006554847246332644,0.014344515275366735,28.68903055073347,0.00122906653096149,0.00012869362387761562,17.21341833044008,0.025,0.0,-0.03,0.0,1.0,0.0,0.015
57,1.8999629317126563,53,0.04299176942201084,0.0,-0.031856704062608515,0.0018567040626085163,0.013143295937391483,26.286591874782967,0.0012266246944956896,0.00019656858533830584,15.77195512486978,0.025,0.0,-0.03,0.0,1.0,0.0,0.015
57,1.8999629317126563,54,0.04265709883464275,0.0,-0.033057801743617304,0.0030578017436173055,0.011942198256382694,23.884396512765388,0.0011937772640141892,0.0002576299588631767,14.330637907659233,0.025,0.0,-0.03,0.0,1.0,0.0,0.015
57,1.8999629317126563,55,0.04232272963963461,0.0,-0.03425902613580453,0.004259026135804533,0.010740973864195466,21.48194772839093,0.0011904923904585147,0.0003278547245948341,12.889168637034558,0.025,0.0,-0.03,0.0,1.0,0.0,0.015
57,1.8999629317126563,56,0.04199024032717218,0.0,-0.035460799777031024,0.005460799777031025,0.009539200222968974,19.078400445937948,0.0011576790016157316,0.0003912770263183453,11.447040267562768,0.025,0.0,-0.03,0.0,1.0,0.0,0.015
57,1.8999629317126563,57,0.041661817614701314,0.0,-0.03666369983860005,0.006663699838600053,0.008336300161399947,16.672600322799894,0.0011530458570820899,0.00046285081880229447,10.003560193679936,0.025,0.0,-0.03,0.0,1.0,0.0,0.015
57,1.8999629317126563,58,0.041340311924229454,0.0,-0.037868451024946084,0.007868451024946085,0.007131548975053914,14.263097950107827,0.0011223287161254566,0.000528271871628189,8.557858770064696,0.025,0.0,-0.03,0.0,1.0,0.0,0.015
57,1.8999629317126563,59,0.0410284764605329,0.0,-0.039075712185141914,0.009075712185141915,0.005924287814858084,11.848575629716168,0.0011158225352822762,0.0005999722040417912,7.109145377829701,0.025,0.0,-0.03,0.0,1.0,0.0,0.015
57,1.8999629317126563,60,0.04072862831262759,0.0,-0.04028597103451376,0.010285971034513758,0.004714028965486242,9.428057930972484,0.0010894288121300125,0.0006669372980562176,5.65683475858349,0.025,0.0,-0.03,0.0,1.0,0.0,0.015
57,1.8999629317126563,61,0.04044307924391922,0.0,-0.0414996415342191,0.011499641534219104,0.003500358465780895,7.00071693156179,0.001080905449013392,0.0007378689544167452,4.200430158937074,0.025,0.0,-0.03,0.0,1.0,0.0,0.015
57,1.8999629317126563,62,0.04017413244349502,0.0,-0.042717051507207546,0.012717051507207547,0.0022829484927924526,4.565896985584905,0.0010602527572265313,0.000805707191642251,2.7395381913509427,0.025,0.0,-0.03,0.0,1.0,0.0,0.015
57,1.8999629317126563,63,0.039924078639497956,0.0,-0.04393842933416548,0.013938429334165482,0.0010615706658345173,2.1231413316690344,0.0010497229518293156,0.0008755921029269122,1.2738847990014206,0.025,0.0,-0.03,0.0,1.0,0.0,0.015
57,1.8999629317126563,64,0.03876012945741235,0.0,-0.044377589551810925,0.014377589551810926,0.000622410448189073,1.244820896378146,0.0009644193826171842,0.0009058113564667581,0.7468925378268876,0.025,0.0,-0.03,0.0,1.0,0.0,0.015
57,1.8999629317126563,65,0.0375913748251763,0.0,-0.04480374792812675,0.014803747928126748,0.00019625207187325133,0.39250414374650267,0.0008808575581818204,0.0009384075641308557,0.2355024862479016,0.025,0.0,-0.03,0.0,1.0,0.0,0.015
58,1.9332956147251592,0,0.0,0.0,-0.01563694055735431,0.014363059442645688,0.000636940557354311,1.273881114708622,0.0,0.0,0.7643286688251731,0.025,0.0,-0.03,0.0,1.0,0.0,0.015
58,1.9332956147251592,39,0.04097857361992497,0.0,-0.01553063200724012,0.014469367992759878,0.0005306320072401213,1.0612640144802428,-0.0012896892769390226,0.00019190245683547037,0.6367584086881456,0.025,0.0,-0.03,0.0,1.0,0.0,0.015
58,1.9332956147251592,40,0.04147773770949488,0.0,-0.016673420506021587,0.013326579493978412,0.0016734205060215876,3.3468410120431753,-0.0012497194426860354,0.00017207256359479697,2.008104607225905,0.025,0.0,-0.03,0.0,1.0,0.0,0.015
58,1.9332956147251592,41,0.041974052329209983,0.0,-0.017817454350812174,0.012182545649187825,0.002817454350812175,5.63490870162435,-0.0012871193643996595,0.00018663353786007753,3.38094522097461,0.025,0.0,-0.03,0.0,1.0,0.0,0.015
58,1.9332956147251592,42,0.04246871978212511,0.0,-0.01896220363676222,0.01103779636323778,0.00396220363676222,7.924407273524441,-0.0012561192899726058,0.00017096617049161842,4.7546443641146645,0.025,0.0,-0.03,0.0,1.0,0.0,0.015
58,1.9332956147251592,43,0.04296294756757866,0.0,-0.020107143312677798,0.009892856687322201,0.005107143312677798,10.214286625355596,-0.0012843057623630793,0.00018127150748382007,6.128571975213357,0.025,0.0,-0.03,0.0,1.0,0.0,0.015
58,1.9332956147251592,44,0.043457944084934884,0.0,-0.021251748781699217,0.008748251218300782,0.006251748781699217,12.503497563398435,-0.0012628149672803946,0.00016954449267526445,7.502098538039061,0.025,0.0,-0.03,0.0,1.0,0.0,0.015
58,1.9332956147251592,45,0.043954915533592404,0.0,-0.022395494190851933,0.0076045058091480655,0.007395494190851934,14.790988381703867,-0.0012816598737093463,0.00017539564402739146,8.87459302902232,0.025,0.0,-0.03,0.0,1.0,0.0,0.015
58,1.9332956147251592,46,0.04445506181062671,0.0,-0.023537848486783246,0.006462151513216753,0.008537848486783246,17.075696973566494,-0.0012697890510740776,0.00016746330419694508,10.245418184139895,0.025,0.0,-0.03,0.0,1.0,0.0,0.015
58,1.9332956147251592,47,0.04495426926222039,0.0,-0.02467976118017177,0.005320238819828228,0.009679761180171772,19.359522360343544,-0.0012798076491986935,0.00016795322516567523,11.615713416206125,0.025,0.0,-0.03,0.0,1.0,0.0,0.015
58,1.9332956147251592,48,0.04463856283906233,0.0,-0.025885909650950115,0.0041140903490498835,0.010885909650950116,21.771819301900234,-0.0012598066323474748,0.00010950168075032314,13.06309158114014,0.025,0.0,-0.03,0.0,1.0,0.0,0.015
58,1.9332956147251592,49,0.04431610859765499,0.0,-0.027090282633130715,0.002909717366869284,0.012090282633130715,24.180565266261432,-0.0012465221206354648,5.050047851709348e-05,14.508339159756858,0.025,0.0,-0.03,0.0,1.0,0.0,0.015
58,1.9332956147251592,50,0.043988231831171835,0.0,-0.028293199503274854,0.001706800496725145,0.013293199503274854,26.58639900654971,-0.0012306473477132157,8.747972978521927e-06,15.951839403929824,0.025,0.0,-0.03,0.0,1.0,0.0,0.015
58,1.9332956147251592,51,0.043656262970106864,0.0,-0.029495000053487732,0.0005049999465122669,0.014495000053487733,28.990000106975465,-0.0012121918586911545,6.809542215390399e-05,17.394000064185278,0.025,0.0,-0.03,0.0,1.0,0.0,0.015
58,1.9332956147251592,52,0.04332153616981884,0.0,-0.030696039712295103,0.0006960397122951038,0.014303960287704896,28.607920575409793,0.0011993360451616835,0.00012986297592682932,17.164752345245876,0.025,0.0,-0.03,0.0,1.0,0.0,0.015
58,1.9332956147251592,53,0.04298534419333769,0.0,-0.03189668340764136,0.0018966834076413613,0.013103316592358638,26.206633184717276,0.001176954471294261,0.0001902002515178841,15.723979910830366,0.025,0.0,-0.03,0.0,1.0,0.0,0.015
58,1.9332956147251592,54,0.04264853793203129,0.0,-0.03309719375713258,0.003097193757132584,0.011902806242867416,23.80561248573483,0.0011654560510113052,0.00025483175348128053,14.283367491440897,0.025,0.0,-0.03,0.0,1.0,0.0,0.015
58,1.9332956147251592,55,0.042311995684343864,0.0,-0.03429782017904663,0.0042978201790466325,0.010702179820953367,21.404359641906733,0.0011419486992295695,0.0003174024007135926,12.842615785144039,0.025,0.0,-0.03,0.0,1.0,0.0,0.015
58,1.9332956147251592,56,0.04197730094696614,0.0,-0.03549898944892977,0.005498989448929771,0.009501010551070228,19.002021102140457,0.0011298494893274326,0.00038404978756159707,11.401212661284275,0.025,0.0,-0.03,0.0,1.0,0.0,0.015
58,1.9332956147251592,57,0.04164664655394995,0.0,-0.036701284922834206,0.006701284922834207,0.008298715077165793,16.597430154331587,0.0011060172136851316,0.00044837373420484716,9.958458092598951,0.025,0.0,-0.03,0.0,1.0,0.0,0.015
58,1.9332956147251592,58,0.041322890603559766,0.0,-0.037905439618618385,0.007905439618618386,0.0070945603813816135,14.189120762763228,0.0010942566793631357,0.0005163114187519627,8.513472457657937,0.025,0.0,-0.03,0.0,1.0,0.0,0.015
58,1.9332956147251592,59,0.04100879233873545,0.0,-0.0391121203129567,0.009112120312956704,0.005887879687043296,11.775759374086592,0.0010714680485852588,0.000581725472344663,7.065455624451955,0.025,0.0,-0.03,0.0,1.0,0.0,0.015
58,1.9332956147251592,60,0.04070667444190519,0.0,-0.04032182066787436,0.010321820667874362,0.004678179332125637,9.356358664251275,0.0010599021722276006,0.000649911951876155,5.613815198550765,0.025,0.0,-0.03,0.0,1.0,0.0,0.015
58,1.9332956147251592,61,0.0404188544399877,0.0,-0.04153496063283236,0.01153496063283236,0.0034650393671676397,6.93007873433528,0.0010400249943532665,0.0007160130926360056,4.158047240601167,0.025,0.0,-0.03,0.0,1.0,0.0,0.015
58,1.9332956147251592,62,0.04014764158540364,0.0,-0.04275187356467983,0.012751873564679835,0.002248126435320165,4.49625287064033,0.0010283980187074642,0.0007835952199825881,2.6977517223841976,0.025,0.0,-0.03,0.0,1.0,0.0,0.015
58,1.9332956147251592,63,0.03989533292100633,0.0,-0.043972793163204515,0.013972793163204517,0.0010272068367954829,2.0544136735909655,0.0010129203261771546,0.0008495350981739162,1.2326482041545792,0.025,0.0,-0.03,0.0,1.0,0.0,0.015
58,1.9332956147251592,64,0.03873034584109094,0.0,-0.04440920435234849,0.014409204352348493,0.0005907956476515069,1.1815912953030139,0.0009325568199929199,0.0008808699636225877,0.7089547771818083,0.025,0.0,-0.03,0.0,1.0,0.0,0.015
58,1.9332956147251592,65,0.037560582169032505,0.0,-0.04483259728159613,0.014832597281596131,0.00016740271840386817,0.33480543680773633,0.0008505419438484056,0.0009097178443637973,0.2008832620846418,0.025,0.0,-0.03,0.0,1.0,0.0,0.015
59,1.966628297737662,0,0.0,0.0,-0.01563694055735431,0.014363059442645688,0.000636940557354311,1.273881114708622,0.0,0.0,0.7643286688251731,0.025,0.0,-0.03,0.0,1.0,0.0,0.015
59,1.966628297737662,39,0.04098451565089715,0.0,-0.015572229628850295,0.014427770371149704,0.0005722296288502952,1.1444592577005905,-0.0012300259676910794,0.00017521351862116906,0.6866755546203543,0.025,0.0,-0.03,0.0,1.0,0.0,0.015
59,1.966628297737662,40,0.041483625647005244,0.0,-0.016715049107090284,0.013284950892909715,0.0017150491070902843,3.4300982141805685,-0.001227103675622685,0.00017188075158478243,2.058058928508341,0.025,0.0,-0.03,0.0,1.0,0.0,0.015
59,1.966628297737662,41,0.04197988722385215,0.0,-0.01785911334767617,0.01214088665232383,0.002859113347676169,5.718226695352338,-0.0012312527692343997,0.00017169597572290986,3.4309360172114025,0.025,0.0,-0.03,0.0,1.0,0.0,0.015
59,1.966628297737662,42,0.042474500875314125,0.0,-0.01900389320615831,0.010996106793841689,0.004003893206158311,8.007786412316621,-0.0012297626361636351,0.00016902182396717313,4.804671847389972,0.025,0.0,-0.03,0.0,1.0,0.0,0.015
59,1.966628297737662,43,0.042968672361668236,0.0,-0.020148864565713718,0.009851135434286281,0.0051488645657137184,10.297729131427436,-0.0012321305739527895,0.00016793600912583966,6.178637478856461,0.025,0.0,-0.03,0.0,1.0,0.0,0.015
59,1.966628297737662,44,0.04346360826614229,0.0,-0.021293503581676133,0.008706496418323866,0.006293503581676133,12.587007163352267,-0.0012328274140411685,0.00016598057642694237,7.552204298011359,0.025,0.0,-0.03,0.0,1.0,0.0,0.015
59,1.966628297737662,45,0.043960513076621556,0.0,-0.02243728536385931,0.00756271463614069,0.007437285363859309,14.874570727718618,-0.0012330494097566717,0.00016360369386194822,8.92474243663117,0.025,0.0,-0.03,0.0,1.0,0.0,0.015
59,1.966628297737662,46,0.044460584918023835,0.0,-0.02357967963383099,0.0064203203661690085,0.008579679633830991,17.159359267661983,-0.0012363452439150104,0.0001621665107721595,10.29561556059719,0.025,0.0,-0.03,0.0,1.0,0.0,0.015
59,1.966628297737662,47,0.044959709311177674,0.0,-0.02472163702334966,0.005278362976650339,0.00972163702334966,19.443274046699322,-0.0012340521052158898,0.00015922989954781806,11.665964428019594,0.025,0.0,-0.03,0.0,1.0,0.0,0.015
59,1.966628297737662,48,0.044642099174682065,0.0,-0.02592729183649833,0.004072708163501668,0.010927291836498331,21.85458367299666,-0.001225159571518793,0.00010217780041612552,13.112750203797995,0.025,0.0,-0.03,0.0,1.0,0.0,0.015
59,1.966628297737662,49,0.04431772359360409,0.0,-0.027131155113270515,0.002868844886729484,0.012131155113270516,24.262310226541032,-0.0012019520896767264,4.753425329913218e-05,14.557386135924618,0.025,0.0,-0.03,0.0,1.0,0.0,0.015
59,1.966628297737662,50,0.043987905154811865,0.0,-0.028333547335732234,0.0016664526642677646,0.013333547335732235,26.66709467146447,-0.0011968084068260303,1.252372001429742e-05,16.00025680287868,0.025,0.0,-0.03,0.0,1.0,0.0,0.015
59,1.966628297737662,51,0.043653971464817025,0.0,-0.029534809853298358,0.00046519014670164116,0.014534809853298358,29.06961970659672,-0.0011685072337465166,6.716906002060793e-05,17.44177182395803,0.025,0.0,-0.03,0.0,1.0,0.0,0.015
59,1.966628297737662,52,0.04331725396697643,0.0,-0.030735299271927693,0.0007352992719276939,0.014264700728072306,28.529401456144612,0.001166217337212061,0.00012973446361804123,17.117640873686767,0.025,0.0,-0.03,0.0,1.0,0.0,0.015
59,1.966628297737662,53,0.042979035967747554,0.0,-0.03193538206044957,0.0019353820604495683,0.013064617939550431,26.12923587910086,0.001134400705950234,0.00018536588566881113,15.677541527460516,0.025,0.0,-0.03,0.0,1.0,0.0,0.015
59,1.966628297737662,54,0.042640162484127636,0.0,-0.03313531995974371,0.0031353199597437126,0.011864680040256287,23.729360080512574,0.001133064829003276,0.0002506327410796263,14.237616048307544,0.025,0.0,-0.03,0.0,1.0,0.0,0.015
59,1.966628297737662,55,0.0423015167606116,0.0,-0.03433536355689024,0.004335363556890244,0.010664636443109755,21.32927288621951,0.0011004467680941657,0.00030853541801154256,12.797563731731705,0.025,0.0,-0.03,0.0,1.0,0.0,0.015
59,1.966628297737662,56,0.04196468716849713,0.0,-0.03553594360284171,0.005535943602841709,0.00946405639715829,18.928112794316583,0.0010979331973158754,0.0003755381113303415,11.35686767658995,0.025,0.0,-0.03,0.0,1.0,0.0,0.015
59,1.966628297737662,57,0.04163187242442615,0.0,-0.036737649617771796,0.006737649617771797,0.008262350382228202,16.524700764456405,0.001066135158940499,0.0004355341905899471,9.914820458673843,0.025,0.0,-0.03,0.0,1.0,0.0,0.015
59,1.966628297737662,58,0.041305938084254874,0.0,-0.03794122255108533,0.007941222551085328,0.0070587774489146715,14.117554897829343,0.0010623530621277305,0.0005032683598124955,8.470532938697605,0.025,0.0,-0.03,0.0,1.0,0.0,0.015
59,1.966628297737662,59,0.0409896491895668,0.0,-0.03914733702236011,0.009147337022360112,0.005852662977639887,11.705325955279774,0.0010334164379414467,0.0005648945407266642,7.023195573167864,0.025,0.0,-0.03,0.0,1.0,0.0,0.015
59,1.966628297737662,60,0.0406853338605074,0.0,-0.040356492346625084,0.010356492346625085,0.004643507653374915,9.28701530674983,0.001027789731808123,0.0006322669345753814,5.572209184049897,0.025,0.0,-0.03,0.0,1.0,0.0,0.015
59,1.966628297737662,61,0.04039531516713916,0.0,-0.041569114409480204,0.011569114409480205,0.0034308855905197944,6.861771181039589,0.0010038743454841269,0.0006951994386331402,4.117062708623753,0.025,0.0,-0.03,0.0,1.0,0.0,0.015
59,1.966628297737662,62,0.04012190824548169,0.0,-0.04278554185975829,0.01278554185975829,0.0022144581402417096,4.428916280483419,0.0009958299869993119,0.0007613817593009371,2.657349768290051,0.025,0.0,-0.03,0.0,1.0,0.0,0.015
59,1.966628297737662,63,0.03986741622815385,0.0,-0.04400601364236141,0.014006013642361412,0.0009939863576385877,1.9879727152771753,0.0009787091917791066,0.0008245106113839342,1.1927836291663052,0.025,0.0,-0.03,0.0,1.0,0.0,0.015
59,1.966628297737662,64,0.038701430305448065,0.0,-0.04443976054446672,0.014439760544466725,0.0005602394555332749,1.1204789110665496,0.0009017210216256815,0.0008556071177555416,0.6722873466399297,0.025,0.0,-0.03,0.0,1.0,0.0,0.015
59,1.966628297737662,65,0.03753069577418041,0.0,-0.04486047336329521,0.014860473363295212,0.00013952663670478704,0.2790532734095741,0.0008217855937155393,0.0008823038811058998,0.16743196404574445,0.025,0.0,-0.03,0.0,1.0,0.0,0.015
60,1.9999609807501646,0,0.0,0.0,-0.01563694055735431,0.014363059442645688,0.000636940557354311,1.273881114708622,0.0,0.0,0.7643286688251731,0.025,0.0,-0.03,0.0,1.0,0.0,0.015
60,1.9999609807501646,39,0.040990197496620945,0.0,-0.015612510262725338,0.014387489737274661,0.0006125102627253382,1.2250205254506763,-0.0011701574584070508,0.0001581822620516026,0.7350123152704058,0.025,0.0,-0.03,0.0,1.0,0.0,0.015
60,1.9999609807501646,40,0.04148925274191293,0.0,-0.016755360933907663,0.013244639066092335,0.001755360933907664,3.510721867815328,-0.0012070867321545818,0.0001725713719788374,2.1064331206891964,0.025,0.0,-0.03,0.0,1.0,0.0,0.015
60,1.9999609807501646,41,0.041985460453631156,0.0,-0.017899455543910387,0.012100544456089612,0.0028994555439103877,5.798911087820775,-0.0011759200282464017,0.00015674197313569972,3.479346652692465,0.025,0.0,-0.03,0.0,1.0,0.0,0.015
60,1.9999609807501646,42,0.04248001959760201,0.0,-0.019044266184810955,0.010955733815189043,0.004044266184810956,8.088532369621912,-0.0012050219345479238,0.00016751779251021864,4.8531194217731475,0.025,0.0,-0.03,0.0,1.0,0.0,0.015
60,1.9999609807501646,43,0.042974134049847276,0.0,-0.020189269185530247,0.009810730814469752,0.005189269185530247,10.378538371060495,-0.001181658425499378,0.00015509030368722243,6.227123022636297,0.025,0.0,-0.03,0.0,1.0,0.0,0.015
60,1.9999609807501646,44,0.04346900882284622,0.0,-0.021333941851145222,0.008666058148854777,0.006333941851145223,12.667883702290446,-0.0012031828237624824,0.00016229126871783025,7.600730221374267,0.025,0.0,-0.03,0.0,1.0,0.0,0.015
60,1.9999609807501646,45,0.04396584658446181,0.0,-0.022477759849600015,0.007522240150399984,0.007477759849600016,14.955519699200032,-0.0011874697384853634,0.00015285886197365472,8.973311819520019,0.025,0.0,-0.03,0.0,1.0,0.0,0.015
60,1.9999609807501646,46,0.0444658438904282,0.0,-0.02362019398279824,0.006379806017201759,0.00862019398279824,17.24038796559648,-0.0012018895259303577,0.00015630630528209771,10.344232779357887,0.025,0.0,-0.03,0.0,1.0,0.0,0.015
60,1.9999609807501646,47,0.04496488536281902,0.0,-0.024762195673499087,0.005237804326500912,0.009762195673499088,19.524391346998176,-0.0011930852267733483,0.0001508337621246301,11.714634808198905,0.025,0.0,-0.03,0.0,1.0,0.0,0.015
60,1.9999609807501646,48,0.04464543309079373,0.0,-0.025967369787374996,0.004032630212625003,0.010967369787374996,21.934739574749994,-0.0011869361146839106,9.628724214214177e-05,13.160843744849997,0.025,0.0,-0.03,0.0,1.0,0.0,0.015
60,1.9999609807501646,49,0.0443191983740238,0.0,-0.02717073666634104,0.00282926333365896,0.01217073666634104,24.341473332682078,-0.0011651800006917885,4.309320792243125e-05,14.604883999609246,0.025,0.0,-0.03,0.0,1.0,0.0,0.015
60,1.9999609807501646,50,0.043987501121806674,0.0,-0.02837261807254518,0.0016273819274548185,0.013372618072545181,26.745236145090363,-0.0011565233092276184,1.4056340704554757e-05,16.047141687054218,0.025,0.0,-0.03,0.0,1.0,0.0,0.015
60,1.9999609807501646,51,0.043651666252283214,0.0,-0.029573356624655617,0.00042664337534438143,0.014573356624655618,29.146713249311237,-0.0011350733726735614,6.855011882495598e-05,17.48802794958674,0.025,0.0,-0.03,0.0,1.0,0.0,0.015
60,1.9999609807501646,52,0.04331302250859084,0.0,-0.0307733102853628,0.0007733102853628021,0.014226689714637197,28.453379429274396,0.0011246674332138114,0.00012687561839128678,17.072027657564636,0.025,0.0,-0.03,0.0,1.0,0.0,0.015
60,1.9999609807501646,53,0.042972844076441995,0.0,-0.03197284674908347,0.001972846749083469,0.01302715325091653,26.05430650183306,0.0011035059507185615,0.00018335060473173272,15.632583901099835,0.025,0.0,-0.03,0.0,1.0,0.0,0.015
60,1.9999609807501646,54,0.04263197021546511,0.0,-0.03317222710750726,0.0031722271075072597,0.01182777289249274,23.65554578498548,0.0010917734695179448,0.0002436947956424547,14.193327470991289,0.025,0.0,-0.03,0.0,1.0,0.0,0.015
60,1.9999609807501646,55,0.04229128901271593,0.0,-0.034371702875163036,0.004371702875163037,0.010628297124836962,21.256594249673924,0.0010702762420079638,0.00030248481982576847,12.753956549804354,0.025,0.0,-0.03,0.0,1.0,0.0,0.015
60,1.9999609807501646,56,0.04195239349472492,0.0,-0.03557170888225641,0.005571708882256408,0.009428291117743591,18.85658223548718,0.0010576708913667971,0.00036462956352473864,11.31394934129231,0.025,0.0,-0.03,0.0,1.0,0.0,0.015
60,1.9999609807501646,57,0.04161748813405417,0.0,-0.03677284043060454,0.00677284043060454,0.008227159569395459,16.45431913879092,0.0010367677290221442,0.00042530498557073087,9.872591483274551,0.025,0.0,-0.03,0.0,1.0,0.0,0.015
60,1.9999609807501646,58,0.041289445633394685,0.0,-0.03797584638476653,0.007975846384766533,0.007024153615233467,14.048307230466934,0.0010233307345404326,0.0004883719585280973,8.42898433828016,0.025,0.0,-0.03,0.0,1.0,0.0,0.015
60,1.9999609807501646,59,0.04097103667727582,0.0,-0.03918140878066284,0.009181408780662842,0.0058185912193371575,11.637182438674316,0.0010041070872210663,0.0005502196333448316,6.982309463204589,0.025,0.0,-0.03,0.0,1.0,0.0,0.015
60,1.9999609807501646,60,0.040664594593040435,0.0,-0.04039003260266467,0.010390032602664669,0.004609967397335331,9.219934794670662,0.00099075179174761,0.0006135592942285076,5.531960876802397,0.025,0.0,-0.03,0.0,1.0,0.0,0.015
60,1.9999609807501646,61,0.04037244783875038,0.0,-0.041602149358401695,0.011602149358401696,0.003397850641598303,6.795701283196606,0.0009738845908067284,0.0006759223167831941,4.077420769917963,0.025,0.0,-0.03,0.0,1.0,0.0,0.015
60,1.9999609807501646,62,0.04009691720775628,0.0,-0.042818102959165626,0.012818102959165627,0.0021818970408343727,4.363794081668745,0.0009612331559897507,0.000738920835932462,2.618276449001247,0.025,0.0,-0.03,0.0,1.0,0.0,0.015
60,1.9999609807501646,63,0.039840311736456184,0.0,-0.044038137368250165,0.014038137368250166,0.0009618626317498338,1.9237252634996675,0.0009474146399935085,0.0008009832757560651,1.1542351580998005,0.025,0.0,-0.03,0.0,1.0,0.0,0.015
60,1.9999609807501646,64,0.03867336412461504,0.0,-0.0444693014322399,0.0144693014322399,0.0005306985677600989,1.0613971355201979,0.0008715263945323527,0.0008297319732562009,0.6368382813121187,0.025,0.0,-0.03,0.0,1.0,0.0,0.015
60,1.9999609807501646,65,0.03750169505932625,0.0,-0.044887416133604655,0.014887416133604656,0.00011258386639534379,0.22516773279068758,0.0007945648812771938,0.0008567081588237651,0.13510063967441255,0.025,0.0,-0.03,0.0,1.0,0.0,0.015
