frame_idx,time,node_idx,node_x,node_y,node_z,radial_dist,overlap,normal_force,normal_velocity,tangential_speed,friction_force,cyl_center_x,cyl_center_y,cyl_center_z,cyl_axis_x,cyl_axis_y,cyl_axis_z,cyl_radius
0,0.0,0,0.0,0.0,-0.02,0.009999999999999998,1.734723475976807e-18,3.469446951953614e-15,0.0,0.0,2.0816681711721685e-15,0.025,0.0,-0.03,0.0,1.0,0.0,0.01
0,0.0,1,0.00125,0.0,-0.02,0.009999999999999998,1.734723475976807e-18,3.469446951953614e-15,0.0,0.0,2.0816681711721685e-15,0.025,0.0,-0.03,0.0,1.0,0.0,0.01
0,0.0,2,0.0025,0.0,-0.02,0.009999999999999998,1.734723475976807e-18,3.469446951953614e-15,0.0,0.0,2.0816681711721685e-15,0.025,0.0,-0.03,0.0,1.0,0.0,0.01
0,0.0,3,0.00375,0.0,-0.02,0.009999999999999998,1.734723475976807e-18,3.469446951953614e-15,0.0,0.0,2.0816681711721685e-15,0.025,0.0,-0.03,0.0,1.0,0.0,0.01
0,0.0,4,0.005,0.0,-0.02,0.009999999999999998,1.734723475976807e-18,3.469446951953614e-15,0.0,0.0,2.0816681711721685e-15,0.025,0.0,-0.03,0.0,1.0,0.0,0.01
0,0.0,5,0.00625,0.0,-0.02,0.009999999999999998,1.734723475976807e-18,3.469446951953614e-15,0.0,0.0,2.0816681711721685e-15,0.025,0.0,-0.03,0.0,1.0,0.0,0.01
0,0.0,6,0.0075,0.0,-0.02,0.009999999999999998,1.734723475976807e-18,3.469446951953614e-15,0.0,0.0,2.0816681711721685e-15,0.025,0.0,-0.03,0.0,1.0,0.0,0.01
0,0.0,7,0.00875,0.0,-0.02,0.009999999999999998,1.734723475976807e-18,3.469446951953614e-15,0.0,0.0,2.0816681711721685e-15,0.025,0.0,-0.03,0.0,1.0,0.0,0.01
0,0.0,8,0.01,0.0,-0.02,0.009999999999999998,1.734723475976807e-18,3.469446951953614e-15,0.0,0.0,2.0816681711721685e-15,0.025,0.0,-0.03,0.0,1.0,0.0,0.01
0,0.0,9,0.01125,0.0,-0.02,0.009999999999999998,1.734723475976807e-18,3.469446951953614e-15,0.0,0.0,2.0816681711721685e-15,0.025,0.0,-0.03,0.0,1.0,0.0,0.01
0,0.0,10,0.0125,0.0,-0.02,0.009999999999999998,1.734723475976807e-18,3.469446951953614e-15,0.0,0.0,2.0816681711721685e-15,0.025,0.0,-0.03,0.0,1.0,0.0,0.01
0,0.0,11,0.01375,0.0,-0.02,0.009999999999999998,1.734723475976807e-18,3.469446951953614e-15,0.0,0.0,2.0816681711721685e-15,0.025,0.0,-0.03,0.0,1.0,0.0,0.01
0,0.0,12,0.015,0.0,-0.02,0.009999999999999998,1.734723475976807e-18,3.469446951953614e-15,0.0,0.0,2.0816681711721685e-15,0.025,0.0,-0.03,0.0,1.0,0.0,0.01
0,0.0,13,0.01625,0.0,-0.02,0.009999999999999998,1.734723475976807e-18,3.469446951953614e-15,0.0,0.0,2.0816681711721685e-15,0.025,0.0,-0.03,0.0,1.0,0.0,0.01
0,0.0,14,0.0175,0.0,-0.02,0.009999999999999998,1.734723475976807e-18,3.469446951953614e-15,0.0,0.0,2.0816681711721685e-15,0.025,0.0,-0.03,0.0,1.0,0.0,0.01
0,0.0,15,0.01875,0.0,-0.02,0.009999999999999998,1.734723475976807e-18,3.469446951953614e-15,0.0,0.0,2.0816681711721685e-15,0.025,0.0,-0.03,0.0,1.0,0.0,0.01
0,0.0,16,0.02,0.0,-0.02,0.009999999999999998,1.734723475976807e-18,3.469446951953614e-15,0.0,0.0,2.0816681711721685e-15,0.025,0.0,-0.03,0.0,1.0,0.0,0.01
0,0.0,17,0.02125,0.0,-0.02,0.009999999999999998,1.734723475976807e-18,3.469446951953614e-15,0.0,0.0,2.0816681711721685e-15,0.025,0.0,-0.03,0.0,1.0,0.0,0.01
0,0.0,18,0.0225,0.0,-0.02,0.009999999999999998,1.734723475976807e-18,3.469446951953614e-15,0.0,0.0,2.0816681711721685e-15,0.025,0.0,-0.03,0.0,1.0,0.0,0.01
0,0.0,19,0.02375,0.0,-0.02,0.009999999999999998,1.734723475976807e-18,3.469446951953614e-15,0.0,0.0,2.0816681711721685e-15,0.025,0.0,-0.03,0.0,1.0,0.0,0.01
0,0.0,20,0.025,0.0,-0.02,0.009999999999999998,1.734723475976807e-18,3.469446951953614e-15,0.0,0.0,2.0816681711721685e-15,0.025,0.0,-0.03,0.0,1.0,0.0,0.01
0,0.0,21,0.02625,0.0,-0.02,0.009999999999999998,1.734723475976807e-18,3.469446951953614e-15,0.0,0.0,2.0816681711721685e-15,0.025,0.0,-0.03,0.0,1.0,0.0,0.01
0,0.0,22,0.0275,0.0,-0.02,0.009999999999999998,1.734723475976807e-18,3.469446951953614e-15,0.0,0.0,2.0816681711721685e-15,0.025,0.0,-0.03,0.0,1.0,0.0,0.01
0,0.0,23,0.02875,0.0,-0.02,0.009999999999999998,1.734723475976807e-18,3.469446951953614e-15,0.0,0.0,2.0816681711721685e-15,0.025,0.0,-0.03,0.0,1.0,0.0,0.01
0,0.0,24,0.03,0.0,-0.02,0.009999999999999998,1.734723475976807e-18,3.469446951953614e-15,0.0,0.0,2.0816681711721685e-15,0.025,0.0,-0.03,0.0,1.0,0.0,0.01
0,0.0,25,0.03125,0.0,-0.02,0.009999999999999998,1.734723475976807e-18,3.469446951953614e-15,0.0,0.0,2.0816681711721685e-15,0.025,0.0,-0.03,0.0,1.0,0.0,0.01
0,0.0,26,0.0325,0.0,-0.02,0.009999999999999998,1.734723475976807e-18,3.469446951953614e-15,0.0,0.0,2.0816681711721685e-15,0.025,0.0,-0.03,0.0,1.0,0.0,0.01
0,0.0,27,0.03375,0.0,-0.02,0.009999999999999998,1.734723475976807e-18,3.469446951953614e-15,0.0,0.0,2.0816681711721685e-15,0.025,0.0,-0.03,0.0,1.0,0.0,0.01
0,0.0,28,0.035,0.0,-0.02,0.009999999999999998,1.734723475976807e-18,3.469446951953614e-15,0.0,0.0,2.0816681711721685e-15,0.025,0.0,-0.03,0.0,1.0,0.0,0.01
0,0.0,29,0.03625,0.0,-0.02,0.009999999999999998,1.734723475976807e-18,3.469446951953614e-15,0.0,0.0,2.0816681711721685e-15,0.025,0.0,-0.03,0.0,1.0,0.0,0.01
0,0.0,30,0.0375,0.0,-0.02,0.009999999999999998,1.734723475976807e-18,3.469446951953614e-15,0.0,0.0,2.0816681711721685e-15,0.025,0.0,-0.03,0.0,1.0,0.0,0.01
0,0.0,31,0.03875,0.0,-0.02,0.009999999999999998,1.734723475976807e-18,3.469446951953614e-15,0.0,0.0,2.0816681711721685e-15,0.025,0.0,-0.03,0.0,1.0,0.0,0.01
0,0.0,32,0.04,0.0,-0.02,0.009999999999999998,1.734723475976807e-18,3.469446951953614e-15,0.0,0.0,2.0816681711721685e-15,0.025,0.0,-0.03,0.0,1.0,0.0,0.01
0,0.0,33,0.04125,0.0,-0.02,0.009999999999999998,1.734723475976807e-18,3.469446951953614e-15,0.0,0.0,2.0816681711721685e-15,0.025,0.0,-0.03,0.0,1.0,0.0,0.01
0,0.0,34,0.0425,0.0,-0.02,0.009999999999999998,1.734723475976807e-18,3.469446951953614e-15,0.0,0.0,2.0816681711721685e-15,0.025,0.0,-0.03,0.0,1.0,0.0,0.01
0,0.0,35,0.043750000000000004,0.0,-0.02,0.009999999999999998,1.734723475976807e-18,3.469446951953614e-15,0.0,0.0,2.0816681711721685e-15,0.025,0.0,-0.03,0.0,1.0,0.0,0.01
0,0.0,36,0.045,0.0,-0.02,0.009999999999999998,1.734723475976807e-18,3.469446951953614e-15,0.0,0.0,2.0816681711721685e-15,0.025,0.0,-0.03,0.0,1.0,0.0,0.01
0,0.0,37,0.04625,0.0,-0.02,0.009999999999999998,1.734723475976807e-18,3.469446951953614e-15,0.0,0.0,2.0816681711721685e-15,0.025,0.0,-0.03,0.0,1.0,0.0,0.01
0,0.0,38,0.0475,0.0,-0.02,0.009999999999999998,1.734723475976807e-18,3.469446951953614e-15,0.0,0.0,2.0816681711721685e-15,0.025,0.0,-0.03,0.0,1.0,0.0,0.01
0,0.0,39,0.04875,0.0,-0.02,0.009999999999999998,1.734723475976807e-18,3.469446951953614e-15,0.0,0.0,2.0816681711721685e-15,0.025,0.0,-0.03,0.0,1.0,0.0,0.01
0,0.0,40,0.05,0.0,-0.02,0.009999999999999998,1.734723475976807e-18,3.469446951953614e-15,0.0,0.0,2.0816681711721685e-15,0.025,0.0,-0.03,0.0,1.0,0.0,0.01
0,0.0,41,0.051250000000000004,0.0,-0.02,0.009999999999999998,1.734723475976807e-18,3.469446951953614e-15,0.0,0.0,2.0816681711721685e-15,0.025,0.0,-0.03,0.0,1.0,0.0,0.01
0,0.0,42,0.0525,0.0,-0.02,0.009999999999999998,1.734723475976807e-18,3.469446951953614e-15,0.0,0.0,2.0816681711721685e-15,0.025,0.0,-0.03,0.0,1.0,0.0,0.01
0,0.0,43,0.05375,0.0,-0.02,0.009999999999999998,1.734723475976807e-18,3.469446951953614e-15,0.0,0.0,2.0816681711721685e-15,0.025,0.0,-0.03,0.0,1.0,0.0,0.01
0,0.0,44,0.055,0.0,-0.02,0.009999999999999998,1.734723475976807e-18,3.469446951953614e-15,0.0,0.0,2.0816681711721685e-15,0.025,0.0,-0.03,0.0,1.0,0.0,0.01
0,0.0,45,0.05625,0.0,-0.02,0.009999999999999998,1.734723475976807e-18,3.469446951953614e-15,0.0,0.0,2.0816681711721685e-15,0.025,0.0,-0.03,0.0,1.0,0.0,0.01
0,0.0,46,0.0575,0.0,-0.02,0.009999999999999998,1.734723475976807e-18,3.469446951953614e-15,0.0,0.0,2.0816681711721685e-15,0.025,0.0,-0.03,0.0,1.0,0.0,0.01
0,0.0,47,0.058750000000000004,0.0,-0.02,0.009999999999999998,1.734723475976807e-18,3.469446951953614e-15,0.0,0.0,2.0816681711721685e-15,0.025,0.0,-0.03,0.0,1.0,0.0,0.01
0,0.0,48,0.06,0.0,-0.02,0.009999999999999998,1.734723475976807e-18,3.469446951953614e-15,0.0,0.0,2.0816681711721685e-15,0.025,0.0,-0.03,0.0,1.0,0.0,0.01
0,0.0,49,0.06125,0.0,-0.02,0.009999999999999998,1.734723475976807e-18,3.469446951953614e-15,0.0,0.0,2.0816681711721685e-15,0.025,0.0,-0.03,0.0,1.0,0.0,0.01
0,0.0,50,0.0625,0.0,-0.02,0.009999999999999998,1.734723475976807e-18,3.469446951953614e-15,0.0,0.0,2.0816681711721685e-15,0.025,0.0,-0.03,0.0,1.0,0.0,0.01
0,0.0,51,0.06375,0.0,-0.02,0.009999999999999998,1.734723475976807e-18,3.469446951953614e-15,0.0,0.0,2.0816681711721685e-15,0.025,0.0,-0.03,0.0,1.0,0.0,0.01
0,0.0,52,0.065,0.0,-0.02,0.009999999999999998,1.734723475976807e-18,3.469446951953614e-15,0.0,0.0,2.0816681711721685e-15,0.025,0.0,-0.03,0.0,1.0,0.0,0.01
0,0.0,53,0.06625,0.0,-0.02,0.009999999999999998,1.734723475976807e-18,3.469446951953614e-15,0.0,0.0,2.0816681711721685e-15,0.025,0.0,-0.03,0.0,1.0,0.0,0.01
0,0.0,54,0.0675,0.0,-0.02,0.009999999999999998,1.734723475976807e-18,3.469446951953614e-15,0.0,0.0,2.0816681711721685e-15,0.025,0.0,-0.03,0.0,1.0,0.0,0.01
0,0.0,55,0.06875,0.0,-0.02,0.009999999999999998,1.734723475976807e-18,3.469446951953614e-15,0.0,0.0,2.0816681711721685e-15,0.025,0.0,-0.03,0.0,1.0,0.0,0.01
0,0.0,56,0.07,0.0,-0.02,0.009999999999999998,1.734723475976807e-18,3.469446951953614e-15,0.0,0.0,2.0816681711721685e-15,0.025,0.0,-0.03,0.0,1.0,0.0,0.01
0,0.0,57,0.07125000000000001,0.0,-0.02,0.009999999999999998,1.734723475976807e-18,3.469446951953614e-15,0.0,0.0,2.0816681711721685e-15,0.025,0.0,-0.03,0.0,1.0,0.0,0.01
0,0.0,58,0.0725,0.0,-0.02,0.009999999999999998,1.734723475976807e-18,3.469446951953614e-15,0.0,0.0,2.0816681711721685e-15,0.025,0.0,-0.03,0.0,1.0,0.0,0.01
0,0.0,59,0.07375,0.0,-0.02,0.009999999999999998,1.734723475976807e-18,3.469446951953614e-15,0.0,0.0,2.0816681711721685e-15,0.025,0.0,-0.03,0.0,1.0,0.0,0.01
0,0.0,60,0.075,0.0,-0.02,0.009999999999999998,1.734723475976807e-18,3.469446951953614e-15,0.0,0.0,2.0816681711721685e-15,0.025,0.0,-0.03,0.0,1.0,0.0,0.01
0,0.0,61,0.07625,0.0,-0.02,0.009999999999999998,1.734723475976807e-18,3.469446951953614e-15,0.0,0.0,2.0816681711721685e-15,0.025,0.0,-0.03,0.0,1.0,0.0,0.01
0,0.0,62,0.0775,0.0,-0.02,0.009999999999999998,1.734723475976807e-18,3.469446951953614e-15,0.0,0.0,2.0816681711721685e-15,0.025,0.0,-0.03,0.0,1.0,0.0,0.01
0,0.0,63,0.07875,0.0,-0.02,0.009999999999999998,1.734723475976807e-18,3.469446951953614e-15,0.0,0.0,2.0816681711721685e-15,0.025,0.0,-0.03,0.0,1.0,0.0,0.01
0,0.0,64,0.08,0.0,-0.02,0.009999999999999998,1.734723475976807e-18,3.469446951953614e-15,0.0,0.0,2.0816681711721685e-15,0.025,0.0,-0.03,0.0,1.0,0.0,0.01
0,0.0,65,0.08125,0.0,-0.02,0.009999999999999998,1.734723475976807e-18,3.469446951953614e-15,0.0,0.0,2.0816681711721685e-15,0.025,0.0,-0.03,0.0,1.0,0.0,0.01
0,0.0,66,0.0825,0.0,-0.02,0.009999999999999998,1.734723475976807e-18,3.469446951953614e-15,0.0,0.0,2.0816681711721685e-15,0.025,0.0,-0.03,0.0,1.0,0.0,0.01
0,0.0,67,0.08375,0.0,-0.02,0.009999999999999998,1.734723475976807e-18,3.469446951953614e-15,0.0,0.0,2.0816681711721685e-15,0.025,0.0,-0.03,0.0,1.0,0.0,0.01
0,0.0,68,0.085,0.0,-0.02,0.009999999999999998,1.734723475976807e-18,3.469446951953614e-15,0.0,0.0,2.0816681711721685e-15,0.025,0.0,-0.03,0.0,1.0,0.0,0.01
0,0.0,69,0.08625000000000001,0.0,-0.02,0.009999999999999998,1.734723475976807e-18,3.469446951953614e-15,0.0,0.0,2.0816681711721685e-15,0.025,0.0,-0.03,0.0,1.0,0.0,0.01
0,0.0,70,0.08750000000000001,0.0,-0.02,0.009999999999999998,1.734723475976807e-18,3.469446951953614e-15,0.0,0.0,2.0816681711721685e-15,0.025,0.0,-0.03,0.0,1.0,0.0,0.01
0,0.0,71,0.08875,0.0,-0.02,0.009999999999999998,1.734723475976807e-18,3.469446951953614e-15,0.0,0.0,2.0816681711721685e-15,0.025,0.0,-0.03,0.0,1.0,0.0,0.01
0,0.0,72,0.09,0.0,-0.02,0.009999999999999998,1.734723475976807e-18,3.469446951953614e-15,0.0,0.0,2.0816681711721685e-15,0.025,0.0,-0.03,0.0,1.0,0.0,0.01
0,0.0,73,0.09125,0.0,-0.02,0.009999999999999998,1.734723475976807e-18,3.469446951953614e-15,0.0,0.0,2.0816681711721685e-15,0.025,0.0,-0.03,0.0,1.0,0.0,0.01
0,0.0,74,0.0925,0.0,-0.02,0.009999999999999998,1.734723475976807e-18,3.469446951953614e-15,0.0,0.0,2.0816681711721685e-15,0.025,0.0,-0.03,0.0,1.0,0.0,0.01
0,0.0,75,0.09375,0.0,-0.02,0.009999999999999998,1.734723475976807e-18,3.469446951953614e-15,0.0,0.0,2.0816681711721685e-15,0.025,0.0,-0.03,0.0,1.0,0.0,0.01
0,0.0,76,0.095,0.0,-0.02,0.009999999999999998,1.734723475976807e-18,3.469446951953614e-15,0.0,0.0,2.0816681711721685e-15,0.025,0.0,-0.03,0.0,1.0,0.0,0.01
0,0.0,77,0.09625,0.0,-0.02,0.009999999999999998,1.734723475976807e-18,3.469446951953614e-15,0.0,0.0,2.0816681711721685e-15,0.025,0.0,-0.03,0.0,1.0,0.0,0.01
0,0.0,78,0.0975,0.0,-0.02,0.009999999999999998,1.734723475976807e-18,3.469446951953614e-15,0.0,0.0,2.0816681711721685e-15,0.025,0.0,-0.03,0.0,1.0,0.0,0.01
0,0.0,79,0.09875,0.0,-0.02,0.009999999999999998,1.734723475976807e-18,3.469446951953614e-15,0.0,0.0,2.0816681711721685e-15,0.025,0.0,-0.03,0.0,1.0,0.0,0.01
0,0.0,80,0.1,0.0,-0.02,0.009999999999999998,1.734723475976807e-18,3.469446951953614e-15,0.0,0.0,2.0816681711721685e-15,0.025,0.0,-0.03,0.0,1.0,0.0,0.01
1,0.03333302554337065,0,0.0,0.0,-0.02,0.009999999999999998,1.734723475976807e-18,3.469446951953614e-15,0.0,0.0,2.0816681711721685e-15,0.025,0.0,-0.03,0.0,1.0,0.0,0.01
1,0.03333302554337065,1,0.0012369159698470585,0.0,-0.020000929180290842,0.009999070819709157,9.291802908432262e-07,0.0018583605816864524,-0.0002077866898879749,0.0011285638452735254,0.0011150163490118714,0.025,0.0,-0.03,0.0,1.0,0.0,0.01
2,0.0666660510867413,0,0.0,0.0,-0.02,0.009999999999999998,1.734723475976807e-18,3.469446951953614e-15,0.0,0.0,2.0816681711721685e-15,0.025,0.0,-0.03,0.0,1.0,0.0,0.01
2,0.0666660510867413,1,0.0012372870442565272,0.0,-0.020006560675913686,0.009993439324086313,6.560675913687072e-06,0.013121351827374145,-0.00011257417468681697,0.0030016036115117876,0.007872811096424487,0.025,0.0,-0.03,0.0,1.0,0.0,0.01
2,0.0666660510867413,41,0.04529539292639648,0.0,-0.020540130216878002,0.009459869783121997,0.0005401302168780032,1.0802604337560064,-0.17964806259867655,0.3609299182830804,0.6481562602536038,0.025,0.0,-0.03,0.0,1.0,0.0,0.01
2,0.0666660510867413,42,0.04612716024187465,0.0,-0.021460528405725855,0.008539471594274144,0.0014605284057258566,2.921056811451713,-0.21347213873746348,0.39075991160955115,1.7526340868710277,0.025,0.0,-0.03,0.0,1.0,0.0,0.01
2,0.0666660510867413,43,0.04696496317586299,0.0,-0.02237509027252937,0.007624909727470628,0.002375090272529372,4.750180545058744,-0.24170225266685674,0.42617392220836986,2.8501083270352465,0.025,0.0,-0.03,0.0,1.0,0.0,0.01
2,0.0666660510867413,44,0.047810471982798065,0.0,-0.023282693047937026,0.006717306952062973,0.0032826930479370273,6.565386095874055,-0.2742326543009064,0.4575450928964821,3.9392316575244326,0.025,0.0,-0.03,0.0,1.0,0.0,0.01
2,0.0666660510867413,45,0.048664739083575895,0.0,-0.024181676053332695,0.005818323946667304,0.004181676053332696,8.363352106665392,-0.3045115262338877,0.4912723543097286,5.018011263999235,0.025,0.0,-0.03,0.0,1.0,0.0,0.01
2,0.0666660510867413,46,0.049529250086352214,0.0,-0.025070911091716636,0.004929088908283363,0.005070911091716637,10.141822183433273,-0.33721230318547246,0.5224824848188934,6.085093310059964,0.025,0.0,-0.03,0.0,1.0,0.0,0.01
2,0.0666660510867413,47,0.05040294076376856,0.0,-0.02594979483343647,0.004050205166563528,0.005949794833436472,11.899589666872945,-0.3685314237795136,0.5563257210490689,7.139753800123767,0.025,0.0,-0.03,0.0,1.0,0.0,0.01
2,0.0666660510867413,48,0.05162419070896889,0.0,-0.025745784476099938,0.004254215523900061,0.005745784476099939,11.491568952199879,-0.3509728011598235,0.554470888126341,6.894941371319927,0.025,0.0,-0.03,0.0,1.0,0.0,0.01
2,0.0666660510867413,49,0.052843644160776096,0.0,-0.025531917507538904,0.004468082492461094,0.005531917507538906,11.063835015077812,-0.3344970730717065,0.5656721373291984,6.638301009046687,0.025,0.0,-0.03,0.0,1.0,0.0,0.01
2,0.0666660510867413,50,0.05406185220185284,0.0,-0.025309964973599934,0.004690035026400065,0.005309964973599935,10.619929947199871,-0.3142580493723515,0.5566150430527748,6.371957968319923,0.025,0.0,-0.03,0.0,1.0,0.0,0.01
2,0.0666660510867413,51,0.055278733367621936,0.0,-0.025081796488235532,0.004918203511764467,0.005081796488235533,10.163592976471067,-0.29842147085624093,0.5764029818598659,6.09815578588264,0.025,0.0,-0.03,0.0,1.0,0.0,0.01
2,0.0666660510867413,52,0.056494995563430205,0.0,-0.024849161282689238,0.005150838717310761,0.0048491612826892395,9.69832256537848,-0.27593045522542675,0.5594546515730681,5.818993539227088,0.025,0.0,-0.03,0.0,1.0,0.0,0.01
2,0.0666660510867413,53,0.057710543221542364,0.0,-0.02461394816200634,0.00538605183799366,0.00461394816200634,9.227896324012681,-0.2608746278980387,0.5870751365662861,5.536737794407609,0.025,0.0,-0.03,0.0,1.0,0.0,0.01
2,0.0666660510867413,54,0.0589261511505037,0.0,-0.024377891744196616,0.005622108255803383,0.004377891744196618,8.755783488393234,-0.2367240038103057,0.5639779278776579,5.253470093035941,0.025,0.0,-0.03,0.0,1.0,0.0,0.01
2,0.0666660510867413,55,0.06014171954865258,0.0,-0.024142868966096714,0.0058571310339032845,0.004142868966096716,8.285737932193431,-0.22207179930987958,0.5961904621105469,4.971442759316059,0.025,0.0,-0.03,0.0,1.0,0.0,0.01
2,0.0666660510867413,56,0.06135802674988419,0.0,-0.0239105878215716,0.0060894121784283994,0.003910587821571601,7.821175643143201,-0.19732651794521353,0.5706412449111816,4.692705385885921,0.025,0.0,-0.03,0.0,1.0,0.0,0.01
2,0.0666660510867413,57,0.06257495028734494,0.0,-0.023682889063421416,0.006317110936578583,0.0036828890634214174,7.365778126842835,-0.18236722449382833,0.6027462028228042,4.419466876105701,0.025,0.0,-0.03,0.0,1.0,0.0,0.01
2,0.0666660510867413,58,0.06379319681736037,0.0,-0.02346144368383952,0.006538556316160477,0.003461443683839523,6.922887367679046,-0.1582989784600543,0.5797251061729822,4.153732420607427,0.025,0.0,-0.03,0.0,1.0,0.0,0.01
2,0.0666660510867413,59,0.06501266991619177,0.0,-0.023248021652782655,0.006751978347217344,0.0032480216527826563,6.496043305565313,-0.14231394877510034,0.606300839886092,3.8976259833391875,0.025,0.0,-0.03,0.0,1.0,0.0,0.01
2,0.0666660510867413,60,0.06623385883955844,0.0,-0.02304425691387336,0.006955743086126637,0.003044256913873363,6.088513827746725,-0.11994879107989505,0.5903442696438926,3.653108296648035,0.025,0.0,-0.03,0.0,1.0,0.0,0.01
2,0.0666660510867413,61,0.06745678524762284,0.0,-0.02285181062498043,0.00714818937501957,0.00285181062498043,5.70362124996086,-0.1026856860135508,0.6075510346657684,3.4221727499765158,0.025,0.0,-0.03,0.0,1.0,0.0,0.01
2,0.0666660510867413,62,0.06868158223277925,0.0,-0.022672269944472762,0.007327730055527237,0.0026722699444727636,5.344539888945527,-0.08245312398698991,0.6011627079406356,3.206723933367316,0.025,0.0,-0.03,0.0,1.0,0.0,0.01
2,0.0666660510867413,63,0.06990846949263281,0.0,-0.022507163379486293,0.007492836620513706,0.0025071633794862946,5.014326758972589,-0.06433071035766137,0.6073091870202179,3.0085960553835536,0.025,0.0,-0.03,0.0,1.0,0.0,0.01
2,0.0666660510867413,64,0.07114487395188486,0.0,-0.02254151627937259,0.00745848372062741,0.00254151627937259,5.08303255874518,-0.06315505078127,0.608775856413131,3.049819535247108,0.025,0.0,-0.03,0.0,1.0,0.0,0.01
2,0.0666660510867413,65,0.07238153714566979,0.0,-0.02257760151199048,0.007422398488009518,0.002577601511990482,5.155203023980963,-0.06256522632816511,0.6024195406385429,3.093121814388578,0.025,0.0,-0.03,0.0,1.0,0.0,0.01
2,0.0666660510867413,66,0.07361774510042197,0.0,-0.0226152302355251,0.007384769764474899,0.002615230235525101,5.230460471050201,-0.061618557157185894,0.6124697228779601,3.138276282630121,0.025,0.0,-0.03,0.0,1.0,0.0,0.01
2,0.0666660510867413,67,0.07485436377001567,0.0,-0.022654261246364018,0.007345738753635981,0.0026542612463640192,5.308522492728039,-0.061499292831469536,0.5997779399820955,3.185113495636823,0.025,0.0,-0.03,0.0,1.0,0.0,0.01
2,0.0666660510867413,68,0.07609044150568624,0.0,-0.022694503042547182,0.0073054969574528165,0.0026945030425471837,5.389006085094367,-0.06064088187305488,0.6142384060354451,3.23340365105662,0.025,0.0,-0.03,0.0,1.0,0.0,0.01
2,0.0666660510867413,69,0.07732696927623017,0.0,-0.022735829763971614,0.007264170236028385,0.0027358297639716155,5.471659527943231,-0.06087075913466475,0.5984170153337124,3.2829957167659387,0.025,0.0,-0.03,0.0,1.0,0.0,0.01
2,0.0666660510867413,70,0.07856299668145297,0.0,-0.022778057642324472,0.007221942357675527,0.0027780576423244736,5.556115284648947,-0.06011991993846626,0.6149014353987086,3.3336691707893684,0.025,0.0,-0.03,0.0,1.0,0.0,0.01
2,0.0666660510867413,71,0.07979938699818953,0.0,-0.022821067255952975,0.007178932744047024,0.002821067255952976,5.642134511905952,-0.060551168784049515,0.598626321761601,3.385280707143571,0.025,0.0,-0.03,0.0,1.0,0.0,0.01
2,0.0666660510867413,72,0.08103544219710578,0.0,-0.022864691234160024,0.007135308765839975,0.0028646912341600255,5.729382468320051,-0.059956329392276124,0.6139895609963224,3.437629480992031,0.025,0.0,-0.03,0.0,1.0,0.0,0.01
2,0.0666660510867413,73,0.08227166140852642,0.0,-0.022908807201764435,0.007091192798235564,0.002908807201764436,5.817614403528872,-0.06043376011058619,0.6000264935465016,3.4905686421173234,0.025,0.0,-0.03,0.0,1.0,0.0,0.01
2,0.0666660510867413,74,0.08350779834001151,0.0,-0.02295327136473705,0.0070467286352629485,0.0029532713647370517,5.906542729474103,-0.060040043899974783,0.6119517641902231,3.543925637684462,0.025,0.0,-0.03,0.0,1.0,0.0,0.01
2,0.0666660510867413,75,0.08474385213866609,0.0,-0.02299795240447494,0.007002047595525057,0.002997952404474943,5.995904808949886,-0.06041338124055049,0.6026056158359078,3.5975428853699314,0.025,0.0,-0.03,0.0,1.0,0.0,0.01
2,0.0666660510867413,76,0.08598007868459119,0.0,-0.02304273205376619,0.00695726794623381,0.0030427320537661905,6.085464107532381,-0.06021970454840137,0.6093285111881367,3.6512784645194287,0.025,0.0,-0.03,0.0,1.0,0.0,0.01
2,0.0666660510867413,77,0.08721601489415957,0.0,-0.0230874699530965,0.0069125300469034985,0.0030874699530965017,6.1749399061930035,-0.060420871858578744,0.6048012399489477,3.7049639437158017,0.025,0.0,-0.03,0.0,1.0,0.0,0.01
2,0.0666660510867413,78,0.08845230421786934,0.0,-0.023132068402554044,0.0068679315974459546,0.0031320684025540457,6.264136805108091,-0.0603438111563876,0.6074609455150806,3.7584820830648544,0.025,0.0,-0.03,0.0,1.0,0.0,0.01
2,0.0666660510867413,79,0.0896881950300574,0.0,-0.02317638362299065,0.0068236163770093484,0.0031763836229906518,6.352767245981304,-0.06035886862829428,0.6063884494549303,3.811660347588782,0.025,0.0,-0.03,0.0,1.0,0.0,0.01
2,0.0666660510867413,80,0.09093770834827887,0.0,-0.023218245641089204,0.006781754358910794,0.003218245641089206,6.4364912821784115,-0.060666357520621376,0.6064485926362195,3.861894769307047,0.025,0.0,-0.03,0.0,1.0,0.0,0.01
3,0.09999907663011195,0,0.0,0.0,-0.02,0.009999999999999998,1.734723475976807e-18,3.469446951953614e-15,0.0,0.0,2.0816681711721685e-15,0.025,0.0,-0.03,0.0,1.0,0.0,0.01
3,0.09999907663011195,1,0.0012445505330607933,0.0,-0.020002851260762795,0.009997148739237204,2.8512607627966674e-06,0.005702521525593335,-0.00011300421017378424,0.0014736639765229763,0.003421512915356001,0.025,0.0,-0.03,0.0,1.0,0.0,0.01
3,0.09999907663011195,40,0.0372105253837837,0.0,-0.02071064388997466,0.009289356110025338,0.0007106438899746621,1.4212877799493242,-0.0006033348570280132,0.01550703635520773,0.8527726679695945,0.025,0.0,-0.03,0.0,1.0,0.0,0.01
3,0.09999907663011195,41,0.03724729431206022,0.0,-0.021954408526461737,0.008045591473538262,0.0019544085264617383,3.9088170529234767,-0.003989940892560672,0.014040244525763487,2.345290231754086,0.025,0.0,-0.03,0.0,1.0,0.0,0.01
3,0.09999907663011195,42,0.0372907350968299,0.0,-0.02319787661523641,0.006802123384763589,0.003197876615236411,6.395753230472822,-0.0012054607639078417,0.01216881856133565,3.837451938283693,0.025,0.0,-0.03,0.0,1.0,0.0,0.01
3,0.09999907663011195,43,0.03734425213368082,0.0,-0.02444096287867494,0.00555903712132506,0.00444096287867494,8.88192575734988,-0.003533564263394094,0.009096155939043539,5.3291554544099276,0.025,0.0,-0.03,0.0,1.0,0.0,0.01
3,0.09999907663011195,44,0.03741067108552696,0.0,-0.025683398026898757,0.004316601973101242,0.0056833980268987585,11.366796053797517,-0.0003219362464426067,0.005727331621855733,6.82007763227851,0.025,0.0,-0.03,0.0,1.0,0.0,0.01
3,0.09999907663011195,45,0.037490255519006324,0.0,-0.026925275794668864,0.003074724205331135,0.006925275794668865,13.85055158933773,-0.003768063569617511,0.0009417456371739742,8.310330953602637,0.025,0.0,-0.03,0.0,1.0,0.0,0.01
3,0.09999907663011195,46,0.03758382022968384,0.0,-0.028166421508844353,0.0018335784911556463,0.008166421508844354,16.332843017688706,0.0009252593138592682,0.004599066530261646,9.799705810613224,0.025,0.0,-0.03,0.0,1.0,0.0,0.01
3,0.09999907663011195,47,0.037694691368666364,0.0,-0.029419866096051097,0.0005801339039489019,0.009419866096051098,18.839732192102197,-0.003533849224539696,0.009577977937934743,11.303839315261317,0.025,0.0,-0.03,0.0,1.0,0.0,0.01
3,0.09999907663011195,48,0.038624295198396184,0.0,-0.028604170972170714,0.0013958290278292852,0.008604170972170715,17.20834194434143,0.008845231212319725,0.009586699170218042,10.325005166604859,0.025,0.0,-0.03,0.0,1.0,0.0,0.01
3,0.09999907663011195,49,0.03953507203333329,0.0,-0.02776754194151019,0.00223245805848981,0.00776754194151019,15.53508388302038,0.005730031038512146,0.005708342271697434,9.321050329812229,0.025,0.0,-0.03,0.0,1.0,0.0,0.01
3,0.09999907663011195,50,0.040426008963954256,0.0,-0.026909792548058472,0.003090207451941527,0.006909792548058473,13.819585096116947,0.024387137665309064,0.0012021451711700783,8.291751057670169,0.025,0.0,-0.03,0.0,1.0,0.0,0.01
3,0.09999907663011195,51,0.04129616089642448,0.0,-0.02603095859945026,0.003969041400549739,0.0060309585994502615,12.061917198900522,0.01531274566576309,0.020473790181974837,7.237150319340313,0.025,0.0,-0.03,0.0,1.0,0.0,0.01
3,0.09999907663011195,52,0.042144714883769016,0.0,-0.025131221313879622,0.0048687786861203765,0.005131221313879624,10.262442627759247,0.03972360248719745,0.01064399856733453,6.157465576655548,0.025,0.0,-0.03,0.0,1.0,0.0,0.01
3,0.09999907663011195,53,0.04297096335413939,0.0,-0.024210926876884503,0.005789073123115496,0.0042109268768845045,8.421853753769009,0.02706240981663098,0.03605140492315366,5.053112252261405,0.025,0.0,-0.03,0.0,1.0,0.0,0.01
3,0.09999907663011195,54,0.04377433738210883,0.0,-0.023270537908967815,0.006729462091032184,0.0032705379089678164,6.541075817935633,0.0548245408639251,0.026851783268444642,3.92464549076138,0.025,0.0,-0.03,0.0,1.0,0.0,0.01
3,0.09999907663011195,55,0.04455437151176231,0.0,-0.022310662064984964,0.007689337935015035,0.002310662064984965,4.62132412996993,0.041924331141448445,0.05321829828135354,2.772794477981958,0.025,0.0,-0.03,0.0,1.0,0.0,0.01
3,0.09999907663011195,56,0.04531076525671089,0.0,-0.021331964019312713,0.008668035980687286,0.0013319640193127143,2.6639280386254285,0.06943601883406464,0.048266508352039404,1.598356823175257,0.025,0.0,-0.03,0.0,1.0,0.0,0.01
3,0.09999907663011195,57,0.04604331268817232,0.0,-0.02033523606741885,0.009664763932581148,0.00033523606741885266,0.6704721348377053,0.06028879295742333,0.07296710016412693,0.40228328090262316,0.025,0.0,-0.03,0.0,1.0,0.0,0.01
4,0.1333321021734826,0,0.0,0.0,-0.02,0.009999999999999998,1.734723475976807e-18,3.469446951953614e-15,0.0,0.0,2.0816681711721685e-15,0.025,0.0,-0.03,0.0,1.0,0.0,0.01
4,0.1333321021734826,1,0.0012430422399035848,0.0,-0.020004576907490145,0.009995423092509854,4.576907490146456e-06,0.009153814980292913,-2.3196577013527673e-05,0.0006322021309622748,0.0054922889881757475,0.025,0.0,-0.03,0.0,1.0,0.0,0.01
4,0.1333321021734826,40,0.03699709309565583,0.0,-0.020736882158500287,0.009263117841499711,0.0007368821585002888,1.4737643170005774,-0.0018540806945788531,0.0018964350489727323,0.8842585902003465,0.025,0.0,-0.03,0.0,1.0,0.0,0.01
4,0.1333321021734826,41,0.03705319377588211,0.0,-0.021980151787998746,0.008019848212001253,0.0019801517879987473,3.9603035759974947,0.0014254085168626583,0.0019181891609355065,2.376182145598497,0.025,0.0,-0.03,0.0,1.0,0.0,0.01
4,0.1333321021734826,42,0.037126017332946064,0.0,-0.023222541730402328,0.006777458269597671,0.0032225417304023295,6.445083460804659,-0.0004406013572171777,0.0015003590639382468,3.867050076482795,0.025,0.0,-0.03,0.0,1.0,0.0,0.01
4,0.1333321021734826,43,0.03721963845632696,0.0,-0.02446338923543529,0.0055366107645647075,0.004463389235435293,8.926778470870586,0.00021694224155947807,0.0011593788632816297,5.356067082522351,0.025,0.0,-0.03,0.0,1.0,0.0,0.01
4,0.1333321021734826,44,0.03733700385853459,0.0,-0.025702181386361385,0.004297818613638614,0.005702181386361386,11.404362772722772,-5.077220474398223e-05,0.0006432399813881493,6.842617663633663,0.025,0.0,-0.03,0.0,1.0,0.0,0.01
4,0.1333321021734826,45,0.037479257786317464,0.0,-0.026938346437872164,0.003061653562127835,0.006938346437872165,13.87669287574433,0.0008813929610707104,0.0002203061791997334,8.326015725446599,0.025,0.0,-0.03,0.0,1.0,0.0,0.01
4,0.1333321021734826,46,0.03764936631433472,0.0,-0.02817089737664463,0.00182910262335537,0.00817089737664463,16.34179475328926,-0.00047091409890052076,0.0007107043601542508,9.805076851973556,0.025,0.0,-0.03,0.0,1.0,0.0,0.01
4,0.1333321021734826,47,0.037848534582296485,0.0,-0.029415904347790185,0.0005840956522098137,0.009415904347790187,18.831808695580374,0.0017948842179676865,0.0019040955415403139,11.299085217348225,0.025,0.0,-0.03,0.0,1.0,0.0,0.01
4,0.1333321021734826,48,0.038668944099734176,0.0,-0.028490091944098263,0.0015099080559017354,0.008490091944098265,16.980183888196528,0.0010879900152978694,0.0021095426808250576,10.188110332917917,0.025,0.0,-0.03,0.0,1.0,0.0,0.01
4,0.1333321021734826,49,0.039466492482863186,0.0,-0.027544650781884686,0.002455349218115313,0.007544650781884687,15.089301563769375,0.006711052700324063,0.0016577671315887337,9.053580938261625,0.025,0.0,-0.03,0.0,1.0,0.0,0.01
4,0.1333321021734826,50,0.040239190814207036,0.0,-0.026578787024458168,0.003421212975541831,0.006578787024458169,13.157574048916338,0.0039035882207487304,0.007844952910944435,7.894544429349803,0.025,0.0,-0.03,0.0,1.0,0.0,0.01
4,0.1333321021734826,51,0.04098499040521181,0.0,-0.02559218810694113,0.0044078118930588675,0.005592188106941133,11.184376213882265,0.011939200229870417,0.005872133435186665,6.710625728329359,0.025,0.0,-0.03,0.0,1.0,0.0,0.01
4,0.1333321021734826,52,0.041702186165211604,0.0,-0.024584536911044466,0.005415463088955533,0.0045845369110444675,9.169073822088935,0.006268038070079285,0.01372055026090225,5.5014442932533605,0.025,0.0,-0.03,0.0,1.0,0.0,0.01
4,0.1333321021734826,53,0.042389000766766674,0.0,-0.023556109821109082,0.006443890178890917,0.0035561098211090835,7.112219642218167,0.016982143419460766,0.010501078608424448,4.2673317853309,0.025,0.0,-0.03,0.0,1.0,0.0,0.01
4,0.1333321021734826,54,0.04304408200934093,0.0,-0.022507097801553615,0.0074929021984463835,0.0025070978015536167,5.0141956031072334,0.00837927180054266,0.019577014718543208,3.00851736186434,0.025,0.0,-0.03,0.0,1.0,0.0,0.01
4,0.1333321021734826,55,0.043666085968964596,0.0,-0.021438256395017483,0.008561743604982516,0.0014382563950174846,2.8765127900349694,0.02148584431178677,0.015685512105611473,1.7259076740209816,0.025,0.0,-0.03,0.0,1.0,0.0,0.01
4,0.1333321021734826,56,0.04425409405860475,0.0,-0.020350263899633726,0.009649736100366273,0.00035026389963372685,0.7005277992674537,0.01060459845512838,0.02519005363235265,0.4203166795604722,0.025,0.0,-0.03,0.0,1.0,0.0,0.01
5,0.16666512771685324,0,0.0,0.0,-0.02,0.009999999999999998,1.734723475976807e-18,3.469446951953614e-15,0.0,0.0,2.0816681711721685e-15,0.025,0.0,-0.03,0.0,1.0,0.0,0.01
5,0.16666512771685324,1,0.0012427746101494896,0.0,-0.02000492666789529,0.009995073332104708,4.926667895291739e-06,0.009853335790583478,-3.028578431071844e-05,0.0012928100892196498,0.005912001474350087,0.025,0.0,-0.03,0.0,1.0,0.0,0.01
5,0.16666512771685324,40,0.03695192317265089,0.0,-0.0207234404043307,0.009276559595669299,0.0007234404043307014,1.446880808661403,-0.0010433093542965117,0.0009944275156053809,0.8681284851968417,0.025,0.0,-0.03,0.0,1.0,0.0,0.01
5,0.16666512771685324,41,0.03701207562083616,0.0,-0.021966579948596153,0.008033420051403846,0.0019665799485961543,3.9331598971923087,0.0016995846223199188,0.001086445266721755,2.3598959383153852,0.025,0.0,-0.03,0.0,1.0,0.0,0.01
5,0.16666512771685324,42,0.03709090646443197,0.0,-0.023208640605847777,0.0067913593941522216,0.0032086406058477786,6.417281211695557,2.961804627815237e-05,0.0008162395297464458,3.850368727017334,0.025,0.0,-0.03,0.0,1.0,0.0,0.01
5,0.16666512771685324,43,0.037192647138799106,0.0,-0.024448862724948194,0.005551137275051805,0.004448862724948195,8.89772544989639,0.0005823949820323477,0.0006590189384807568,5.338635269937834,0.025,0.0,-0.03,0.0,1.0,0.0,0.01
5,0.16666512771685324,44,0.03732031310157891,0.0,-0.025686646963244828,0.004313353036755171,0.0056866469632448294,11.373293926489659,0.0005988807900924205,0.00042921230378679785,6.823976355893795,0.025,0.0,-0.03,0.0,1.0,0.0,0.01
5,0.16666512771685324,45,0.03747526351155416,0.0,-0.026921214691782016,0.003078785308217983,0.006921214691782017,13.842429383564035,0.0007639658713701471,0.00013979734885001007,8.30545763013842,0.025,0.0,-0.03,0.0,1.0,0.0,0.01
5,0.16666512771685324,46,0.03766085533853986,0.0,-0.02815141852158796,0.0018485814784120376,0.008151418521587963,16.302837043175924,0.0005609732932504052,0.00020535158124709816,9.781702225905553,0.025,0.0,-0.03,0.0,1.0,0.0,0.01
5,0.16666512771685324,47,0.03787813095882856,0.0,-0.029393703310508085,0.0006062966894919142,0.009393703310508086,18.78740662101617,0.0009749100295430751,0.00046244373266451303,11.272443972609702,0.025,0.0,-0.03,0.0,1.0,0.0,0.01
5,0.16666512771685324,48,0.03862362205495097,0.0,-0.02840669846600257,0.001593301533997428,0.008406698466002572,16.813396932005144,0.002778967677215027,0.0013416273956342252,10.088038159203085,0.025,0.0,-0.03,0.0,1.0,0.0,0.01
5,0.16666512771685324,49,0.03934442657890628,0.0,-0.027401551544033047,0.0025984484559669514,0.007401551544033049,14.803103088066097,0.0034437781514833916,0.004312084387125321,8.881861852839657,0.025,0.0,-0.03,0.0,1.0,0.0,0.01
5,0.16666512771685324,50,0.04003861434255164,0.0,-0.026377961981456362,0.0036220380185436364,0.006377961981456364,12.755923962912728,0.006632454033029093,0.0055719283884149715,7.6535543777476365,0.025,0.0,-0.03,0.0,1.0,0.0,0.01
5,0.16666512771685324,51,0.04070449774683597,0.0,-0.02533572226495611,0.004664277735043888,0.005335722264956112,10.671444529912224,0.005993108995671607,0.009265597105102063,6.402866717947334,0.025,0.0,-0.03,0.0,1.0,0.0,0.01
5,0.16666512771685324,52,0.04134043169334533,0.0,-0.02427506777619451,0.00572493222380549,0.00427506777619451,8.55013555238902,0.009937103594098964,0.010163908921023115,5.130081331433412,0.025,0.0,-0.03,0.0,1.0,0.0,0.01
5,0.16666512771685324,53,0.04194511224819256,0.0,-0.023196225374313758,0.006803774625686241,0.0031962253743137593,6.392450748627518,0.008557665942355904,0.014069131918455843,3.835470449176511,0.025,0.0,-0.03,0.0,1.0,0.0,0.01
5,0.16666512771685324,54,0.04251729508711177,0.0,-0.022099923439414797,0.007900076560585202,0.002099923439414798,4.199846878829596,0.012570565563627565,0.015032436034342237,2.5199081272977573,0.025,0.0,-0.03,0.0,1.0,0.0,0.01
5,0.16666512771685324,55,0.04305615790973297,0.0,-0.020986753007455408,0.00901324699254459,0.0009867530074554095,1.973506014910819,0.011054357657328876,0.018718944473925303,1.1841036089464914,0.025,0.0,-0.03,0.0,1.0,0.0,0.01
6,0.1999981532602239,0,0.0,0.0,-0.02,0.009999999999999998,1.734723475976807e-18,3.469446951953614e-15,0.0,0.0,2.0816681711721685e-15,0.025,0.0,-0.03,0.0,1.0,0.0,0.01
6,0.1999981532602239,1,0.0012425673827053322,0.0,-0.02000517866368098,0.009994821336319019,5.1786636809814796e-06,0.010357327361962959,1.0138226361801673e-05,0.0011120212366935007,0.0062143964171777755,0.025,0.0,-0.03,0.0,1.0,0.0,0.01
6,0.1999981532602239,40,0.0369163929870513,0.0,-0.020700084131329486,0.009299915868670513,0.0007000841313294873,1.4001682626589746,0.000989075023391453,0.0010644388522668298,0.8401009575953847,0.025,0.0,-0.03,0.0,1.0,0.0,0.01
6,0.1999981532602239,41,0.03697955519673509,0.0,-0.02194311497104689,0.00805688502895311,0.0019431149710468897,3.8862299420937796,0.0005474052379340561,0.0009400949345488621,2.3317379652562678,0.025,0.0,-0.03,0.0,1.0,0.0,0.01
6,0.1999981532602239,42,0.037062794147350635,0.0,-0.023184903545593376,0.006815096454406623,0.003184903545593377,6.369807091186754,0.0011795462834306835,0.0008712568420926657,3.821884254712052,0.025,0.0,-0.03,0.0,1.0,0.0,0.01
6,0.1999981532602239,43,0.03717046643059266,0.0,-0.024424645352307945,0.005575354647692054,0.004424645352307946,8.849290704615893,0.00044140749282595105,0.0006249797561704734,5.309574422769535,0.025,0.0,-0.03,0.0,1.0,0.0,0.01
6,0.1999981532602239,44,0.03730565178579893,0.0,-0.02566161479173892,0.004338385208261079,0.0056616147917389215,11.323229583477843,0.0011486720073933883,0.000492457341336066,6.793937750086706,0.025,0.0,-0.03,0.0,1.0,0.0,0.01
6,0.1999981532602239,45,0.037469883921122826,0.0,-0.026894939058387256,0.0031050609416127424,0.006894939058387258,13.789878116774515,0.0007506004432773062,0.0001340221696604538,8.27392687006471,0.025,0.0,-0.03,0.0,1.0,0.0,0.01
6,0.1999981532602239,46,0.0376667805943765,0.0,-0.02812328599915347,0.0018767140008465293,0.008123285999153471,16.24657199830694,0.0009646838870168507,6.679585154906144e-05,9.747943198984164,0.025,0.0,-0.03,0.0,1.0,0.0,0.01
6,0.1999981532602239,47,0.037897332180348915,0.0,-0.029363376308860836,0.0006366236911391626,0.009363376308860838,18.726752617721676,0.0011338801729520673,0.0005103143769780176,11.236051570633006,0.025,0.0,-0.03,0.0,1.0,0.0,0.01
6,0.1999981532602239,48,0.038568369809625566,0.0,-0.028324428498732405,0.001675571501267594,0.008324428498732406,16.64885699746481,0.0021670167725696228,0.0018836850554295687,9.989314198478887,0.025,0.0,-0.03,0.0,1.0,0.0,0.01
6,0.1999981532602239,49,0.0392131210891437,0.0,-0.027268985794996203,0.0027310142050037955,0.007268985794996205,14.53797158999241,0.004383208634512115,0.003679258621301322,8.722782953995445,0.025,0.0,-0.03,0.0,1.0,0.0,0.01
6,0.1999981532602239,50,0.039829959771407825,0.0,-0.026197071207491048,0.0038029287925089514,0.006197071207491049,12.394142414982097,0.004387315502567934,0.0067327662966753955,7.436485448989258,0.025,0.0,-0.03,0.0,1.0,0.0,0.01
6,0.1999981532602239,51,0.0404174917574671,0.0,-0.02510881735042062,0.004891182649579377,0.005108817350420623,10.217634700841247,0.007505947726137536,0.008089896145778465,6.130580820504748,0.025,0.0,-0.03,0.0,1.0,0.0,0.01
6,0.1999981532602239,52,0.040974464340219875,0.0,-0.024004665870776928,0.005995334129223071,0.004004665870776929,8.009331741553858,0.006283888560123812,0.011635319102045691,4.805599044932315,0.025,0.0,-0.03,0.0,1.0,0.0,0.01
6,0.1999981532602239,53,0.04149989781136752,0.0,-0.022885146652862755,0.007114853347137243,0.002885146652862757,5.770293305725514,0.010334964652338687,0.01262303554238165,3.462175983435308,0.025,0.0,-0.03,0.0,1.0,0.0,0.01
6,0.1999981532602239,54,0.041993012240690346,0.0,-0.021751041107028045,0.008248958892971954,0.0017510411070280462,3.5020822140560925,0.007913392687190338,0.01645339452914178,2.1012493284336555,0.025,0.0,-0.03,0.0,1.0,0.0,0.01
6,0.1999981532602239,55,0.04245331991689439,0.0,-0.020603201606857597,0.009396798393142402,0.0006032016068575983,1.2064032137151965,0.012696022241814259,0.017231185245331862,0.7238419282291179,0.025,0.0,-0.03,0.0,1.0,0.0,0.01
7,0.23333117880359455,0,0.0,0.0,-0.02,0.009999999999999998,1.734723475976807e-18,3.469446951953614e-15,0.0,0.0,2.0816681711721685e-15,0.025,0.0,-0.03,0.0,1.0,0.0,0.01
7,0.23333117880359455,1,0.0012423810740593794,0.0,-0.020005409617450457,0.009994590382549542,5.40961745045844e-06,0.01081923490091688,6.239367075643018e-06,0.0009130022611015166,0.006491540940550128,0.025,0.0,-0.03,0.0,1.0,0.0,0.01
7,0.23333117880359455,40,0.036881592820077386,0.0,-0.020669308778648397,0.009330691221351602,0.0006693087786483979,1.3386175572967958,0.0021415127818881674,0.0011150952531159338,0.8031705343780774,0.025,0.0,-0.03,0.0,1.0,0.0,0.01
7,0.23333117880359455,41,0.036947616133860994,0.0,-0.021912263465726254,0.008087736534273745,0.0019122634657262553,3.8245269314525108,-2.6978522453563934e-05,0.0008635484855886746,2.2947161588715064,0.025,0.0,-0.03,0.0,1.0,0.0,0.01
7,0.23333117880359455,42,0.03703498223133484,0.0,-0.023153748689557614,0.006846251310442385,0.0031537486895576155,6.307497379115231,0.001998477792537404,0.0009323419552911316,3.7844984274691384,0.025,0.0,-0.03,0.0,1.0,0.0,0.01
7,0.23333117880359455,43,0.03714817413101659,0.0,-0.024393045201428803,0.005606954798571196,0.004393045201428804,8.786090402857608,0.00020456111757792572,0.000560860605278182,5.271654241714565,0.025,0.0,-0.03,0.0,1.0,0.0,0.01
7,0.23333117880359455,44,0.03729032997023043,0.0,-0.02562918878591078,0.004370811214089217,0.005629188785910783,11.258377571821566,0.001911002819402613,0.0006003287525938694,6.7550265430929395,0.025,0.0,-0.03,0.0,1.0,0.0,0.01
7,0.23333117880359455,45,0.03746315792527376,0.0,-0.02686132477130165,0.003138675228698349,0.006861324771301651,13.722649542603303,0.00026478986652368015,9.421816439827388e-05,8.233589725561982,0.025,0.0,-0.03,0.0,1.0,0.0,0.01
7,0.23333117880359455,46,0.037670463144369344,0.0,-0.0280878370735684,0.0019121629264316,0.0080878370735684,16.1756741471368,0.002046002221486852,3.417439395682338e-05,9.70540448828208,0.025,0.0,-0.03,0.0,1.0,0.0,0.01
7,0.23333117880359455,47,0.037913208445405015,0.0,-0.029325798520143068,0.0006742014798569312,0.009325798520143069,18.651597040286138,0.0003297294503701331,0.00037344273594191844,11.190958224171682,0.025,0.0,-0.03,0.0,1.0,0.0,0.01
7,0.23333117880359455,48,0.03851035940359272,0.0,-0.028242738690217737,0.0017572613097822619,0.008242738690217738,16.485477380435476,0.0035754022150482822,0.0012068105052201754,9.891286428261285,0.025,0.0,-0.03,0.0,1.0,0.0,0.01
7,0.23333117880359455,49,0.03907980223371514,0.0,-0.02714494652417882,0.0028550534758211774,0.007144946524178823,14.289893048357646,0.0020921435374070844,0.00473712040493654,8.573935829014587,0.025,0.0,-0.03,0.0,1.0,0.0,0.01
7,0.23333117880359455,50,0.039620309241003286,0.0,-0.026032589500729692,0.003967410499270307,0.0060325895007296935,12.065179001459388,0.006528959970681377,0.005406516494597964,7.239107400875632,0.025,0.0,-0.03,0.0,1.0,0.0,0.01
7,0.23333117880359455,51,0.04013076496479755,0.0,-0.02490620743118846,0.005093792568811539,0.004906207431188461,9.812414862376922,0.0035986830006030264,0.009460901211158472,5.887448917426153,0.025,0.0,-0.03,0.0,1.0,0.0,0.01
7,0.23333117880359455,52,0.04061037329163126,0.0,-0.023766291702286297,0.006233708297713702,0.0037662917022862983,7.532583404572597,0.009033696391763773,0.009875952655596891,4.519550042743558,0.025,0.0,-0.03,0.0,1.0,0.0,0.01
7,0.23333117880359455,53,0.04105848606226368,0.0,-0.022613684338921327,0.007386315661078672,0.0026136843389213283,5.227368677842657,0.005074427454805339,0.014036234581250718,3.136421206705594,0.025,0.0,-0.03,0.0,1.0,0.0,0.01
7,0.23333117880359455,54,0.041474790236643286,0.0,-0.021449146669140502,0.008550853330859497,0.0014491466691405035,2.898293338281007,0.010934229318024895,0.014481757887617954,1.738976002968604,0.025,0.0,-0.03,0.0,1.0,0.0,0.01
7,0.23333117880359455,55,0.0418591743788689,0.0,-0.020273695891480436,0.009726304108519563,0.00027369589148043723,0.5473917829608744,0.006596440735588954,0.018387757881068504,0.32843506977652465,0.025,0.0,-0.03,0.0,1.0,0.0,0.01
8,0.2666642043469652,0,0.0,0.0,-0.02,0.009999999999999998,1.734723475976807e-18,3.469446951953614e-15,0.0,0.0,2.0816681711721685e-15,0.025,0.0,-0.03,0.0,1.0,0.0,0.01
8,0.2666642043469652,1,0.0012421994103316084,0.0,-0.0200056228964123,0.0099943771035877,5.622896412300557e-06,0.011245792824601114,-2.68582293408667e-05,0.0011369454558025841,0.0067474756947606684,0.025,0.0,-0.03,0.0,1.0,0.0,0.01
8,0.2666642043469652,40,0.0368472710026165,0.0,-0.0206319807549556,0.0093680192450444,0.0006319807549556005,1.263961509911201,0.0011335520172092337,0.0010179500244807261,0.7583769059467206,0.025,0.0,-0.03,0.0,1.0,0.0,0.01
8,0.2666642043469652,41,0.036916019794399665,0.0,-0.021874782977423225,0.008125217022576774,0.0018747829774232259,3.7495659548464517,0.0012190743574176854,0.0009414889830266048,2.249739572907871,0.025,0.0,-0.03,0.0,1.0,0.0,0.01
8,0.2666642043469652,42,0.0370072816449356,0.0,-0.02311604105034506,0.0068839589496549405,0.0031160410503450597,6.2320821006901195,0.0013046254376392194,0.0008394482977980297,3.7392492604140717,0.025,0.0,-0.03,0.0,1.0,0.0,0.01
8,0.2666642043469652,43,0.03712562802460322,0.0,-0.02435482719393426,0.005645172806065739,0.004354827193934261,8.709654387868524,0.0010634691026154663,0.0006620611147096192,5.225792632721114,0.025,0.0,-0.03,0.0,1.0,0.0,0.01
8,0.2666642043469652,44,0.03727429476153999,0.0,-0.02559023120945756,0.0044097687905424385,0.005590231209457562,11.180462418915123,0.0014576399167836932,0.0005258702554233495,6.7082774513490735,0.025,0.0,-0.03,0.0,1.0,0.0,0.01
8,0.2666642043469652,45,0.037455109773445794,0.0,-0.02682113994747495,0.003178860052525049,0.006821139947474951,13.642279894949903,0.0010852197580958343,0.0001918387785053328,8.185367936969941,0.025,0.0,-0.03,0.0,1.0,0.0,0.01
8,0.2666642043469652,46,0.03767206611954431,0.0,-0.02804593627020201,0.0019540637297979883,0.008045936270202012,16.091872540404022,0.0015648442573560626,8.345550050876474e-05,9.655123524242413,0.025,0.0,-0.03,0.0,1.0,0.0,0.01
8,0.2666642043469652,47,0.037926065488378936,0.0,-0.02928174656126671,0.0007182534387332878,0.009281746561266712,18.563493122533426,0.001125799141598676,0.00020555900644796964,11.138095873520056,0.025,0.0,-0.03,0.0,1.0,0.0,0.01
8,0.2666642043469652,48,0.03845116125023474,0.0,-0.02816207912412297,0.0018379208758770305,0.00816207912412297,16.32415824824594,0.0028112807990760855,0.0016040940269954405,9.794494948947564,0.025,0.0,-0.03,0.0,1.0,0.0,0.01
8,0.2666642043469652,49,0.03894739031890633,0.0,-0.027029292148993418,0.0029707078510065807,0.0070292921489934195,14.058584297986839,0.002842364137173952,0.00414741191037272,8.435150578792102,0.025,0.0,-0.03,0.0,1.0,0.0,0.01
8,0.2666642043469652,50,0.039413795499807204,0.0,-0.02588398006638853,0.004116019933611468,0.005883980066388532,11.767960132777064,0.004809100452041467,0.00589274034346242,7.060776079666239,0.025,0.0,-0.03,0.0,1.0,0.0,0.01
8,0.2666642043469652,51,0.03984973144612899,0.0,-0.02472665603517347,0.0052733439648265275,0.004726656035173473,9.453312070346945,0.0044471930559352325,0.008526450520360043,5.671987242208167,0.025,0.0,-0.03,0.0,1.0,0.0,0.01
8,0.2666642043469652,52,0.04025469558185991,0.0,-0.02355820248486666,0.006441797515133338,0.0035582024848666623,7.116404969733325,0.006432000447866408,0.01028727088040585,4.269842981839995,0.025,0.0,-0.03,0.0,1.0,0.0,0.01
8,0.2666642043469652,53,0.040628533728521335,0.0,-0.02237932791962677,0.007620672080373227,0.002379327919626773,4.758655839253546,0.005922846225343532,0.012849604049663881,2.8551935035521274,0.025,0.0,-0.03,0.0,1.0,0.0,0.01
8,0.2666642043469652,54,0.040971261867417695,0.0,-0.021191076673746354,0.008808923326253645,0.0011910766737463548,2.3821533474927095,0.007658685555189994,0.01466835246959971,1.4292920084956255,0.025,0.0,-0.03,0.0,1.0,0.0,0.01
9,0.29999722989033584,0,0.0,0.0,-0.02,0.009999999999999998,1.734723475976807e-18,3.469446951953614e-15,0.0,0.0,2.0816681711721685e-15,0.025,0.0,-0.03,0.0,1.0,0.0,0.01
9,0.29999722989033584,1,0.0012420207269343286,0.0,-0.020005819323602153,0.009994180676397846,5.819323602154411e-06,0.011638647204308822,-2.4274113617795394e-05,0.0011639810903906408,0.006983188322585293,0.025,0.0,-0.03,0.0,1.0,0.0,0.01
9,0.29999722989033584,40,0.036813427387801384,0.0,-0.02058876382757215,0.00941123617242785,0.0005887638275721505,1.177527655144301,0.0011451367497393378,0.0009907233105999023,0.7065165930865805,0.025,0.0,-0.03,0.0,1.0,0.0,0.01
9,0.29999722989033584,41,0.03688477006427695,0.0,-0.021831446805021453,0.008168553194978546,0.0018314468050214545,3.662893610042909,0.001649637445204741,0.0009573536563207816,2.1977361660257455,0.025,0.0,-0.03,0.0,1.0,0.0,0.01
9,0.29999722989033584,42,0.03697968626800399,0.0,-0.023072442874881794,0.006927557125118205,0.0030724428748817954,6.144885749763591,0.0010913053441511569,0.0007918456505346715,3.6869314498581547,0.025,0.0,-0.03,0.0,1.0,0.0,0.01
9,0.29999722989033584,43,0.037102842387536625,0.0,-0.024310774440146305,0.005689225559853694,0.004310774440146306,8.621548880292613,0.0017265235888334761,0.0007384134925558998,5.1729293281755675,0.025,0.0,-0.03,0.0,1.0,0.0,0.01
9,0.29999722989033584,44,0.03725755562700465,0.0,-0.025545416118619706,0.004454583881380293,0.005545416118619707,11.090832237239415,0.0010561134082991948,0.00045128167538309916,6.654499342343649,0.025,0.0,-0.03,0.0,1.0,0.0,0.01
9,0.29999722989033584,45,0.037445785110663946,0.0,-0.02677518012355057,0.0032248198764494272,0.006775180123550573,13.550360247101146,0.001878318049094614,0.00037059366115087624,8.130216148260688,0.025,0.0,-0.03,0.0,1.0,0.0,0.01
9,0.29999722989033584,46,0.03767164439971514,0.0,-0.027998283801708664,0.0020017161982913353,0.007998283801708665,15.99656760341733,0.0010250124194989283,2.796309539265452e-07,9.597940562050397,0.025,0.0,-0.03,0.0,1.0,0.0,0.01
9,0.29999722989033584,47,0.037935994822416046,0.0,-0.02923205100744312,0.0007679489925568779,0.009232051007443122,18.464102014886244,0.002109472783942002,0.000277015178453388,11.078461208931746,0.025,0.0,-0.03,0.0,1.0,0.0,0.01
9,0.29999722989033584,48,0.03839185974877883,0.0,-0.028082477015240807,0.0019175229847591922,0.008082477015240808,16.164954030481617,0.0016365150697609273,0.0020313371115546213,9.69897241828897,0.025,0.0,-0.03,0.0,1.0,0.0,0.01
9,0.29999722989033584,49,0.03881783914045005,0.0,-0.02692148441164823,0.0030785155883517705,0.00692148441164823,13.84296882329646,0.004078447731253012,0.0034970166702891306,8.305781293977875,0.025,0.0,-0.03,0.0,1.0,0.0,0.01
9,0.29999722989033584,50,0.03921336523800699,0.0,-0.025749783958276845,0.004250216041723154,0.005749783958276846,11.499567916553692,0.002695242239502299,0.006264772109905235,6.899740749932215,0.025,0.0,-0.03,0.0,1.0,0.0,0.01
9,0.29999722989033584,51,0.039578133969867584,0.0,-0.024568117513439718,0.005431882486560281,0.00456811751343972,9.136235026879438,0.005724564123597775,0.007605863274624977,5.481741016127663,0.025,0.0,-0.03,0.0,1.0,0.0,0.01
9,0.29999722989033584,52,0.03991207247399037,0.0,-0.023377363484988745,0.006622636515011254,0.0033773634849887466,6.754726969977494,0.003724763112662388,0.01040730196996904,4.052836181986496,0.025,0.0,-0.03,0.0,1.0,0.0,0.01
9,0.29999722989033584,53,0.04021538033372683,0.0,-0.022178401054910327,0.007821598945089672,0.002178401054910328,4.356802109820656,0.006900934389074101,0.011777435483161545,2.6140812658923935,0.025,0.0,-0.03,0.0,1.0,0.0,0.01
9,0.29999722989033584,54,0.04048850620478421,0.0,-0.020972171405566876,0.009027828594433122,0.0009721714055668778,1.9443428111337555,0.004756643730604971,0.01440880666059715,1.1666056866802532,0.025,0.0,-0.03,0.0,1.0,0.0,0.01
10,0.3333302554337065,0,0.0,0.0,-0.02,0.009999999999999998,1.734723475976807e-18,3.469446951953614e-15,0.0,0.0,2.0816681711721685e-15,0.025,0.0,-0.03,0.0,1.0,0.0,0.01
10,0.3333302554337065,1,0.0012418764554627953,0.0,-0.020005999304344695,0.009994000695655304,5.9993043446966016e-06,0.011998608689393203,5.341071116991925e-06,0.0005909379497588949,0.007199165213635922,0.025,0.0,-0.03,0.0,1.0,0.0,0.01
10,0.3333302554337065,40,0.036780048260635315,0.0,-0.020540337704754788,0.00945966229524521,0.0005403377047547894,1.0806754095095787,0.0014382904870141838,0.0009877896659252576,0.6484052457057472,0.025,0.0,-0.03,0.0,1.0,0.0,0.01
10,0.3333302554337065,41,0.03685384999700079,0.0,-0.02178291368203242,0.008217086317967578,0.0017829136820324224,3.565827364064845,0.001665184249352394,0.0009362311518303592,2.139496418438907,0.025,0.0,-0.03,0.0,1.0,0.0,0.01
10,0.3333302554337065,42,0.03695218723474355,0.0,-0.023023648316432447,0.006976351683567552,0.0030236483164324483,6.047296632864897,0.0013465830997399114,0.0008011267788642849,3.628377979718938,0.025,0.0,-0.03,0.0,1.0,0.0,0.01
10,0.3333302554337065,43,0.03707981442012395,0.0,-0.024261539875441888,0.005738460124558111,0.004261539875441889,8.523079750883777,0.0017875007418812043,0.0007326321738952165,5.1138478505302665,0.025,0.0,-0.03,0.0,1.0,0.0,0.01
10,0.3333302554337065,44,0.03724013442401856,0.0,-0.025495450564573148,0.004504549435426851,0.005495450564573149,10.990901129146298,0.0013666499317764257,0.0004982988907906469,6.594540677487779,0.025,0.0,-0.03,0.0,1.0,0.0,0.01
10,0.3333302554337065,45,0.03743522178401877,0.0,-0.026724111631980695,0.0032758883680193036,0.006724111631980697,13.448223263961394,0.0017737694850419028,0.0003598579633526213,8.068933958376835,0.025,0.0,-0.03,0.0,1.0,0.0,0.01
10,0.3333302554337065,46,0.03766927831274063,0.0,-0.02794560237433936,0.0020543976256606374,0.007945602374339363,15.891204748678726,0.0015030437776197179,0.00010045706902502343,9.534722849207235,0.025,0.0,-0.03,0.0,1.0,0.0,0.01
10,0.3333302554337065,47,0.03794312473198808,0.0,-0.029177404136224917,0.0008225958637750816,0.009177404136224919,18.354808272449837,0.0018182255206173478,0.00016272616728259134,11.012884963469903,0.025,0.0,-0.03,0.0,1.0,0.0,0.01
10,0.3333302554337065,48,0.03833320337103634,0.0,-0.028003884473639835,0.0019961155263601635,0.008003884473639837,16.007768947279672,0.0021189272950357225,0.0018109008294199187,9.604661368367802,0.025,0.0,-0.03,0.0,1.0,0.0,0.01
10,0.3333302554337065,49,0.038692556966722635,0.0,-0.026820570157553843,0.0031794298424461555,0.006820570157553845,13.64114031510769,0.0032832239031104398,0.0035839951287880032,8.184684189064614,0.025,0.0,-0.03,0.0,1.0,0.0,0.01
10,0.3333302554337065,50,0.03902097843113487,0.0,-0.025628308805507077,0.004371691194492922,0.005628308805507078,11.256617611014155,0.0030045468037572447,0.005759447216579776,6.753970566608493,0.025,0.0,-0.03,0.0,1.0,0.0,0.01
10,0.3333302554337065,51,0.039318537601851326,0.0,-0.024427921396811964,0.005572078603188035,0.004427921396811965,8.85584279362393,0.00453248629024237,0.007454133853300006,5.3135056761743575,0.025,0.0,-0.03,0.0,1.0,0.0,0.01
10,0.3333302554337065,52,0.03958553573899223,0.0,-0.02322036392361156,0.006779636076388439,0.003220363923611561,6.440727847223122,0.003722278348769758,0.009675064570134222,3.864436708333873,0.025,0.0,-0.03,0.0,1.0,0.0,0.01
10,0.3333302554337065,53,0.039822556868869846,0.0,-0.022006498219763426,0.007993501780236573,0.002006498219763427,4.012996439526853,0.005504021252887621,0.01131726770115129,2.407797863716112,0.025,0.0,-0.03,0.0,1.0,0.0,0.01
10,0.3333302554337065,54,0.04003041707106995,0.0,-0.020787278107368586,0.009212721892631413,0.0007872781073685869,1.5745562147371737,0.004302231572555693,0.013476975759940401,0.9447337288423041,0.025,0.0,-0.03,0.0,1.0,0.0,0.01
11,0.3666632809770771,0,0.0,0.0,-0.02,0.009999999999999998,1.734723475976807e-18,3.469446951953614e-15,0.0,0.0,2.0816681711721685e-15,0.025,0.0,-0.03,0.0,1.0,0.0,0.01
11,0.3666632809770771,1,0.001241142546629335,0.0,-0.02000655703401038,0.00999344296598962,6.5570340103803665e-06,0.013114068020760733,0.0020873349400310545,0.09485227812625918,0.00786844081245644,0.025,0.0,-0.03,0.0,1.0,0.0,0.01
11,0.3666632809770771,40,0.03670188256041389,0.0,-0.02060230543607581,0.00939769456392419,0.00060230543607581,1.20461087215162,0.04786266736702491,0.0123196571624797,0.722766523290972,0.025,0.0,-0.03,0.0,1.0,0.0,0.01
11,0.3666632809770771,41,0.036784188280630715,0.0,-0.02184523137267119,0.00815476862732881,0.00184523137267119,3.69046274534238,-0.03931873179679998,0.005080758631433765,2.214277647205428,0.025,0.0,-0.03,0.0,1.0,0.0,0.01
11,0.3666632809770771,42,0.036895060717658724,0.0,-0.02308231845795097,0.006917681542049029,0.003082318457950971,6.1646369159019425,0.04189902802343082,0.0208437358392723,3.6987821495411652,0.025,0.0,-0.03,0.0,1.0,0.0,0.01
11,0.3666632809770771,43,0.03704089963230228,0.0,-0.024321171919000566,0.005678828080999433,0.004321171919000567,8.642343838001134,0.12935496046804598,0.011625254084747141,5.18540630280068,0.025,0.0,-0.03,0.0,1.0,0.0,0.01
11,0.3666632809770771,44,0.03722454626820395,0.0,-0.025549775333812173,0.004450224666187826,0.005549775333812174,11.099550667624348,-0.19196954365613453,0.03903583026227284,6.659730400574609,0.025,0.0,-0.03,0.0,1.0,0.0,0.01
11,0.3666632809770771,45,0.03744864266044335,0.0,-0.026772800563045557,0.0032271994369544414,0.006772800563045559,13.545601126091118,0.24305428505484122,0.0668025523351092,8.12736067565467,0.025,0.0,-0.03,0.0,1.0,0.0,0.01
11,0.3666632809770771,46,0.03772125567297948,0.0,-0.02799015459282178,0.002009845407178218,0.007990154592821782,15.980309185643565,-0.18389208706690058,0.13601689174060197,9.588185511386138,0.025,0.0,-0.03,0.0,1.0,0.0,0.01
11,0.3666632809770771,47,0.0380343945000993,0.0,-0.02920458363226355,0.0007954163677364491,0.009204583632263551,18.409167264527103,0.10264539408197691,0.06409983784202877,11.04550035871626,0.025,0.0,-0.03,0.0,1.0,0.0,0.01
11,0.3666632809770771,48,0.03834973449816256,0.0,-0.0280080028675267,0.0019919971324732985,0.008008002867526702,16.016005735053405,-0.01962010765121608,0.00021006672219308096,9.609603441032043,0.025,0.0,-0.03,0.0,1.0,0.0,0.01
11,0.3666632809770771,49,0.03863403397880801,0.0,-0.026798867088777496,0.0032011329112225026,0.006798867088777498,13.597734177554996,-0.026346427825661767,0.005889308535745171,8.158640506532997,0.025,0.0,-0.03,0.0,1.0,0.0,0.01
11,0.3666632809770771,50,0.038886953106431324,0.0,-0.025583924981247938,0.004416075018752061,0.005583924981247939,11.167849962495879,0.18005125732488841,0.012548614108622205,6.700709977497527,0.025,0.0,-0.03,0.0,1.0,0.0,0.01
11,0.3666632809770771,51,0.039108874402604646,0.0,-0.02436596707660782,0.005634032923392179,0.004365967076607821,8.731934153215642,-0.032383118114374464,0.029834678930718644,5.239160491929385,0.025,0.0,-0.03,0.0,1.0,0.0,0.01
11,0.3666632809770771,52,0.03930190301911293,0.0,-0.023136223633393727,0.006863776366606272,0.0031362236333937286,6.272447266787458,0.07820105603212799,0.004951695912644438,3.7634683600724745,0.025,0.0,-0.03,0.0,1.0,0.0,0.01
11,0.3666632809770771,53,0.03946522853688317,0.0,-0.021909269968198558,0.00809073003180144,0.0019092699681985594,3.818539936397119,-0.026094462450698373,0.019020544310392313,2.291123961838271,0.025,0.0,-0.03,0.0,1.0,0.0,0.01
11,0.3666632809770771,54,0.03960136905155527,0.0,-0.020677527170279916,0.009322472829720083,0.0006775271702799176,1.3550543405598352,0.1355094347297847,0.035174616830626726,0.8130326043359011,0.025,0.0,-0.03,0.0,1.0,0.0,0.01
12,0.3999963065204478,0,0.0,0.0,-0.02,0.009999999999999998,1.734723475976807e-18,3.469446951953614e-15,0.0,0.0,2.0816681711721685e-15,0.025,0.0,-0.03,0.0,1.0,0.0,0.01
12,0.3999963065204478,1,0.0012399203565223661,0.0,-0.0200081055779458,0.009991894422054198,8.105577945801898e-06,0.016211155891603796,0.016361522657685958,0.3971651592069399,0.009726693534962277,0.025,0.0,-0.03,0.0,1.0,0.0,0.01
12,0.3999963065204478,41,0.03640512221459562,0.0,-0.021103692765336385,0.008896307234663614,0.0011036927653363861,2.2073855306727723,-0.3562898641036862,0.05305645448316595,1.3244313184036633,0.025,0.0,-0.03,0.0,1.0,0.0,0.01
12,0.3999963065204478,42,0.03655016459480158,0.0,-0.022343955940365198,0.007656044059634801,0.002343955940365199,4.687911880730398,0.3419747620272746,0.05344845423986333,2.8127471284382386,0.025,0.0,-0.03,0.0,1.0,0.0,0.01
12,0.3999963065204478,43,0.03673810981766563,0.0,-0.02356897212043051,0.006431027879569489,0.003568972120430511,7.137944240861023,-0.3987582823674267,0.08511516937452833,4.282766544516614,0.025,0.0,-0.03,0.0,1.0,0.0,0.01
12,0.3999963065204478,44,0.03697676375304374,0.0,-0.024795034269240002,0.0052049657307599966,0.004795034269240004,9.590068538480008,0.6082882649043703,0.12888489393573932,5.754041123088005,0.025,0.0,-0.03,0.0,1.0,0.0,0.01
12,0.3999963065204478,45,0.03726636662705615,0.0,-0.02599763285888084,0.004002367141119158,0.0059976328588808425,11.995265717761685,-0.7003582603665824,0.28089565196260785,7.197159430657011,0.025,0.0,-0.03,0.0,1.0,0.0,0.01
12,0.3999963065204478,46,0.03762233310503904,0.0,-0.027196101493489513,0.0028038985065104854,0.007196101493489515,14.39220298697903,1.0484682766565425,0.6964742135023577,8.635321792187417,0.025,0.0,-0.03,0.0,1.0,0.0,0.01
12,0.3999963065204478,47,0.03801679826819452,0.0,-0.028377898114698475,0.0016221018853015239,0.008377898114698476,16.755796229396953,-0.7285956131997123,0.06419817133663303,10.053477737638172,0.025,0.0,-0.03,0.0,1.0,0.0,0.01
12,0.3999963065204478,48,0.038249309688493334,0.0,-0.02716036047404578,0.002839639525954219,0.007160360474045781,14.320720948091562,0.3211411621104757,0.046561132432692026,8.592432568854937,0.025,0.0,-0.03,0.0,1.0,0.0,0.01
12,0.3999963065204478,49,0.03844893986553967,0.0,-0.025923964997292815,0.004076035002707184,0.005923964997292816,11.847929994585632,0.3172182544301789,0.12283157918102441,7.108757996751379,0.025,0.0,-0.03,0.0,1.0,0.0,0.01
12,0.3999963065204478,50,0.03861424985475761,0.0,-0.02469879125748497,0.00530120874251503,0.00469879125748497,9.39758251496994,-0.44002938539747105,0.0047926498275010386,5.638549508981964,0.025,0.0,-0.03,0.0,1.0,0.0,0.01
12,0.3999963065204478,51,0.03875039224556059,0.0,-0.02345426334070355,0.006545736659296447,0.003454263340703553,6.908526681407106,0.1454221619178694,0.0365259133595201,4.145116008844264,0.025,0.0,-0.03,0.0,1.0,0.0,0.01
12,0.3999963065204478,52,0.03885448683860867,0.0,-0.022212228400743637,0.007787771599256362,0.002212228400743638,4.424456801487276,0.16957324504128704,0.006316014022268249,2.6546740808923652,0.025,0.0,-0.03,0.0,1.0,0.0,0.01
12,0.3999963065204478,53,0.03892906858011254,0.0,-0.02097518673996102,0.00902481326003898,0.0009751867399610207,1.9503734799220414,-0.20961404240143225,0.013032027915042608,1.1702240879532249,0.025,0.0,-0.03,0.0,1.0,0.0,0.01
13,0.43332933206381846,0,0.0,0.0,-0.02,0.009999999999999998,1.734723475976807e-18,3.469446951953614e-15,0.0,0.0,2.0816681711721685e-15,0.025,0.0,-0.03,0.0,1.0,0.0,0.01
13,0.43332933206381846,1,0.0012373382072905352,0.0,-0.020009066335483338,0.009990933664516661,9.066335483339308e-06,0.018132670966678616,-0.004367561080976316,0.10547043443087778,0.01087960258000717,0.025,0.0,-0.03,0.0,1.0,0.0,0.01
13,0.43332933206381846,43,0.03532309335966609,0.0,-0.020326940530813613,0.009673059469186385,0.0003269405308136148,0.6538810616272296,-0.6965841763028775,0.14732865211388133,0.39232863697633774,0.025,0.0,-0.03,0.0,1.0,0.0,0.01
13,0.43332933206381846,44,0.03562007601359382,0.0,-0.02151611795739735,0.008483882042602649,0.0015161179573973515,3.032235914794703,1.240856730781707,0.42469079452375025,1.8193415488768219,0.025,0.0,-0.03,0.0,1.0,0.0,0.01
13,0.43332933206381846,45,0.035997468505136854,0.0,-0.02272775483257951,0.007272245167420487,0.002727754832579513,5.455509665159026,-1.3092520604799593,0.3948906949323649,3.2733057990954153,0.025,0.0,-0.03,0.0,1.0,0.0,0.01
13,0.43332933206381846,46,0.03642443587686963,0.0,-0.023857998347523935,0.006142001652476064,0.0038579983475239363,7.715996695047873,1.908491565121211,0.4376130183845537,4.629598017028724,0.025,0.0,-0.03,0.0,1.0,0.0,0.01
13,0.43332933206381846,47,0.036928442458801086,0.0,-0.025039787783616308,0.004960212216383691,0.005039787783616309,10.079575567232618,-0.9835961221097755,0.21155495413460018,6.047745340339571,0.025,0.0,-0.03,0.0,1.0,0.0,0.01
13,0.43332933206381846,48,0.03706463154668663,0.0,-0.023772871907105406,0.006227128092894593,0.003772871907105407,7.545743814210814,0.8732383906879845,0.023684078909510436,4.527446288526488,0.025,0.0,-0.03,0.0,1.0,0.0,0.01
13,0.43332933206381846,49,0.03716953623080786,0.0,-0.022547277150639245,0.007452722849360754,0.0025472771506392464,5.094554301278493,-0.2716480117021766,0.09577704806987221,3.056732580767096,0.025,0.0,-0.03,0.0,1.0,0.0,0.01
13,0.43332933206381846,50,0.03724496642069459,0.0,-0.021286647419923845,0.008713352580076154,0.0012866474199238458,2.5732948398476916,0.42802378531853086,0.060889998843478225,1.5439769039086149,0.025,0.0,-0.03,0.0,1.0,0.0,0.01
13,0.43332933206381846,51,0.03728756474756513,0.0,-0.02004602046111269,0.009953979538887308,4.6020461112692215e-05,0.09204092222538443,-0.1324135749347592,0.08185136436280699,0.05522455333523066,0.025,0.0,-0.03,0.0,1.0,0.0,0.01
14,0.4666623576071891,0,0.0,0.0,-0.02,0.009999999999999998,1.734723475976807e-18,3.469446951953614e-15,0.0,0.0,2.0816681711721685e-15,0.025,0.0,-0.03,0.0,1.0,0.0,0.01
14,0.4666623576071891,1,0.0012417960731949682,0.0,-0.020012460144298302,0.009987539855701697,1.2460144298303069e-05,0.024920288596606138,0.044470780784288004,0.24444025471675404,0.014952173157963683,0.025,0.0,-0.03,0.0,1.0,0.0,0.01
14,0.4666623576071891,47,0.0339837625755155,0.0,-0.020363400436189446,0.009636599563810553,0.00036340043618944724,0.7268008723788945,-2.591622290157405,0.342990140716323,0.43608052342733666,0.025,0.0,-0.03,0.0,1.0,0.0,0.01
15,0.49999538315055975,0,0.0,0.0,-0.02,0.009999999999999998,1.734723475976807e-18,3.469446951953614e-15,0.0,0.0,2.0816681711721685e-15,0.025,0.0,-0.03,0.0,1.0,0.0,0.01
15,0.49999538315055975,1,0.0012257513243399227,0.0,-0.02001769485564012,0.009982305144359879,1.7694855640121646e-05,0.03538971128024329,-0.0687151570012855,0.3902485177752443,0.021233826768145975,0.025,0.0,-0.03,0.0,1.0,0.0,0.01
16,0.5333284086939304,0,0.0,0.0,-0.02,0.009999999999999998,1.734723475976807e-18,3.469446951953614e-15,0.0,0.0,2.0816681711721685e-15,0.025,0.0,-0.03,0.0,1.0,0.0,0.01
16,0.5333284086939304,1,0.0012391675945432519,0.0,-0.02001968120778106,0.009980318792218938,1.9681207781062013e-05,0.039362415562124026,0.05618430974708187,3.2886684460632107,0.023617449337274415,0.025,0.0,-0.03,0.0,1.0,0.0,0.01
17,0.5666614342373011,0,0.0,0.0,-0.02,0.009999999999999998,1.734723475976807e-18,3.469446951953614e-15,0.0,0.0,2.0816681711721685e-15,0.025,0.0,-0.03,0.0,1.0,0.0,0.01
17,0.5666614342373011,1,0.0012473497307233631,0.0,-0.020023724456411873,0.009976275543588126,2.372445641187458e-05,0.04744891282374916,0.0153506607311223,0.8167811402241163,0.028469347694249497,0.025,0.0,-0.03,0.0,1.0,0.0,0.01
18,0.5999944597806717,0,0.0,0.0,-0.02,0.009999999999999998,1.734723475976807e-18,3.469446951953614e-15,0.0,0.0,2.0816681711721685e-15,0.025,0.0,-0.03,0.0,1.0,0.0,0.01
18,0.5999944597806717,1,0.001221567308042674,0.0,-0.0200208162565937,0.009979183743406297,2.0816256593702773e-05,0.041632513187405545,-0.004693857764273432,0.3267757851879968,0.024979507912443327,0.025,0.0,-0.03,0.0,1.0,0.0,0.01
19,0.6333274853240424,0,0.0,0.0,-0.02,0.009999999999999998,1.734723475976807e-18,3.469446951953614e-15,0.0,0.0,2.0816681711721685e-15,0.025,0.0,-0.03,0.0,1.0,0.0,0.01
19,0.6333274853240424,1,0.0012196226911752913,0.0,-0.0200224447844959,0.0099775552155041,2.244478449590047e-05,0.04488956899180094,-0.021359587107302545,0.11910634001207145,0.026933741395080563,0.025,0.0,-0.03,0.0,1.0,0.0,0.01
20,0.666660510867413,0,0.0,0.0,-0.02,0.009999999999999998,1.734723475976807e-18,3.469446951953614e-15,0.0,0.0,2.0816681711721685e-15,0.025,0.0,-0.03,0.0,1.0,0.0,0.01
20,0.666660510867413,1,0.0012572351308284334,0.0,-0.020020702872679066,0.009979297127320933,2.0702872679067078e-05,0.041405745358134155,-0.02024469680510154,2.481496236956354,0.024843447214880493,0.025,0.0,-0.03,0.0,1.0,0.0,0.01
21,0.6999935364107837,0,0.0,0.0,-0.02,0.009999999999999998,1.734723475976807e-18,3.469446951953614e-15,0.0,0.0,2.0816681711721685e-15,0.025,0.0,-0.03,0.0,1.0,0.0,0.01
21,0.6999935364107837,1,0.0012217209007039564,0.0,-0.02002108573522732,0.009978914264772678,2.108573522732228e-05,0.04217147045464456,-0.024041804736105354,0.8330699601916723,0.025302882272786736,0.025,0.0,-0.03,0.0,1.0,0.0,0.01
22,0.7333265619541542,0,0.0,0.0,-0.02,0.009999999999999998,1.734723475976807e-18,3.469446951953614e-15,0.0,0.0,2.0816681711721685e-15,0.025,0.0,-0.03,0.0,1.0,0.0,0.01
22,0.7333265619541542,1,0.001238322360452711,0.0,-0.020024030171054762,0.009975969828945237,2.403017105476364e-05,0.04806034210952728,-0.14327274949671298,1.3910487940433802,0.02883620526571637,0.025,0.0,-0.03,0.0,1.0,0.0,0.01
23,0.7666595874975249,0,0.0,0.0,-0.02,0.009999999999999998,1.734723475976807e-18,3.469446951953614e-15,0.0,0.0,2.0816681711721685e-15,0.025,0.0,-0.03,0.0,1.0,0.0,0.01
23,0.7666595874975249,1,0.0012319410586241004,0.0,-0.020022700190641694,0.009977299809358305,2.2700190641695636e-05,0.04540038128339127,0.03697300677483514,0.19255926577712484,0.027240228770034763,0.025,0.0,-0.03,0.0,1.0,0.0,0.01
24,0.7999926130408956,0,0.0,0.0,-0.02,0.009999999999999998,1.734723475976807e-18,3.469446951953614e-15,0.0,0.0,2.0816681711721685e-15,0.025,0.0,-0.03,0.0,1.0,0.0,0.01
24,0.7999926130408956,1,0.001232760019143188,0.0,-0.02002538963296471,0.00997461036703529,2.538963296471082e-05,0.05077926592942164,0.19578289179763766,1.5788291721618897,0.030467559557652985,0.025,0.0,-0.03,0.0,1.0,0.0,0.01
25,0.8333256385842662,0,0.0,0.0,-0.02,0.009999999999999998,1.734723475976807e-18,3.469446951953614e-15,0.0,0.0,2.0816681711721685e-15,0.025,0.0,-0.03,0.0,1.0,0.0,0.01
25,0.8333256385842662,1,0.0012390264793095723,0.0,-0.02002119673431645,0.00997880326568355,2.1196734316450763e-05,0.042393468632901526,-0.055919292469884044,0.7317689895116848,0.025436081179740916,0.025,0.0,-0.03,0.0,1.0,0.0,0.01
26,0.8666586641276369,0,0.0,0.0,-0.02,0.009999999999999998,1.734723475976807e-18,3.469446951953614e-15,0.0,0.0,2.0816681711721685e-15,0.025,0.0,-0.03,0.0,1.0,0.0,0.01
26,0.8666586641276369,1,0.00124563515751753,0.0,-0.020023550760309247,0.009976449239690752,2.3550760309248506e-05,0.04710152061849701,-0.05398962785102887,1.2758769140747497,0.028260912371098207,0.025,0.0,-0.03,0.0,1.0,0.0,0.01
27,0.8999916896710075,0,0.0,0.0,-0.02,0.009999999999999998,1.734723475976807e-18,3.469446951953614e-15,0.0,0.0,2.0816681711721685e-15,0.025,0.0,-0.03,0.0,1.0,0.0,0.01
27,0.8999916896710075,1,0.0012086992913083905,0.0,-0.020024439125283934,0.009975560874716065,2.4439125283935367e-05,0.048878250567870735,-0.20830384358065315,1.7725836564873267,0.02932695034072244,0.025,0.0,-0.03,0.0,1.0,0.0,0.01
28,0.9333247152143782,0,0.0,0.0,-0.02,0.009999999999999998,1.734723475976807e-18,3.469446951953614e-15,0.0,0.0,2.0816681711721685e-15,0.025,0.0,-0.03,0.0,1.0,0.0,0.01
28,0.9333247152143782,1,0.0012275835268083775,0.0,-0.02001920623585216,0.00998079376414784,1.920623585215976e-05,0.03841247170431952,0.06929035590596354,3.946755482676207,0.023047483022591714,0.025,0.0,-0.03,0.0,1.0,0.0,0.01
29,0.9666577407577488,0,0.0,0.0,-0.02,0.009999999999999998,1.734723475976807e-18,3.469446951953614e-15,0.0,0.0,2.0816681711721685e-15,0.025,0.0,-0.03,0.0,1.0,0.0,0.01
29,0.9666577407577488,1,0.0012173729586008922,0.0,-0.020016268671017315,0.009983731328982684,1.6268671017316202e-05,0.032537342034632405,0.01984503119594923,1.266823617548164,0.019522405220779443,0.025,0.0,-0.03,0.0,1.0,0.0,0.01
30,0.9999907663011195,0,0.0,0.0,-0.02,0.009999999999999998,1.734723475976807e-18,3.469446951953614e-15,0.0,0.0,2.0816681711721685e-15,0.025,0.0,-0.03,0.0,1.0,0.0,0.01
30,0.9999907663011195,1,0.0012312347072498465,0.0,-0.020008856890201245,0.009991143109798754,8.856890201245846e-06,0.01771378040249169,0.05281212842097187,0.7153100802830825,0.010628268241495015,0.025,0.0,-0.03,0.0,1.0,0.0,0.01
31,1.0333237918444902,0,0.0,0.0,-0.02,0.009999999999999998,1.734723475976807e-18,3.469446951953614e-15,0.0,0.0,2.0816681711721685e-15,0.025,0.0,-0.03,0.0,1.0,0.0,0.01
32,1.0666568173878608,0,0.0,0.0,-0.02,0.009999999999999998,1.734723475976807e-18,3.469446951953614e-15,0.0,0.0,2.0816681711721685e-15,0.025,0.0,-0.03,0.0,1.0,0.0,0.01
32,1.0666568173878608,76,0.010502636509816159,0.0,-0.020056103438456683,0.009943896561543316,5.610343845668421e-05,0.11220687691336842,-0.3218843519578038,0.5545222963628383,0.06732412614802105,0.025,0.0,-0.03,0.0,1.0,0.0,0.01
32,1.0666568173878608,77,0.00932385780749031,0.0,-0.0204633049353707,0.0095366950646293,0.0004633049353707005,0.926609870741401,0.07248088023427314,0.6094737780967312,0.5559659224448406,0.025,0.0,-0.03,0.0,1.0,0.0,0.01
32,1.0666568173878608,78,0.008159010651228218,0.0,-0.020866899326421096,0.009133100673578903,0.0008668993264210976,1.7337986528421951,-0.168430535261115,0.07471013141647907,1.0402791917053171,0.025,0.0,-0.03,0.0,1.0,0.0,0.01
32,1.0666568173878608,79,0.00699582007571867,0.0,-0.02127220610020918,0.00872779389979082,0.001272206100209181,2.544412200418362,-0.3822144876245546,0.7127917304065421,1.5266473202510171,0.025,0.0,-0.03,0.0,1.0,0.0,0.01
32,1.0666568173878608,80,0.005792851629148309,0.0,-0.02165019245402781,0.008349807545972188,0.0016501924540278119,3.300384908055624,0.05800939212817947,0.6470612899407686,1.9802309448333741,0.025,0.0,-0.03,0.0,1.0,0.0,0.01
33,1.0999898429312314,0,0.0,0.0,-0.02,0.009999999999999998,1.734723475976807e-18,3.469446951953614e-15,0.0,0.0,2.0816681711721685e-15,0.025,0.0,-0.03,0.0,1.0,0.0,0.01
33,1.0999898429312314,70,0.015115487260212652,0.0,-0.02049608093264623,0.009503919067353768,0.0004960809326462323,0.9921618652924645,-0.09948303321943114,0.17053086507094198,0.5952971191754787,0.025,0.0,-0.03,0.0,1.0,0.0,0.01
33,1.0999898429312314,71,0.014004985971000734,0.0,-0.021046408368247182,0.008953591631752817,0.0010464083682471832,2.0928167364943664,0.07097453154624402,0.1800706079331464,1.2556900418966197,0.025,0.0,-0.03,0.0,1.0,0.0,0.01
33,1.0999898429312314,72,0.012897101033983765,0.0,-0.021592773750540275,0.008407226249459724,0.0015927737505402762,3.1855475010805523,-0.12310839239805194,0.20438736586877437,1.9113285006483314,0.025,0.0,-0.03,0.0,1.0,0.0,0.01
33,1.0999898429312314,73,0.011786283291577123,0.0,-0.022138517198674372,0.007861482801325627,0.0021385171986743733,4.277034397348746,0.07238390600343864,0.20032016059829078,2.5662206384092476,0.025,0.0,-0.03,0.0,1.0,0.0,0.01
33,1.0999898429312314,74,0.010675180266437536,0.0,-0.02268293301180893,0.007317066988191068,0.0026829330118089325,5.365866023617865,-0.11574501679185371,0.1738678540569333,3.2195196141707187,0.025,0.0,-0.03,0.0,1.0,0.0,0.01
33,1.0999898429312314,75,0.009565415418585502,0.0,-0.023225851291352,0.006774148708647999,0.0032258512913520016,6.451702582704003,0.02308841028779724,0.11684873909859844,3.8710215496224016,0.025,0.0,-0.03,0.0,1.0,0.0,0.01
33,1.0999898429312314,76,0.008451849567955742,0.0,-0.02377042585776054,0.006229574142239458,0.0037704258577605423,7.540851715521084,-0.045852343162417035,0.015579091591665945,4.5245110293126505,0.025,0.0,-0.03,0.0,1.0,0.0,0.01
33,1.0999898429312314,77,0.00734417450185938,0.0,-0.02431252827715855,0.005687471722841449,0.004312528277158551,8.625056554317101,-0.08365202404740935,0.08422089532089787,5.175033932590261,0.025,0.0,-0.03,0.0,1.0,0.0,0.01
33,1.0999898429312314,78,0.006229447888845171,0.0,-0.024859149349203857,0.0051408506507961416,0.004859149349203859,9.718298698407716,0.05432383199654553,0.20480306296458553,5.83097921904463,0.025,0.0,-0.03,0.0,1.0,0.0,0.01
33,1.0999898429312314,79,0.005124077493185441,0.0,-0.025402890950615466,0.004597109049384533,0.005402890950615467,10.805781901230935,-0.17100828793214415,0.2548819958864208,6.483469140738561,0.025,0.0,-0.03,0.0,1.0,0.0,0.01
33,1.0999898429312314,80,0.0039836715842456434,0.0,-0.0259274022927543,0.0040725977072457,0.0059274022927543,11.8548045855086,0.08431413423951821,0.2991661315753634,7.112882751305159,0.025,0.0,-0.03,0.0,1.0,0.0,0.01
34,1.1333228684746022,0,0.0,0.0,-0.02,0.009999999999999998,1.734723475976807e-18,3.469446951953614e-15,0.0,0.0,2.0816681711721685e-15,0.025,0.0,-0.03,0.0,1.0,0.0,0.01
34,1.1333228684746022,69,0.015913916670199098,0.0,-0.02038328720949485,0.00961671279050515,0.0003832872094948498,0.7665744189896996,-0.12291644123771281,0.19785398253152617,0.45994465139381974,0.025,0.0,-0.03,0.0,1.0,0.0,0.01
34,1.1333228684746022,70,0.01484989934212474,0.0,-0.021011385109037686,0.008988614890962313,0.001011385109037687,2.0227702180753737,0.0883786047247328,0.16360413471339247,1.2136621308452242,0.025,0.0,-0.03,0.0,1.0,0.0,0.01
34,1.1333228684746022,71,0.013783159533528041,0.0,-0.02163929705639863,0.008360702943601368,0.001639297056398632,3.278594112797264,-0.0920272634138712,0.13833351862104223,1.9671564676783584,0.025,0.0,-0.03,0.0,1.0,0.0,0.01
34,1.1333228684746022,72,0.012716872268052133,0.0,-0.022265480727215545,0.0077345192727844535,0.0022654807272155467,4.530961454431093,0.04241314179653003,0.09419248687911722,2.7185768726586557,0.025,0.0,-0.03,0.0,1.0,0.0,0.01
34,1.1333228684746022,73,0.011649881559922701,0.0,-0.02289096573674288,0.007109034263257118,0.0028909657367428825,5.781931473485765,-0.04890843846245905,0.057146392414519,3.4691588840914593,0.025,0.0,-0.03,0.0,1.0,0.0,0.01
34,1.1333228684746022,74,0.010581962365143457,0.0,-0.02351623961448201,0.006483760385517987,0.003516239614482013,7.032479228964026,-0.008355890448438038,0.016063474625817312,4.2194875373784155,0.025,0.0,-0.03,0.0,1.0,0.0,0.01
34,1.1333228684746022,75,0.009515192998312022,0.0,-0.024140449768472343,0.005859550231527656,0.004140449768472344,8.280899536944688,-0.008468645290941663,0.020044562397502675,4.968539722166812,0.025,0.0,-0.03,0.0,1.0,0.0,0.01
34,1.1333228684746022,76,0.00844651998632274,0.0,-0.024765756471691783,0.005234243528308216,0.004765756471691784,9.531512943383568,-0.05014875753907303,0.04691060329173404,5.71890776603014,0.025,0.0,-0.03,0.0,1.0,0.0,0.01
34,1.1333228684746022,77,0.007380317615218218,0.0,-0.025389966743719187,0.004610033256280812,0.005389966743719188,10.779933487438376,0.01828323448295406,0.07391749552531068,6.467960092463025,0.025,0.0,-0.03,0.0,1.0,0.0,0.01
34,1.1333228684746022,78,0.006311855186959024,0.0,-0.026016226050538417,0.003983773949461582,0.0060162260505384185,12.032452101076837,-0.07495926168646233,0.08092774851506966,7.219471260646102,0.025,0.0,-0.03,0.0,1.0,0.0,0.01
34,1.1333228684746022,79,0.005246556171772607,0.0,-0.026641724864314584,0.003358275135685415,0.006641724864314585,13.28344972862917,0.025223069837151613,0.09545218779142522,7.970069837177502,0.025,0.0,-0.03,0.0,1.0,0.0,0.01
34,1.1333228684746022,80,0.004157429573289641,0.0,-0.02725829783245293,0.0027417021675470686,0.007258297832452932,14.516595664905863,-0.08075646666088193,0.08478073390832448,8.709957398943518,0.025,0.0,-0.03,0.0,1.0,0.0,0.01
35,1.1666558940179728,0,0.0,0.0,-0.02,0.009999999999999998,1.734723475976807e-18,3.469446951953614e-15,0.0,0.0,2.0816681711721685e-15,0.025,0.0,-0.03,0.0,1.0,0.0,0.01
35,1.1666558940179728,69,0.01583772143425046,0.0,-0.02057922684406905,0.009420773155930949,0.0005792268440690512,1.1584536881381022,-0.04328784412298402,0.061740552555572766,0.6950722128828614,0.025,0.0,-0.03,0.0,1.0,0.0,0.01
35,1.1666558940179728,70,0.014799364959384116,0.0,-0.021251648994250288,0.008748351005749711,0.001251648994250289,2.503297988500578,0.020541486956505282,0.0389831407155876,1.5019787931003468,0.025,0.0,-0.03,0.0,1.0,0.0,0.01
35,1.1666558940179728,71,0.01376071080968093,0.0,-0.021923378090819495,0.008076621909180504,0.001923378090819496,3.846756181638992,-0.018591482542209523,0.019217686594124338,2.3080537089833952,0.025,0.0,-0.03,0.0,1.0,0.0,0.01
35,1.1666558940179728,72,0.0127218761594972,0.0,-0.0225945241107272,0.007405475889272799,0.002594524110727201,5.189048221454402,-0.011996886391781572,0.006797020485234323,3.113428932872641,0.025,0.0,-0.03,0.0,1.0,0.0,0.01
35,1.1666558940179728,73,0.011682427766483051,0.0,-0.0232655592438343,0.006734440756165697,0.003265559243834303,6.531118487668606,0.011791690360141549,0.0323117420930132,3.9186710926011634,0.025,0.0,-0.03,0.0,1.0,0.0,0.01
35,1.1666558940179728,74,0.010643456222650295,0.0,-0.02393597710176206,0.006064022898237938,0.0039359771017620625,7.871954203524125,-0.046501282796686846,0.05567607442608372,4.723172522114475,0.025,0.0,-0.03,0.0,1.0,0.0,0.01
35,1.1666558940179728,75,0.009603608999080186,0.0,-0.024606852974123166,0.005393147025876833,0.004606852974123167,9.213705948246334,0.040078796253962816,0.08068118933817246,5.5282235689478005,0.025,0.0,-0.03,0.0,1.0,0.0,0.01
35,1.1666558940179728,76,0.008564810686908302,0.0,-0.025277148498262507,0.004722851501737492,0.005277148498262508,10.554296996525016,-0.07487279888167002,0.09501871880254398,6.3325781979150095,0.025,0.0,-0.03,0.0,1.0,0.0,0.01
35,1.1666558940179728,77,0.007525009952245908,0.0,-0.025948393146641848,0.004051606853358151,0.0059483931466418494,11.896786293283698,0.05842894975746258,0.11359426811416684,7.138071775970219,0.025,0.0,-0.03,0.0,1.0,0.0,0.01
35,1.1666558940179728,78,0.006486668889415607,0.0,-0.02661920074382201,0.003380799256177989,0.006619200743822011,13.238401487644023,-0.09008206117713073,0.11394784659517818,7.9430408925864135,0.025,0.0,-0.03,0.0,1.0,0.0,0.01
35,1.1666558940179728,79,0.005447386913444617,0.0,-0.02729132203643174,0.0027086779635682595,0.007291322036431741,14.58264407286348,0.06070898896871008,0.1227115646902691,8.749586443718089,0.025,0.0,-0.03,0.0,1.0,0.0,0.01
35,1.1666558940179728,80,0.004392127547791129,0.0,-0.027959963836251187,0.0020400361637488117,0.007959963836251189,15.919927672502377,-0.09067550114980989,0.11202803536636201,9.551956603501425,0.025,0.0,-0.03,0.0,1.0,0.0,0.01
36,1.1999889195613433,0,0.0,0.0,-0.02,0.009999999999999998,1.734723475976807e-18,3.469446951953614e-15,0.0,0.0,2.0816681711721685e-15,0.025,0.0,-0.03,0.0,1.0,0.0,0.01
36,1.1999889195613433,68,0.01677095740923069,0.0,-0.020018472274607353,0.009981527725392646,1.8472274607354497e-05,0.036944549214708994,-0.004802884857971705,0.005612086642767902,0.022166729528825396,0.025,0.0,-0.03,0.0,1.0,0.0,0.01
36,1.1999889195613433,69,0.015753099339781876,0.0,-0.020719116579599142,0.009280883420400857,0.0007191165795991435,1.438233159198287,-0.0005231588822549049,0.002112564318940799,0.8629398955189722,0.025,0.0,-0.03,0.0,1.0,0.0,0.01
36,1.1999889195613433,70,0.014733134679944266,0.0,-0.021420779509325447,0.008579220490674552,0.0014207795093254486,2.8415590186508974,-0.00762952640299627,0.006844128539853812,1.7049354111905384,0.025,0.0,-0.03,0.0,1.0,0.0,0.01
36,1.1999889195613433,71,0.013714514504806596,0.0,-0.022120994657210125,0.007879005342789874,0.002120994657210126,4.241989314420252,-0.002065809431407786,0.002840749119005856,2.545193588652151,0.025,0.0,-0.03,0.0,1.0,0.0,0.01
36,1.1999889195613433,72,0.01269450711259017,0.0,-0.022821764715831683,0.0071782352841683154,0.0028217647158316848,5.64352943166337,-0.008408890822246126,0.004807285736447374,3.386117658998022,0.025,0.0,-0.03,0.0,1.0,0.0,0.01
36,1.1999889195613433,73,0.011675136047144676,0.0,-0.023521831710635994,0.006478168289364004,0.003521831710635996,7.043663421271992,-0.004740762795041696,0.002128251601468781,4.226198052763195,0.025,0.0,-0.03,0.0,1.0,0.0,0.01
36,1.1999889195613433,74,0.01065541525907857,0.0,-0.024222009877433177,0.0057779901225668215,0.004222009877433179,8.444019754866357,-0.00831001267311156,0.0014665013649641397,5.066411852919814,0.025,0.0,-0.03,0.0,1.0,0.0,0.01
36,1.1999889195613433,75,0.00963552603762794,0.0,-0.024922313757489507,0.005077686242510492,0.004922313757489508,9.844627514979017,-0.00806296584944571,0.0004974422747920656,5.90677650898741,0.025,0.0,-0.03,0.0,1.0,0.0,0.01
36,1.1999889195613433,76,0.008616310625488415,0.0,-0.02562230518547873,0.004377694814521268,0.005622305185478732,11.244610370957465,-0.007939934791785513,0.0022859115463115583,6.746766222574479,0.025,0.0,-0.03,0.0,1.0,0.0,0.01
36,1.1999889195613433,77,0.007596264466897459,0.0,-0.02632315902083799,0.003676840979162009,0.006323159020837991,12.646318041675983,-0.011275542916015048,0.0009622443507411488,7.587790825005589,0.025,0.0,-0.03,0.0,1.0,0.0,0.01
36,1.1999889195613433,78,0.006577665088031984,0.0,-0.027023449589004038,0.002976550410995961,0.007023449589004039,14.04689917800808,-0.008089862191789674,0.005280059689364888,8.428139506804847,0.025,0.0,-0.03,0.0,1.0,0.0,0.01
36,1.1999889195613433,79,0.005557915567553837,0.0,-0.027725098858122632,0.002274901141877367,0.007725098858122633,15.450197716245267,-0.01360400374396493,0.0011650496915844306,9.27011862974716,0.025,0.0,-0.03,0.0,1.0,0.0,0.01
36,1.1999889195613433,80,0.004524279082086258,0.0,-0.028426399230456416,0.001573600769543583,0.008426399230456417,16.852798460912833,-0.00934736556721662,0.006845044371797767,10.1116790765477,0.025,0.0,-0.03,0.0,1.0,0.0,0.01
37,1.233321945104714,0,0.0,0.0,-0.02,0.009999999999999998,1.734723475976807e-18,3.469446951953614e-15,0.0,0.0,2.0816681711721685e-15,0.025,0.0,-0.03,0.0,1.0,0.0,0.01
37,1.233321945104714,68,0.01667350699574716,0.0,-0.020110781680623694,0.009889218319376305,0.00011078168062369532,0.22156336124739065,-0.03127748093852395,0.042349119438403415,0.1329380167484344,0.025,0.0,-0.03,0.0,1.0,0.0,0.01
37,1.233321945104714,69,0.015669655147428668,0.0,-0.020832944268833465,0.009167055731166534,0.0008329442688334663,1.6658885376669326,0.021874793298016875,0.03281742133770554,0.9995331226001595,0.025,0.0,-0.03,0.0,1.0,0.0,0.01
37,1.233321945104714,70,0.014665418652627823,0.0,-0.021555459740519416,0.008444540259480583,0.001555459740519417,3.110919481038834,-0.022731176922333885,0.02840834796144458,1.8665516886233005,0.025,0.0,-0.03,0.0,1.0,0.0,0.01
37,1.233321945104714,71,0.013661309887656342,0.0,-0.022277570589602873,0.007722429410397125,0.002277570589602875,4.55514117920575,0.006624937099633335,0.013630403429005521,2.73308470752345,0.025,0.0,-0.03,0.0,1.0,0.0,0.01
37,1.233321945104714,72,0.01265694612142246,0.0,-0.022999647730236824,0.007000352269763175,0.0029996477302368253,5.99929546047365,-0.006554057700870591,0.0034936672743530166,3.59957727628419,0.025,0.0,-0.03,0.0,1.0,0.0,0.01
37,1.233321945104714,73,0.011652543799555857,0.0,-0.02372163470289982,0.006278365297100179,0.0037216347028998214,7.443269405799643,-0.013591112960298404,0.012074624231369535,4.465961643479785,0.025,0.0,-0.03,0.0,1.0,0.0,0.01
37,1.233321945104714,74,0.01064826029191103,0.0,-0.024443519970296014,0.005556480029703985,0.004443519970296015,8.88703994059203,0.011814812888751329,0.02447007734497736,5.332223964355218,0.025,0.0,-0.03,0.0,1.0,0.0,0.01
37,1.233321945104714,75,0.00964375482524715,0.0,-0.02516565181374631,0.004834348186253688,0.005165651813746312,10.331303627492623,-0.03334283578246963,0.03711006432737721,6.198782176495574,0.025,0.0,-0.03,0.0,1.0,0.0,0.01
37,1.233321945104714,76,0.008639729629444171,0.0,-0.025887629174512313,0.004112370825487686,0.0058876291745123144,11.775258349024629,0.027050241623960716,0.048059552544600634,7.065155009414777,0.025,0.0,-0.03,0.0,1.0,0.0,0.01
37,1.233321945104714,77,0.007635352479423301,0.0,-0.026610154769390902,0.0033898452306090968,0.0066101547693909034,13.220309538781807,-0.04748536704393759,0.05430642044940916,7.932185723269084,0.025,0.0,-0.03,0.0,1.0,0.0,0.01
37,1.233321945104714,78,0.006631732302995813,0.0,-0.027332533628969483,0.0026674663710305156,0.007332533628969485,14.665067257938968,0.03451779077729414,0.06083675515902251,8.799040354763381,0.025,0.0,-0.03,0.0,1.0,0.0,0.01
37,1.233321945104714,79,0.005627740873978322,0.0,-0.02805567872374524,0.0019443212762547575,0.008055678723745243,16.111357447490484,-0.05208803347818314,0.058538270645109504,9.66681446849429,0.025,0.0,-0.03,0.0,1.0,0.0,0.01
37,1.233321945104714,80,0.004610110564336106,0.0,-0.028780921961689805,0.0012190780383101937,0.008780921961689806,17.561843923379612,0.03310072325145421,0.06190517171604856,10.537106354027767,0.025,0.0,-0.03,0.0,1.0,0.0,0.01
38,1.2666549706480847,0,0.0,0.0,-0.02,0.009999999999999998,1.734723475976807e-18,3.469446951953614e-15,0.0,0.0,2.0816681711721685e-15,0.025,0.0,-0.03,0.0,1.0,0.0,0.01
38,1.2666549706480847,68,0.016585691379104348,0.0,-0.02019312922940464,0.00980687077059536,0.0001931292294046396,0.3862584588092792,-0.02132816400018638,0.02797966433708184,0.23175507528556752,0.025,0.0,-0.03,0.0,1.0,0.0,0.01
38,1.2666549706480847,69,0.015593411408526573,0.0,-0.020932219191570546,0.009067780808429453,0.0009322191915705474,1.8644383831410947,0.014160555805630314,0.020698474987402866,1.1186630298846567,0.025,0.0,-0.03,0.0,1.0,0.0,0.01
38,1.2666549706480847,70,0.014601912637746694,0.0,-0.02167116257382954,0.008328837426170459,0.0016711625738295415,3.342325147659083,-0.017624822375102035,0.0211746987495915,2.0053950885954497,0.025,0.0,-0.03,0.0,1.0,0.0,0.01
38,1.2666549706480847,71,0.013609802128040374,0.0,-0.022410395603703902,0.007589604396296096,0.0024103956037039038,4.820791207407807,0.007319700013791749,0.01325604234806144,2.8924747244446842,0.025,0.0,-0.03,0.0,1.0,0.0,0.01
38,1.2666549706480847,72,0.012618058229163863,0.0,-0.02314926435542035,0.00685073564457965,0.00314926435542035,6.2985287108407,-0.011132699246004364,0.010561816307468807,3.77911722650442,0.025,0.0,-0.03,0.0,1.0,0.0,0.01
38,1.2666549706480847,73,0.011626035556351477,0.0,-0.023888325745356587,0.0061116742546434115,0.0038883257453565887,7.776651490713178,-0.0019330870403394143,0.0027342070053214245,4.665990894427907,0.025,0.0,-0.03,0.0,1.0,0.0,0.01
38,1.2666549706480847,74,0.010634174784032691,0.0,-0.024627329127679183,0.005372670872320816,0.004627329127679184,9.254658255358368,-0.0033392210131630963,0.0017978468033744395,5.552794953215021,0.025,0.0,-0.03,0.0,1.0,0.0,0.01
38,1.2666549706480847,75,0.009642388753713512,0.0,-0.02536641808708298,0.0046335819129170175,0.005366418087082983,10.732836174165966,-0.011310537303261646,0.00794032222733877,6.439701704499579,0.025,0.0,-0.03,0.0,1.0,0.0,0.01
38,1.2666549706480847,76,0.008650578240477103,0.0,-0.02610574564361066,0.003894254356389338,0.006105745643610662,12.211491287221325,0.003360512945786659,0.012690125341767552,7.326894772332794,0.025,0.0,-0.03,0.0,1.0,0.0,0.01
38,1.2666549706480847,77,0.007659147777496511,0.0,-0.026845088890015162,0.003154911109984837,0.006845088890015163,13.690177780030327,-0.018455928324126448,0.015601860181489298,8.214106668018196,0.025,0.0,-0.03,0.0,1.0,0.0,0.01
38,1.2666549706480847,78,0.006667583567641729,0.0,-0.027584908918988092,0.0024150910810119067,0.0075849089189880935,15.169817837976186,0.00684827990517182,0.019267373582505024,9.101890702785711,0.025,0.0,-0.03,0.0,1.0,0.0,0.01
38,1.2666549706480847,79,0.005676602443286646,0.0,-0.028324747501449435,0.001675252498550564,0.008324747501449436,16.649495002898874,-0.021583302167417936,0.01795203046526054,9.989697001739325,0.025,0.0,-0.03,0.0,1.0,0.0,0.01
38,1.2666549706480847,80,0.0046717587956314295,0.0,-0.02906865575233757,0.0009313442476624294,0.00906865575233757,18.137311504675143,0.006383958895629497,0.020744255432449833,10.882386902805086,0.025,0.0,-0.03,0.0,1.0,0.0,0.01
39,1.2999879961914553,0,0.0,0.0,-0.02,0.009999999999999998,1.734723475976807e-18,3.469446951953614e-15,0.0,0.0,2.0816681711721685e-15,0.025,0.0,-0.03,0.0,1.0,0.0,0.01
39,1.2999879961914553,68,0.016505223493781827,0.0,-0.02026824775253451,0.009731752247465489,0.00026824775253451137,0.5364955050690228,0.006435445652571562,0.008876428683465882,0.3218973030414137,0.025,0.0,-0.03,0.0,1.0,0.0,0.01
39,1.2999879961914553,69,0.015523275289927458,0.0,-0.021020404280059767,0.008979595719940232,0.0010204042800597678,2.040808560119536,-0.010621913134475918,0.012665141847797688,1.2244851360717215,0.025,0.0,-0.03,0.0,1.0,0.0,0.01
39,1.2999879961914553,70,0.014541663649247328,0.0,-0.021773001839391026,0.008226998160608973,0.001773001839391027,3.546003678782054,0.002778296280167578,0.005630689166863883,2.1276022072692324,0.025,0.0,-0.03,0.0,1.0,0.0,0.01
39,1.2999879961914553,71,0.01356002503434698,0.0,-0.022525570881727026,0.0074744291182729725,0.0025255708817270277,5.051141763454056,-0.00590693661953547,0.0049494083838078455,3.0306850580724336,0.025,0.0,-0.03,0.0,1.0,0.0,0.01
39,1.2999879961914553,72,0.012578330307674237,0.0,-0.0232781903259148,0.0067218096740852,0.0032781903259148006,6.556380651829601,-0.0043023037610987825,0.0020982289625805844,3.9338283910977605,0.025,0.0,-0.03,0.0,1.0,0.0,0.01
39,1.2999879961914553,73,0.011596794369926937,0.0,-0.02403075332462833,0.005969246675371669,0.004030753324628331,8.061506649256662,0.0001584838109783684,0.004478256589709663,4.836903989553997,0.025,0.0,-0.03,0.0,1.0,0.0,0.01
39,1.2999879961914553,74,0.010615129046627455,0.0,-0.024783539780386252,0.0052164602196137465,0.004783539780386254,9.567079560772507,-0.011826143100440164,0.010385741188134637,5.7402477364635045,0.025,0.0,-0.03,0.0,1.0,0.0,0.01
39,1.2999879961914553,75,0.009633801859337933,0.0,-0.02553625047991,0.004463749520089998,0.005536250479910002,11.072500959820005,0.005745442398384408,0.013282099189127084,6.643500575892003,0.025,0.0,-0.03,0.0,1.0,0.0,0.01
39,1.2999879961914553,76,0.008652294712334124,0.0,-0.026289342290333022,0.003710657709666977,0.006289342290333023,12.578684580666046,-0.017999910905180536,0.016897342824275345,7.547210748399627,0.025,0.0,-0.03,0.0,1.0,0.0,0.01
39,1.2999879961914553,77,0.007671270553471924,0.0,-0.027042365357792385,0.002957634642207614,0.007042365357792386,14.084730715584772,0.009198977104234533,0.019296798549678616,8.450838429350863,0.025,0.0,-0.03,0.0,1.0,0.0,0.01
39,1.2999879961914553,78,0.006690060476366354,0.0,-0.027795891170447944,0.0022041088295520553,0.007795891170447945,15.59178234089589,-0.021403549924206122,0.019794380625764413,9.355069404537533,0.025,0.0,-0.03,0.0,1.0,0.0,0.01
39,1.2999879961914553,79,0.0057094226011909395,0.0,-0.02854939437098985,0.0014506056290101502,0.00854939437098985,17.0987887419797,0.009401105029362896,0.02113458113945773,10.259273245187819,0.025,0.0,-0.03,0.0,1.0,0.0,0.01
39,1.2999879961914553,80,0.00471556099476003,0.0,-0.029307888961163254,0.000692111038836745,0.009307888961163255,18.61577792232651,-0.021941312758574263,0.019036648175269306,11.169466753395907,0.025,0.0,-0.03,0.0,1.0,0.0,0.01
40,1.333321021734826,0,0.0,0.0,-0.02,0.009999999999999998,1.734723475976807e-18,3.469446951953614e-15,0.0,0.0,2.0816681711721685e-15,0.025,0.0,-0.03,0.0,1.0,0.0,0.01
40,1.333321021734826,68,0.016431340287443818,0.0,-0.020337083676270823,0.009662916323729176,0.00033708367627082424,0.6741673525416485,0.004784245298646054,0.006503662625557485,0.4045004115249891,0.025,0.0,-0.03,0.0,1.0,0.0,0.01
40,1.333321021734826,69,0.015457920272296031,0.0,-0.021099823440015097,0.008900176559984901,0.0010998234400150988,2.1996468800301976,-0.008580732169978967,0.01000226911980907,1.3197881280181185,0.025,0.0,-0.03,0.0,1.0,0.0,0.01
40,1.333321021734826,70,0.014484576990149826,0.0,-0.021863404573379226,0.008136595426620773,0.0018634045733792268,3.7268091467584537,0.003204180064966421,0.0056827986500798304,2.236085488055072,0.025,0.0,-0.03,0.0,1.0,0.0,0.01
40,1.333321021734826,71,0.01351150753642835,0.0,-0.022626817813809458,0.007373182186190541,0.002626817813809459,5.253635627618918,-0.007911478573892364,0.00788586972550435,3.1521813765713507,0.025,0.0,-0.03,0.0,1.0,0.0,0.01
40,1.333321021734826,72,0.012538284856186854,0.0,-0.023390439948328186,0.006609560051671813,0.003390439948328187,6.780879896656375,0.0011333626462561562,0.004250245760606928,4.068527937993824,0.025,0.0,-0.03,0.0,1.0,0.0,0.01
40,1.333321021734826,73,0.011565262982020522,0.0,-0.02415403590743543,0.005845964092564569,0.004154035907435431,8.308071814870862,-0.006923567623739297,0.005406029081933504,4.984843088922517,0.025,0.0,-0.03,0.0,1.0,0.0,0.01
40,1.333321021734826,74,0.010592255710615043,0.0,-0.02491779493778448,0.00508220506221552,0.00491779493778448,9.83558987556896,-0.0010322344974549504,0.0027115851690425173,5.901353925341376,0.025,0.0,-0.03,0.0,1.0,0.0,0.01
40,1.333321021734826,75,0.00961936138637735,0.0,-0.025681683115696734,0.004318316884303265,0.005681683115696735,11.36336623139347,-0.006044193609260212,0.0030590288718723505,6.818019738836083,0.025,0.0,-0.03,0.0,1.0,0.0,0.01
40,1.333321021734826,76,0.00864664847469918,0.0,-0.02644568963616082,0.003554310363839179,0.006445689636160821,12.891379272321643,-0.00293478918488055,0.0015137932850021148,7.734827563392986,0.025,0.0,-0.03,0.0,1.0,0.0,0.01
40,1.333321021734826,77,0.007673978384702061,0.0,-0.02720996578080409,0.002790034219195908,0.007209965780804092,14.419931561608184,-0.005552431044515035,0.0012048209096152775,8.65195893696491,0.025,0.0,-0.03,0.0,1.0,0.0,0.01
40,1.333321021734826,78,0.006701621647761399,0.0,-0.027974340396846098,0.002025659603153901,0.0079743403968461,15.948680793692198,-0.004367662758395958,0.0009156825382290167,9.569208476215318,0.025,0.0,-0.03,0.0,1.0,0.0,0.01
40,1.333321021734826,79,0.0057292825688071885,0.0,-0.028739085974570044,0.0012609140254299551,0.008739085974570045,17.47817194914009,-0.005573049819649066,8.59019341465124e-06,10.486903169484053,0.025,0.0,-0.03,0.0,1.0,0.0,0.01
40,1.333321021734826,80,0.004744781311096165,0.0,-0.02950912893851114,0.0004908710614888595,0.00950912893851114,19.018257877022283,-0.005278445454650213,0.001020108884581705,11.410954726213369,0.025,0.0,-0.03,0.0,1.0,0.0,0.01
41,1.3666540472781967,0,0.0,0.0,-0.02,0.009999999999999998,1.734723475976807e-18,3.469446951953614e-15,0.0,0.0,2.0816681711721685e-15,0.025,0.0,-0.03,0.0,1.0,0.0,0.01
41,1.3666540472781967,68,0.016362599420226786,0.0,-0.020401148283582454,0.009598851716417545,0.00040114828358245487,0.8022965671649097,-0.007685173036301564,0.009312324558577771,0.4813779402989458,0.025,0.0,-0.03,0.0,1.0,0.0,0.01
41,1.3666540472781967,69,0.015395896156422891,0.0,-0.021172757192791367,0.008827242807208632,0.001172757192791368,2.3455143855827356,0.003718084282548678,0.005474457501651928,1.4073086313496412,0.025,0.0,-0.03,0.0,1.0,0.0,0.01
41,1.3666540472781967,70,0.01442970037332328,0.0,-0.021945008231739067,0.008054991768260931,0.0019450082317390687,3.8900164634781373,-0.0068732708705948236,0.0072970181520544426,2.3340098780868823,0.025,0.0,-0.03,0.0,1.0,0.0,0.01
41,1.3666540472781967,71,0.013463487631893409,0.0,-0.022717398355367697,0.007282601644632302,0.002717398355367698,5.434796710735396,0.0002176322613420208,0.0020648211105086293,3.2608780264412376,0.025,0.0,-0.03,0.0,1.0,0.0,0.01
41,1.3666540472781967,72,0.01249744001562359,0.0,-0.023489811772073925,0.006510188227926074,0.0034898117720739263,6.979623544147852,-0.003629645440535658,0.0022555719799740516,4.187774126488711,0.025,0.0,-0.03,0.0,1.0,0.0,0.01
41,1.3666540472781967,73,0.011531385177501815,0.0,-0.024262416207127244,0.0057375837928727545,0.004262416207127246,8.524832414254492,-0.004431216586144437,0.0027628755147300586,5.114899448552695,0.025,0.0,-0.03,0.0,1.0,0.0,0.01
41,1.3666540472781967,74,0.010565544575257395,0.0,-0.02503506450161319,0.004964935498386808,0.0050350645016131925,10.070129003226384,0.00021027931791948575,0.0035334661515623086,6.04207740193583,0.025,0.0,-0.03,0.0,1.0,0.0,0.01
41,1.3666540472781967,75,0.00959970676347925,0.0,-0.025807955555194814,0.004192044444805185,0.0058079555551948155,11.61591111038963,-0.009083815460292596,0.0075839554531396385,6.969546666233778,0.025,0.0,-0.03,0.0,1.0,0.0,0.01
41,1.3666540472781967,76,0.008634129008052717,0.0,-0.02658091276276149,0.003419087237238508,0.006580912762761492,13.161825525522985,0.0034371126428590767,0.008552950568123186,7.897095315313791,0.025,0.0,-0.03,0.0,1.0,0.0,0.01
41,1.3666540472781967,77,0.007668568984791695,0.0,-0.02735415867723616,0.0026458413227638394,0.007354158677236161,14.708317354472321,-0.012542815074318826,0.010905501344790541,8.824990412683393,0.025,0.0,-0.03,0.0,1.0,0.0,0.01
41,1.3666540472781967,78,0.006703304721273648,0.0,-0.028127498267022277,0.0018725017329777223,0.008127498267022278,16.254996534044555,0.004961559779109395,0.011441915240833728,9.752997920426733,0.025,0.0,-0.03,0.0,1.0,0.0,0.01
41,1.3666540472781967,79,0.005738082767813688,0.0,-0.028901160929522208,0.001098839070477791,0.00890116092952221,17.80232185904442,-0.013893886543126701,0.01162036391997589,10.681393115426651,0.025,0.0,-0.03,0.0,1.0,0.0,0.01
41,1.3666540472781967,80,0.004761071552502764,0.0,-0.02968074181846084,0.00031925818153915805,0.009680741818460842,19.361483636921683,0.004501405978099441,0.011928514921888038,11.616890182153009,0.025,0.0,-0.03,0.0,1.0,0.0,0.01
42,1.3999870728215673,0,0.0,0.0,-0.02,0.009999999999999998,1.734723475976807e-18,3.469446951953614e-15,0.0,0.0,2.0816681711721685e-15,0.025,0.0,-0.03,0.0,1.0,0.0,0.01
42,1.3999870728215673,68,0.016296872224312715,0.0,-0.020462259415690697,0.009537740584309302,0.00046225941569069846,0.9245188313813969,-0.0012715899933640122,0.001267286105270434,0.5547112988288381,0.025,0.0,-0.03,0.0,1.0,0.0,0.01
42,1.3999870728215673,69,0.0153358301880646,0.0,-0.021241016261291226,0.008758983738708773,0.0012410162612912275,2.482032522582455,-0.0025925967171065243,0.0024908546597270246,1.4892195135494728,0.025,0.0,-0.03,0.0,1.0,0.0,0.01
42,1.3999870728215673,70,0.01437543600767514,0.0,-0.022020397110300457,0.007979602889699542,0.002020397110300458,4.040794220600916,-0.0024001052633244907,0.0018946008433872767,2.4244765323605497,0.025,0.0,-0.03,0.0,1.0,0.0,0.01
42,1.3999870728215673,71,0.01341500265883589,0.0,-0.022800001398901124,0.007199998601098875,0.0028000013989011256,5.600002797802251,-0.001146876744515731,4.987321603500392e-05,3.3600016786813502,0.025,0.0,-0.03,0.0,1.0,0.0,0.01
42,1.3999870728215673,72,0.012454777617873244,0.0,-0.023579647531812437,0.006420352468187562,0.003579647531812438,7.159295063624875,-0.004907343068050061,0.004182612936508882,4.295577038174925,0.025,0.0,-0.03,0.0,1.0,0.0,0.01
42,1.3999870728215673,73,0.0114945973022975,0.0,-0.02435948726244124,0.005640512737558757,0.004359487262441243,8.718974524882485,0.0007357622587968802,0.0031659027701686324,5.231384714929491,0.025,0.0,-0.03,0.0,1.0,0.0,0.01
42,1.3999870728215673,74,0.010534569503870363,0.0,-0.02513945173566942,0.0048605482643305775,0.005139451735669423,10.278903471338845,-0.007574731565696585,0.00666191941370531,6.167342082803307,0.025,0.0,-0.03,0.0,1.0,0.0,0.01
42,1.3999870728215673,75,0.009574682183072853,0.0,-0.025919568880279447,0.004080431119720552,0.005919568880279448,11.839137760558897,0.002457104012759035,0.0060841249787044055,7.103482656335338,0.025,0.0,-0.03,0.0,1.0,0.0,0.01
42,1.3999870728215673,76,0.008614889561689085,0.0,-0.02669989346603683,0.0033001065339631694,0.006699893466036831,13.399786932073662,-0.009768176772392315,0.008551579687866632,8.039872159244197,0.025,0.0,-0.03,0.0,1.0,0.0,0.01
42,1.3999870728215673,77,0.007655321829399761,0.0,-0.027480336374083487,0.0025196636259165114,0.007480336374083489,14.960672748166978,0.003412273294959692,0.008057360836545398,8.976403648900186,0.025,0.0,-0.03,0.0,1.0,0.0,0.01
42,1.3999870728215673,78,0.006695809762430886,0.0,-0.0282610510441329,0.0017389489558670979,0.008261051044132902,16.522102088265804,-0.01095017669254016,0.00919667641305908,9.913261252959481,0.025,0.0,-0.03,0.0,1.0,0.0,0.01
42,1.3999870728215673,79,0.005736576378652799,0.0,-0.029041870799957504,0.000958129200042495,0.009041870799957505,18.08374159991501,0.0031694227603286367,0.008570608260486515,10.850244959949007,0.025,0.0,-0.03,0.0,1.0,0.0,0.01
42,1.3999870728215673,80,0.004765655399246914,0.0,-0.02982927925241767,0.00017072074758232858,0.009829279252417672,19.658558504835344,-0.011127193163264684,0.008612866724504568,11.795135102901206,0.025,0.0,-0.03,0.0,1.0,0.0,0.01
43,1.433320098364938,0,0.0,0.0,-0.02,0.009999999999999998,1.734723475976807e-18,3.469446951953614e-15,0.0,0.0,2.0816681711721685e-15,0.025,0.0,-0.03,0.0,1.0,0.0,0.01
43,1.433320098364938,68,0.016233982964859554,0.0,-0.020520637600394576,0.009479362399605423,0.000520637600394577,1.041275200789154,-0.003786195677826529,0.004367818090141858,0.6247651204734923,0.025,0.0,-0.03,0.0,1.0,0.0,0.01
43,1.433320098364938,69,0.015277828968880875,0.0,-0.021305047766893827,0.008694952233106172,0.001305047766893828,2.610095533787656,0.0002772337337214009,0.0009011424889574426,1.5660573202725936,0.025,0.0,-0.03,0.0,1.0,0.0,0.01
43,1.433320098364938,70,0.014322028437177262,0.0,-0.022090383194330116,0.007909616805669883,0.0020903831943301174,4.180766388660235,-0.0040576706602557045,0.004060039862122461,2.5084598331961407,0.025,0.0,-0.03,0.0,1.0,0.0,0.01
43,1.433320098364938,71,0.013366515681648667,0.0,-0.02287572962114078,0.00712427037885922,0.00287572962114078,5.75145924228156,-0.00033156956860910466,0.0007968470904801311,3.4508755453689357,0.025,0.0,-0.03,0.0,1.0,0.0,0.01
43,1.433320098364938,72,0.012410986023329842,0.0,-0.02366134724715884,0.006338652752841158,0.0036613472471588426,7.322694494317685,-0.003937649874142976,0.0032658018888635613,4.393616696590611,0.025,0.0,-0.03,0.0,1.0,0.0,0.01
43,1.433320098364938,73,0.011455705822874857,0.0,-0.024447026687069523,0.005552973312930476,0.004447026687069524,8.894053374139048,-0.0011860863974251991,0.0004052575302129673,5.336432024483429,0.025,0.0,-0.03,0.0,1.0,0.0,0.01
43,1.433320098364938,74,0.010500473651692441,0.0,-0.025232942511659622,0.004767057488340377,0.0052329425116596235,10.465885023319247,-0.0036687333509080235,0.0022868439623623836,6.279531013991548,0.025,0.0,-0.03,0.0,1.0,0.0,0.01
43,1.433320098364938,75,0.00954543968030336,0.0,-0.02601897945821329,0.0039810205417867076,0.006018979458213293,12.037958916426586,-0.002099696126621022,5.38209068564885e-05,7.222775349855951,0.025,0.0,-0.03,0.0,1.0,0.0,0.01
43,1.433320098364938,76,0.008590521036439867,0.0,-0.026805213182770387,0.003194786817229612,0.006805213182770388,13.610426365540777,-0.0034331956899191175,0.0013473026394320528,8.166255819324466,0.025,0.0,-0.03,0.0,1.0,0.0,0.01
43,1.433320098364938,77,0.007635752410540875,0.0,-0.027591621771871782,0.002408378228128217,0.007591621771871783,15.183243543743567,-0.00290117110305114,0.00037505006724012626,9.10994612624614,0.025,0.0,-0.03,0.0,1.0,0.0,0.01
43,1.433320098364938,78,0.0066811522819123295,0.0,-0.028378195691540983,0.0016218043084590163,0.008378195691540984,16.75639138308197,-0.003374740981201554,0.000624274207855524,10.053834829849182,0.025,0.0,-0.03,0.0,1.0,0.0,0.01
43,1.433320098364938,79,0.005726671502682679,0.0,-0.029164980139409147,0.0008350198605908514,0.009164980139409149,18.329960278818298,-0.0034769902169275854,0.00042352321070021436,10.997976167290979,0.025,0.0,-0.03,0.0,1.0,0.0,0.01
43,1.433320098364938,80,0.004760959551231252,0.0,-0.029958599181803887,4.140081819611202e-05,0.009958599181803888,19.917198363607778,-0.0035760669935544784,0.00019874453118796248,11.950319018164667,0.025,0.0,-0.03,0.0,1.0,0.0,0.01
44,1.4666531239083085,0,0.0,0.0,-0.02,0.009999999999999998,1.734723475976807e-18,3.469446951953614e-15,0.0,0.0,2.0816681711721685e-15,0.025,0.0,-0.03,0.0,1.0,0.0,0.01
44,1.4666531239083085,68,0.01617422958641759,0.0,-0.020576130811237818,0.009423869188762181,0.0005761308112378193,1.1522616224756386,2.576411299204668e-05,0.00022475887404969892,0.6913569734853832,0.025,0.0,-0.03,0.0,1.0,0.0,0.01
44,1.4666531239083085,69,0.0152218605430926,0.0,-0.02136535872988586,0.008634641270114138,0.0013653587298858624,2.7307174597717245,-0.003493176453277324,0.003765016374675271,1.6384304758630346,0.025,0.0,-0.03,0.0,1.0,0.0,0.01
44,1.4666531239083085,70,0.014270077051700945,0.0,-0.022155354816028833,0.007844645183971165,0.0021553548160288347,4.310709632057669,9.467009531923692e-05,0.0008462720818614439,2.5864257792346015,0.025,0.0,-0.03,0.0,1.0,0.0,0.01
44,1.4666531239083085,71,0.013318420451090534,0.0,-0.022945538999303045,0.007054461000696954,0.002945538999303046,5.891077998606091,-0.0041623912724241,0.004021324169647299,3.5346467991636548,0.025,0.0,-0.03,0.0,1.0,0.0,0.01
44,1.4666531239083085,72,0.012366911279640739,0.0,-0.023735896517401985,0.006264103482598014,0.0037358965174019865,7.471793034803973,0.00012961977290943912,0.0014103131999831956,4.483075820882384,0.025,0.0,-0.03,0.0,1.0,0.0,0.01
44,1.4666531239083085,73,0.011415567134400487,0.0,-0.024526414234208486,0.005473585765791513,0.004526414234208487,9.052828468416974,-0.004599881927300171,0.004017597248932247,5.431697081050184,0.025,0.0,-0.03,0.0,1.0,0.0,0.01
44,1.4666531239083085,74,0.01046433231205482,0.0,-0.025317139091997416,0.004682860908002583,0.005317139091997417,10.634278183994834,-6.627280654649403e-05,0.0017022133507019349,6.3805669103969,0.025,0.0,-0.03,0.0,1.0,0.0,0.01
44,1.4666531239083085,75,0.009513302319832294,0.0,-0.02610799147839813,0.0038920085216018682,0.006107991478398132,12.215982956796264,-0.004821173120371394,0.003751174385580827,7.329589774077758,0.025,0.0,-0.03,0.0,1.0,0.0,0.01
44,1.4666531239083085,76,0.008562343994056207,0.0,-0.026899081020801383,0.0031009189791986157,0.0068990810208013845,13.798162041602769,-0.0004551470676399868,0.0017635830993089857,8.27889722496166,0.025,0.0,-0.03,0.0,1.0,0.0,0.01
44,1.4666531239083085,77,0.007611621022940185,0.0,-0.02769026956234873,0.002309730437651269,0.007690269562348731,15.380539124697464,-0.004885631561427148,0.0032960129560426904,9.228323474818477,0.025,0.0,-0.03,0.0,1.0,0.0,0.01
44,1.4666531239083085,78,0.006660942790664039,0.0,-0.028481712807056993,0.0015182871929430054,0.008481712807056995,16.96342561411399,-0.0009603053557964171,0.0016850916986500002,10.178055368468394,0.025,0.0,-0.03,0.0,1.0,0.0,0.01
44,1.4666531239083085,79,0.005710512026583827,0.0,-0.02927323824573274,0.0007267617542672591,0.009273238245732741,18.546476491465484,-0.004870542663121551,0.0027503845371814615,11.12788589487929,0.025,0.0,-0.03,0.0,1.0,0.0,0.01
44,1.4666531239083085,80,0.004748945089369914,0.0,-0.03007202581393071,7.202581393071089e-05,0.00992797418606929,19.855948372138577,0.0014451933536523299,0.001650726309843751,11.913569023283147,0.025,0.0,-0.03,0.0,1.0,0.0,0.01
45,1.4999861494516793,0,0.0,0.0,-0.02,0.009999999999999998,1.734723475976807e-18,3.469446951953614e-15,0.0,0.0,2.0816681711721685e-15,0.025,0.0,-0.03,0.0,1.0,0.0,0.01
45,1.4999861494516793,68,0.016117390266657657,0.0,-0.02062898349775402,0.00937101650224598,0.0006289834977540199,1.25796699550804,-1.7894408043497772e-05,0.00016947390087771526,0.7547801973048239,0.025,0.0,-0.03,0.0,1.0,0.0,0.01
45,1.4999861494516793,69,0.015168252552692094,0.0,-0.021422068394186446,0.008577931605813553,0.0014220683941864477,2.844136788372895,-0.0031294219596187164,0.0033489176239096924,1.7064820730237371,0.025,0.0,-0.03,0.0,1.0,0.0,0.01
45,1.4999861494516793,70,0.014219684096866159,0.0,-0.022215946400086513,0.007784053599913486,0.002215946400086514,4.431892800173029,-0.0003518389373792311,0.0001928915935877692,2.6591356801038173,0.025,0.0,-0.03,0.0,1.0,0.0,0.01
45,1.4999861494516793,71,0.013271272741058895,0.0,-0.023010024629247987,0.006989975370752011,0.003010024629247989,6.020049258495978,-0.003152395147290318,0.0029392716704939276,3.6120295550975863,0.025,0.0,-0.03,0.0,1.0,0.0,0.01
45,1.4999861494516793,72,0.012323041073156215,0.0,-0.023804279871638245,0.0061957201283617536,0.0038042798716382466,7.608559743276493,-0.0008156896638006688,6.633788128719425e-05,4.565135845965896,0.025,0.0,-0.03,0.0,1.0,0.0,0.01
45,1.4999861494516793,73,0.011374938815175954,0.0,-0.02459874881775316,0.005401251182246838,0.004598748817753162,9.197497635506323,-0.0030700870468041487,0.0024087257208706436,5.518498581303794,0.025,0.0,-0.03,0.0,1.0,0.0,0.01
45,1.4999861494516793,74,0.010427036323834356,0.0,-0.02539336605969331,0.004606633940306689,0.005393366059693311,10.786732119386622,-0.001344254226621787,0.00013300255641879845,6.4720392716319735,0.025,0.0,-0.03,0.0,1.0,0.0,0.01
45,1.4999861494516793,75,0.009479229734735434,0.0,-0.026188211202494566,0.003811788797505433,0.006188211202494567,12.376422404989134,-0.0029666357356491714,0.001851447094004322,7.42585344299348,0.025,0.0,-0.03,0.0,1.0,0.0,0.01
45,1.4999861494516793,76,0.008531640642547515,0.0,-0.02698317386178523,0.0030168261382147697,0.0069831738617852305,13.966347723570461,-0.0018564309490786235,0.0003110231058009329,8.379808634142277,0.025,0.0,-0.03,0.0,1.0,0.0,0.01
45,1.4999861494516793,77,0.007584116638444275,0.0,-0.027778372529943023,0.0022216274700569763,0.007778372529943024,15.556745059886047,-0.0029152187850628075,0.0013565481117184708,9.334047035931627,0.025,0.0,-0.03,0.0,1.0,0.0,0.01
45,1.4999861494516793,78,0.006636817435250234,0.0,-0.02857366297465569,0.0014263370253443097,0.00857366297465569,17.14732594931138,-0.0022869315468648705,0.00039195550493176826,10.288395569586827,0.025,0.0,-0.03,0.0,1.0,0.0,0.01
45,1.4999861494516793,79,0.005689562805566563,0.0,-0.029369185404056065,0.0006308145959439335,0.009369185404056067,18.738370808112133,-0.0029656909292399077,0.000985720075556772,11.24302248486728,0.025,0.0,-0.03,0.0,1.0,0.0,0.01
45,1.4999861494516793,80,0.004731564937943213,0.0,-0.030172053601237047,0.00017205360123704813,0.009827946398762952,19.655892797525905,0.0025970537443267255,0.00031720326787851517,11.793535678515543,0.025,0.0,-0.03,0.0,1.0,0.0,0.01
46,1.5333191749950499,0,0.0,0.0,-0.02,0.009999999999999998,1.734723475976807e-18,3.469446951953614e-15,0.0,0.0,2.0816681711721685e-15,0.025,0.0,-0.03,0.0,1.0,0.0,0.01
46,1.5333191749950499,68,0.01606348747871702,0.0,-0.020679218633036962,0.009320781366963037,0.0006792186330369637,1.3584372660739272,-0.003346216871206849,0.003803997164865734,0.8150623596443564,0.025,0.0,-0.03,0.0,1.0,0.0,0.01
46,1.5333191749950499,69,0.015116978081683963,0.0,-0.021475509078294503,0.008524490921705496,0.0014755090782945044,2.951018156589009,0.0003348022607870313,0.0007565609897772768,1.7706108939534053,0.025,0.0,-0.03,0.0,1.0,0.0,0.01
46,1.5333191749950499,70,0.014171101346960296,0.0,-0.022272533195528466,0.007727466804471533,0.002272533195528467,4.545066391056934,-0.003410391878549057,0.0035298223204085297,2.72703983463416,0.025,0.0,-0.03,0.0,1.0,0.0,0.01
46,1.5333191749950499,71,0.01322534435704574,0.0,-0.023069819876895346,0.0069301801231046525,0.0030698198768953477,6.1396397537906955,-0.0001519906483396033,0.0005133931032648234,3.6837838522744173,0.025,0.0,-0.03,0.0,1.0,0.0,0.01
46,1.5333191749950499,72,0.012279820266834501,0.0,-0.023867263787190098,0.006132736212809901,0.003867263787190099,7.734527574380198,-0.0031498360949519253,0.0028658410597328576,4.640716544628118,0.025,0.0,-0.03,0.0,1.0,0.0,0.01
46,1.5333191749950499,73,0.01133441247020919,0.0,-0.024664951905160524,0.005335048094839475,0.004664951905160525,9.329903810321051,-0.0008411621420101722,4.809136262004742e-05,5.59794228619263,0.025,0.0,-0.03,0.0,1.0,0.0,0.01
46,1.5333191749950499,74,0.010389215535527251,0.0,-0.02546279193463204,0.0045372080653679585,0.005462791934632042,10.925583869264084,-0.0027664679175893963,0.0020562633673252393,6.555350321558451,0.025,0.0,-0.03,0.0,1.0,0.0,0.01
46,1.5333191749950499,75,0.009444134760500114,0.0,-0.02626085014753799,0.003739149852462008,0.006260850147537992,12.521700295075984,-0.001577069988496632,0.0004697640115770313,7.51302017704559,0.025,0.0,-0.03,0.0,1.0,0.0,0.01
46,1.5333191749950499,76,0.00849923711168108,0.0,-0.02705905533722643,0.0029409446627735696,0.007059055337226431,14.118110674452861,-0.0024160537378894163,0.001285936552485709,8.470866404671716,0.025,0.0,-0.03,0.0,1.0,0.0,0.01
46,1.5333191749950499,77,0.0075544545953063645,0.0,-0.027857449307088646,0.0021425506929113533,0.007857449307088647,15.714898614177294,-0.002206128651390675,0.0008601188875176173,9.428939168506377,0.025,0.0,-0.03,0.0,1.0,0.0,0.01
46,1.5333191749950499,78,0.006609826692912313,0.0,-0.028655982247712417,0.0013440177522875824,0.008655982247712418,17.311964495424835,-0.002236495064681129,0.0007194091729965986,10.387178697254901,0.025,0.0,-0.03,0.0,1.0,0.0,0.01
46,1.5333191749950499,79,0.005665308158357328,0.0,-0.029454675197432827,0.0005453248025671723,0.009454675197432828,18.909350394865655,-0.0026131325941645754,0.000988745133843195,11.345610236919393,0.025,0.0,-0.03,0.0,1.0,0.0,0.01
46,1.5333191749950499,80,0.0047101318151296576,0.0,-0.030260975779867503,0.000260975779867504,0.009739024220132496,19.478048440264992,0.002306115815926675,0.00043845937663747645,11.686829064158994,0.025,0.0,-0.03,0.0,1.0,0.0,0.01
47,1.5666522005384205,0,0.0,0.0,-0.02,0.009999999999999998,1.734723475976807e-18,3.469446951953614e-15,0.0,0.0,2.0816681711721685e-15,0.025,0.0,-0.03,0.0,1.0,0.0,0.01
47,1.5666522005384205,68,0.016012373065126144,0.0,-0.020726987027797444,0.009273012972202555,0.000726987027797445,1.4539740555948901,-0.0013402958985106958,0.0014192082886508878,0.872384433356934,0.025,0.0,-0.03,0.0,1.0,0.0,0.01
47,1.5666522005384205,69,0.015068108231714648,0.0,-0.02152586942765392,0.00847413057234608,0.00152586942765392,3.0517388553078404,-0.0015354903470899115,0.0015043037533589237,1.8310433131847041,0.025,0.0,-0.03,0.0,1.0,0.0,0.01
47,1.5666522005384205,70,0.014124396500826749,0.0,-0.022325532807506036,0.0076744671924939625,0.0023255328075060377,4.651065615012075,-0.0017210580118491505,0.0015868018113547315,2.790639369007245,0.025,0.0,-0.03,0.0,1.0,0.0,0.01
47,1.5666522005384205,71,0.013180893351513795,0.0,-0.023125409359598396,0.006874590640401603,0.003125409359598397,6.250818719196794,-0.0011073264326489861,0.000717663785467405,3.7504912315180765,0.025,0.0,-0.03,0.0,1.0,0.0,0.01
47,1.5666522005384205,72,0.012237559818196804,0.0,-0.023925517079445808,0.006074482920554191,0.003925517079445809,7.851034158891618,-0.0025576130566894507,0.0022824576115509044,4.710620495334971,0.025,0.0,-0.03,0.0,1.0,0.0,0.01
47,1.5666522005384205,73,0.011294420776320986,0.0,-0.024725818462996842,0.0052741815370031565,0.004725818462996844,9.451636925993688,-0.00047833316620209424,0.00031393559680640025,5.670982155596213,0.025,0.0,-0.03,0.0,1.0,0.0,0.01
47,1.5666522005384205,74,0.010351434191398341,0.0,-0.025526331437046877,0.004473668562953122,0.0055263314370468785,11.052662874093757,-0.003497131269032118,0.0030967168199392964,6.631597724456254,0.025,0.0,-0.03,0.0,1.0,0.0,0.01
47,1.5666522005384205,75,0.009408623633089702,0.0,-0.02632701705952742,0.00367298294047258,0.00632701705952742,12.65403411905484,0.0001352969628223613,0.0013274555454984938,7.592420471432904,0.025,0.0,-0.03,0.0,1.0,0.0,0.01
47,1.5666522005384205,76,0.008465947576287877,0.0,-0.027127890568780583,0.0028721094312194155,0.007127890568780585,14.25578113756117,-0.0043003166117881585,0.0037486356119288368,8.553468682536701,0.025,0.0,-0.03,0.0,1.0,0.0,0.01
47,1.5666522005384205,77,0.007523425637880384,0.0,-0.027928914338327462,0.0020710856616725365,0.007928914338327464,15.857828676654927,0.0004957296211685832,0.0020418742266719945,9.514697205992956,0.025,0.0,-0.03,0.0,1.0,0.0,0.01
47,1.5666522005384205,78,0.006581019268134115,0.0,-0.028730099347330406,0.0012699006526695929,0.008730099347330407,17.460198694660814,-0.004747757611148635,0.003982310250921405,10.476119216796489,0.025,0.0,-0.03,0.0,1.0,0.0,0.01
47,1.5666522005384205,79,0.005638743005666299,0.0,-0.02953141080738968,0.0004685891926103185,0.009531410807389682,19.062821614779363,0.00042215489844006805,0.0022462240527175823,11.437692968867617,0.025,0.0,-0.03,0.0,1.0,0.0,0.01
47,1.5666522005384205,80,0.004685916171625511,0.0,-0.030340509284020302,0.00034050928402030306,0.009659490715979697,19.318981431959394,0.004822516411803465,0.0037745680267720467,11.591388859175636,0.025,0.0,-0.03,0.0,1.0,0.0,0.01
48,1.5999852260817913,0,0.0,0.0,-0.02,0.009999999999999998,1.734723475976807e-18,3.469446951953614e-15,0.0,0.0,2.0816681711721685e-15,0.025,0.0,-0.03,0.0,1.0,0.0,0.01
48,1.5999852260817913,68,0.01596397697312756,0.0,-0.020772365313155575,0.009227634686844424,0.0007723653131555767,1.5447306263111533,-0.0022916944938196973,0.0025487487443832087,0.9268383757866919,0.025,0.0,-0.03,0.0,1.0,0.0,0.01
48,1.5999852260817913,69,0.015021579771003175,0.0,-0.021573400996747743,0.008426599003252256,0.0015734009967477442,3.1468019934954885,-0.00041552992950247096,0.00021976875756124275,1.888081196097293,0.025,0.0,-0.03,0.0,1.0,0.0,0.01
48,1.5999852260817913,70,0.014079672941043054,0.0,-0.022375241049935483,0.0076247589500645155,0.0023752410499354847,4.750482099870969,-0.0023127556817279854,0.0023313544547860715,2.8502892599225813,0.025,0.0,-0.03,0.0,1.0,0.0,0.01
48,1.5999852260817913,71,0.013138033175902323,0.0,-0.023177265558807135,0.006822734441192864,0.0031772655588071363,6.354531117614273,-0.0007935986503766746,0.0004273281537117646,3.8127186705685636,0.025,0.0,-0.03,0.0,1.0,0.0,0.01
48,1.5999852260817913,72,0.012196531249701532,0.0,-0.0239795652115103,0.006020434788489699,0.0039795652115103015,7.959130423020603,-0.002073729964102719,0.0018097704611173867,4.775478253812361,0.025,0.0,-0.03,0.0,1.0,0.0,0.01
48,1.5999852260817913,73,0.011255262698088547,0.0,-0.02478203784248901,0.00521796215751099,0.00478203784248901,9.56407568497802,-0.001336157416041233,0.0008236357307128541,5.738445410986812,0.025,0.0,-0.03,0.0,1.0,0.0,0.01
48,1.5999852260817913,74,0.010314127995189493,0.0,-0.025584746049177938,0.004415253950822061,0.005584746049177939,11.169492098355878,-0.0017380084873982872,0.0011741667482430863,6.701695259013527,0.025,0.0,-0.03,0.0,1.0,0.0,0.01
48,1.5999852260817913,75,0.009373185252023188,0.0,-0.02638761679642334,0.0036123832035766593,0.006387616796423341,12.775233592846682,-0.0019057904479613387,0.001249812640311547,7.665140155708009,0.025,0.0,-0.03,0.0,1.0,0.0,0.01
48,1.5999852260817913,76,0.008432371951964276,0.0,-0.02719067879500941,0.0028093212049905905,0.00719067879500941,14.381357590018819,-0.0014464351713123125,0.0005907215935328795,8.62881455401129,0.025,0.0,-0.03,0.0,1.0,0.0,0.01
48,1.5999852260817913,77,0.007491707700067522,0.0,-0.02799388976705786,0.0020061102329421397,0.00799388976705786,15.98777953411572,-0.002366038933206926,0.0015473030715678776,9.592667720469432,0.025,0.0,-0.03,0.0,1.0,0.0,0.01
48,1.5999852260817913,78,0.006551163189288075,0.0,-0.02879724839754376,0.0012027516024562396,0.00879724839754376,17.594496795087522,-0.001319057599393525,0.00020083681383119658,10.556698077052513,0.025,0.0,-0.03,0.0,1.0,0.0,0.01
48,1.5999852260817913,79,0.005610728988657338,0.0,-0.02960073582635349,0.00039926417364651023,0.00960073582635349,19.20147165270698,-0.0026192120650444747,0.0016036629477010308,11.52088299162419,0.025,0.0,-0.03,0.0,1.0,0.0,0.01
48,1.5999852260817913,80,0.004659865638873077,0.0,-0.03041212498208545,0.000412124982085451,0.00958787501791455,19.175750035829097,0.0013996102996472032,4.817918327237487e-05,11.505450021497458,0.025,0.0,-0.03,0.0,1.0,0.0,0.01
49,1.6333182516251619,0,0.0,0.0,-0.02,0.009999999999999998,1.734723475976807e-18,3.469446951953614e-15,0.0,0.0,2.0816681711721685e-15,0.025,0.0,-0.03,0.0,1.0,0.0,0.01
49,1.6333182516251619,67,0.01686067329448748,0.0,-0.020014606093929174,0.009985393906070825,1.4606093929175543e-05,0.029212187858351085,-0.0012635025601237066,0.0014401215594968448,0.01752731271501065,0.025,0.0,-0.03,0.0,1.0,0.0,0.01
49,1.6333182516251619,68,0.015918212638988412,0.0,-0.020815435893210735,0.009184564106789264,0.000815435893210736,1.6308717864214721,-0.0011897500643419053,0.0012598039325719466,0.9785230718528832,0.025,0.0,-0.03,0.0,1.0,0.0,0.01
49,1.6333182516251619,69,0.014977314964543033,0.0,-0.02161832712142236,0.008381672878577637,0.0016183271214223627,3.2366542428447254,-0.0014172693117647079,0.0014244355407106184,1.9419925457068352,0.025,0.0,-0.03,0.0,1.0,0.0,0.01
49,1.6333182516251619,70,0.014036978972513143,0.0,-0.022421924626604528,0.007578075373395471,0.0024219246266045293,4.843849253209059,-0.0011194035537989372,0.0009710015922701926,2.906309551925435,0.025,0.0,-0.03,0.0,1.0,0.0,0.01
49,1.6333182516251619,71,0.013096841984159707,0.0,-0.023225781829499338,0.006774218170500661,0.0032257818294993395,6.451563658998679,-0.001803844970614567,0.0016720078465103977,3.8709381953992072,0.025,0.0,-0.03,0.0,1.0,0.0,0.01
49,1.6333182516251619,72,0.012156912240046792,0.0,-0.024029868781186688,0.005970131218813311,0.004029868781186689,8.059737562373378,-0.000888951228703672,0.0005019829686618164,4.835842537424027,0.025,0.0,-0.03,0.0,1.0,0.0,0.01
49,1.6333182516251619,73,0.011217177549605805,0.0,-0.024834171317177463,0.005165828682822535,0.004834171317177465,9.66834263435493,-0.002254037502601217,0.001996487822304977,5.801005580612958,0.025,0.0,-0.03,0.0,1.0,0.0,0.01
49,1.6333182516251619,74,0.010277603127561201,0.0,-0.025638693122252636,0.004361306877747363,0.005638693122252637,11.277386244505275,-0.0006404963619541085,1.0831756446651845e-05,6.766431746703165,0.025,0.0,-0.03,0.0,1.0,0.0,0.01
49,1.6333182516251619,75,0.009338220477157443,0.0,-0.02644337980169667,0.0035566201983033285,0.006443379801696672,12.886759603393344,-0.00267383404825841,0.0022842138658793277,7.732055762036006,0.025,0.0,-0.03,0.0,1.0,0.0,0.01
49,1.6333182516251619,76,0.0083989481975847,0.0,-0.027248272514814275,0.002751727485185724,0.007248272514814276,14.496545029628553,-0.0004719116704969575,0.00038684027227746425,8.69792701777713,0.025,0.0,-0.03,0.0,1.0,0.0,0.01
49,1.6333182516251619,77,0.007459858886569378,0.0,-0.028053279565569925,0.0019467204344300743,0.008053279565569926,16.106559131139853,-0.0029684930721476303,0.0024258607285727657,9.663935478683912,0.025,0.0,-0.03,0.0,1.0,0.0,0.01
49,1.6333182516251619,78,0.006520834760520584,0.0,-0.028858471658357008,0.001141528341642991,0.00885847165835701,17.71694331671402,-0.00046593144518194843,0.0005939198573986842,10.630165990028411,0.025,0.0,-0.03,0.0,1.0,0.0,0.01
49,1.6333182516251619,79,0.005581973813304458,0.0,-0.029663734040380467,0.00033626595961953193,0.009663734040380468,19.327468080760937,-0.0030710249205444266,0.00234543280515961,11.596480848456562,0.025,0.0,-0.03,0.0,1.0,0.0,0.01
49,1.6333182516251619,80,0.004632706355668742,0.0,-0.030477054611815373,0.00047705461181537373,0.009522945388184626,19.04589077636925,0.0006178158845746259,0.0006225733193798385,11.42753446582155,0.025,0.0,-0.03,0.0,1.0,0.0,0.01
50,1.6666512771685325,0,0.0,0.0,-0.02,0.009999999999999998,1.734723475976807e-18,3.469446951953614e-15,0.0,0.0,2.0816681711721685e-15,0.025,0.0,-0.03,0.0,1.0,0.0,0.01
50,1.6666512771685325,67,0.016816056901814744,0.0,-0.020053977708956696,0.009946022291043303,5.397770895669736e-05,0.10795541791339472,-0.0029707369789109318,0.003410857294845407,0.06477325074803683,0.025,0.0,-0.03,0.0,1.0,0.0,0.01
50,1.6666512771685325,68,0.015874898509202855,0.0,-0.020856359359781917,0.009143640640218081,0.0008563593597819188,1.7127187195638376,0.0006110667385756993,0.000849082762668417,1.0276312317383025,0.025,0.0,-0.03,0.0,1.0,0.0,0.01
50,1.6666512771685325,69,0.014935307152211212,0.0,-0.02166077914742455,0.008339220852575449,0.0016607791474245511,3.321558294849102,-0.0030419526895871544,0.0033412763073103007,1.992934976909461,0.025,0.0,-0.03,0.0,1.0,0.0,0.01
50,1.6666512771685325,70,0.013996256258869239,0.0,-0.022465880362190344,0.007534119637809655,0.0024658803621903456,4.931760724380691,0.00038118225445244906,0.0007460954201806859,2.9590564346284145,0.025,0.0,-0.03,0.0,1.0,0.0,0.01
50,1.6666512771685325,71,0.013057410899317208,0.0,-0.023271250138035906,0.006728749861964093,0.003271250138035907,6.542500276071815,-0.002755515803228754,0.0028285053214466027,3.9255001656430886,0.025,0.0,-0.03,0.0,1.0,0.0,0.01
50,1.6666512771685325,72,0.012118786801892602,0.0,-0.024076848918644287,0.005923151081355712,0.004076848918644288,8.153697837288577,-0.00021782220952592954,0.00021378857148532236,4.892218702373146,0.025,0.0,-0.03,0.0,1.0,0.0,0.01
50,1.6666512771685325,73,0.011180345856011855,0.0,-0.024882681508258116,0.0051173184917418825,0.004882681508258118,9.765363016516236,-0.0022225305784931053,0.0020371244786383524,5.859217809909741,0.025,0.0,-0.03,0.0,1.0,0.0,0.01
50,1.6666512771685325,74,0.010242092753697923,0.0,-0.02568871442115959,0.004311285578840408,0.0056887144211595925,11.377428842319185,-0.0009700885989957003,0.0004937863451758684,6.826457305391511,0.025,0.0,-0.03,0.0,1.0,0.0,0.01
50,1.6666512771685325,75,0.009303998876970776,0.0,-0.026494941399019794,0.003505058600980205,0.006494941399019795,12.98988279803959,-0.0016368503048901067,0.0011852764562345077,7.793929678823753,0.025,0.0,-0.03,0.0,1.0,0.0,0.01
50,1.6666512771685325,76,0.008366055929966698,0.0,-0.027301337586933185,0.0026986624130668144,0.007301337586933186,14.602675173866372,-0.0016743498841663303,0.0011440538310650268,8.761605104319823,0.025,0.0,-0.03,0.0,1.0,0.0,0.01
50,1.6666512771685325,77,0.007428245805619552,0.0,-0.028107885629238414,0.001892114370761585,0.008107885629238415,16.21577125847683,-0.0011939784732333293,0.0005009469335724222,9.729462755086098,0.025,0.0,-0.03,0.0,1.0,0.0,0.01
50,1.6666512771685325,78,0.006490548908607475,0.0,-0.028914568760967714,0.0010854312390322848,0.008914568760967715,17.82913752193543,-0.002153385802910675,0.0015323060573314744,10.697482513161257,0.025,0.0,-0.03,0.0,1.0,0.0,0.01
50,1.6666512771685325,79,0.005552955131815993,0.0,-0.029721361597140738,0.00027863840285926103,0.00972136159714074,19.442723194281477,-0.0010381611362131993,0.00015195224347344506,11.665633916568886,0.025,0.0,-0.03,0.0,1.0,0.0,0.01
50,1.6666512771685325,80,0.004605078455582056,0.0,-0.030536248031946052,0.000536248031946053,0.009463751968053947,18.927503936107893,0.002333137047128396,0.001569614847335283,11.356502361664736,0.025,0.0,-0.03,0.0,1.0,0.0,0.01
51,1.699984302711903,0,0.0,0.0,-0.02,0.009999999999999998,1.734723475976807e-18,3.469446951953614e-15,0.0,0.0,2.0816681711721685e-15,0.025,0.0,-0.03,0.0,1.0,0.0,0.01
51,1.699984302711903,67,0.016773985873852617,0.0,-0.02009151164940766,0.00990848835059234,9.151164940766031e-05,0.18302329881532062,-0.0015794345016821266,0.0017820133141842611,0.10981397928919237,0.025,0.0,-0.03,0.0,1.0,0.0,0.01
51,1.699984302711903,68,0.015833927068967718,0.0,-0.020895228352208483,0.009104771647791516,0.0008952283522084842,1.7904567044169686,-0.0006667151985381748,0.0006467274999417775,1.074274022650181,0.025,0.0,-0.03,0.0,1.0,0.0,0.01
51,1.699984302711903,69,0.014895461748761862,0.0,-0.021700935485268504,0.008299064514731495,0.0017009354852685048,3.4018709705370096,-0.0016105988661210605,0.0016779183007247997,2.0411225823222057,0.025,0.0,-0.03,0.0,1.0,0.0,0.01
51,1.699984302711903,70,0.013957488438614992,0.0,-0.022507318640194868,0.007492681359805131,0.002507318640194869,5.014637280389738,-0.0007956422997761766,0.0006548359662862003,3.0087823682338426,0.025,0.0,-0.03,0.0,1.0,0.0,0.01
51,1.699984302711903,71,0.013019749565229916,0.0,-0.023313957564386305,0.006686042435613694,0.003313957564386306,6.627915128772612,-0.0016047305102014954,0.0015246581176493624,3.976749077263567,0.025,0.0,-0.03,0.0,1.0,0.0,0.01
51,1.699984302711903,72,0.012082222760259649,0.0,-0.024120842586949423,0.005879157413050576,0.004120842586949424,8.24168517389885,-0.0009806371669592079,0.0007274543283263525,4.94501110433931,0.025,0.0,-0.03,0.0,1.0,0.0,0.01
51,1.699984302711903,73,0.011144886325258983,0.0,-0.024927961612385936,0.005072038387614063,0.004927961612385937,9.855923224771875,-0.0015362578775497445,0.0013011217119295864,5.913553934863125,0.025,0.0,-0.03,0.0,1.0,0.0,0.01
51,1.699984302711903,74,0.01020774733356769,0.0,-0.025735276143680267,0.004264723856319732,0.005735276143680268,11.470552287360537,-0.0012040964270171276,0.0008433686421130247,6.8823313724163215,0.025,0.0,-0.03,0.0,1.0,0.0,0.01
51,1.699984302711903,75,0.00927074897985882,0.0,-0.026542801305182093,0.003457198694817906,0.006542801305182094,13.085602610364187,-0.0014545985814617445,0.0010622436052098172,7.851361566218512,0.025,0.0,-0.03,0.0,1.0,0.0,0.01
51,1.699984302711903,76,0.008333930511558943,0.0,-0.027350468311875768,0.0026495316881242313,0.007350468311875769,14.700936623751538,-0.0014169052819148552,0.0009466167166014297,8.820561974250923,0.025,0.0,-0.03,0.0,1.0,0.0,0.01
51,1.699984302711903,77,0.007397203311503223,0.0,-0.02815831765875856,0.0018416823412414386,0.008158317658758562,16.31663531751712,-0.001405050128711932,0.000861239326641601,9.789981190510273,0.025,0.0,-0.03,0.0,1.0,0.0,0.01
51,1.699984302711903,78,0.006460631482712342,0.0,-0.028966257534294514,0.0010337424657054853,0.008966257534294515,17.93251506858903,-0.0015789541640017076,0.0009915418473498295,10.759509041153418,0.025,0.0,-0.03,0.0,1.0,0.0,0.01
51,1.699984302711903,79,0.005524107404208361,0.0,-0.02977434379267341,0.00022565620732658762,0.009774343792673413,19.548687585346826,-0.001418713294844094,0.000734764701851965,11.729212551208095,0.025,0.0,-0.03,0.0,1.0,0.0,0.01
51,1.699984302711903,80,0.004577407608967587,0.0,-0.030590545139812932,0.0005905451398129334,0.009409454860187067,18.818909720374133,0.0016749601101418538,0.0009573700969889197,11.29134583222448,0.025,0.0,-0.03,0.0,1.0,0.0,0.01
52,1.7333173282552738,0,0.0,0.0,-0.02,0.009999999999999998,1.734723475976807e-18,3.469446951953614e-15,0.0,0.0,2.0816681711721685e-15,0.025,0.0,-0.03,0.0,1.0,0.0,0.01
52,1.7333173282552738,67,0.016734286813560113,0.0,-0.020127280887369255,0.009872719112630744,0.00012728088736925665,0.25456177473851327,-0.00026040761093253393,0.0002466170945593165,0.15273706484310795,0.025,0.0,-0.03,0.0,1.0,0.0,0.01
52,1.7333173282552738,68,0.015795190732066602,0.0,-0.02093213522989971,0.009067864770100287,0.0009321352298997127,1.8642704597994255,-0.0018693811106187596,0.0020488355519575493,1.1185622758796552,0.025,0.0,-0.03,0.0,1.0,0.0,0.01
52,1.7333173282552738,69,0.01485767978994404,0.0,-0.021738958427138095,0.008261041572861904,0.0017389584271380962,3.4779168542761925,-0.0003038604033430282,0.00016367166027365105,2.0867501125657153,0.025,0.0,-0.03,0.0,1.0,0.0,0.01
52,1.7333173282552738,70,0.013920640718033842,0.0,-0.022546425702191387,0.007453574297808612,0.002546425702191388,5.092851404382777,-0.0018688298022304076,0.001923249062399417,3.055710842629666,0.025,0.0,-0.03,0.0,1.0,0.0,0.01
52,1.7333173282552738,71,0.012983840949685322,0.0,-0.02335415463798037,0.0066458453620196305,0.0033541546379803697,6.7083092759607394,-0.0005614636375845201,0.00034483649027621107,4.0249855655764435,0.025,0.0,-0.03,0.0,1.0,0.0,0.01
52,1.7333173282552738,72,0.012047255560023638,0.0,-0.024162135295696743,0.005837864704303256,0.004162135295696744,8.324270591393487,-0.001658932745868395,0.0015560672909833786,4.994562354836092,0.025,0.0,-0.03,0.0,1.0,0.0,0.01
52,1.7333173282552738,73,0.011110867545592757,0.0,-0.024970349022369102,0.0050296509776308965,0.004970349022369104,9.940698044738207,-0.0009435039319141429,0.000665174013718115,5.964418826842924,0.025,0.0,-0.03,0.0,1.0,0.0,0.01
52,1.7333173282552738,74,0.010174671675419756,0.0,-0.025778765329221208,0.004221234670778791,0.005778765329221209,11.557530658442419,-0.0013732261402863647,0.0011014169097998887,6.934518395065451,0.025,0.0,-0.03,0.0,1.0,0.0,0.01
52,1.7333173282552738,75,0.009238625935834828,0.0,-0.026587384068592974,0.003412615931407025,0.006587384068592975,13.17476813718595,-0.0013500887229629388,0.0010128612202592675,7.90486088231157,0.025,0.0,-0.03,0.0,1.0,0.0,0.01
52,1.7333173282552738,76,0.008302747459473604,0.0,-0.027396152853643795,0.0026038471463562043,0.007396152853643796,14.792305707287591,-0.0011159355604252773,0.0006803330033092957,8.875383424372554,0.025,0.0,-0.03,0.0,1.0,0.0,0.01
52,1.7333173282552738,77,0.007366971159793924,0.0,-0.028205089427095008,0.001794910572904991,0.00820508942709501,16.41017885419002,-0.0016779862898451707,0.0012693164952726486,9.846107312514011,0.025,0.0,-0.03,0.0,1.0,0.0,0.01
52,1.7333173282552738,78,0.006431332023606984,0.0,-0.029014124440390844,0.0009858755596091548,0.009014124440390845,18.028248880781693,-0.000980153764077097,0.0004009255514163238,10.816949328469015,0.025,0.0,-0.03,0.0,1.0,0.0,0.01
52,1.7333173282552738,79,0.0054957508004835984,0.0,-0.029823286931901703,0.00017671306809829632,0.009823286931901704,19.646573863803408,-0.0018500254165361122,0.0013463888763437834,11.787944318282044,0.025,0.0,-0.03,0.0,1.0,0.0,0.01
52,1.7333173282552738,80,0.00455002375823504,0.0,-0.030640630308967305,0.0006406303089673063,0.009359369691032694,18.718739382065387,0.0010033284804638442,0.00030326282430642997,11.231243629239232,0.025,0.0,-0.03,0.0,1.0,0.0,0.01
53,1.7666503537986444,0,0.0,0.0,-0.02,0.009999999999999998,1.734723475976807e-18,3.469446951953614e-15,0.0,0.0,2.0816681711721685e-15,0.025,0.0,-0.03,0.0,1.0,0.0,0.01
53,1.7666503537986444,67,0.016696781426912145,0.0,-0.02016125656793602,0.009838743432063979,0.00016125656793602137,0.3225131358720428,0.00011257081777408741,0.000139427660683931,0.19350788152322565,0.025,0.0,-0.03,0.0,1.0,0.0,0.01
53,1.7666503537986444,68,0.01575854764623305,0.0,-0.02096711506740334,0.009032884932596658,0.0009671150674033426,1.9342301348066853,-0.002073038351557869,0.0023223657733217134,1.1605380808840111,0.025,0.0,-0.03,0.0,1.0,0.0,0.01
53,1.7666503537986444,69,0.014821868933979146,0.0,-0.02177492669522116,0.00822507330477884,0.0017749266952211597,3.5498533904423195,4.271107748379859e-05,0.00020353186101922718,2.1299120342653914,0.025,0.0,-0.03,0.0,1.0,0.0,0.01
53,1.7666503537986444,70,0.013885653295274265,0.0,-0.02258333241051312,0.007416667589486878,0.0025833324105131224,5.166664821026245,-0.0020102152047785983,0.0021175421729704535,3.099998892615747,0.025,0.0,-0.03,0.0,1.0,0.0,0.01
53,1.7666503537986444,71,0.012949665682047131,0.0,-0.02339201398039878,0.00660798601960122,0.0033920139803987805,6.784027960797561,-0.00032163211376810597,0.00010073700096098404,4.070416776478536,0.025,0.0,-0.03,0.0,1.0,0.0,0.01
53,1.7666503537986444,72,0.012013902574002306,0.0,-0.024200941610680957,0.005799058389319042,0.004200941610680959,8.401883221361917,-0.0016676807674686968,0.001598417492896523,5.04112993281715,0.025,0.0,-0.03,0.0,1.0,0.0,0.01
53,1.7666503537986444,73,0.011078336163832022,0.0,-0.025010104466907362,0.004989895533092637,0.005010104466907363,10.020208933814725,-0.0008479983241241718,0.0005909830071326653,6.012125360288835,0.025,0.0,-0.03,0.0,1.0,0.0,0.01
53,1.7666503537986444,74,0.010142956396243482,0.0,-0.02581947461995036,0.0041805253800496385,0.005819474619950362,11.638949239900723,-0.0012292311686825205,0.000973462318986448,6.983369543940434,0.025,0.0,-0.03,0.0,1.0,0.0,0.01
53,1.7666503537986444,75,0.009207739372254813,0.0,-0.026629034625456835,0.003370965374543164,0.006629034625456836,13.258069250913673,-0.0013936850758200277,0.0011055585437408828,7.9548415505482035,0.025,0.0,-0.03,0.0,1.0,0.0,0.01
53,1.7666503537986444,76,0.008272667712981331,0.0,-0.027438760209959525,0.002561239790040474,0.007438760209959526,14.877520419919053,-0.0008428857846853874,0.0004120207891113506,8.926512251951431,0.025,0.0,-0.03,0.0,1.0,0.0,0.01
53,1.7666503537986444,77,0.007337722421153264,0.0,-0.02824862759634784,0.0017513724036521579,0.008248627596347842,16.497255192695686,-0.0018167726552283717,0.0014796157007621103,9.898353115617411,0.025,0.0,-0.03,0.0,1.0,0.0,0.01
53,1.7666503537986444,78,0.00640287985821072,0.0,-0.029058616432893213,0.0009413835671067856,0.009058616432893215,18.11723286578643,-0.0006345368297672919,5.774960143903427e-05,10.870339719471858,0.025,0.0,-0.03,0.0,1.0,0.0,0.01
53,1.7666503537986444,79,0.005468125085782806,0.0,-0.029868698548368645,0.00013130145163135418,0.009868698548368646,19.737397096737293,-0.0020180344186385337,0.001597869100361992,11.842438258042376,0.025,0.0,-0.03,0.0,1.0,0.0,0.01
53,1.7666503537986444,80,0.004523223865197395,0.0,-0.030687031651434042,0.0006870316514340433,0.009312968348565957,18.625936697131912,0.0006457565476113508,4.203105722565722e-05,11.175562018279146,0.025,0.0,-0.03,0.0,1.0,0.0,0.01
54,1.799983379342015,0,0.0,0.0,-0.02,0.009999999999999998,1.734723475976807e-18,3.469446951953614e-15,0.0,0.0,2.0816681711721685e-15,0.025,0.0,-0.03,0.0,1.0,0.0,0.01
54,1.799983379342015,67,0.016662284412152048,0.0,-0.020191402648505583,0.009808597351494416,0.00019140264850558454,0.38280529701116905,-0.00030438587219363113,0.0003420057424721662,0.22968317820670142,0.025,0.0,-0.03,0.0,1.0,0.0,0.01
54,1.799983379342015,68,0.015725157734264743,0.0,-0.020998557671482326,0.009001442328517673,0.000998557671482327,1.997115342964654,-0.0014375275620157994,0.0015678746552262547,1.1982692057787923,0.025,0.0,-0.03,0.0,1.0,0.0,0.01
54,1.799983379342015,69,0.014789541553964185,0.0,-0.02180762866322389,0.008192371336776107,0.0018076286632238928,3.615257326447786,-0.0004097871636235875,0.0002928898118358278,2.1691543958686714,0.025,0.0,-0.03,0.0,1.0,0.0,0.01
54,1.799983379342015,70,0.013854374431212369,0.0,-0.022617229228416955,0.007382770771583044,0.002617229228416956,5.234458456833912,-0.001460966006145589,0.001433940684995131,3.140675074100347,0.025,0.0,-0.03,0.0,1.0,0.0,0.01
54,1.799983379342015,71,0.012919413241142784,0.0,-0.023427110854490514,0.006572889145509485,0.0034271108544905154,6.854221708981031,-0.0005815011805304758,0.00033921248408542553,4.112533025388618,0.025,0.0,-0.03,0.0,1.0,0.0,0.01
54,1.799983379342015,72,0.011984681002346897,0.0,-0.024237221935699677,0.005762778064300322,0.0042372219356996785,8.474443871399357,-0.001395817978397473,0.0012008913016773673,5.084666322839614,0.025,0.0,-0.03,0.0,1.0,0.0,0.01
54,1.799983379342015,73,0.011050135754364606,0.0,-0.02504756525760481,0.004952434742395189,0.005047565257604811,10.095130515209622,-0.0008361886636265692,0.0004769532046654169,6.057078309125773,0.025,0.0,-0.03,0.0,1.0,0.0,0.01
54,1.799983379342015,74,0.010115770240879117,0.0,-0.0258581119279659,0.004141888072034097,0.005858111927965903,11.716223855931807,-0.001276614992568348,0.0009069108750408636,7.029734313559084,0.025,0.0,-0.03,0.0,1.0,0.0,0.01
54,1.799983379342015,75,0.009181572504393049,0.0,-0.02666883574495359,0.0033311642550464086,0.0066688357449535916,13.337671489907184,-0.0011130896043439274,0.000640473110387048,8.00260289394431,0.025,0.0,-0.03,0.0,1.0,0.0,0.01
54,1.799983379342015,76,0.008247501914945657,0.0,-0.027479734287567968,0.0025202657124320307,0.0074797342875679695,14.959468575135938,-0.0011665320433715933,0.0006244323599482912,8.975681145081563,0.025,0.0,-0.03,0.0,1.0,0.0,0.01
54,1.799983379342015,77,0.007313575828497104,0.0,-0.028290753980117128,0.0017092460198828707,0.00829075398011713,16.58150796023426,-0.001349837026682875,0.0007580425602969656,9.948904776140555,0.025,0.0,-0.03,0.0,1.0,0.0,0.01
54,1.799983379342015,78,0.006379726765910357,0.0,-0.029101914335879248,0.0008980856641207513,0.009101914335879249,18.203828671758497,-0.0011222514742592377,0.00041860371388873467,10.922297203055098,0.025,0.0,-0.03,0.0,1.0,0.0,0.01
54,1.799983379342015,79,0.005445991633262594,0.0,-0.0299131439731071,8.685602689289737e-05,0.009913143973107103,19.826287946214205,-0.0014999124810529526,0.0007763035793742917,11.895772767728522,0.025,0.0,-0.03,0.0,1.0,0.0,0.01
54,1.799983379342015,80,0.0045020223658756445,0.0,-0.03073257983963153,0.0007325798396315315,0.009267420160368469,18.534840320736937,0.0011680524440276796,0.00031899282479572557,11.120904192442161,0.025,0.0,-0.03,0.0,1.0,0.0,0.01
55,1.8333164048853856,0,0.0,0.0,-0.02,0.009999999999999998,1.734723475976807e-18,3.469446951953614e-15,0.0,0.0,2.0816681711721685e-15,0.025,0.0,-0.03,0.0,1.0,0.0,0.01
55,1.8333164048853856,67,0.016631834354139848,0.0,-0.020218169344156336,0.009781830655843662,0.0002181693441563378,0.43633868831267564,-0.0008710602065512425,0.0009905658777558633,0.2618032129876054,0.025,0.0,-0.03,0.0,1.0,0.0,0.01
55,1.8333164048853856,68,0.015695874038591785,0.0,-0.021026709109436072,0.008973290890563927,0.0010267091094360737,2.0534182188721473,-0.0006808830288406731,0.0006882457805654904,1.2320509313232884,0.025,0.0,-0.03,0.0,1.0,0.0,0.01
55,1.8333164048853856,69,0.014761420762218475,0.0,-0.02183712387991343,0.008162876120086569,0.0018371238799134316,3.674247759826863,-0.0009780585463199632,0.0009483376119695272,2.204548655896118,0.025,0.0,-0.03,0.0,1.0,0.0,0.01
55,1.8333164048853856,70,0.013827391049502681,0.0,-0.02264804339394335,0.007351956606056649,0.002648043393943351,5.296086787886702,-0.0007945050335240948,0.000659325172305936,3.1776520727320214,0.025,0.0,-0.03,0.0,1.0,0.0,0.01
55,1.8333164048853856,71,0.012893574135387284,0.0,-0.02345923778397497,0.00654076221602503,0.0034592377839749704,6.918475567949941,-0.0009307202859037709,0.0007362880991114184,4.151085340769964,0.025,0.0,-0.03,0.0,1.0,0.0,0.01
55,1.8333164048853856,72,0.011959979854626494,0.0,-0.024270666065287296,0.005729333934712703,0.0042706660652872975,8.541332130574595,-0.001025265018398776,0.0007653610101839064,5.124799278344757,0.025,0.0,-0.03,0.0,1.0,0.0,0.01
55,1.8333164048853856,73,0.011026577439605088,0.0,-0.025082320655422104,0.004917679344577895,0.005082320655422105,10.16464131084421,-0.0008428388991113865,0.00047582596785417927,6.098784786506526,0.025,0.0,-0.03,0.0,1.0,0.0,0.01
55,1.8333164048853856,74,0.010093349424885212,0.0,-0.025894180826184495,0.004105819173815504,0.005894180826184496,11.788361652368993,-0.001273636302494157,0.0008915145104593156,7.073016991421396,0.025,0.0,-0.03,0.0,1.0,0.0,0.01
55,1.8333164048853856,75,0.009160291249996113,0.0,-0.02670621326809087,0.0032937867319091305,0.00670621326809087,13.412426536181739,-0.0007620246977877471,0.00022390104549844012,8.047455921709043,0.025,0.0,-0.03,0.0,1.0,0.0,0.01
55,1.8333164048853856,76,0.008227356452578303,0.0,-0.02751842005400476,0.002481579945995238,0.007518420054004762,15.036840108009525,-0.0014904752669796409,0.0009814699447846388,9.022104064805715,0.025,0.0,-0.03,0.0,1.0,0.0,0.01
55,1.8333164048853856,77,0.007294565297497631,0.0,-0.028330744383573348,0.0016692556164266507,0.00833074438357335,16.6614887671467,-0.000734232427298594,3.347469119494272e-05,9.99689326028802,0.025,0.0,-0.03,0.0,1.0,0.0,0.01
55,1.8333164048853856,78,0.006361848782864983,0.0,-0.029143206639571803,0.0008567933604281958,0.009143206639571804,18.28641327914361,-0.0016356221587126496,0.0009895704118264288,10.971847967486164,0.025,0.0,-0.03,0.0,1.0,0.0,0.01
55,1.8333164048853856,79,0.00542924308279047,0.0,-0.02995573539950956,4.4264600490437345e-05,0.009955735399509563,19.911470799019124,-0.0007907996742788074,5.9543912927535355e-05,11.946882479411475,0.025,0.0,-0.03,0.0,1.0,0.0,0.01
55,1.8333164048853856,80,0.004486397403655445,0.0,-0.030776462734432207,0.0007764627344322081,0.009223537265567792,18.447074531135584,0.0017067011423720713,0.0009128709936243745,11.06824471868135,0.025,0.0,-0.03,0.0,1.0,0.0,0.01
56,1.8666494304287564,0,0.0,0.0,-0.02,0.009999999999999998,1.734723475976807e-18,3.469446951953614e-15,0.0,0.0,2.0816681711721685e-15,0.025,0.0,-0.03,0.0,1.0,0.0,0.01
56,1.8666494304287564,67,0.016604815542187647,0.0,-0.020242042262197266,0.009757957737802733,0.00024204226219726697,0.484084524394534,-0.0013358952095261854,0.0015193181099494612,0.2904507146367204,0.025,0.0,-0.03,0.0,1.0,0.0,0.01
56,1.8666494304287564,68,0.015669989236624035,0.0,-0.021051925629052927,0.008948074370947072,0.0010519256290529282,2.1038512581058564,-5.3701024135112155e-05,3.240233738614509e-05,1.2623107548635137,0.025,0.0,-0.03,0.0,1.0,0.0,0.01
56,1.8666494304287564,69,0.014736675371136782,0.0,-0.021863648650097767,0.008136351349902232,0.001863648650097768,3.727297300195536,-0.0014306905482388292,0.0014765619368288397,2.2363783801173214,0.025,0.0,-0.03,0.0,1.0,0.0,0.01
56,1.8666494304287564,70,0.013803762229711233,0.0,-0.022675862336673434,0.007324137663326565,0.002675862336673435,5.35172467334687,-0.0002129963870857941,5.649320538328976e-07,3.2110348040081216,0.025,0.0,-0.03,0.0,1.0,0.0,0.01
56,1.8666494304287564,71,0.012871072843803705,0.0,-0.023488344885453972,0.006511655114546027,0.003488344885453973,6.976689770907947,-0.0012687324502711802,0.0011356146681885083,4.186013862544768,0.025,0.0,-0.03,0.0,1.0,0.0,0.01
56,1.8666494304287564,72,0.011938600480573026,0.0,-0.024301068446613266,0.005698931553386733,0.004301068446613267,8.602136893226534,-0.000602457546015109,0.0002942614141458427,5.16128213593592,0.025,0.0,-0.03,0.0,1.0,0.0,0.01
56,1.8666494304287564,73,0.011006325665781367,0.0,-0.025114014395243446,0.004885985604756553,0.005114014395243447,10.228028790486896,-0.0009786800693605165,0.0006494502333839533,6.136817274292137,0.025,0.0,-0.03,0.0,1.0,0.0,0.01
56,1.8666494304287564,74,0.010074222997973102,0.0,-0.025927167674770796,0.004072832325229203,0.005927167674770797,11.854335349541595,-0.0010684977242636574,0.0006757862990151174,7.112601209724956,0.025,0.0,-0.03,0.0,1.0,0.0,0.01
56,1.8666494304287564,75,0.009142289630661602,0.0,-0.026740492208967535,0.0032595077910324635,0.006740492208967537,13.480984417935073,-0.0006697140940062249,0.00014230132382366423,8.088590650761043,0.025,0.0,-0.03,0.0,1.0,0.0,0.01
56,1.8666494304287564,76,0.008210480961753395,0.0,-0.027553987284147766,0.0024460127158522325,0.007553987284147768,15.107974568295536,-0.0014938648894030388,0.0010102080679915376,9.064784740977322,0.025,0.0,-0.03,0.0,1.0,0.0,0.01
56,1.8666494304287564,77,0.007278809705451661,0.0,-0.02836760138504941,0.0016323986149505872,0.008367601385049413,16.735202770098827,-0.000457884428992383,0.0002527372947755769,10.041121662059295,0.025,0.0,-0.03,0.0,1.0,0.0,0.01
56,1.8666494304287564,78,0.006347216818699174,0.0,-0.029181345138037742,0.000818654861962257,0.009181345138037743,18.362690276075487,-0.0017721181939202152,0.0011763385560644686,11.017614165645291,0.025,0.0,-0.03,0.0,1.0,0.0,0.01
56,1.8666494304287564,79,0.005415724675448263,0.0,-0.029995157888346155,4.84211165384385e-06,0.009995157888346156,19.990315776692313,-0.0004309083667610041,0.000435462563780131,11.994189466015387,0.025,0.0,-0.03,0.0,1.0,0.0,0.01
56,1.8666494304287564,80,0.004474017041248829,0.0,-0.03081718306721069,0.000817183067210691,0.00918281693278931,18.36563386557862,0.001870738708690333,0.0011363080222669387,11.01938031934717,0.025,0.0,-0.03,0.0,1.0,0.0,0.01
57,1.899982455972127,0,0.0,0.0,-0.02,0.009999999999999998,1.734723475976807e-18,3.469446951953614e-15,0.0,0.0,2.0816681711721685e-15,0.025,0.0,-0.03,0.0,1.0,0.0,0.01
57,1.899982455972127,67,0.016580725084420118,0.0,-0.020263421124269997,0.009736578875730002,0.0002634211242699986,0.5268422485399972,-0.0014341454973856344,0.0016289043209129711,0.3161053491239983,0.025,0.0,-0.03,0.0,1.0,0.0,0.01
57,1.899982455972127,68,0.01564697247042511,0.0,-0.021074567165002393,0.008925432834997606,0.001074567165002394,2.149134330004788,0.00017798704750632865,0.0002932098083693479,1.2894805980028727,0.025,0.0,-0.03,0.0,1.0,0.0,0.01
57,1.899982455972127,69,0.014714735639476357,0.0,-0.021887526393852618,0.00811247360614738,0.0018875263938526194,3.775052787705239,-0.0015043023697097924,0.0015686346641816153,2.2650316726231434,0.025,0.0,-0.03,0.0,1.0,0.0,0.01
57,1.899982455972127,70,0.01378288418785838,0.0,-0.022700963071697663,0.007299036928302336,0.002700963071697664,5.401926143395328,-3.3283279318326005e-06,0.00022569997500261756,3.241155686037197,0.025,0.0,-0.03,0.0,1.0,0.0,0.01
57,1.899982455972127,71,0.01285126282467831,0.0,-0.023514667693423162,0.006485332306576837,0.0035146676934231635,7.029335386846327,-0.00130437490031773,0.0011930905977758789,4.217601232107796,0.025,0.0,-0.03,0.0,1.0,0.0,0.01
57,1.899982455972127,72,0.011919859470656062,0.0,-0.024328615749633003,0.005671384250366996,0.004328615749633004,8.657231499266008,-0.0004321172845427099,0.000122655278615259,5.194338899559605,0.025,0.0,-0.03,0.0,1.0,0.0,0.01
57,1.899982455972127,73,0.010988652746731596,0.0,-0.025142788946847083,0.004857211053152916,0.005142788946847084,10.285577893694168,-0.0009593409954935842,0.0006542240698480479,6.1713467362165,0.025,0.0,-0.03,0.0,1.0,0.0,0.01
57,1.899982455972127,74,0.010057624227894784,0.0,-0.02595716479058232,0.004042835209417679,0.005957164790582321,11.914329581164642,-0.0009460735023071685,0.0005670700399491342,7.148597748698785,0.025,0.0,-0.03,0.0,1.0,0.0,0.01
57,1.899982455972127,75,0.009126756148500441,0.0,-0.026771718855759474,0.0032282811442405253,0.006771718855759475,13.54343771151895,-0.0005948662503521916,9.388157444728025e-05,8.12606262691137,0.025,0.0,-0.03,0.0,1.0,0.0,0.01
57,1.899982455972127,76,0.00819602356650134,0.0,-0.027586431934035968,0.0024135680659640307,0.0075864319340359695,15.17286386807194,-0.0014126241929862367,0.0009566375078917971,9.103718320843162,0.025,0.0,-0.03,0.0,1.0,0.0,0.01
57,1.899982455972127,77,0.007265412840544899,0.0,-0.028401274158869613,0.0015987258411303863,0.008401274158869614,16.802548317739227,-0.0003405565436713644,0.0003397703683281599,10.081528990643536,0.025,0.0,-0.03,0.0,1.0,0.0,0.01
57,1.899982455972127,78,0.006334893983796462,0.0,-0.029216229500734634,0.0007837704992653648,0.009216229500734635,18.432459001469272,-0.0017142353867807564,0.0011578609833449625,11.059475400881563,0.025,0.0,-0.03,0.0,1.0,0.0,0.01
57,1.899982455972127,79,0.0054044564091814936,0.0,-0.03003126478261011,3.126478261011173e-05,0.009968735217389888,19.937470434779776,0.00029245996495607215,0.0005373028987104651,11.962482260867866,0.025,0.0,-0.03,0.0,1.0,0.0,0.01
57,1.899982455972127,80,0.004463844426602437,0.0,-0.03085452665383809,0.0008545266538380926,0.009145473346161908,18.290946692323814,0.001814957191462252,0.0011288761684112884,10.974568015394288,0.025,0.0,-0.03,0.0,1.0,0.0,0.01
58,1.9333154815154976,0,0.0,0.0,-0.02,0.009999999999999998,1.734723475976807e-18,3.469446951953614e-15,0.0,0.0,2.0816681711721685e-15,0.025,0.0,-0.03,0.0,1.0,0.0,0.01
58,1.9333154815154976,67,0.01655879619225293,0.0,-0.020282902314850727,0.009717097685149272,0.00028290231485072863,0.5658046297014573,-0.0016226848925459602,0.001843263165333414,0.3394827778208744,0.025,0.0,-0.03,0.0,1.0,0.0,0.01
58,1.9333154815154976,68,0.015626052359153847,0.0,-0.02109523683668729,0.00890476316331271,0.00109523683668729,2.19047367337458,0.0004506064300594469,0.0006010838944613291,1.314284204024748,0.025,0.0,-0.03,0.0,1.0,0.0,0.01
58,1.9333154815154976,69,0.014694837559775567,0.0,-0.021909351481529733,0.008090648518470266,0.0019093514815297346,3.818702963059469,-0.001673665771963497,0.001767894381019857,2.2912217778356814,0.025,0.0,-0.03,0.0,1.0,0.0,0.01
58,1.9333154815154976,70,0.013763981025817582,0.0,-0.022723943610824412,0.007276056389175587,0.002723943610824413,5.447887221648826,0.000200446191644724,0.00044490367133570477,3.2687323329892957,0.025,0.0,-0.03,0.0,1.0,0.0,0.01
58,1.9333154815154976,71,0.012833372143026822,0.0,-0.023538792244469788,0.006461207755530211,0.003538792244469789,7.077584488939578,-0.0013358386983544932,0.0012428574060228859,4.246550693363746,0.025,0.0,-0.03,0.0,1.0,0.0,0.01
58,1.9333154815154976,72,0.011902971204696588,0.0,-0.0243538958891319,0.0056461041108680984,0.004353895889131902,8.707791778263804,-0.00038528070514050295,8.925193316236342e-05,5.224675066958282,0.025,0.0,-0.03,0.0,1.0,0.0,0.01
58,1.9333154815154976,73,0.010972775342204318,0.0,-0.02516921889005247,0.0048307811099475295,0.005169218890052471,10.338437780104941,-0.0008115093488488035,0.0005080262072840006,6.203062668062965,0.025,0.0,-0.03,0.0,1.0,0.0,0.01
58,1.9333154815154976,74,0.010042755662972889,0.0,-0.025984746739503108,0.004015253260496891,0.005984746739503109,11.969493479006218,-0.0010729587500447348,0.0007381347198500697,7.18169608740373,0.025,0.0,-0.03,0.0,1.0,0.0,0.01
58,1.9333154815154976,75,0.009112893741240016,0.0,-0.02680045440636824,0.00319954559363176,0.00680045440636824,13.600908812736481,-0.00027604214942987445,0.00023836087197462726,8.160545287641888,0.025,0.0,-0.03,0.0,1.0,0.0,0.01
58,1.9333154815154976,76,0.008183173861052401,0.0,-0.027616313416800018,0.002383686583199981,0.007616313416800019,15.232626833600039,-0.0016806919678309024,0.0012950172287637743,9.139576100160022,0.025,0.0,-0.03,0.0,1.0,0.0,0.01
58,1.9333154815154976,77,0.007253562994362057,0.0,-0.028432309727465726,0.001567690272534273,0.008432309727465727,16.864619454931454,9.496170224864334e-05,0.0007962871122434662,10.118771672958871,0.025,0.0,-0.03,0.0,1.0,0.0,0.01
58,1.9333154815154976,78,0.006324056711548678,0.0,-0.029248403753935812,0.0007515962460641866,0.009248403753935814,18.496807507871626,-0.002051345389232324,0.0015817084036760674,11.098084504722975,0.025,0.0,-0.03,0.0,1.0,0.0,0.01
58,1.9333154815154976,79,0.005394612441137934,0.0,-0.030064589248558735,6.45892485587364e-05,0.009935410751441264,19.870821502882528,-0.000174765774386007,0.001021968294376005,11.922492901729516,0.025,0.0,-0.03,0.0,1.0,0.0,0.01
58,1.9333154815154976,80,0.004455034770280583,0.0,-0.030889013493465452,0.0008890134934654535,0.009110986506534547,18.221973013069093,0.0021453848658905582,0.0015529928416016137,10.933183807841456,0.025,0.0,-0.03,0.0,1.0,0.0,0.01
59,1.9666485070588684,0,0.0,0.0,-0.02,0.009999999999999998,1.734723475976807e-18,3.469446951953614e-15,0.0,0.0,2.0816681711721685e-15,0.025,0.0,-0.03,0.0,1.0,0.0,0.01
59,1.9666485070588684,67,0.016538108700100106,0.0,-0.02030133748733086,0.00969866251266914,0.0003013374873308602,0.6026749746617204,-0.0014539645938505808,0.0016447427310878867,0.36160498479703224,0.025,0.0,-0.03,0.0,1.0,0.0,0.01
59,1.9666485070588684,68,0.015606338064555986,0.0,-0.021114794811653355,0.008885205188346644,0.0011147948116533562,2.2295896233067123,0.0003369659319033379,0.0004632773140323492,1.3377537739840273,0.025,0.0,-0.03,0.0,1.0,0.0,0.01
59,1.9666485070588684,69,0.014676088057158199,0.0,-0.02193001857169964,0.008069981428300357,0.0019300185716996428,3.8600371433992855,-0.001463509248624205,0.0015329661363994115,2.3160222860395714,0.025,0.0,-0.03,0.0,1.0,0.0,0.01
59,1.9666485070588684,70,0.013746190534487484,0.0,-0.022745701895718798,0.007254298104281201,0.002745701895718799,5.491403791437598,9.88051913230805e-05,0.0003201693394571372,3.294842274862559,0.025,0.0,-0.03,0.0,1.0,0.0,0.01
59,1.9666485070588684,71,0.012816539361009948,0.0,-0.023561646142520987,0.006438353857479012,0.003561646142520988,7.123292285041976,-0.001231417523341414,0.0011322260867451573,4.273975371025186,0.025,0.0,-0.03,0.0,1.0,0.0,0.01
59,1.9666485070588684,72,0.011887100196606291,0.0,-0.024377844128368097,0.005622155871631902,0.004377844128368098,8.755688256736196,-0.0003510387613927142,6.436427898734098e-05,5.253412954041718,0.025,0.0,-0.03,0.0,1.0,0.0,0.01
59,1.9666485070588684,73,0.010957865112306045,0.0,-0.025194263574086766,0.004805736425913233,0.005194263574086767,10.388527148173534,-0.0008485881302206471,0.0005663584424606547,6.23311628890412,0.025,0.0,-0.03,0.0,1.0,0.0,0.01
59,1.9666485070588684,74,0.010028807574321827,0.0,-0.026010886875305058,0.003989113124694941,0.006010886875305059,12.02177375061012,-0.0008902322799810276,0.0005488629509659863,7.213064250366071,0.025,0.0,-0.03,0.0,1.0,0.0,0.01
59,1.9666485070588684,75,0.009099907440216234,0.0,-0.026827689457323965,0.0031723105426760337,0.0068276894573239665,13.655378914647933,-0.00044582794090930385,2.12803947681516e-05,8.19322734878876,0.025,0.0,-0.03,0.0,1.0,0.0,0.01
59,1.9666485070588684,76,0.008171147900801388,0.0,-0.02764464275526938,0.00235535724473062,0.00764464275526938,15.289285510538761,-0.0013779983784444956,0.000974156582696137,9.173571306323256,0.025,0.0,-0.03,0.0,1.0,0.0,0.01
59,1.9666485070588684,77,0.007242497510088559,0.0,-0.028461730330362228,0.0015382696696377707,0.00846173033036223,16.92346066072446,-0.00016171964110316185,0.0004732070891338964,10.154076396434675,0.025,0.0,-0.03,0.0,1.0,0.0,0.01
59,1.9666485070588684,78,0.00631394787710637,0.0,-0.029278915039046928,0.0007210849609530709,0.00927891503904693,18.557830078093858,-0.0016878672806523154,0.0011972383799045497,11.134698046856315,0.025,0.0,-0.03,0.0,1.0,0.0,0.01
59,1.9666485070588684,79,0.005385460299357593,0.0,-0.030096186292790775,9.618629279077584e-05,0.009903813707209224,19.807627414418448,0.00010020722941679644,0.0006715572034555796,11.88457644865107,0.025,0.0,-0.03,0.0,1.0,0.0,0.01
59,1.9666485070588684,80,0.004446856654058871,0.0,-0.03092172189477558,0.0009217218947755804,0.00907827810522442,18.15655621044884,0.0017813048213384758,0.0011739332893679246,10.893933726269305,0.025,0.0,-0.03,0.0,1.0,0.0,0.01
60,1.999981532602239,0,0.0,0.0,-0.02,0.009999999999999998,1.734723475976807e-18,3.469446951953614e-15,0.0,0.0,2.0816681711721685e-15,0.025,0.0,-0.03,0.0,1.0,0.0,0.01
60,1.999981532602239,67,0.016518453481308704,0.0,-0.020318929964142213,0.009681070035857785,0.00031892996414221476,0.6378599282844295,-0.0012802655190765966,0.00144446491801236,0.3827159569706577,0.025,0.0,-0.03,0.0,1.0,0.0,0.01
60,1.999981532602239,68,0.01558760958019158,0.0,-0.02113346202088858,0.008866537979111418,0.0011334620208885825,2.266924041777165,0.0002134710994214305,0.0003189794260572854,1.3601544250662991,0.025,0.0,-0.03,0.0,1.0,0.0,0.01
60,1.999981532602239,69,0.014658284804297645,0.0,-0.02194974155029008,0.00805025844970992,0.0019497415502900805,3.899483100580161,-0.0012750478389993135,0.001318325434949185,2.3396898603480967,0.025,0.0,-0.03,0.0,1.0,0.0,0.01
60,1.999981532602239,70,0.013729301842845574,0.0,-0.022766467793171777,0.007233532206828222,0.002766467793171778,5.532935586343556,-2.3378932172801638e-05,0.0001725930508267918,3.3197613518061337,0.025,0.0,-0.03,0.0,1.0,0.0,0.01
60,1.999981532602239,71,0.01280056793037824,0.0,-0.02358345567227397,0.00641654432772603,0.00358345567227397,7.16691134454794,-0.0010694150410452494,0.0009558902174094544,4.300146806728764,0.025,0.0,-0.03,0.0,1.0,0.0,0.01
60,1.999981532602239,72,0.01187204750573763,0.0,-0.02440069811140507,0.005599301888594928,0.004400698111405072,8.801396222810144,-0.0004289827674969213,0.00016599738257620135,5.280837733686086,0.025,0.0,-0.03,0.0,1.0,0.0,0.01
60,1.999981532602239,73,0.010943730721934636,0.0,-0.02521816353019459,0.0047818364698054075,0.005218163530194593,10.436327060389186,-0.0007367091320732889,0.0004539912673541457,6.261796236233511,0.025,0.0,-0.03,0.0,1.0,0.0,0.01
60,1.999981532602239,74,0.01001559417075832,0.0,-0.0260358306022715,0.0039641693977284995,0.006035830602271501,12.071661204543002,-0.0009039328212404107,0.0005819655658810874,7.242996722725801,0.025,0.0,-0.03,0.0,1.0,0.0,0.01
60,1.999981532602239,75,0.009087611388194718,0.0,-0.026853679334580483,0.0031463206654195157,0.0068536793345804845,13.70735866916097,-0.00039550880731155667,5.6751167700570206e-05,8.224415201496582,0.025,0.0,-0.03,0.0,1.0,0.0,0.01
60,1.999981532602239,76,0.008159772825594921,0.0,-0.02767167377505857,0.0023283262249414287,0.0076716737750585715,15.343347550117143,-0.0013263427434812526,0.000937778251421906,9.206008530070285,0.025,0.0,-0.03,0.0,1.0,0.0,0.01
60,1.999981532602239,77,0.007232037109473855,0.0,-0.02848980528326683,0.0015101947167331688,0.008489805283266831,16.979610566533662,-0.00016337478912594803,0.000443029689358157,10.187766339920197,0.025,0.0,-0.03,0.0,1.0,0.0,0.01
60,1.999981532602239,78,0.006304405984159823,0.0,-0.029308026803373417,0.0006919731966265816,0.009308026803373419,18.61605360674684,-0.0015909138178839244,0.0011146344388091815,11.169632164048103,0.025,0.0,-0.03,0.0,1.0,0.0,0.01
60,1.999981532602239,79,0.005376828906013226,0.0,-0.030126337295779734,0.0001263372957797347,0.009873662704220265,19.74732540844053,0.00012531674509821963,0.0006087514227497951,11.848395245064319,0.025,0.0,-0.03,0.0,1.0,0.0,0.01
60,1.999981532602239,80,0.004439160222078543,0.0,-0.03095292889154903,0.0009529288915490312,0.009047071108450969,18.09414221690194,0.0016707911831071157,0.001081627773316411,10.856485330141163,0.025,0.0,-0.03,0.0,1.0,0.0,0.01
