frame_idx,time,node_idx,node_x,node_y,node_z,radial_dist,overlap,normal_force,normal_velocity,tangential_speed,friction_force,cyl_center_x,cyl_center_y,cyl_center_z,cyl_axis_x,cyl_axis_y,cyl_axis_z,cyl_radius
2,0.06666653758445838,42,0.04882212874546194,0.0,-0.020074995061843175,0.009925004938156824,7.499506184317599e-05,0.14999012368635198,-0.22596823792986692,0.11487610902252986,0.08999407421181119,0.025,0.0,-0.03,0.0,1.0,0.0,0.01
2,0.06666653758445838,43,0.049812697722524564,0.0,-0.020831107652978985,0.009168892347021014,0.0008311076529789862,1.6622153059579723,-0.21291845683282518,0.16846269411721498,0.9973291835747833,0.025,0.0,-0.03,0.0,1.0,0.0,0.01
2,0.06666653758445838,44,0.050804781024321406,0.0,-0.021585028804918156,0.008414971195081843,0.001585028804918157,3.170057609836314,-0.2461549004758214,0.16026792777258114,1.902034565901788,0.025,0.0,-0.03,0.0,1.0,0.0,0.01
2,0.06666653758445838,45,0.05179919258354308,0.0,-0.022336029150593656,0.007663970849406343,0.0023360291505936572,4.672058301187314,-0.25440950152622516,0.18546373187664547,2.8032349807123884,0.025,0.0,-0.03,0.0,1.0,0.0,0.01
2,0.06666653758445838,46,0.052796422241884265,0.0,-0.023083145316752308,0.006916854683247691,0.003083145316752309,6.166290633504619,-0.28428845627433763,0.17916521653299458,3.699774380102771,0.025,0.0,-0.03,0.0,1.0,0.0,0.01
2,0.06666653758445838,47,0.05379794573961609,0.0,-0.023824888641414303,0.006175111358585696,0.003824888641414304,7.649777282828608,-0.28781707958017944,0.22409060002883618,4.589866369697164,0.025,0.0,-0.03,0.0,1.0,0.0,0.01
2,0.06666653758445838,48,0.055038146772452654,0.0,-0.023708234594244593,0.006291765405755406,0.003708234594244594,7.416469188489188,-0.29420138695216236,0.18790651314963425,4.449881513093513,0.025,0.0,-0.03,0.0,1.0,0.0,0.01
2,0.06666653758445838,49,0.05627748243414986,0.0,-0.023583128263782692,0.006416871736217307,0.0035831282637826933,7.166256527565387,-0.296874172045751,0.21054259744681683,4.299753916539232,0.025,0.0,-0.03,0.0,1.0,0.0,0.01
2,0.06666653758445838,50,0.05751616147064051,0.0,-0.023450147713102002,0.006549852286897997,0.0034501477131020034,6.900295426204007,-0.2981177239364423,0.20549336779525462,4.140177255722404,0.025,0.0,-0.03,0.0,1.0,0.0,0.01
2,0.06666653758445838,51,0.05875386704635781,0.0,-0.02330996266954876,0.006690037330451239,0.0033099626695487615,6.619925339097523,-0.29956401071891275,0.20564154884046304,3.9719552034585135,0.025,0.0,-0.03,0.0,1.0,0.0,0.01
2,0.06666653758445838,52,0.059990863034708755,0.0,-0.02316319553969739,0.00683680446030261,0.00316319553969739,6.32639107939478,-0.2993870636463502,0.19392206344813268,3.795834647636868,0.025,0.0,-0.03,0.0,1.0,0.0,0.01
2,0.06666653758445838,53,0.061227339075025325,0.0,-0.023010487148221473,0.006989512851778526,0.003010487148221474,6.020974296442948,-0.3037832776292357,0.22000019630049603,3.6125845778657686,0.025,0.0,-0.03,0.0,1.0,0.0,0.01
2,0.06666653758445838,54,0.06246279729487987,0.0,-0.022852577817039522,0.007147422182960477,0.002852577817039523,5.705155634079047,-0.30066292253250126,0.18572150933519327,3.423093380447428,0.025,0.0,-0.03,0.0,1.0,0.0,0.01
2,0.06666653758445838,55,0.06369799318916039,0.0,-0.0226900654585927,0.007309934541407298,0.002690065458592702,5.380130917185404,-0.30641824159798925,0.22257513131143666,3.2280785503112424,0.025,0.0,-0.03,0.0,1.0,0.0,0.01
2,0.06666653758445838,56,0.06493251437076089,0.0,-0.022523703696766855,0.007476296303233144,0.0025237036967668564,5.047407393533713,-0.30250390423407664,0.1844632468991417,3.028444436120228,0.025,0.0,-0.03,0.0,1.0,0.0,0.01
2,0.06666653758445838,57,0.0661667080507066,0.0,-0.02235415956990096,0.007645840430099037,0.002354159569900963,4.708319139801926,-0.3074977502166393,0.21415480654156402,2.8249914838811554,0.025,0.0,-0.03,0.0,1.0,0.0,0.01
2,0.06666653758445838,58,0.0674003215505379,0.0,-0.022182187747086607,0.007817812252913392,0.0021821877470866082,4.364375494173216,-0.3076776194010787,0.20737627775833437,2.6186252965039296,0.025,0.0,-0.03,0.0,1.0,0.0,0.01
2,0.06666653758445838,59,0.0686341285237665,0.0,-0.022008409461376194,0.007991590538623805,0.002008409461376195,4.01681892275239,-0.30637890133605117,0.18998037431881312,2.410091353651434,0.025,0.0,-0.03,0.0,1.0,0.0,0.01
2,0.06666653758445838,60,0.06986730944796332,0.0,-0.021833669336630307,0.008166330663369692,0.0018336693366303083,3.6673386732606166,-0.3097791213559919,0.20612778456555986,2.2004032039563697,0.025,0.0,-0.03,0.0,1.0,0.0,0.01
2,0.06666653758445838,61,0.07110078382290988,0.0,-0.021658577258833852,0.008341422741166147,0.0016585772588338533,3.3171545176677064,-0.31274840179557367,0.21864384597795883,1.9902927106006238,0.025,0.0,-0.03,0.0,1.0,0.0,0.01
2,0.06666653758445838,62,0.07233418167741325,0.0,-0.021483921356457023,0.008516078643542976,0.0014839213564570245,2.967842712914049,-0.3083993769158926,0.17702381920425536,1.7807056277484294,0.025,0.0,-0.03,0.0,1.0,0.0,0.01
2,0.06666653758445838,63,0.07356776704333585,0.0,-0.021310413225668852,0.008689586774331147,0.0013104132256688533,2.6208264513377064,-0.31481151880016905,0.2178326390149531,1.5724958708026238,0.025,0.0,-0.03,0.0,1.0,0.0,0.01
2,0.06666653758445838,64,0.07477967772603028,0.0,-0.021598005372463237,0.008401994627536762,0.0015980053724632386,3.196010744926477,-0.3162115097282654,0.2035292164462805,1.9176064469558862,0.025,0.0,-0.03,0.0,1.0,0.0,0.01
2,0.06666653758445838,65,0.07599057209097632,0.0,-0.021890201483586554,0.008109798516413445,0.0018902014835865556,3.780402967173111,-0.32244936968350907,0.19715223945448104,2.2682417803038666,0.025,0.0,-0.03,0.0,1.0,0.0,0.01
2,0.06666653758445838,66,0.07720027926481787,0.0,-0.022186995592239453,0.007813004407760546,0.0021869955922394543,4.373991184478909,-0.324489647446591,0.20480407511971518,2.624394710687345,0.025,0.0,-0.03,0.0,1.0,0.0,0.01
2,0.06666653758445838,67,0.07840886088335053,0.0,-0.022488432982001656,0.007511567017998343,0.0024884329820016576,4.9768659640033155,-0.32573408191070696,0.21557943534801047,2.9861195784019894,0.025,0.0,-0.03,0.0,1.0,0.0,0.01
2,0.06666653758445838,68,0.07961624670765463,0.0,-0.0227945139055493,0.007205486094450698,0.0027945139055493024,5.589027811098605,-0.33438830638326117,0.19724579227500827,3.353416686659163,0.025,0.0,-0.03,0.0,1.0,0.0,0.01
2,0.06666653758445838,69,0.08082251221329793,0.0,-0.02310526442829883,0.006894735571701168,0.003105264428298832,6.210528856597664,-0.33701456996588763,0.20300621562699198,3.726317313958598,0.025,0.0,-0.03,0.0,1.0,0.0,0.01
2,0.06666653758445838,70,0.08202749798589974,0.0,-0.0234206379987848,0.0065793620012152,0.0034206379987848003,6.841275997569601,-0.3330329235610602,0.23321746620175826,4.104765598541761,0.025,0.0,-0.03,0.0,1.0,0.0,0.01
2,0.06666653758445838,71,0.08323128246671926,0.0,-0.023740638436738855,0.006259361563261144,0.003740638436738856,7.481276873477713,-0.3536641115057054,0.17114621612205774,4.488766124086627,0.025,0.0,-0.03,0.0,1.0,0.0,0.01
2,0.06666653758445838,72,0.08443390296243061,0.0,-0.024065247867153555,0.005934752132846444,0.0040652478671535566,8.130495734307113,-0.33581483940441065,0.25241347256987295,4.878297440584268,0.025,0.0,-0.03,0.0,1.0,0.0,0.01
2,0.06666653758445838,73,0.0856351453637329,0.0,-0.024394368233086428,0.005605631766913571,0.0043943682330864296,8.788736466172859,-0.36080052202609847,0.17586140300788317,5.273241879703715,0.025,0.0,-0.03,0.0,1.0,0.0,0.01
2,0.06666653758445838,74,0.08683531127643912,0.0,-0.024728031112018305,0.0052719688879816935,0.004728031112018307,9.456062224036613,-0.34780907443395354,0.2378050038935643,5.673637334421968,0.025,0.0,-0.03,0.0,1.0,0.0,0.01
2,0.06666653758445838,75,0.08803417796376017,0.0,-0.025066112816285412,0.004933887183714587,0.005066112816285414,10.132225632570828,-0.3618527927973346,0.2020389558511702,6.0793353795424965,0.025,0.0,-0.03,0.0,1.0,0.0,0.01
2,0.06666653758445838,76,0.08923161504748996,0.0,-0.025408500700500478,0.004591499299499521,0.005408500700500479,10.817001401000958,-0.3627835534226357,0.2136557607650679,6.490200840600575,0.025,0.0,-0.03,0.0,1.0,0.0,0.01
2,0.06666653758445838,77,0.09042825431417,0.0,-0.02575529168239479,0.004244708317605209,0.005755291682394791,11.510583364789582,-0.36203518239508353,0.230266507657351,6.906350018873749,0.025,0.0,-0.03,0.0,1.0,0.0,0.01
2,0.06666653758445838,78,0.09162321180322387,0.0,-0.026106134289618464,0.0038938657103815347,0.0061061342896184655,12.21226857923693,-0.37799183617199134,0.1899132845899014,7.327361147542158,0.025,0.0,-0.03,0.0,1.0,0.0,0.01
2,0.06666653758445838,79,0.09281720003005269,0.0,-0.02646112821407189,0.0035388717859281098,0.00646112821407189,12.92225642814378,-0.3624423413488205,0.2569939332948561,7.753353856886268,0.025,0.0,-0.03,0.0,1.0,0.0,0.01
2,0.06666653758445838,80,0.09401738711534348,0.0,-0.026810848907936655,0.0031891510920633442,0.006810848907936656,13.621697815873311,-0.3903439001128558,0.17616094857931675,8.173018689523987,0.025,0.0,-0.03,0.0,1.0,0.0,0.01
3,0.09999980637668757,38,0.04146156135197499,0.0,-0.02057242621915681,0.00942757378084319,0.0005724262191568099,1.1448524383136198,-0.07623888895640502,0.09840291571638025,0.6869114629881719,0.025,0.0,-0.03,0.0,1.0,0.0,0.01
3,0.09999980637668757,39,0.04193374364565966,0.0,-0.02172648699760921,0.008273513002390789,0.0017264869976092116,3.4529739952184233,-0.06812568458392339,0.11980766512966458,2.071784397131054,0.025,0.0,-0.03,0.0,1.0,0.0,0.01
3,0.09999980637668757,40,0.04240451904590507,0.0,-0.022880989135898994,0.0071190108641010046,0.0028809891358989956,5.761978271797991,-0.09216581934869361,0.1276317548282079,3.4571869630787946,0.025,0.0,-0.03,0.0,1.0,0.0,0.01
3,0.09999980637668757,41,0.04287567263138283,0.0,-0.024035396762033992,0.005964603237966007,0.004035396762033993,8.070793524067987,-0.08445657815414122,0.14880864339039193,4.842476114440792,0.025,0.0,-0.03,0.0,1.0,0.0,0.01
3,0.09999980637668757,42,0.04334889813366443,0.0,-0.0251889582309917,0.0048110417690083,0.0051889582309917,10.3779164619834,-0.0953291972508751,0.16212855103053012,6.22674987719004,0.025,0.0,-0.03,0.0,1.0,0.0,0.01
3,0.09999980637668757,43,0.04382588046784899,0.0,-0.026340910494451888,0.003659089505548111,0.006340910494451889,12.681820988903779,-0.10883526628874197,0.1741471921989622,7.609092593342266,0.025,0.0,-0.03,0.0,1.0,0.0,0.01
3,0.09999980637668757,44,0.044308359936346874,0.0,-0.027490635983058412,0.002509364016941587,0.007490635983058413,14.981271966116827,-0.09622890127067976,0.1974723750026226,8.988763179670096,0.025,0.0,-0.03,0.0,1.0,0.0,0.01
3,0.09999980637668757,45,0.04479793794332815,0.0,-0.028637219663924636,0.001362780336075363,0.008637219663924637,17.274439327849276,-0.1302898140073496,0.20014886768667947,10.364663596709565,0.025,0.0,-0.03,0.0,1.0,0.0,0.01
3,0.09999980637668757,46,0.045296359736255384,0.0,-0.029780103660057712,0.0002198963399422868,0.009780103660057713,19.560207320115428,-0.10774025389907568,0.22784672484860435,11.736124392069256,0.025,0.0,-0.03,0.0,1.0,0.0,0.01
3,0.09999980637668757,47,0.04580612306230542,0.0,-0.03091808057206124,0.0009180805720612403,0.00908191942793876,18.16383885587752,0.1341776706803802,0.23380573417704842,10.89830331352651,0.025,0.0,-0.03,0.0,1.0,0.0,0.01
3,0.09999980637668757,48,0.04704919000286316,0.0,-0.030832877072745797,0.0008328770727457982,0.009167122927254202,18.334245854508403,0.12712586860531594,0.23465340693995018,11.000547512705042,0.025,0.0,-0.03,0.0,1.0,0.0,0.01
3,0.09999980637668757,49,0.0482912409296836,0.0,-0.030733740459386247,0.0007337404593862479,0.009266259540613752,18.532519081227505,0.12844848879967227,0.23968024164044957,11.119511448736503,0.025,0.0,-0.03,0.0,1.0,0.0,0.01
3,0.09999980637668757,50,0.049532187387195704,0.0,-0.030621939237679245,0.0006219392376792462,0.009378060762320754,18.756121524641507,0.12776669265788562,0.23402072036902882,11.253672914784904,0.025,0.0,-0.03,0.0,1.0,0.0,0.01
3,0.09999980637668757,51,0.050772174967227655,0.0,-0.03049872702191334,0.0004987270219133401,0.00950127297808666,19.00254595617332,0.12765095921918992,0.2352645670418348,11.401527573703993,0.025,0.0,-0.03,0.0,1.0,0.0,0.01
3,0.09999980637668757,52,0.05201098108695092,0.0,-0.03036541984638602,0.00036541984638602254,0.009634580153613978,19.269160307227956,0.12801595633248034,0.24150512836835464,11.561496184336773,0.025,0.0,-0.03,0.0,1.0,0.0,0.01
3,0.09999980637668757,53,0.05324899735548532,0.0,-0.03022329452993209,0.00022329452993209015,0.00977670547006791,19.55341094013582,0.1260533535092967,0.22725882640329426,11.732046564081491,0.025,0.0,-0.03,0.0,1.0,0.0,0.01
3,0.09999980637668757,54,0.05448597642694525,0.0,-0.030073713978863062,7.371397886306308e-05,0.009926286021136937,19.852572042273874,0.12797464901696007,0.24780150003738236,11.911543225364325,0.025,0.0,-0.03,0.0,1.0,0.0,0.01
3,0.09999980637668757,55,0.05572233886182341,0.0,-0.02991798436230592,8.201563769407935e-05,0.00991798436230592,19.835968724611842,-0.12478078399617945,0.2251126882406161,11.901581234767105,0.025,0.0,-0.03,0.0,1.0,0.0,0.01
3,0.09999980637668757,56,0.056958029782216764,0.0,-0.029757478703166997,0.00024252129683300164,0.009757478703166999,19.514957406334,-0.12673315628382884,0.24531256512836488,11.708974443800399,0.025,0.0,-0.03,0.0,1.0,0.0,0.01
3,0.09999980637668757,57,0.058193265933864625,0.0,-0.029593549794223815,0.00040645020577618346,0.009593549794223817,19.187099588447634,-0.12450444835047846,0.23165125886015855,11.51225975306858,0.025,0.0,-0.03,0.0,1.0,0.0,0.01
3,0.09999980637668757,58,0.05942832727815327,0.0,-0.02942754882888662,0.0005724511711133785,0.009427548828886622,18.855097657773243,-0.1246344391445992,0.23690533935039632,11.313058594663945,0.025,0.0,-0.03,0.0,1.0,0.0,0.01
3,0.09999980637668757,59,0.06066310956155124,0.0,-0.029260881230886018,0.0007391187691139812,0.009260881230886019,18.521762461772038,-0.1246676351278108,0.24098204527282296,11.113057477063222,0.025,0.0,-0.03,0.0,1.0,0.0,0.01
3,0.09999980637668757,60,0.061898258790560545,0.0,-0.029094859340597194,0.0009051406594028054,0.009094859340597195,18.18971868119439,-0.12264067968572699,0.22876594751383886,10.913831208716633,0.025,0.0,-0.03,0.0,1.0,0.0,0.01
3,0.09999980637668757,61,0.06313333485580208,0.0,-0.028930932113408324,0.001069067886591675,0.008930932113408325,17.86186422681665,-0.12435498984404632,0.2454146707013456,10.71711853608999,0.025,0.0,-0.03,0.0,1.0,0.0,0.01
3,0.09999980637668757,62,0.06436921836073474,0.0,-0.028770380878477872,0.001229619121522127,0.008770380878477873,17.540761756955746,-0.12212477664981923,0.2308961906714342,10.524457054173448,0.025,0.0,-0.03,0.0,1.0,0.0,0.01
3,0.09999980637668757,63,0.06560538462428958,0.0,-0.028614642499778967,0.0013853575002210315,0.008614642499778969,17.229284999557937,-0.1231604345204128,0.2381999356996869,10.337570999734762,0.025,0.0,-0.03,0.0,1.0,0.0,0.01
3,0.09999980637668757,64,0.06679467008605683,0.0,-0.028985243231350162,0.0010147567686498368,0.008985243231350163,17.970486462700325,-0.12364579645739607,0.23840933529631125,10.782291877620194,0.025,0.0,-0.03,0.0,1.0,0.0,0.01
3,0.09999980637668757,65,0.06798222778111744,0.0,-0.029360906701630284,0.0006390932983697147,0.009360906701630286,18.721813403260573,-0.12570607068225068,0.23693793119194706,11.233088041956343,0.025,0.0,-0.03,0.0,1.0,0.0,0.01
3,0.09999980637668757,66,0.06916821005659103,0.0,-0.0297416580350464,0.0002583419649535984,0.009741658035046402,19.483316070092805,-0.12707664925510845,0.23762461856444306,11.689989642055682,0.025,0.0,-0.03,0.0,1.0,0.0,0.01
3,0.09999980637668757,67,0.07035258223728744,0.0,-0.03012747621475994,0.00012747621475994036,0.00987252378524006,19.74504757048012,0.12826727688876818,0.23880882434832376,11.847028542288072,0.025,0.0,-0.03,0.0,1.0,0.0,0.01
3,0.09999980637668757,68,0.07153524497976088,0.0,-0.030518302308736825,0.000518302308736826,0.009481697691263174,18.963395382526347,0.12968458267998642,0.23933599562950578,11.378037229515808,0.025,0.0,-0.03,0.0,1.0,0.0,0.01
3,0.09999980637668757,69,0.07271629495172352,0.0,-0.03091412902244298,0.0009141290224429811,0.009085870977557019,18.171741955114037,0.13014303344359965,0.24275404959780503,10.903045173068422,0.025,0.0,-0.03,0.0,1.0,0.0,0.01
3,0.09999980637668757,70,0.07389569386637457,0.0,-0.03131489229553695,0.001314892295536954,0.008685107704463046,17.370215408926093,0.13724131805021325,0.22677821081437022,10.422129245355656,0.025,0.0,-0.03,0.0,1.0,0.0,0.01
3,0.09999980637668757,71,0.07507334919639258,0.0,-0.03172049467284499,0.001720494672844991,0.00827950532715501,16.55901065431002,0.12466036307675757,0.2678680565394192,9.93540639258601,0.025,0.0,-0.03,0.0,1.0,0.0,0.01
3,0.09999980637668757,72,0.07624943860556213,0.0,-0.0321309200130983,0.0021309200130983016,0.007869079986901699,15.738159973803397,0.14921015480736366,0.2023821054342047,9.442895984282037,0.025,0.0,-0.03,0.0,1.0,0.0,0.01
3,0.09999980637668757,73,0.0774238566981993,0.0,-0.03254604159419164,0.0025460415941916392,0.007453958405808361,14.907916811616722,0.12248764012684593,0.2827012390356233,8.944750086970034,0.025,0.0,-0.03,0.0,1.0,0.0,0.01
3,0.09999980637668757,74,0.0785965103907685,0.0,-0.032965722018329674,0.002965722018329675,0.007034277981670325,14.06855596334065,0.15040206393007224,0.20914088599342764,8.44113357800439,0.025,0.0,-0.03,0.0,1.0,0.0,0.01
3,0.09999980637668757,75,0.07976782835569932,0.0,-0.03339000093162144,0.003390000931621444,0.006609999068378556,13.219998136757113,0.13357866762522216,0.2605416522538263,7.931998882054267,0.025,0.0,-0.03,0.0,1.0,0.0,0.01
3,0.09999980637668757,76,0.08093718140038446,0.0,-0.033818522207372914,0.0038185222073729153,0.006181477792627085,12.36295558525417,0.14243331566140846,0.24063430752278678,7.417773351152501,0.025,0.0,-0.03,0.0,1.0,0.0,0.01
3,0.09999980637668757,77,0.08210532064806991,0.0,-0.03425142140446204,0.0042514214044620385,0.005748578595537962,11.497157191075923,0.14575309834457797,0.23643256802538704,6.898294314645553,0.025,0.0,-0.03,0.0,1.0,0.0,0.01
3,0.09999980637668757,78,0.08327169280352874,0.0,-0.034688344153776716,0.004688344153776718,0.005311655846223283,10.623311692446565,0.14073200727888457,0.254274413818944,6.3739870154679386,0.025,0.0,-0.03,0.0,1.0,0.0,0.01
3,0.09999980637668757,79,0.08443665306145903,0.0,-0.035129259926591445,0.0051292599265914465,0.004870740073408554,9.741480146817107,0.14911101164419857,0.2365072047781962,5.844888088090264,0.025,0.0,-0.03,0.0,1.0,0.0,0.01
3,0.09999980637668757,80,0.08560693055599078,0.0,-0.03556867328182953,0.005568673281829528,0.004431326718170472,8.862653436340944,0.14488909674168265,0.25248037982875093,5.317592061804566,0.025,0.0,-0.03,0.0,1.0,0.0,0.01
4,0.13333307516891676,37,0.03877049110475102,0.0,-0.020797341322423325,0.009202658677576674,0.0007973413224233259,1.5946826448466518,-0.02135327049517235,0.045855328368382305,0.956809586907991,0.025,0.0,-0.03,0.0,1.0,0.0,0.01
4,0.13333307516891676,38,0.03884899865810999,0.0,-0.022042314033231664,0.007957685966768335,0.0020423140332316656,4.084628066463331,-0.02929040808504209,0.05348841503591154,2.4507768398779985,0.025,0.0,-0.03,0.0,1.0,0.0,0.01
4,0.13333307516891676,39,0.03892401266056909,0.0,-0.023287448864707423,0.006712551135292576,0.003287448864707424,6.574897729414848,-0.018720806694700925,0.06248158639746009,3.9449386376489084,0.025,0.0,-0.03,0.0,1.0,0.0,0.01
4,0.13333307516891676,40,0.03899786527369409,0.0,-0.024532743796518895,0.005467256203481104,0.0045327437965188965,9.065487593037792,-0.02986262252065027,0.06989578037929643,5.439292555822675,0.025,0.0,-0.03,0.0,1.0,0.0,0.01
4,0.13333307516891676,41,0.03907286445911595,0.0,-0.025777845552083734,0.004222154447916265,0.005777845552083735,11.555691104167469,-0.025088222133436387,0.07841388107272676,6.933414662500481,0.025,0.0,-0.03,0.0,1.0,0.0,0.01
4,0.13333307516891676,42,0.03915135242035206,0.0,-0.02702288070952165,0.00297711929047835,0.00702288070952165,14.0457614190433,-0.02189327669570328,0.08688294088354782,8.42745685142598,0.025,0.0,-0.03,0.0,1.0,0.0,0.01
4,0.13333307516891676,43,0.03923561724380143,0.0,-0.02826732696663452,0.0017326730333654776,0.008267326966634523,16.534653933269045,-0.035834591897638914,0.09382095604304544,9.920792359961426,0.025,0.0,-0.03,0.0,1.0,0.0,0.01
4,0.13333307516891676,44,0.03932799744138452,0.0,-0.02951139200777582,0.0004886079922241798,0.00951139200777582,19.02278401555164,-0.01607033284238941,0.10369273172601018,11.413670409330983,0.025,0.0,-0.03,0.0,1.0,0.0,0.01
4,0.13333307516891676,45,0.039430744826834646,0.0,-0.03075439378311625,0.0007543937831162514,0.009245606216883749,18.491212433767497,0.03914213357851408,0.10957775246634378,11.094727460260499,0.025,0.0,-0.03,0.0,1.0,0.0,0.01
4,0.13333307516891676,46,0.03954616618821633,0.0,-0.0319964394178159,0.0019964394178159026,0.008003560582184098,16.007121164368197,0.020924864716106276,0.11894209181129091,9.604272698620917,0.025,0.0,-0.03,0.0,1.0,0.0,0.01
4,0.13333307516891676,47,0.039677509011026305,0.0,-0.033237045238708865,0.003237045238708866,0.006762954761291134,13.525909522582268,0.03324290883969139,0.12951993776329587,8.115545713549361,0.025,0.0,-0.03,0.0,1.0,0.0,0.01
4,0.13333307516891676,48,0.040920286855811,0.0,-0.03314423680380664,0.003144236803806641,0.006855763196193359,13.711526392386718,0.028305654920902402,0.11862199127078707,8.226915835432031,0.025,0.0,-0.03,0.0,1.0,0.0,0.01
4,0.13333307516891676,49,0.042161766500011126,0.0,-0.03303390039654549,0.00303390039654549,0.00696609960345451,13.93219920690902,0.029573138363414107,0.1355611033058222,8.359319524145413,0.025,0.0,-0.03,0.0,1.0,0.0,0.01
4,0.13333307516891676,50,0.043401648055588084,0.0,-0.032907717518467966,0.002907717518467967,0.007092282481532033,14.184564963064066,0.027409802716451097,0.11863879704558067,8.51073897783844,0.025,0.0,-0.03,0.0,1.0,0.0,0.01
4,0.13333307516891676,51,0.044640116965082244,0.0,-0.03276734209133101,0.0027673420913310112,0.007232657908668989,14.465315817337977,0.028054207997501888,0.13195063431354545,8.679189490402786,0.025,0.0,-0.03,0.0,1.0,0.0,0.01
4,0.13333307516891676,52,0.045877115559664935,0.0,-0.03261448098542036,0.0026144809854203588,0.007385519014579641,14.771038029159282,0.026386817608628686,0.12304758548131288,8.862622817495568,0.025,0.0,-0.03,0.0,1.0,0.0,0.01
4,0.13333307516891676,53,0.047112706621245344,0.0,-0.03245085754631386,0.002450857546313863,0.007549142453686137,15.098284907372275,0.026475837264222285,0.13005030063516254,9.058970944423365,0.025,0.0,-0.03,0.0,1.0,0.0,0.01
4,0.13333307516891676,54,0.048347166996733984,0.0,-0.032278189593578636,0.0022781895935786375,0.007721810406421363,15.443620812842726,0.024560945132344147,0.12163270925732647,9.266172487705635,0.025,0.0,-0.03,0.0,1.0,0.0,0.01
4,0.13333307516891676,55,0.04958055620487758,0.0,-0.03209824077678406,0.002098240776784062,0.007901759223215938,15.803518446431877,0.025714994448650892,0.13577912758021557,9.482111067859126,0.025,0.0,-0.03,0.0,1.0,0.0,0.01
4,0.13333307516891676,56,0.05081309196797971,0.0,-0.03191277040601345,0.0019127704060134532,0.008087229593986547,16.174459187973095,0.02170409304953737,0.11342936642957464,9.704675512783856,0.025,0.0,-0.03,0.0,1.0,0.0,0.01
4,0.13333307516891676,57,0.05204522440284637,0.0,-0.03172351429345292,0.001723514293452924,0.008276485706547076,16.552971413094152,0.02541206275561229,0.14510100193818928,9.931782847856491,0.025,0.0,-0.03,0.0,1.0,0.0,0.01
4,0.13333307516891676,58,0.05327679940395613,0.0,-0.03153230354249728,0.001532303542497282,0.008467696457502718,16.935392915005437,0.019014638592798033,0.1067077756826398,10.161235749003263,0.025,0.0,-0.03,0.0,1.0,0.0,0.01
4,0.13333307516891676,59,0.05450864240521462,0.0,-0.03134083138107863,0.0013408313810786276,0.008659168618921373,17.318337237842744,0.024164623367016108,0.1481052479754494,10.391002342705645,0.025,0.0,-0.03,0.0,1.0,0.0,0.01
4,0.13333307516891676,60,0.05574042155203983,0.0,-0.031150960027074653,0.0011509600270746545,0.008849039972925346,17.69807994585069,0.017695870539459417,0.10874537324542455,10.618847967510414,0.025,0.0,-0.03,0.0,1.0,0.0,0.01
4,0.13333307516891676,61,0.056972976617457226,0.0,-0.030964379579333963,0.0009643795793339641,0.009035620420666036,18.071240841332074,0.021736249575775565,0.14305865468119194,10.842744504799244,0.025,0.0,-0.03,0.0,1.0,0.0,0.01
4,0.13333307516891676,62,0.05820605010360906,0.0,-0.030782930832061194,0.0007829308320611954,0.009217069167938805,18.43413833587761,0.017390823789198304,0.116138347724217,11.060483001526565,0.025,0.0,-0.03,0.0,1.0,0.0,0.01
4,0.13333307516891676,63,0.0594402706273008,0.0,-0.030608322499569744,0.0006083224995697446,0.009391677500430256,18.78335500086051,0.01796143616838557,0.1353820470949733,11.270013000516306,0.025,0.0,-0.03,0.0,1.0,0.0,0.01
4,0.13333307516891676,64,0.06062278947370904,0.0,-0.030999658169755417,0.0009996581697554185,0.009000341830244582,18.000683660489162,0.019317141071079087,0.12357158771216953,10.800410196293496,0.025,0.0,-0.03,0.0,1.0,0.0,0.01
4,0.13333307516891676,65,0.061803467166701376,0.0,-0.03139637490363973,0.0013963749036397313,0.008603625096360269,17.207250192720537,0.017628777690244093,0.12968532253320086,10.324350115632322,0.025,0.0,-0.03,0.0,1.0,0.0,0.01
4,0.13333307516891676,66,0.06298248576569311,0.0,-0.031798524121760936,0.0017985241217609374,0.008201475878239063,16.402951756478124,0.01838947082712044,0.12742604721471698,9.841771053886875,0.025,0.0,-0.03,0.0,1.0,0.0,0.01
4,0.13333307516891676,67,0.06415942222826268,0.0,-0.03220592162186503,0.0022059216218650313,0.007794078378134969,15.588156756269937,0.018349040085498793,0.127748685388366,9.352894053761961,0.025,0.0,-0.03,0.0,1.0,0.0,0.01
4,0.13333307516891676,68,0.0653347903673163,0.0,-0.032618693542293686,0.0026186935422936874,0.007381306457706313,14.762612915412625,0.018269403405455745,0.12819553388680158,8.857567749247574,0.025,0.0,-0.03,0.0,1.0,0.0,0.01
4,0.13333307516891676,69,0.06650809235699046,0.0,-0.033036599765668063,0.0030365997656680646,0.006963400234331936,13.92680046866387,0.018797132350207853,0.12685582255659514,8.356080281198322,0.025,0.0,-0.03,0.0,1.0,0.0,0.01
4,0.13333307516891676,70,0.06767968043681451,0.0,-0.03345968425165676,0.0034596842516567625,0.006540315748343238,13.080631496686475,0.017644631649958817,0.1303095826201239,7.848378898011885,0.025,0.0,-0.03,0.0,1.0,0.0,0.01
4,0.13333307516891676,71,0.06884941325917013,0.0,-0.03388780328926179,0.0038878032892617903,0.00611219671073821,12.22439342147642,0.019706742969071763,0.1248465133149626,7.334636052885851,0.025,0.0,-0.03,0.0,1.0,0.0,0.01
4,0.13333307516891676,72,0.07001727171736126,0.0,-0.03432084121130517,0.004320841211305174,0.005679158788694827,11.358317577389654,0.018164068436536177,0.12929931900716735,6.814990546433792,0.025,0.0,-0.03,0.0,1.0,0.0,0.01
4,0.13333307516891676,73,0.07118342173576452,0.0,-0.034758738526606645,0.004758738526606646,0.0052412614733933546,10.482522946786709,0.017267296980368125,0.13183723558257446,6.289513768072025,0.025,0.0,-0.03,0.0,1.0,0.0,0.01
4,0.13333307516891676,74,0.07234770951142493,0.0,-0.03520130332088044,0.005201303320880438,0.0047986966791195625,9.597393358239126,0.023007601129645328,0.11704576379426132,5.7584360149434755,0.025,0.0,-0.03,0.0,1.0,0.0,0.01
4,0.13333307516891676,75,0.07351031038185842,0.0,-0.035648454091280146,0.005648454091280147,0.004351545908719853,8.703091817439706,0.012259636980335992,0.1452194254113971,5.221855090463824,0.025,0.0,-0.03,0.0,1.0,0.0,0.01
4,0.13333307516891676,76,0.07467118034327404,0.0,-0.036100014412566626,0.0061000144125666275,0.0038999855874333727,7.799971174866745,0.026633938192711114,0.10844108282478955,4.679982704920047,0.025,0.0,-0.03,0.0,1.0,0.0,0.01
4,0.13333307516891676,77,0.07583038744021497,0.0,-0.03655583803398773,0.006555838033987731,0.0034441619660122696,6.888323932024539,0.011960852216857252,0.14612919398610918,4.132994359214723,0.025,0.0,-0.03,0.0,1.0,0.0,0.01
4,0.13333307516891676,78,0.076987967827767,0.0,-0.0370157547579545,0.007015754757954504,0.0029842452420454964,5.968490484090993,0.024648923954389557,0.11428696052889512,3.5810942904545957,0.025,0.0,-0.03,0.0,1.0,0.0,0.01
4,0.13333307516891676,79,0.07814401699689365,0.0,-0.03747960695881343,0.007479606958813431,0.002520393041186569,5.040786082373138,0.015242362307916174,0.13813368123441666,3.024471649423883,0.025,0.0,-0.03,0.0,1.0,0.0,0.01
4,0.13333307516891676,80,0.07930446710051552,0.0,-0.037944103012283105,0.007944103012283106,0.002055896987716894,4.111793975433788,0.022673097036226903,0.11991197677108029,2.467076385260273,0.025,0.0,-0.03,0.0,1.0,0.0,0.01
5,0.16666634396114596,37,0.03817035764031646,0.0,-0.02110692787401088,0.00889307212598912,0.00110692787401088,2.2138557480217598,-0.0006359431938794223,4.074824036167233e-05,1.328313448813056,0.025,0.0,-0.03,0.0,1.0,0.0,0.01
5,0.16666634396114596,38,0.038140159104259254,0.0,-0.022354117052958623,0.0076458829470413756,0.0023541170529586247,4.708234105917249,-0.0007902346649678729,3.248939697291552e-05,2.8249404635503494,0.025,0.0,-0.03,0.0,1.0,0.0,0.01
5,0.16666634396114596,39,0.03810634675825268,0.0,-0.023601229757842714,0.006398770242157285,0.003601229757842715,7.20245951568543,-0.0004357096388980351,2.9497932192946193e-05,4.321475709411257,0.025,0.0,-0.03,0.0,1.0,0.0,0.01
5,0.16666634396114596,40,0.03807135734088746,0.0,-0.02484831096155952,0.0051516890384404775,0.004848310961559523,9.696621923119045,-0.0007297580354685064,1.8108468652114742e-05,5.817973153871427,0.025,0.0,-0.03,0.0,1.0,0.0,0.01
5,0.16666634396114596,41,0.038037628975739195,0.0,-0.026095420858806815,0.003904579141193184,0.006095420858806816,12.190841717613633,-0.0007799160085892333,1.1371592293667796e-05,7.31450503056818,0.025,0.0,-0.03,0.0,1.0,0.0,0.01
5,0.16666634396114596,42,0.038007598133368216,0.0,-0.0273426190728317,0.002657380927168298,0.007342619072831702,14.685238145663405,-0.0002599934988713216,9.514576060295185e-06,8.811142887398043,0.025,0.0,-0.03,0.0,1.0,0.0,0.01
5,0.16666634396114596,43,0.037983677060284916,0.0,-0.028589931269644934,0.001410068730355065,0.008589931269644935,17.17986253928987,-0.0011357845295889752,2.4772319880695717e-06,10.307917523573922,0.025,0.0,-0.03,0.0,1.0,0.0,0.01
5,0.16666634396114596,44,0.03796819000529626,0.0,-0.02983736743438157,0.00016263256561842993,0.00983736743438157,19.674734868763142,-0.00020736870502094344,9.760732502073698e-06,11.804840921257885,0.025,0.0,-0.03,0.0,1.0,0.0,0.01
5,0.16666634396114596,45,0.03796352088408222,0.0,-0.031084866752024678,0.001084866752024679,0.008915133247975321,17.830266495950642,0.0009649403246041833,2.3053415606736974e-05,10.698159897570385,0.025,0.0,-0.03,0.0,1.0,0.0,0.01
5,0.16666634396114596,46,0.03797224342107787,0.0,-0.032332313837803536,0.0023323138378035374,0.007667686162196463,15.335372324392926,0.00041130290683831706,0.0001360654562867629,9.201223394635756,0.025,0.0,-0.03,0.0,1.0,0.0,0.01
5,0.16666634396114596,47,0.03799795724778858,0.0,-0.03357983865518169,0.0035798386551816885,0.006420161344818312,12.840322689636624,0.0008816160132862824,0.001825833709696083,7.704193613781974,0.025,0.0,-0.03,0.0,1.0,0.0,0.01
5,0.16666634396114596,48,0.03923940086595818,0.0,-0.03346891617547158,0.003468916175471584,0.006531083824528416,13.062167649056832,-0.00039702620262474476,0.0048572815839470545,7.837300589434099,0.025,0.0,-0.03,0.0,1.0,0.0,0.01
5,0.16666634396114596,49,0.040479098336790274,0.0,-0.03333939583503378,0.00333939583503378,0.00666060416496622,13.32120832993244,0.00037099004369257465,0.008278400082463335,7.992724997959464,0.025,0.0,-0.03,0.0,1.0,0.0,0.01
5,0.16666634396114596,50,0.04171690511570351,0.0,-0.03319304874789035,0.0031930487478903508,0.0068069512521096495,13.613902504219299,-0.0023093694322963996,0.010489067302044588,8.168341502531579,0.025,0.0,-0.03,0.0,1.0,0.0,0.01
5,0.16666634396114596,51,0.042952966310474544,0.0,-0.03303165061868252,0.0030316506186825187,0.0069683493813174815,13.936698762634963,-0.00018325622760454003,0.011835121605922953,8.362019257580977,0.025,0.0,-0.03,0.0,1.0,0.0,0.01
5,0.16666634396114596,52,0.04418713779796795,0.0,-0.03285704456849806,0.002857044568498064,0.007142955431501936,14.285910863003872,-0.0035841387098662076,0.0098603038387969,8.571546517802323,0.025,0.0,-0.03,0.0,1.0,0.0,0.01
5,0.16666634396114596,53,0.04541978287379712,0.0,-0.03267103666359258,0.0026710366635925784,0.007328963336407422,14.657926672814844,-0.0017657492179678881,0.007761970080347395,8.794756003688907,0.025,0.0,-0.03,0.0,1.0,0.0,0.01
5,0.16666634396114596,54,0.0466509033834174,0.0,-0.032475504467595194,0.002475504467595195,0.007524495532404805,15.048991064809611,-0.004049755378243626,0.004013488255170092,9.029394638885766,0.025,0.0,-0.03,0.0,1.0,0.0,0.01
5,0.16666634396114596,55,0.04788080348934566,0.0,-0.03227230322746991,0.0022723032274699143,0.007727696772530086,15.455393545060172,-0.003360164008802009,0.004483803427922912,9.273236127036103,0.025,0.0,-0.03,0.0,1.0,0.0,0.01
5,0.16666634396114596,56,0.049109803667905655,0.0,-0.03206329897930805,0.0020632989793080495,0.00793670102069195,15.873402041383901,-0.005573119357212385,0.005580765005367058,9.52404122483034,0.025,0.0,-0.03,0.0,1.0,0.0,0.01
5,0.16666634396114596,57,0.05033804409718607,0.0,-0.031850398859822854,0.001850398859822855,0.008149601140177145,16.29920228035429,-0.003223590374283511,0.012451132074324115,9.779521368212574,0.025,0.0,-0.03,0.0,1.0,0.0,0.01
5,0.16666634396114596,58,0.05156603861261932,0.0,-0.03163545736864737,0.0016354573686473695,0.00836454263135263,16.72908526270526,-0.008705971967419195,0.0171928849916508,10.037451157623156,0.025,0.0,-0.03,0.0,1.0,0.0,0.01
5,0.16666634396114596,59,0.05279393589016975,0.0,-0.031420392420550405,0.0014203924205504065,0.008579607579449594,17.159215158899187,-0.0024411163033264765,0.024670394078912215,10.295529095339512,0.025,0.0,-0.03,0.0,1.0,0.0,0.01
5,0.16666634396114596,60,0.05402215990263515,0.0,-0.031207077718411445,0.0012070777184114458,0.008792922281588554,17.58584456317711,-0.011125855102099803,0.025086072559493054,10.551506737906264,0.025,0.0,-0.03,0.0,1.0,0.0,0.01
5,0.16666634396114596,61,0.05525102984851428,0.0,-0.03099740082190588,0.0009974008219058826,0.009002599178094118,18.005198356188234,-0.003556193036505633,0.026213847403890843,10.80311901371294,0.025,0.0,-0.03,0.0,1.0,0.0,0.01
5,0.16666634396114596,62,0.05648075310379203,0.0,-0.030793260014308235,0.0007932600143082356,0.009206739985691765,18.41347997138353,-0.010965001114863001,0.018755941055134583,11.048087982830118,0.025,0.0,-0.03,0.0,1.0,0.0,0.01
5,0.16666634396114596,63,0.05771174170302102,0.0,-0.030596515261201072,0.0005965152612010735,0.009403484738798927,18.806969477597853,-0.008603008457463335,0.014325862786487113,11.284181686558712,0.025,0.0,-0.03,0.0,1.0,0.0,0.01
5,0.16666634396114596,64,0.05889689159350452,0.0,-0.030979762111184903,0.0009797621111849036,0.009020237888815097,18.040475777630192,-0.007619087778754996,0.004593876295785598,10.824285466578115,0.025,0.0,-0.03,0.0,1.0,0.0,0.01
5,0.16666634396114596,65,0.06008027560461257,0.0,-0.03136855456462805,0.0013685545646280536,0.008631445435371947,17.26289087074389,-0.009628561987204702,0.0016782513246820856,10.357734522446334,0.025,0.0,-0.03,0.0,1.0,0.0,0.01
5,0.16666634396114596,66,0.06126182445855002,0.0,-0.031762845397626,0.0017628453976260006,0.008237154602374,16.474309204748,-0.010936534527362806,0.003941437179535525,9.8845855228488,0.025,0.0,-0.03,0.0,1.0,0.0,0.01
5,0.16666634396114596,67,0.06244152965239227,0.0,-0.0321625853289855,0.0021625853289855,0.0078374146710145,15.674829342029,-0.008947000750933232,0.003279934004160063,9.4048976052174,0.025,0.0,-0.03,0.0,1.0,0.0,0.01
5,0.16666634396114596,68,0.06361942717590445,0.0,-0.032567726453568584,0.002567726453568585,0.007432273546431415,14.86454709286283,-0.01196681287627522,0.004130637472041569,8.918728255717697,0.025,0.0,-0.03,0.0,1.0,0.0,0.01
5,0.16666634396114596,69,0.06479542815497422,0.0,-0.03297816302987295,0.0029781630298729503,0.00702183697012705,14.0436739402541,-0.010634713950860316,0.001067847557045395,8.42620436415246,0.025,0.0,-0.03,0.0,1.0,0.0,0.01
5,0.16666634396114596,70,0.06596967251051553,0.0,-0.033393854887134415,0.0033938548871344162,0.006606145112865584,13.212290225731168,-0.011573768013115649,0.00027481277137910744,7.927374135438701,0.025,0.0,-0.03,0.0,1.0,0.0,0.01
5,0.16666634396114596,71,0.06714198901934666,0.0,-0.033814637668699014,0.0038146376686990155,0.006185362331300985,12.370724662601969,-0.01250696273959035,0.0015409325024986432,7.422434797561181,0.025,0.0,-0.03,0.0,1.0,0.0,0.01
5,0.16666634396114596,72,0.06831260083692173,0.0,-0.034240473886958944,0.004240473886958945,0.005759526113041055,11.51905222608211,-0.011845450322616267,0.0015613896114330804,6.911431335649266,0.025,0.0,-0.03,0.0,1.0,0.0,0.01
5,0.16666634396114596,73,0.06948133314838692,0.0,-0.034671168942208515,0.004671168942208516,0.005328831057791484,10.65766211558297,-0.013591942018284155,0.001869543184322537,6.394597269349782,0.025,0.0,-0.03,0.0,1.0,0.0,0.01
5,0.16666634396114596,74,0.07064834816057483,0.0,-0.03510663717565294,0.005106637175652941,0.004893362824347059,9.78672564869412,-0.012259880028383515,0.00292479178297609,5.872035389216472,0.025,0.0,-0.03,0.0,1.0,0.0,0.01
5,0.16666634396114596,75,0.07181364924841882,0.0,-0.035546722515905835,0.005546722515905836,0.004453277484094164,8.90655496818833,-0.01556539933955323,0.00451924557666311,5.343932980912998,0.025,0.0,-0.03,0.0,1.0,0.0,0.01
5,0.16666634396114596,76,0.07297717707291423,0.0,-0.035991231150985986,0.005991231150985987,0.004008768849014013,8.017537698028026,-0.010858823072915066,0.008988680607836344,4.810522618816815,0.025,0.0,-0.03,0.0,1.0,0.0,0.01
5,0.16666634396114596,77,0.07413919386673208,0.0,-0.03644008019809665,0.006440080198096651,0.003559919801903349,7.119839603806699,-0.019631485140186693,0.012471818205118139,4.271903762284019,0.025,0.0,-0.03,0.0,1.0,0.0,0.01
5,0.16666634396114596,78,0.07529944809906698,0.0,-0.03689297733630237,0.006892977336302369,0.003107022663697631,6.214045327395262,-0.008000339764103557,0.018574286864921092,3.7284271964371567,0.025,0.0,-0.03,0.0,1.0,0.0,0.01
5,0.16666634396114596,79,0.07645833777597898,0.0,-0.03734987052072052,0.007349870520720524,0.0026501294792794765,5.3002589585589535,-0.02362965187038389,0.02003786589484367,3.180155375135372,0.025,0.0,-0.03,0.0,1.0,0.0,0.01
5,0.16666634396114596,80,0.07762122006778091,0.0,-0.037808104484834196,0.007808104484834197,0.0021918955151658034,4.383791030331607,-0.007036246667592438,0.02330094454730004,2.630274618198964,0.025,0.0,-0.03,0.0,1.0,0.0,0.01
6,0.19999961275337513,37,0.03817170811400987,0.0,-0.02112644279774599,0.00887355720225401,0.0011264427977459909,2.2528855954919815,-0.000733267406874811,3.302456955303542e-05,1.3517313572951888,0.025,0.0,-0.03,0.0,1.0,0.0,0.01
6,0.19999961275337513,38,0.038141343770373766,0.0,-0.02237363447084197,0.007626365529158029,0.0023736344708419708,4.7472689416839415,-0.0004800767592374584,3.051260840722467e-05,2.8483613650103647,0.025,0.0,-0.03,0.0,1.0,0.0,0.01
6,0.19999961275337513,39,0.03810737858927175,0.0,-0.023620742020517293,0.006379257979482706,0.003620742020517294,7.241484041034588,-0.00037537769889700953,2.958859742962782e-05,4.344890424620752,0.025,0.0,-0.03,0.0,1.0,0.0,0.01
6,0.19999961275337513,40,0.03807225005722463,0.0,-0.024867819657284494,0.005132180342715505,0.004867819657284495,9.73563931456899,-0.0008907040303435983,1.9707210925252883e-05,5.841383588741394,0.025,0.0,-0.03,0.0,1.0,0.0,0.01
6,0.19999961275337513,41,0.03803839708024884,0.0,-0.026114930358872305,0.003885069641127694,0.006114930358872306,12.229860717744613,7.801700144932959e-07,2.9514041346520702e-05,7.337916430646767,0.025,0.0,-0.03,0.0,1.0,0.0,0.01
6,0.19999961275337513,42,0.03800825709275281,0.0,-0.027362123232994383,0.002637876767005616,0.007362123232994384,14.724246465988768,-0.0011308943737248322,1.625142364289796e-05,8.834547879593261,0.025,0.0,-0.03,0.0,1.0,0.0,0.01
6,0.19999961275337513,43,0.03798424145821749,0.0,-0.028609438320188137,0.0013905616798118615,0.008609438320188139,17.218876640376276,2.852301664232392e-05,2.2797377540288853e-05,10.331325984225765,0.025,0.0,-0.03,0.0,1.0,0.0,0.01
6,0.19999961275337513,44,0.03796867781390346,0.0,-0.02985687128419043,0.00014312871580956718,0.009856871284190433,19.713742568380866,-0.0010236357874988408,2.7745663424983087e-05,11.828245541028519,0.025,0.0,-0.03,0.0,1.0,0.0,0.01
6,0.19999961275337513,45,0.03796395622303797,0.0,-0.031104372497335903,0.0011043724973359044,0.008895627502664096,17.791255005328193,0.00011961684638996415,6.778203908518685e-06,10.674753003196916,0.025,0.0,-0.03,0.0,1.0,0.0,0.01
6,0.19999961275337513,46,0.03797264788269555,0.0,-0.032351814428340196,0.0023518144283401973,0.007648185571659803,15.296371143319606,0.0006867593412794063,0.00017675495001828615,9.177822685991764,0.025,0.0,-0.03,0.0,1.0,0.0,0.01
6,0.19999961275337513,47,0.037998432806255616,0.0,-0.0335993702057769,0.0035993702057769,0.0064006297942231,12.8012595884462,0.0006322798774636609,0.001354973441435932,7.68075575306772,0.025,0.0,-0.03,0.0,1.0,0.0,0.01
6,0.19999961275337513,48,0.03923816132165765,0.0,-0.033470422816400155,0.0034704228164001566,0.006529577183599844,13.059154367199687,-0.0003361261583654943,0.0031990107706959237,7.835492620319812,0.025,0.0,-0.03,0.0,1.0,0.0,0.01
6,0.19999961275337513,49,0.040475811366979524,0.0,-0.03332274847185219,0.0033227484718521896,0.006677251528147811,13.354503056295622,-6.103854664438067e-05,0.004190829458966517,8.012701833777372,0.025,0.0,-0.03,0.0,1.0,0.0,0.01
6,0.19999961275337513,50,0.041711399358784915,0.0,-0.033158120221785846,0.003158120221785847,0.006841879778214153,13.683759556428306,-0.001588821797416917,0.00383066713876785,8.210255733856984,0.025,0.0,-0.03,0.0,1.0,0.0,0.01
6,0.19999961275337513,51,0.04294485304752153,0.0,-0.032978359963360314,0.002978359963360315,0.007021640036639685,14.043280073279371,-0.0011476313357975327,0.003580079235961806,8.425968043967622,0.025,0.0,-0.03,0.0,1.0,0.0,0.01
6,0.19999961275337513,52,0.04417638390587576,0.0,-0.03278528463787202,0.002785284637872018,0.007214715362127982,14.429430724255964,-0.002611271127450361,0.002611934445009213,8.657658434553579,0.025,0.0,-0.03,0.0,1.0,0.0,0.01
6,0.19999961275337513,53,0.04540603790431997,0.0,-0.032580761994898635,0.0025807619948986366,0.007419238005101364,14.838476010202728,-0.002147134611946829,0.00384683428480544,8.903085606121635,0.025,0.0,-0.03,0.0,1.0,0.0,0.01
6,0.19999961275337513,54,0.0466341097675363,0.0,-0.03236664670643871,0.002366646706438713,0.007633353293561287,15.266706587122574,-0.0041188586022271306,0.0045901609108608766,9.160023952273544,0.025,0.0,-0.03,0.0,1.0,0.0,0.01
6,0.19999961275337513,55,0.047860833005467784,0.0,-0.03214482129520038,0.002144821295200383,0.007855178704799617,15.710357409599235,-0.0024789573466751326,0.008224481860777915,9.426214445759541,0.025,0.0,-0.03,0.0,1.0,0.0,0.01
6,0.19999961275337513,56,0.04908647005585443,0.0,-0.031917180043997725,0.0019171800439977266,0.008082819956002274,16.165639912004547,-0.006188078977809591,0.009669975098108855,9.699383947202728,0.025,0.0,-0.03,0.0,1.0,0.0,0.01
6,0.19999961275337513,57,0.050311429345789936,0.0,-0.03168560292619232,0.0016856029261923186,0.008314397073807682,16.628794147615363,-0.0026145973807587906,0.013572376426904374,9.977276488569217,0.025,0.0,-0.03,0.0,1.0,0.0,0.01
6,0.19999961275337513,58,0.05153596412567777,0.0,-0.0314520054067821,0.0014520054067821003,0.0085479945932179,17.0959891864358,-0.00805566480225657,0.013567922059361446,10.257593511861481,0.025,0.0,-0.03,0.0,1.0,0.0,0.01
6,0.19999961275337513,59,0.05276049546330263,0.0,-0.0312182769285487,0.0012182769285487005,0.0087817230714513,17.5634461429026,-0.0032135892420130383,0.01653138520905186,10.53806768574156,0.025,0.0,-0.03,0.0,1.0,0.0,0.01
6,0.19999961275337513,60,0.05398537191013887,0.0,-0.030986320837550374,0.0009863208375503751,0.009013679162449625,18.02735832489925,-0.009362502271564552,0.014781579626222943,10.81641499493955,0.025,0.0,-0.03,0.0,1.0,0.0,0.01
6,0.19999961275337513,61,0.055210890120750256,0.0,-0.03075804592246171,0.00075804592246171,0.00924195407753829,18.48390815507658,-0.004421969083582327,0.016706865446175813,11.090344893045948,0.025,0.0,-0.03,0.0,1.0,0.0,0.01
6,0.19999961275337513,62,0.05643747493492679,0.0,-0.030535332727770387,0.0005353327277703886,0.009464667272229612,18.929334544459223,-0.009766773303581383,0.012599121821707754,11.357600726675534,0.025,0.0,-0.03,0.0,1.0,0.0,0.01
6,0.19999961275337513,63,0.057665316646782955,0.0,-0.03032008689126147,0.00032008689126147155,0.009679913108738529,19.359826217477057,-0.00847364468766724,0.012496782596198979,11.615895730486233,0.025,0.0,-0.03,0.0,1.0,0.0,0.01
6,0.19999961275337513,64,0.05885550113541635,0.0,-0.030687583866560803,0.0006875838665608043,0.009312416133439196,18.624832266878393,-0.006654287710913376,0.006268359780171611,11.174899360127036,0.025,0.0,-0.03,0.0,1.0,0.0,0.01
6,0.19999961275337513,65,0.06004388619499761,0.0,-0.031060647273800448,0.001060647273800449,0.008939352726199551,17.878705452399103,-0.010226442954554032,0.004576044359477771,10.727223271439462,0.025,0.0,-0.03,0.0,1.0,0.0,0.01
6,0.19999961275337513,66,0.06123059550386313,0.0,-0.03143927925742156,0.001439279257421558,0.008560720742578442,17.121441485156886,-0.009945029837622795,0.0017663689294344057,10.272864891094132,0.025,0.0,-0.03,0.0,1.0,0.0,0.01
6,0.19999961275337513,67,0.06241543579729301,0.0,-0.03182337172016312,0.0018233717201631208,0.00817662827983688,16.35325655967376,-0.008755203672488297,0.0034929206975077972,9.811953935804256,0.025,0.0,-0.03,0.0,1.0,0.0,0.01
6,0.19999961275337513,68,0.0635986235583029,0.0,-0.03221293331811284,0.002212933318112842,0.007787066681887158,15.574133363774317,-0.012638341899535976,0.00661376328873054,9.34448001826459,0.025,0.0,-0.03,0.0,1.0,0.0,0.01
6,0.19999961275337513,69,0.06477991412797889,0.0,-0.032607807618781896,0.0026078076187818974,0.007392192381218103,14.784384762436206,-0.009266840311160868,0.005155902572500754,8.870630857461723,0.025,0.0,-0.03,0.0,1.0,0.0,0.01
6,0.19999961275337513,70,0.06595952788876346,0.0,-0.03300797745246708,0.0030079774524670796,0.0069920225475329206,13.984045095065841,-0.012801791364856555,0.0037499373961201407,8.390427057039505,0.025,0.0,-0.03,0.0,1.0,0.0,0.01
6,0.19999961275337513,71,0.067137337131227,0.0,-0.033413295513575796,0.0034132955135757967,0.0065867044864242035,13.173408972848407,-0.012053799264272929,0.00014386453242103264,7.904045383709043,0.025,0.0,-0.03,0.0,1.0,0.0,0.01
6,0.19999961275337513,72,0.0683133657101683,0.0,-0.033823650616914606,0.0038236506169146076,0.006176349383085393,12.352698766170786,-0.011497151636608692,0.003199515402728641,7.411619259702471,0.025,0.0,-0.03,0.0,1.0,0.0,0.01
6,0.19999961275337513,73,0.06948777458397515,0.0,-0.03423896722568706,0.0042389672256870625,0.005761032774312938,11.522065548625875,-0.015325735315486356,0.0059923925916896634,6.913239329175525,0.025,0.0,-0.03,0.0,1.0,0.0,0.01
6,0.19999961275337513,74,0.07066030740878282,0.0,-0.03465900845346553,0.004659008453465528,0.005340991546534472,10.681983093068943,-0.010471870740910246,0.009065717858989738,6.409189855841366,0.025,0.0,-0.03,0.0,1.0,0.0,0.01
6,0.19999961275337513,75,0.07183137974886623,0.0,-0.035083764191165705,0.005083764191165706,0.004916235808834294,9.832471617668588,-0.01790522799823811,0.009926795361610613,5.899482970601153,0.025,0.0,-0.03,0.0,1.0,0.0,0.01
6,0.19999961275337513,76,0.07300060220915933,0.0,-0.03551292186270052,0.005512921862700519,0.004487078137299481,8.974156274598963,-0.01023840808531604,0.012526781258094059,5.384493764759378,0.025,0.0,-0.03,0.0,1.0,0.0,0.01
6,0.19999961275337513,77,0.07416842509067861,0.0,-0.03594646188814256,0.00594646188814256,0.004053538111857441,8.10707622371488,-0.019724199541764718,0.011624141107954107,4.864245734228928,0.025,0.0,-0.03,0.0,1.0,0.0,0.01
6,0.19999961275337513,78,0.07533455784159811,0.0,-0.036384081129125716,0.006384081129125717,0.0036159188708742834,7.231837741748567,-0.01069339913586515,0.014023317728978014,4.33910264504914,0.025,0.0,-0.03,0.0,1.0,0.0,0.01
6,0.19999961275337513,79,0.0764993034592022,0.0,-0.0368256848944732,0.006825684894473202,0.003174315105526798,6.348630211053596,-0.02091042641578093,0.011615702641941703,3.8091781266321574,0.025,0.0,-0.03,0.0,1.0,0.0,0.01
6,0.19999961275337513,80,0.07766812395585926,0.0,-0.037268731002826135,0.007268731002826136,0.0027312689971738646,5.462537994347729,-0.011645270046296506,0.014327380743574753,3.277522796608637,0.025,0.0,-0.03,0.0,1.0,0.0,0.01
7,0.23333288154560433,37,0.03817282667994557,0.0,-0.02114288279947179,0.00885711720052821,0.0011428827994717904,2.285765598943581,-0.0005893306453315459,3.0600167266690636e-05,1.3714593593661486,0.025,0.0,-0.03,0.0,1.0,0.0,0.01
7,0.23333288154560433,38,0.03814235303762174,0.0,-0.022390071317335423,0.007609928682664576,0.002390071317335424,4.780142634670848,-0.0006753829166594414,2.436720229816014e-05,2.8680855808025085,0.025,0.0,-0.03,0.0,1.0,0.0,0.01
7,0.23333288154560433,39,0.038108298756745526,0.0,-0.02363717979566567,0.006362820204334329,0.0036371797956656713,7.274359591331343,4.617619071433172e-05,3.278445565722852e-05,4.364615754798805,0.025,0.0,-0.03,0.0,1.0,0.0,0.01
7,0.23333288154560433,40,0.038073103430097996,0.0,-0.024884254139213705,0.005115745860786294,0.004884254139213706,9.768508278427412,-0.001103358441713036,1.5042494768482929e-05,5.861104967056447,0.025,0.0,-0.03,0.0,1.0,0.0,0.01
7,0.23333288154560433,41,0.03803920777965846,0.0,-0.026131367288637204,0.0038686327113627954,0.006131367288637205,12.26273457727441,0.00020606200254469627,3.1611378487722466e-05,7.357640746364646,0.025,0.0,-0.03,0.0,1.0,0.0,0.01
7,0.23333288154560433,42,0.03800905131625666,0.0,-0.02737855828265232,0.00262144171734768,0.00737855828265232,14.75711656530464,-0.001027565761417947,1.7221795615109835e-05,8.854269939182783,0.025,0.0,-0.03,0.0,1.0,0.0,0.01
7,0.23333288154560433,43,0.03798504674854681,0.0,-0.02862587674756934,0.0013741232524306576,0.008625876747569343,17.251753495138686,1.5359295679974157e-05,2.543342116393341e-05,10.351052097083212,0.025,0.0,-0.03,0.0,1.0,0.0,0.01
7,0.23333288154560433,44,0.037969526699475516,0.0,-0.029873307077248487,0.00012669292275151178,0.009873307077248488,19.746614154496978,-0.0008093112754008437,2.690417123759238e-05,11.847968492698186,0.025,0.0,-0.03,0.0,1.0,0.0,0.01
7,0.23333288154560433,45,0.03796488733841204,0.0,-0.03112080892105185,0.0011208089210518503,0.00887919107894815,17.7583821578963,0.00024128901724073423,3.131282172760707e-05,10.65502929473778,0.025,0.0,-0.03,0.0,1.0,0.0,0.01
7,0.23333288154560433,46,0.037973695797322356,0.0,-0.03236824617284901,0.0023682461728490103,0.00763175382715099,15.26350765430198,0.0006147868612393162,2.6703489886465336e-05,9.158104592581187,0.025,0.0,-0.03,0.0,1.0,0.0,0.01
7,0.23333288154560433,47,0.03799971254080791,0.0,-0.03361582444533634,0.003615824445336341,0.006384175554663659,12.768351109327318,0.00031777065715085477,0.0006409525062696885,7.6610106655963905,0.025,0.0,-0.03,0.0,1.0,0.0,0.01
7,0.23333288154560433,48,0.039237457739313863,0.0,-0.03346907121475576,0.003469071214755759,0.006530928785244241,13.061857570488483,6.89478987892551e-05,0.001262909683324774,7.837114542293089,0.025,0.0,-0.03,0.0,1.0,0.0,0.01
7,0.23333288154560433,49,0.04047289063462584,0.0,-0.03330345854727565,0.0033034585472756506,0.00669654145272435,13.393082905448699,-0.000767035291799557,0.001047542181846813,8.03584974326922,0.025,0.0,-0.03,0.0,1.0,0.0,0.01
7,0.23333288154560433,50,0.041705907914718406,0.0,-0.03312079593389911,0.0031207959338991134,0.006879204066100887,13.758408132201774,-0.001134673094648732,0.0004524684991529219,8.255044879321064,0.025,0.0,-0.03,0.0,1.0,0.0,0.01
7,0.23333288154560433,51,0.042936662879205494,0.0,-0.03292289595262234,0.002922895952622344,0.007077104047377656,14.154208094755313,-0.001550019403355252,0.0012903786617186983,8.492524856853187,0.025,0.0,-0.03,0.0,1.0,0.0,0.01
7,0.23333288154560433,52,0.044165164317867864,0.0,-0.03271162463184639,0.0027116246318463905,0.00728837536815361,14.57675073630722,-0.00265805254234438,0.0020182181029890756,8.746050441784332,0.025,0.0,-0.03,0.0,1.0,0.0,0.01
7,0.23333288154560433,53,0.04539170130988552,0.0,-0.032488832847518634,0.002488832847518635,0.007511167152481365,15.02233430496273,-0.0022100468253704003,0.003925868401013075,9.013400582977637,0.025,0.0,-0.03,0.0,1.0,0.0,0.01
7,0.23333288154560433,54,0.046616452372877655,0.0,-0.03225641225174786,0.002256412251747858,0.007743587748252142,15.487175496504284,-0.004152483923599896,0.0037675848139275417,9.292305297902569,0.025,0.0,-0.03,0.0,1.0,0.0,0.01
7,0.23333288154560433,55,0.047839712987450406,0.0,-0.032016254948422335,0.0020162549484223358,0.007983745051577664,15.96749010315533,-0.0029548212242357925,0.0057973439492429646,9.580494061893198,0.025,0.0,-0.03,0.0,1.0,0.0,0.01
7,0.23333288154560433,56,0.04906187622056319,0.0,-0.031770249478737196,0.0017702494787371972,0.008229750521262803,16.459501042525606,-0.005651580546788091,0.005342283175457775,9.875700625515362,0.025,0.0,-0.03,0.0,1.0,0.0,0.01
7,0.23333288154560433,57,0.05028317311125575,0.0,-0.03152032718272645,0.001520327182726454,0.008479672817273546,16.95934563454709,-0.0035902634067221067,0.008244833965755056,10.175607380728254,0.025,0.0,-0.03,0.0,1.0,0.0,0.01
7,0.23333288154560433,58,0.051504152680814874,0.0,-0.03126836602042174,0.0012683660204217406,0.00873163397957826,17.463267959156518,-0.007284237666135521,0.007695535268428152,10.47796077549391,0.025,0.0,-0.03,0.0,1.0,0.0,0.01
7,0.23333288154560433,59,0.05272501677106146,0.0,-0.031016315344373123,0.001016315344373124,0.008983684655626876,17.96736931125375,-0.0042133137817690885,0.010958528319226024,10.78042158675225,0.025,0.0,-0.03,0.0,1.0,0.0,0.01
7,0.23333288154560433,60,0.05394632933302058,0.0,-0.03076605464629747,0.0007660546462974725,0.009233945353702528,18.467890707405054,-0.008698674645913954,0.009241630664455892,11.080734424443031,0.025,0.0,-0.03,0.0,1.0,0.0,0.01
7,0.23333288154560433,61,0.05516832803267734,0.0,-0.030519523431709227,0.0005195234317092283,0.009480476568290772,18.960953136581544,-0.005298285218948657,0.01168796203481064,11.376571881948927,0.025,0.0,-0.03,0.0,1.0,0.0,0.01
7,0.23333288154560433,62,0.056391473982906795,0.0,-0.030278611393875193,0.0002786113938751944,0.009721388606124806,19.442777212249613,-0.009347643592793184,0.007953330881704567,11.665666327349767,0.025,0.0,-0.03,0.0,1.0,0.0,0.01
7,0.23333288154560433,63,0.05761604186808313,0.0,-0.030045232950167415,4.5232950167416186e-05,0.009954767049832584,19.90953409966517,-0.00851355995302474,0.009372475561389884,11.945720459799102,0.025,0.0,-0.03,0.0,1.0,0.0,0.01
7,0.23333288154560433,64,0.05881129970468038,0.0,-0.030395780386330874,0.00039578038633087537,0.009604219613669125,19.20843922733825,-0.007275586971085212,0.004646213844571971,11.52506353640295,0.025,0.0,-0.03,0.0,1.0,0.0,0.01
7,0.23333288154560433,65,0.06000489571869518,0.0,-0.03075193945048843,0.0007519394504884314,0.009248060549511569,18.49612109902314,-0.010528298203728824,0.005201921461040045,11.097672659413883,0.025,0.0,-0.03,0.0,1.0,0.0,0.01
7,0.23333288154560433,66,0.06119681838475369,0.0,-0.031113673366241497,0.001113673366241498,0.008886326633758502,17.772653267517004,-0.009484688516951086,0.00023600995060427783,10.663591960510201,0.025,0.0,-0.03,0.0,1.0,0.0,0.01
7,0.23333288154560433,67,0.06238704002324727,0.0,-0.03148092680504909,0.0014809268050490904,0.00851907319495091,17.03814638990182,-0.009909406814948068,0.0006053610220501033,10.22288783394109,0.025,0.0,-0.03,0.0,1.0,0.0,0.01
7,0.23333288154560433,68,0.06357558430990304,0.0,-0.03185364541070197,0.0018536454107019734,0.008146354589298027,16.292709178596052,-0.012191798584295747,0.004814410958254335,9.775625507157631,0.025,0.0,-0.03,0.0,1.0,0.0,0.01
7,0.23333288154560433,69,0.06476239917739877,0.0,-0.03223173673826115,0.0022317367382611517,0.0077682632617388486,15.536526523477697,-0.009647682585122988,0.004923123171544773,9.321915914086619,0.025,0.0,-0.03,0.0,1.0,0.0,0.01
7,0.23333288154560433,70,0.06594754804745062,0.0,-0.032615130506181186,0.0026151305061811875,0.007384869493818813,14.769738987637625,-0.013677680582947367,0.005810865707389369,8.861843392582575,0.025,0.0,-0.03,0.0,1.0,0.0,0.01
7,0.23333288154560433,71,0.06713097742790487,0.0,-0.033003704875661746,0.0030037048756617474,0.006996295124338253,13.992590248676505,-0.01136229833272721,0.003038042474254809,8.395554149205903,0.025,0.0,-0.03,0.0,1.0,0.0,0.01
7,0.23333288154560433,72,0.0683127432460186,0.0,-0.03339735955255487,0.0033973595525548725,0.006602640447445128,13.205280894890256,-0.012804114692639703,0.0003113362907640208,7.923168536934154,0.025,0.0,-0.03,0.0,1.0,0.0,0.01
7,0.23333288154560433,73,0.06949286031942065,0.0,-0.03379596742248289,0.003795967422482893,0.006204032577517107,12.408065155034214,-0.015173308661521443,0.004918731997352278,7.444839093020528,0.025,0.0,-0.03,0.0,1.0,0.0,0.01
7,0.23333288154560433,74,0.07067129555893965,0.0,-0.03419937149165982,0.004199371491659824,0.005800628508340176,11.601257016680352,-0.010771104752675394,0.009529796009833053,6.9607542100082105,0.025,0.0,-0.03,0.0,1.0,0.0,0.01
7,0.23333288154560433,75,0.07184821365362264,0.0,-0.034607469671736404,0.0046074696717364055,0.005392530328263595,10.78506065652719,-0.018735870110679734,0.011776530842474583,6.471036393916314,0.025,0.0,-0.03,0.0,1.0,0.0,0.01
7,0.23333288154560433,76,0.07302342717472836,0.0,-0.03502002539723506,0.005020025397235062,0.0049799746027649385,9.959949205529878,-0.010371106030885986,0.01371142896374718,5.975969523317926,0.025,0.0,-0.03,0.0,1.0,0.0,0.01
7,0.23333288154560433,77,0.07419728722046927,0.0,-0.03543697830133346,0.00543697830133346,0.00456302169866654,9.12604339733308,-0.01981748174413617,0.011355332643906806,5.475626038399848,0.025,0.0,-0.03,0.0,1.0,0.0,0.01
7,0.23333288154560433,78,0.07536945170047882,0.0,-0.035858011326216035,0.005858011326216037,0.004141988673783964,8.283977347567927,-0.01237997092091813,0.011043562327061066,4.970386408540755,0.025,0.0,-0.03,0.0,1.0,0.0,0.01
7,0.23333288154560433,79,0.07654042175068708,0.0,-0.03628309706394722,0.006283097063947224,0.0037169029360527763,7.433805872105553,-0.019442209858559944,0.006955426248800599,4.460283523263332,0.025,0.0,-0.03,0.0,1.0,0.0,0.01
7,0.23333288154560433,80,0.07771529106880044,0.0,-0.03670952742852725,0.006709527428527248,0.003290472571472752,6.580945142945504,-0.014375512285368744,0.008610397757371614,3.9485670857673023,0.025,0.0,-0.03,0.0,1.0,0.0,0.01
8,0.26666615033783353,37,0.038173775531856996,0.0,-0.02115710527855926,0.008842894721440737,0.0011571052785592627,2.3142105571185256,-0.0009462500923603292,2.1302070026522992e-05,1.3885263342711154,0.025,0.0,-0.03,0.0,1.0,0.0,0.01
8,0.26666615033783353,38,0.03814322092956989,0.0,-0.022404290571565236,0.0075957094284347625,0.0024042905715652377,4.808581143130476,-0.0001212901607868885,2.766295045018937e-05,2.8851486858782853,0.025,0.0,-0.03,0.0,1.0,0.0,0.01
8,0.26666615033783353,39,0.03810910780395135,0.0,-0.023651398788826165,0.006348601211173834,0.003651398788826166,7.302797577652332,-0.00035804224188876893,2.319371913507801e-05,4.381678546591399,0.025,0.0,-0.03,0.0,1.0,0.0,0.01
8,0.26666615033783353,40,0.03807387810817446,0.0,-0.024898474408143356,0.005101525591856643,0.0048984744081433575,9.796948816286715,-0.0007608555976129919,1.718497593823764e-05,5.878169289772029,0.025,0.0,-0.03,0.0,1.0,0.0,0.01
8,0.26666615033783353,41,0.03803997496429159,0.0,-0.02614558623398393,0.0038544137660160675,0.006145586233983933,12.291172467967865,0.0002473112052908093,2.9853905201224704e-05,7.374703480780719,0.025,0.0,-0.03,0.0,1.0,0.0,0.01
8,0.26666615033783353,42,0.0380098400787773,0.0,-0.02739278066319203,0.002607219336807968,0.007392780663192032,14.785561326384064,-0.0012533181972293798,1.700570358512634e-05,8.871336795830437,0.025,0.0,-0.03,0.0,1.0,0.0,0.01
8,0.26666615033783353,43,0.03798588858831082,0.0,-0.02864009807337694,0.0013599019266230597,0.00864009807337694,17.28019614675388,0.0004696800661355168,2.9004894778557395e-05,10.368117688052328,0.025,0.0,-0.03,0.0,1.0,0.0,0.01
8,0.26666615033783353,44,0.03797045840546328,0.0,-0.029887531315184828,0.00011246868481517083,0.00988753131518483,19.775062630369657,-0.0012396172929998416,3.3822531012425426e-05,11.865037578221793,0.025,0.0,-0.03,0.0,1.0,0.0,0.01
8,0.26666615033783353,45,0.03796595131745868,0.0,-0.031135029061530973,0.001135029061530974,0.008864970938469026,17.729941876938053,-0.00037039930636412167,2.1746311045033874e-05,10.63796512616283,0.025,0.0,-0.03,0.0,1.0,0.0,0.01
8,0.26666615033783353,46,0.03797493150032496,0.0,-0.03238246425537626,0.0023824642553762626,0.007617535744623738,15.235071489247476,0.0009187548260973229,5.957317605359434e-05,9.141042893548486,0.025,0.0,-0.03,0.0,1.0,0.0,0.01
8,0.26666615033783353,47,0.038001228460306805,0.0,-0.033630063630584364,0.0036300636305843653,0.006369936369415635,12.73987273883127,0.00019982844059020986,1.866083596656118e-05,7.643923643298762,0.025,0.0,-0.03,0.0,1.0,0.0,0.01
8,0.26666615033783353,48,0.039236725388296256,0.0,-0.03346523602947538,0.003465236029475384,0.006534763970524616,13.069527941049232,-0.00014393031249482978,0.0001160347857309296,7.841716764629539,0.025,0.0,-0.03,0.0,1.0,0.0,0.01
8,0.26666615033783353,49,0.0404695810817762,0.0,-0.03328142988619823,0.0032814298861982283,0.006718570113801772,13.437140227603544,-0.0006757889947628848,0.0002812630393469368,8.062284136562127,0.025,0.0,-0.03,0.0,1.0,0.0,0.01
8,0.26666615033783353,50,0.04169979839568934,0.0,-0.033080462683769254,0.0030804626837692556,0.006919537316230745,13.83907463246149,-0.0012778709623700116,1.4885078987227585e-05,8.303444779476893,0.025,0.0,-0.03,0.0,1.0,0.0,0.01
8,0.26666615033783353,51,0.04292743831468569,0.0,-0.03286418145249009,0.0028641814524900944,0.007135818547509906,14.27163709501981,-0.0017698932994911383,0.0005159988303102999,8.562982257011885,0.025,0.0,-0.03,0.0,1.0,0.0,0.01
8,0.26666615033783353,52,0.04415268242580483,0.0,-0.03263444613644167,0.002634446136441669,0.007365553863558331,14.731107727116662,-0.0024348445473816455,1.8915924689230162e-05,8.838664636269996,0.025,0.0,-0.03,0.0,1.0,0.0,0.01
8,0.26666615033783353,53,0.04537570175010987,0.0,-0.032393147030335134,0.0023931470303351354,0.007606852969664865,15.21370593932973,-0.0027921318042505756,0.0011880837743161233,9.128223563597837,0.025,0.0,-0.03,0.0,1.0,0.0,0.01
8,0.26666615033783353,54,0.04659682359616225,0.0,-0.03214216953893009,0.0021421695389300943,0.007857830461069906,15.715660922139811,-0.0037114371192093053,0.0004995505567279343,9.429396553283887,0.025,0.0,-0.03,0.0,1.0,0.0,0.01
8,0.26666615033783353,55,0.04781631741203032,0.0,-0.03188342958669836,0.0018834295866983625,0.008116570413301638,16.233140826603275,-0.0037061617087694233,0.0023973523488831877,9.739884495961965,0.025,0.0,-0.03,0.0,1.0,0.0,0.01
8,0.26666615033783353,56,0.04903458345620314,0.0,-0.03161883301281299,0.0016188330128129938,0.008381166987187006,16.762333974374013,-0.005085446632009475,0.0014173047164514115,10.057400384624406,0.025,0.0,-0.03,0.0,1.0,0.0,0.01
8,0.26666615033783353,57,0.050251995952567116,0.0,-0.031350302228531225,0.0013503022285312263,0.008649697771468774,17.299395542937546,-0.00453562564814421,0.004004647840319998,10.379637325762527,0.025,0.0,-0.03,0.0,1.0,0.0,0.01
8,0.26666615033783353,58,0.05146895750212038,0.0,-0.03107976188305241,0.001079761883052411,0.00892023811694759,17.840476233895178,-0.00656701873911929,0.0028398763485180745,10.704285740337106,0.025,0.0,-0.03,0.0,1.0,0.0,0.01
8,0.26666615033783353,59,0.05268591738147675,0.0,-0.030809130751351107,0.000809130751351108,0.009190869248648892,18.381738497297786,-0.005227588152386112,0.0063091385156881594,11.02904309837867,0.025,0.0,-0.03,0.0,1.0,0.0,0.01
8,0.26666615033783353,60,0.053903264892363204,0.0,-0.03054034083945787,0.0005403408394578715,0.009459659160542129,18.91931832108426,-0.00816033145767103,0.00491996880495112,11.351590992650555,0.025,0.0,-0.03,0.0,1.0,0.0,0.01
8,0.26666615033783353,61,0.05512143026428522,0.0,-0.030275311927194955,0.00027531192719495653,0.009724688072805044,19.44937614561009,-0.005945683446153775,0.00871770373915645,11.669625687366052,0.025,0.0,-0.03,0.0,1.0,0.0,0.01
8,0.26666615033783353,62,0.0563408248269532,0.0,-0.030015962302600212,1.5962302600213557e-05,0.009984037697399787,19.968075394799573,-0.00933092096439075,0.005980018327165829,11.980845236879743,0.025,0.0,-0.03,0.0,1.0,0.0,0.01
8,0.26666615033783353,63,0.05756174355202932,0.0,-0.02976421330750403,0.00023578669249596854,0.009764213307504032,19.528426615008062,0.008689674559655892,0.00882622929362299,11.717055969004837,0.025,0.0,-0.03,0.0,1.0,0.0,0.01
8,0.26666615033783353,64,0.05876203504000062,0.0,-0.03009729381817021,9.729381817021043e-05,0.00990270618182979,19.80541236365958,-0.007566869163733489,0.004427329311557971,11.883247418195749,0.025,0.0,-0.03,0.0,1.0,0.0,0.01
8,0.26666615033783353,65,0.059960641290333246,0.0,-0.030435987851412168,0.0004359878514121687,0.009564012148587831,19.128024297175664,-0.010731725822079425,0.005501902638719311,11.476814578305397,0.025,0.0,-0.03,0.0,1.0,0.0,0.01
8,0.26666615033783353,66,0.06115776919827987,0.0,-0.03078031657451282,0.0007803165745128224,0.009219683425487178,18.439366850974356,-0.00967893901886821,0.0002737037754430963,11.063620110584614,0.025,0.0,-0.03,0.0,1.0,0.0,0.01
8,0.26666615033783353,67,0.062353175445961875,0.0,-0.03113016360513327,0.0011301636051332699,0.00886983639486673,17.73967278973346,-0.01034065799470282,7.147477089309308e-05,10.643803673840077,0.025,0.0,-0.03,0.0,1.0,0.0,0.01
8,0.26666615033783353,68,0.06354704763497988,0.0,-0.03148552164307397,0.0014855216430739726,0.008514478356926028,17.028956713852054,-0.012050201744103461,0.003878381257083151,10.217374028311232,0.025,0.0,-0.03,0.0,1.0,0.0,0.01
8,0.26666615033783353,69,0.06473925315896382,0.0,-0.03184627574937231,0.0018462757493723086,0.008153724250627692,16.307448501255383,-0.010570656316713847,0.002943897403136911,9.78446910075323,0.025,0.0,-0.03,0.0,1.0,0.0,0.01
8,0.26666615033783353,70,0.06592983199445933,0.0,-0.03221234703223897,0.002212347032238972,0.007787652967761028,15.575305935522056,-0.013259736019993557,0.003987684278637115,9.345183561313233,0.025,0.0,-0.03,0.0,1.0,0.0,0.01
8,0.26666615033783353,71,0.0671188476351671,0.0,-0.03258365109088806,0.0025836510908880603,0.00741634890911194,14.83269781822388,-0.012112691553046178,0.0016030709437544362,8.899618690934327,0.025,0.0,-0.03,0.0,1.0,0.0,0.01
8,0.26666615033783353,72,0.06830616474945926,0.0,-0.0329600270081135,0.0029600270081135,0.0070399729918865,14.079945983773001,-0.013346906083970283,0.0005350996508771805,8.4479675902638,0.025,0.0,-0.03,0.0,1.0,0.0,0.01
8,0.26666615033783353,73,0.06949201979939362,0.0,-0.03334141795496619,0.0033414179549661888,0.0066585820450338114,13.317164090067623,-0.014368098582612896,0.0018621129300534199,7.990298454040573,0.025,0.0,-0.03,0.0,1.0,0.0,0.01
8,0.26666615033783353,74,0.07067616117941791,0.0,-0.03372759779990336,0.003727597799903358,0.006272402200096642,12.544804400193284,-0.013136955234030466,0.0036579101163975577,7.52688264011597,0.025,0.0,-0.03,0.0,1.0,0.0,0.01
8,0.26666615033783353,75,0.07185892707033258,0.0,-0.034118518404390515,0.004118518404390516,0.0058814815956094845,11.762963191218969,-0.016608098669631963,0.005081246961671363,7.057777914731381,0.025,0.0,-0.03,0.0,1.0,0.0,0.01
8,0.26666615033783353,76,0.07304001473270098,0.0,-0.03451390908310878,0.00451390908310878,0.00548609091689122,10.97218183378244,-0.013094118084354884,0.007158325186548576,6.583309100269464,0.025,0.0,-0.03,0.0,1.0,0.0,0.01
8,0.26666615033783353,77,0.07421981678659206,0.0,-0.034913717799430664,0.0049137177994306655,0.005086282200569335,10.17256440113867,-0.018611134039801042,0.007434933301916499,6.103538640683202,0.025,0.0,-0.03,0.0,1.0,0.0,0.01
8,0.26666615033783353,78,0.07539800801790507,0.0,-0.03531763976033717,0.005317639760337174,0.004682360239662826,9.364720479325651,-0.013342170861477886,0.009679738435761701,5.61883228759539,0.025,0.0,-0.03,0.0,1.0,0.0,0.01
8,0.26666615033783353,79,0.07657501826044298,0.0,-0.03572561546925565,0.005725615469255652,0.004274384530744349,8.548769061488697,-0.02019927974040005,0.008525228751221513,5.129261436893218,0.025,0.0,-0.03,0.0,1.0,0.0,0.01
8,0.26666615033783353,80,0.07775599871683392,0.0,-0.03613491575376494,0.006134915753764944,0.003865084246235056,7.730168492470113,-0.014128844695006502,0.010700586143915985,4.638101095482067,0.025,0.0,-0.03,0.0,1.0,0.0,0.01
9,0.29999941913006273,37,0.03817458492685884,0.0,-0.02116952330856083,0.00883047669143917,0.00116952330856083,2.33904661712166,-0.0006233741734502182,1.9537537108270193e-05,1.4034279702729962,0.025,0.0,-0.03,0.0,1.0,0.0,0.01
9,0.29999941913006273,38,0.03814397109901694,0.0,-0.022416705923878923,0.0075832940761210756,0.0024167059238789246,4.83341184775785,-0.00023168426714391627,2.2690441341154372e-05,2.9000471086547095,0.025,0.0,-0.03,0.0,1.0,0.0,0.01
9,0.29999941913006273,39,0.03810982209102715,0.0,-0.023663816668139874,0.006336183331860125,0.0036638166681398753,7.32763333627975,-0.0002778563965684089,2.0630400476727698e-05,4.39658000176785,0.025,0.0,-0.03,0.0,1.0,0.0,0.01
9,0.29999941913006273,40,0.03807458262848324,0.0,-0.024910890337154826,0.0050891096628451725,0.004910890337154828,9.821780674309656,-0.0005934155499380592,1.7074190085895744e-05,5.893068404585793,0.025,0.0,-0.03,0.0,1.0,0.0,0.01
9,0.29999941913006273,41,0.038040698294765425,0.0,-0.026158005599290008,0.003841994400709991,0.006158005599290009,12.31601119858002,4.400084194427484e-05,2.547703282403559e-05,7.389606719148011,0.025,0.0,-0.03,0.0,1.0,0.0,0.01
9,0.29999941913006273,42,0.03801061348298353,0.0,-0.027405200525353147,0.0025947994746468514,0.007405200525353149,14.810401050706298,-0.0008344081340589981,1.9704265911375814e-05,8.886240630423778,0.025,0.0,-0.03,0.0,1.0,0.0,0.01
9,0.29999941913006273,43,0.03798674625077792,0.0,-0.028652520581722202,0.0013474794182777965,0.008652520581722204,17.305041163444407,6.087199246485035e-05,2.8770897180124776e-05,10.383024698066643,0.025,0.0,-0.03,0.0,1.0,0.0,0.01
9,0.29999941913006273,44,0.03797144011876452,0.0,-0.029899953657684535,0.00010004634231546364,0.009899953657684537,19.799907315369072,-0.0006563650935013345,2.990746422715396e-05,11.879944389221443,0.025,0.0,-0.03,0.0,1.0,0.0,0.01
9,0.29999941913006273,45,0.037967102289580106,0.0,-0.031147450222460515,0.0011474502224605165,0.008852549777539484,17.705099555078966,0.00014996756443905838,3.328586951443536e-05,10.623059733047379,0.025,0.0,-0.03,0.0,1.0,0.0,0.01
9,0.29999941913006273,46,0.037976292954805216,0.0,-0.03239488181286752,0.002394881812867518,0.007605118187132482,15.210236374264964,0.0005148126392263462,1.146310467043284e-06,9.126141824558978,0.025,0.0,-0.03,0.0,1.0,0.0,0.01
9,0.29999941913006273,47,0.03800291973838735,0.0,-0.03364250095402356,0.0036425009540235614,0.006357499045976439,12.714998091952877,0.00019545937892599465,0.0005923483170648588,7.628998855171726,0.025,0.0,-0.03,0.0,1.0,0.0,0.01
9,0.29999941913006273,48,0.03923583336215313,0.0,-0.03345930846413681,0.0034593084641368135,0.006540691535863187,13.081383071726373,1.055153496825058e-05,0.0014459144694828922,7.848829843035824,0.025,0.0,-0.03,0.0,1.0,0.0,0.01
9,0.29999941913006273,49,0.040465832220672474,0.0,-0.033257011952257644,0.003257011952257645,0.006742988047742355,13.48597609548471,-0.0011277446364256326,0.002082977315984428,8.091585657290826,0.025,0.0,-0.03,0.0,1.0,0.0,0.01
9,0.29999941913006273,50,0.041692862016548884,0.0,-0.03303746107809954,0.003037461078099539,0.006962538921900461,13.925077843800922,-0.000823240463430407,0.003062427874577662,8.355046706280554,0.025,0.0,-0.03,0.0,1.0,0.0,0.01
9,0.29999941913006273,51,0.04291711438345921,0.0,-0.03280250278036526,0.002802502780365264,0.007197497219634736,14.394994439269473,-0.0025069792362580946,0.0029195847813029002,8.636996663561684,0.025,0.0,-0.03,0.0,1.0,0.0,0.01
9,0.29999941913006273,52,0.04413869355802577,0.0,-0.032554031743503596,0.0025540317435035972,0.007445968256496403,14.891936512992807,-0.0018018095318416733,0.0037407910420584486,8.935161907795683,0.025,0.0,-0.03,0.0,1.0,0.0,0.01
9,0.29999941913006273,53,0.04535789367146953,0.0,-0.03229393641808547,0.0022939364180854724,0.007706063581914528,15.412127163829055,-0.0036185953328194296,0.0022999997809893718,9.247276298297432,0.025,0.0,-0.03,0.0,1.0,0.0,0.01
9,0.29999941913006273,54,0.046575008645241264,0.0,-0.03202412795276021,0.0020241279527602116,0.007975872047239789,15.951744094479578,-0.003204106487149871,0.0025282609443040937,9.571046456687746,0.025,0.0,-0.03,0.0,1.0,0.0,0.01
9,0.29999941913006273,55,0.04779036797772467,0.0,-0.03174653080415459,0.0017465308041545932,0.008253469195845407,16.506938391690813,-0.004210805260861132,0.0005852503423496215,9.904163035014488,0.025,0.0,-0.03,0.0,1.0,0.0,0.01
9,0.29999941913006273,56,0.049004418384737444,0.0,-0.03146305925202588,0.001463059252025882,0.008536940747974118,17.073881495948235,-0.005144261132872991,0.0008550174637674018,10.244328897568941,0.025,0.0,-0.03,0.0,1.0,0.0,0.01
9,0.29999941913006273,57,0.0502175160120015,0.0,-0.031175659436833415,0.0011756594368334157,0.008824340563166585,17.64868112633317,-0.00440608517257039,0.005036453776556837,10.5892086757999,0.025,0.0,-0.03,0.0,1.0,0.0,0.01
9,0.29999941913006273,58,0.05143017878383257,0.0,-0.030886249100666677,0.0008862491006666785,0.009113750899333322,18.227501798666644,-0.00719202360045087,0.004565913423401288,10.936501079199987,0.025,0.0,-0.03,0.0,1.0,0.0,0.01
9,0.29999941913006273,59,0.05264279306577757,0.0,-0.030596779715280454,0.0005967797152804551,0.009403220284719545,18.80644056943909,-0.004882229549973079,0.008242340672288065,11.283864341663454,0.025,0.0,-0.03,0.0,1.0,0.0,0.01
9,0.29999941913006273,60,0.05385587635363057,0.0,-0.03030917356079946,0.0003091735607994618,0.009690826439200538,19.381652878401077,-0.008578713328740871,0.005489834068507189,11.628991727040646,0.025,0.0,-0.03,0.0,1.0,0.0,0.01
9,0.29999941913006273,61,0.05506982084646525,0.0,-0.030025377753210798,2.5377753210799325e-05,0.009974622246789201,19.9492444935784,-0.006251140915164608,0.007630627603315926,11.96954669614704,0.025,0.0,-0.03,0.0,1.0,0.0,0.01
9,0.29999941913006273,62,0.056285101742434555,0.0,-0.029747314108522285,0.0002526858914777136,0.009747314108522287,19.494628217044575,0.009045282562834472,0.002441509962170707,11.696776930226745,0.025,0.0,-0.03,0.0,1.0,0.0,0.01
9,0.29999941913006273,63,0.05750207011689631,0.0,-0.029476918837781654,0.0005230811622183446,0.009476918837781656,18.95383767556331,0.008410903138715453,0.003815715551387142,11.372302605337985,0.025,0.0,-0.03,0.0,1.0,0.0,0.01
9,0.29999941913006273,64,0.05870715349243988,0.0,-0.029792075310285934,0.00020792468971406533,0.009792075310285935,19.58415062057187,0.009360815262849752,0.0018313660783268826,11.75049037234312,0.025,0.0,-0.03,0.0,1.0,0.0,0.01
9,0.29999941913006273,65,0.05991071751819607,0.0,-0.030112892735208296,0.00011289273520829687,0.009887107264791703,19.774214529583407,-0.009378820588351511,7.535852347166019e-05,11.864528717750044,0.025,0.0,-0.03,0.0,1.0,0.0,0.01
9,0.29999941913006273,66,0.06111279057828418,0.0,-0.030439344196450936,0.0004393441964509366,0.009560655803549064,19.12131160709813,-0.010942427738668718,0.0036484056018774333,11.472786964258876,0.025,0.0,-0.03,0.0,1.0,0.0,0.01
9,0.29999941913006273,67,0.06231331443126687,0.0,-0.03077136692359096,0.0007713669235909597,0.00922863307640904,18.457266152818082,-0.01026550364152928,0.0009140226570446947,11.07435969169085,0.025,0.0,-0.03,0.0,1.0,0.0,0.01
9,0.29999941913006273,68,0.06351231658036809,0.0,-0.031108906752713144,0.001108906752713145,0.008891093247286855,17.78218649457371,-0.011889543631794093,0.002807685248850968,10.669311896744226,0.025,0.0,-0.03,0.0,1.0,0.0,0.01
9,0.29999941913006273,69,0.06470976679472339,0.0,-0.03145187921582621,0.0014518792158262142,0.008548120784173786,17.096241568347573,-0.011715273400419125,0.00012670268355129808,10.257744941008543,0.025,0.0,-0.03,0.0,1.0,0.0,0.01
9,0.29999941913006273,70,0.06590567253186243,0.0,-0.031800196105732724,0.001800196105732725,0.008199803894267275,16.39960778853455,-0.012490901456529835,0.0008153954136774583,9.83976467312073,0.025,0.0,-0.03,0.0,1.0,0.0,0.01
9,0.29999941913006273,71,0.06710005410699803,0.0,-0.03215375918542181,0.002153759185421808,0.007846240814578192,15.692481629156385,-0.013274559272750069,0.0014547835685556156,9.41548897749383,0.025,0.0,-0.03,0.0,1.0,0.0,0.01
9,0.29999941913006273,72,0.06829287493823014,0.0,-0.03251243940860821,0.002512439408608208,0.007487560591391792,14.975121182783584,-0.013139425545178496,0.0009186758666905164,8.985072709670149,0.025,0.0,-0.03,0.0,1.0,0.0,0.01
9,0.29999941913006273,73,0.06948423535864644,0.0,-0.03287613548664215,0.002876135486642152,0.007123864513357848,14.247729026715696,-0.01470440917993084,0.002264212393738705,8.548637416029417,0.025,0.0,-0.03,0.0,1.0,0.0,0.01
9,0.29999941913006273,74,0.07067402099427664,0.0,-0.033244667448768354,0.0032446674487683555,0.006755332551231645,13.510665102463289,-0.01392567924331426,0.002129914885530849,8.106399061477973,0.025,0.0,-0.03,0.0,1.0,0.0,0.01
9,0.29999941913006273,75,0.07186245080154781,0.0,-0.03361794546404985,0.0036179454640498515,0.006382054535950149,12.764109071900297,-0.015998117999961682,0.002583186426625585,7.6584654431401775,0.025,0.0,-0.03,0.0,1.0,0.0,0.01
9,0.29999941913006273,76,0.07304929429670433,0.0,-0.03399572663799325,0.0039957266379932535,0.006004273362006747,12.008546724013494,-0.014841533900169521,0.0028949718265578717,7.205128034408096,0.025,0.0,-0.03,0.0,1.0,0.0,0.01
9,0.29999941913006273,77,0.07423492083102057,0.0,-0.03437794598745607,0.0043779459874560694,0.005622054012543931,11.244108025087861,-0.017149712486764366,0.002438487298521537,6.7464648150527164,0.025,0.0,-0.03,0.0,1.0,0.0,0.01
9,0.29999941913006273,78,0.07541896810118728,0.0,-0.03476429251779938,0.004764292517799383,0.005235707482200617,10.471414964401234,-0.01589213988422638,0.003238161209974068,6.28284897864074,0.025,0.0,-0.03,0.0,1.0,0.0,0.01
9,0.29999941913006273,79,0.07660194597821038,0.0,-0.03515472654287937,0.005154726542879372,0.0048452734571206284,9.690546914241256,-0.01818719486608855,0.0019563350451958636,5.814328148544754,0.025,0.0,-0.03,0.0,1.0,0.0,0.01
9,0.29999941913006273,80,0.07778884413600012,0.0,-0.03554641977592092,0.005546419775920922,0.004453580224079079,8.907160448158157,-0.01699621685487138,0.003456531015999959,5.344296268894894,0.025,0.0,-0.03,0.0,1.0,0.0,0.01
10,0.3333326879222919,37,0.038175266750858645,0.0,-0.021180278014508173,0.008819721985491826,0.001180278014508174,2.3605560290163483,-0.000544456727444264,1.58115016807278e-05,1.416333617409809,0.025,0.0,-0.03,0.0,1.0,0.0,0.01
10,0.3333326879222919,38,0.038144613712312696,0.0,-0.02242746103683139,0.0075725389631686076,0.0024274610368313927,4.854922073662785,-0.00012545389034430922,2.0466128423196804e-05,2.9129532441976713,0.025,0.0,-0.03,0.0,1.0,0.0,0.01
10,0.3333326879222919,39,0.03811045013379284,0.0,-0.023674571223212055,0.006325428776787944,0.0036745712232120562,7.349142446424112,-0.00034725467783175586,1.6540142106764955e-05,4.409485467854467,0.025,0.0,-0.03,0.0,1.0,0.0,0.01
10,0.3333326879222919,40,0.038075223572617785,0.0,-0.024921647521467694,0.005078352478532305,0.004921647521467695,9.84329504293539,-0.0004104450447050899,1.7061765024083414e-05,5.905977025761234,0.025,0.0,-0.03,0.0,1.0,0.0,0.01
10,0.3333326879222919,41,0.03804138255187289,0.0,-0.0261687628443004,0.0038312371556996003,0.0061687628443004,12.3375256886008,-2.4639996763651204e-05,2.305812016950406e-05,7.40251541316048,0.025,0.0,-0.03,0.0,1.0,0.0,0.01
10,0.3333326879222919,42,0.038011374187521645,0.0,-0.02741596201389637,0.00258403798610363,0.00741596201389637,14.83192402779274,-0.0007025653911097233,2.0260965225270132e-05,8.899154416675643,0.025,0.0,-0.03,0.0,1.0,0.0,0.01
10,0.3333326879222919,43,0.037987620242858136,0.0,-0.028663282505285558,0.0013367174947144407,0.00866328250528556,17.32656501057112,7.072664346062602e-05,2.8429295775867918e-05,10.39593900634267,0.025,0.0,-0.03,0.0,1.0,0.0,0.01
10,0.3333326879222919,44,0.037972470035149475,0.0,-0.02991071801766828,8.928198233171952e-05,0.00991071801766828,19.82143603533656,-0.000637147359303542,3.448623450006146e-05,11.892861621201936,0.025,0.0,-0.03,0.0,1.0,0.0,0.01
10,0.3333326879222919,45,0.03796833574702094,0.0,-0.031158212082808116,0.0011582120828081167,0.008841787917191883,17.683575834383767,-6.586777505372138e-06,3.110550427739978e-05,10.61014550063026,0.025,0.0,-0.03,0.0,1.0,0.0,0.01
10,0.3333326879222919,46,0.037977774743512514,0.0,-0.03240563955087428,0.002405639550874278,0.007594360449125722,15.188720898251445,0.00046936107929053904,8.955910500818844e-05,9.113232538950866,0.025,0.0,-0.03,0.0,1.0,0.0,0.01
10,0.3333326879222919,47,0.038004761830484,0.0,-0.03365328034854833,0.003653280348548331,0.006346719651451669,12.69343930290334,0.00029987322505925154,0.00030352736730648264,7.6160635817420035,0.025,0.0,-0.03,0.0,1.0,0.0,0.01
10,0.3333326879222919,48,0.03923479746729149,0.0,-0.03345144925886955,0.003451449258869553,0.006548550741130447,13.097101482260895,-0.0003832259334519585,0.0007352211929482634,7.858260889356536,0.025,0.0,-0.03,0.0,1.0,0.0,0.01
10,0.3333326879222919,49,0.040461559563021346,0.0,-0.0332304045798068,0.003230404579806799,0.006769595420193201,13.539190840386402,-0.0006977901034870642,0.0008932381500327664,8.12351450423184,0.025,0.0,-0.03,0.0,1.0,0.0,0.01
10,0.3333326879222919,50,0.04168511709729385,0.0,-0.03299199834351747,0.002991998343517474,0.007008001656482526,14.016003312965053,-0.0014410825133362416,2.470948748292894e-08,8.40960198777903,0.025,0.0,-0.03,0.0,1.0,0.0,0.01
10,0.3333326879222919,51,0.04290557965541439,0.0,-0.032738113567339924,0.0027381135673399254,0.007261886432660075,14.523772865320149,-0.0021080051173559787,0.00029163374209825846,8.71426371919209,0.025,0.0,-0.03,0.0,1.0,0.0,0.01
10,0.3333326879222919,52,0.044123180753587794,0.0,-0.032470642826466486,0.0024706428264664876,0.007529357173533513,15.058714347067026,-0.002179132775398985,0.0021750030122277605,9.035228608240216,0.025,0.0,-0.03,0.0,1.0,0.0,0.01
10,0.3333326879222919,53,0.04533817786407501,0.0,-0.03219150198582133,0.0021915019858213328,0.0078084980141786674,15.616996028357335,-0.003683778555889786,0.001908310753391461,9.3701976170144,0.025,0.0,-0.03,0.0,1.0,0.0,0.01
10,0.3333326879222919,54,0.04655092409234954,0.0,-0.03190261070307076,0.0019026107030707604,0.00809738929692924,16.19477859385848,-0.0030231005559925787,0.0036709112434275075,9.716867156315088,0.025,0.0,-0.03,0.0,1.0,0.0,0.01
10,0.3333326879222919,55,0.0477617966019855,0.0,-0.03160590282243663,0.001605902822436632,0.008394097177563368,16.788194355126738,-0.004906463066466609,0.0017994134598872007,10.072916613076043,0.025,0.0,-0.03,0.0,1.0,0.0,0.01
10,0.3333326879222919,56,0.048971230068872905,0.0,-0.03130331462421959,0.0013033146242195925,0.008696685375780408,17.393370751560816,-0.004394618002557223,0.0029337316415479855,10.43602245093649,0.025,0.0,-0.03,0.0,1.0,0.0,0.01
10,0.3333326879222919,57,0.05017968027479109,0.0,-0.030996789117299865,0.0009967891172998657,0.009003210882700135,18.00642176540027,-0.005582915519698264,0.0005315347726429203,10.803853059240161,0.025,0.0,-0.03,0.0,1.0,0.0,0.01
10,0.3333326879222919,58,0.05138762930813515,0.0,-0.030688270767562836,0.0006882707675628374,0.009311729232437163,18.623458464874325,-0.006190804938767213,0.0005583069222120138,11.174075078924595,0.025,0.0,-0.03,0.0,1.0,0.0,0.01
10,0.3333326879222919,59,0.05259556515446751,0.0,-0.030379706722133165,0.00037970672213316625,0.009620293277866834,19.240586555733667,-0.006057723934183901,0.00362155316860725,11.5443519334402,0.025,0.0,-0.03,0.0,1.0,0.0,0.01
10,0.3333326879222919,60,0.053803983849812144,0.0,-0.030073042550844604,7.30425508446049e-05,0.009926957449155395,19.85391489831079,-0.007928767278600994,0.0016038539816566263,11.912348938986474,0.025,0.0,-0.03,0.0,1.0,0.0,0.01
10,0.3333326879222919,61,0.055013355646254196,0.0,-0.02977022655753246,0.0002297734424675374,0.009770226557532463,19.540453115064924,0.0068122894974253076,0.005665968620765093,11.724271869038954,0.025,0.0,-0.03,0.0,1.0,0.0,0.01
10,0.3333326879222919,62,0.05622416060241174,0.0,-0.029473198101236043,0.000526801898763956,0.009473198101236044,18.946396202472087,0.00915978950409747,0.002201245366852478,11.367837721483252,0.025,0.0,-0.03,0.0,1.0,0.0,0.01
10,0.3333326879222919,63,0.057436797605336286,0.0,-0.029183901466479943,0.0008160985335200557,0.009183901466479944,18.36780293295989,0.008880379130215832,0.006070638217160488,11.020681759775934,0.025,0.0,-0.03,0.0,1.0,0.0,0.01
10,0.3333326879222919,64,0.058646529219290616,0.0,-0.029480734267646743,0.0005192657323532558,0.009480734267646744,18.961468535293488,0.008570230231837698,0.0019386502297097303,11.376881121176092,0.025,0.0,-0.03,0.0,1.0,0.0,0.01
10,0.3333326879222919,65,0.05985481400746861,0.0,-0.029783250602055052,0.00021674939794494655,0.009783250602055054,19.566501204110107,0.010847015582186759,0.005239180008850019,11.739900722466064,0.025,0.0,-0.03,0.0,1.0,0.0,0.01
10,0.3333326879222919,66,0.061061711526959835,0.0,-0.030091430952959568,9.143095295956888e-05,0.009908569047040431,19.817138094080864,-0.00981869815574038,0.0011607898442242061,11.890282856448518,0.025,0.0,-0.03,0.0,1.0,0.0,0.01
10,0.3333326879222919,67,0.06226712201364141,0.0,-0.030405202811161637,0.0004052028111616382,0.009594797188838362,19.189594377676723,-0.011565807333493421,0.0033093910503031415,11.513756626606034,0.025,0.0,-0.03,0.0,1.0,0.0,0.01
10,0.3333326879222919,68,0.06347111415142172,0.0,-0.030724522220055877,0.000724522220055878,0.009275477779944122,18.550955559888244,-0.011468050537450114,0.0006882327414371016,11.130573335932946,0.025,0.0,-0.03,0.0,1.0,0.0,0.01
10,0.3333326879222919,69,0.06467362254216708,0.0,-0.031049296087296795,0.0010492960872967964,0.008950703912703204,17.90140782540641,-0.012009338821743763,0.000515272305586466,10.740844695243846,0.025,0.0,-0.03,0.0,1.0,0.0,0.01
10,0.3333326879222919,70,0.06587466979734777,0.0,-0.031379440080886715,0.0013794400808867166,0.008620559919113284,17.241119838226567,-0.013300660239340813,0.00305147199976213,10.34467190293594,0.025,0.0,-0.03,0.0,1.0,0.0,0.01
10,0.3333326879222919,71,0.06707428314332695,0.0,-0.03171485793913853,0.001714857939138531,0.00828514206086147,16.57028412172294,-0.012386282876089621,0.002348978846279164,9.942170473033762,0.025,0.0,-0.03,0.0,1.0,0.0,0.01
10,0.3333326879222919,72,0.0682723879181605,0.0,-0.032055410605356625,0.0020554106053566265,0.007944589394643374,15.889178789286747,-0.015021634188094882,0.004854803689419542,9.533507273572049,0.025,0.0,-0.03,0.0,1.0,0.0,0.01
10,0.3333326879222919,73,0.06946914406854258,0.0,-0.03240101251179025,0.00240101251179025,0.00759898748820975,15.1979749764195,-0.01307901996751396,0.003968473699937554,9.1187849858517,0.025,0.0,-0.03,0.0,1.0,0.0,0.01
10,0.3333326879222919,74,0.0706643580212224,0.0,-0.03275146305741545,0.00275146305741545,0.00724853694258455,14.497073885169101,-0.016211536413871498,0.004732443126011182,8.69824433110146,0.025,0.0,-0.03,0.0,1.0,0.0,0.01
10,0.3333326879222919,75,0.07185832429134681,0.0,-0.03310669126390212,0.003106691263902124,0.006893308736097876,13.786617472195752,-0.014448636977838197,0.003250037523129235,8.271970483317451,0.025,0.0,-0.03,0.0,1.0,0.0,0.01
10,0.3333326879222919,76,0.07305074975160827,0.0,-0.03346644013808591,0.003466440138085912,0.006533559861914088,13.067119723828176,-0.016687282533614213,0.002242880080542077,7.840271834296905,0.025,0.0,-0.03,0.0,1.0,0.0,0.01
10,0.3333326879222919,77,0.07424202694988541,0.0,-0.033830645844331715,0.0038306458443317162,0.006169354155668284,12.338708311336568,-0.016399206743867172,0.0006926449152544515,7.40322498680194,0.025,0.0,-0.03,0.0,1.0,0.0,0.01
10,0.3333326879222919,78,0.07543181119144816,0.0,-0.03419900969519743,0.004199009695197431,0.005800990304802569,11.601980609605139,-0.016862719342293622,0.0011069554559814073,6.961188365763083,0.025,0.0,-0.03,0.0,1.0,0.0,0.01
10,0.3333326879222919,79,0.07662054124824527,0.0,-0.034571462038875726,0.004571462038875727,0.005428537961124273,10.857075922248546,-0.018253406857803942,0.0014289728422113334,6.514245553349127,0.025,0.0,-0.03,0.0,1.0,0.0,0.01
10,0.3333326879222919,80,0.07781326919860942,0.0,-0.03494514773738897,0.004945147737388973,0.005054852262611027,10.109704525222053,-0.01752647157092576,0.002812818675745671,6.065822715133232,0.025,0.0,-0.03,0.0,1.0,0.0,0.01
11,0.3666659567145211,37,0.03817583119211294,0.0,-0.02118948274635861,0.00881051725364139,0.0011894827463586107,2.3789654927172212,-0.0002852358527114332,1.4444101681013037e-05,1.4273792956303326,0.025,0.0,-0.03,0.0,1.0,0.0,0.01
11,0.3666659567145211,38,0.03814515789317485,0.0,-0.02243666750376412,0.007563332496235878,0.0024366675037641224,4.873335007528245,-0.0001211983266115986,1.7166049301013936e-05,2.924001004516947,0.025,0.0,-0.03,0.0,1.0,0.0,0.01
11,0.3666659567145211,39,0.038110999894981845,0.0,-0.02368377798572781,0.006316222014272187,0.003683777985727813,7.367555971455626,-0.0004943236282519223,1.1457438867349057e-05,4.420533582873375,0.025,0.0,-0.03,0.0,1.0,0.0,0.01
11,0.3666659567145211,40,0.03807580786562014,0.0,-0.024930855852522762,0.005069144147477236,0.004930855852522764,9.861711705045527,8.07870891612996e-05,2.1850191512031323e-05,5.917027023027316,0.025,0.0,-0.03,0.0,1.0,0.0,0.01
11,0.3666659567145211,41,0.03804203343232985,0.0,-0.02617797418121449,0.003822025818785508,0.006177974181214492,12.355948362428984,-0.0006522125957649695,1.3939236112055766e-05,7.41356901745739,0.025,0.0,-0.03,0.0,1.0,0.0,0.01
11,0.3666659567145211,42,0.03801212679021443,0.0,-0.027425175293431137,0.0025748247065688623,0.007425175293431138,14.850350586862275,0.00015926078072706616,2.6916042211775993e-05,8.910210352117364,0.025,0.0,-0.03,0.0,1.0,0.0,0.01
11,0.3666659567145211,43,0.037988513891882354,0.0,-0.02867249953421323,0.001327500465786769,0.008672499534213231,17.34499906842646,-0.000695721573668581,2.6987176990421143e-05,10.406999441055875,0.025,0.0,-0.03,0.0,1.0,0.0,0.01
11,0.3666659567145211,44,0.03797355016215043,0.0,-0.0299199351633474,8.006483665259911e-05,0.009919935163347401,19.8398703266948,0.00018399092264018664,2.896705152706843e-05,11.90392219601688,0.025,0.0,-0.03,0.0,1.0,0.0,0.01
11,0.3666659567145211,45,0.03796965256640419,0.0,-0.031167428436308257,0.0011674284363082585,0.008832571563691742,17.665143127383484,0.0006560181196417241,5.3405980701568356e-05,10.59908587643009,0.025,0.0,-0.03,0.0,1.0,0.0,0.01
11,0.3666659567145211,46,0.037979374786433054,0.0,-0.03241485120553344,0.00241485120553344,0.00758514879446656,15.17029758893312,8.7463823918515e-05,4.551901860273623e-05,9.102178553359872,0.025,0.0,-0.03,0.0,1.0,0.0,0.01
11,0.3666659567145211,47,0.03800676564449916,0.0,-0.03366251197867478,0.0036625119786747803,0.00633748802132522,12.67497604265044,0.00013840155716592987,0.000938824107920094,7.604985625590264,0.025,0.0,-0.03,0.0,1.0,0.0,0.01
11,0.3666659567145211,48,0.03923357583130472,0.0,-0.03344180899060207,0.00344180899060207,0.00655819100939793,13.11638201879586,8.433923120191191e-05,0.0022354913467714046,7.869829211277516,0.025,0.0,-0.03,0.0,1.0,0.0,0.01
11,0.3666659567145211,49,0.040456785833775114,0.0,-0.033201780064806875,0.0032017800648068764,0.006798219935193124,13.596439870386247,-0.0015208860292535624,0.003094036012517079,8.157863922231748,0.025,0.0,-0.03,0.0,1.0,0.0,0.01
11,0.3666659567145211,50,0.04167649335901021,0.0,-0.032944295000738026,0.0029442950007380272,0.007055704999261973,14.111409998523946,-0.0006537505687202538,0.0041669069381285355,8.466845999114367,0.025,0.0,-0.03,0.0,1.0,0.0,0.01
11,0.3666659567145211,51,0.04289283544508386,0.0,-0.03267125446796609,0.0026712544679660943,0.007328745532033906,14.65749106406781,-0.0029329446709836,0.003672837109812441,8.794494638440685,0.025,0.0,-0.03,0.0,1.0,0.0,0.01
11,0.3666659567145211,52,0.04410607940469342,0.0,-0.03238456543643178,0.002384565436431778,0.007615434563568222,15.230869127136446,-0.001756065376973109,0.004304370026671559,9.138521476281866,0.025,0.0,-0.03,0.0,1.0,0.0,0.01
11,0.3666659567145211,53,0.04531651150187,0.0,-0.032086159291521435,0.002086159291521436,0.007913840708478564,15.827681416957128,-0.00391853732666328,0.002337553278800984,9.496608850174276,0.025,0.0,-0.03,0.0,1.0,0.0,0.01
11,0.3666659567145211,54,0.04652452278448924,0.0,-0.03177796737807978,0.0017779673780797811,0.008222032621920219,16.444065243840438,-0.0033138821519803586,0.0027430710817009374,9.866439146304263,0.025,0.0,-0.03,0.0,1.0,0.0,0.01
11,0.3666659567145211,55,0.04773051906289486,0.0,-0.03146193736791059,0.0014619373679105943,0.008538062632089406,17.076125264178813,-0.004512244365753886,0.00038258403872307346,10.245675158507288,0.025,0.0,-0.03,0.0,1.0,0.0,0.01
11,0.3666659567145211,56,0.04893497795941884,0.0,-0.03114001478227296,0.00114001478227296,0.00885998521772704,17.71997043545408,-0.005150543356055453,0.0003573645503943945,10.631982261272448,0.025,0.0,-0.03,0.0,1.0,0.0,0.01
11,0.3666659567145211,57,0.0501383802722963,0.0,-0.030814156136756726,0.0008141561367567274,0.009185843863243273,18.371687726486545,-0.005001566904739256,0.0033215350145310366,11.023012635891927,0.025,0.0,-0.03,0.0,1.0,0.0,0.01
11,0.3666659567145211,58,0.05134125733033183,0.0,-0.030486312754063574,0.00048631275406357463,0.009513687245936426,19.027374491872852,-0.006896318689195264,0.0015503788242738168,11.41642469512371,0.025,0.0,-0.03,0.0,1.0,0.0,0.01
11,0.3666659567145211,59,0.052544118501301904,0.0,-0.03015844569352953,0.00015844569352953253,0.009841554306470468,19.683108612940934,-0.005769452459912616,0.005166832012426292,11.80986516776456,0.025,0.0,-0.03,0.0,1.0,0.0,0.01
11,0.3666659567145211,60,0.053747508439848074,0.0,-0.02983250721575089,0.00016749278424910835,0.009832507215750892,19.665014431501785,0.00821540000864401,0.00188164421386056,11.799008658901071,0.025,0.0,-0.03,0.0,1.0,0.0,0.01
11,0.3666659567145211,61,0.054951926750736256,0.0,-0.029510457747604125,0.0004895422523958741,0.009510457747604126,19.020915495208254,0.007028347091963557,0.005187362585978897,11.412549297124952,0.025,0.0,-0.03,0.0,1.0,0.0,0.01
11,0.3666659567145211,62,0.05615788360800133,0.0,-0.029194247890345727,0.0008057521096542716,0.009194247890345729,18.388495780691457,0.009039744203370975,0.00045280507521819476,11.033097468414875,0.025,0.0,-0.03,0.0,1.0,0.0,0.01
11,0.3666659567145211,63,0.057365832266340774,0.0,-0.028885831117791232,0.0011141688822087666,0.008885831117791234,17.77166223558247,0.008855971336645146,0.0038035309864451884,10.662997341349481,0.025,0.0,-0.03,0.0,1.0,0.0,0.01
11,0.3666659567145211,64,0.05857998752118124,0.0,-0.029163955121576265,0.0008360448784237341,0.009163955121576266,18.327910243152534,0.009464802065295999,0.0013665464131779527,10.99674614589152,0.025,0.0,-0.03,0.0,1.0,0.0,0.01
11,0.3666659567145211,65,0.059792812492368584,0.0,-0.029447793129244938,0.0005522068707550613,0.009447793129244939,18.895586258489878,0.010146874702198938,0.001995103715697936,11.337351755093927,0.025,0.0,-0.03,0.0,1.0,0.0,0.01
11,0.3666659567145211,66,0.061004304721384815,0.0,-0.02973731137270249,0.0002626886272975096,0.00973731137270249,19.474622745404982,0.010812542248204052,0.0022422665503403186,11.68477364724299,0.025,0.0,-0.03,0.0,1.0,0.0,0.01
11,0.3666659567145211,67,0.06221442581563732,0.0,-0.030032453403525998,3.245340352599907e-05,0.009967546596474001,19.935093192948003,-0.011110654332776646,0.0010200029869447632,11.961055915768801,0.025,0.0,-0.03,0.0,1.0,0.0,0.01
11,0.3666659567145211,68,0.0634231904411058,0.0,-0.030333161112833584,0.0003331611128335847,0.009666838887166415,19.33367777433283,-0.0120162777759278,0.0022581599819067196,11.600206664599698,0.025,0.0,-0.03,0.0,1.0,0.0,0.01
11,0.3666659567145211,69,0.06463056837122653,0.0,-0.030639351122191624,0.0006393511221916247,0.009360648877808376,18.72129775561675,-0.012222583388126075,0.0006956256034711348,11.23277865337005,0.025,0.0,-0.03,0.0,1.0,0.0,0.01
11,0.3666659567145211,70,0.06583656521055375,0.0,-0.030950934716144383,0.0009509347161443839,0.009049065283855616,18.098130567711234,-0.013153840300075015,0.0019957224999482565,10.85887834062674,0.025,0.0,-0.03,0.0,1.0,0.0,0.01
11,0.3666659567145211,71,0.067041201437953,0.0,-0.0312678134575945,0.0012678134575945035,0.008732186542405497,17.464373084810994,-0.013271483027401894,0.0001413344681493167,10.478623850886596,0.025,0.0,-0.03,0.0,1.0,0.0,0.01
11,0.3666659567145211,72,0.06824442395135999,0.0,-0.031589855545268275,0.001589855545268276,0.008410144454731724,16.820288909463446,-0.01447160235045136,0.0023957216207905743,10.092173345678068,0.025,0.0,-0.03,0.0,1.0,0.0,0.01
11,0.3666659567145211,73,0.06944635367846512,0.0,-0.031916962560781754,0.0019169625607817556,0.008083037439218245,16.16607487843649,-0.014044447708215516,0.0013988485184628528,9.699644927061893,0.025,0.0,-0.03,0.0,1.0,0.0,0.01
11,0.3666659567145211,74,0.07064684126944207,0.0,-0.03224894950667411,0.0022489495066741125,0.007751050493325888,15.502100986651776,-0.01609480351875216,0.0038485628336773947,9.301260591991065,0.025,0.0,-0.03,0.0,1.0,0.0,0.01
11,0.3666659567145211,75,0.07184612755716369,0.0,-0.03258572613976899,0.0025857261397689915,0.007414273860231009,14.828547720462018,-0.014536598427063526,0.0038606409421005025,8.89712863227721,0.025,0.0,-0.03,0.0,1.0,0.0,0.01
11,0.3666659567145211,76,0.07304397016549809,0.0,-0.03292705499252903,0.0029270549925290296,0.007072945007470971,14.14589001494194,-0.017902621325991602,0.005850432709250673,8.487534008965165,0.025,0.0,-0.03,0.0,1.0,0.0,0.01
11,0.3666659567145211,77,0.0742407066600311,0.0,-0.03327285067509683,0.0032728506750968334,0.006727149324903167,13.454298649806333,-0.01497608016723067,0.006395144595968393,8.072579189883799,0.025,0.0,-0.03,0.0,1.0,0.0,0.01
11,0.3666659567145211,78,0.07543603946949322,0.0,-0.03362283437390702,0.003622834373907022,0.006377165626092978,12.754331252185956,-0.019596607513240355,0.007360012005198223,7.652598751311573,0.025,0.0,-0.03,0.0,1.0,0.0,0.01
11,0.3666659567145211,79,0.07663035804390393,0.0,-0.033976915429311555,0.003976915429311556,0.006023084570688444,12.046169141376888,-0.015693030758482378,0.007938898128699584,7.227701484826133,0.025,0.0,-0.03,0.0,1.0,0.0,0.01
11,0.3666659567145211,80,0.07782871123525459,0.0,-0.034332187391375245,0.004332187391375246,0.005667812608624754,11.33562521724951,-0.020891921624582494,0.007569884904786295,6.801375130349705,0.025,0.0,-0.03,0.0,1.0,0.0,0.01
12,0.39999922550675027,37,0.03817628732721092,0.0,-0.021197241166875,0.008802758833125,0.0011972411668749999,2.3944823337499996,-0.0004953587099400241,9.663804002765628e-06,1.4366894002499997,0.025,0.0,-0.03,0.0,1.0,0.0,0.01
12,0.39999922550675027,38,0.03814561168997861,0.0,-0.022444429805959756,0.007555570194040243,0.002444429805959757,4.888859611919514,0.00010629142071074683,1.640754960773191e-05,2.9333157671517083,0.025,0.0,-0.03,0.0,1.0,0.0,0.01
12,0.39999922550675027,39,0.038111478433824925,0.0,-0.02369153938606682,0.0063084606139331804,0.0036915393860668198,7.38307877213364,-0.0005604809373673824,8.114384816138336e-06,4.429847263280184,0.025,0.0,-0.03,0.0,1.0,0.0,0.01
12,0.39999922550675027,40,0.03807634149365188,0.0,-0.024938620410089655,0.005061379589910344,0.004938620410089656,9.877240820179312,0.00015385655565944252,2.0903997550135204e-05,5.926344492107587,0.025,0.0,-0.03,0.0,1.0,0.0,0.01
12,0.39999922550675027,41,0.03804265589641713,0.0,-0.026185741960238974,0.0038142580397610253,0.006185741960238975,12.37148392047795,-0.0005776806393366491,1.3322806110644416e-05,7.422890352286769,0.025,0.0,-0.03,0.0,1.0,0.0,0.01
12,0.39999922550675027,42,0.038012875135073496,0.0,-0.02743294492902612,0.002567055070973878,0.007432944929026122,14.865889858052244,0.0001287619318198855,2.588214351552522e-05,8.919533914831346,0.025,0.0,-0.03,0.0,1.0,0.0,0.01
12,0.39999922550675027,43,0.03798942991441123,0.0,-0.028680274297415164,0.0013197257025848348,0.008680274297415165,17.36054859483033,-0.0005271607711536477,2.7440908268672117e-05,10.416329156898199,0.025,0.0,-0.03,0.0,1.0,0.0,0.01
12,0.39999922550675027,44,0.03797468202012045,0.0,-0.029927709042484856,7.229095751514272e-05,0.009927709042484857,19.855418084969713,9.652441111651949e-05,3.234539011872989e-05,11.913250850981827,0.025,0.0,-0.03,0.0,1.0,0.0,0.01
12,0.39999922550675027,45,0.037971052979009136,0.0,-0.031175203571908214,0.001175203571908215,0.008824796428091785,17.64959285618357,0.0005351712537944153,4.794135901978433e-05,10.589755713710142,0.025,0.0,-0.03,0.0,1.0,0.0,0.01
12,0.39999922550675027,46,0.0379810926590097,0.0,-0.03242261921606648,0.002422619216066478,0.007577380783933522,15.154761567867045,1.9748463399752223e-05,3.2917302628311256e-05,9.092856940720226,0.025,0.0,-0.03,0.0,1.0,0.0,0.01
12,0.39999922550675027,47,0.038008924495404085,0.0,-0.03367030050791228,0.003670300507912283,0.006329699492087717,12.659398984175434,0.00025440225533348096,0.00021275629703421117,7.59563939050526,0.025,0.0,-0.03,0.0,1.0,0.0,0.01
12,0.39999922550675027,48,0.03923216953357611,0.0,-0.033430525097353246,0.0034305250973532472,0.006569474902646753,13.138949805293507,-0.0002934221649054837,0.0004151210105929748,7.883369883176104,0.025,0.0,-0.03,0.0,1.0,0.0,0.01
12,0.39999922550675027,49,0.04045148279982484,0.0,-0.0331713155601724,0.0031713155601724025,0.006828684439827598,13.657368879655195,-0.0010622285854937057,0.0004093780548111598,8.194421327793117,0.025,0.0,-0.03,0.0,1.0,0.0,0.01
12,0.39999922550675027,50,0.041666982976498894,0.0,-0.03289456042970341,0.002894560429703409,0.007105439570296591,14.210879140593182,-0.0013518026092461668,0.0010476752893872066,8.526527484355908,0.025,0.0,-0.03,0.0,1.0,0.0,0.01
12,0.39999922550675027,51,0.042878845209613305,0.0,-0.03260217573163747,0.002602175731637471,0.007397824268362529,14.795648536725059,-0.0023137244236540815,0.000450413163591057,8.877389122035035,0.025,0.0,-0.03,0.0,1.0,0.0,0.01
12,0.39999922550675027,52,0.044087363744663856,0.0,-0.03229608421742202,0.0022960842174220217,0.0077039157825779785,15.407831565155957,-0.002439664420877142,0.0015884863118592384,9.244698939093574,0.025,0.0,-0.03,0.0,1.0,0.0,0.01
12,0.39999922550675027,53,0.04529285793612715,0.0,-0.03197823154261255,0.001978231542612549,0.008021768457387451,16.0435369147749,-0.003552404850624232,0.0003487299651908093,9.62612214886494,0.025,0.0,-0.03,0.0,1.0,0.0,0.01
12,0.39999922550675027,54,0.046495759692233705,0.0,-0.03165055973283925,0.0016505597328392504,0.00834944026716075,16.6988805343215,-0.003561967201967187,0.0020287152581009655,10.0193283205929,0.025,0.0,-0.03,0.0,1.0,0.0,0.01
12,0.39999922550675027,55,0.04769649819276744,0.0,-0.03131503143552027,0.0013150314355202739,0.008684968564479726,17.369937128959453,-0.004741818286680304,3.106531985414805e-05,10.421962277375671,0.025,0.0,-0.03,0.0,1.0,0.0,0.01
12,0.39999922550675027,56,0.048895602262294405,0.0,-0.03097359870627214,0.0009735987062721406,0.00902640129372786,18.05280258745572,-0.004780241077998534,0.0021596073196798096,10.831681552473432,0.025,0.0,-0.03,0.0,1.0,0.0,0.01
12,0.39999922550675027,57,0.050093574198215356,0.0,-0.030628232502851006,0.0006282325028510068,0.009371767497148993,18.74353499429799,-0.005787511666017074,0.0007973011468741948,11.246120996578792,0.025,0.0,-0.03,0.0,1.0,0.0,0.01
12,0.39999922550675027,58,0.05129099359082952,0.0,-0.030280890439626697,0.00028089043962669855,0.009719109560373302,19.438219120746602,-0.006188635569460861,0.001643069527975215,11.66293147244796,0.025,0.0,-0.03,0.0,1.0,0.0,0.01
12,0.39999922550675027,59,0.052488401641536994,0.0,-0.02993354478344478,6.645521655521819e-05,0.009933544783444782,19.867089566889565,0.006623904702610139,0.002359091529058413,11.920253740133738,0.025,0.0,-0.03,0.0,1.0,0.0,0.01
12,0.39999922550675027,60,0.053686377020674136,0.0,-0.02958815768442152,0.0004118423155784791,0.009588157684421521,19.176315368843042,0.007772945848866112,0.00047039854157192345,11.505789221305825,0.025,0.0,-0.03,0.0,1.0,0.0,0.01
12,0.39999922550675027,61,0.05488546680273346,0.0,-0.029246696553737846,0.0007533034462621525,0.009246696553737848,18.493393107475697,0.007371247051844846,0.004315994244621311,11.096035864485417,0.025,0.0,-0.03,0.0,1.0,0.0,0.01
12,0.39999922550675027,62,0.05608619873701181,0.0,-0.028911126693842736,0.0010888733061572634,0.008911126693842737,17.822253387685475,0.00922866815518177,0.0007042921704974528,10.693352032611285,0.025,0.0,-0.03,0.0,1.0,0.0,0.01
12,0.39999922550675027,63,0.057289086580243155,0.0,-0.028583407217908894,0.001416592782091105,0.008583407217908895,17.16681443581779,0.009130210523621557,0.0059100787021712925,10.300088661490674,0.025,0.0,-0.03,0.0,1.0,0.0,0.01
12,0.39999922550675027,64,0.05850744086755157,0.0,-0.028842470034892705,0.0011575299651072936,0.008842470034892707,17.684940069785412,0.00893695920501006,0.001669229714411473,10.610964041871247,0.025,0.0,-0.03,0.0,1.0,0.0,0.01
12,0.39999922550675027,65,0.05972457535961159,0.0,-0.029107273507756045,0.0008927264922439539,0.009107273507756046,18.214547015512093,0.01113416000417824,0.006047480856475802,10.928728209307256,0.025,0.0,-0.03,0.0,1.0,0.0,0.01
12,0.39999922550675027,66,0.06094044104542869,0.0,-0.029377774847881816,0.0006222251521181832,0.009377774847881817,18.755549695763634,0.010124325942044874,0.001271011719587226,11.25332981745818,0.025,0.0,-0.03,0.0,1.0,0.0,0.01
12,0.39999922550675027,67,0.0621550492489549,0.0,-0.02965392917335463,0.0003460708266453706,0.00965392917335463,19.30785834670926,0.011917765985274754,0.004006907273465843,11.584715008025556,0.025,0.0,-0.03,0.0,1.0,0.0,0.01
12,0.39999922550675027,68,0.06336836330625277,0.0,-0.02993566648692775,6.433351307224763e-05,0.009935666486927753,19.871332973855505,0.01188016951369065,0.0011860677143917628,11.922799784313304,0.025,0.0,-0.03,0.0,1.0,0.0,0.01
12,0.39999922550675027,69,0.06458039572643104,0.0,-0.030222913878247992,0.00022291387824799336,0.009777086121752007,19.554172243504013,-0.012289015460704104,0.00040497755658442275,11.732503346102407,0.025,0.0,-0.03,0.0,1.0,0.0,0.01
12,0.39999922550675027,70,0.06579112011831256,0.0,-0.03051557512911332,0.0005155751291133215,0.009484424870886679,18.968849741773358,-0.013888431026584045,0.004477700717761383,11.381309845064015,0.025,0.0,-0.03,0.0,1.0,0.0,0.01
12,0.39999922550675027,71,0.06700056645822237,0.0,-0.030813553857308957,0.000813553857308958,0.009186446142691042,18.372892285382083,-0.012569426125009345,0.003322388107210465,11.023735371229249,0.025,0.0,-0.03,0.0,1.0,0.0,0.01
12,0.39999922550675027,72,0.06820869241301855,0.0,-0.031116722122975973,0.0011167221229759737,0.008883277877024027,17.766555754048053,-0.01583072045404474,0.0072585485946453305,10.659933452428831,0.025,0.0,-0.03,0.0,1.0,0.0,0.01
12,0.39999922550675027,73,0.06941557979114535,0.0,-0.03142496988144029,0.001424969881440294,0.008575030118559706,17.150060237119412,-0.013022299499800183,0.006143996882593987,10.290036142271648,0.025,0.0,-0.03,0.0,1.0,0.0,0.01
12,0.39999922550675027,74,0.07062113648746988,0.0,-0.03173812966490756,0.0017381296649075645,0.008261870335092436,16.52374067018487,-0.01753396817904786,0.008924600718503678,9.914244402110922,0.025,0.0,-0.03,0.0,1.0,0.0,0.01
12,0.39999922550675027,75,0.07182552454294319,0.0,-0.032056087117257,0.002056087117257001,0.007943912882743,15.887825765486,-0.013724212759486385,0.007870376305964912,9.532695459291599,0.025,0.0,-0.03,0.0,1.0,0.0,0.01
12,0.39999922550675027,76,0.07302858602406613,0.0,-0.03237863158842728,0.0023786315884272782,0.007621368411572722,15.242736823145444,-0.01899969857982609,0.009597094864903927,9.145642093887266,0.025,0.0,-0.03,0.0,1.0,0.0,0.01
12,0.39999922550675027,77,0.07423056507741989,0.0,-0.03270564755231728,0.0027056475523172807,0.0072943524476827195,14.588704895365439,-0.014629460111440845,0.00878112569910212,8.753222937219263,0.025,0.0,-0.03,0.0,1.0,0.0,0.01
12,0.39999922550675027,78,0.07543125068113697,0.0,-0.03303688527243226,0.0030368852724322604,0.00696311472756774,13.926229455135479,-0.020282983853372634,0.009576560772336304,8.355737673081286,0.025,0.0,-0.03,0.0,1.0,0.0,0.01
12,0.39999922550675027,79,0.07663094450651685,0.0,-0.0333722240646513,0.0033722240646512983,0.006627775935348702,13.255551870697404,-0.015707284218058566,0.009107675397109995,7.953331122418442,0.025,0.0,-0.03,0.0,1.0,0.0,0.01
12,0.39999922550675027,80,0.07783472747489262,0.0,-0.03370871319750477,0.003708713197504772,0.006291286802495228,12.582573604990456,-0.021411660060287642,0.0091346500263267,7.549544162994273,0.025,0.0,-0.03,0.0,1.0,0.0,0.01
13,0.43333249429897946,37,0.03817664321859641,0.0,-0.021203650976303803,0.008796349023696196,0.001203650976303804,2.407301952607608,-0.0007111271970589614,4.593334705697263e-06,1.4443811715645647,0.025,0.0,-0.03,0.0,1.0,0.0,0.01
13,0.43333249429897946,38,0.0381459822487402,0.0,-0.022450841596909087,0.007549158403090912,0.0024508415969090886,4.901683193818177,0.00036586017744669327,1.666166656222771e-05,2.941009916290906,0.025,0.0,-0.03,0.0,1.0,0.0,0.01
13,0.43333249429897946,39,0.038111891882408426,0.0,-0.02369795183880428,0.0063020481611957176,0.0036979518388042826,7.395903677608565,-0.0006992081601580337,3.827828932750135e-06,4.437542206565139,0.025,0.0,-0.03,0.0,1.0,0.0,0.01
13,0.43333249429897946,40,0.038076829602631215,0.0,-0.024945036688634476,0.005054963311365523,0.0049450366886344774,9.890073377268955,0.0003270885238190549,2.1388850815912992e-05,5.934044026361373,0.025,0.0,-0.03,0.0,1.0,0.0,0.01
13,0.43333249429897946,41,0.038043254079225215,0.0,-0.02619216040182889,0.0038078395981711102,0.00619216040182889,12.38432080365778,-0.0006313198684534945,1.1596098243887374e-05,7.430592482194667,0.025,0.0,-0.03,0.0,1.0,0.0,0.01
13,0.43333249429897946,42,0.038013622267310324,0.0,-0.027439368275999132,0.002560631724000867,0.007439368275999133,14.878736551998266,0.00022178816639772188,2.6529027562753098e-05,8.927241931198958,0.025,0.0,-0.03,0.0,1.0,0.0,0.01
13,0.43333249429897946,43,0.03799037024908963,0.0,-0.02868670000803097,0.0013132999919690282,0.008686700008030972,17.373400016061943,-0.0005032659073343666,2.8208385984743908e-05,10.424040009637165,0.025,0.0,-0.03,0.0,1.0,0.0,0.01
13,0.43333249429897946,44,0.037975866386958705,0.0,-0.029934137397012586,6.586260298741334e-05,0.009934137397012587,19.868274794025172,0.00010390942533873113,3.425483778235371e-05,11.920964876415104,0.025,0.0,-0.03,0.0,1.0,0.0,0.01
13,0.43333249429897946,45,0.03797253649045875,0.0,-0.031181629828966773,0.0011816298289667737,0.008818370171033226,17.636740342066453,0.00041205159453263106,5.214885652061074e-05,10.582044205239871,0.025,0.0,-0.03,0.0,1.0,0.0,0.01
13,0.43333249429897946,46,0.03798292680058219,0.0,-0.0324290406762761,0.002429040676276098,0.007570959323723902,15.141918647447804,7.246902513860958e-05,1.669768114158295e-05,9.085151188468682,0.025,0.0,-0.03,0.0,1.0,0.0,0.01
13,0.43333249429897946,47,0.038011233386552386,0.0,-0.03367674079198346,0.0036767407919834627,0.0063232592080165375,12.646518416033075,0.00012770314587856713,0.0004012906501853024,7.587911049619844,0.025,0.0,-0.03,0.0,1.0,0.0,0.01
13,0.43333249429897946,48,0.03923057552973576,0.0,-0.03341772931925474,0.003417729319254742,0.006582270680745258,13.164541361490516,-0.00023231996442144866,0.0008492388629062914,7.898724816894309,0.025,0.0,-0.03,0.0,1.0,0.0,0.01
13,0.43333249429897946,49,0.04044563245759851,0.0,-0.03313918286100538,0.0031391828610053824,0.006860817138994618,13.721634277989235,-0.0012445805861387995,0.000939319547015346,8.232980566793541,0.025,0.0,-0.03,0.0,1.0,0.0,0.01
13,0.43333249429897946,50,0.04165657767838399,0.0,-0.03284300174919085,0.002843001749190853,0.007156998250809147,14.313996501618295,-0.001271892329871251,0.0015746439867570358,8.588397900970977,0.025,0.0,-0.03,0.0,1.0,0.0,0.01
13,0.43333249429897946,51,0.042863585096430075,0.0,-0.03253112613822,0.0025311261382199995,0.007468873861780001,14.937747723560001,-0.002451563058189548,0.0006905551295671705,8.962648634136,0.025,0.0,-0.03,0.0,1.0,0.0,0.01
13,0.43333249429897946,52,0.044067016025438326,0.0,-0.03220548464313668,0.0022054846431366834,0.007794515356863317,15.589030713726634,-0.00251030730025496,0.0015453146255969988,9.35341842823598,0.025,0.0,-0.03,0.0,1.0,0.0,0.01
13,0.43333249429897946,53,0.04526719397263629,0.0,-0.03186804433219634,0.0018680443321963391,0.008131955667803661,16.26391133560732,-0.003478553950187297,0.00026481607589854767,9.758346801364393,0.025,0.0,-0.03,0.0,1.0,0.0,0.01
13,0.43333249429897946,54,0.046464605925842166,0.0,-0.0315207536648222,0.001520753664822204,0.008479246335177796,16.958492670355593,-0.003899277319325214,0.0010804015000906789,10.175095602213355,0.025,0.0,-0.03,0.0,1.0,0.0,0.01
13,0.43333249429897946,55,0.047659712673120455,0.0,-0.031165587933004828,0.0011655879330048288,0.008834412066995171,17.66882413399034,-0.004425962658273235,0.0014536631204738987,10.601294480394204,0.025,0.0,-0.03,0.0,1.0,0.0,0.01
13,0.43333249429897946,56,0.04885306644740342,0.0,-0.03080451281794514,0.0008045128179451425,0.009195487182054858,18.390974364109717,-0.005308664197586233,0.0006415429165527106,11.03458461846583,0.025,0.0,-0.03,0.0,1.0,0.0,0.01
13,0.43333249429897946,57,0.05004523863942887,0.0,-0.03043949998540714,0.00043949998540714075,0.00956050001459286,19.12100002918572,-0.005405231433120611,0.002500254975223392,11.47260001751143,0.025,0.0,-0.03,0.0,1.0,0.0,0.01
13,0.43333249429897946,58,0.0512367995585693,0.0,-0.03007252945227152,7.252945227152058e-05,0.00992747054772848,19.854941095456958,-0.006660557541935875,0.0004276457372783204,11.912964657274175,0.025,0.0,-0.03,0.0,1.0,0.0,0.01
13,0.43333249429897946,59,0.052428384767619275,0.0,-0.029705565958927076,0.0002944340410729225,0.009705565958927078,19.411131917854156,0.006447203293936138,0.0033369363408966264,11.646679150712494,0.025,0.0,-0.03,0.0,1.0,0.0,0.01
13,0.43333249429897946,60,0.05362055175993653,0.0,-0.029340597563562592,0.000659402436437407,0.009340597563562593,18.681195127125186,0.007947320339515852,0.00040241559009688286,11.20871707627511,0.025,0.0,-0.03,0.0,1.0,0.0,0.01
13,0.43333249429897946,61,0.05481393842943269,0.0,-0.028979585092759635,0.0010204149072403634,0.008979585092759637,17.959170185519273,0.007556320798192443,0.003979689658623329,10.775502111311564,0.025,0.0,-0.03,0.0,1.0,0.0,0.01
13,0.43333249429897946,62,0.05600906782098185,0.0,-0.028624515499678694,0.001375484500321305,0.008624515499678695,17.24903099935739,0.009105643715773253,0.0006016884532917979,10.349418599614435,0.025,0.0,-0.03,0.0,1.0,0.0,0.01
13,0.43333249429897946,63,0.05720651565166322,0.0,-0.028277349949344,0.0017226500506559994,0.008277349949344,16.554699898688,0.009154807481304395,0.004354388477551877,9.9328199392128,0.025,0.0,-0.03,0.0,1.0,0.0,0.01
13,0.43333249429897946,64,0.05842883186036677,0.0,-0.028517031005765695,0.0014829689942343037,0.008517031005765697,17.034062011531393,0.009514130208397142,0.0007106727978564264,10.220437206918836,0.025,0.0,-0.03,0.0,1.0,0.0,0.01
13,0.43333249429897946,65,0.05965001386874569,0.0,-0.028762472662148382,0.001237527337851617,0.008762472662148383,17.524945324296766,0.010703243576486035,0.003849189861348608,10.514967194578059,0.025,0.0,-0.03,0.0,1.0,0.0,0.01
13,0.43333249429897946,66,0.060870024489673456,0.0,-0.029013635660041226,0.000986364339958773,0.009013635660041227,18.027271320082455,0.010768312117792035,0.0011626654083248577,10.816362792049473,0.025,0.0,-0.03,0.0,1.0,0.0,0.01
13,0.43333249429897946,67,0.06208886161049174,0.0,-0.029270472114841947,0.0007295278851580517,0.009270472114841949,18.540944229683898,0.01164079551848027,0.0024324145113816457,11.124566537810338,0.025,0.0,-0.03,0.0,1.0,0.0,0.01
13,0.43333249429897946,68,0.0633064934406607,0.0,-0.029532913650980798,0.00046708634901920093,0.0095329136509808,19.065827301961598,0.01227570945534132,0.002522031045794148,11.439496381176959,0.025,0.0,-0.03,0.0,1.0,0.0,0.01
13,0.43333249429897946,69,0.06452293656817136,0.0,-0.02980088814847497,0.0001991118515250294,0.00980088814847497,19.601776296949943,0.012375817396819354,0.0002234613214584904,11.761065778169966,0.025,0.0,-0.03,0.0,1.0,0.0,0.01
13,0.43333249429897946,70,0.06573814629788803,0.0,-0.030074295892378908,7.429589237890888e-05,0.009925704107621091,19.851408215242184,-0.013947306568426642,0.0044730082847714734,11.910844929145311,0.025,0.0,-0.03,0.0,1.0,0.0,0.01
13,0.43333249429897946,71,0.06695217549818767,0.0,-0.030353045316056256,0.0003530453160562573,0.009646954683943743,19.293909367887487,-0.012970086811685719,0.0024390695525094643,11.576345620732491,0.025,0.0,-0.03,0.0,1.0,0.0,0.01
13,0.43333249429897946,72,0.0681649555839837,0.0,-0.030637003448499546,0.0006370034484995471,0.009362996551500453,18.725993103000906,-0.015735958337262282,0.006753569440135317,11.235595861800544,0.025,0.0,-0.03,0.0,1.0,0.0,0.01
13,0.43333249429897946,73,0.0693765809094432,0.0,-0.030926061997909215,0.0009260619979092159,0.009073938002090784,18.14787600418157,-0.013451045506067925,0.005400572867236754,10.888725602508941,0.025,0.0,-0.03,0.0,1.0,0.0,0.01
13,0.43333249429897946,74,0.07058696241540979,0.0,-0.03122005623691906,0.0012200562369190614,0.008779943763080939,17.559887526161877,-0.01762576673024329,0.009275472103946076,10.535932515697125,0.025,0.0,-0.03,0.0,1.0,0.0,0.01
13,0.43333249429897946,75,0.07179622680805778,0.0,-0.03151886077909778,0.0015188607790977832,0.008481139220902217,16.962278441804433,-0.013846429681753387,0.008536184641136932,10.17736706508266,0.025,0.0,-0.03,0.0,1.0,0.0,0.01
13,0.43333249429897946,76,0.07300427888223293,0.0,-0.03182228368888224,0.0018222836888822438,0.008177716311117756,16.35543262223551,-0.019547918491012065,0.011761068622921781,9.813259573341307,0.025,0.0,-0.03,0.0,1.0,0.0,0.01
13,0.43333249429897946,77,0.0742112619938628,0.0,-0.03213018047755196,0.0021301804775519587,0.007869819522448042,15.739639044896084,-0.01429016394597392,0.011329389754982624,9.44378342693765,0.025,0.0,-0.03,0.0,1.0,0.0,0.01
13,0.43333249429897946,78,0.0754170898282888,0.0,-0.03244233734121165,0.002442337341211652,0.007557662658788348,15.115325317576696,-0.021296877545774175,0.013450326621772429,9.069195190546017,0.025,0.0,-0.03,0.0,1.0,0.0,0.01
13,0.43333249429897946,79,0.076621910405048,0.0,-0.032758589468918964,0.002758589468918965,0.007241410531081035,14.48282106216207,-0.015053958217755608,0.012863326067988167,8.689692637297242,0.025,0.0,-0.03,0.0,1.0,0.0,0.01
13,0.43333249429897946,80,0.07783092139904789,0.0,-0.03307595992878011,0.0030759599287801115,0.006924040071219889,13.848080142439777,-0.02261479553980799,0.013627321380261608,8.308848085463866,0.025,0.0,-0.03,0.0,1.0,0.0,0.01
14,0.46666576309120866,37,0.03817690611160466,0.0,-0.021208799261986204,0.008791200738013795,0.0012087992619862053,2.4175985239724107,-0.0006323517302685551,2.4216107502471283e-06,1.4505591143834464,0.025,0.0,-0.03,0.0,1.0,0.0,0.01
14,0.46666576309120866,38,0.03814627587960954,0.0,-0.022455991507788334,0.007544008492211665,0.002455991507788335,4.91198301557667,0.00030342098265833035,1.3045429001018428e-05,2.947189809346002,0.025,0.0,-0.03,0.0,1.0,0.0,0.01
14,0.46666576309120866,39,0.03811224561032285,0.0,-0.023703103537241744,0.006296896462758255,0.003703103537241745,7.406207074483491,-0.0004965033004263651,4.6233527797175525e-06,4.443724244690094,0.025,0.0,-0.03,0.0,1.0,0.0,0.01
14,0.46666576309120866,40,0.038077276604923056,0.0,-0.0249501919351106,0.005049808064889399,0.004950191935110601,9.900383870221203,0.00012920555535821183,1.6799338238409686e-05,5.940230322132722,0.025,0.0,-0.03,0.0,1.0,0.0,0.01
14,0.46666576309120866,41,0.03804383135450514,0.0,-0.026197318869155117,0.0038026811308448823,0.006197318869155118,12.394637738310236,-0.00030346558149939393,1.4600291593086849e-05,7.436782642986141,0.025,0.0,-0.03,0.0,1.0,0.0,0.01
14,0.46666576309120866,42,0.03801437054029918,0.0,-0.027444531734939086,0.0025554682650609124,0.007444531734939088,14.889063469878176,-6.419905293367781e-05,2.3877270882555002e-05,8.933438081926905,0.025,0.0,-0.03,0.0,1.0,0.0,0.01
14,0.46666576309120866,43,0.03799133611159044,0.0,-0.028691866302999813,0.0013081336970001863,0.008691866302999814,17.38373260599963,-0.00016348747941451465,2.98573818110867e-05,10.430239563599777,0.025,0.0,-0.03,0.0,1.0,0.0,0.01
14,0.46666576309120866,44,0.03797710326276042,0.0,-0.029939306419377004,6.069358062299468e-05,0.009939306419377006,19.878612838754012,-0.00012992862528322358,3.757199116083567e-05,11.927167703252406,0.025,0.0,-0.03,0.0,1.0,0.0,0.01
14,0.46666576309120866,45,0.037974101924448604,0.0,-0.03118679692496021,0.0011867969249602095,0.00881320307503979,17.626406150079582,0.00014960253872879894,4.840367543276132e-05,10.57584369004775,0.025,0.0,-0.03,0.0,1.0,0.0,0.01
14,0.46666576309120866,46,0.03798487427974701,0.0,-0.03243420283522977,0.0024342028352297707,0.0075657971647702296,15.131594329540459,0.0001549261562431633,4.9533950500159024e-05,9.078956597724275,0.025,0.0,-0.03,0.0,1.0,0.0,0.01
14,0.46666576309120866,47,0.038013692476305365,0.0,-0.033681919900826064,0.0036819199008260653,0.006318080099173935,12.63616019834787,9.926759683895826e-05,0.00018074647538317311,7.581696119008722,0.025,0.0,-0.03,0.0,1.0,0.0,0.01
14,0.46666576309120866,48,0.03922877730633688,0.0,-0.03340355051506956,0.0034035505150695616,0.006596449484930439,13.192898969860877,-0.000384662806468196,0.0003078252565529703,7.915739381916526,0.025,0.0,-0.03,0.0,1.0,0.0,0.01
14,0.46666576309120866,49,0.04043924178547891,0.0,-0.03310554458817644,0.00310554458817644,0.00689445541182356,13.78891082364712,-0.0011128984316389342,0.00013682076140662707,8.27334649418827,0.025,0.0,-0.03,0.0,1.0,0.0,0.01
14,0.46666576309120866,50,0.041645251856018924,0.0,-0.032789828670543704,0.002789828670543705,0.007210171329456295,14.42034265891259,-0.0015275503894921871,0.0007016237701130456,8.652205595347553,0.025,0.0,-0.03,0.0,1.0,0.0,0.01
14,0.46666576309120866,51,0.042847061321489244,0.0,-0.032458347413716906,0.0024583474137169076,0.007541652586283093,15.083305172566185,-0.0022840806440622852,0.0002282012745843363,9.049983103539711,0.025,0.0,-0.03,0.0,1.0,0.0,0.01
14,0.46666576309120866,52,0.044045014351788155,0.0,-0.03211305606407328,0.0021130560640732834,0.007886943935926717,15.773887871853434,-0.00275031988307107,0.0008543889744607303,9.46433272311206,0.025,0.0,-0.03,0.0,1.0,0.0,0.01
14,0.46666576309120866,53,0.0452395162297449,0.0,-0.03175592257179262,0.0017559225717926202,0.00824407742820738,16.48815485641476,-0.0033954045929357897,0.0008368586303586199,9.892892913848856,0.025,0.0,-0.03,0.0,1.0,0.0,0.01
14,0.46666576309120866,54,0.046431052910874536,0.0,-0.03138891658533564,0.001388916585335638,0.008611083414664362,17.222166829328724,-0.004019855092241626,0.0009190779594843884,10.333300097597235,0.025,0.0,-0.03,0.0,1.0,0.0,0.01
14,0.46666576309120866,55,0.04762014633471838,0.0,-0.031014017355826897,0.0010140173558268982,0.008985982644173102,17.971965288346205,-0.004497411377230402,0.00147946363822342,10.783179173007722,0.025,0.0,-0.03,0.0,1.0,0.0,0.01
14,0.46666576309120866,56,0.048807375956223094,0.0,-0.03063320284299016,0.0006332028429901597,0.00936679715700984,18.73359431401968,-0.005276569522421334,0.0010699302389916086,11.240156588411807,0.025,0.0,-0.03,0.0,1.0,0.0,0.01
14,0.46666576309120866,57,0.04999335024071479,0.0,-0.0302484538493084,0.00024845384930840056,0.0097515461506916,19.503092301383198,-0.005631291110983982,0.002025229568036332,11.701855380829919,0.025,0.0,-0.03,0.0,1.0,0.0,0.01
14,0.46666576309120866,58,0.05117868643233306,0.0,-0.029861756418873175,0.00013824358112682344,0.009861756418873177,19.723512837746352,0.006497600180473286,0.0013419335744675898,11.834107702647811,0.025,0.0,-0.03,0.0,1.0,0.0,0.01
14,0.46666576309120866,59,0.05236404844577835,0.0,-0.02947508596810447,0.0005249140318955292,0.009475085968104471,18.950171936208942,0.00679434090903878,0.002484709108893284,11.370103161725366,0.025,0.0,-0.03,0.0,1.0,0.0,0.01
14,0.46666576309120866,60,0.053550038293419096,0.0,-0.029090437496084847,0.0009095625039151518,0.009090437496084848,18.180874992169695,0.007692840945895077,0.0016777475967105708,10.908524995301816,0.025,0.0,-0.03,0.0,1.0,0.0,0.01
14,0.46666576309120866,61,0.05473733533204418,0.0,-0.028709778347990992,0.001290221652009007,0.008709778347990993,17.419556695981985,0.007977415117314852,0.0028812735286352954,10.45173401758919,0.025,0.0,-0.03,0.0,1.0,0.0,0.01
14,0.46666576309120866,62,0.05592648398876576,0.0,-0.028335109694904277,0.0016648903050957217,0.008335109694904278,16.670219389808558,0.008844636632540186,0.0020850453002351633,10.002131633885135,0.025,0.0,-0.03,0.0,1.0,0.0,0.01
14,0.46666576309120866,63,0.05711812822797523,0.0,-0.027968394732718352,0.002031605267281647,0.007968394732718353,15.936789465436707,0.0092689242831873,0.0031362128603834995,9.562073679262024,0.025,0.0,-0.03,0.0,1.0,0.0,0.01
14,0.46666576309120866,64,0.05834412184115448,0.0,-0.02818840300625862,0.0018115969937413795,0.00818840300625862,16.376806012517243,0.0098669587299292,0.0023765697921687046,9.826083607510345,0.025,0.0,-0.03,0.0,1.0,0.0,0.01
14,0.46666576309120866,65,0.059569107675315376,0.0,-0.02841419641597446,0.00158580358402554,0.00841419641597446,16.82839283194892,0.010489772580588126,0.002524865438660646,10.097035699169352,0.025,0.0,-0.03,0.0,1.0,0.0,0.01
14,0.46666576309120866,66,0.060792976232825036,0.0,-0.02864572466277827,0.0013542753372217282,0.008645724662778272,17.291449325556545,0.011163811127177568,0.0028116642457645183,10.374869595333926,0.025,0.0,-0.03,0.0,1.0,0.0,0.01
14,0.46666576309120866,67,0.06201579816581179,0.0,-0.028882953431939733,0.0011170465680602655,0.008882953431939735,17.76590686387947,0.011486066308870242,0.0013295933417606907,10.65954411832768,0.025,0.0,-0.03,0.0,1.0,0.0,0.01
14,0.46666576309120866,68,0.06323747554177025,0.0,-0.02912580220226983,0.0008741977977301703,0.00912580220226983,18.25160440453966,0.012612359334593131,0.0038719265416236183,10.950962642723795,0.025,0.0,-0.03,0.0,1.0,0.0,0.01
14,0.46666576309120866,69,0.06445807021505744,0.0,-0.029374207488400403,0.000625792511599596,0.009374207488400404,18.74841497680081,0.01232891451672955,0.0005158403647104895,11.249048986080485,0.025,0.0,-0.03,0.0,1.0,0.0,0.01
14,0.46666576309120866,70,0.06567751658183596,0.0,-0.029628066387862504,0.00037193361213749485,0.009628066387862505,19.25613277572501,0.01420857508821474,0.005525559589856717,11.553679665435006,0.025,0.0,-0.03,0.0,1.0,0.0,0.01
14,0.46666576309120866,71,0.0668958529070563,0.0,-0.029887283387505608,0.00011271661249439083,0.00988728338750561,19.77456677501122,0.013024903382971657,0.00291524902182138,11.864740065006732,0.025,0.0,-0.03,0.0,1.0,0.0,0.01
14,0.46666576309120866,72,0.06811305571832103,0.0,-0.030151736660313247,0.00015173666031324806,0.009848263339686752,19.696526679373505,-0.0159361944638842,0.007632726111820417,11.817916007624103,0.025,0.0,-0.03,0.0,1.0,0.0,0.01
14,0.46666576309120866,73,0.06932913880840186,0.0,-0.030421298990668862,0.0004212989906688634,0.009578701009331137,19.157402018662275,-0.01360222107673633,0.005686934660059588,11.494441211197364,0.025,0.0,-0.03,0.0,1.0,0.0,0.01
14,0.46666576309120866,74,0.07054411503733522,0.0,-0.03069583012215667,0.0006958301221566716,0.009304169877843329,18.608339755686657,-0.01775070590044608,0.009956364227070304,11.165003853411994,0.025,0.0,-0.03,0.0,1.0,0.0,0.01
14,0.46666576309120866,75,0.07175798726449786,0.0,-0.030975174961578502,0.0009751749615785031,0.009024825038421497,18.049650076842994,-0.014129220356724143,0.008509227780555715,10.829790046105796,0.025,0.0,-0.03,0.0,1.0,0.0,0.01
14,0.46666576309120866,76,0.07297078724156594,0.0,-0.03125917275277049,0.0012591727527704877,0.008740827247229513,17.481654494459026,-0.01955282371701138,0.012066677847211035,10.488992696675416,0.025,0.0,-0.03,0.0,1.0,0.0,0.01
14,0.46666576309120866,77,0.07418252631814592,0.0,-0.03154764630361346,0.0015476463036134605,0.00845235369638654,16.90470739277308,-0.014739896877565248,0.010835339430067434,10.142824435663847,0.025,0.0,-0.03,0.0,1.0,0.0,0.01
14,0.46666576309120866,78,0.0753932380226702,0.0,-0.03184041219759383,0.0018404121975938298,0.00815958780240617,16.31917560481234,-0.021177593368179953,0.013328483089878773,9.791505362887404,0.025,0.0,-0.03,0.0,1.0,0.0,0.01
14,0.46666576309120866,79,0.07660295416707981,0.0,-0.03213727580420588,0.0021372758042058834,0.007862724195794117,15.725448391588234,-0.015628420759912196,0.012004607668792036,9.43526903495294,0.025,0.0,-0.03,0.0,1.0,0.0,0.01
14,0.46666576309120866,80,0.07781692615874666,0.0,-0.03243521173749103,0.002435211737491033,0.007564788262508967,15.129576525017933,-0.022458035182303934,0.013332574227732307,9.077745915010759,0.025,0.0,-0.03,0.0,1.0,0.0,0.01
15,0.49999903188343786,37,0.03817708251840949,0.0,-0.021212767830405387,0.008787232169594612,0.0012127678304053886,2.425535660810777,-0.0002722297075921224,2.662366237085137e-06,1.4553213964864662,0.025,0.0,-0.03,0.0,1.0,0.0,0.01
15,0.49999903188343786,38,0.03814649820368458,0.0,-0.02245996132712879,0.007540038672871209,0.002459961327128791,4.919922654257582,-1.1421905300415583e-05,6.6516164122073535e-06,2.951953592554549,0.025,0.0,-0.03,0.0,1.0,0.0,0.01
15,0.49999903188343786,39,0.03811254433668895,0.0,-0.02370707524904304,0.006292924750956958,0.003707075249043042,7.414150498086084,-0.00011565268706321139,8.138808603072314e-06,4.44849029885165,0.025,0.0,-0.03,0.0,1.0,0.0,0.01
15,0.49999903188343786,40,0.03807768623596894,0.0,-0.024954168894298145,0.005045831105701854,0.004954168894298146,9.908337788596292,-0.0001543346116256163,1.0873334497691778e-05,5.9450026731577745,0.025,0.0,-0.03,0.0,1.0,0.0,0.01
15,0.49999903188343786,41,0.03804439049610172,0.0,-0.02620129730513505,0.003798702694864948,0.006201297305135052,12.402594610270105,-4.766023416144323e-06,1.7849713107988e-05,7.441556766162063,0.025,0.0,-0.03,0.0,1.0,0.0,0.01
15,0.49999903188343786,42,0.038015121640412486,0.0,-0.02744851830564874,0.0025514816943512583,0.007448518305648742,14.897036611297484,-0.00022210478175545495,2.1513389085305677e-05,8.93822196677849,0.025,0.0,-0.03,0.0,1.0,0.0,0.01
15,0.49999903188343786,43,0.03799232807230918,0.0,-0.02869585321408567,0.0013041467859143292,0.008695853214085671,17.391706428171343,2.765910592872629e-05,3.013839686719135e-05,10.435023856902806,0.025,0.0,-0.03,0.0,1.0,0.0,0.01
15,0.49999903188343786,44,0.03797839202677538,0.0,-0.029943298748480975,5.670125151902364e-05,0.009943298748480977,19.886597496961954,-0.0002515401798160899,4.109279236193409e-05,11.931958498177172,0.025,0.0,-0.03,0.0,1.0,0.0,0.01
15,0.49999903188343786,45,0.03797574732075093,0.0,-0.031190785113825586,0.0011907851138255876,0.008809214886174413,17.618429772348826,-6.925005140433096e-05,4.820069886751377e-05,10.571057863409296,0.025,0.0,-0.03,0.0,1.0,0.0,0.01
15,0.49999903188343786,46,0.03798693232212351,0.0,-0.03243818707347953,0.0024381870734795294,0.007561812926520471,15.123625853040942,0.0002012927523568571,7.513260711329292e-05,9.074175511824565,0.025,0.0,-0.03,0.0,1.0,0.0,0.01
15,0.49999903188343786,47,0.03801629222982589,0.0,-0.03368592030875382,0.0036859203087538234,0.006314079691246177,12.628159382492354,9.240103547727646e-05,1.7318549860164666e-05,7.576895629495413,0.025,0.0,-0.03,0.0,1.0,0.0,0.01
15,0.49999903188343786,48,0.03922678199239231,0.0,-0.03338810737410664,0.003388107374106643,0.006611892625893357,13.223785251786715,-0.0005351426849680909,0.00016984412071188983,7.9342711510720285,0.025,0.0,-0.03,0.0,1.0,0.0,0.01
15,0.49999903188343786,49,0.040432290344158,0.0,-0.033070566319544886,0.0030705663195448873,0.006929433680455113,13.858867360910226,-0.0009886832994132806,0.0005223397073485503,8.315320416546136,0.025,0.0,-0.03,0.0,1.0,0.0,0.01
15,0.49999903188343786,50,0.041633022075410114,0.0,-0.03273523907618721,0.0027352390761872097,0.0072647609238127905,14.529521847625581,-0.0017338963322508212,9.925888396714081e-05,8.717713108575348,0.025,0.0,-0.03,0.0,1.0,0.0,0.01
15,0.49999903188343786,51,0.042829255375760635,0.0,-0.032384087823251466,0.002384087823251467,0.007615912176748533,15.231824353497066,-0.0022055970665893223,0.0007008733385020947,9.139094612098239,0.025,0.0,-0.03,0.0,1.0,0.0,0.01
15,0.49999903188343786,52,0.044021374961589706,0.0,-0.03201907973942631,0.002019079739426312,0.007980920260573688,15.961840521147376,-0.0028122714012009694,0.00082311564942213,9.577104312688425,0.025,0.0,-0.03,0.0,1.0,0.0,0.01
15,0.49999903188343786,53,0.04520982096020121,0.0,-0.03164219521726527,0.0016421952172652743,0.008357804782734726,16.715609565469453,-0.0035592672778242823,0.0005138590950639208,10.02936573928167,0.025,0.0,-0.03,0.0,1.0,0.0,0.01
15,0.49999903188343786,54,0.04639510975693589,0.0,-0.03125541666248712,0.001255416662487123,0.008744583337512877,17.489166675025754,-0.0037810414165008414,0.0018839499579372248,10.493500005015452,0.025,0.0,-0.03,0.0,1.0,0.0,0.01
15,0.49999903188343786,55,0.047577815756446235,0.0,-0.030860728464373096,0.0008607284643730971,0.009139271535626903,18.278543071253807,-0.0049891286257952505,0.00017518893181789748,10.967125842752283,0.025,0.0,-0.03,0.0,1.0,0.0,0.01
15,0.49999903188343786,56,0.048758534379084346,0.0,-0.0304601245077291,0.0004601245077291011,0.0095398754922709,19.0797509845418,-0.0047329412656005815,0.0029745004897143586,11.44785059072508,0.025,0.0,-0.03,0.0,1.0,0.0,0.01
15,0.49999903188343786,57,0.049937941359982654,0.0,-0.030055584347319017,5.558434731901818e-05,0.009944415652680982,19.888831305361965,-0.006377158454699529,2.045575656122017e-06,11.933298783217179,0.025,0.0,-0.03,0.0,1.0,0.0,0.01
15,0.49999903188343786,58,0.05111666183052643,0.0,-0.029649112100669853,0.0003508878993301462,0.009649112100669854,19.298224201339707,0.005781821827318496,0.0037810786093531086,11.578934520803823,0.025,0.0,-0.03,0.0,1.0,0.0,0.01
15,0.49999903188343786,59,0.052295429751355,0.0,-0.02924267989722907,0.0007573201027709295,0.00924267989722907,18.48535979445814,0.007626942939033555,0.00022124306521903705,11.091215876674884,0.025,0.0,-0.03,0.0,1.0,0.0,0.01
15,0.49999903188343786,60,0.05347485955598541,0.0,-0.028838299581040824,0.0011617004189591745,0.008838299581040826,17.67659916208165,0.006982131581220922,0.004161774078867633,10.60595949724899,0.025,0.0,-0.03,0.0,1.0,0.0,0.01
15,0.49999903188343786,61,0.054655689360319365,0.0,-0.02843793858492943,0.0015620614150705682,0.008437938584929432,16.875877169858864,0.008727928357239931,0.000830550852195151,10.125526301915318,0.025,0.0,-0.03,0.0,1.0,0.0,0.01
15,0.49999903188343786,62,0.055838490886505464,0.0,-0.028043610944806625,0.0019563890551933735,0.008043610944806627,16.087221889613254,0.008315170964650086,0.004235747800064369,9.652333133767952,0.025,0.0,-0.03,0.0,1.0,0.0,0.01
15,0.49999903188343786,63,0.05702394745117288,0.0,-0.027657286080242767,0.002342713919757232,0.007657286080242768,15.314572160485536,0.00946827689451445,0.0014928972389379406,9.188743296291321,0.025,0.0,-0.03,0.0,1.0,0.0,0.01
15,0.49999903188343786,64,0.05825335362068479,0.0,-0.027857370442817504,0.0021426295571824946,0.007857370442817506,15.714740885635011,0.010174732728932604,0.004297575183460812,9.428844531381007,0.025,0.0,-0.03,0.0,1.0,0.0,0.01
15,0.49999903188343786,65,0.05948183593502935,0.0,-0.02806325624510922,0.0019367437548907795,0.00806325624510922,16.126512490218442,0.010274086027828292,0.0010234859034112494,9.675907494131065,0.025,0.0,-0.03,0.0,1.0,0.0,0.01
15,0.49999903188343786,66,0.060709305857361416,0.0,-0.028274898272398576,0.0017251017276014233,0.008274898272398577,16.549796544797154,0.01151601804492376,0.004641909910491807,9.929877926878293,0.025,0.0,-0.03,0.0,1.0,0.0,0.01
15,0.49999903188343786,67,0.061935808883896264,0.0,-0.028492256696269713,0.0015077433037302863,0.008492256696269714,16.984513392539426,0.011304787616913762,2.3347794410746646e-05,10.190708035523656,0.025,0.0,-0.03,0.0,1.0,0.0,0.01
15,0.49999903188343786,68,0.06316127006162224,0.0,-0.028715256735663917,0.0012847432643360822,0.008715256735663918,17.430513471327835,0.012943554272935455,0.00556210112025463,10.4583080827967,0.025,0.0,-0.03,0.0,1.0,0.0,0.01
15,0.49999903188343786,69,0.06438572856452005,0.0,-0.028943829844232955,0.0010561701557670437,0.008943829844232956,17.887659688465913,0.012213284589511684,0.0016483593770700244,10.732595813079547,0.025,0.0,-0.03,0.0,1.0,0.0,0.01
15,0.49999903188343786,70,0.06560913540531274,0.0,-0.02917787743037913,0.0008221225696208694,0.00917787743037913,18.35575486075826,0.014479518905932296,0.0069419321982879326,11.013452916454955,0.025,0.0,-0.03,0.0,1.0,0.0,0.01
15,0.49999903188343786,71,0.06683151140256689,0.0,-0.029417300181510606,0.0005826998184893933,0.009417300181510607,18.834600363021213,0.013034869102865936,0.0035921854155048765,11.300760217812728,0.025,0.0,-0.03,0.0,1.0,0.0,0.01
15,0.49999903188343786,72,0.06805284755183182,0.0,-0.029661979736443793,0.000338020263556206,0.009661979736443794,19.323959472887587,0.01606082523792539,0.008415419567226178,11.594375683732553,0.025,0.0,-0.03,0.0,1.0,0.0,0.01
15,0.49999903188343786,73,0.06927313434073158,0.0,-0.029911784212557847,8.821578744215228e-05,0.009911784212557848,19.823568425115695,0.013850218407723576,0.005433929273269799,11.894141055069417,0.025,0.0,-0.03,0.0,1.0,0.0,0.01
15,0.49999903188343786,74,0.07049241362969841,0.0,-0.030166579455760758,0.00016657945576075903,0.009833420544239241,19.66684108847848,-0.017600402939904603,0.009566925186698477,11.800104653087088,0.025,0.0,-0.03,0.0,1.0,0.0,0.01
15,0.49999903188343786,75,0.07171063948723062,0.0,-0.030426200434922175,0.00042620043492217624,0.009573799565077824,19.147599130155648,-0.014741354912483066,0.006814812631136598,11.488559478093388,0.025,0.0,-0.03,0.0,1.0,0.0,0.01
15,0.49999903188343786,76,0.07292790647543419,0.0,-0.030690499732915384,0.0006904997329153853,0.009309500267084615,18.61900053416923,-0.01903140958812977,0.010136000929292075,11.171400320501538,0.025,0.0,-0.03,0.0,1.0,0.0,0.01
15,0.49999903188343786,77,0.07414413650177974,0.0,-0.030959280988024692,0.0009592809880246932,0.009040719011975307,18.081438023950614,-0.01575401956658418,0.00758923933322678,10.848862814370369,0.025,0.0,-0.03,0.0,1.0,0.0,0.01
15,0.49999903188343786,78,0.0753594675685525,0.0,-0.031232383827037514,0.001232383827037515,0.008767616172962485,17.53523234592497,-0.020330276398299835,0.010090226807223693,10.521139407554982,0.025,0.0,-0.03,0.0,1.0,0.0,0.01
15,0.49999903188343786,79,0.07657380327340887,0.0,-0.03150958494587332,0.0015095849458733185,0.008490415054126682,16.980830108253365,-0.01690139441356793,0.0078121545954770045,10.188498064952018,0.025,0.0,-0.03,0.0,1.0,0.0,0.01
15,0.49999903188343786,80,0.0777924811134337,0.0,-0.0317878131717769,0.0017878131717769044,0.008212186828223096,16.424373656446193,-0.021508971969341737,0.009662889732316967,9.854624193867716,0.025,0.0,-0.03,0.0,1.0,0.0,0.01
16,0.5333323006756671,37,0.038177178333731535,0.0,-0.021215631729493648,0.00878436827050635,0.0012156317294936495,2.4312634589872992,0.00030059886215156055,4.776929105158165e-06,1.4587580753923794,0.025,0.0,-0.03,0.0,1.0,0.0,0.01
16,0.5333323006756671,38,0.038146654253479885,0.0,-0.022462826674841712,0.007537173325158287,0.0024628266748417133,4.925653349683427,-0.00037845535823159763,9.831066092034026e-09,2.955392009810056,0.025,0.0,-0.03,0.0,1.0,0.0,0.01
16,0.5333323006756671,39,0.038112792178454105,0.0,-0.023709943844522286,0.006290056155477713,0.0037099438445222874,7.419887689044575,0.00015316919701868726,9.947187856326352e-06,4.451932613426745,0.025,0.0,-0.03,0.0,1.0,0.0,0.01
16,0.5333323006756671,40,0.038078061716420676,0.0,-0.024957041149586034,0.005042958850413965,0.004957041149586035,9.91408229917207,-0.0002000534439528318,8.728421503321894e-06,5.948449379503242,0.025,0.0,-0.03,0.0,1.0,0.0,0.01
16,0.5333323006756671,41,0.03804493366763405,0.0,-0.026204174295251778,0.003795825704748221,0.006204174295251779,12.408348590503559,-2.9655277939053645e-05,1.6932038402455505e-05,7.445009154302135,0.025,0.0,-0.03,0.0,1.0,0.0,0.01
16,0.5333323006756671,42,0.03801587673378774,0.0,-0.02745140030783243,0.0025485996921675684,0.007451400307832432,14.902800615664864,-3.866936515430033e-05,2.2391232417449266e-05,8.941680369398918,0.025,0.0,-0.03,0.0,1.0,0.0,0.01
16,0.5333323006756671,43,0.037993346119850106,0.0,-0.028698739491634137,0.0013012605083658618,0.008698739491634138,17.397478983268275,-0.00011354234602573567,3.040340650900549e-05,10.438487389960965,0.025,0.0,-0.03,0.0,1.0,0.0,0.01
16,0.5333323006756671,44,0.037979731414070975,0.0,-0.029946187213903734,5.3812786096264775e-05,0.009946187213903735,19.89237442780747,-4.054148298083913e-05,4.0746535448925113e-05,11.935424656684482,0.025,0.0,-0.03,0.0,1.0,0.0,0.01
16,0.5333323006756671,45,0.03797747017792278,0.0,-0.031193672194429093,0.0011936721944290941,0.008806327805570906,17.61265561114181,6.6671366189826e-05,5.4789616355859546e-05,10.567593366685086,0.025,0.0,-0.03,0.0,1.0,0.0,0.01
16,0.5333323006756671,46,0.03798909668373816,0.0,-0.03244106783791776,0.002441067837917761,0.007558932162082239,15.117864324164477,9.40561439754986e-05,4.9888320322737526e-05,9.070718594498686,0.025,0.0,-0.03,0.0,1.0,0.0,0.01
16,0.5333323006756671,47,0.0380190295635321,0.0,-0.03368881727997959,0.003688817279979592,0.006311182720020408,12.622365440040817,1.2199982820316277e-05,0.00025166433413714647,7.57341926402449,0.025,0.0,-0.03,0.0,1.0,0.0,0.01
16,0.5333323006756671,48,0.03922458071916055,0.0,-0.03337151750359092,0.0033715175035909234,0.006628482496409077,13.256964992818153,-0.00039513470219177554,0.0005079555195754272,7.954178995690891,0.025,0.0,-0.03,0.0,1.0,0.0,0.01
16,0.5333323006756671,49,0.040424786948717845,0.0,-0.033034403596649685,0.003034403596649686,0.006965596403350314,13.93119280670063,-0.0012989593143239216,0.0004705074595335431,8.358715684020376,0.025,0.0,-0.03,0.0,1.0,0.0,0.01
16,0.5333323006756671,50,0.041619883952034004,0.0,-0.03267943420336399,0.0026794342033639937,0.0073205657966360065,14.641131593272013,-0.0014066258813756076,0.0013712740895505955,8.784678955963207,0.025,0.0,-0.03,0.0,1.0,0.0,0.01
16,0.5333323006756671,51,0.04281018373035693,0.0,-0.03230858639118974,0.0023085863911897417,0.0076914136088102585,15.382827217620518,-0.0026550031358640582,0.0006260257966591449,9.22969633057231,0.025,0.0,-0.03,0.0,1.0,0.0,0.01
16,0.5333323006756671,52,0.043996107528034886,0.0,-0.03192383975168986,0.0019238397516898598,0.00807616024831014,16.15232049662028,-0.002407302915751756,0.0022462169183167812,9.691392297972168,0.025,0.0,-0.03,0.0,1.0,0.0,0.01
16,0.5333323006756671,53,0.04517812764238348,0.0,-0.0315271877484681,0.0015271877484680993,0.008472812251531901,16.9456245030638,-0.004026088748227366,0.000725957938927766,10.16737470183828,0.025,0.0,-0.03,0.0,1.0,0.0,0.01
16,0.5333323006756671,54,0.04635680651477051,0.0,-0.031120620052154217,0.0011206200521542177,0.008879379947845783,17.758759895691565,-0.0034046444250262135,0.0031321486718414292,10.655255937414939,0.025,0.0,-0.03,0.0,1.0,0.0,0.01
16,0.5333323006756671,55,0.047532743001089804,0.0,-0.030706134617245133,0.0007061346172451341,0.009293865382754866,18.587730765509733,-0.00540513013906189,0.0008009356741339113,11.15263845930584,0.025,0.0,-0.03,0.0,1.0,0.0,0.01
16,0.5333323006756671,56,0.04870659196594583,0.0,-0.030285726661533164,0.0002857266615331651,0.009714273338466835,19.42854667693367,-0.004396898786637549,0.004052243121442525,11.657128006160201,0.025,0.0,-0.03,0.0,1.0,0.0,0.01
16,0.5333323006756671,57,0.049879041606143475,0.0,-0.029861391828497525,0.00013860817150247381,0.009861391828497526,19.722783656995052,0.006790217675440116,0.0008931334389457616,11.833670194197031,0.025,0.0,-0.03,0.0,1.0,0.0,0.01
16,0.5333323006756671,58,0.05105079040857864,0.0,-0.029435130081434415,0.0005648699185655838,0.009435130081434416,18.87026016286883,0.005387839733738507,0.005013842972261153,11.3221560977213,0.025,0.0,-0.03,0.0,1.0,0.0,0.01
16,0.5333323006756671,59,0.05222257336143198,0.0,-0.02900893267110656,0.0009910673288934385,0.009008932671106562,18.017865342213124,0.008161571521138753,0.0009938857461871365,10.810719205327874,0.025,0.0,-0.03,0.0,1.0,0.0,0.01
16,0.5333323006756671,60,0.05339508730074817,0.0,-0.028584804233123623,0.001415195766876376,0.008584804233123624,17.169608466247247,0.006412817408929146,0.005938002641318888,10.301765079748348,0.025,0.0,-0.03,0.0,1.0,0.0,0.01
16,0.5333323006756671,61,0.05456906567093622,0.0,-0.028164733061600243,0.0018352669383997558,0.008164733061600244,16.32946612320049,0.009454161784479392,0.0009880311243801697,9.797679673920294,0.025,0.0,-0.03,0.0,1.0,0.0,0.01
16,0.5333323006756671,62,0.055745162929255646,0.0,-0.027750726845226694,0.002249273154773305,0.007750726845226695,15.50145369045339,0.0076281673336426785,0.006667447772224006,9.300872214272033,0.025,0.0,-0.03,0.0,1.0,0.0,0.01
16,0.5333323006756671,63,0.05692405924726938,0.0,-0.02734477443653476,0.0026552255634652404,0.00734477443653476,14.68954887306952,0.009702650955219693,0.000981180516446693,8.813729323841711,0.025,0.0,-0.03,0.0,1.0,0.0,0.01
16,0.5333323006756671,64,0.05815658322949357,0.0,-0.027524719062062268,0.002475280937937731,0.007524719062062269,15.049438124124539,0.010578819168771916,0.007504780658446257,9.029662874474722,0.025,0.0,-0.03,0.0,1.0,0.0,0.01
16,0.5333323006756671,65,0.05938825929386938,0.0,-0.027710479807136368,0.002289520192863631,0.007710479807136369,15.420959614272737,0.009861538724298426,0.001985044004551671,9.252575768563641,0.025,0.0,-0.03,0.0,1.0,0.0,0.01
16,0.5333323006756671,66,0.06061903628620267,0.0,-0.027902017088427444,0.0020979829115725553,0.007902017088427445,15.80403417685489,0.012011422147145116,0.007894258597874584,9.482420506112934,0.025,0.0,-0.03,0.0,1.0,0.0,0.01
16,0.5333323006756671,67,0.06184891979129446,0.0,-0.028099284231399513,0.001900715768600486,0.008099284231399514,16.198568462799027,0.010980327120211578,0.00242123852772383,9.719141077679415,0.025,0.0,-0.03,0.0,1.0,0.0,0.01
16,0.5333323006756671,68,0.06307787447940544,0.0,-0.028302214122756963,0.0016977858772430354,0.008302214122756965,16.60442824551393,0.0132644202932509,0.0076649495907288746,9.962656947308357,0.025,0.0,-0.03,0.0,1.0,0.0,0.01
16,0.5333323006756671,69,0.06430589573379032,0.0,-0.02851073039192453,0.0014892696080754698,0.00851073039192453,17.02146078384906,0.012179889425422828,0.002407592096225699,10.212876470309437,0.025,0.0,-0.03,0.0,1.0,0.0,0.01
16,0.5333323006756671,70,0.0655329775560481,0.0,-0.028724742723100414,0.001275257276899585,0.008724742723100415,17.449485446200832,0.014467454052199435,0.007163015499819014,10.4696912677205,0.025,0.0,-0.03,0.0,1.0,0.0,0.01
16,0.5333323006756671,71,0.06675909284672057,0.0,-0.02894414325039389,0.0010558567496061072,0.008944143250393893,17.888286500787785,0.013392652796198985,0.0023485012164088485,10.732971900472672,0.025,0.0,-0.03,0.0,1.0,0.0,0.01
16,0.5333323006756671,72,0.06798427828193168,0.0,-0.029168822165446227,0.0008311778345537722,0.009168822165446228,18.337644330892456,0.01568375086329595,0.006769156676944691,11.002586598535473,0.025,0.0,-0.03,0.0,1.0,0.0,0.01
16,0.5333323006756671,73,0.06920847386647636,0.0,-0.029398638758517986,0.0006013612414820131,0.009398638758517987,18.797277517035972,0.01456540812630452,0.002535718673754001,11.278366510221582,0.025,0.0,-0.03,0.0,1.0,0.0,0.01
16,0.5333323006756671,74,0.07043176783720481,0.0,-0.02963346716782445,0.00036653283217554997,0.00963346716782445,19.2669343356489,0.016947340837209057,0.0066470050430808975,11.56016060138934,0.025,0.0,-0.03,0.0,1.0,0.0,0.01
16,0.5333323006756671,75,0.07165406323917074,0.0,-0.02987313374060027,0.00012686625939972718,0.009873133740600273,19.746267481200547,0.01568872296900546,0.0029895939686435716,11.847760488720327,0.025,0.0,-0.03,0.0,1.0,0.0,0.01
16,0.5333323006756671,76,0.07287550014945429,0.0,-0.030117498746238026,0.00011749874623802684,0.009882501253761973,19.765002507523945,-0.018242868474017442,0.00668910662332602,11.859001504514367,0.025,0.0,-0.03,0.0,1.0,0.0,0.01
16,0.5333323006756671,77,0.07409594991890563,0.0,-0.03036635755215605,0.00036635755215605123,0.009633642447843949,19.267284895687897,-0.016798891820647577,0.0035061507581530924,11.560370937412738,0.025,0.0,-0.03,0.0,1.0,0.0,0.01
16,0.5333323006756671,78,0.07531559476972181,0.0,-0.030619556900248257,0.0006195569002482582,0.009380443099751742,18.760886199503485,-0.01952026459945816,0.006642030489465469,11.25653171970209,0.025,0.0,-0.03,0.0,1.0,0.0,0.01
16,0.5333323006756671,79,0.07653428845265188,0.0,-0.030876865420023575,0.0008768654200235759,0.009123134579976424,18.24626915995285,-0.01795588093832785,0.0038269347968546636,10.94776149597171,0.025,0.0,-0.03,0.0,1.0,0.0,0.01
16,0.5333323006756671,80,0.07775736205853946,0.0,-0.03113514101058845,0.0011351410105884495,0.00886485898941155,17.7297179788231,-0.020730915027885235,0.006360500363812251,10.63783078729386,0.025,0.0,-0.03,0.0,1.0,0.0,0.01
17,0.5666655694678963,37,0.03817719891604898,0.0,-0.021217461678719962,0.008782538321280037,0.0012174616787199635,2.434923357439927,0.000387957985880208,3.1976222426554304e-06,1.4609540144639561,0.025,0.0,-0.03,0.0,1.0,0.0,0.01
17,0.5666655694678963,38,0.038146748547612734,0.0,-0.022464658066726623,0.007535341933273376,0.002464658066726624,4.929316133453248,-0.00040769183277431566,2.4792504094068466e-06,2.9575896800719486,0.025,0.0,-0.03,0.0,1.0,0.0,0.01
17,0.5666655694678963,39,0.038112992773659364,0.0,-0.023711779997185628,0.006288220002814371,0.0037117799971856293,7.423559994371258,0.00024159768286021555,9.188883328937091e-06,4.454135996622755,0.025,0.0,-0.03,0.0,1.0,0.0,0.01
17,0.5666655694678963,40,0.03807840575087866,0.0,-0.02495887931918824,0.005041120680811757,0.004958879319188243,9.917758638376485,-0.0002232516768393358,7.410137232117555e-06,5.950655183025891,0.025,0.0,-0.03,0.0,1.0,0.0,0.01
17,0.5666655694678963,41,0.03804546257956858,0.0,-0.02620602023687961,0.003793979763120389,0.006206020236879611,12.412040473759221,4.317873200969813e-05,1.6700137958530944e-05,7.447224284255532,0.025,0.0,-0.03,0.0,1.0,0.0,0.01
17,0.5666655694678963,42,0.038016636459250054,0.0,-0.02745324849703506,0.0025467515029649404,0.00745324849703506,14.90649699407012,-3.716729475103319e-05,2.2154433932240382e-05,8.94389819644207,0.025,0.0,-0.03,0.0,1.0,0.0,0.01
17,0.5666655694678963,43,0.03799438973375849,0.0,-0.028700595406890555,0.001299404593109444,0.008700595406890556,17.401190813781113,-6.709591221030518e-05,3.099879871730607e-05,10.440714488268668,0.025,0.0,-0.03,0.0,1.0,0.0,0.01
17,0.5666655694678963,44,0.03798111962836411,0.0,-0.02994804229620626,5.1957703793740345e-05,0.00994804229620626,19.89608459241252,9.065446866409819e-06,4.20761912173521e-05,11.937650755447512,0.025,0.0,-0.03,0.0,1.0,0.0,0.01
17,0.5666655694678963,45,0.03797926733214746,0.0,-0.031195528944419564,0.0011955289444195646,0.008804471055580436,17.60894211116087,0.00011537811158811357,5.649886560197556e-05,10.565365266696523,0.025,0.0,-0.03,0.0,1.0,0.0,0.01
17,0.5666655694678963,46,0.03799136284742784,0.0,-0.032442915161329626,0.002442915161329627,0.007557084838670373,15.114169677340746,-1.9105743820139695e-05,6.570008622886321e-05,9.068501806404447,0.025,0.0,-0.03,0.0,1.0,0.0,0.01
17,0.5666655694678963,47,0.03802189742732801,0.0,-0.03369068155588142,0.0036906815558814185,0.006309318444118582,12.618636888237164,6.250503438646165e-05,0.00010195268441580793,7.571182132942298,0.025,0.0,-0.03,0.0,1.0,0.0,0.01
17,0.5666655694678963,48,0.03922217423092657,0.0,-0.03335389203620232,0.003353892036202323,0.006646107963797677,13.292215927595354,-0.0005280904979598623,0.00013181931623049012,7.975329556557212,0.025,0.0,-0.03,0.0,1.0,0.0,0.01
17,0.5666655694678963,49,0.04041673395516382,0.0,-0.032997210359470626,0.002997210359470627,0.007002789640529373,14.005579281058747,-0.001177236358280105,9.548139091511114e-05,8.403347568635247,0.025,0.0,-0.03,0.0,1.0,0.0,0.01
17,0.5666655694678963,50,0.04160585168661393,0.0,-0.03262260845697918,0.002622608456979182,0.007377391543020818,14.754783086041636,-0.001616650189245982,0.000754177113177359,8.85286985162498,0.025,0.0,-0.03,0.0,1.0,0.0,0.01
17,0.5666655694678963,51,0.042789862525002206,0.0,-0.0322320812970199,0.0022320812970198986,0.007767918702980102,15.535837405960203,-0.0024915262366679318,6.815746027875641e-05,9.321502443576122,0.025,0.0,-0.03,0.0,1.0,0.0,0.01
17,0.5666655694678963,52,0.043969240143787995,0.0,-0.031827615297670635,0.0018276152976706359,0.008172384702329364,16.344769404658727,-0.0026043843558880317,0.001699782194390374,9.806861642795235,0.025,0.0,-0.03,0.0,1.0,0.0,0.01
17,0.5666655694678963,53,0.04514447014416037,0.0,-0.03141122292633248,0.0014112229263324796,0.00858877707366752,17.17755414733504,-0.003919910913265775,0.0001981527197639429,10.306532488401023,0.025,0.0,-0.03,0.0,1.0,0.0,0.01
17,0.5666655694678963,54,0.046316185498457826,0.0,-0.030984891914162968,0.0009848919141629692,0.009015108085837031,18.030216171674063,-0.0034995323614723677,0.0028931298136479033,10.818129703004438,0.025,0.0,-0.03,0.0,1.0,0.0,0.01
17,0.5666655694678963,55,0.04748498198888091,0.0,-0.03055064337376528,0.0005506433737652826,0.009449356626234718,18.898713252469435,-0.005417556013457982,0.0005847064540829183,11.33922795148166,0.025,0.0,-0.03,0.0,1.0,0.0,0.01
17,0.5666655694678963,56,0.048651606406178806,0.0,-0.030110460883199734,0.0001104608831997353,0.009889539116800265,19.77907823360053,-0.0043651103722212505,0.0041586895749624155,11.867446940160317,0.025,0.0,-0.03,0.0,1.0,0.0,0.01
17,0.5666655694678963,57,0.04981672498820587,0.0,-0.02966636906349966,0.0003336309365003405,0.00966636906349966,19.33273812699932,0.006904636562615149,0.0009201086544405793,11.599642876199592,0.025,0.0,-0.03,0.0,1.0,0.0,0.01
17,0.5666655694678963,58,0.05098114728696884,0.0,-0.029220348001928898,0.0007796519980711007,0.0092203480019289,18.4406960038578,0.0052810838872314895,0.005310591603906672,11.064417602314679,0.025,0.0,-0.03,0.0,1.0,0.0,0.01
17,0.5666655694678963,59,0.05214557155206881,0.0,-0.02877442280585384,0.0012255771941461595,0.00877442280585384,17.54884561170768,0.008302672933677523,0.001054915654052893,10.529307367024607,0.025,0.0,-0.03,0.0,1.0,0.0,0.01
17,0.5666655694678963,60,0.0533108160529447,0.0,-0.028330574299669422,0.001669425700330577,0.008330574299669423,16.661148599338848,0.006313865203315769,0.006203058724425159,9.996689159603308,0.025,0.0,-0.03,0.0,1.0,0.0,0.01
17,0.5666655694678963,61,0.0544775724444461,0.0,-0.02789082624140144,0.002109173758598558,0.007890826241401442,15.781652482802885,0.009548460579365413,0.00089012567401699,9.46899148968173,0.025,0.0,-0.03,0.0,1.0,0.0,0.01
17,0.5666655694678963,62,0.05564661452903549,0.0,-0.02745716463981028,0.0025428353601897186,0.007457164639810282,14.914329279620564,0.007585296395342451,0.006770433512437546,8.948597567772337,0.025,0.0,-0.03,0.0,1.0,0.0,0.01
17,0.5666655694678963,63,0.05681858595425312,0.0,-0.027031609357267065,0.002968390642732934,0.007031609357267066,14.063218714534132,0.00977856414441613,0.0006749927706536814,8.43793122872048,0.025,0.0,-0.03,0.0,1.0,0.0,0.01
17,0.5666655694678963,64,0.05805392220482565,0.0,-0.027191238030116926,0.002808761969883073,0.007191238030116927,14.382476060233854,0.010486533029951096,0.0074646359006636034,8.629485636140313,0.025,0.0,-0.03,0.0,1.0,0.0,0.01
17,0.5666655694678963,65,0.05928847170151499,0.0,-0.027356695401959348,0.002643304598040651,0.007356695401959349,14.7133908039187,0.009997789682646705,0.0015410530153397422,8.82803448235122,0.025,0.0,-0.03,0.0,1.0,0.0,0.01
17,0.5666655694678963,66,0.06052225189936071,0.0,-0.02752794919924153,0.00247205080075847,0.00752794919924153,15.05589839848306,0.011911142730890093,0.007824799239986467,9.033539039089836,0.025,0.0,-0.03,0.0,1.0,0.0,0.01
17,0.5666655694678963,67,0.06175519810211981,0.0,-0.02770494319604996,0.0022950568039500387,0.0077049431960499615,15.409886392099923,0.011129336056728438,0.0019770093599235754,9.245931835259952,0.025,0.0,-0.03,0.0,1.0,0.0,0.01
17,0.5666655694678963,68,0.06298734301866551,0.0,-0.02788762064530512,0.0021123793546948787,0.007887620645305122,15.775241290610243,0.013177899966779186,0.0076559007072754095,9.465144774366145,0.025,0.0,-0.03,0.0,1.0,0.0,0.01
17,0.5666655694678963,69,0.06421861303033166,0.0,-0.028075895154508902,0.0019241048454910967,0.008075895154508904,16.15179030901781,0.012338239525082291,0.001942118309335562,9.691074185410685,0.025,0.0,-0.03,0.0,1.0,0.0,0.01
17,0.5666655694678963,70,0.06544906568755303,0.0,-0.028269686306982095,0.0017303136930179042,0.008269686306982096,16.539372613964193,0.014373885539727372,0.007052704427990207,9.923623568378515,0.025,0.0,-0.03,0.0,1.0,0.0,0.01
17,0.5666655694678963,71,0.06667861152729891,0.0,-0.028468877103843163,0.0015311228961568356,0.008468877103843165,16.93775420768633,0.01360928538446112,0.0015596945525803735,10.162652524611797,0.025,0.0,-0.03,0.0,1.0,0.0,0.01
17,0.5666655694678963,72,0.06790733960684667,0.0,-0.02867336574669205,0.0013266342533079477,0.008673365746692053,17.346731493384105,0.015509866855558616,0.006144647583622061,10.408038896030464,0.025,0.0,-0.03,0.0,1.0,0.0,0.01
17,0.5666655694678963,73,0.0691351419463281,0.0,-0.02888300488810694,0.0011169951118930599,0.00888300488810694,17.76600977621388,0.0149299134303233,0.0009563142058532099,10.659605865728329,0.025,0.0,-0.03,0.0,1.0,0.0,0.01
17,0.5666655694678963,74,0.07036214003572269,0.0,-0.029097673074399474,0.0009023269256005252,0.009097673074399475,18.19534614879895,0.016601189296052452,0.0050598553532727256,10.91720768927937,0.025,0.0,-0.03,0.0,1.0,0.0,0.01
17,0.5666655694678963,75,0.07158821051824385,0.0,-0.029317194099242654,0.0006828059007573453,0.009317194099242655,18.63438819848531,0.01628041536214189,0.00026921027196565413,11.180632919091186,0.025,0.0,-0.03,0.0,1.0,0.0,0.01
17,0.5666655694678963,76,0.07281350236425613,0.0,-0.029541427775921794,0.00045857222407820475,0.009541427775921795,19.08285555184359,0.017674029506106744,0.00395766419563067,11.449713331106153,0.025,0.0,-0.03,0.0,1.0,0.0,0.01
17,0.5666655694678963,77,0.07403788450725435,0.0,-0.029770171708131413,0.00022982829186858622,0.009770171708131414,19.54034341626283,0.01762708993421231,0.00031678953242706575,11.724206049757697,0.025,0.0,-0.03,0.0,1.0,0.0,0.01
17,0.5666655694678963,78,0.07526152484994823,0.0,-0.030003267315186693,3.2673151866939604e-06,0.009996732684813306,19.993465369626612,-0.018769210242632967,0.0030462721862202493,11.996079221775966,0.025,0.0,-0.03,0.0,1.0,0.0,0.01
17,0.5666655694678963,79,0.0764842939495745,0.0,-0.030240489464181678,0.00024048946418167919,0.009759510535818321,19.519021071636644,-0.018926115376018262,0.0005894665298834847,11.711412642981985,0.025,0.0,-0.03,0.0,1.0,0.0,0.01
17,0.5666655694678963,80,0.07771144322063818,0.0,-0.030478608518040188,0.00047860851804018903,0.009521391481959811,19.042782963919624,-0.019932288079056837,0.002534510959569598,11.425669778351773,0.025,0.0,-0.03,0.0,1.0,0.0,0.01
18,0.5999988382601255,37,0.03817714915891187,0.0,-0.02121832460776968,0.00878167539223032,0.0012183246077696799,2.4366492155393598,7.653008967228539e-05,1.8950785070204221e-06,1.4619895293236158,0.025,0.0,-0.03,0.0,1.0,0.0,0.01
18,0.5999988382601255,38,0.0381467851669252,0.0,-0.02246552155256875,0.007534478447431249,0.002465521552568751,4.931043105137502,-0.00011040813066215977,6.838889456686015e-07,2.958625863082501,0.025,0.0,-0.03,0.0,1.0,0.0,0.01
18,0.5999988382601255,39,0.03811314934485094,0.0,-0.023712649107933546,0.0062873508920664525,0.0037126491079335477,7.4252982158670955,9.319466072670118e-05,5.1961442847927655e-06,4.455178929520257,0.025,0.0,-0.03,0.0,1.0,0.0,0.01
18,0.5999988382601255,40,0.03807872060345753,0.0,-0.024959750817482827,0.005040249182517172,0.004959750817482829,9.919501634965657,-0.00012070827968084508,7.93603452153418e-06,5.951700980979394,0.025,0.0,-0.03,0.0,1.0,0.0,0.01
18,0.5999988382601255,41,0.038045978536305244,0.0,-0.026206899301683066,0.0037931006983169327,0.0062068993016830675,12.413798603366136,9.356044586452311e-05,1.614730142428072e-05,7.448279162019681,0.025,0.0,-0.03,0.0,1.0,0.0,0.01
18,0.5999988382601255,42,0.03801740100100155,0.0,-0.027454131033388084,0.0025458689666119153,0.007454131033388085,14.90826206677617,-0.00010953179578286645,2.220110826280776e-05,8.944957240065701,0.025,0.0,-0.03,0.0,1.0,0.0,0.01
18,0.5999988382601255,43,0.03799545792926168,0.0,-0.028701484694523743,0.0012985153054762555,0.008701484694523745,17.402969389047488,5.967402480738633e-05,3.229445137989845e-05,10.441781633428493,0.025,0.0,-0.03,0.0,1.0,0.0,0.01
18,0.5999988382601255,44,0.03798255439731499,0.0,-0.02994893220160954,5.106779839045977e-05,0.00994893220160954,19.89786440321908,-4.337558678549428e-05,4.431100499272318e-05,11.938718641931448,0.025,0.0,-0.03,0.0,1.0,0.0,0.01
18,0.5999988382601255,45,0.0379811350539643,0.0,-0.03119641905208988,0.0011964190520898817,0.008803580947910119,17.607161895820237,4.1274985879043914e-05,5.5974212801496195e-05,10.564297137492142,0.025,0.0,-0.03,0.0,1.0,0.0,0.01
18,0.5999988382601255,46,0.03799372561011954,0.0,-0.03244379645787111,0.002443796457871114,0.007556203542128886,15.112407084257772,-4.7429916119783505e-05,8.934576980587058e-05,9.067444250554663,0.025,0.0,-0.03,0.0,1.0,0.0,0.01
18,0.5999988382601255,47,0.0380248890298711,0.0,-0.03369157832640786,0.00369157832640786,0.00630842167359214,12.61684334718428,0.00010864072177699408,0.00011686701617542418,7.570106008310568,0.025,0.0,-0.03,0.0,1.0,0.0,0.01
18,0.5999988382601255,48,0.03921956278666366,0.0,-0.03333533835520833,0.0033353383552083282,0.006664661644791672,13.329323289583344,-0.0007308304986122791,0.00045157499795035066,7.997593973750006,0.025,0.0,-0.03,0.0,1.0,0.0,0.01
18,0.5999988382601255,49,0.040408141599294706,0.0,-0.03295913523724473,0.0029591352372447324,0.007040864762755268,14.081729525510536,-0.000903121731835055,0.0010653977570884451,8.449037715306321,0.025,0.0,-0.03,0.0,1.0,0.0,0.01
18,0.5999988382601255,50,0.04159094196517543,0.0,-0.03256495316436339,0.0025649531643633927,0.0074350468356366075,14.870093671273215,-0.0020676564664104382,0.0005348988394840715,8.92205620276393,0.025,0.0,-0.03,0.0,1.0,0.0,0.01
18,0.5999988382601255,51,0.04276832300939828,0.0,-0.032154804640191825,0.0021548046401918264,0.007845195359808174,15.690390719616348,-0.0019480836799440026,0.0017710511149080582,9.414234431769808,0.025,0.0,-0.03,0.0,1.0,0.0,0.01
18,0.5999988382601255,52,0.04394080697178253,0.0,-0.031730683176886446,0.0017306831768864467,0.008269316823113554,16.538633646227108,-0.003317156866255139,0.00025430477317477004,9.923180187736264,0.025,0.0,-0.03,0.0,1.0,0.0,0.01
18,0.5999988382601255,53,0.04510890422262965,0.0,-0.03129461650482268,0.001294616504822682,0.008705383495177318,17.410766990354634,-0.0031142535795951167,0.0021630213168295324,10.446460194212781,0.025,0.0,-0.03,0.0,1.0,0.0,0.01
18,0.5999988382601255,54,0.04627329943235084,0.0,-0.0308485954965636,0.0008485954965635999,0.0091514045034364,18.3028090068728,-0.00444177062755878,0.0003908238743561773,10.981685404123679,0.025,0.0,-0.03,0.0,1.0,0.0,0.01
18,0.5999988382601255,55,0.047434614691014745,0.0,-0.030394654441710783,0.00039465444171078376,0.009605345558289216,19.210691116578435,-0.004405779823777251,0.0022755143572208126,11.52641466994706,0.025,0.0,-0.03,0.0,1.0,0.0,0.01
18,0.5999988382601255,56,0.048593650863138674,0.0,-0.02993477698906293,6.522301093707036e-05,0.00993477698906293,19.86955397812586,0.005456913786638051,0.001307209532706374,11.921732386875517,0.025,0.0,-0.03,0.0,1.0,0.0,0.01
18,0.5999988382601255,57,0.049751099187961584,0.0,-0.029471000399650584,0.0005289996003494148,0.009471000399650585,18.94200079930117,0.00578531110821948,0.0022081861515180663,11.365200479580702,0.025,0.0,-0.03,0.0,1.0,0.0,0.01
18,0.5999988382601255,58,0.050907828607934455,0.0,-0.0290053015066369,0.000994698493363099,0.009005301506636901,18.0106030132738,0.0064095659146240205,0.0023640908876568414,10.806361807964281,0.025,0.0,-0.03,0.0,1.0,0.0,0.01
18,0.5999988382601255,59,0.052064555527613604,0.0,-0.028539720184753137,0.0014602798152468614,0.008539720184753139,17.079440369506276,0.007196563723611689,0.0020737953631915444,10.247664221703765,0.025,0.0,-0.03,0.0,1.0,0.0,0.01
18,0.5999988382601255,60,0.05322216721517904,0.0,-0.028076230057367157,0.001923769942632842,0.008076230057367158,16.152460114734318,0.007356192171551703,0.00343400282815137,9.69147606884059,0.025,0.0,-0.03,0.0,1.0,0.0,0.01
18,0.5999988382601255,61,0.05438136165326013,0.0,-0.027616874151293012,0.0023831258487069865,0.007616874151293014,15.233748302586028,0.00857815335530559,0.0019703803620574043,9.140248981551617,0.025,0.0,-0.03,0.0,1.0,0.0,0.01
18,0.5999988382601255,62,0.05554299319766238,0.0,-0.027163628033148157,0.0028363719668518424,0.007163628033148158,14.327256066296316,0.008386737080600178,0.0044222994292761235,8.596353639777789,0.025,0.0,-0.03,0.0,1.0,0.0,0.01
18,0.5999988382601255,63,0.05670769831252443,0.0,-0.02671853378250665,0.00328146621749335,0.00671853378250665,13.437067565013301,0.009523429194116466,0.0018418557713853524,8.06224053900798,0.025,0.0,-0.03,0.0,1.0,0.0,0.01
18,0.5999988382601255,64,0.05794552050449062,0.0,-0.026857711401558796,0.003142288598441203,0.006857711401558797,13.715422803117594,0.010189154891714299,0.00529055553598193,8.229253681870556,0.025,0.0,-0.03,0.0,1.0,0.0,0.01
18,0.5999988382601255,65,0.05918261959161322,0.0,-0.027002729147393545,0.002997270852606454,0.007002729147393546,14.005458294787092,0.010343048616445402,0.00097391054992435,8.403274976872254,0.025,0.0,-0.03,0.0,1.0,0.0,0.01
18,0.5999988382601255,66,0.06041908077681138,0.0,-0.027153560373116514,0.0028464396268834853,0.007153560373116515,14.30712074623303,0.011543252393274962,0.005727667994805125,8.584272447739817,0.025,0.0,-0.03,0.0,1.0,0.0,0.01
18,0.5999988382601255,67,0.061654766591249986,0.0,-0.027310141315701107,0.0026898586842988917,0.0073101413157011085,14.620282631402217,0.011495582967632624,0.000423875290062014,8.77216957884133,0.025,0.0,-0.03,0.0,1.0,0.0,0.01
18,0.5999988382601255,68,0.06288977982825453,0.0,-0.027472423555344253,0.0025275764446557464,0.007472423555344254,14.944847110688508,0.012820586869836928,0.005769237790072774,8.966908266413105,0.025,0.0,-0.03,0.0,1.0,0.0,0.01
18,0.5999988382601255,69,0.0641239795916231,0.0,-0.027640313268225886,0.0023596867317741133,0.007640313268225887,15.280626536451773,0.01269815233781171,0.00025637670201748386,9.168375921871064,0.025,0.0,-0.03,0.0,1.0,0.0,0.01
18,0.5999988382601255,70,0.06535747909167966,0.0,-0.027813736678018397,0.002186263321981602,0.007813736678018398,15.627473356036797,0.014044425593209843,0.005415125128871837,9.376484013622077,0.025,0.0,-0.03,0.0,1.0,0.0,0.01
18,0.5999988382601255,71,0.06659014152110283,0.0,-0.02799257191026269,0.00200742808973731,0.00799257191026269,15.98514382052538,0.013952551265949508,0.00043893417659563144,9.591086292315227,0.025,0.0,-0.03,0.0,1.0,0.0,0.01
18,0.5999988382601255,72,0.06782208662637111,0.0,-0.02817672022145985,0.0018232797785401496,0.00817672022145985,16.353440442919702,0.015213813547025517,0.004725618502400251,9.81206426575182,0.025,0.0,-0.03,0.0,1.0,0.0,0.01
18,0.5999988382601255,73,0.06905318491495187,0.0,-0.028366033214817968,0.001633966785182031,0.008366033214817969,16.73206642963594,0.015254792049956348,0.0008858803387518416,10.039239857781563,0.025,0.0,-0.03,0.0,1.0,0.0,0.01
18,0.5999988382601255,74,0.07028356258637904,0.0,-0.02856038831976813,0.0014396116802318677,0.008560388319768132,17.120776639536263,0.016338888340585875,0.003815497131117536,10.272465983721757,0.025,0.0,-0.03,0.0,1.0,0.0,0.01
18,0.5999988382601255,75,0.07151309728490896,0.0,-0.028759611966453238,0.0012403880335467611,0.008759611966453239,17.519223932906478,0.016587582090977836,0.0014525924615126236,10.511534359743886,0.025,0.0,-0.03,0.0,1.0,0.0,0.01
18,0.5999988382601255,76,0.07274192343285614,0.0,-0.028963559425666967,0.001036440574333032,0.008963559425666968,17.927118851333937,0.017444733767379875,0.002861756480502954,10.756271310800361,0.025,0.0,-0.03,0.0,1.0,0.0,0.01
18,0.5999988382601255,77,0.07396992480642675,0.0,-0.029172033425994948,0.0008279665740050512,0.009172033425994949,18.344066851989897,0.01791852390549659,0.0019370124290456299,11.006440111193937,0.025,0.0,-0.03,0.0,1.0,0.0,0.01
18,0.5999988382601255,78,0.07519724478930949,0.0,-0.02938486883273898,0.0006151311672610189,0.009384868832738981,18.76973766547796,0.018569515968486203,0.002081798443863979,11.261842599286776,0.025,0.0,-0.03,0.0,1.0,0.0,0.01
18,0.5999988382601255,79,0.07642377409765659,0.0,-0.02960184670365945,0.00039815329634054764,0.009601846703659453,19.203693407318905,0.019206946505415115,0.0021284688250399367,11.522216044391342,0.025,0.0,-0.03,0.0,1.0,0.0,0.01
18,0.5999988382601255,80,0.07765468515843015,0.0,-0.02981965002967957,0.00018034997032042796,0.009819650029679572,19.639300059359144,0.019753971477917465,0.0016575967521166675,11.783580035615486,0.025,0.0,-0.03,0.0,1.0,0.0,0.01
19,0.6333321070523547,37,0.03817709247926541,0.0,-0.02121823573035528,0.008781764269644717,0.001218235730355283,2.436471460710566,-0.0001956211720433104,1.3836253597782223e-06,1.4618828764263396,0.025,0.0,-0.03,0.0,1.0,0.0,0.01
19,0.6333321070523547,38,0.03814683617847646,0.0,-0.022465435422575664,0.007534564577424335,0.0024654354225756656,4.930870845151332,0.0001936350324191315,1.0315815540312452e-05,2.958522507090799,0.025,0.0,-0.03,0.0,1.0,0.0,0.01
19,0.6333321070523547,39,0.0381133422455822,0.0,-0.023712566731342984,0.006287433268657015,0.003712566731342985,7.42513346268597,-0.00010116847279650707,1.1442339132412894e-05,4.455080077611582,0.025,0.0,-0.03,0.0,1.0,0.0,0.01
19,0.6333321070523547,40,0.038079094334005886,0.0,-0.024959674304422502,0.005040325695577497,0.0049596743044225036,9.919348608845008,8.933020770822272e-05,2.122672190245816e-05,5.951609165307004,0.025,0.0,-0.03,0.0,1.0,0.0,0.01
19,0.6333321070523547,41,0.03804657680205997,0.0,-0.026206827367812276,0.003793172632187723,0.006206827367812277,12.413654735624554,-2.111435148363428e-06,2.7466577316285453e-05,7.448192841374732,0.025,0.0,-0.03,0.0,1.0,0.0,0.01
19,0.6333321070523547,42,0.038018272109212846,0.0,-0.0274540668106932,0.0025459331893067996,0.007454066810693201,14.908133621386401,7.313374009422563e-06,3.732450861531581e-05,8.94488017283184,0.025,0.0,-0.03,0.0,1.0,0.0,0.01
19,0.6333321070523547,43,0.037996657212254085,0.0,-0.02870142356521974,0.0012985764347802596,0.00870142356521974,17.402847130439483,5.028192906684058e-05,4.847293164503004e-05,10.44170827826369,0.025,0.0,-0.03,0.0,1.0,0.0,0.01
19,0.6333321070523547,44,0.03798414578499203,0.0,-0.029948876106033945,5.11238939660541e-05,0.009948876106033946,19.897752212067893,2.5462173706876287e-05,6.107223952565242e-05,11.938651327240736,0.025,0.0,-0.03,0.0,1.0,0.0,0.01
19,0.6333321070523547,45,0.03798318750964195,0.0,-0.03119635902179562,0.0011963590217956219,0.008803640978204378,17.607281956408755,2.7082185555088675e-05,7.424155074924369e-05,10.564369173845252,0.025,0.0,-0.03,0.0,1.0,0.0,0.01
19,0.6333321070523547,46,0.03799630340819607,0.0,-0.03244373073088457,0.002443730730884573,0.007556269269115427,15.112538538230854,-0.0001003143535082514,0.00011773162162679309,9.067523122938512,0.025,0.0,-0.03,0.0,1.0,0.0,0.01
19,0.6333321070523547,47,0.03802812857660588,0.0,-0.03369152411291835,0.00369152411291835,0.00630847588708165,12.6169517741633,0.00011239303362315274,0.00015948283954379146,7.5701710644979805,0.025,0.0,-0.03,0.0,1.0,0.0,0.01
19,0.6333321070523547,48,0.03921687536109107,0.0,-0.033315916218691385,0.0033159162186913865,0.006684083781308614,13.368167562617227,-0.0008304122226518929,0.0006412475227710648,8.020900537570336,0.025,0.0,-0.03,0.0,1.0,0.0,0.01
19,0.6333321070523547,49,0.040399159192703496,0.0,-0.032920276101670275,0.002920276101670276,0.007079723898329724,14.15944779665945,-0.0008064569329886378,0.0013802858602293795,8.495668677995669,0.025,0.0,-0.03,0.0,1.0,0.0,0.01
19,0.6333321070523547,50,0.04157530368614631,0.0,-0.03250661183279275,0.0025066118327927503,0.00749338816720725,14.9867763344145,-0.0022854481623541013,0.0010315466601569245,8.9920658006487,0.025,0.0,-0.03,0.0,1.0,0.0,0.01
19,0.6333321070523547,51,0.04274574002418815,0.0,-0.03207693677085116,0.002076936770851162,0.007923063229148838,15.846126458297675,-0.0016800280091106077,0.002521157803554169,9.507675874978604,0.025,0.0,-0.03,0.0,1.0,0.0,0.01
19,0.6333321070523547,52,0.04391098215334622,0.0,-0.03163327078867591,0.0016332707886759085,0.008366729211324092,16.733458422648184,-0.003731095025556224,0.0012357916518822482,10.04007505358891,0.025,0.0,-0.03,0.0,1.0,0.0,0.01
19,0.6333321070523547,53,0.04507163013172111,0.0,-0.031177632865802114,0.0011776328658021154,0.008822367134197885,17.64473426839577,-0.0026023948249179725,0.0035067901291483965,10.58684056103746,0.025,0.0,-0.03,0.0,1.0,0.0,0.01
19,0.6333321070523547,54,0.04622835163504125,0.0,-0.03071204190546406,0.0007120419054640614,0.009287958094535939,18.575916189071876,-0.0051032459058455906,0.001183250981514837,11.145549713443126,0.025,0.0,-0.03,0.0,1.0,0.0,0.01
19,0.6333321070523547,55,0.04738186735563524,0.0,-0.030238517140083892,0.000238517140083893,0.009761482859916107,19.522965719832214,-0.0036287761320900657,0.00424893447644136,11.713779431899328,0.025,0.0,-0.03,0.0,1.0,0.0,0.01
19,0.6333321070523547,56,0.04853295925796858,0.0,-0.029759069916721226,0.00024093008327877308,0.009759069916721227,19.518139833442454,0.0063482783656934735,0.0008121099094984301,11.710883900065472,0.025,0.0,-0.03,0.0,1.0,0.0,0.01
19,0.6333321070523547,57,0.04968241820337493,0.0,-0.029275720046788817,0.0007242799532111814,0.009275720046788819,18.55144009357764,0.004800043957304269,0.004681643326509738,11.130864056146583,0.025,0.0,-0.03,0.0,1.0,0.0,0.01
19,0.6333321070523547,58,0.05083109789661039,0.0,-0.02879046989625774,0.0012095301037422582,0.008790469896257742,17.580939792515483,0.007437798530541185,9.915307888328335e-05,10.54856387550929,0.025,0.0,-0.03,0.0,1.0,0.0,0.01
19,0.6333321070523547,59,0.051979809193689226,0.0,-0.02830534316646194,0.0016946568335380573,0.008305343166461943,16.610686332923887,0.006122905386237491,0.004793002297455237,9.966411799754331,0.025,0.0,-0.03,0.0,1.0,0.0,0.01
19,0.6333321070523547,60,0.053129431737129924,0.0,-0.027822335641006047,0.002177664358993952,0.007822335641006048,15.644671282012096,0.008386065860416965,0.0009109316092820012,9.386802769207257,0.025,0.0,-0.03,0.0,1.0,0.0,0.01
19,0.6333321070523547,61,0.05428074811515223,0.0,-0.0273434785223827,0.0026565214776172984,0.007343478522382702,14.686957044765403,0.007558240579306625,0.004647138947075623,8.812174226859241,0.025,0.0,-0.03,0.0,1.0,0.0,0.01
19,0.6333321070523547,62,0.05543461547743416,0.0,-0.026870765555593736,0.0031292344444062634,0.006870765555593737,13.741531111187474,0.00924002972925135,0.0020927049736512247,8.244918666712485,0.025,0.0,-0.03,0.0,1.0,0.0,0.01
19,0.6333321070523547,63,0.05659174130062831,0.0,-0.026406234376760318,0.003593765623239681,0.006406234376760319,12.812468753520639,0.009180021975840188,0.004433364365884735,7.6874812521123825,0.025,0.0,-0.03,0.0,1.0,0.0,0.01
19,0.6333321070523547,64,0.05783169625790669,0.0,-0.02652486821516089,0.0034751317848391097,0.0065248682151608905,13.049736430321781,0.009931271840218567,0.002830495542191353,7.829841858193069,0.025,0.0,-0.03,0.0,1.0,0.0,0.01
19,0.6333321070523547,65,0.05907103243386082,0.0,-0.026649354013727502,0.003350645986272497,0.006649354013727503,13.298708027455007,0.010632835055807128,0.003875873424474438,7.979224816473003,0.025,0.0,-0.03,0.0,1.0,0.0,0.01
19,0.6333321070523547,66,0.06030982259759704,0.0,-0.02677966343693769,0.0032203365630623093,0.006779663436937691,13.559326873875381,0.011172344068546097,0.003040149763776318,8.135596124325229,0.025,0.0,-0.03,0.0,1.0,0.0,0.01
19,0.6333321070523547,67,0.061547934244315955,0.0,-0.026915735476659316,0.003084264523340683,0.006915735476659317,13.831470953318634,0.011845811114968262,0.003509561539853012,8.29888257199118,0.025,0.0,-0.03,0.0,1.0,0.0,0.01
19,0.6333321070523547,68,0.06278546939597046,0.0,-0.027057520008724,0.002942479991276,0.007057520008724,14.115040017448,0.01241583154795545,0.0030278160016044475,8.4690240104688,0.025,0.0,-0.03,0.0,1.0,0.0,0.01
19,0.6333321070523547,69,0.06402227976149329,0.0,-0.02720492480395622,0.0027950751960437795,0.007204924803956221,14.409849607912442,0.013076921140727553,0.0033396134240313144,8.645909764747465,0.025,0.0,-0.03,0.0,1.0,0.0,0.01
19,0.6333321070523547,70,0.06525848832896279,0.0,-0.027357875494185616,0.0026421245058143826,0.007357875494185618,14.715750988371235,0.01363777195658166,0.002823409871518285,8.829450593022742,0.025,0.0,-0.03,0.0,1.0,0.0,0.01
19,0.6333321070523547,71,0.06649394119487655,0.0,-0.027516250558099576,0.002483749441900423,0.007516250558099577,15.032501116199155,0.014323609742661399,0.003294975923370724,9.019500669719493,0.025,0.0,-0.03,0.0,1.0,0.0,0.01
19,0.6333321070523547,72,0.06772877421975727,0.0,-0.0276799514900164,0.0023200485099835987,0.0076799514900164016,15.359902980032803,0.014846418645769945,0.0025244753120087144,9.215941788019682,0.025,0.0,-0.03,0.0,1.0,0.0,0.01
19,0.6333321070523547,73,0.0689628366681815,0.0,-0.027848829527272537,0.002151170472727462,0.007848829527272538,15.697659054545076,0.015574947621709386,0.0032722333093277195,9.418595432727045,0.025,0.0,-0.03,0.0,1.0,0.0,0.01
19,0.6333321070523547,74,0.07019627088468403,0.0,-0.02802276241863127,0.001977237581368727,0.008022762418631273,16.045524837262548,0.016053098200874076,0.0022254327319924496,9.627314902357528,0.025,0.0,-0.03,0.0,1.0,0.0,0.01
19,0.6333321070523547,75,0.07142893558759682,0.0,-0.028201576356009343,0.0017984236439906563,0.008201576356009344,16.403152712018688,0.016820988659957074,0.0031992465585553727,9.841891627211213,0.025,0.0,-0.03,0.0,1.0,0.0,0.01
19,0.6333321070523547,76,0.07266097558572533,0.0,-0.028385126152064576,0.0016148738479354226,0.008385126152064578,16.770252304129155,0.01726515423626467,0.001973287681752593,10.062151382477493,0.025,0.0,-0.03,0.0,1.0,0.0,0.01
19,0.6333321070523547,77,0.07389226256807237,0.0,-0.02857321514689823,0.0014267848531017702,0.00857321514689823,17.14643029379646,0.018057487972539723,0.003055827252634653,10.287858176277876,0.025,0.0,-0.03,0.0,1.0,0.0,0.01
19,0.6333321070523547,78,0.07512294193816092,0.0,-0.028765676482350316,0.0012343235176496825,0.008765676482350318,17.531352964700634,0.018484135078067107,0.0017685715806782844,10.51881177882038,0.025,0.0,-0.03,0.0,1.0,0.0,0.01
19,0.6333321070523547,79,0.07635289966911422,0.0,-0.028962292836723226,0.0010377071632767729,0.008962292836723227,17.924585673446455,0.019284434928199413,0.0028569916596974036,10.754751404067873,0.025,0.0,-0.03,0.0,1.0,0.0,0.01
19,0.6333321070523547,80,0.07758725095052242,0.0,-0.029159663340083686,0.0008403366599163131,0.009159663340083687,18.319326680167375,0.019711254763736228,0.0015848056894831467,10.991596008100425,0.025,0.0,-0.03,0.0,1.0,0.0,0.01
20,0.6666653758445839,37,0.038177176560663634,0.0,-0.021216885629706816,0.008783114370293183,0.001216885629706817,2.4337712594136343,-2.6141271984086013e-05,4.35823774365295e-07,1.4602627556481804,0.025,0.0,-0.03,0.0,1.0,0.0,0.01
20,0.6666653758445839,38,0.03814707903358342,0.0,-0.022464089948300174,0.007535910051699825,0.0024640899483001754,4.9281798966003505,0.0001376129031998717,7.736819639190065e-06,2.95690793796021,0.025,0.0,-0.03,0.0,1.0,0.0,0.01
20,0.6666653758445839,39,0.03811377803777988,0.0,-0.023711225480204885,0.006288774519795114,0.0037112254802048866,7.4224509604097735,-9.518157985723607e-06,1.150299022527426e-05,4.453470576245864,0.025,0.0,-0.03,0.0,1.0,0.0,0.01
20,0.6666653758445839,40,0.0380797619522308,0.0,-0.024958340697663704,0.005041659302336295,0.004958340697663705,9.91668139532741,0.0001173649702243338,2.0694189194337994e-05,5.950008837196446,0.025,0.0,-0.03,0.0,1.0,0.0,0.01
20,0.6666653758445839,41,0.03804751993592748,0.0,-0.026205499097478564,0.0037945009025214353,0.006205499097478565,12.41099819495713,1.1930419535231185e-05,2.8003662580748222e-05,7.446598916974278,0.025,0.0,-0.03,0.0,1.0,0.0,0.01
20,0.6666653758445839,42,0.0380195390486451,0.0,-0.027452747339960486,0.0025472526600395125,0.007452747339960488,14.905494679920976,9.382027522833248e-05,3.860099647258881e-05,8.943296807952585,0.025,0.0,-0.03,0.0,1.0,0.0,0.01
20,0.6666653758445839,43,0.037998300912294274,0.0,-0.02870010810069898,0.00129989189930102,0.00870010810069898,17.40021620139796,3.542306609884947e-05,5.0356939053844406e-05,10.440129720838776,0.025,0.0,-0.03,0.0,1.0,0.0,0.01
20,0.6666653758445839,44,0.03798622957729689,0.0,-0.029947565816119685,5.243418388031426e-05,0.009947565816119686,19.895131632239373,0.00010612924287576407,6.297710037503834e-05,11.937078979343623,0.025,0.0,-0.03,0.0,1.0,0.0,0.01
20,0.6666653758445839,45,0.03798578410350562,0.0,-0.03119504504911817,0.00119504504911817,0.00880495495088183,17.60990990176366,1.8883999325521126e-06,7.951652928739278e-05,10.565945941058196,0.025,0.0,-0.03,0.0,1.0,0.0,0.01
20,0.6666653758445839,46,0.037999479844343625,0.0,-0.032442409916135326,0.002442409916135327,0.007557590083864673,15.115180167729347,-0.00010400379222781409,0.00010115952736203127,9.069108100637608,0.025,0.0,-0.03,0.0,1.0,0.0,0.01
20,0.6666653758445839,47,0.03803202149097511,0.0,-0.03369021315422472,0.003690213154224721,0.006309786845775279,12.619573691550558,-2.775535074856025e-05,8.924519835914033e-05,7.571744214930335,0.025,0.0,-0.03,0.0,1.0,0.0,0.01
20,0.6666653758445839,48,0.039214535910414,0.0,-0.03329535713552834,0.0032953571355283443,0.006704642864471656,13.409285728943312,-0.0006624668637091268,6.538301597513033e-07,8.045571437365986,0.025,0.0,-0.03,0.0,1.0,0.0,0.01
20,0.6666653758445839,49,0.04039021305753418,0.0,-0.03288040820060735,0.002880408200607351,0.007119591799392649,14.239183598785297,-0.0011692213083584154,0.00038788921343217795,8.543510159271179,0.025,0.0,-0.03,0.0,1.0,0.0,0.01
20,0.6666653758445839,50,0.041559392134682106,0.0,-0.03244739575269543,0.002447395752695432,0.007552604247304568,15.105208494609137,-0.0018466415340268045,0.00033169105730702464,9.063125096765482,0.025,0.0,-0.03,0.0,1.0,0.0,0.01
20,0.6666653758445839,51,0.04272256594562402,0.0,-0.03199833584197925,0.001998335841979254,0.008001664158020746,16.003328316041493,-0.002289638389097682,0.0009160517969636818,9.601996989624896,0.025,0.0,-0.03,0.0,1.0,0.0,0.01
20,0.6666653758445839,52,0.043880253378019755,0.0,-0.0315352708308056,0.0015352708308056032,0.008464729169194397,16.929458338388795,-0.0030492023340032977,0.0006805863543855122,10.157675003033276,0.025,0.0,-0.03,0.0,1.0,0.0,0.01
20,0.6666653758445839,53,0.045033130777536776,0.0,-0.031060213498714427,0.0010602134987144282,0.008939786501285572,17.879573002571146,-0.0033963527718044494,0.0015056596130752114,10.727743801542687,0.025,0.0,-0.03,0.0,1.0,0.0,0.01
20,0.6666653758445839,54,0.04618186281019784,0.0,-0.030575206633493203,0.0005752066334932041,0.009424793366506796,18.84958673301359,-0.0042708467236031765,0.0010235383740248452,11.309752039808155,0.025,0.0,-0.03,0.0,1.0,0.0,0.01
20,0.6666653758445839,55,0.04732725655889381,0.0,-0.030082256384375637,8.225638437563826e-05,0.009917743615624362,19.835487231248724,-0.004484710101292038,0.002156719521380574,11.901292338749235,0.025,0.0,-0.03,0.0,1.0,0.0,0.01
20,0.6666653758445839,56,0.04847008591131247,0.0,-0.02958339878740693,0.00041660121259306723,0.009583398787406933,19.166797574813867,0.005510455673193203,0.0013471763449406009,11.50007854488832,0.025,0.0,-0.03,0.0,1.0,0.0,0.01
20,0.6666653758445839,57,0.049611233776229946,0.0,-0.029080636345060994,0.0009193636549390052,0.009080636345060995,18.16127269012199,0.0055571598335980524,0.002856121022268687,10.896763614073194,0.025,0.0,-0.03,0.0,1.0,0.0,0.01
20,0.6666653758445839,58,0.05075154357804271,0.0,-0.028575996172978207,0.0014240038270217914,0.008575996172978209,17.15199234595642,0.006759075519638255,0.0016529643683659521,10.29119540757385,0.025,0.0,-0.03,0.0,1.0,0.0,0.01
20,0.6666653758445839,59,0.05189191962370907,0.0,-0.028071483388159714,0.001928516611840285,0.008071483388159715,16.14296677631943,0.006625297690898117,0.0035749017344568475,9.685780065791658,0.025,0.0,-0.03,0.0,1.0,0.0,0.01
20,0.6666653758445839,60,0.05303323194965486,0.0,-0.02756911779424417,0.002430882205755828,0.007569117794244172,15.138235588488344,0.008000282293651139,0.0019560802607626365,9.082941353093005,0.025,0.0,-0.03,0.0,1.0,0.0,0.01
20,0.6666653758445839,61,0.0541763537158002,0.0,-0.027070913803733717,0.002929086196266282,0.007070913803733718,14.141827607467437,0.007708144554839227,0.004275184719470595,8.485096564480463,0.025,0.0,-0.03,0.0,1.0,0.0,0.01
20,0.6666653758445839,62,0.0553221361514094,0.0,-0.026578887525949488,0.003421112474050511,0.006578887525949489,13.157775051898978,0.009187190493930547,0.002263570322568173,7.894665031139387,0.025,0.0,-0.03,0.0,1.0,0.0,0.01
20,0.6666653758445839,63,0.05647137040658574,0.0,-0.02609506588733434,0.0039049341126656603,0.00609506588733434,12.19013177466868,0.009127233232099586,0.005048164470331194,7.3140790648012075,0.025,0.0,-0.03,0.0,1.0,0.0,0.01
20,0.6666653758445839,64,0.05771311334668408,0.0,-0.02619310612267343,0.0038068938773265677,0.0061931061226734325,12.386212245346865,0.00982400344358758,0.001985903094983873,7.431727347208119,0.025,0.0,-0.03,0.0,1.0,0.0,0.01
20,0.6666653758445839,65,0.05895435384389519,0.0,-0.026297008347071927,0.003702991652928072,0.006297008347071928,12.594016694143857,0.01071019441820999,0.005497028570444771,7.556410016486314,0.025,0.0,-0.03,0.0,1.0,0.0,0.01
20,0.6666653758445839,66,0.060195126414069634,0.0,-0.02640674142266291,0.00359325857733709,0.00640674142266291,12.81348284532582,0.010971435874405066,0.0013753561908795165,7.688089707195492,0.025,0.0,-0.03,0.0,1.0,0.0,0.01
20,0.6666653758445839,67,0.061435333719047844,0.0,-0.026522249538345248,0.003477750461654751,0.006522249538345249,13.0444990766905,0.012006850663234906,0.005823049483319107,7.826699446014299,0.025,0.0,-0.03,0.0,1.0,0.0,0.01
20,0.6666653758445839,68,0.06267504333879842,0.0,-0.026643477777597936,0.0033565222224020627,0.0066434777775979375,13.286955555195876,0.01214888847577765,0.0008857070179263167,7.972173333117525,0.025,0.0,-0.03,0.0,1.0,0.0,0.01
20,0.6666653758445839,69,0.06391413566320142,0.0,-0.026770339268230456,0.003229660731769543,0.006770339268230457,13.540678536460915,0.01329453555664661,0.006010104867569533,8.124407121876548,0.025,0.0,-0.03,0.0,1.0,0.0,0.01
20,0.6666653758445839,70,0.0651527062110087,0.0,-0.026902754935093982,0.0030972450649060165,0.006902754935093984,13.805509870187967,0.013331656799579187,0.0004999330575267514,8.28330592211278,0.025,0.0,-0.03,0.0,1.0,0.0,0.01
20,0.6666653758445839,71,0.06639062107189832,0.0,-0.02704060810999164,0.0029593918900083574,0.007040608109991643,14.081216219983286,0.014574655956213498,0.006087050253072263,8.448729731989971,0.025,0.0,-0.03,0.0,1.0,0.0,0.01
20,0.6666653758445839,72,0.06762799664355205,0.0,-0.02718379606158724,0.0028162039384127605,0.00718379606158724,14.367592123174479,0.014519300742294614,0.0001858228241756885,8.620555273904687,0.025,0.0,-0.03,0.0,1.0,0.0,0.01
20,0.6666653758445839,73,0.06886469371236734,0.0,-0.02733217410407275,0.0026678258959272477,0.0073321741040727525,14.664348208145505,0.015847824905464377,0.006085244171122146,8.798608924887303,0.025,0.0,-0.03,0.0,1.0,0.0,0.01
20,0.6666653758445839,74,0.0701008419052217,0.0,-0.027485616346010426,0.002514383653989573,0.007485616346010427,14.971232692020855,0.01571138544768661,8.02665909099408e-05,8.982739615212513,0.025,0.0,-0.03,0.0,1.0,0.0,0.01
20,0.6666653758445839,75,0.07133630513408916,0.0,-0.02764395229609279,0.0023560477039072103,0.00764395229609279,15.28790459218558,0.017113581541466832,0.0060187715859264515,9.172742755311347,0.025,0.0,-0.03,0.0,1.0,0.0,0.01
20,0.6666653758445839,76,0.07257121963217092,0.0,-0.02780703356891105,0.0021929664310889503,0.00780703356891105,15.614067137822099,0.016909626892350735,0.0002988711148579335,9.368440282693259,0.025,0.0,-0.03,0.0,1.0,0.0,0.01
20,0.6666653758445839,77,0.07380545875023334,0.0,-0.027974666265022007,0.0020253337349779924,0.007974666265022008,15.949332530044016,0.018368733898543144,0.005877479972660809,9.56959951802641,0.025,0.0,-0.03,0.0,1.0,0.0,0.01
20,0.6666653758445839,78,0.07503916092151845,0.0,-0.028146680533133146,0.0018533194668668533,0.008146680533133147,16.293361066266293,0.018118906413551857,0.00044946329461485106,9.776016639759776,0.025,0.0,-0.03,0.0,1.0,0.0,0.01
20,0.6666653758445839,79,0.07627221236920188,0.0,-0.0283228614683192,0.0016771385316807982,0.008322861468319202,16.645722936638403,0.019604360698980184,0.005638208833381461,9.987433761983041,0.025,0.0,-0.03,0.0,1.0,0.0,0.01
20,0.6666653758445839,80,0.0775096677381981,0.0,-0.028499723325615192,0.0015002766743848067,0.008499723325615193,16.999446651230386,0.01935085917263925,0.0005504625465151882,10.19966799073823,0.025,0.0,-0.03,0.0,1.0,0.0,0.01
21,0.699998644636813,37,0.038177193447626996,0.0,-0.021214306178319375,0.008785693821680624,0.0012143061783193767,2.4286123566387534,0.00017091003291707187,4.5811245583390555e-10,1.457167413983252,0.025,0.0,-0.03,0.0,1.0,0.0,0.01
21,0.699998644636813,38,0.03814727267536827,0.0,-0.022461515533609363,0.007538484466390636,0.0024615155336093642,4.923031067218728,4.168666333363929e-05,4.678469653599146e-06,2.953818640331237,0.025,0.0,-0.03,0.0,1.0,0.0,0.01
21,0.699998644636813,39,0.03811418331136336,0.0,-0.02370865642161493,0.00629134357838507,0.00370865642161493,7.41731284322986,0.00012016495792929963,1.1902662571326347e-05,4.450387705937916,0.025,0.0,-0.03,0.0,1.0,0.0,0.01
21,0.699998644636813,40,0.03808041866463035,0.0,-0.024955778107420237,0.005044221892579762,0.004955778107420239,9.911556214840477,9.297186197342372e-05,1.9646993875364218e-05,5.946933728904286,0.025,0.0,-0.03,0.0,1.0,0.0,0.01
21,0.699998644636813,41,0.038048472772058486,0.0,-0.02620294461264618,0.0037970553873538197,0.0062029446126461805,12.405889225292361,7.70196964715373e-05,2.844025022105844e-05,7.443533535175416,0.025,0.0,-0.03,0.0,1.0,0.0,0.01
21,0.699998644636813,42,0.03802083755261579,0.0,-0.027450198923340247,0.0025498010766597523,0.007450198923340248,14.900397846680496,0.00011680202107863397,3.9580446830541226e-05,8.940238708008298,0.025,0.0,-0.03,0.0,1.0,0.0,0.01
21,0.699998644636813,43,0.0379999993586676,0.0,-0.028697567375029775,0.001302432624970224,0.008697567375029776,17.39513475005955,7.796385041348681e-05,5.187960828919487e-05,10.43708085003573,0.025,0.0,-0.03,0.0,1.0,0.0,0.01
21,0.699998644636813,44,0.037988392993099515,0.0,-0.02994502659157392,5.497340842607751e-05,0.009945026591573923,19.890053183147845,0.00011756815365187104,6.53293020575267e-05,11.934031909888708,0.025,0.0,-0.03,0.0,1.0,0.0,0.01
21,0.699998644636813,45,0.03798848714553739,0.0,-0.031192505604348497,0.0011925056043484983,0.008807494395651502,17.614988791303002,-6.385405892598492e-05,8.405064770490535e-05,10.568993274781802,0.025,0.0,-0.03,0.0,1.0,0.0,0.01
21,0.699998644636813,46,0.03800279136914623,0.0,-0.032439859650852595,0.0024398596508525966,0.007560140349147404,15.120280698294808,-7.104261644471936e-05,8.268039815937553e-05,9.072168418976885,0.025,0.0,-0.03,0.0,1.0,0.0,0.01
21,0.699998644636813,47,0.03803607682051255,0.0,-0.03368767422633169,0.0036876742263316914,0.006312325773668309,12.624651547336617,-0.00018191039602216287,0.00031634057288717197,7.57479092840197,0.025,0.0,-0.03,0.0,1.0,0.0,0.01
21,0.699998644636813,48,0.03921207290636306,0.0,-0.0332737265278916,0.003273726527891603,0.006726273472108397,13.452546944216794,-0.00048505191810359815,0.0005708502399509962,8.071528166530076,0.025,0.0,-0.03,0.0,1.0,0.0,0.01
21,0.699998644636813,49,0.04038083884638899,0.0,-0.03283963923726346,0.002839639237263464,0.007160360762736536,14.320721525473072,-0.0015187422474963077,0.00047857230129506607,8.592432915283842,0.025,0.0,-0.03,0.0,1.0,0.0,0.01
21,0.699998644636813,50,0.04154277084673288,0.0,-0.03238744702604808,0.0023874470260480812,0.007612552973951919,15.225105947903838,-0.001422368916223096,0.0015057264051236729,9.135063568742302,0.025,0.0,-0.03,0.0,1.0,0.0,0.01
21,0.699998644636813,51,0.04269836675726044,0.0,-0.03191918873456885,0.0019191887345688524,0.008080811265431148,16.161622530862296,-0.002850315685619853,0.0004354886520839815,9.696973518517376,0.025,0.0,-0.03,0.0,1.0,0.0,0.01
21,0.699998644636813,52,0.04384822096287374,0.0,-0.03143690195632752,0.0014369019563275215,0.008563098043672479,17.126196087344958,-0.0024189769105033387,0.0022755106696047485,10.275717652406975,0.025,0.0,-0.03,0.0,1.0,0.0,0.01
21,0.699998644636813,53,0.044993005536203015,0.0,-0.03094262390541613,0.000942623905416131,0.00905737609458387,18.11475218916774,-0.004097384533153582,0.00012123780864030972,10.868851313500643,0.025,0.0,-0.03,0.0,1.0,0.0,0.01
21,0.699998644636813,54,0.046133471057802355,0.0,-0.030438384978805612,0.00043838497880561295,0.009561615021194387,19.123230042388773,-0.0035253039803267504,0.002810344282137142,11.473938025433263,0.025,0.0,-0.03,0.0,1.0,0.0,0.01
21,0.699998644636813,55,0.04727041749065631,0.0,-0.029926215641520596,7.378435847940276e-05,0.009926215641520597,19.852431283041195,0.005219423092368958,0.0004939817106387542,11.911458769824717,0.025,0.0,-0.03,0.0,1.0,0.0,0.01
21,0.699998644636813,56,0.04840470704920898,0.0,-0.029408135763963006,0.000591864236036993,0.009408135763963007,18.816271527926013,0.004764322337188514,0.0030848427438736814,11.289762916755608,0.025,0.0,-0.03,0.0,1.0,0.0,0.01
21,0.699998644636813,57,0.04953721861284846,0.0,-0.02888617009175443,0.0011138299082455692,0.008886170091754431,17.772340183508863,0.006207805474728842,0.001392267602651669,10.663404110105317,0.025,0.0,-0.03,0.0,1.0,0.0,0.01
21,0.699998644636813,58,0.05066887968958655,0.0,-0.02836232968614541,0.001637670313854589,0.008362329686145411,16.724659372290823,0.006125908995145131,0.003120227223564853,10.034795623374494,0.025,0.0,-0.03,0.0,1.0,0.0,0.01
21,0.699998644636813,59,0.051800598035706295,0.0,-0.027838638424349506,0.002161361575650493,0.007838638424349507,15.677276848699014,0.007087894461038836,0.0025115705531413065,9.406366109219409,0.025,0.0,-0.03,0.0,1.0,0.0,0.01
21,0.699998644636813,60,0.0529333186866125,0.0,-0.027317103467852225,0.0026828965321477743,0.007317103467852226,14.634206935704452,0.007569232790755407,0.0029761762514862572,8.78052416142267,0.025,0.0,-0.03,0.0,1.0,0.0,0.01
21,0.699998644636813,61,0.054067928500198266,0.0,-0.02679975389002446,0.0032002461099755394,0.006799753890024461,13.599507780048922,0.00791332537800048,0.0037599884432882747,8.159704668029352,0.025,0.0,-0.03,0.0,1.0,0.0,0.01
21,0.699998644636813,62,0.05520534118510452,0.0,-0.026288599122115078,0.003711400877884921,0.006288599122115079,12.577198244230159,0.009002437753687873,0.0027191998452482068,7.546318946538095,0.025,0.0,-0.03,0.0,1.0,0.0,0.01
21,0.699998644636813,63,0.05634637353630743,0.0,-0.0257856767309753,0.004214323269024697,0.005785676730975303,11.571353461950606,0.00909191607588896,0.005185155396045523,6.942812077170363,0.025,0.0,-0.03,0.0,1.0,0.0,0.01
21,0.699998644636813,64,0.05758957094063242,0.0,-0.025863115285175344,0.004136884714824655,0.0058631152851753455,11.72623057035069,0.009757343676032457,0.0017828238873094494,7.035738342210414,0.025,0.0,-0.03,0.0,1.0,0.0,0.01
21,0.699998644636813,65,0.05883236506494785,0.0,-0.02594642390249479,0.0040535760975052085,0.005946423902494792,11.892847804989584,0.01066137285563082,0.006325136864951727,7.135708682993751,0.025,0.0,-0.03,0.0,1.0,0.0,0.01
21,0.699998644636813,66,0.060074782073313335,0.0,-0.02603556996656156,0.0039644300334384375,0.006035569966561563,12.071139933123126,0.010868512428417887,0.0005651370208558313,7.242683959873875,0.025,0.0,-0.03,0.0,1.0,0.0,0.01
21,0.699998644636813,67,0.06131673966281964,0.0,-0.02613050049670124,0.0038694995032987588,0.006130500496701241,12.261000993402483,0.012000494276796303,0.007245248358377422,7.356600596041489,0.025,0.0,-0.03,0.0,1.0,0.0,0.01
21,0.699998644636813,68,0.0625582803837954,0.0,-0.02623115758449898,0.0037688424155010204,0.00623115758449898,12.462315168997959,0.012001198781486913,0.00041018824288114686,7.477389101398775,0.025,0.0,-0.03,0.0,1.0,0.0,0.01
21,0.699998644636813,69,0.06379931527922578,0.0,-0.02633745897381473,0.0036625410261852676,0.006337458973814733,12.674917947629465,0.013331190062767588,0.007883622805735045,7.6049507685776785,0.025,0.0,-0.03,0.0,1.0,0.0,0.01
21,0.699998644636813,70,0.06503989898320552,0.0,-0.02644932060664804,0.0035506793933519597,0.0064493206066480405,12.89864121329608,0.013143088005769639,0.001126132661535809,7.739184727977648,0.025,0.0,-0.03,0.0,1.0,0.0,0.01
21,0.699998644636813,71,0.06627994192533695,0.0,-0.026566632220813173,0.003433367779186826,0.006566632220813174,13.133264441626348,0.0146478928547466,0.008252013526300603,7.879958664975809,0.025,0.0,-0.03,0.0,1.0,0.0,0.01
21,0.699998644636813,72,0.06751950689009209,0.0,-0.026689284259612634,0.003310715740387365,0.006689284259612635,13.37856851922527,0.014298960101963685,0.0016134840542992935,8.027141111535162,0.025,0.0,-0.03,0.0,1.0,0.0,0.01
21,0.699998644636813,73,0.06875850855906561,0.0,-0.026817139905389153,0.003182860094610846,0.006817139905389154,13.634279810778308,0.01594743915832541,0.008393780578370107,8.180567886466985,0.025,0.0,-0.03,0.0,1.0,0.0,0.01
21,0.699998644636813,74,0.06999701515737206,0.0,-0.02695006503960407,0.00304993496039593,0.00695006503960407,13.90013007920814,0.015470559291000281,0.0019189789040293418,8.340078047524884,0.025,0.0,-0.03,0.0,1.0,0.0,0.01
21,0.699998644636813,75,0.07123494876716159,0.0,-0.027087897941751267,0.002912102058248732,0.007087897941751268,14.175795883502536,0.017228785994508652,0.00835491749602091,8.50547753010152,0.025,0.0,-0.03,0.0,1.0,0.0,0.01
21,0.699998644636813,76,0.07247238170002615,0.0,-0.02723048119028103,0.0027695188097189676,0.007230481190281033,14.460962380562066,0.016658584751919246,0.002081558857180409,8.67657742833724,0.025,0.0,-0.03,0.0,1.0,0.0,0.01
21,0.699998644636813,77,0.07370924502827987,0.0,-0.027377629960596287,0.002622370039403712,0.007377629960596288,14.755259921192577,0.01849107062827485,0.008167577935948533,8.853155952715547,0.025,0.0,-0.03,0.0,1.0,0.0,0.01
21,0.699998644636813,78,0.07494561466977372,0.0,-0.02752916508472227,0.0024708349152777302,0.00752916508472227,15.05833016944454,0.017864724109024566,0.00212388908422977,9.034998101666723,0.025,0.0,-0.03,0.0,1.0,0.0,0.01
21,0.699998644636813,79,0.07618143133585953,0.0,-0.027684880596363887,0.0023151194036361115,0.007684880596363889,15.369761192727777,0.019727144217388515,0.007849412342875778,9.221856715636665,0.025,0.0,-0.03,0.0,1.0,0.0,0.01
21,0.699998644636813,80,0.0774216353220832,0.0,-0.027841198896406155,0.0021588011035938437,0.007841198896406157,15.682397792812313,0.01910025675901057,0.0021260904620270934,9.409438675687388,0.025,0.0,-0.03,0.0,1.0,0.0,0.01
22,0.7333319134290422,37,0.0381771187102083,0.0,-0.021208740815695876,0.008791259184304123,0.001208740815695877,2.417481631391754,0.0002036211349758074,2.1143449158862522e-05,1.4504889788350523,0.025,0.0,-0.03,0.0,1.0,0.0,0.01
22,0.7333319134290422,38,0.038147426094896665,0.0,-0.022455955067931407,0.007544044932068592,0.002455955067931408,4.911910135862816,0.00024977560476412375,3.419214602887497e-05,2.9471460815176895,0.025,0.0,-0.03,0.0,1.0,0.0,0.01
22,0.7333319134290422,39,0.03811460040438457,0.0,-0.023703103160726404,0.006296896839273595,0.0037031031607264054,7.406206321452811,0.00022756797533136667,4.6979180521785344e-05,4.443723792871687,0.025,0.0,-0.03,0.0,1.0,0.0,0.01
22,0.7333319134290422,40,0.03808114013490124,0.0,-0.024950231724042374,0.005049768275957624,0.004950231724042376,9.900463448084752,0.00022118663484323306,6.212117074387338e-05,5.9402780688508505,0.025,0.0,-0.03,0.0,1.0,0.0,0.01
22,0.7333319134290422,41,0.03804954439369556,0.0,-0.02619740769615243,0.003802592303847569,0.006197407696152431,12.394815392304862,0.00025481748873850356,7.802967781472222e-05,7.436889235382917,0.025,0.0,-0.03,0.0,1.0,0.0,0.01
22,0.7333319134290422,42,0.03802231019691207,0.0,-0.027444668693420753,0.0025553313065792456,0.007444668693420755,14.88933738684151,0.00019468072285431877,9.586869447195151e-05,8.933602432104905,0.025,0.0,-0.03,0.0,1.0,0.0,0.01
22,0.7333319134290422,43,0.03800192883793506,0.0,-0.028692045220153034,0.0013079547798469648,0.008692045220153035,17.38409044030607,0.00027448645159276904,0.0001153648665783973,10.430454264183643,0.025,0.0,-0.03,0.0,1.0,0.0,0.01
22,0.7333319134290422,44,0.037990847289492403,0.0,-0.029939505189530733,6.049481046926583e-05,0.009939505189530734,19.87901037906147,0.00020285403778695743,0.00013767234136040753,11.927406227436881,0.025,0.0,-0.03,0.0,1.0,0.0,0.01
22,0.7333319134290422,45,0.037991542681150625,0.0,-0.031186982532099883,0.0011869825320998846,0.008813017467900116,17.62603493580023,-0.0002522397043219195,0.00016078193134178118,10.575620961480139,0.025,0.0,-0.03,0.0,1.0,0.0,0.01
22,0.7333319134290422,46,0.03800651739198521,0.0,-0.032434325076490196,0.002434325076490197,0.007565674923509803,15.131349847019607,-0.00021858185400188548,0.0001874645693616833,9.078809908211763,0.025,0.0,-0.03,0.0,1.0,0.0,0.01
22,0.7333319134290422,47,0.038040609223177604,0.0,-0.03368214821967519,0.003682148219675191,0.006317851780324809,12.635703560649619,-0.00022882500152845354,0.00019785406412888568,7.5814221363897705,0.025,0.0,-0.03,0.0,1.0,0.0,0.01
22,0.7333319134290422,48,0.03920981102787875,0.0,-0.03324930717688399,0.0032493071768839935,0.006750692823116007,13.501385646232013,-0.0008152481441889625,7.083354653279536e-05,8.100831387739207,0.025,0.0,-0.03,0.0,1.0,0.0,0.01
22,0.7333319134290422,49,0.0403713922450735,0.0,-0.032796286632882116,0.0027962866328821168,0.0072037133671178834,14.407426734235766,-0.0013124769650659847,0.00033280254196105176,8.64445604054146,0.025,0.0,-0.03,0.0,1.0,0.0,0.01
22,0.7333319134290422,50,0.04152579678224413,0.0,-0.032325128726290585,0.002325128726290586,0.007674871273709414,15.34974254741883,-0.002007871188027393,0.00023531433382972328,9.209845528451297,0.025,0.0,-0.03,0.0,1.0,0.0,0.01
22,0.7333319134290422,51,0.04267354113501149,0.0,-0.03183789017355372,0.0018378901735537218,0.008162109826446278,16.324219652892555,-0.002357619045088543,0.0009962953086809596,9.794531791735533,0.025,0.0,-0.03,0.0,1.0,0.0,0.01
22,0.7333319134290422,52,0.04381527911091012,0.0,-0.031336608250022525,0.0013366082500225265,0.008663391749977474,17.326783499954946,-0.0032553643202557435,0.00047093207153782983,10.396070099972967,0.025,0.0,-0.03,0.0,1.0,0.0,0.01
22,0.7333319134290422,53,0.044951697168885245,0.0,-0.03082333751938967,0.0008233375193896705,0.00917666248061033,18.35332496122066,-0.003344970366149485,0.0018073151173161218,11.011994976732396,0.025,0.0,-0.03,0.0,1.0,0.0,0.01
22,0.7333319134290422,54,0.04608361203421295,0.0,-0.030300102035342173,0.00030010203534217364,0.009699897964657827,19.399795929315655,-0.004559928461293179,0.0006272305525556679,11.639877557589392,0.025,0.0,-0.03,0.0,1.0,0.0,0.01
22,0.7333319134290422,55,0.04721183740197709,0.0,-0.029768948213056236,0.0002310517869437631,0.009768948213056237,19.537896426112475,0.004281837556715249,0.002735088265035151,11.722737855667484,0.025,0.0,-0.03,0.0,1.0,0.0,0.01
22,0.7333319134290422,56,0.04833730279679134,0.0,-0.029231886616684966,0.0007681133833150333,0.009231886616684967,18.463773233369935,0.00590200750042346,0.0007297731319873047,11.07826394002196,0.025,0.0,-0.03,0.0,1.0,0.0,0.01
22,0.7333319134290422,57,0.049460904357815916,0.0,-0.028690955243843533,0.001309044756156466,0.008690955243843534,17.38191048768707,0.00519582182352613,0.003721253167617059,10.429146292612241,0.025,0.0,-0.03,0.0,1.0,0.0,0.01
22,0.7333319134290422,58,0.050583632523826784,0.0,-0.028148156392547963,0.0018518436074520354,0.008148156392547965,16.296312785095928,0.007244524055527297,0.0008290771328233537,9.777787671057556,0.025,0.0,-0.03,0.0,1.0,0.0,0.01
22,0.7333319134290422,59,0.05170641977567621,0.0,-0.02760552329486168,0.002394476705138319,0.007605523294861681,15.211046589723363,0.0061262861365081024,0.004693192475065222,9.126627953834017,0.025,0.0,-0.03,0.0,1.0,0.0,0.01
22,0.7333319134290422,60,0.052830264950154,0.0,-0.027065058168651235,0.002934941831348764,0.007065058168651236,14.130116337302471,0.008549662159683762,0.0009711946702998047,8.478069802381482,0.025,0.0,-0.03,0.0,1.0,0.0,0.01
22,0.7333319134290422,61,0.05395608999319953,0.0,-0.026528794962747605,0.0034712050372523937,0.0065287949627476066,13.057589925495213,0.0071114997936193945,0.00559504245741273,7.834553955297127,0.025,0.0,-0.03,0.0,1.0,0.0,0.01
22,0.7333319134290422,62,0.05508484986365139,0.0,-0.025998744403407666,0.004001255596592333,0.005998744403407667,11.997488806815333,0.00972882177734398,0.0011593769043035194,7.1984932840892,0.025,0.0,-0.03,0.0,1.0,0.0,0.01
22,0.7333319134290422,63,0.05621740847441494,0.0,-0.025476945588168747,0.004523054411831252,0.0054769455881687485,10.953891176337496,0.008791105581021924,0.006664270306475075,6.572334705802498,0.025,0.0,-0.03,0.0,1.0,0.0,0.01
22,0.7333319134290422,64,0.05746171013658283,0.0,-0.025533820410210756,0.004466179589789242,0.005533820410210758,11.067640820421516,0.009779739385831192,0.0004497675403288196,6.64058449225291,0.025,0.0,-0.03,0.0,1.0,0.0,0.01
22,0.7333319134290422,65,0.05870571937595708,0.0,-0.025596571170263233,0.004403428829736766,0.005596571170263234,11.193142340526467,0.010701732773059785,0.0076860294122262545,6.71588540431588,0.025,0.0,-0.03,0.0,1.0,0.0,0.01
22,0.7333319134290422,66,0.05994942992323624,0.0,-0.025665163646441475,0.004334836353558524,0.005665163646441476,11.330327292882952,0.010867600429668807,0.0005777808470359496,6.798196375729771,0.025,0.0,-0.03,0.0,1.0,0.0,0.01
22,0.7333319134290422,67,0.06119279880078769,0.0,-0.025739548468120883,0.004260451531879116,0.005739548468120885,11.479096936241769,0.012023682928212825,0.008425052451996772,6.887458161745061,0.025,0.0,-0.03,0.0,1.0,0.0,0.01
22,0.7333319134290422,68,0.06243582030656058,0.0,-0.025819664197759155,0.0041803358022408435,0.005819664197759157,11.639328395518314,0.012016200218759316,0.0013034186644683692,6.983597037310989,0.025,0.0,-0.03,0.0,1.0,0.0,0.01
22,0.7333319134290422,69,0.0636784571591336,0.0,-0.025905433511587386,0.004094566488412613,0.005905433511587387,11.810867023174774,0.013330789161940738,0.008829393321984918,7.086520213904865,0.025,0.0,-0.03,0.0,1.0,0.0,0.01
22,0.7333319134290422,70,0.06492070526507278,0.0,-0.025996767523472138,0.004003232476527861,0.005996767523472139,11.993535046944277,0.013178418020158346,0.0017158267052236789,7.196121028166567,0.025,0.0,-0.03,0.0,1.0,0.0,0.01
22,0.7333319134290422,71,0.06616253349089704,0.0,-0.02609356190126458,0.003906438098735417,0.006093561901264583,12.187123802529166,0.014619199928096085,0.008907527896578817,7.3122742815174995,0.025,0.0,-0.03,0.0,1.0,0.0,0.01
22,0.7333319134290422,72,0.0674039409071025,0.0,-0.026195701285727013,0.0038042987142729856,0.006195701285727015,12.391402571454028,0.014360238443845744,0.001848307383205417,7.434841542872417,0.025,0.0,-0.03,0.0,1.0,0.0,0.01
22,0.7333319134290422,73,0.06864490239664038,0.0,-0.026303055408132048,0.003696944591867951,0.006303055408132049,12.606110816264097,0.015885298109976416,0.008718742597747969,7.563666489758458,0.025,0.0,-0.03,0.0,1.0,0.0,0.01
22,0.7333319134290422,74,0.06988542181112133,0.0,-0.026415483726269676,0.0035845162737303225,0.006415483726269678,12.830967452539355,0.01556295920408123,0.0017711486875115687,7.698580471523613,0.025,0.0,-0.03,0.0,1.0,0.0,0.01
22,0.7333319134290422,75,0.07112547976304182,0.0,-0.026532831341584434,0.0034671686584155648,0.0065328313415844354,13.06566268316887,0.01712971007429363,0.008340434490244469,7.839397609901322,0.025,0.0,-0.03,0.0,1.0,0.0,0.01
22,0.7333319134290422,76,0.07236508615233905,0.0,-0.026654934072464036,0.0033450659275359625,0.006654934072464038,13.309868144928075,0.016783061517179707,0.0015737542933690358,7.985920886956844,0.025,0.0,-0.03,0.0,1.0,0.0,0.01
22,0.7333319134290422,77,0.07360422713144299,0.0,-0.026781613940436363,0.0032183860595636354,0.006781613940436365,13.563227880872729,0.01835882843503219,0.007877167162227628,8.137936728523638,0.025,0.0,-0.03,0.0,1.0,0.0,0.01
22,0.7333319134290422,78,0.07484291930987758,0.0,-0.026912684867640486,0.0030873151323595124,0.006912684867640488,13.825369735280976,0.018012634440588843,0.0013613675197249077,8.295221841168585,0.025,0.0,-0.03,0.0,1.0,0.0,0.01
22,0.7333319134290422,79,0.07608115454577934,0.0,-0.02704794760696729,0.0029520523930327072,0.007047947606967293,14.095895213934586,0.01957673651994101,0.007426114236722951,8.457537128360752,0.025,0.0,-0.03,0.0,1.0,0.0,0.01
22,0.7333319134290422,80,0.07732376099303966,0.0,-0.02718373453922024,0.00281626546077976,0.00718373453922024,14.36746907844048,0.019252852187538094,0.0012723146417090733,8.620481447064288,0.025,0.0,-0.03,0.0,1.0,0.0,0.01
23,0.7666651822212714,37,0.03817788246841898,0.0,-0.021200553184725038,0.008799446815274961,0.0012005531847250391,2.401106369450078,0.00029368577196971294,2.2901934760066565e-05,1.4406638216700467,0.025,0.0,-0.03,0.0,1.0,0.0,0.01
23,0.7666651822212714,38,0.0381486223042538,0.0,-0.022447779105915083,0.007552220894084916,0.0024477791059150846,4.895558211830169,0.00019265903843923866,3.4987596238157515e-05,2.9373349270981013,0.025,0.0,-0.03,0.0,1.0,0.0,0.01
23,0.7666651822212714,39,0.03811626628242296,0.0,-0.023694936415235547,0.006305063584764452,0.0036949364152355484,7.389872830471097,0.0003529537429366838,5.1414953036868925e-05,4.4339236982826575,0.025,0.0,-0.03,0.0,1.0,0.0,0.01
23,0.7666651822212714,40,0.03808331808426924,0.0,-0.024942080612832127,0.005057919387167872,0.0049420806128321285,9.884161225664258,0.00013490948764961934,6.421014490102869e-05,5.930496735398554,0.025,0.0,-0.03,0.0,1.0,0.0,0.01
23,0.7666651822212714,41,0.03805228219967212,0.0,-0.026189266677921423,0.003810733322078576,0.006189266677921424,12.37853335584285,0.00039711869194781525,8.427095082533508e-05,7.427120013505709,0.025,0.0,-0.03,0.0,1.0,0.0,0.01
23,0.7666651822212714,42,0.038025660702510164,0.0,-0.02743654300579452,0.0025634569942054805,0.00743654300579452,14.87308601158904,0.00010966794548246626,0.00010066674760481585,8.923851606953423,0.025,0.0,-0.03,0.0,1.0,0.0,0.01
23,0.7666651822212714,43,0.03800595007817116,0.0,-0.028683925808597046,0.001316074191402953,0.008683925808597047,17.367851617194095,0.0003938848364864703,0.00012178840574221276,10.420710970316456,0.025,0.0,-0.03,0.0,1.0,0.0,0.01
23,0.7666651822212714,44,0.03799561550081768,0.0,-0.02993139342021367,6.860657978632889e-05,0.009931393420213671,19.862786840427344,0.00012167300479188244,0.00014578377682114346,11.917672104256406,0.025,0.0,-0.03,0.0,1.0,0.0,0.01
23,0.7666651822212714,45,0.03799713593758376,0.0,-0.0311788649178939,0.0011788649178939015,0.008821135082106099,17.642270164212196,-0.0003492485831932906,0.00016715457930116683,10.585362098527318,0.025,0.0,-0.03,0.0,1.0,0.0,0.01
23,0.7666651822212714,46,0.03801299933401373,0.0,-0.03242619629893753,0.002426196298937533,0.007573803701062467,15.147607402124935,-0.00021783822566350983,0.0002076998778518998,9.088564441274961,0.025,0.0,-0.03,0.0,1.0,0.0,0.01
23,0.7666651822212714,47,0.03804811538857493,0.0,-0.03367401801154481,0.003674018011544808,0.006325981988455192,12.651963976910384,-0.00022827013030959166,0.00013272768919487485,7.59117838614623,0.025,0.0,-0.03,0.0,1.0,0.0,0.01
23,0.7666651822212714,48,0.039210258369791,0.0,-0.03322250912332387,0.0032225091233238704,0.00677749087667613,13.55498175335226,-0.0009111000976160605,0.000264134413656598,8.132989052011355,0.025,0.0,-0.03,0.0,1.0,0.0,0.01
23,0.7666651822212714,49,0.04036440220134246,0.0,-0.03275078457871911,0.0027507845787191135,0.007249215421280887,14.498430842561774,-0.001201735052631664,0.000625661765453029,8.699058505537064,0.025,0.0,-0.03,0.0,1.0,0.0,0.01
23,0.7666651822212714,50,0.041511008242215576,0.0,-0.03226090594683335,0.0022609059468333484,0.007739094053166652,15.478188106333304,-0.00217030800667059,0.00011961090666757544,9.286912863799982,0.025,0.0,-0.03,0.0,1.0,0.0,0.01
23,0.7666651822212714,51,0.04265065419159482,0.0,-0.03175492968757364,0.0017549296875736392,0.008245070312426361,16.49014062485272,-0.0021642386527759333,0.0014303932577474866,9.894084374911632,0.025,0.0,-0.03,0.0,1.0,0.0,0.01
23,0.7666651822212714,52,0.043784000708626966,0.0,-0.031234913766213696,0.0012349137662136973,0.008765086233786303,17.530172467572605,-0.003446291156942805,6.323445574191762e-05,10.518103480543562,0.025,0.0,-0.03,0.0,1.0,0.0,0.01
23,0.7666651822212714,53,0.04491181009869055,0.0,-0.030702902654476807,0.0007029026544768079,0.009297097345523192,18.594194691046386,-0.003116296469966441,0.0022631321826847225,11.156516814627832,0.025,0.0,-0.03,0.0,1.0,0.0,0.01
23,0.7666651822212714,54,0.04603489682600178,0.0,-0.030160943297943547,0.0001609432979435485,0.009839056702056452,19.678113404112903,-0.0047256498023107735,0.0002851449210422687,11.806868042467741,0.025,0.0,-0.03,0.0,1.0,0.0,0.01
23,0.7666651822212714,55,0.047154161933866574,0.0,-0.02961106365803317,0.0003889363419668293,0.009611063658033171,19.22212731606634,0.004070936541500257,0.003102361771201956,11.533276389639804,0.025,0.0,-0.03,0.0,1.0,0.0,0.01
23,0.7666651822212714,56,0.048270525209980354,0.0,-0.029055299474178103,0.0009447005258218961,0.009055299474178104,18.11059894835621,0.005992533044593784,0.0005496574346633295,10.866359369013725,0.025,0.0,-0.03,0.0,1.0,0.0,0.01
23,0.7666651822212714,57,0.049384978429322865,0.0,-0.02849566413153875,0.0015043358684612498,0.00849566413153875,16.991328263077502,0.005043056738166266,0.003924899969506799,10.194796957846501,0.025,0.0,-0.03,0.0,1.0,0.0,0.01
23,0.7666651822212714,58,0.050498496821139154,0.0,-0.02793418710985102,0.002065812890148979,0.007934187109851021,15.868374219702043,0.007231731193217739,0.0008600621086260043,9.521024531821226,0.025,0.0,-0.03,0.0,1.0,0.0,0.01
23,0.7666651822212714,59,0.05161211333024052,0.0,-0.02737287364650745,0.002627126353492548,0.007372873646507452,14.745747293014904,0.006046767420743712,0.004708124093134931,8.847448375808943,0.025,0.0,-0.03,0.0,1.0,0.0,0.01
23,0.7666651822212714,60,0.05272680860622825,0.0,-0.026813754480310693,0.0031862455196893062,0.006813754480310694,13.627508960621388,0.008430194517544818,0.0012179805952771201,8.176505376372832,0.025,0.0,-0.03,0.0,1.0,0.0,0.01
23,0.7666651822212714,61,0.05384360594423553,0.0,-0.026258835451410868,0.0037411645485891307,0.0062588354514108695,12.51767090282174,0.007098099399195788,0.005434148162336673,7.510602541693044,0.025,0.0,-0.03,0.0,1.0,0.0,0.01
23,0.7666651822212714,62,0.0549634421681725,0.0,-0.02571015589523753,0.0042898441047624705,0.00571015589523753,11.42031179047506,0.009527835350222814,0.0015969049311653448,6.852187074285036,0.025,0.0,-0.03,0.0,1.0,0.0,0.01
23,0.7666651822212714,63,0.0560872797803238,0.0,-0.02516973222082193,0.0048302677791780685,0.005169732220821932,10.339464441643864,0.008711857760653996,0.006328681497633818,6.2036786649863185,0.025,0.0,-0.03,0.0,1.0,0.0,0.01
23,0.7666651822212714,64,0.05733233350785161,0.0,-0.025206117936079096,0.004793882063920903,0.005206117936079098,10.412235872158195,0.009737623272681446,0.001137210285634914,6.247341523294917,0.025,0.0,-0.03,0.0,1.0,0.0,0.01
23,0.7666651822212714,65,0.05857722301380792,0.0,-0.02524838199536762,0.00475161800463238,0.00524838199536762,10.49676399073524,0.010499977375708748,0.007130844507092281,6.298058394441143,0.025,0.0,-0.03,0.0,1.0,0.0,0.01
23,0.7666651822212714,66,0.05982187700105725,0.0,-0.025296490365409045,0.004703509634590954,0.005296490365409046,10.592980730818091,0.010855198167762113,0.00032735214774235144,6.355788438490855,0.025,0.0,-0.03,0.0,1.0,0.0,0.01
23,0.7666651822212714,67,0.06106631857441328,0.0,-0.025350396795772594,0.0046496032042274045,0.005350396795772596,10.70079359154519,0.011790621908026152,0.007754605967454356,6.4204761549271145,0.025,0.0,-0.03,0.0,1.0,0.0,0.01
23,0.7666651822212714,68,0.06231047348901526,0.0,-0.025410037108000844,0.004589962891999155,0.005410037108000846,10.820074216001691,0.012019622195608173,0.0003095290436128537,6.4920445296010145,0.025,0.0,-0.03,0.0,1.0,0.0,0.01
23,0.7666651822212714,69,0.06355436966970879,0.0,-0.025475337794657188,0.004524662205342811,0.005475337794657189,10.950675589314379,0.013077213644973789,0.00818356065293501,6.570405353588627,0.025,0.0,-0.03,0.0,1.0,0.0,0.01
23,0.7666651822212714,70,0.06479793767927375,0.0,-0.025546206787113532,0.004453793212886466,0.005546206787113534,11.092413574227068,0.013184843497669723,0.0007810288423139113,6.655448144536241,0.025,0.0,-0.03,0.0,1.0,0.0,0.01
23,0.7666651822212714,71,0.06604120468902587,0.0,-0.025622543684201096,0.004377456315798903,0.0056225436842010975,11.245087368402196,0.014360233732313741,0.008434777236430645,6.747052421041317,0.025,0.0,-0.03,0.0,1.0,0.0,0.01
23,0.7666651822212714,72,0.06728411268876178,0.0,-0.025704229877551246,0.004295770122448753,0.005704229877551247,11.408459755102493,0.014354348850995315,0.0011072327594314395,6.845075853061496,0.025,0.0,-0.03,0.0,1.0,0.0,0.01
23,0.7666651822212714,73,0.06852668411788101,0.0,-0.025791138770070388,0.004208861229929611,0.005791138770070389,11.582277540140778,0.015636116720293552,0.008529910758352568,6.949366524084467,0.025,0.0,-0.03,0.0,1.0,0.0,0.01
23,0.7666651822212714,74,0.06976887661374605,0.0,-0.02588312681549661,0.004116873184503388,0.005883126815496612,11.766253630993225,0.015531178571234674,0.0013077958439149898,7.059752178595935,0.025,0.0,-0.03,0.0,1.0,0.0,0.01
23,0.7666651822212714,75,0.07101070634689818,0.0,-0.025980042254694052,0.0040199577453059465,0.005980042254694054,11.960084509388107,0.01690198091711422,0.008487404028609308,7.176050705632864,0.025,0.0,-0.03,0.0,1.0,0.0,0.01
23,0.7666651822212714,76,0.07225214788534874,0.0,-0.02608171832081403,0.0039182816791859705,0.00608171832081403,12.16343664162806,0.01671787192115705,0.0013973687321744506,7.298061984976836,0.025,0.0,-0.03,0.0,1.0,0.0,0.01
23,0.7666651822212714,77,0.0734932121525948,0.0,-0.026187979545826155,0.0038120204541738437,0.0061879795458261565,12.375959091652312,0.01815535577317919,0.00832076028251571,7.425575454991387,0.025,0.0,-0.03,0.0,1.0,0.0,0.01
23,0.7666651822212714,78,0.07473388916781591,0.0,-0.026298637676074457,0.0037013623239255423,0.006298637676074458,12.597275352148916,0.01791705842888019,0.0013866270058043215,7.558365211289349,0.025,0.0,-0.03,0.0,1.0,0.0,0.01
23,0.7666651822212714,79,0.07597418769612742,0.0,-0.026413495427982266,0.0035865045720177326,0.006413495427982268,12.826990855964535,0.019389026856245332,0.00804161142744557,7.696194513578721,0.025,0.0,-0.03,0.0,1.0,0.0,0.01
23,0.7666651822212714,80,0.07721885776502331,0.0,-0.026528799965478533,0.0034712000345214662,0.006528799965478534,13.057599930957068,0.019141817063908467,0.0013497267659250448,7.83455995857424,0.025,0.0,-0.03,0.0,1.0,0.0,0.01
24,0.7999984510135005,37,0.03817832795505756,0.0,-0.021187653392124504,0.008812346607875495,0.001187653392124505,2.3753067842490103,0.0016883270446613064,3.6023652870803715e-05,1.425184070549406,0.025,0.0,-0.03,0.0,1.0,0.0,0.01
24,0.7999984510135005,38,0.03814955055097984,0.0,-0.02243488836245441,0.007565111637545589,0.0024348883624544116,4.8697767249088235,0.0006045581277250552,2.3804966254817062e-05,2.921866034945294,0.025,0.0,-0.03,0.0,1.0,0.0,0.01
24,0.7999984510135005,39,0.038117714587780856,0.0,-0.02368205783272732,0.006317942167272678,0.003682057832727322,7.364115665454643,0.001657706668193278,1.137796560613702e-05,4.4184693992727855,0.025,0.0,-0.03,0.0,1.0,0.0,0.01
24,0.7999984510135005,40,0.03808532933358014,0.0,-0.024929214397809072,0.005070785602190927,0.004929214397809073,9.858428795618147,0.0006656481836085097,2.3789044774236285e-05,5.915057277370888,0.025,0.0,-0.03,0.0,1.0,0.0,0.01
24,0.7999984510135005,41,0.038054904750944606,0.0,-0.026176413973521533,0.0038235860264784656,0.006176413973521535,12.35282794704307,0.0015682850887204585,5.9325490855942466e-05,7.411696768225841,0.025,0.0,-0.03,0.0,1.0,0.0,0.01
24,0.7999984510135005,42,0.038028948374360355,0.0,-0.02742370166303228,0.002576298336967719,0.007423701663032281,14.847403326064564,0.000772801513279098,8.086772249919191e-05,8.908441995638738,0.025,0.0,-0.03,0.0,1.0,0.0,0.01
24,0.7999984510135005,43,0.03800996202073442,0.0,-0.028671093686281113,0.0013289063137188854,0.008671093686281115,17.34218737256223,0.001446836824437983,0.00011198500587533621,10.405312423537337,0.025,0.0,-0.03,0.0,1.0,0.0,0.01
24,0.7999984510135005,44,0.03800042924972811,0.0,-0.029918565098300244,8.143490169975481e-05,0.009918565098300245,19.83713019660049,0.0008992570141744175,0.00014631465933296695,11.902278117960295,0.025,0.0,-0.03,0.0,1.0,0.0,0.01
24,0.7999984510135005,45,0.038002831162449506,0.0,-0.03116603360264296,0.0011660336026429602,0.00883396639735704,17.66793279471408,-0.0013183582870711667,0.0001751667386787023,10.600759676828448,0.025,0.0,-0.03,0.0,1.0,0.0,0.01
24,0.7999984510135005,46,0.038019641593121926,0.0,-0.03241335014446242,0.002413350144462423,0.007586649855537577,15.173299711075154,-0.00102699074641189,0.00021617436785471288,9.103979826645093,0.025,0.0,-0.03,0.0,1.0,0.0,0.01
24,0.7999984510135005,47,0.03805583903143759,0.0,-0.03366116955968218,0.0036611695596821814,0.006338830440317819,12.677660880635637,-0.0011966025408442589,0.00027786797617000307,7.606596528381382,0.025,0.0,-0.03,0.0,1.0,0.0,0.01
24,0.7999984510135005,48,0.03921069848969667,0.0,-0.03319127830699555,0.0031912783069955528,0.0068087216930044474,13.617443386008896,-0.0016619003014395936,1.848040577381801e-05,8.170466031605336,0.025,0.0,-0.03,0.0,1.0,0.0,0.01
24,0.7999984510135005,49,0.040357171962222514,0.0,-0.032701147365072146,0.002701147365072147,0.007298852634927853,14.597705269855707,-0.002264570033582679,0.00012968285098402898,8.758623161913423,0.025,0.0,-0.03,0.0,1.0,0.0,0.01
24,0.7999984510135005,50,0.04149576153890225,0.0,-0.03219284709767733,0.0021928470976773293,0.007807152902322671,15.614305804645342,-0.0027450312382536423,0.0005249978567317352,9.368583482787205,0.025,0.0,-0.03,0.0,1.0,0.0,0.01
24,0.7999984510135005,51,0.04262707370108502,0.0,-0.03166844621724522,0.0016684462172452189,0.008331553782754781,16.663107565509563,-0.0033713607923951156,0.0006011047824841075,9.997864539305738,0.025,0.0,-0.03,0.0,1.0,0.0,0.01
24,0.7999984510135005,52,0.04375181671552593,0.0,-0.03113000529201005,0.0011300052920100515,0.008869994707989949,17.7399894159799,-0.003828082023436837,0.0010565118914094922,10.643993649587939,0.025,0.0,-0.03,0.0,1.0,0.0,0.01
24,0.7999984510135005,53,0.04487078056587459,0.0,-0.030579578805399143,0.0005795788053991439,0.009420421194600856,18.84084238920171,-0.00447111183688073,0.0011209809936092291,11.304505433521026,0.025,0.0,-0.03,0.0,1.0,0.0,0.01
24,0.7999984510135005,54,0.04598483190448302,0.0,-0.030019211304012753,1.9211304012754088e-05,0.009980788695987246,19.961577391974494,-0.0049199284234283935,0.0015950977761323593,11.976946435184695,0.025,0.0,-0.03,0.0,1.0,0.0,0.01
24,0.7999984510135005,55,0.04709489902127981,0.0,-0.029450938806245816,0.0005490611937541828,0.009450938806245817,18.901877612491635,0.005555656485003734,0.0016910340878167694,11.34112656749498,0.025,0.0,-0.03,0.0,1.0,0.0,0.01
24,0.7999984510135005,56,0.04820195626303906,0.0,-0.028876791361008534,0.0011232086389914644,0.008876791361008536,17.75358272201707,0.006027395064113673,0.0021192716593339675,10.652149633210243,0.025,0.0,-0.03,0.0,1.0,0.0,0.01
24,0.7999984510135005,57,0.049307022970662286,0.0,-0.02829878876571955,0.0017012112342804503,0.00829878876571955,16.5975775314391,0.006617507061677951,0.0023140760369018474,9.958546518863459,0.025,0.0,-0.03,0.0,1.0,0.0,0.01
24,0.7999984510135005,58,0.05041112932368998,0.0,-0.027718953418602043,0.002281046581397956,0.007718953418602044,15.437906837204089,0.007157563965084254,0.0026062131441914843,9.262744102322452,0.025,0.0,-0.03,0.0,1.0,0.0,0.01
24,0.7999984510135005,59,0.05151533686777257,0.0,-0.027139295722257532,0.0028607042777424666,0.007139295722257534,14.278591444515067,0.007650542538974913,0.0029936807502417484,8.56715486670904,0.025,0.0,-0.03,0.0,1.0,0.0,0.01
24,0.7999984510135005,60,0.052620679747102224,0.0,-0.026561839907705487,0.0034381600922945114,0.006561839907705489,13.123679815410977,0.00831587090866233,0.003032384951424595,7.874207889246586,0.025,0.0,-0.03,0.0,1.0,0.0,0.01
24,0.7999984510135005,61,0.053728211692779214,0.0,-0.025988596159903236,0.004011403840096763,0.005988596159903237,11.977192319806473,0.00865320464921873,0.0037343620142168453,7.186315391883884,0.025,0.0,-0.03,0.0,1.0,0.0,0.01
24,0.7999984510135005,62,0.05483891954686556,0.0,-0.02542159988262897,0.004578400117371029,0.005421599882628971,10.84319976525794,0.009489182600036792,0.0033671434602193604,6.505919859154765,0.025,0.0,-0.03,0.0,1.0,0.0,0.01
24,0.7999984510135005,63,0.05595379920182659,0.0,-0.024862871316095884,0.005137128683904115,0.004862871316095885,9.72574263219177,0.009768321719166416,0.004609064357162675,5.835445579315062,0.025,0.0,-0.03,0.0,1.0,0.0,0.01
24,0.7999984510135005,64,0.057199281306562204,0.0,-0.024878896521850043,0.0051211034781499555,0.004878896521850045,9.75779304370009,0.010470189164103966,0.003150463482896464,5.854675826220054,0.025,0.0,-0.03,0.0,1.0,0.0,0.01
24,0.7999984510135005,65,0.05844469569326795,0.0,-0.024900801103352032,0.005099198896647967,0.004900801103352033,9.801602206704066,0.011103353947918039,0.005165777788353379,5.880961324022439,0.025,0.0,-0.03,0.0,1.0,0.0,0.01
24,0.7999984510135005,66,0.059689967760227634,0.0,-0.02492855200843739,0.0050714479915626096,0.004928552008437391,9.857104016874782,0.011650972470898701,0.0025086589475321677,5.914262410124869,0.025,0.0,-0.03,0.0,1.0,0.0,0.01
24,0.7999984510135005,67,0.060935127132071346,0.0,-0.024962102873233874,0.005037897126766125,0.004962102873233875,9.92420574646775,0.012349415881771285,0.005795701520802658,5.95452344788065,0.025,0.0,-0.03,0.0,1.0,0.0,0.01
24,0.7999984510135005,68,0.06218008601851489,0.0,-0.025001390444347953,0.004998609555652046,0.005001390444347954,10.002780888695908,0.012829068000934992,0.0017734058511934068,6.001668533217544,0.025,0.0,-0.03,0.0,1.0,0.0,0.01
24,0.7999984510135005,69,0.0634248895522744,0.0,-0.0250463414399519,0.004953658560048098,0.005046341439951902,10.092682879903805,0.013608234654253629,0.006488520063931843,6.055609727942283,0.025,0.0,-0.03,0.0,1.0,0.0,0.01
24,0.7999984510135005,70,0.06466944199128202,0.0,-0.0250968640950008,0.0049031359049992,0.0050968640950008,10.1937281900016,0.013992606940296592,0.0009686216347329182,6.11623691400096,0.025,0.0,-0.03,0.0,1.0,0.0,0.01
24,0.7999984510135005,71,0.06591380039319518,0.0,-0.025152858943292132,0.004847141056707867,0.005152858943292133,10.305717886584267,0.014880432933189303,0.007204990999593593,6.18343073195056,0.025,0.0,-0.03,0.0,1.0,0.0,0.01
24,0.7999984510135005,72,0.0671578664936779,0.0,-0.02521420668906377,0.004785793310936228,0.005214206689063772,10.428413378127544,0.015143561536372922,0.0001509573774312529,6.257048026876526,0.025,0.0,-0.03,0.0,1.0,0.0,0.01
24,0.7999984510135005,73,0.06840170561094887,0.0,-0.025280782674119106,0.004719217325880893,0.005280782674119107,10.561565348238215,0.016161825793513822,0.007873294175272024,6.336939208942929,0.025,0.0,-0.03,0.0,1.0,0.0,0.01
24,0.7999984510135005,74,0.06964522187140745,0.0,-0.025352441424899938,0.004647558575100061,0.005352441424899939,10.704882849799878,0.016287961978573642,0.000593199145440417,6.422929709879926,0.025,0.0,-0.03,0.0,1.0,0.0,0.01
24,0.7999984510135005,75,0.07088848571236214,0.0,-0.025429034261794627,0.004570965738205372,0.005429034261794629,10.858068523589257,0.017444206096222943,0.008398216693726859,6.514841114153554,0.025,0.0,-0.03,0.0,1.0,0.0,0.01
24,0.7999984510135005,76,0.07213140745793271,0.0,-0.02551039119488004,0.004489608805119959,0.005510391194880041,11.020782389760083,0.017435644892938112,0.0011629250921420824,6.61246943385605,0.025,0.0,-0.03,0.0,1.0,0.0,0.01
24,0.7999984510135005,77,0.07337406046798309,0.0,-0.025596340909126745,0.004403659090873254,0.005596340909126746,11.192681818253492,0.018716230210680123,0.008681634857579848,6.715609090952095,0.025,0.0,-0.03,0.0,1.0,0.0,0.01
24,0.7999984510135005,78,0.07461636364762818,0.0,-0.025686690790401756,0.004313309209598243,0.005686690790401757,11.373381580803514,0.01859905892834228,0.0014669919511284696,6.824028948482108,0.025,0.0,-0.03,0.0,1.0,0.0,0.01
24,0.7999984510135005,79,0.07585839213324169,0.0,-0.025781248502604937,0.004218751497395062,0.005781248502604938,11.562497005209876,0.01996025245371458,0.008648423380924003,6.937498203125926,0.025,0.0,-0.03,0.0,1.0,0.0,0.01
24,0.7999984510135005,80,0.07710476474189917,0.0,-0.025876170331279286,0.004123829668720713,0.005876170331279287,11.752340662558574,0.019802427423721375,0.0015185143997917948,7.051404397535144,0.025,0.0,-0.03,0.0,1.0,0.0,0.01
25,0.8333317198057297,37,0.03818079534712888,0.0,-0.021146037819283703,0.008853962180716296,0.0011460378192837042,2.2920756385674084,0.0006642825851242254,0.0006632306927893537,1.375245383140445,0.025,0.0,-0.03,0.0,1.0,0.0,0.01
25,0.8333317198057297,38,0.038153451251620125,0.0,-0.022393301949189353,0.007606698050810646,0.0023933019491893543,4.786603898378709,2.7541043726905227e-05,0.0007786520136206545,2.8719623390272253,0.025,0.0,-0.03,0.0,1.0,0.0,0.01
25,0.8333317198057297,39,0.03812308197196647,0.0,-0.023640504304034894,0.006359495695965105,0.0036405043040348955,7.281008608069791,0.00063238759523218,0.0009063121343437585,4.368605164841874,0.025,0.0,-0.03,0.0,1.0,0.0,0.01
25,0.8333317198057297,40,0.03809220241205587,0.0,-0.024887695104161923,0.005112304895838075,0.004887695104161925,9.77539020832385,7.25483595372932e-05,0.0010225122853841427,5.86523412499431,0.025,0.0,-0.03,0.0,1.0,0.0,0.01
25,0.8333317198057297,41,0.03806332811695876,0.0,-0.02613492827081106,0.0038650717291889396,0.006134928270811061,12.269856541622122,0.0005536321660265197,0.0011499630547214179,7.361913924973273,0.025,0.0,-0.03,0.0,1.0,0.0,0.01
25,0.8333317198057297,42,0.03803897213584813,0.0,-0.027382243409329248,0.0026177565906707508,0.0073822434093292495,14.764486818658499,0.000158362782094001,0.0012713689293105913,8.858692091195099,0.025,0.0,-0.03,0.0,1.0,0.0,0.01
25,0.8333317198057297,43,0.038021641650428276,0.0,-0.028629656330342753,0.0013703436696572459,0.008629656330342754,17.25931266068551,0.0004497948366773364,0.0013962077711158155,10.355587596411306,0.025,0.0,-0.03,0.0,1.0,0.0,0.01
25,0.8333317198057297,44,0.03801383435936411,0.0,-0.029877135994027897,0.0001228640059721016,0.009877135994027899,19.754271988055798,0.0002608878725460538,0.0015224179615515223,11.852563192833479,0.025,0.0,-0.03,0.0,1.0,0.0,0.01
25,0.8333317198057297,45,0.038018034358125945,0.0,-0.031124599424624488,0.0011245994246244888,0.008875400575375511,17.750801150751023,-0.0003426267934990425,0.0016464202658505417,10.650480690450614,0.025,0.0,-0.03,0.0,1.0,0.0,0.01
25,0.8333317198057297,46,0.03803670727284307,0.0,-0.03237188739094774,0.0023718873909477425,0.007628112609052258,15.256225218104515,-0.0003704566696740384,0.0017878316832529745,9.153735130862708,0.025,0.0,-0.03,0.0,1.0,0.0,0.01
25,0.8333317198057297,47,0.038074896662378406,0.0,-0.03361967442471917,0.003619674424719173,0.006380325575280827,12.760651150561655,-0.00024194302349518062,0.0017537876398542554,7.656390690336993,0.025,0.0,-0.03,0.0,1.0,0.0,0.01
25,0.8333317198057297,48,0.03922220688324535,0.0,-0.0331315826358526,0.0031315826358526005,0.0068684173641474,13.736834728294799,-0.0010474030708629782,0.0020588629929636213,8.24210083697688,0.025,0.0,-0.03,0.0,1.0,0.0,0.01
25,0.8333317198057297,49,0.04036074898349023,0.0,-0.03262324070189459,0.00262324070189459,0.00737675929810541,14.75351859621082,-0.0011559194333908111,0.0008320988294168387,8.852111157726492,0.025,0.0,-0.03,0.0,1.0,0.0,0.01
25,0.8333317198057297,50,0.041491058613110275,0.0,-0.03209672913617716,0.0020967291361771584,0.007903270863822842,15.806541727645683,-0.0023324726032501065,0.0019698011123297767,9.48392503658741,0.025,0.0,-0.03,0.0,1.0,0.0,0.01
25,0.8333317198057297,51,0.04261378136102103,0.0,-0.03155412292442981,0.0015541229244298085,0.008445877075570192,16.891754151140383,-0.0020492534614653685,4.6008685365337146e-05,10.13505249068423,0.025,0.0,-0.03,0.0,1.0,0.0,0.01
25,0.8333317198057297,52,0.04372966034429392,0.0,-0.030997489200159916,0.0009974892001599171,0.009002510799840083,18.005021599680166,-0.0035953477401427765,0.001754132399926454,10.803012959808099,0.025,0.0,-0.03,0.0,1.0,0.0,0.01
25,0.8333317198057297,53,0.04483952746334407,0.0,-0.03042888428585551,0.0004288842858555103,0.00957111571414449,19.14223142828898,-0.002978143858724493,0.0008500570156632859,11.485338856973387,0.025,0.0,-0.03,0.0,1.0,0.0,0.01
25,0.8333317198057297,54,0.045944285932914705,0.0,-0.029850355857734375,0.00014964414226562375,0.009850355857734376,19.700711715468753,0.004799827929468504,0.0013885193173445785,11.820427029281252,0.025,0.0,-0.03,0.0,1.0,0.0,0.01
25,0.8333317198057297,55,0.04704490660964814,0.0,-0.02926393892542603,0.0007360610745739682,0.009263938925426032,18.527877850852065,0.003971386996667708,0.0015451869260059152,11.116726710511239,0.025,0.0,-0.03,0.0,1.0,0.0,0.01
25,0.8333317198057297,56,0.04814240283341726,0.0,-0.028671663534458373,0.0013283364655416255,0.008671663534458375,17.34332706891675,0.005927576202984458,0.0008725506319749593,10.40599624135005,0.025,0.0,-0.03,0.0,1.0,0.0,0.01
25,0.8333317198057297,57,0.04923783530005017,0.0,-0.028075547350696454,0.001924452649303545,0.008075547350696455,16.15109470139291,0.005038854988573486,0.0021250249135490173,9.690656820835747,0.025,0.0,-0.03,0.0,1.0,0.0,0.01
25,0.8333317198057297,58,0.05033227601321632,0.0,-0.02747761023649117,0.002522389763508829,0.007477610236491171,14.955220472982342,0.006975776287169511,0.0002227797903365024,8.973132283789404,0.025,0.0,-0.03,0.0,1.0,0.0,0.01
25,0.8333317198057297,59,0.05142682554041984,0.0,-0.026879860839081473,0.003120139160918526,0.006879860839081474,13.759721678162949,0.006180016504726788,0.0025898797161833798,8.255833006897769,0.025,0.0,-0.03,0.0,1.0,0.0,0.01
25,0.8333317198057297,60,0.052522562326943245,0.0,-0.026284319429558056,0.0037156805704419427,0.0062843194295580575,12.568638859116115,0.007955569711025932,0.0005316760342254697,7.541183315469668,0.025,0.0,-0.03,0.0,1.0,0.0,0.01
25,0.8333317198057297,61,0.05362057663963942,0.0,-0.025692995824996342,0.004307004175003657,0.005692995824996343,11.385991649992686,0.007377731583205269,0.002963421320172032,6.831594989995612,0.025,0.0,-0.03,0.0,1.0,0.0,0.01
25,0.8333317198057297,62,0.05472190085629985,0.0,-0.025107921695848082,0.0048920783041519166,0.005107921695848084,10.215843391696167,0.00887846676441785,0.0013307068515919327,6.1295060350177,0.025,0.0,-0.03,0.0,1.0,0.0,0.01
25,0.8333317198057297,63,0.05582756548829994,0.0,-0.024531118646008324,0.005468881353991675,0.004531118646008326,9.06223729201665,0.00876405482754815,0.0033672334893428807,5.43734237520999,0.025,0.0,-0.03,0.0,1.0,0.0,0.01
25,0.8333317198057297,64,0.057073144488531055,0.0,-0.02452690690798943,0.005473093092010568,0.004526906907989433,9.053813815978865,0.009607352497766734,0.001644483446551652,5.432288289587318,0.025,0.0,-0.03,0.0,1.0,0.0,0.01
25,0.8333317198057297,65,0.05831874869672957,0.0,-0.024528574498737722,0.005471425501262277,0.0045285744987377235,9.057148997475448,0.010193022647649496,0.0034057628598699423,5.4342893984852685,0.025,0.0,-0.03,0.0,1.0,0.0,0.01
25,0.8333317198057297,66,0.05956430776014049,0.0,-0.02453608941026581,0.0054639105897341875,0.004536089410265813,9.072178820531626,0.010789926397385949,0.0015835681733956208,5.443307292318975,0.025,0.0,-0.03,0.0,1.0,0.0,0.01
25,0.8333317198057297,67,0.06080984711530459,0.0,-0.024549404894560024,0.005450595105439975,0.004549404894560025,9.09880978912005,0.01141734308641883,0.0034853925031705407,5.45928587347203,0.025,0.0,-0.03,0.0,1.0,0.0,0.01
25,0.8333317198057297,68,0.062055279164328674,0.0,-0.024568459179902937,0.005431540820097062,0.0045684591799029384,9.136918359805877,0.011991827996326563,0.0014371766356807679,5.4821510158835265,0.025,0.0,-0.03,0.0,1.0,0.0,0.01
25,0.8333317198057297,69,0.06330064979178646,0.0,-0.024593178378022763,0.005406821621977236,0.004593178378022764,9.186356756045528,0.012642561174767392,0.0036363711279782758,5.511814053627317,0.025,0.0,-0.03,0.0,1.0,0.0,0.01
25,0.8333317198057297,70,0.06454585582685848,0.0,-0.024623472198282505,0.0053765278017174935,0.004623472198282507,9.246944396565013,0.013189720729726425,0.0011988933972586068,5.5481666379390076,0.025,0.0,-0.03,0.0,1.0,0.0,0.01
25,0.8333317198057297,71,0.0657909633913942,0.0,-0.024659240601352272,0.005340759398647726,0.004659240601352274,9.318481202704547,0.013872545592576125,0.0038513299304951663,5.591088721622728,0.025,0.0,-0.03,0.0,1.0,0.0,0.01
25,0.8333317198057297,72,0.06703585627881374,0.0,-0.024700365464472608,0.005299634535527391,0.004700365464472609,9.400730928945219,0.014382123859490222,0.0008874187402176766,5.640438557367131,0.025,0.0,-0.03,0.0,1.0,0.0,0.01
25,0.8333317198057297,73,0.06828061955722604,0.0,-0.02474672186946963,0.005253278130530368,0.004746721869469632,9.493443738939265,0.015107317652534091,0.004093744359113823,5.696066243363559,0.025,0.0,-0.03,0.0,1.0,0.0,0.01
25,0.8333317198057297,74,0.06952512725053844,0.0,-0.024798164912354797,0.005201835087645202,0.004798164912354798,9.596329824709596,0.01557033744541859,0.0005622706892459277,5.7577978948257575,0.025,0.0,-0.03,0.0,1.0,0.0,0.01
25,0.8333317198057297,75,0.07076948098915026,0.0,-0.02485454621768771,0.005145453782312289,0.004854546217687711,9.709092435375423,0.016344113156008335,0.004296004949639116,5.825455461225253,0.025,0.0,-0.03,0.0,1.0,0.0,0.01
25,0.8333317198057297,76,0.07201354925315315,0.0,-0.024915695544465582,0.005084304455534417,0.004915695544465583,9.831391088931166,0.016757764305585985,0.0002861262755576444,5.8988346533586995,0.025,0.0,-0.03,0.0,1.0,0.0,0.01
25,0.8333317198057297,77,0.07325744651336721,0.0,-0.0249814425724145,0.005018557427585498,0.004981442572414502,9.962885144829004,0.01757869652113427,0.004403752524256462,5.9777310868974025,0.025,0.0,-0.03,0.0,1.0,0.0,0.01
25,0.8333317198057297,78,0.07450104074633215,0.0,-0.02505159356464083,0.004948406435359168,0.005051593564640832,10.103187129281665,0.017949353063154396,0.0001125353520016293,6.061912277568998,0.025,0.0,-0.03,0.0,1.0,0.0,0.01
25,0.8333317198057297,79,0.07574445452301493,0.0,-0.025125957803322514,0.004874042196677485,0.005125957803322515,10.25191560664503,0.01880359415181138,0.004369551523239817,6.151149363987018,0.025,0.0,-0.03,0.0,1.0,0.0,0.01
25,0.8333317198057297,80,0.07699219185846294,0.0,-0.02520061250153708,0.004799387498462919,0.005200612501537081,10.401225003074163,0.019157544776058806,5.047027624536419e-05,6.240735001844498,0.025,0.0,-0.03,0.0,1.0,0.0,0.01
26,0.8666649885979589,37,0.03821582100419002,0.0,-0.021131596185394806,0.008868403814605193,0.0011315961853948075,2.263192370789615,0.0007549778466016119,0.0012921360364522819,1.357915422473769,0.025,0.0,-0.03,0.0,1.0,0.0,0.01
26,0.8666649885979589,38,0.03819474668046249,0.0,-0.022378972112638493,0.007621027887361506,0.002378972112638494,4.757944225276988,0.0003676768017549698,0.001522277228357257,2.854766535166193,0.025,0.0,-0.03,0.0,1.0,0.0,0.01
26,0.8666649885979589,39,0.0381706728292287,0.0,-0.023626299211696455,0.0063737007883035435,0.0036262992116964567,7.2525984233929135,0.0007970469183576813,0.0017574251092494267,4.351559054035748,0.025,0.0,-0.03,0.0,1.0,0.0,0.01
26,0.8666649885979589,40,0.03814611089245635,0.0,-0.02487362085889583,0.00512637914110417,0.00487362085889583,9.74724171779166,0.00031851026646724127,0.0019873821515308545,5.848345030674996,0.025,0.0,-0.03,0.0,1.0,0.0,0.01
26,0.8666649885979589,41,0.03812357300969682,0.0,-0.026120971414068255,0.0038790285859317437,0.0061209714140682565,12.241942828136512,0.000815133722929655,0.002223200417029979,7.345165696881907,0.025,0.0,-0.03,0.0,1.0,0.0,0.01
26,0.8666649885979589,42,0.038105568649941725,0.0,-0.027368385113282646,0.002631614886717353,0.007368385113282647,14.736770226565294,0.00030628834833125755,0.002456256597903671,8.842062135939177,0.025,0.0,-0.03,0.0,1.0,0.0,0.01
26,0.8666649885979589,43,0.03809460125776506,0.0,-0.02861585680323285,0.0013841431967671486,0.008615856803232852,17.231713606465703,0.000790667976268529,0.002688050860237617,10.339028163879421,0.025,0.0,-0.03,0.0,1.0,0.0,0.01
26,0.8666649885979589,44,0.03809316453956262,0.0,-0.02986335086042433,0.00013664913957566957,0.00986335086042433,19.726701720848663,0.0003523631943250953,0.0029266410763743055,11.836021032509198,0.025,0.0,-0.03,0.0,1.0,0.0,0.01
26,0.8666649885979589,45,0.03810373810448369,0.0,-0.031110763406402724,0.0011107634064027247,0.008889236593597276,17.77847318719455,-0.0007184121627864352,0.0031524381859437275,10.667083912316729,0.025,0.0,-0.03,0.0,1.0,0.0,0.01
26,0.8666649885979589,46,0.038128782787008875,0.0,-0.03235793029686197,0.0023579302968619736,0.007642069703138027,15.284139406276052,-0.0004581245989473701,0.003394257007850653,9.170483643765632,0.025,0.0,-0.03,0.0,1.0,0.0,0.01
26,0.8666649885979589,47,0.038173419206447894,0.0,-0.033605521846099856,0.0036055218460998573,0.006394478153900143,12.788956307800285,-0.0006165457956892407,0.0036322185340462733,7.673373784680171,0.025,0.0,-0.03,0.0,1.0,0.0,0.01
26,0.8666649885979589,48,0.039312905302237085,0.0,-0.03309939715820344,0.00309939715820344,0.00690060284179656,13.80120568359312,-0.0011004031504683715,0.003366778435413615,8.280723410155872,0.025,0.0,-0.03,0.0,1.0,0.0,0.01
26,0.8666649885979589,49,0.040443261704431015,0.0,-0.032573052130700046,0.0025730521307000473,0.007426947869299953,14.853895738599906,-0.0016556838396014825,0.003151549723459424,8.912337443159943,0.025,0.0,-0.03,0.0,1.0,0.0,0.01
26,0.8666649885979589,50,0.04156504362243715,0.0,-0.032028579336661485,0.002028579336661486,0.007971420663338514,15.942841326677028,-0.002179341026869019,0.0028613195787977595,9.565704796006216,0.025,0.0,-0.03,0.0,1.0,0.0,0.01
26,0.8666649885979589,51,0.04267895362763308,0.0,-0.03146804594777403,0.001468045947774034,0.008531954052225966,17.063908104451933,-0.0027280222432237594,0.0026216853727270705,10.238344862671159,0.025,0.0,-0.03,0.0,1.0,0.0,0.01
26,0.8666649885979589,52,0.04378574532403283,0.0,-0.030893532308764002,0.0008935323087640029,0.009106467691235997,18.212935382471994,-0.003243890407466409,0.0023110887932936,10.927761229483195,0.025,0.0,-0.03,0.0,1.0,0.0,0.01
26,0.8666649885979589,53,0.044886318194144126,0.0,-0.030307077975982987,0.0003070779759829882,0.009692922024017012,19.385844048034024,-0.0038015663789302016,0.0020750308666414837,11.631506428820414,0.025,0.0,-0.03,0.0,1.0,0.0,0.01
26,0.8666649885979589,54,0.04598157971720096,0.0,-0.029710745023742845,0.0002892549762571542,0.009710745023742846,19.42149004748569,0.004295051657778476,0.0017196023845841347,11.652894028491414,0.025,0.0,-0.03,0.0,1.0,0.0,0.01
26,0.8666649885979589,55,0.04707257473230095,0.0,-0.029106545194378056,0.0008934548056219425,0.009106545194378058,18.213090388756115,0.0048778308163551975,0.0015207118052747715,10.927854233253669,0.025,0.0,-0.03,0.0,1.0,0.0,0.01
26,0.8666649885979589,56,0.04816031795949766,0.0,-0.028496523146154796,0.001503476853845203,0.008496523146154797,16.993046292309593,0.00533484078659186,0.0010979574834701236,10.195827775385755,0.025,0.0,-0.03,0.0,1.0,0.0,0.01
26,0.8666649885979589,57,0.04924594613994026,0.0,-0.027882669963703442,0.0021173300362965566,0.007882669963703444,15.765339927406886,0.0059565674054182,0.0009646057028032764,9.459203956444131,0.025,0.0,-0.03,0.0,1.0,0.0,0.01
26,0.8666649885979589,58,0.050330533264241493,0.0,-0.027267019098530677,0.0027329809014693222,0.007267019098530678,14.534038197061356,0.00636750530767517,0.00045906867654849803,8.720422918236814,0.025,0.0,-0.03,0.0,1.0,0.0,0.01
26,0.8666649885979589,59,0.05141525394204626,0.0,-0.026651552701670148,0.0033484472983298513,0.006651552701670149,13.303105403340298,0.007036231215183218,0.0004109309805307545,7.981863242004179,0.025,0.0,-0.03,0.0,1.0,0.0,0.01
26,0.8666649885979589,60,0.05250119241311348,0.0,-0.026038302482911266,0.003961697517088733,0.006038302482911267,12.076604965822535,0.0073995613567240355,0.0001813035200764956,7.2459629794935205,0.025,0.0,-0.03,0.0,1.0,0.0,0.01
26,0.8666649885979589,61,0.05358950744272085,0.0,-0.025429255038000913,0.004570744961999086,0.005429255038000914,10.858510076001828,0.008113349729433101,0.00013958966805586813,6.5151060456010965,0.025,0.0,-0.03,0.0,1.0,0.0,0.01
26,0.8666649885979589,62,0.05468124355976444,0.0,-0.024826450574045006,0.005173549425954993,0.004826450574045007,9.652901148090015,0.008442635382937288,0.0008068205495140361,5.791740688854008,0.025,0.0,-0.03,0.0,1.0,0.0,0.01
26,0.8666649885979589,63,0.055777491742821296,0.0,-0.024231893814847416,0.005768106185152583,0.004231893814847417,8.463787629694835,0.009130353038027766,0.0006579855618457343,5.078272577816901,0.025,0.0,-0.03,0.0,1.0,0.0,0.01
26,0.8666649885979589,64,0.0570228361662312,0.0,-0.024207574450702818,0.005792425549297181,0.004207574450702819,8.415148901405638,0.00966679501118063,0.0012007623571196782,5.049089340843383,0.025,0.0,-0.03,0.0,1.0,0.0,0.01
26,0.8666649885979589,65,0.058268307879526984,0.0,-0.024189131376259037,0.005810868623740962,0.004189131376259038,8.378262752518076,0.010280941713372462,0.0005789330873912606,5.026957651510846,0.025,0.0,-0.03,0.0,1.0,0.0,0.01
26,0.8666649885979589,66,0.05951382305070666,0.0,-0.024176534773952423,0.005823465226047576,0.004176534773952424,8.353069547904848,0.010874895179815105,0.0012923475917633706,5.011841728742909,0.025,0.0,-0.03,0.0,1.0,0.0,0.01
26,0.8666649885979589,67,0.0607594165497417,0.0,-0.024169737352193094,0.005830262647806905,0.004169737352193096,8.339474704386191,0.01148128941711132,0.0005370838823604434,5.0036848226317145,0.025,0.0,-0.03,0.0,1.0,0.0,0.01
26,0.8666649885979589,68,0.06200499244350515,0.0,-0.02416867889203991,0.005831321107960089,0.004168678892039911,8.337357784079822,0.012081313401487364,0.0013201598247610225,5.002414670447894,0.025,0.0,-0.03,0.0,1.0,0.0,0.01
26,0.8666649885979589,69,0.0632506000520709,0.0,-0.024173284823180118,0.005826715176819881,0.004173284823180119,8.346569646360237,0.012680972723566985,0.0005395226553804044,5.007941787816142,0.025,0.0,-0.03,0.0,1.0,0.0,0.01
26,0.8666649885979589,70,0.06449613264757297,0.0,-0.024183466607999433,0.005816533392000566,0.004183466607999434,8.366933215998868,0.013287622764790976,0.0012811127336516948,5.020159929599321,0.025,0.0,-0.03,0.0,1.0,0.0,0.01
26,0.8666649885979589,71,0.0657416546724844,0.0,-0.02419912321638972,0.005800876783610277,0.004199123216389723,8.398246432779446,0.013881556683778506,0.0005848236354223413,5.038947859667668,0.025,0.0,-0.03,0.0,1.0,0.0,0.01
26,0.8666649885979589,72,0.06698704990803944,0.0,-0.024220138522723714,0.005779861477276285,0.004220138522723715,8.44027704544743,0.014492361896836567,0.0011835740953661886,5.064166227268458,0.025,0.0,-0.03,0.0,1.0,0.0,0.01
26,0.8666649885979589,73,0.06823239805734668,0.0,-0.024246386269689738,0.005753613730310261,0.004246386269689739,8.492772539379478,0.015083943946448474,0.0006587925654274698,5.095663523627687,0.025,0.0,-0.03,0.0,1.0,0.0,0.01
26,0.8666649885979589,74,0.06947757527360171,0.0,-0.024277723780692848,0.005722276219307151,0.0042777237806928495,8.5554475613857,0.015694830965250785,0.0010480116090701434,5.1332685368314195,0.025,0.0,-0.03,0.0,1.0,0.0,0.01
26,0.8666649885979589,75,0.07072267557510335,0.0,-0.02431400101053365,0.00568599898946635,0.00431400101053365,8.6280020210673,0.016288199176989357,0.0007383828036827001,5.176801212640379,0.025,0.0,-0.03,0.0,1.0,0.0,0.01
26,0.8666649885979589,76,0.07196757033990299,0.0,-0.02435505010847368,0.005644949891526318,0.004355050108473682,8.710100216947366,0.01689530028596504,0.0009013465086754337,5.2260601301684195,0.025,0.0,-0.03,0.0,1.0,0.0,0.01
26,0.8666649885979589,77,0.07321236546001142,0.0,-0.024400698824427032,0.005599301175572967,0.004400698824427033,8.801397648854067,0.01749337022033704,0.000794867069281359,5.28083858931244,0.025,0.0,-0.03,0.0,1.0,0.0,0.01
26,0.8666649885979589,78,0.07445693162655428,0.0,-0.024450755874247172,0.005549244125752827,0.004450755874247174,8.901511748494347,0.01809504999954197,0.0007755727430557502,5.340907049096608,0.025,0.0,-0.03,0.0,1.0,0.0,0.01
26,0.8666649885979589,79,0.07570138256797743,0.0,-0.024505028446502562,0.005494971553497437,0.0045050284465025636,9.010056893005126,0.01869784223851485,0.0007993293680147557,5.4060341358030755,0.025,0.0,-0.03,0.0,1.0,0.0,0.01
26,0.8666649885979589,80,0.07695016458540918,0.0,-0.024559514053243966,0.005440485946756033,0.004559514053243967,9.119028106487935,0.019298033494534926,0.000695637425381275,5.4714168638927605,0.025,0.0,-0.03,0.0,1.0,0.0,0.01
27,0.8999982573901881,37,0.038262331989009635,0.0,-0.021110395254275903,0.008889604745724096,0.0011103952542759043,2.2207905085518087,0.0006410593236623738,0.0014645717126940331,1.3324743051310852,0.025,0.0,-0.03,0.0,1.0,0.0,0.01
27,0.8999982573901881,38,0.03824960432638833,0.0,-0.02235786868578572,0.0076421313142142795,0.0023578686857857207,4.715737371571441,0.000714537121804247,0.0017271529363870955,2.8294424229428645,0.025,0.0,-0.03,0.0,1.0,0.0,0.01
27,0.8999982573901881,39,0.03823390097313677,0.0,-0.023605316040265466,0.006394683959734533,0.003605316040265467,7.210632080530934,0.0006325511499104367,0.001990879412431301,4.326379248318561,0.025,0.0,-0.03,0.0,1.0,0.0,0.01
27,0.8999982573901881,40,0.038217727317526984,0.0,-0.02485275900023338,0.0051472409997666176,0.004852759000233383,9.705518000466766,0.0007060340960448983,0.0022548042010941444,5.823310800280059,0.025,0.0,-0.03,0.0,1.0,0.0,0.01
27,0.8999982573901881,41,0.038203589386965574,0.0,-0.026100219629383047,0.0038997803706169523,0.006100219629383048,12.200439258766096,0.0006363778078318747,0.0025194538559177434,7.3202635552596576,0.025,0.0,-0.03,0.0,1.0,0.0,0.01
27,0.8999982573901881,42,0.038193990474179915,0.0,-0.02734771083173905,0.002652289168260949,0.007347710831739051,14.695421663478102,0.0006857533827881901,0.0027835701058632205,8.817252998086861,0.025,0.0,-0.03,0.0,1.0,0.0,0.01
27,0.8999982573901881,43,0.038191427582419994,0.0,-0.028595214617188423,0.0014047853828115762,0.008595214617188424,17.190429234376847,0.0006573581706979615,0.0030482831625526898,10.314257540626107,0.025,0.0,-0.03,0.0,1.0,0.0,0.01
27,0.8999982573901881,44,0.038198387637676114,0.0,-0.029842674868309087,0.00015732513169091147,0.009842674868309089,19.68534973661818,0.0006591650255224432,0.0033124085610452365,11.811209841970907,0.025,0.0,-0.03,0.0,1.0,0.0,0.01
27,0.8999982573901881,45,0.03821734305619293,0.0,-0.031089974876902637,0.0010899748769026378,0.008910025123097362,17.820050246194725,-0.0006967550854888596,0.0035755451931443376,10.692030147716835,0.025,0.0,-0.03,0.0,1.0,0.0,0.01
27,0.8999982573901881,46,0.038250746909785346,0.0,-0.03233693099644698,0.0023369309964469814,0.007663069003553019,15.326138007106037,-0.0006347587416459427,0.003831439840341089,9.195682804263623,0.025,0.0,-0.03,0.0,1.0,0.0,0.01
27,0.8999982573901881,47,0.03830379641970721,0.0,-0.03358421101157748,0.003584211011577479,0.006415788988422521,12.831577976845043,-0.0007565898706260003,0.004192620961932617,7.698946786107026,0.025,0.0,-0.03,0.0,1.0,0.0,0.01
27,0.8999982573901881,48,0.039435169394884506,0.0,-0.03306016159868821,0.003060161598688209,0.006939838401311791,13.879676802623583,-0.0011149819820305614,0.0036233530784178978,8.327806081574149,0.025,0.0,-0.03,0.0,1.0,0.0,0.01
27,0.8999982573901881,49,0.04055704563568746,0.0,-0.032515950125468505,0.0025159501254685065,0.007484049874531494,14.968099749062988,-0.0019318678800194103,0.003952480013018711,8.980859849437792,0.025,0.0,-0.03,0.0,1.0,0.0,0.01
27,0.8999982573901881,50,0.04167002925179651,0.0,-0.03195366432477137,0.0019536643247713703,0.00804633567522863,16.09267135045726,-0.002056919367665432,0.0028604821604926484,9.655602810274354,0.025,0.0,-0.03,0.0,1.0,0.0,0.01
27,0.8999982573901881,51,0.04277483855806278,0.0,-0.03137538059960809,0.0013753805996080878,0.008624619400391912,17.249238800783825,-0.003113525758016248,0.0036153249763603316,10.349543280470295,0.025,0.0,-0.03,0.0,1.0,0.0,0.01
27,0.8999982573901881,52,0.04387228820413776,0.0,-0.030783164966356857,0.0007831649663568585,0.009216835033643142,18.433670067286283,-0.0030073037930308973,0.002122300619009996,11.060202040371768,0.025,0.0,-0.03,0.0,1.0,0.0,0.01
27,0.8999982573901881,53,0.04496328518578055,0.0,-0.0301790677744475,0.0001790677744475007,0.0098209322255525,19.641864451105,-0.004261290699016347,0.0031821835926006347,11.785118670663,0.025,0.0,-0.03,0.0,1.0,0.0,0.01
27,0.8999982573901881,54,0.046048806770495394,0.0,-0.02956512877290852,0.00043487122709147744,0.009565128772908523,19.130257545817045,0.003985069783831576,0.0014270569022208656,11.478154527490227,0.025,0.0,-0.03,0.0,1.0,0.0,0.01
27,0.8999982573901881,55,0.04712989969066797,0.0,-0.028943371661818762,0.001056628338181237,0.008943371661818763,17.886743323637525,0.005364859968187517,0.002658288308872571,10.732045994182515,0.025,0.0,-0.03,0.0,1.0,0.0,0.01
27,0.8999982573901881,56,0.04820765354042627,0.0,-0.028315813364222273,0.0016841866357777263,0.008315813364222274,16.631626728444548,0.004998196979165839,0.0007807852078062532,9.978976037066728,0.025,0.0,-0.03,0.0,1.0,0.0,0.01
27,0.8999982573901881,57,0.04928320435840347,0.0,-0.02768445720991553,0.0023155427900844704,0.00768445720991553,15.368914419831059,0.0064249022381011175,0.002061304694551976,9.221348651898635,0.025,0.0,-0.03,0.0,1.0,0.0,0.01
27,0.8999982573901881,58,0.05035770246219911,0.0,-0.027051306563760983,0.002948693436239016,0.007051306563760984,14.102613127521968,0.006045055412157227,0.0001785443256076787,8.46156787651318,0.025,0.0,-0.03,0.0,1.0,0.0,0.01
27,0.8999982573901881,59,0.05143232217817126,0.0,-0.026418355093240233,0.0035816449067597664,0.006418355093240234,12.836710186480468,0.007451867011339338,0.0014185556863232083,7.702026111888281,0.025,0.0,-0.03,0.0,1.0,0.0,0.01
27,0.8999982573901881,60,0.0525082221926278,0.0,-0.025787605205601843,0.004212394794398156,0.005787605205601844,11.575210411203688,0.0071162146771284185,0.00039246586238327736,6.945126246722213,0.025,0.0,-0.03,0.0,1.0,0.0,0.01
27,0.8999982573901881,61,0.053586564136303125,0.0,-0.025161053392672123,0.004838946607327876,0.0051610533926721245,10.32210678534425,0.008461264872508464,0.0007636227990947032,6.19326407120655,0.025,0.0,-0.03,0.0,1.0,0.0,0.01
27,0.8999982573901881,62,0.05466846219846977,0.0,-0.024540714330970142,0.005459285669029857,0.004540714330970143,9.081428661940286,0.008213648518719278,0.000956342418941573,5.4488571971641715,0.025,0.0,-0.03,0.0,1.0,0.0,0.01
27,0.8999982573901881,63,0.05575501523921315,0.0,-0.02392859963079842,0.00607140036920158,0.00392859963079842,7.85719926159684,0.009310607433875297,0.00021808597126627213,4.714319556958103,0.025,0.0,-0.03,0.0,1.0,0.0,0.01
27,0.8999982573901881,64,0.056999814106751055,0.0,-0.023884268708296505,0.006115731291703494,0.0038842687082965063,7.768537416593013,0.009660095388373114,0.001465513958403187,4.6611224499558075,0.025,0.0,-0.03,0.0,1.0,0.0,0.01
27,0.8999982573901881,65,0.05824482185453058,0.0,-0.023845812248889802,0.006154187751110197,0.0038458122488898034,7.691624497779607,0.010336835956149263,0.0004344516516356446,4.614974698667764,0.025,0.0,-0.03,0.0,1.0,0.0,0.01
27,0.8999982573901881,66,0.05948997945392478,0.0,-0.023813199958991237,0.006186800041008762,0.0038131999589912386,7.626399917982477,0.010877662696575975,0.0017566978390022318,4.575839950789486,0.025,0.0,-0.03,0.0,1.0,0.0,0.01
27,0.8999982573901881,67,0.06073529678627707,0.0,-0.02378638477785612,0.006213615222143878,0.003786384777856122,7.572769555712243,0.01153074650933464,0.0006712340028141327,4.543661733427346,0.025,0.0,-0.03,0.0,1.0,0.0,0.01
27,0.8999982573901881,68,0.0619806996519824,0.0,-0.02376530755258316,0.00623469244741684,0.0037653075525831605,7.530615105166321,0.012083619850890223,0.002055194729084717,4.518369063099793,0.025,0.0,-0.03,0.0,1.0,0.0,0.01
27,0.8999982573901881,69,0.06322621541516701,0.0,-0.023749893338911053,0.006250106661088946,0.0037498933389110544,7.499786677822109,0.012721838961858625,0.0009381491184732823,4.499872006693265,0.025,0.0,-0.03,0.0,1.0,0.0,0.01
27,0.8999982573901881,70,0.06447175448016534,0.0,-0.02374005510384325,0.006259944896156749,0.0037400551038432508,7.480110207686502,0.01329416854159183,0.0023578980811916474,4.488066124611901,0.025,0.0,-0.03,0.0,1.0,0.0,0.01
27,0.8999982573901881,71,0.06571736351638097,0.0,-0.023735690981521382,0.006264309018478617,0.003735690981521383,7.4713819630427665,0.013908522750152386,0.001222596498612723,4.48282917782566,0.025,0.0,-0.03,0.0,1.0,0.0,0.01
27,0.8999982573901881,72,0.06696293813504896,0.0,-0.023736686687582793,0.006263313312417206,0.003736686687582794,7.473373375165588,0.014509236228684023,0.002644550495233549,4.484024025099353,0.025,0.0,-0.03,0.0,1.0,0.0,0.01
27,0.8999982573901881,73,0.06820854474621788,0.0,-0.023742914747349478,0.006257085252650521,0.003742914747349479,7.485829494698958,0.015091138413600698,0.0014963036434494546,4.4914976968193745,0.025,0.0,-0.03,0.0,1.0,0.0,0.01
27,0.8999982573901881,74,0.06945406619349062,0.0,-0.023754234547771935,0.006245765452228064,0.003754234547771936,7.508469095543871,0.01572776193383111,0.0028823000265360546,4.505081457326322,0.025,0.0,-0.03,0.0,1.0,0.0,0.01
27,0.8999982573901881,75,0.07069958718170712,0.0,-0.02377049453850452,0.0062295054614954805,0.0037704945385045197,7.54098907700904,0.016271146430496496,0.0017220969519923905,4.524593446205424,0.025,0.0,-0.03,0.0,1.0,0.0,0.01
27,0.8999982573901881,76,0.07194498148605454,0.0,-0.023791529040038433,0.006208470959961566,0.0037915290400384345,7.583058080076869,0.016947542829319026,0.003033907698252703,4.549834848046121,0.025,0.0,-0.03,0.0,1.0,0.0,0.01
27,0.8999982573901881,77,0.07319034865545725,0.0,-0.02381716410254132,0.006182835897458678,0.0038171641025413223,7.634328205082644,0.017451129513055396,0.0018626442331431293,4.580596923049586,0.025,0.0,-0.03,0.0,1.0,0.0,0.01
27,0.8999982573901881,78,0.07443555867643184,0.0,-0.0238472106162159,0.0061527893837841005,0.0038472106162158997,7.694421232431799,0.018165160966153764,0.0030666819534221137,4.616652739459079,0.025,0.0,-0.03,0.0,1.0,0.0,0.01
27,0.8999982573901881,79,0.07568072070268426,0.0,-0.023881473962764313,0.006118526037235686,0.0038814739627643143,7.7629479255286284,0.0186373368975469,0.0018895982546763388,4.657768755317177,0.025,0.0,-0.03,0.0,1.0,0.0,0.01
27,0.8999982573901881,80,0.07693021735346726,0.0,-0.023915878069929234,0.006084121930070765,0.003915878069929235,7.831756139858471,0.019372310934380032,0.0029977066005692854,4.699053683915082,0.025,0.0,-0.03,0.0,1.0,0.0,0.01
28,0.9333315261824173,37,0.03831220526422913,0.0,-0.021087119460562218,0.00891288053943778,0.0010871194605622195,2.1742389211244393,0.0005035790563940852,0.0015215991124844066,1.3045433526746635,0.025,0.0,-0.03,0.0,1.0,0.0,0.01
28,0.9333315261824173,38,0.038308431638990545,0.0,-0.022334637970531132,0.007665362029468867,0.0023346379705311334,4.669275941062267,0.0009374031332478091,0.0017893915269176493,2.80156556463736,0.025,0.0,-0.03,0.0,1.0,0.0,0.01
28,0.9333315261824173,39,0.03830170583652372,0.0,-0.02358214979562756,0.006417850204372438,0.003582149795627562,7.164299591255124,0.0004818382445359338,0.0020669478848787497,4.298579754753074,0.025,0.0,-0.03,0.0,1.0,0.0,0.01
28,0.9333315261824173,40,0.038294526322342703,0.0,-0.02482966235240498,0.00517033764759502,0.00482966235240498,9.659324704809961,0.0009427373254681628,0.002336865621622356,5.795594822885977,0.025,0.0,-0.03,0.0,1.0,0.0,0.01
28,0.9333315261824173,41,0.03828939212923524,0.0,-0.02607717657908697,0.003922823420913029,0.006077176579086971,12.154353158173942,0.0004878799062859005,0.0026156645627157383,7.292611894904365,0.025,0.0,-0.03,0.0,1.0,0.0,0.01
28,0.9333315261824173,42,0.038288799497738786,0.0,-0.027324689652349944,0.0026753103476500548,0.0073246896523499454,14.649379304699892,0.0009174514323475937,0.0028841445632307246,8.789627582819934,0.025,0.0,-0.03,0.0,1.0,0.0,0.01
28,0.9333315261824173,43,0.03829523807696867,0.0,-0.028572163916656325,0.001427836083343674,0.008572163916656326,17.14432783331265,0.000533190551405393,0.0031653906080105114,10.28659669998759,0.025,0.0,-0.03,0.0,1.0,0.0,0.01
28,0.9333315261824173,44,0.038311187144468635,0.0,-0.029819526655238925,0.0001804733447610743,0.009819526655238926,19.639053310477852,0.0008622558885962413,0.003430809453498202,11.783431986286711,0.025,0.0,-0.03,0.0,1.0,0.0,0.01
28,0.9333315261824173,45,0.03833911094160707,0.0,-0.03106664299252922,0.0010666429925292216,0.008933357007470779,17.866714014941557,-0.0006210960497071105,0.00371237459720761,10.720028408964934,0.025,0.0,-0.03,0.0,1.0,0.0,0.01
28,0.9333315261824173,46,0.038381453842612254,0.0,-0.032313312907015106,0.0023133129070151068,0.007686687092984893,15.373374185969787,-0.0007876637752998575,0.003974341049349662,9.224024511581872,0.025,0.0,-0.03,0.0,1.0,0.0,0.01
28,0.9333315261824173,47,0.038443490690673925,0.0,-0.033560194229098866,0.0035601942290988675,0.006439805770901133,12.879611541802266,-0.0007452869920071718,0.004289742650243584,7.727766925081359,0.025,0.0,-0.03,0.0,1.0,0.0,0.01
28,0.9333315261824173,48,0.03956646765213864,0.0,-0.03301835629073094,0.003018356290730939,0.006981643709269061,13.963287418538123,-0.0012336048072857952,0.0039014283786166217,8.377972451122874,0.025,0.0,-0.03,0.0,1.0,0.0,0.01
28,0.9333315261824173,49,0.04067958965851715,0.0,-0.03245642207846985,0.0024564220784698484,0.007543577921530152,15.087155843060303,-0.0018862309063952432,0.003888448627057748,9.052293505836182,0.025,0.0,-0.03,0.0,1.0,0.0,0.01
28,0.9333315261824173,50,0.04178349205471588,0.0,-0.03187648196478703,0.0018764819647870343,0.008123518035212966,16.24703607042593,-0.002223857477294603,0.0032417134523307213,9.748221642255558,0.025,0.0,-0.03,0.0,1.0,0.0,0.01
28,0.9333315261824173,51,0.042878933885054475,0.0,-0.03128060826077821,0.001280608260778214,0.008719391739221786,17.438783478443572,-0.0029995878052716755,0.0034292904029205942,10.463270087066142,0.025,0.0,-0.03,0.0,1.0,0.0,0.01
28,0.9333315261824173,52,0.04396675922785215,0.0,-0.030670867226030123,0.0006708672260301238,0.009329132773969876,18.658265547939752,-0.0032179549822603385,0.002578054205872897,11.19495932876385,0.025,0.0,-0.03,0.0,1.0,0.0,0.01
28,0.9333315261824173,53,0.04504791963858181,0.0,-0.03004929966712749,4.9299667127491315e-05,0.009950700332872509,19.90140066574502,-0.004090242492497314,0.00290589660802008,11.94084039944701,0.025,0.0,-0.03,0.0,1.0,0.0,0.01
28,0.9333315261824173,54,0.046123419922266706,0.0,-0.029417943983895172,0.0005820560161048267,0.009417943983895173,18.835887967790345,0.004221757496878105,0.0019216838269573526,11.301532780674206,0.025,0.0,-0.03,0.0,1.0,0.0,0.01
28,0.9333315261824173,55,0.04719435429669397,0.0,-0.028778809947082356,0.001221190052917643,0.008778809947082357,17.557619894164713,0.005157966684884991,0.0023319349906707723,10.534571936498827,0.025,0.0,-0.03,0.0,1.0,0.0,0.01
28,0.9333315261824173,56,0.048261838215994106,0.0,-0.02813391222542756,0.0018660877745724398,0.00813391222542756,16.26782445085512,0.0052343505110216335,0.001270058243438702,9.760694670513072,0.025,0.0,-0.03,0.0,1.0,0.0,0.01
28,0.9333315261824173,57,0.049327057177628794,0.0,-0.02748523721007303,0.002514762789926968,0.007485237210073032,14.970474420146065,0.006211990743591479,0.0017333403988249187,8.982284652087639,0.025,0.0,-0.03,0.0,1.0,0.0,0.01
28,0.9333315261824173,58,0.05039118620645028,0.0,-0.02683478566063857,0.0031652143393614274,0.006834785660638573,13.669571321277145,0.006247279549833147,0.0006104894604184488,8.201742792766286,0.025,0.0,-0.03,0.0,1.0,0.0,0.01
28,0.9333315261824173,59,0.051455449966706826,0.0,-0.02618453295191071,0.003815467048089289,0.006184532951910711,12.369065903821422,0.007268199353913799,0.0011439613025630352,7.421439542292853,0.025,0.0,-0.03,0.0,1.0,0.0,0.01
28,0.9333315261824173,60,0.05252103157615502,0.0,-0.02553647889579185,0.004463521104208151,0.00553647889579185,11.072957791583699,0.007248468099805186,7.492551032253276e-05,6.643774674950219,0.025,0.0,-0.03,0.0,1.0,0.0,0.01
28,0.9333315261824173,61,0.053589142469764255,0.0,-0.024892602264925498,0.005107397735074501,0.004892602264925499,9.785204529850999,0.008342578625268347,0.0006006708279867503,5.871122717910599,0.025,0.0,-0.03,0.0,1.0,0.0,0.01
28,0.9333315261824173,62,0.05466092229613967,0.0,-0.024254915235671345,0.0057450847643286534,0.004254915235671347,8.509830471342694,0.008243413256049837,0.0008127573726626418,5.105898282805616,0.025,0.0,-0.03,0.0,1.0,0.0,0.01
28,0.9333315261824173,63,0.05573751742733579,0.0,-0.023625414668184356,0.006374585331815643,0.0036254146681843572,7.250829336368715,0.009275483064508478,0.00023535839934723352,4.350497601821228,0.025,0.0,-0.03,0.0,1.0,0.0,0.01
28,0.9333315261824173,64,0.056981442714136014,0.0,-0.02356112217517668,0.00643887782482332,0.0035611221751766804,7.122244350353361,0.009613275939163344,0.0015801366342263208,4.273346610212016,0.025,0.0,-0.03,0.0,1.0,0.0,0.01
28,0.9333315261824173,65,0.05822567444691437,0.0,-0.023502699277395338,0.006497300722604661,0.003502699277395339,7.005398554790678,0.010334241717440356,0.0007062348905986464,4.2032391328744065,0.025,0.0,-0.03,0.0,1.0,0.0,0.01
28,0.9333315261824173,66,0.05947014767454337,0.0,-0.023450117311088287,0.006549882688911712,0.003450117311088288,6.900234622176575,0.010811439181228516,0.0021886482246284583,4.140140773305945,0.025,0.0,-0.03,0.0,1.0,0.0,0.01
28,0.9333315261824173,67,0.06071487390742207,0.0,-0.023403328930900098,0.006596671069099901,0.003403328930900099,6.806657861800198,0.011539420583174864,0.0012445886647832324,4.0839947170801185,0.025,0.0,-0.03,0.0,1.0,0.0,0.01
28,0.9333315261824173,68,0.0619597796655582,0.0,-0.023362276163565798,0.006637723836434201,0.003362276163565799,6.7245523271315975,0.012004338787708598,0.002844800094765607,4.034731396278958,0.025,0.0,-0.03,0.0,1.0,0.0,0.01
28,0.9333315261824173,69,0.06320488449011895,0.0,-0.023326883851591994,0.006673116148408004,0.003326883851591996,6.653767703183991,0.012737071023457362,0.0018421909590959893,3.9922606219103947,0.025,0.0,-0.03,0.0,1.0,0.0,0.01
28,0.9333315261824173,70,0.0644501098053041,0.0,-0.023297066100419823,0.0067029338995801754,0.0032970661004198248,6.59413220083965,0.013207204664910502,0.003520670444510444,3.9564793205037896,0.025,0.0,-0.03,0.0,1.0,0.0,0.01
28,0.9333315261824173,71,0.06569548180092386,0.0,-0.023272720757223794,0.006727279242776205,0.0032727207572237956,6.5454415144475915,0.013924824375529811,0.0024573992674011657,3.9272649086685547,0.025,0.0,-0.03,0.0,1.0,0.0,0.01
28,0.9333315261824173,72,0.0669409199857428,0.0,-0.02325373475933498,0.0067462652406650205,0.0032537347593349798,6.50746951866996,0.014420686231004343,0.004163935015397247,3.9044817112019756,0.025,0.0,-0.03,0.0,1.0,0.0,0.01
28,0.9333315261824173,73,0.06818645594470228,0.0,-0.023239980089431227,0.006760019910568772,0.003239980089431228,6.479960178862456,0.0151026908841891,0.0030277628094842165,3.8879761073174732,0.025,0.0,-0.03,0.0,1.0,0.0,0.01
28,0.9333315261824173,74,0.06943201001643967,0.0,-0.023231317611146506,0.006768682388853493,0.0032313176111465076,6.462635222293015,0.015643554476563463,0.004706278859431898,3.877581133375809,0.025,0.0,-0.03,0.0,1.0,0.0,0.01
28,0.9333315261824173,75,0.07067761814094367,0.0,-0.02322759478186638,0.0067724052181336175,0.0032275947818663827,6.455189563732765,0.016272801614952485,0.003480381246172322,3.8731137382396588,0.025,0.0,-0.03,0.0,1.0,0.0,0.01
28,0.9333315261824173,76,0.07192320371798311,0.0,-0.02322864780565878,0.006771352194341218,0.003228647805658782,6.457295611317564,0.0168724058147504,0.005075790753129082,3.8743773667905383,0.025,0.0,-0.03,0.0,1.0,0.0,0.01
28,0.9333315261824173,77,0.07316880618419914,0.0,-0.023234301158115846,0.006765698841884153,0.003234301158115847,6.468602316231694,0.01743942707850548,0.0037458743439946047,3.8811613897390163,0.025,0.0,-0.03,0.0,1.0,0.0,0.01
28,0.9333315261824173,78,0.07441435373927505,0.0,-0.02324436808256698,0.00675563191743302,0.0032443680825669802,6.48873616513396,0.018101511876492987,0.005211915655581645,3.893241699080376,0.025,0.0,-0.03,0.0,1.0,0.0,0.01
28,0.9333315261824173,79,0.0756598885518242,0.0,-0.023258651804186025,0.006741348195813974,0.0032586518041860264,6.517303608372052,0.01861341507429281,0.0037735815235164943,3.9103821650232313,0.025,0.0,-0.03,0.0,1.0,0.0,0.01
28,0.9333315261824173,80,0.07690979273180823,0.0,-0.023273005895258284,0.006726994104741715,0.003273005895258285,6.54601179051657,0.01931338978926795,0.005144292744353602,3.9276070743099414,0.025,0.0,-0.03,0.0,1.0,0.0,0.01
29,0.9666647949746465,37,0.038363260260200684,0.0,-0.021062966844269698,0.0089370331557303,0.0010629668442696995,2.125933688539399,0.0006123283852870695,0.0015444954113356002,1.2755602131236394,0.025,0.0,-0.03,0.0,1.0,0.0,0.01
29,0.9666647949746465,38,0.038368655024113886,0.0,-0.022310463077269194,0.007689536922730805,0.002310463077269195,4.62092615453839,0.0008435803361227326,0.0018171220386705956,2.7725556927230337,0.025,0.0,-0.03,0.0,1.0,0.0,0.01
29,0.9666647949746465,39,0.03837112125725332,0.0,-0.02355797585131354,0.00644202414868646,0.00355797585131354,7.11595170262708,0.000646915019881411,0.002098026029875003,4.2695710215762475,0.025,0.0,-0.03,0.0,1.0,0.0,0.01
29,0.9666647949746465,40,0.03837315004688115,0.0,-0.024805491005723594,0.005194508994276405,0.0048054910057235955,9.610982011447192,0.0008041909983679057,0.002373705799804813,5.766589206868315,0.025,0.0,-0.03,0.0,1.0,0.0,0.01
29,0.9666647949746465,41,0.0383772330783123,0.0,-0.026052994261205716,0.003947005738794283,0.0060529942612057176,12.105988522411435,0.0006970906080902372,0.002653898643513164,7.263593113446861,0.025,0.0,-0.03,0.0,1.0,0.0,0.01
29,0.9666647949746465,42,0.03838585908563958,0.0,-0.02730046131379753,0.0026995386862024677,0.0073004613137975325,14.600922627595065,0.000756605420581108,0.002931336182396404,8.760553576557038,0.025,0.0,-0.03,0.0,1.0,0.0,0.01
29,0.9666647949746465,43,0.03840151002294264,0.0,-0.02854783922287715,0.0014521607771228497,0.00854783922287715,17.095678445754302,0.0007554115954579925,0.0032094062560438603,10.257407067452581,0.025,0.0,-0.03,0.0,1.0,0.0,0.01
29,0.9666647949746465,44,0.03842665703037845,0.0,-0.029795034331394146,0.00020496566860585264,0.009795034331394148,19.590068662788294,0.0007164810621496515,0.0034890345772800343,11.754041197672976,0.025,0.0,-0.03,0.0,1.0,0.0,0.01
29,0.9666647949746465,45,0.03846375586337689,0.0,-0.031041896905592236,0.001041896905592237,0.008958103094407763,17.916206188815526,-0.0008167868635931936,0.0037629504881935734,10.749723713289315,0.025,0.0,-0.03,0.0,1.0,0.0,0.01
29,0.9666647949746465,46,0.03851524170756245,0.0,-0.032288207016130825,0.0022882070161308263,0.007711792983869174,15.423585967738347,-0.0006944437383577261,0.004032814592790465,9.254151580643008,0.025,0.0,-0.03,0.0,1.0,0.0,0.01
29,0.9666647949746465,47,0.03858646652945832,0.0,-0.03353461371741549,0.003534613717415494,0.006465386282584506,12.930772565169013,-0.0008884008441316884,0.004435635131800792,7.758463539101408,0.025,0.0,-0.03,0.0,1.0,0.0,0.01
29,0.9666647949746465,48,0.03970077605628929,0.0,-0.03297513418183337,0.002975134181833372,0.007024865818166628,14.049731636333256,-0.001156323888335117,0.0037517877668388436,8.429838981799954,0.025,0.0,-0.03,0.0,1.0,0.0,0.01
29,0.9666647949746465,49,0.04080486847990506,0.0,-0.032395634758417835,0.002395634758417836,0.007604365241582164,15.208730483164327,-0.0020831207586668584,0.004244663148429592,9.125238289898595,0.025,0.0,-0.03,0.0,1.0,0.0,0.01
29,0.9666647949746465,50,0.04189942273134614,0.0,-0.03179820117784306,0.001798201177843059,0.008201798822156941,16.403597644313884,-0.002026192206439809,0.002877425107085338,9.84215858658833,0.025,0.0,-0.03,0.0,1.0,0.0,0.01
29,0.9666647949746465,51,0.04298522134864786,0.0,-0.03118490990076395,0.0011849099007639509,0.00881509009923605,17.6301801984721,-0.003304117404514084,0.003958960784596609,10.578108119083259,0.025,0.0,-0.03,0.0,1.0,0.0,0.01
29,0.9666647949746465,52,0.04406315954708342,0.0,-0.030557814875139613,0.0005578148751396138,0.009442185124860386,18.884370249720774,-0.0028909019617132563,0.002015312219899373,11.330622149832465,0.025,0.0,-0.03,0.0,1.0,0.0,0.01
29,0.9666647949746465,53,0.04513420772274976,0.0,-0.029918960739382414,8.103926061758457e-05,0.009918960739382416,19.83792147876483,0.004501176154208325,0.00359363851903448,11.902752887258897,0.025,0.0,-0.03,0.0,1.0,0.0,0.01
29,0.9666647949746465,54,0.046199427109084985,0.0,-0.02927036724522754,0.0007296327547724572,0.009270367245227543,18.540734490455087,0.0037713661200077333,0.0011795668182525674,11.124440694273051,0.025,0.0,-0.03,0.0,1.0,0.0,0.01
29,0.9666647949746465,55,0.0472599275552565,0.0,-0.028614047716794728,0.001385952283205271,0.00861404771679473,17.22809543358946,0.005661641076274363,0.0031531101484312363,10.336857260153675,0.025,0.0,-0.03,0.0,1.0,0.0,0.01
29,0.9666647949746465,56,0.04831688400815774,0.0,-0.027951993864527635,0.002048006135472364,0.007951993864527636,15.903987729055272,0.004681055420317638,0.0003807586499719683,9.542392637433164,0.025,0.0,-0.03,0.0,1.0,0.0,0.01
29,0.9666647949746465,57,0.0493714960141596,0.0,-0.027286195191747215,0.0027138048082527844,0.007286195191747216,14.572390383494431,0.006779401907584943,0.0026473985821084877,8.743434230096659,0.025,0.0,-0.03,0.0,1.0,0.0,0.01
29,0.9666647949746465,58,0.0504249991225401,0.0,-0.02661862745271263,0.0033813725472873687,0.0066186274527126315,13.237254905425264,0.005627596422430897,0.000376382996627799,7.942352943255158,0.025,0.0,-0.03,0.0,1.0,0.0,0.01
29,0.9666647949746465,59,0.05147863198521399,0.0,-0.02595126855100808,0.00404873144899192,0.00595126855100808,11.902537102016161,0.00785545349838109,0.0020925052066105925,7.141522261209697,0.025,0.0,-0.03,0.0,1.0,0.0,0.01
29,0.9666647949746465,60,0.05253363760301628,0.0,-0.02528609346791094,0.004713906532089057,0.005286093467910943,10.572186935821886,0.006612324231740132,0.001092949012218772,6.343312161493132,0.025,0.0,-0.03,0.0,1.0,0.0,0.01
29,0.9666647949746465,61,0.053591242528605074,0.0,-0.024625082974923582,0.0053749170250764165,0.004625082974923584,9.250165949847167,0.008894063911636283,0.0015116357982583768,5.5500995699083004,0.025,0.0,-0.03,0.0,1.0,0.0,0.01
29,0.9666647949746465,62,0.05465264444712386,0.0,-0.023970226616849697,0.006029773383150302,0.003970226616849698,7.9404532336993965,0.007666388667514659,0.0017961211785982164,4.764271940219638,0.025,0.0,-0.03,0.0,1.0,0.0,0.01
29,0.9666647949746465,63,0.055719006308839865,0.0,-0.023323522415063056,0.006676477584936943,0.0033235224150630575,6.647044830126115,0.009543816385170573,0.0011467207796595892,3.9882268980756685,0.025,0.0,-0.03,0.0,1.0,0.0,0.01
29,0.9666647949746465,64,0.05696174662549292,0.0,-0.023239303565713576,0.006760696434286423,0.0032393035657135773,6.478607131427155,0.009455830987429612,0.0027221849630464966,3.8871642788562926,0.025,0.0,-0.03,0.0,1.0,0.0,0.01
29,0.9666647949746465,65,0.05820487601509657,0.0,-0.023160949885862748,0.006839050114137251,0.003160949885862749,6.321899771725499,0.010376814157628443,0.0017371003841771511,3.7931398630352993,0.025,0.0,-0.03,0.0,1.0,0.0,0.01
29,0.9666647949746465,66,0.05944835296605646,0.0,-0.023088431497433046,0.006911568502566953,0.003088431497433047,6.176862994866094,0.010673882674269228,0.0033998810112191285,3.7061177969196564,0.025,0.0,-0.03,0.0,1.0,0.0,0.01
29,0.9666647949746465,67,0.060692162173345374,0.0,-0.02302170248068394,0.00697829751931606,0.00302170248068394,6.04340496136788,0.011575682099243001,0.0022309572684489623,3.626042976820728,0.025,0.0,-0.03,0.0,1.0,0.0,0.01
29,0.9666647949746465,68,0.06193625739908368,0.0,-0.022960704556790643,0.007039295443209356,0.0029607045567906446,5.921409113581289,0.011869919710724193,0.003977251555457844,3.552845468148773,0.025,0.0,-0.03,0.0,1.0,0.0,0.01
29,0.9666647949746465,69,0.06318062670657701,0.0,-0.022905363765679056,0.0070946362343209425,0.0029053637656790577,5.810727531358116,0.01276505820807899,0.002643620134262473,3.486436518814869,0.025,0.0,-0.03,0.0,1.0,0.0,0.01
29,0.9666647949746465,70,0.06442522258827364,0.0,-0.022855594060274237,0.007144405939725762,0.0028555940602742382,5.711188120548476,0.01307835557957149,0.004446130777601094,3.4267128723290856,0.025,0.0,-0.03,0.0,1.0,0.0,0.01
29,0.9666647949746465,71,0.06567003494884327,0.0,-0.022811294285942047,0.007188705714057952,0.0028112942859420485,5.622588571884097,0.013944223205116707,0.0029635692207021624,3.373553143130458,0.025,0.0,-0.03,0.0,1.0,0.0,0.01
29,0.9666647949746465,72,0.06691501839746411,0.0,-0.02277235138293346,0.00722764861706654,0.0027723513829334603,5.54470276586692,0.014296396502309502,0.0047954249568255515,3.326821659520152,0.025,0.0,-0.03,0.0,1.0,0.0,0.01
29,0.9666647949746465,73,0.06816016330727837,0.0,-0.022738638094435146,0.007261361905564853,0.002738638094435147,5.477276188870294,0.015116129319631624,0.003179606250014251,3.2863657133221764,0.025,0.0,-0.03,0.0,1.0,0.0,0.01
29,0.9666647949746465,74,0.06940542915399664,0.0,-0.022710015459138106,0.007289984540861893,0.0027100154591381074,5.420030918276215,0.015520718595635918,0.005016254911392149,3.2520185509657287,0.025,0.0,-0.03,0.0,1.0,0.0,0.01
29,0.9666647949746465,75,0.07065080601392199,0.0,-0.022686331411096303,0.0073136685889036955,0.0026863314110963047,5.372662822192609,0.016283986089622227,0.0032840437849750697,3.2235976933155652,0.025,0.0,-0.03,0.0,1.0,0.0,0.01
29,0.9666647949746465,76,0.07189625991389359,0.0,-0.022667422528250204,0.007332577471749795,0.002667422528250205,5.33484505650041,0.016747876795308446,0.0051047015744445775,3.200907033900246,0.025,0.0,-0.03,0.0,1.0,0.0,0.01
29,0.9666647949746465,77,0.07314178073765366,0.0,-0.022653113434068305,0.007346886565931694,0.002653113434068306,5.306226868136612,0.01745105521185717,0.003274697647917714,3.1837361208819672,0.025,0.0,-0.03,0.0,1.0,0.0,0.01
29,0.9666647949746465,78,0.07438734149906441,0.0,-0.022643217965734205,0.007356782034265794,0.002643217965734206,5.286435931468412,0.01797411345379504,0.005062525787850959,3.171861558881047,0.025,0.0,-0.03,0.0,1.0,0.0,0.01
29,0.9666647949746465,79,0.07563293286755825,0.0,-0.022637539152551397,0.007362460847448602,0.002637539152551398,5.275078305102796,0.018624960991021487,0.00315410806576772,3.1650469830616776,0.025,0.0,-0.03,0.0,1.0,0.0,0.01
29,0.9666647949746465,80,0.0768829185891048,0.0,-0.022631859799770507,0.007368140200229491,0.0026318597997705088,5.263719599541018,0.01918538834439152,0.00495396283507104,3.1582317597246106,0.025,0.0,-0.03,0.0,1.0,0.0,0.01
30,0.9999980637668757,37,0.03841491955088705,0.0,-0.021038249679265947,0.008961750320734051,0.0010382496792659488,2.0764993585318976,0.0005812071843845999,0.0015613903861906677,1.2458996151191386,0.025,0.0,-0.03,0.0,1.0,0.0,0.01
30,0.9999980637668757,38,0.038429592981589454,0.0,-0.022285655102633913,0.007714344897366086,0.0022856551026339145,4.571310205267829,0.0009296186628138763,0.0018323420956261728,2.7427861231606974,0.025,0.0,-0.03,0.0,1.0,0.0,0.01
30,0.9999980637668757,39,0.03844136175103323,0.0,-0.023533099696683712,0.006466900303316286,0.003533099696683714,7.066199393367428,0.0005748862296647822,0.0021209799084300172,4.239719636020457,0.025,0.0,-0.03,0.0,1.0,0.0,0.01
30,0.9999980637668757,40,0.03845270926878939,0.0,-0.024780548672806137,0.005219451327193862,0.004780548672806138,9.561097345612277,0.000938788339369891,0.0023936258967468924,5.736658407367366,0.025,0.0,-0.03,0.0,1.0,0.0,0.01
30,0.9999980637668757,41,0.03846611962097129,0.0,-0.026027971215950248,0.003972028784049751,0.006027971215950249,12.055942431900498,0.0005885350909844412,0.0026833607906523705,7.233565459140298,0.025,0.0,-0.03,0.0,1.0,0.0,0.01
30,0.9999980637668757,42,0.038484073745362175,0.0,-0.027275322874223514,0.0027246771257764847,0.0072753228742235155,14.550645748447032,0.000929842554401139,0.0029551324456294904,8.73038744906822,0.025,0.0,-0.03,0.0,1.0,0.0,0.01
30,0.9999980637668757,43,0.038509045624728365,0.0,-0.02852253361388966,0.0014774663861103383,0.008522533613889662,17.045067227779324,0.0006253873738280233,0.0032463131701751633,10.227040336667594,0.025,0.0,-0.03,0.0,1.0,0.0,0.01
30,0.9999980637668757,44,0.03854349800605588,0.0,-0.02976949072163371,0.00023050927836628862,0.009769490721633712,19.538981443267424,0.0009093368231049976,0.003515677067165767,11.723388865960453,0.025,0.0,-0.03,0.0,1.0,0.0,0.01
30,0.9999980637668757,45,0.038589877837597895,0.0,-0.03101602732811948,0.0010160273281194822,0.008983972671880518,17.967945343761038,-0.0006870516097573245,0.0038065644450666065,10.780767206256622,0.025,0.0,-0.03,0.0,1.0,0.0,0.01
30,0.9999980637668757,46,0.03865061088823652,0.0,-0.032261905882154725,0.002261905882154726,0.007738094117845274,15.476188235690548,-0.0008848708032282703,0.004077787177136962,9.285712941414328,0.025,0.0,-0.03,0.0,1.0,0.0,0.01
30,0.9999980637668757,47,0.03873112649548417,0.0,-0.033507762565999195,0.0035077625659991965,0.006492237434000804,12.984474868001607,-0.0007710931442307021,0.004325550561127125,7.790684920800964,0.025,0.0,-0.03,0.0,1.0,0.0,0.01
30,0.9999980637668757,48,0.039836498661052294,0.0,-0.03293079712057342,0.002930797120573418,0.007069202879426582,14.138405758853164,-0.0013938830641425533,0.004173064064160351,8.483043455311899,0.025,0.0,-0.03,0.0,1.0,0.0,0.01
30,0.9999980637668757,49,0.04093129579080233,0.0,-0.032333893449499,0.002333893449499004,0.007666106550500996,15.332213101001992,-0.0018014443615083917,0.0036866006235277992,9.199327860601194,0.025,0.0,-0.03,0.0,1.0,0.0,0.01
30,0.9999980637668757,50,0.042016231652906404,0.0,-0.031719136533447434,0.0017191365334474351,0.008280863466552565,16.56172693310513,-0.0024607898866825513,0.0036513587285866827,9.937036159863078,0.025,0.0,-0.03,0.0,1.0,0.0,0.01
30,0.9999980637668757,51,0.04309212456127293,0.0,-0.031088599947083996,0.0010885999470839972,0.008911400052916003,17.822800105832005,-0.0028119678850864953,0.0030633474749632017,10.693680063499203,0.025,0.0,-0.03,0.0,1.0,0.0,0.01
30,0.9999980637668757,52,0.04415990575986067,0.0,-0.030444332601633907,0.00044433260163390803,0.009555667398366092,19.111334796732184,-0.003493790730896572,0.0030435798389059007,11.46680087803931,0.025,0.0,-0.03,0.0,1.0,0.0,0.01
30,0.9999980637668757,53,0.04522058181602518,0.0,-0.02978837273676181,0.00021162726323819062,0.00978837273676181,19.57674547352362,0.003848361668177441,0.0024690423333237647,11.746047284114171,0.025,0.0,-0.03,0.0,1.0,0.0,0.01
30,0.9999980637668757,54,0.046275251264709195,0.0,-0.029122731323096496,0.0008772686769035025,0.009122731323096498,18.245462646192994,0.0044767099814696405,0.002344145584298738,10.947277587715796,0.025,0.0,-0.03,0.0,1.0,0.0,0.01
30,0.9999980637668757,55,0.04732505954133114,0.0,-0.028449413061353446,0.0015505869386465525,0.008449413061353448,16.898826122706897,0.00492461448141084,0.001924291952299671,10.139295673624138,0.025,0.0,-0.03,0.0,1.0,0.0,0.01
30,0.9999980637668757,56,0.048371220503819916,0.0,-0.02777039771358256,0.002229602286417439,0.007770397713582561,15.540795427165122,0.005403749994597582,0.0015540790242543276,9.324477256299073,0.025,0.0,-0.03,0.0,1.0,0.0,0.01
30,0.9999980637668757,57,0.049414967792898584,0.0,-0.027087665372804746,0.002912334627195253,0.007087665372804747,14.175330745609495,0.006046569589131039,0.0014412363630726224,8.505198447365697,0.025,0.0,-0.03,0.0,1.0,0.0,0.01
30,0.9999980637668757,58,0.050457577963001696,0.0,-0.026403177304457834,0.003596822695542165,0.006403177304457835,12.80635460891567,0.006279329100214043,0.0006834853216700912,7.683812765349402,0.025,0.0,-0.03,0.0,1.0,0.0,0.01
30,0.9999980637668757,59,0.05150032145720259,0.0,-0.02571890269383368,0.004281097306166319,0.005718902693833681,11.437805387667362,0.007210214477619843,0.0010230498146182748,6.862683232600417,0.025,0.0,-0.03,0.0,1.0,0.0,0.01
30,0.9999980637668757,60,0.05254448488978634,0.0,-0.02503680021043667,0.004963199789563329,0.005036800210436671,10.073600420873342,0.007118361958891581,0.0002490794832283025,6.044160252524005,0.025,0.0,-0.03,0.0,1.0,0.0,0.01
30,0.9999980637668757,61,0.053591323603879484,0.0,-0.02435884399497237,0.005641156005027629,0.004358843994972371,8.717687989944743,0.008399809818295231,0.0006667688467959687,5.230612793966846,0.025,0.0,-0.03,0.0,1.0,0.0,0.01
30,0.9999980637668757,62,0.054642081952332194,0.0,-0.023687006380360105,0.006312993619639894,0.003687006380360106,7.374012760720212,0.007970442536720438,0.0012352027845262401,4.424407656432127,0.025,0.0,-0.03,0.0,1.0,0.0,0.01
30,0.9999980637668757,63,0.05569794774930199,0.0,-0.023023281444989937,0.006976718555010062,0.003023281444989938,6.046562889979876,0.009326348106561726,0.0005292999911821037,3.6279377339879257,0.025,0.0,-0.03,0.0,1.0,0.0,0.01
30,0.9999980637668757,64,0.05693918458083912,0.0,-0.02291917344872349,0.007080826551276509,0.0029191734487234913,5.838346897446982,0.00942051834508131,0.002359986148200142,3.5030081384681893,0.025,0.0,-0.03,0.0,1.0,0.0,0.01
30,0.9999980637668757,65,0.05818089360595004,0.0,-0.022820924763820728,0.007179075236179271,0.0028209247638207296,5.641849527641459,0.010330891609025039,0.0012596676089994862,3.3851097165848754,0.025,0.0,-0.03,0.0,1.0,0.0,0.01
30,0.9999980637668757,66,0.05942305666754805,0.0,-0.022728503770474733,0.007271496229525266,0.0027285037704747345,5.457007540949469,0.010596948329791122,0.0032179406640479562,3.2742045245696816,0.025,0.0,-0.03,0.0,1.0,0.0,0.01
30,0.9999980637668757,67,0.06066562938873131,0.0,-0.022641866975672297,0.007358133024327702,0.002641866975672298,5.283733951344596,0.011551345554533965,0.0018829897269175032,3.1702403708067575,0.025,0.0,-0.03,0.0,1.0,0.0,0.01
30,0.9999980637668757,68,0.06190859704855435,0.0,-0.022560954613971028,0.007439045386028971,0.0025609546139710292,5.121909227942059,0.011771744826359391,0.0039424713648127906,3.073145536765235,0.025,0.0,-0.03,0.0,1.0,0.0,0.01
30,0.9999980637668757,69,0.06315191043430239,0.0,-0.02248569529509357,0.007514304704906428,0.0024856952950935724,4.971390590187145,0.012754499452764327,0.0023795597673584696,2.982834354112287,0.025,0.0,-0.03,0.0,1.0,0.0,0.01
30,0.9999980637668757,70,0.06439555994274052,0.0,-0.02241600138446573,0.0075839986155342674,0.0024160013844657328,4.832002768931465,0.012965919520766924,0.004506488489367358,2.899201661358879,0.025,0.0,-0.03,0.0,1.0,0.0,0.01
30,0.9999980637668757,71,0.06563949191136624,0.0,-0.02235177428408805,0.007648225715911949,0.002351774284088051,4.703548568176101,0.013941416442800232,0.002730112063619883,2.822129140905661,0.025,0.0,-0.03,0.0,1.0,0.0,0.01
30,0.9999980637668757,72,0.06688370327121143,0.0,-0.022292899399519523,0.007707100600480476,0.0022928993995195244,4.585798799039049,0.01417528510430417,0.0049009636375620695,2.751479279423429,0.025,0.0,-0.03,0.0,1.0,0.0,0.01
30,0.9999980637668757,73,0.06812813655620428,0.0,-0.022239251854938233,0.007760748145061766,0.002239251854938234,4.478503709876469,0.015116709457323985,0.0029336609465798373,2.687102225925881,0.025,0.0,-0.03,0.0,1.0,0.0,0.01
30,0.9999980637668757,74,0.06937279603645163,0.0,-0.022190691316224604,0.007809308683775395,0.0021906913162246053,4.381382632449211,0.015394763580055358,0.005133196442572103,2.6288295794695262,0.025,0.0,-0.03,0.0,1.0,0.0,0.01
30,0.9999980637668757,75,0.0706176215731202,0.0,-0.022147067813871477,0.007852932186128522,0.002147067813871478,4.294135627742956,0.016285200236917634,0.0030022037520329543,2.5764813766457735,0.025,0.0,-0.03,0.0,1.0,0.0,0.01
30,0.9999980637668757,76,0.07186262473145377,0.0,-0.02210821677750042,0.007891783222499577,0.002108216777500423,4.216433555000846,0.01661954145346828,0.005219997539122756,2.5298601330005073,0.025,0.0,-0.03,0.0,1.0,0.0,0.01
30,0.9999980637668757,77,0.07310774443197081,0.0,-0.022073964580196836,0.007926035419803162,0.002073964580196838,4.147929160393676,0.017451165255915828,0.0029532580682868396,2.488757496236205,0.025,0.0,-0.03,0.0,1.0,0.0,0.01
30,0.9999980637668757,78,0.07435299855439059,0.0,-0.02204412416165222,0.007955875838347778,0.0020441241616522225,4.088248323304445,0.017845197879048872,0.005180335764691079,2.4529489939826665,0.025,0.0,-0.03,0.0,1.0,0.0,0.01
30,0.9999980637668757,79,0.075598327368623,0.0,-0.022018499935465088,0.007981500064534911,0.002018499935465089,4.036999870930178,0.01862238420958656,0.0028032345406120516,2.422199922558107,0.025,0.0,-0.03,0.0,1.0,0.0,0.01
30,0.9999980637668757,80,0.07684807327230435,0.0,-0.021992803674141484,0.008007196325858515,0.0019928036741414853,3.9856073482829704,0.019057084407051703,0.005087004507049693,2.3913644089697823,0.025,0.0,-0.03,0.0,1.0,0.0,0.01
31,1.033331332559105,37,0.03846702738011948,0.0,-0.02101304675688916,0.00898695324311084,0.0010130467568891608,2.0260935137783216,0.0008066198444932187,0.0015678408529832758,1.215656108266993,0.025,0.0,-0.03,0.0,1.0,0.0,0.01
31,1.033331332559105,38,0.03849106168814678,0.0,-0.022260290916786267,0.007739709083213732,0.0022602909167862683,4.520581833572536,0.0007241852109415811,0.0018528316383154516,2.7123491001435216,0.025,0.0,-0.03,0.0,1.0,0.0,0.01
31,1.033331332559105,39,0.03851221544188163,0.0,-0.02350759633673519,0.006492403663264808,0.003507596336735192,7.015192673470383,0.0008187794730119246,0.002132637700292668,4.20911560408223,0.025,0.0,-0.03,0.0,1.0,0.0,0.01
31,1.033331332559105,40,0.03853296412345276,0.0,-0.024754908168563558,0.005245091831436441,0.004754908168563559,9.509816337127118,0.0007367458458713801,0.0024185914079239376,5.70588980227627,0.025,0.0,-0.03,0.0,1.0,0.0,0.01
31,1.033331332559105,41,0.038555783990944156,0.0,-0.02600217867728055,0.0039978213227194505,0.00600217867728055,12.0043573545611,0.0008255068873423869,0.002699233692267344,7.20261441273666,0.025,0.0,-0.03,0.0,1.0,0.0,0.01
31,1.033331332559105,42,0.038583147924357214,0.0,-0.027249343265645116,0.002750656734354883,0.007249343265645117,14.498686531290234,0.0007540137535586596,0.002985521117392317,8.69921191877414,0.025,0.0,-0.03,0.0,1.0,0.0,0.01
31,1.033331332559105,43,0.03861752171220238,0.0,-0.028496314941992517,0.001503685058007482,0.008496314941992518,16.992629883985035,0.0008359214270614917,0.003265611696394405,10.195577930391021,0.025,0.0,-0.03,0.0,1.0,0.0,0.01
31,1.033331332559105,44,0.038661359444198705,0.0,-0.029742961604074747,0.000257038395925252,0.009742961604074748,19.485923208149497,0.0007759143656414114,0.0035516972514054636,11.691553924889698,0.025,0.0,-0.03,0.0,1.0,0.0,0.01
31,1.033331332559105,45,0.03871709904218633,0.0,-0.030989099505310043,0.000989099505310044,0.009010900494689956,18.021800989379912,-0.0008582137053698243,0.0038299877274915006,10.813080593627946,0.025,0.0,-0.03,0.0,1.0,0.0,0.01
31,1.033331332559105,46,0.038787156583952306,0.0,-0.032234473333461425,0.002234473333461426,0.007765526666538574,15.531053333077148,-0.0008038330187994753,0.004110716697132512,9.31863199984629,0.025,0.0,-0.03,0.0,1.0,0.0,0.01
31,1.033331332559105,47,0.03887703883557705,0.0,-0.03347970465903247,0.0034797046590324746,0.006520295340967526,13.04059068193505,-0.000900879920806902,0.004436354431635326,7.82435440916103,0.025,0.0,-0.03,0.0,1.0,0.0,0.01
31,1.033331332559105,48,0.03997320803195677,0.0,-0.03288541336946822,0.0028854133694682232,0.007114586630531777,14.229173261063554,-0.001315388800158333,0.004005171318131457,8.537503956638131,0.025,0.0,-0.03,0.0,1.0,0.0,0.01
31,1.033331332559105,49,0.04105844628037388,0.0,-0.03227127171154818,0.00227127171154818,0.00772872828845182,15.45745657690364,-0.001988700387465425,0.003995106470216621,9.274473946142184,0.025,0.0,-0.03,0.0,1.0,0.0,0.01
31,1.033331332559105,50,0.04213349913156787,0.0,-0.03163936507989911,0.001639365079899112,0.008360634920100888,16.721269840201778,-0.00226694726078861,0.0032897197998928937,10.032761904121067,0.025,0.0,-0.03,0.0,1.0,0.0,0.01
31,1.033331332559105,51,0.04319922504422037,0.0,-0.030991760923226027,0.0009917609232260281,0.009008239076773972,18.016478153547943,-0.00309229117845604,0.003512601974424989,10.809886892128766,0.025,0.0,-0.03,0.0,1.0,0.0,0.01
31,1.033331332559105,52,0.04425658593065004,0.0,-0.030330505584037406,0.000330505584037407,0.009669494415962593,19.338988831925185,-0.00319444805322018,0.002533269929561385,11.60339329915511,0.025,0.0,-0.03,0.0,1.0,0.0,0.01
31,1.033331332559105,53,0.0453066305778535,0.0,-0.029657626476633787,0.00034237352336621146,0.009657626476633789,19.315252953267578,0.004198286485107068,0.003009225871348094,11.589151771960546,0.025,0.0,-0.03,0.0,1.0,0.0,0.01
31,1.033331332559105,54,0.046350488127115105,0.0,-0.02897512912266334,0.0010248708773366588,0.008975129122663341,17.950258245326683,0.004102519978300761,0.0017412338821012141,10.77015494719601,0.025,0.0,-0.03,0.0,1.0,0.0,0.01
31,1.033331332559105,55,0.047389346334237435,0.0,-0.028285004590276535,0.001714995409723464,0.008285004590276536,16.570009180553072,0.005305589325992131,0.0024942955044389,9.942005508331842,0.025,0.0,-0.03,0.0,1.0,0.0,0.01
31,1.033331332559105,56,0.04842445097650262,0.0,-0.02758922423670288,0.0024107757632971204,0.00758922423670288,15.17844847340576,0.0049982653227573955,0.0009239396831996589,9.107069084043456,0.025,0.0,-0.03,0.0,1.0,0.0,0.01
31,1.033331332559105,57,0.049457076270816205,0.0,-0.026889753835351853,0.0031102461646481463,0.006889753835351854,13.779507670703708,0.006410336833578446,0.0019729491302127194,8.267704602422224,0.025,0.0,-0.03,0.0,1.0,0.0,0.01
31,1.033331332559105,58,0.050488533365331476,0.0,-0.026188543290475076,0.0038114567095249227,0.0061885432904750775,12.377086580950156,0.005892844670046809,9.591672778603113e-05,7.426251948570093,0.025,0.0,-0.03,0.0,1.0,0.0,0.01
31,1.033331332559105,59,0.05152013004000234,0.0,-0.02548754881936565,0.004512451180634348,0.005487548819365652,10.975097638731304,0.007505776753074898,0.0014464139123363706,6.585058583238783,0.025,0.0,-0.03,0.0,1.0,0.0,0.01
31,1.033331332559105,60,0.05255319125812646,0.0,-0.024788715053892723,0.005211284946107276,0.004788715053892724,9.577430107785448,0.006800505528187094,0.0007249709111375547,5.746458064671269,0.025,0.0,-0.03,0.0,1.0,0.0,0.01
31,1.033331332559105,61,0.05358900541866361,0.0,-0.024094006237351622,0.005905993762648377,0.0040940062373516235,8.188012474703246,0.008580761182505323,0.0009150154539303974,4.912807484821948,0.025,0.0,-0.03,0.0,1.0,0.0,0.01
31,1.033331332559105,62,0.05462885964896979,0.0,-0.023405378720300955,0.006594621279699044,0.0034053787203009566,6.810757440601913,0.007763832612153476,0.0015371690639286123,4.086454464361148,0.025,0.0,-0.03,0.0,1.0,0.0,0.01
31,1.033331332559105,63,0.05567396961066868,0.0,-0.022724820500663403,0.007275179499336596,0.002724820500663404,5.449641001326809,0.009352501786682661,0.0005529216343927917,3.269784600796085,0.025,0.0,-0.03,0.0,1.0,0.0,0.01
31,1.033331332559105,64,0.05691338560209865,0.0,-0.022600864550101143,0.007399135449898855,0.002600864550101145,5.201729100202289,0.009333425606110213,0.002451843652529324,3.1210374601213737,0.025,0.0,-0.03,0.0,1.0,0.0,0.01
31,1.033331332559105,65,0.05815335774893475,0.0,-0.022482760649551625,0.007517239350448374,0.0024827606495516266,4.965521299103253,0.010293713554266266,0.00100553958298292,2.9793127794619516,0.025,0.0,-0.03,0.0,1.0,0.0,0.01
31,1.033331332559105,66,0.059393889198268816,0.0,-0.02237047499381741,0.007629525006182587,0.002370474993817413,4.740949987634826,0.010525912299195557,0.0030402286957812393,2.8445699925808956,0.025,0.0,-0.03,0.0,1.0,0.0,0.01
31,1.033331332559105,67,0.06063490860775228,0.0,-0.022263967231831775,0.007736032768168224,0.0022639672318317764,4.527934463663553,0.011498234336211622,0.0013027674967711924,2.7167606781981317,0.025,0.0,-0.03,0.0,1.0,0.0,0.01
31,1.033331332559105,68,0.061876430445258764,0.0,-0.022163175294670635,0.007836824705329364,0.0021631752946706367,4.326350589341273,0.011710713108072267,0.003463877918423384,2.595810353604764,0.025,0.0,-0.03,0.0,1.0,0.0,0.01
31,1.033331332559105,69,0.06311837103305364,0.0,-0.022068031312746175,0.007931968687253824,0.002068031312746176,4.136062625492352,0.012688023743948434,0.0014532557788453115,2.481637575295411,0.025,0.0,-0.03,0.0,1.0,0.0,0.01
31,1.033331332559105,70,0.06436075518821972,0.0,-0.021978445098103868,0.008021554901896131,0.0019784450981038693,3.9568901962077385,0.012912456954318054,0.0037188775668846475,2.374134117724643,0.025,0.0,-0.03,0.0,1.0,0.0,0.01
31,1.033331332559105,71,0.06560349010500774,0.0,-0.021894321665953276,0.008105678334046722,0.0018943216659532778,3.7886433319065556,0.01386503061488848,0.0014623723092850641,2.273185999143933,0.025,0.0,-0.03,0.0,1.0,0.0,0.01
31,1.033331332559105,72,0.0668466095060703,0.0,-0.021815543879179274,0.008184456120820725,0.0018155438791792756,3.631087758358551,0.014125670302299392,0.003822818392716625,2.1786526550151306,0.025,0.0,-0.03,0.0,1.0,0.0,0.01
31,1.033331332559105,73,0.06809001493186272,0.0,-0.02174199031485541,0.00825800968514459,0.0017419903148554097,3.4839806297108193,0.015034949319313476,0.0013575101536586437,2.0903883778264913,0.025,0.0,-0.03,0.0,1.0,0.0,0.01
31,1.033331332559105,74,0.06933374721026778,0.0,-0.021673518286105028,0.008326481713894971,0.0016735182861050291,3.347036572210058,0.015344481420721168,0.003812627719320155,2.008221943326035,0.025,0.0,-0.03,0.0,1.0,0.0,0.01
31,1.033331332559105,75,0.07057770569655648,0.0,-0.02160998095834697,0.00839001904165303,0.00160998095834697,3.21996191669394,0.016203017806671632,0.001180837062851272,1.9319771500163638,0.025,0.0,-0.03,0.0,1.0,0.0,0.01
31,1.033331332559105,76,0.07182193638930252,0.0,-0.021551211686211335,0.008448788313788664,0.0015512116862113363,3.1024233724226726,0.016564048366977068,0.0037348911181846745,1.8614540234536034,0.025,0.0,-0.03,0.0,1.0,0.0,0.01
31,1.033331332559105,77,0.07306633965362674,0.0,-0.021497039592658168,0.00850296040734183,0.0014970395926581694,2.994079185316339,0.01737306328114244,0.000978116179674396,1.7964475111898033,0.025,0.0,-0.03,0.0,1.0,0.0,0.01
31,1.033331332559105,78,0.07431096477654285,0.0,-0.021447275832945287,0.008552724167054711,0.0014472758329452887,2.8945516658905777,0.017781036591082648,0.00363395457686418,1.7367309995343465,0.025,0.0,-0.03,0.0,1.0,0.0,0.01
31,1.033331332559105,79,0.07555571587362209,0.0,-0.021401727189234467,0.008598272810765532,0.0014017271892344686,2.803454378468937,0.01854942731151362,0.0007868477624838539,1.6820726270813622,0.025,0.0,-0.03,0.0,1.0,0.0,0.01
31,1.033331332559105,80,0.07680489824795253,0.0,-0.021356034647553358,0.008643965352446641,0.001356034647553359,2.712069295106718,0.0189881928863791,0.0035732014962506905,1.6272415770640307,0.025,0.0,-0.03,0.0,1.0,0.0,0.01
32,1.0666646013513341,37,0.03851953788767124,0.0,-0.020987375312315794,0.009012624687684205,0.0009873753123157952,1.9747506246315902,0.0007157511469288915,0.001583648439855889,1.184850374778954,0.025,0.0,-0.03,0.0,1.0,0.0,0.01
32,1.0666646013513341,38,0.03855300701827372,0.0,-0.02223438593324379,0.007765614066756209,0.0022343859332437915,4.468771866487583,0.0008483990778178004,0.0018629242734711233,2.68126311989255,0.025,0.0,-0.03,0.0,1.0,0.0,0.01
32,1.0666646013513341,39,0.03858361994999754,0.0,-0.023481479619234417,0.006518520380765582,0.003481479619234418,6.962959238468836,0.0007295382056135787,0.0021523973749560175,4.177775543081301,0.025,0.0,-0.03,0.0,1.0,0.0,0.01
32,1.0666646013513341,40,0.038613843981844115,0.0,-0.024728581643624334,0.005271418356375665,0.004728581643624335,9.45716328724867,0.0008617815101900564,0.0024332127662579834,5.674297972349202,0.025,0.0,-0.03,0.0,1.0,0.0,0.01
32,1.0666646013513341,41,0.03864614732967576,0.0,-0.02597562708995431,0.00402437291004569,0.00597562708995431,11.95125417990862,0.0007491036159422621,0.0027233550331308117,7.1707525079451715,0.025,0.0,-0.03,0.0,1.0,0.0,0.01
32,1.0666646013513341,42,0.03868299455761688,0.0,-0.02722253138694968,0.0027774686130503205,0.00722253138694968,14.445062773899359,0.000871896375947419,0.0030041955595417136,8.667037664339615,0.025,0.0,-0.03,0.0,1.0,0.0,0.01
32,1.0666646013513341,43,0.03872684304684696,0.0,-0.028469190463968726,0.0015308095360312725,0.008469190463968728,16.938380927937455,0.0007771427689508238,0.0032944524367249767,10.163028556762473,0.025,0.0,-0.03,0.0,1.0,0.0,0.01
32,1.0666646013513341,44,0.03878013796735959,0.0,-0.029715452738782414,0.00028454726121758533,0.009715452738782415,19.43090547756483,0.0008848205427437358,0.0035740152359086466,11.6585432865389,0.025,0.0,-0.03,0.0,1.0,0.0,0.01
32,1.0666646013513341,45,0.038845308015589,0.0,-0.03096111790138464,0.0009611179013846415,0.009038882098615359,18.077764197230717,-0.000816717560603817,0.00386320480951447,10.84665851833843,0.025,0.0,-0.03,0.0,1.0,0.0,0.01
32,1.0666646013513341,46,0.038924759332871914,0.0,-0.03220591225514483,0.002205912255144833,0.007794087744855167,15.588175489710334,-0.0009058721844705939,0.004142714407348983,9.3529052938262,0.025,0.0,-0.03,0.0,1.0,0.0,0.01
32,1.0666646013513341,47,0.03902407570564487,0.0,-0.03345044219700544,0.0034504421970054377,0.0065495578029945625,13.099115605989125,-0.0008691823959484944,0.004406216775060091,7.859469363593474,0.025,0.0,-0.03,0.0,1.0,0.0,0.01
32,1.0666646013513341,48,0.04011078078170381,0.0,-0.032838988392840794,0.0028389883928407952,0.007161011607159205,14.32202321431841,-0.0014406988250386726,0.0041947010974206595,8.593213928591046,0.025,0.0,-0.03,0.0,1.0,0.0,0.01
32,1.0666646013513341,49,0.04118619764915754,0.0,-0.03220778028885954,0.00220778028885954,0.00779221971114046,15.584439422280921,-0.0018707175492593208,0.003760293353112319,9.350663653368553,0.025,0.0,-0.03,0.0,1.0,0.0,0.01
32,1.0666646013513341,50,0.04225110938426032,0.0,-0.03155889971234978,0.0015588997123497789,0.008441100287650221,16.88220057530044,-0.0024860870831270353,0.0036352680986124816,10.129320345180265,0.025,0.0,-0.03,0.0,1.0,0.0,0.01
32,1.0666646013513341,51,0.043306406745392066,0.0,-0.03089441183934451,0.0008944118393445118,0.009105588160655488,18.211176321310976,-0.00285391077032869,0.0030969373622158386,10.926705792786585,0.025,0.0,-0.03,0.0,1.0,0.0,0.01
32,1.0666646013513341,52,0.04435309193035287,0.0,-0.030216354021911383,0.00021635402191138436,0.009783645978088616,19.567291956177232,-0.003513183481072461,0.0030234459535830936,11.740375173706338,0.025,0.0,-0.03,0.0,1.0,0.0,0.01
32,1.0666646013513341,53,0.045392244852732216,0.0,-0.029526748837626297,0.0004732511623737022,0.009526748837626298,19.053497675252597,0.0038383310761192675,0.0024239060540947642,11.432098605151557,0.025,0.0,-0.03,0.0,1.0,0.0,0.01
32,1.0666646013513341,54,0.046425037128492136,0.0,-0.0288275881749112,0.0011724118250887976,0.008827588174911203,17.655176349822405,0.004517074405080159,0.002363953434972962,10.593105809893443,0.025,0.0,-0.03,0.0,1.0,0.0,0.01
32,1.0666646013513341,55,0.04745268623582396,0.0,-0.028120856672921184,0.0018791433270788152,0.008120856672921185,16.24171334584237,0.0048309535305941596,0.0017532905712427174,9.745028007505422,0.025,0.0,-0.03,0.0,1.0,0.0,0.01
32,1.0666646013513341,56,0.04847648225186734,0.0,-0.027408508416161406,0.0025914915838385934,0.007408508416161407,14.817016832322814,0.005496697252266795,0.001663127526519385,8.890210099393688,0.025,0.0,-0.03,0.0,1.0,0.0,0.01
32,1.0666646013513341,57,0.049497727621358456,0.0,-0.026692502148942036,0.003307497851057963,0.006692502148942037,13.385004297884073,0.005837097071446638,0.0010954562077354932,8.031002578730444,0.025,0.0,-0.03,0.0,1.0,0.0,0.01
32,1.0666646013513341,58,0.05051777935274215,0.0,-0.02597476801173941,0.004025231988260589,0.005974768011739412,11.949536023478823,0.00645376733100292,0.0009287520404806371,7.169721614087293,0.025,0.0,-0.03,0.0,1.0,0.0,0.01
32,1.0666646013513341,59,0.051537972018328715,0.0,-0.025257255538584572,0.004742744461415427,0.005257255538584573,10.514511077169146,0.006860222750158158,0.00045973234691051195,6.308706646301488,0.025,0.0,-0.03,0.0,1.0,0.0,0.01
32,1.0666646013513341,60,0.05255967771814404,0.0,-0.024541888407773174,0.005458111592226825,0.0045418884077731755,9.08377681554635,0.007392529847171001,0.00016932741173375051,5.45026608932781,0.025,0.0,-0.03,0.0,1.0,0.0,0.01
32,1.0666646013513341,61,0.053584210432736076,0.0,-0.023830625342393604,0.006169374657606395,0.0038306253423936055,7.661250684787211,0.007900853905309941,0.00014462376447820565,4.5967504108723265,0.025,0.0,-0.03,0.0,1.0,0.0,0.01
32,1.0666646013513341,62,0.054612905303180394,0.0,-0.023125402063632425,0.006874597936367573,0.003125402063632427,6.250804127264853,0.00832460983977979,0.000609388037654721,3.7504824763589117,0.025,0.0,-0.03,0.0,1.0,0.0,0.01
32,1.0666646013513341,63,0.055647002428853114,0.0,-0.02242820238552151,0.0075717976144784906,0.0024282023855215096,4.856404771043019,0.00891791924054216,0.0006835195143813742,2.9138428626258115,0.025,0.0,-0.03,0.0,1.0,0.0,0.01
32,1.0666646013513341,64,0.056884281494974646,0.0,-0.022284444414947684,0.0077155555850523146,0.0022844444149476856,4.568888829895371,0.009429212757378019,0.0011952241587081527,2.741333297937223,0.025,0.0,-0.03,0.0,1.0,0.0,0.01
32,1.0666646013513341,65,0.05812220201246668,0.0,-0.022146529906223116,0.007853470093776883,0.002146529906223117,4.293059812446233,0.010098429444942896,0.0006137335440000591,2.57583588746774,0.025,0.0,-0.03,0.0,1.0,0.0,0.01
32,1.0666646013513341,66,0.059360783855251925,0.0,-0.022014422580317806,0.007985577419682192,0.002014422580317808,4.0288451606356155,0.010601814305233657,0.0015311614085623748,2.417307096381369,0.025,0.0,-0.03,0.0,1.0,0.0,0.01
32,1.0666646013513341,67,0.060599936226947135,0.0,-0.02188808532472885,0.00811191467527115,0.0018880853247288509,3.776170649457702,0.011303257854605083,0.0005303261357912951,2.265702389674621,0.025,0.0,-0.03,0.0,1.0,0.0,0.01
32,1.0666646013513341,68,0.0618396924412123,0.0,-0.021767453849979333,0.008232546150020666,0.0017674538499793339,3.534907699958668,0.01177526822155441,0.001854873124750875,2.1209446199752007,0.025,0.0,-0.03,0.0,1.0,0.0,0.01
32,1.0666646013513341,69,0.06307994741598935,0.0,-0.021652463648447418,0.008347536351552581,0.0016524636484474189,3.3049272968948378,0.012505631354708932,0.00044381364920352236,1.9829563781369026,0.025,0.0,-0.03,0.0,1.0,0.0,0.01
32,1.0666646013513341,70,0.06432074488665337,0.0,-0.021543022277198984,0.008456977722801014,0.0015430222771989858,3.0860445543979718,0.012954522591531912,0.002152469870872477,1.851626732638783,0.025,0.0,-0.03,0.0,1.0,0.0,0.01
32,1.0666646013513341,71,0.0655619705874282,0.0,-0.021439038052730574,0.008560961947269425,0.0014390380527305752,2.8780761054611506,0.013703816856359899,0.00036963375529266247,1.7268456632766902,0.025,0.0,-0.03,0.0,1.0,0.0,0.01
32,1.0666646013513341,72,0.06680367556834572,0.0,-0.021340391712893057,0.008659608287106942,0.0013403917128930586,2.6807834257861174,0.014140074339847144,0.0024092404642494826,1.6084700554716704,0.025,0.0,-0.03,0.0,1.0,0.0,0.01
32,1.0666646013513341,73,0.06804574127148103,0.0,-0.02124696491778975,0.008753035082210248,0.001246964917789752,2.493929835579504,0.014897474241343172,0.0003223209552400616,1.4963579013477022,0.025,0.0,-0.03,0.0,1.0,0.0,0.01
32,1.0666646013513341,74,0.06928822320222582,0.0,-0.021158613072201477,0.008841386927798522,0.0011586130722014785,2.317226144402957,0.015331641734336337,0.0026131516279619244,1.3903356866417742,0.025,0.0,-0.03,0.0,1.0,0.0,0.01
32,1.0666646013513341,75,0.07053100272689666,0.0,-0.021075192132389956,0.008924807867610043,0.0010751921323899575,2.150384264779915,0.016086961429048665,0.00031270025617207364,1.290230558867949,0.025,0.0,-0.03,0.0,1.0,0.0,0.01
32,1.0666646013513341,76,0.07177413751638229,0.0,-0.02099653377657102,0.009003466223428978,0.0009965337765710219,1.9930675531420436,0.016528311259509314,0.0027568824080652444,1.195840531885226,0.025,0.0,-0.03,0.0,1.0,0.0,0.01
32,1.0666646013513341,77,0.07301751212840621,0.0,-0.020922469616939037,0.009077530383060962,0.0009224696169390385,1.844939233878077,0.017273187953601523,0.00034677013728558436,1.106963540326846,0.025,0.0,-0.03,0.0,1.0,0.0,0.01
32,1.0666646013513341,78,0.07426118478963316,0.0,-0.02085280933341123,0.00914719066658877,0.0008528093334112304,1.7056186668224609,0.01772868931618759,0.002837950117780406,1.0233712000934765,0.025,0.0,-0.03,0.0,1.0,0.0,0.01
32,1.0666646013513341,79,0.07550504552546837,0.0,-0.020787361925274233,0.009212638074725766,0.0007873619252742343,1.5747238505484686,0.018458541113075665,0.00042647896703457367,0.9448343103290812,0.025,0.0,-0.03,0.0,1.0,0.0,0.01
32,1.0666646013513341,80,0.07675333991753672,0.0,-0.02072169892251495,0.009278301077485049,0.0007216989225149514,1.4433978450299028,0.018928757430148536,0.0028761973998542383,0.8660387070179416,0.025,0.0,-0.03,0.0,1.0,0.0,0.01
33,1.0999978701435633,37,0.03857243389831058,0.0,-0.0209612357564571,0.009038764243542899,0.0009612357564571013,1.9224715129142027,0.000797371948703267,0.0015922437049938635,1.1534829077485216,0.025,0.0,-0.03,0.0,1.0,0.0,0.01
33,1.0999978701435633,38,0.03861540876488422,0.0,-0.02220793998059205,0.007792060019407947,0.0022079399805920528,4.415879961184106,0.0007929801764929266,0.0018791985110549524,2.6495279767104636,0.025,0.0,-0.03,0.0,1.0,0.0,0.01
33,1.0999978701435633,39,0.03865555193012897,0.0,-0.023454746698470485,0.006545253301529514,0.003454746698470486,6.909493396940972,0.0008232650746854485,0.0021651742354795657,4.145696038164583,0.025,0.0,-0.03,0.0,1.0,0.0,0.01
33,1.0999978701435633,40,0.03869532246212968,0.0,-0.024701565690993257,0.0052984343090067415,0.004701565690993259,9.403131381986517,0.0008046867840884906,0.002453947411720526,5.64187882919191,0.025,0.0,-0.03,0.0,1.0,0.0,0.01
33,1.0999978701435633,41,0.038737180111942826,0.0,-0.02594831036779048,0.004051689632209518,0.005948310367790482,11.896620735580964,0.0008521234156363978,0.002739809817764934,7.137972441348578,0.025,0.0,-0.03,0.0,1.0,0.0,0.01
33,1.0999978701435633,42,0.03878358108458903,0.0,-0.02719488059728441,0.0028051194027155883,0.007194880597284412,14.389761194568823,0.0008160645332623877,0.0030299175697087247,8.633856716741294,0.025,0.0,-0.03,0.0,1.0,0.0,0.01
33,1.0999978701435633,43,0.038836973917746306,0.0,-0.02844115093258622,0.0015588490674137805,0.00844115093258622,16.88230186517244,0.0008861929551329207,0.0033139849386327903,10.129381119103464,0.025,0.0,-0.03,0.0,1.0,0.0,0.01
33,1.0999978701435633,44,0.03889979483697055,0.0,-0.029686954335741172,0.0003130456642588264,0.009686954335741174,19.373908671482347,0.0008343085662548276,0.003605076312941717,11.624345202889408,0.025,0.0,-0.03,0.0,1.0,0.0,0.01
33,1.0999978701435633,45,0.03897446286875973,0.0,-0.030932070260168705,0.0009320702601687061,0.009067929739831294,18.13585947966259,-0.0009267696546602845,0.003885872837157599,10.881515687797553,0.025,0.0,-0.03,0.0,1.0,0.0,0.01
33,1.0999978701435633,46,0.03906337417768258,0.0,-0.03217620986666946,0.0021762098666694638,0.007823790133330536,15.647580266661073,-0.0008666396044557322,0.004172570888809469,9.388548159996644,0.025,0.0,-0.03,0.0,1.0,0.0,0.01
33,1.0999978701435633,47,0.03917218947188844,0.0,-0.03341996010037325,0.003419960100373251,0.006580039899626749,13.160079799253499,-0.0009800104533172333,0.004502345256962944,7.896047879552099,0.025,0.0,-0.03,0.0,1.0,0.0,0.01
33,1.0999978701435633,48,0.04024917090935237,0.0,-0.032791511848843526,0.0027915118488435267,0.0072084881511564735,14.416976302312946,-0.0013730442468169659,0.004053278222807603,8.650185781387767,0.025,0.0,-0.03,0.0,1.0,0.0,0.01
33,1.0999978701435633,49,0.041314509692355464,0.0,-0.032143410979219,0.002143410979219003,0.007856589020780997,15.713178041561994,-0.002043770125552791,0.004020889157024933,9.427906824937196,0.025,0.0,-0.03,0.0,1.0,0.0,0.01
33,1.0999978701435633,50,0.042369021949227495,0.0,-0.03147773792447689,0.0014777379244768907,0.00852226207552311,17.044524151046218,-0.002315989371644377,0.003335365007074894,10.22671449062773,0.025,0.0,-0.03,0.0,1.0,0.0,0.01
33,1.0999978701435633,51,0.04341363706058435,0.0,-0.030796551086581872,0.0007965510865818731,0.009203448913418127,18.406897826836254,-0.003097431301411005,0.003455960653027614,11.044138696101752,0.025,0.0,-0.03,0.0,1.0,0.0,0.01
33,1.0999978701435633,52,0.044449389463834345,0.0,-0.03010188305427748,0.00010188305427748234,0.009898116945722518,19.796233891445034,-0.0032679009161590777,0.0026271183599766985,11.87774033486702,0.025,0.0,-0.03,0.0,1.0,0.0,0.01
33,1.0999978701435633,53,0.04547739974346843,0.0,-0.02939574478363646,0.0006042552163635397,0.00939574478363646,18.791489567272922,0.004111678185294558,0.0028136393147204196,11.274893740363753,0.025,0.0,-0.03,0.0,1.0,0.0,0.01
33,1.0999978701435633,54,0.04649887067941059,0.0,-0.028680121022904608,0.0013198789770953907,0.00868012102290461,17.36024204580922,0.004243809011621977,0.0019436117800457086,10.416145227485531,0.025,0.0,-0.03,0.0,1.0,0.0,0.01
33,1.0999978701435633,55,0.047515062041755936,0.0,-0.027956980913278553,0.002043019086721446,0.007956980913278554,15.913961826557108,0.005081147957625084,0.0020996661417852433,9.548377095934264,0.025,0.0,-0.03,0.0,1.0,0.0,0.01
33,1.0999978701435633,56,0.048527293877326766,0.0,-0.027228269962518984,0.002771730037481015,0.007228269962518985,14.456539925037971,0.0052499625896534575,0.001292526429468601,8.673923955022783,0.025,0.0,-0.03,0.0,1.0,0.0,0.01
33,1.0999978701435633,57,0.0495369122142243,0.0,-0.02649592869712991,0.0035040713028700876,0.006495928697129913,12.991857394259824,0.006009428293243674,0.0013273666614161538,7.795114436555894,0.025,0.0,-0.03,0.0,1.0,0.0,0.01
33,1.0999978701435633,58,0.05054530292427761,0.0,-0.025761878139859796,0.004238121860140203,0.005761878139859797,11.523756279719594,0.006285202462238353,0.0006750249799496559,6.914253767831756,0.025,0.0,-0.03,0.0,1.0,0.0,0.01
33,1.0999978701435633,59,0.05155384510926855,0.0,-0.025028048218818207,0.004971951781181792,0.005028048218818209,10.056096437636418,0.0069076596222864455,0.0005153829035105974,6.03365786258185,0.025,0.0,-0.03,0.0,1.0,0.0,0.01
33,1.0999978701435633,60,0.052563938928280846,0.0,-0.02429635373938272,0.0057036462606172775,0.004296353739382723,8.592707478765446,0.007342564210028444,8.818161801108321e-05,5.155624487259267,0.025,0.0,-0.03,0.0,1.0,0.0,0.01
33,1.0999978701435633,61,0.05357694336681401,0.0,-0.02356873393078603,0.006431266069213969,0.003568733930786031,7.137467861572062,0.007791975702274487,0.00031484401405971443,4.282480716943237,0.025,0.0,-0.03,0.0,1.0,0.0,0.01
33,1.0999978701435633,62,0.05459422130586669,0.0,-0.02284711650020319,0.00715288349979681,0.00284711650020319,5.6942330004063795,0.008406968920204453,0.00046942298227024826,3.4165398002438274,0.025,0.0,-0.03,0.0,1.0,0.0,0.01
33,1.0999978701435633,63,0.05561705781717028,0.0,-0.02213346780368375,0.00786653219631625,0.0021334678036837498,4.2669356073674995,0.00873855554792796,0.0011811750542495988,2.5601613644204995,0.025,0.0,-0.03,0.0,1.0,0.0,0.01
33,1.0999978701435633,64,0.05685187935063849,0.0,-0.021969960245872635,0.008030039754127364,0.0019699602458726363,3.9399204917452724,0.009456208699016882,0.0006530303570221732,2.3639522950471634,0.025,0.0,-0.03,0.0,1.0,0.0,0.01
33,1.0999978701435633,65,0.058087440430533696,0.0,-0.021812283774857787,0.008187716225142212,0.0018122837748577886,3.6245675497155774,0.00993624416106498,0.0015810999586513188,2.1747405298293465,0.025,0.0,-0.03,0.0,1.0,0.0,0.01
33,1.0999978701435633,66,0.059323750417553604,0.0,-0.02166040346584984,0.00833959653415016,0.0016604034658498409,3.3208069316996816,0.010660786333748335,0.0005813713215102334,1.9924841590198088,0.025,0.0,-0.03,0.0,1.0,0.0,0.01
33,1.0999978701435633,67,0.060560728062542826,0.0,-0.021514282411570957,0.008485717588429042,0.0015142824115709583,3.0285648231419167,0.011103569077213448,0.0019167998476797578,1.8171388938851498,0.025,0.0,-0.03,0.0,1.0,0.0,0.01
33,1.0999978701435633,68,0.061798395831096406,0.0,-0.021373857008626714,0.008626142991373285,0.0013738570086267148,2.7477140172534296,0.011859264500682927,0.0005571126578987722,1.6486284103520576,0.025,0.0,-0.03,0.0,1.0,0.0,0.01
33,1.0999978701435633,69,0.06303665671816414,0.0,-0.02123906342538632,0.00876093657461368,0.0012390634253863202,2.4781268507726404,0.012282604769792517,0.0021761025175210938,1.4868761104635841,0.025,0.0,-0.03,0.0,1.0,0.0,0.01
33,1.0999978701435633,70,0.06427554503758434,0.0,-0.021109809445506594,0.008890190554493405,0.001109809445506595,2.21961889101319,0.013049086535606417,0.0005916784393050693,1.3317713346079139,0.025,0.0,-0.03,0.0,1.0,0.0,0.01
33,1.0999978701435633,71,0.0655149515256014,0.0,-0.020986004567316332,0.009013995432683667,0.0009860045673163332,1.9720091346326665,0.013471731387085075,0.0023545612884142853,1.1832054807795997,0.025,0.0,-0.03,0.0,1.0,0.0,0.01
33,1.0999978701435633,72,0.06675492065936389,0.0,-0.020867529241032263,0.009132470758967736,0.0008675292410322642,1.7350584820645283,0.01423234497885238,0.0006831841237694567,1.041035089238717,0.025,0.0,-0.03,0.0,1.0,0.0,0.01
33,1.0999978701435633,73,0.06799533469698434,0.0,-0.02075426679698716,0.009245733203012838,0.000754266796987162,1.508533593974324,0.01466804570169964,0.0024615328680319504,0.9051201563845944,0.025,0.0,-0.03,0.0,1.0,0.0,0.01
33,1.0999978701435633,74,0.06923624621918387,0.0,-0.02064607186831611,0.00935392813168389,0.0006460718683161098,1.2921437366322195,0.015412003302014513,0.0008171042314899981,0.7752862419793317,0.025,0.0,-0.03,0.0,1.0,0.0,0.01
33,1.0999978701435633,75,0.07047753284822544,0.0,-0.02054280247409356,0.00945719752590644,0.0005428024740935598,1.0856049481871195,0.01586818677089403,0.002517388221121108,0.6513629689122716,0.025,0.0,-0.03,0.0,1.0,0.0,0.01
33,1.0999978701435633,76,0.07171925298501265,0.0,-0.020444289139857578,0.009555710860142421,0.00044428913985757913,0.8885782797151582,0.01659104720115765,0.0009707328633613154,0.5331469678290949,0.025,0.0,-0.03,0.0,1.0,0.0,0.01
33,1.0999978701435633,77,0.07296128333275806,0.0,-0.0203503657824602,0.0096496342175398,0.00035036578246020085,0.7007315649204017,0.017069182854343244,0.002547564446631648,0.420438938952241,0.025,0.0,-0.03,0.0,1.0,0.0,0.01
33,1.0999978701435633,78,0.07420368571549339,0.0,-0.02026084069526365,0.009739159304736348,0.00026084069526365224,0.5216813905273044,0.01777185705536792,0.0011202516079365438,0.31300883431638266,0.025,0.0,-0.03,0.0,1.0,0.0,0.01
33,1.0999978701435633,79,0.0754463393819655,0.0,-0.02017552525208852,0.009824474747911479,0.00017552525208852122,0.3510505041770424,0.018268105412624996,0.00257481944282481,0.21063030250622544,0.025,0.0,-0.03,0.0,1.0,0.0,0.01
33,1.0999978701435633,80,0.07669342727333696,0.0,-0.02008992252022901,0.00991007747977099,8.992252022901014e-05,0.17984504045802027,0.018960578333480048,0.0012409178724563472,0.10790702427481216,0.025,0.0,-0.03,0.0,1.0,0.0,0.01
34,1.1333311389357925,37,0.03862570608936127,0.0,-0.02093462544540133,0.00906537455459867,0.0009346254454013301,1.8692508908026602,0.0007368814248328065,0.0016076532118401254,1.1215505344815961,0.025,0.0,-0.03,0.0,1.0,0.0,0.01
34,1.1333311389357925,38,0.03867825584882054,0.0,-0.022180947039967334,0.007819052960032664,0.002180947039967336,4.361894079934672,0.0008900925794588839,0.0018881275599123273,2.617136447960803,0.025,0.0,-0.03,0.0,1.0,0.0,0.01
34,1.1333311389357925,39,0.03872799869505925,0.0,-0.023427391829616673,0.006572608170383326,0.003427391829616674,6.854783659233348,0.0007566568936031959,0.0021848895322391414,4.112870195540009,0.025,0.0,-0.03,0.0,1.0,0.0,0.01
34,1.1333311389357925,40,0.03877738510683719,0.0,-0.024673850986824414,0.005326149013175584,0.004673850986824416,9.347701973648832,0.0009147515488533361,0.002466669694275826,5.608621184189299,0.025,0.0,-0.03,0.0,1.0,0.0,0.01
34,1.1333311389357925,41,0.03882886626992536,0.0,-0.025920219578320077,0.004079780421679922,0.0059202195783200785,11.840439156640157,0.0007842301464553416,0.0027641693219323956,7.104263493984094,0.025,0.0,-0.03,0.0,1.0,0.0,0.01
34,1.1333311389357925,42,0.03888488964057418,0.0,-0.027166378369800362,0.002833621630199637,0.007166378369800363,14.332756739600727,0.000934062724506637,0.0030459938272930057,8.599654043760436,0.025,0.0,-0.03,0.0,1.0,0.0,0.01
34,1.1333311389357925,43,0.03894789485012006,0.0,-0.028412184175440815,0.0015878158245591842,0.008412184175440816,16.82436835088163,0.0008223971045621651,0.003343345834747374,10.094621010528979,0.025,0.0,-0.03,0.0,1.0,0.0,0.01
34,1.1333311389357925,44,0.03902030874727625,0.0,-0.02965745083531377,0.0003425491646862275,0.009657450835313773,19.314901670627545,0.0009545698530142101,0.0036240803743505,11.588941002376528,0.025,0.0,-0.03,0.0,1.0,0.0,0.01
34,1.1333311389357925,45,0.039104540675633744,0.0,-0.03090194116515884,0.0009019411651588413,0.009098058834841159,18.19611766968232,-0.0008731169938145017,0.003919891975879052,10.917670601809391,0.025,0.0,-0.03,0.0,1.0,0.0,0.01
34,1.1333311389357925,46,0.03920297639428808,0.0,-0.03214534779082472,0.002145347790824724,0.007854652209175276,15.709304418350552,-0.000983407586626221,0.004201292176946701,9.42558265101033,0.025,0.0,-0.03,0.0,1.0,0.0,0.01
34,1.1333311389357925,47,0.039321353193890886,0.0,-0.03338823980850972,0.0033882398085097187,0.0066117601914902815,13.223520382980563,-0.0009351125741302737,0.004463418148649682,7.9341122297883375,0.025,0.0,-0.03,0.0,1.0,0.0,0.01
34,1.1333311389357925,48,0.04038835607469491,0.0,-0.03274296725646983,0.0027429672564698304,0.00725703274353017,14.51406548706034,-0.0015179750716390072,0.0042600906388205245,8.708439292236203,0.025,0.0,-0.03,0.0,1.0,0.0,0.01
34,1.1333311389357925,49,0.04144336028773126,0.0,-0.03207815243584523,0.0020781524358452277,0.007921847564154772,15.843695128309545,-0.0019013270071340826,0.0037618229982946134,9.506217076985726,0.025,0.0,-0.03,0.0,1.0,0.0,0.01
34,1.1333311389357925,50,0.042487221880279646,0.0,-0.031395869264578755,0.0013958692645787557,0.008604130735421244,17.20826147084249,-0.0025646225177682674,0.0037011464828968416,10.324956882505495,0.025,0.0,-0.03,0.0,1.0,0.0,0.01
34,1.1333311389357925,51,0.04352089944215858,0.0,-0.03069817463321101,0.0006981746332110107,0.00930182536678899,18.60365073357798,-0.00283075340705182,0.0030262424464864773,11.162190440146787,0.025,0.0,-0.03,0.0,1.0,0.0,0.01
34,1.1333311389357925,52,0.0445454711659026,0.0,-0.029987088185301856,1.2911814698143148e-05,0.009987088185301857,19.974176370603715,0.0036102517653647543,0.003114575401515999,11.984505822362228,0.025,0.0,-0.03,0.0,1.0,0.0,0.01
34,1.1333311389357925,53,0.045562084836246505,0.0,-0.029264617397778185,0.0007353826022218138,0.009264617397778186,18.529234795556373,0.003738461389034098,0.0022521387353337152,11.117540877333823,0.025,0.0,-0.03,0.0,1.0,0.0,0.01
34,1.1333311389357925,54,0.04657198905573789,0.0,-0.028532729174253226,0.0014672708257467727,0.008532729174253227,17.065458348506453,0.0046559875119574975,0.002512825707235171,10.239275009103872,0.025,0.0,-0.03,0.0,1.0,0.0,0.01
34,1.1333311389357925,55,0.04757646995233737,0.0,-0.027793387268862994,0.0022066127311370053,0.007793387268862995,15.58677453772599,0.004628037799126681,0.0014466058025573187,9.352064722635594,0.025,0.0,-0.03,0.0,1.0,0.0,0.01
34,1.1333311389357925,56,0.048576893693166756,0.0,-0.02704851652735626,0.002951483472643738,0.007048516527356262,14.097033054712524,0.005702296985046212,0.001904536394422208,8.458219832827513,0.025,0.0,-0.03,0.0,1.0,0.0,0.01
34,1.1333311389357925,57,0.049574633261049716,0.0,-0.026300050057842073,0.0036999499421579256,0.006300050057842075,12.60010011568415,0.005506659450444876,0.0006199396121924205,7.56006006941049,0.025,0.0,-0.03,0.0,1.0,0.0,0.01
34,1.1333311389357925,58,0.05057111927093395,0.0,-0.025549887695894877,0.004450112304105122,0.005549887695894878,11.099775391789755,0.006747101211706874,0.0012952888151741072,6.659865235073853,0.025,0.0,-0.03,0.0,1.0,0.0,0.01
34,1.1333311389357925,59,0.05156775984973755,0.0,-0.024799949813112183,0.0052000501868878155,0.004799949813112185,9.599899626224369,0.00638470202333234,0.00021474502115280929,5.759939775734622,0.025,0.0,-0.03,0.0,1.0,0.0,0.01
34,1.1333311389357925,60,0.05256599707828139,0.0,-0.024052131734241994,0.005947868265758004,0.004052131734241996,8.104263468483992,0.007786180725079479,0.0006882997742406018,4.862558081090396,0.025,0.0,-0.03,0.0,1.0,0.0,0.01
34,1.1333311389357925,61,0.053567222308030495,0.0,-0.023308361110623437,0.006691638889376562,0.0033083611106234385,6.616722221246877,0.007275743547604463,0.0010435919709259759,3.970033332748126,0.025,0.0,-0.03,0.0,1.0,0.0,0.01
34,1.1333311389357925,62,0.054572836403395095,0.0,-0.02257054978262792,0.007429450217372079,0.002570549782627921,5.141099565255842,0.008795607899382604,9.937952013336444e-05,3.084659739153505,0.025,0.0,-0.03,0.0,1.0,0.0,0.01
34,1.1333311389357925,63,0.05558416112850273,0.0,-0.021840651218638932,0.008159348781361066,0.0018406512186389338,3.6813024372778678,0.008393117933147839,0.001994954708039237,2.2087814623667206,0.025,0.0,-0.03,0.0,1.0,0.0,0.01
34,1.1333311389357925,64,0.05681621271621388,0.0,-0.021657449542747915,0.008342550457252084,0.0016574495427479161,3.3148990854958322,0.00954428726665543,0.00010332900094434765,1.9889394512974992,0.025,0.0,-0.03,0.0,1.0,0.0,0.01
34,1.1333311389357925,65,0.058049100884358724,0.0,-0.02148006525357905,0.00851993474642095,0.001480065253579051,2.960130507158102,0.00973124275652245,0.00263754670927265,1.7760783042948611,0.025,0.0,-0.03,0.0,1.0,0.0,0.01
34,1.1333311389357925,66,0.05928282455238657,0.0,-0.021308464819027616,0.008691535180972383,0.001308464819027617,2.6169296380552343,0.010748465515373947,0.000334949766535391,1.5701577828331406,0.025,0.0,-0.03,0.0,1.0,0.0,0.01
34,1.1333311389357925,67,0.06051731505656222,0.0,-0.021142610851541545,0.008857389148458454,0.0011426108515415461,2.285221703083092,0.010882020852093787,0.0031471329751236337,1.3711330218498552,0.025,0.0,-0.03,0.0,1.0,0.0,0.01
34,1.1333311389357925,68,0.06175257778595439,0.0,-0.020982441585260643,0.009017558414739356,0.0009824415852606443,1.9648831705212886,0.011954042927787206,0.00047491824848712536,1.178929902312773,0.025,0.0,-0.03,0.0,1.0,0.0,0.01
34,1.1333311389357925,69,0.06298853330633444,0.0,-0.02082789237997862,0.00917210762002138,0.00082789237997862,1.65578475995724,0.012051645747877848,0.0035407125455613345,0.9934708559743439,0.025,0.0,-0.03,0.0,1.0,0.0,0.01
34,1.1333311389357925,70,0.0642251938410151,0.0,-0.020678873099407073,0.009321126900592926,0.0006788730994070746,1.357746198814149,0.013143642063922968,0.0005193442848950623,0.8146477192884894,0.025,0.0,-0.03,0.0,1.0,0.0,0.01
34,1.1333311389357925,71,0.06546247090574842,0.0,-0.020535292353716122,0.009464707646283876,0.0005352923537161238,1.0705847074322477,0.013238225424280695,0.003819602305267837,0.6423508244593485,0.025,0.0,-0.03,0.0,1.0,0.0,0.01
34,1.1333311389357925,72,0.06670038374234173,0.0,-0.020397032650507598,0.0096029673494924,0.00039703265050759946,0.7940653010151989,0.014321028391662516,0.0004754379516383789,0.47643918060911933,0.025,0.0,-0.03,0.0,1.0,0.0,0.01
34,1.1333311389357925,73,0.06793883678621748,0.0,-0.020263976553379144,0.009736023446620855,0.0002639765533791454,0.5279531067582909,0.014437164545144592,0.003997582686487081,0.31677186405497454,0.025,0.0,-0.03,0.0,1.0,0.0,0.01
34,1.1333311389357925,74,0.06917785596398864,0.0,-0.020135980539657948,0.00986401946034205,0.00013598053965794936,0.27196107931589875,0.015490695656800805,0.0003607626228974237,0.16317664758953923,0.025,0.0,-0.03,0.0,1.0,0.0,0.01
34,1.1333311389357925,75,0.07041734097180259,0.0,-0.020012902101175886,0.009987097898824113,1.2902101175887512e-05,0.025804202351775024,0.01564373028980891,0.004096366196631972,0.015482521411065014,0.025,0.0,-0.03,0.0,1.0,0.0,0.01
35,1.1666644077280217,37,0.038679347511734255,0.0,-0.02090753899653122,0.00909246100346878,0.0009075389965312198,1.8150779930624397,0.0008073791538070395,0.0016155568619306167,1.0890467958374637,0.025,0.0,-0.03,0.0,1.0,0.0,0.01
35,1.1666644077280217,38,0.03874154013194108,0.0,-0.022153401223830877,0.007846598776169122,0.0021534012238308784,4.306802447661757,0.0008472897906645974,0.0019042150044629043,2.584081468597054,0.025,0.0,-0.03,0.0,1.0,0.0,0.01
35,1.1666644077280217,39,0.038800950799739664,0.0,-0.02339940626756156,0.006600593732438438,0.003399406267561562,6.798812535123124,0.0008363244103531723,0.002196868670096686,4.079287521073875,0.025,0.0,-0.03,0.0,1.0,0.0,0.01
35,1.1666644077280217,40,0.03886002128500788,0.0,-0.024645428566713815,0.005354571433286184,0.0046454285667138166,9.290857133427632,0.0008766077406436476,0.0024867636299749454,5.5745142800565795,0.025,0.0,-0.03,0.0,1.0,0.0,0.01
35,1.1666644077280217,41,0.03892119383629433,0.0,-0.025891342632796355,0.004108657367203644,0.005891342632796356,11.782685265592711,0.0008643093122947991,0.0027802604030149327,7.069611159355627,0.025,0.0,-0.03,0.0,1.0,0.0,0.01
35,1.1666644077280217,42,0.038986907076418255,0.0,-0.027137012629498206,0.0028629873705017933,0.007137012629498207,14.274025258996414,0.0009090055500913831,0.003070007807714735,8.564415155397848,0.025,0.0,-0.03,0.0,1.0,0.0,0.01
35,1.1666644077280217,43,0.03905959131503067,0.0,-0.028382274862634504,0.0016177251373654944,0.008382274862634506,16.76454972526901,0.0008952116880912739,0.003363642142424587,10.058729835161406,0.025,0.0,-0.03,0.0,1.0,0.0,0.01
35,1.1666644077280217,44,0.03914166399183423,0.0,-0.029626927032674753,0.0003730729673252463,0.009626927032674754,19.253854065349508,0.00094934043754893,0.00365163679330205,11.552312439209704,0.025,0.0,-0.03,0.0,1.0,0.0,0.01
35,1.1666644077280217,45,0.03923552430550333,0.0,-0.030870712220004055,0.0008707122200040558,0.009129287779995944,18.25857555999189,-0.000933231120893432,0.0039446316223512475,10.955145335995134,0.025,0.0,-0.03,0.0,1.0,0.0,0.01
35,1.1666644077280217,46,0.03934354759386712,0.0,-0.03211330771156313,0.0021133077115631296,0.00788669228843687,15.773384576873742,-0.0010020450220648044,0.004231835462543244,9.464030746124244,0.025,0.0,-0.03,0.0,1.0,0.0,0.01
35,1.1666644077280217,47,0.03947154775720998,0.0,-0.033355260003971904,0.003355260003971905,0.006644739996028095,13.28947999205619,-0.0009805838558608778,0.004496093330040692,7.973687995233714,0.025,0.0,-0.03,0.0,1.0,0.0,0.01
35,1.1666644077280217,48,0.04052831784282921,0.0,-0.032693338209056594,0.002693338209056595,0.007306661790943405,14.61332358188681,-0.0015481477867601828,0.004276566516467418,8.767994149132086,0.025,0.0,-0.03,0.0,1.0,0.0,0.01
35,1.1666644077280217,49,0.04157273796667471,0.0,-0.032011988891743656,0.0020119888917436574,0.007988011108256343,15.976022216512686,-0.0019322335514882364,0.0037871676165280653,9.585613329907611,0.025,0.0,-0.03,0.0,1.0,0.0,0.01
35,1.1666644077280217,50,0.04260569541158272,0.0,-0.03131328449951455,0.0013132844995145526,0.008686715500485448,17.373431000970896,-0.0025801847347787705,0.003694821125238978,10.424058600582537,0.025,0.0,-0.03,0.0,1.0,0.0,0.01
35,1.1666644077280217,51,0.043628190022306446,0.0,-0.030599271951733203,0.0005992719517332046,0.009400728048266796,18.80145609653359,-0.0028569479882111478,0.0030482948187356505,11.280873657920155,0.025,0.0,-0.03,0.0,1.0,0.0,0.01
35,1.1666644077280217,52,0.04464132871324743,0.0,-0.029871967124245533,0.00012803287575446562,0.009871967124245535,19.74393424849107,0.0036039603343755895,0.0030773438198926557,11.84636054909464,0.025,0.0,-0.03,0.0,1.0,0.0,0.01
35,1.1666644077280217,53,0.0456463037786022,0.0,-0.02913336151994977,0.0008666384800502282,0.009133361519949772,18.266723039899546,0.003766094571109796,0.002279930360890343,10.960033823939726,0.025,0.0,-0.03,0.0,1.0,0.0,0.01
35,1.1666644077280217,54,0.04664439011025332,0.0,-0.028385416909150356,0.001614583090849643,0.008385416909150357,16.770833818300716,0.004621019685021576,0.002436687744285042,10.062500290980429,0.025,0.0,-0.03,0.0,1.0,0.0,0.01
35,1.1666644077280217,55,0.04763692088202873,0.0,-0.027630076215760843,0.0023699237842391557,0.0076300762157608445,15.26015243152169,0.004661675951975635,0.0014864838982539424,9.156091458913012,0.025,0.0,-0.03,0.0,1.0,0.0,0.01
35,1.1666644077280217,56,0.048625286394571886,0.0,-0.026869258536080656,0.0031307414639193433,0.006869258536080657,13.738517072161313,0.0056357955991790986,0.0017863823751976702,8.243110243296787,0.025,0.0,-0.03,0.0,1.0,0.0,0.01
35,1.1666644077280217,57,0.04961090857176408,0.0,-0.026104872706086402,0.0038951272939135966,0.006104872706086404,12.209745412172808,0.005545280930942833,0.0006711250320756634,7.325847247303685,0.025,0.0,-0.03,0.0,1.0,0.0,0.01
35,1.1666644077280217,58,0.05059524048391724,0.0,-0.025338812838091893,0.004661187161908106,0.005338812838091895,10.677625676183789,0.006653842090446905,0.0011409565133370264,6.4065754057102735,0.025,0.0,-0.03,0.0,1.0,0.0,0.01
35,1.1666644077280217,59,0.05157974049421125,0.0,-0.024572973192883305,0.005427026807116694,0.004572973192883306,9.145946385766612,0.00641873980416071,0.00016365410129308482,5.487567831459967,0.025,0.0,-0.03,0.0,1.0,0.0,0.01
35,1.1666644077280217,60,0.05256587205154326,0.0,-0.02380924395319982,0.0061907560468001804,0.0038092439531998198,7.61848790639964,0.007680474237964726,0.0005153116864679168,4.571092743839784,0.025,0.0,-0.03,0.0,1.0,0.0,0.01
35,1.1666644077280217,61,0.05355507746981864,0.0,-0.023049526523075167,0.006950473476924832,0.0030495265230751686,6.099053046150337,0.007286591968708534,0.0010165661817072007,3.6594318276902023,0.025,0.0,-0.03,0.0,1.0,0.0,0.01
35,1.1666644077280217,62,0.054548778444079196,0.0,-0.02229572864645715,0.00770427135354285,0.0022957286464571503,4.591457292914301,0.008700854316809297,6.213481422797031e-05,2.7548743757485803,0.025,0.0,-0.03,0.0,1.0,0.0,0.01
35,1.1666644077280217,63,0.05554834829686778,0.0,-0.021549779680406195,0.008450220319593804,0.001549779680406196,3.099559360812392,0.00834614340249962,0.0020260331787943127,1.8597356164874352,0.025,0.0,-0.03,0.0,1.0,0.0,0.01
35,1.1666644077280217,64,0.05677731488056113,0.0,-0.02134694517545366,0.008653054824546338,0.0013469451754536624,2.693890350907325,0.009499241033403025,1.19543295958217e-05,1.616334210544395,0.025,0.0,-0.03,0.0,1.0,0.0,0.01
35,1.1666644077280217,65,0.058007221043948703,0.0,-0.021149911138622118,0.008850088861377881,0.001149911138622119,2.299822277244238,0.009640232397525145,0.0027771584231645837,1.3798933663465427,0.025,0.0,-0.03,0.0,1.0,0.0,0.01
35,1.1666644077280217,66,0.05923804308274083,0.0,-0.020958648322958837,0.009041351677041162,0.0009586483229588379,1.917296645917676,0.010726312428718882,0.0003239347114846363,1.1503779875506055,0.025,0.0,-0.03,0.0,1.0,0.0,0.01
35,1.1666644077280217,67,0.06046973634306354,0.0,-0.020773116601229307,0.009226883398770692,0.0007731166012293084,1.546233202458617,0.01075888439757224,0.0034631857702113363,0.9277399214751701,0.025,0.0,-0.03,0.0,1.0,0.0,0.01
35,1.1666644077280217,68,0.06170227859501762,0.0,-0.02059325819112635,0.009406741808873648,0.0005932581911263519,1.1865163822527038,0.011959823852201628,0.0006369118039166178,0.7119098293516223,0.025,0.0,-0.03,0.0,1.0,0.0,0.01
35,1.1666644077280217,69,0.06293561773799318,0.0,-0.020419005627118948,0.009580994372881051,0.00041900562711894886,0.8380112542378977,0.011891993109566804,0.004098148424892892,0.5028067525427385,0.025,0.0,-0.03,0.0,1.0,0.0,0.01
35,1.1666644077280217,70,0.06416973486101066,0.0,-0.020250272837909426,0.009749727162090573,0.0002502728379094269,0.5005456758188538,0.013180036166193525,0.0009106596325216261,0.30032740549131226,0.025,0.0,-0.03,0.0,1.0,0.0,0.01
35,1.1666644077280217,71,0.06540457076555559,0.0,-0.020086965680504762,0.009913034319495237,8.696568050476326e-05,0.17393136100952653,0.013042075002281639,0.004661883784254988,0.10435881660571592,0.025,0.0,-0.03,0.0,1.0,0.0,0.01
36,1.199997676520251,37,0.03873335236817428,0.0,-0.020879971598707806,0.009120028401292193,0.0008799715987078075,1.759943197415615,0.0007866453354080444,0.0016289743048060897,1.055965918449369,0.025,0.0,-0.03,0.0,1.0,0.0,0.01
36,1.199997676520251,38,0.038805254672920675,0.0,-0.02212529468163233,0.007874705318367668,0.002125294681632332,4.250589363264664,0.0009050619259009106,0.0019141605238984986,2.5503536179587987,0.025,0.0,-0.03,0.0,1.0,0.0,0.01
36,1.199997676520251,39,0.038874400348034174,0.0,-0.023370782136184893,0.006629217863815106,0.003370782136184894,6.741564272369788,0.0008088931457045553,0.0022149067916967316,4.044938563421873,0.025,0.0,-0.03,0.0,1.0,0.0,0.01
36,1.199997676520251,40,0.03894322193552517,0.0,-0.024616287244600712,0.005383712755399287,0.004616287244600713,9.232574489201426,0.0009508350124563018,0.002499905505374297,5.539544693520855,0.025,0.0,-0.03,0.0,1.0,0.0,0.01
36,1.199997676520251,41,0.039014152794310177,0.0,-0.025861668513419298,0.004138331486580701,0.005861668513419299,11.723337026838598,0.000830716244907901,0.0028032645505445936,7.034002216103159,0.025,0.0,-0.03,0.0,1.0,0.0,0.01
36,1.199997676520251,42,0.03908962217973603,0.0,-0.027106768949051306,0.0028932310509486928,0.0071067689490513074,14.213537898102615,0.0009973496148778789,0.0030859799860600274,8.528122738861569,0.025,0.0,-0.03,0.0,1.0,0.0,0.01
36,1.199997676520251,43,0.03917205113894855,0.0,-0.02835140877809731,0.0016485912219026885,0.008351408778097312,16.702817556194624,0.0008597702339586608,0.003391827483373198,10.021690533716773,0.025,0.0,-0.03,0.0,1.0,0.0,0.01
36,1.199997676520251,44,0.03926384716470712,0.0,-0.029595365414841885,0.0004046345851581139,0.009595365414841886,19.190730829683773,0.0010458154270337908,0.0036702224110037817,11.514438497810263,0.025,0.0,-0.03,0.0,1.0,0.0,0.01
36,1.199997676520251,45,0.03936739937054534,0.0,-0.0308383659911936,0.0008383659911936001,0.0091616340088064,18.3232680176128,-0.0009032565549597408,0.003977381883422934,10.99396081056768,0.025,0.0,-0.03,0.0,1.0,0.0,0.01
36,1.199997676520251,46,0.039485072185358926,0.0,-0.03208006922192784,0.002080069221927841,0.00791993077807216,15.839861556144319,-0.0010991184725767209,0.00425836130452171,9.503916933686591,0.025,0.0,-0.03,0.0,1.0,0.0,0.01
36,1.199997676520251,47,0.03962275594038645,0.0,-0.03332100011854292,0.003321000118542923,0.006678999881457077,13.357999762914154,-0.0009578466592560054,0.0044803550560893355,8.014799857748493,0.025,0.0,-0.03,0.0,1.0,0.0,0.01
36,1.199997676520251,48,0.04066904352779301,0.0,-0.032642605629003334,0.002642605629003335,0.007357394370996665,14.714788741993331,-0.0016646009319275126,0.004419609251240821,8.828873245195998,0.025,0.0,-0.03,0.0,1.0,0.0,0.01
36,1.199997676520251,49,0.04170262980795152,0.0,-0.031944906154489666,0.0019449061544896673,0.008055093845510333,16.110187691020666,-0.001837627831834513,0.0036245383573943295,9.6661126146124,0.025,0.0,-0.03,0.0,1.0,0.0,0.01
36,1.199997676520251,50,0.04272443693601498,0.0,-0.031229969558060924,0.0012299695580609248,0.008770030441939075,17.54006088387815,-0.0027638545505821793,0.0039306668541295295,10.52403653032689,0.025,0.0,-0.03,0.0,1.0,0.0,0.01
36,1.199997676520251,51,0.043735500941845994,0.0,-0.03049983533634529,0.0004998353363452925,0.009500164663654708,19.000329327309416,-0.002675847830477921,0.0027784759116495803,11.400197596385649,0.025,0.0,-0.03,0.0,1.0,0.0,0.01
36,1.199997676520251,52,0.04473696370302388,0.0,-0.02975651075547087,0.0002434892445291291,0.009756510755470871,19.51302151094174,0.003842141013363283,0.003375235052447406,11.707812906565044,0.025,0.0,-0.03,0.0,1.0,0.0,0.01
36,1.199997676520251,53,0.04573005435531045,0.0,-0.029001975712871376,0.000998024287128623,0.009001975712871377,18.003951425742756,0.003517509231531941,0.0019359675205526505,10.802370855445654,0.025,0.0,-0.03,0.0,1.0,0.0,0.01
36,1.199997676520251,54,0.04671608262686913,0.0,-0.02823818015903838,0.0017618198409616176,0.008238180159038383,16.476360318076765,0.004888824607921844,0.0027616495096919797,9.88581619084606,0.025,0.0,-0.03,0.0,1.0,0.0,0.01
36,1.199997676520251,55,0.04769641879280864,0.0,-0.027467052301383216,0.002532947698616783,0.007467052301383217,14.934104602766434,0.0043732504832448135,0.0011050053057541384,8.96046276165986,0.025,0.0,-0.03,0.0,1.0,0.0,0.01
36,1.199997676520251,56,0.04867248778673022,0.0,-0.026690497170566246,0.003309502829433753,0.006690497170566247,13.380994341132494,0.00590247707122024,0.002101566827325188,8.028596604679496,0.025,0.0,-0.03,0.0,1.0,0.0,0.01
36,1.199997676520251,57,0.04964574875290778,0.0,-0.025910406859774627,0.004089593140225372,0.005910406859774628,11.820813719549257,0.005248306113497621,0.00028865612807436495,7.092488231729554,0.025,0.0,-0.03,0.0,1.0,0.0,0.01
36,1.199997676520251,58,0.05061768909673955,0.0,-0.025128660289223777,0.0048713397107762214,0.005128660289223779,10.257320578447558,0.006888079803177718,0.0014113854367652826,6.154392347068534,0.025,0.0,-0.03,0.0,1.0,0.0,0.01
36,1.199997676520251,59,0.051589804668054566,0.0,-0.02434713394669539,0.00565286605330461,0.00434713394669539,8.69426789339078,0.0061426432873667395,0.0005143822038837096,5.2165607360344675,0.025,0.0,-0.03,0.0,1.0,0.0,0.01
36,1.199997676520251,60,0.052563592719264564,0.0,-0.023567702995643598,0.006432297004356401,0.0035677029956435995,7.135405991287199,0.007855811898826953,0.0007114368257576508,4.281243594772319,0.025,0.0,-0.03,0.0,1.0,0.0,0.01
36,1.199997676520251,61,0.05354053374060571,0.0,-0.022792250885437963,0.007207749114562036,0.002792250885437964,5.584501770875928,0.007054129729788376,0.0013102044157689223,3.3507010625255567,0.025,0.0,-0.03,0.0,1.0,0.0,0.01
36,1.199997676520251,62,0.05452208222213206,0.0,-0.022022671955385303,0.007977328044614696,0.002022671955385304,4.045343910770608,0.008797567887319668,4.099547493487047e-05,2.427206346462365,0.025,0.0,-0.03,0.0,1.0,0.0,0.01
36,1.199997676520251,63,0.055509651165866924,0.0,-0.02126087835033537,0.00873912164966463,0.00126087835033537,2.52175670067074,0.008194042428480434,0.0022702123992700595,1.5130540204024439,0.025,0.0,-0.03,0.0,1.0,0.0,0.01
36,1.199997676520251,64,0.05673522511360949,0.0,-0.021038474712799446,0.008961525287200553,0.0010384747127994472,2.0769494255988943,0.009487926835990255,3.45943492838001e-05,1.2461696553593364,0.025,0.0,-0.03,0.0,1.0,0.0,0.01
36,1.199997676520251,65,0.05796183546523489,0.0,-0.020821854264273305,0.009178145735726694,0.0008218542642733067,1.6437085285466133,0.009532325431944247,0.002997004840619109,0.9862251171279679,0.025,0.0,-0.03,0.0,1.0,0.0,0.01
36,1.199997676520251,66,0.05918944746819295,0.0,-0.020610990242033146,0.009389009757966853,0.0006109902420331475,1.221980484066295,0.010704238346377515,0.00029882526786016337,0.733188290439777,0.025,0.0,-0.03,0.0,1.0,0.0,0.01
36,1.199997676520251,67,0.06041802952423517,0.0,-0.020405840931247646,0.009594159068752352,0.00040584093124764777,0.8116818624952955,0.010649002660890675,0.0036509980445547374,0.4870091174971773,0.025,0.0,-0.03,0.0,1.0,0.0,0.01
36,1.199997676520251,68,0.061647541544491716,0.0,-0.020206351773624405,0.009793648226375594,0.0002063517736244063,0.41270354724881264,0.011933881431780428,0.0005483345461449798,0.24762212834928757,0.025,0.0,-0.03,0.0,1.0,0.0,0.01
36,1.199997676520251,69,0.06287795080078473,0.0,-0.020012452886215427,0.009987547113784571,1.2452886215428768e-05,0.024905772430857537,0.011777402661607598,0.0042675897306821255,0.014943463458514522,0.025,0.0,-0.03,0.0,1.0,0.0,0.01
37,1.23333094531248,37,0.038787715504105466,0.0,-0.020851916595224253,0.009148083404775745,0.0008519165952242547,1.7038331904485096,0.0008482175770235963,0.001636227389162001,1.0222999142691056,0.025,0.0,-0.03,0.0,1.0,0.0,0.01
37,1.23333094531248,38,0.03886939349622668,0.0,-0.022096620696241215,0.007903379303758784,0.002096620696241216,4.193241392482432,0.0008695319751484004,0.001930485135514359,2.515944835489459,0.025,0.0,-0.03,0.0,1.0,0.0,0.01
37,1.23333094531248,39,0.03894834033818214,0.0,-0.023341509429558215,0.006658490570441784,0.0033415094295582166,6.683018859116433,0.0008870060207163756,0.00222551628804055,4.009811315469859,0.025,0.0,-0.03,0.0,1.0,0.0,0.01
37,1.23333094531248,40,0.03902697923695819,0.0,-0.024586417155297042,0.005413582844702957,0.004586417155297043,9.172834310594087,0.0009088641480647608,0.0025209155601426617,5.5037005863564525,0.025,0.0,-0.03,0.0,1.0,0.0,0.01
37,1.23333094531248,41,0.03910773427280903,0.0,-0.025831183959123597,0.004168816040876402,0.0058311839591235985,11.662367918247197,0.0009238965693788693,0.0028169117861156032,6.997420750948318,0.025,0.0,-0.03,0.0,1.0,0.0,0.01
37,1.23333094531248,42,0.03919302525312068,0.0,-0.027075634222890034,0.002924365777109965,0.007075634222890035,14.15126844578007,0.0009522000232275447,0.003111942916319667,8.490761067468043,0.025,0.0,-0.03,0.0,1.0,0.0,0.01
37,1.23333094531248,43,0.03928526354505948,0.0,-0.028319569544007422,0.0016804304559925771,0.008319569544007423,16.639139088014847,0.0009630569157251513,0.0034082185174967275,9.983483452808908,0.025,0.0,-0.03,0.0,1.0,0.0,0.01
37,1.23333094531248,44,0.039386846645894764,0.0,-0.02956274959165452,0.0004372504083454791,0.009562749591654521,19.125499183309042,0.0010040403049202738,0.0037011320559791603,11.475299509985424,0.025,0.0,-0.03,0.0,1.0,0.0,0.01
37,1.23333094531248,45,0.03950015314755271,0.0,-0.03080488315138524,0.0008048831513852404,0.00919511684861476,18.39023369722952,-0.0010090372563048473,0.003996925909268042,11.034140218337711,0.025,0.0,-0.03,0.0,1.0,0.0,0.01
37,1.23333094531248,46,0.03962753652591899,0.0,-0.032045612669725006,0.002045612669725007,0.007954387330274993,15.908774660549987,-0.0010684971478653069,0.004288329065281625,9.545264796329992,0.025,0.0,-0.03,0.0,1.0,0.0,0.01
37,1.23333094531248,47,0.03977496336482468,0.0,-0.03328543800158935,0.0032854380015893483,0.006714561998410652,13.429123996821303,-0.0010643863963232787,0.004561867676970861,8.057474398092781,0.025,0.0,-0.03,0.0,1.0,0.0,0.01
37,1.23333094531248,48,0.040810520314522925,0.0,-0.032590751100645826,0.0025907511006458273,0.007409248899354173,14.818497798708346,-0.001607993982066528,0.004305680703134798,8.891098679225008,0.025,0.0,-0.03,0.0,1.0,0.0,0.01
37,1.23333094531248,49,0.041833027773370716,0.0,-0.03187688716125432,0.001876887161254323,0.008123112838745677,16.246225677491353,-0.002000432292244525,0.003842098529235197,9.747735406494812,0.025,0.0,-0.03,0.0,1.0,0.0,0.01
37,1.23333094531248,50,0.04284343858716828,0.0,-0.03114591189371928,0.001145911893719282,0.008854088106280718,17.708176212561437,-0.0026077847017436217,0.003677642729866097,10.624905727536861,0.025,0.0,-0.03,0.0,1.0,0.0,0.01
37,1.23333094531248,51,0.04384283069598587,0.0,-0.030399852524758728,0.0003998525247587287,0.009600147475241272,19.200294950482544,-0.0029117300229585677,0.003090256642664352,11.520176970289526,0.025,0.0,-0.03,0.0,1.0,0.0,0.01
37,1.23333094531248,52,0.04483237369292527,0.0,-0.029640712290676132,0.0003592877093238668,0.009640712290676133,19.281424581352265,0.003597439314082948,0.003015165458375784,11.56885474881136,0.025,0.0,-0.03,0.0,1.0,0.0,0.01
37,1.23333094531248,53,0.04581334177909906,0.0,-0.02887045247889405,0.0011295475211059482,0.008870452478894052,17.740904957788104,0.0038064106789001185,0.0023085562853777364,10.644542974672861,0.025,0.0,-0.03,0.0,1.0,0.0,0.01
37,1.23333094531248,54,0.04678706998791942,0.0,-0.028091017725959944,0.0019089822740400546,0.008091017725959946,16.18203545191989,0.004579587650795495,0.002330318562702508,9.709221271151934,0.025,0.0,-0.03,0.0,1.0,0.0,0.01
37,1.23333094531248,55,0.04775497566600903,0.0,-0.027304312844724076,0.0026956871552759228,0.0073043128447240774,14.608625689448155,0.00468639343393633,0.0015017432555629576,8.765175413668892,0.025,0.0,-0.03,0.0,1.0,0.0,0.01
37,1.23333094531248,56,0.04871850741963498,0.0,-0.026512236627298687,0.003487763372701312,0.006512236627298688,13.024473254597376,0.005559336694543603,0.001636018571417392,7.8146839527584255,0.025,0.0,-0.03,0.0,1.0,0.0,0.01
37,1.23333094531248,57,0.04967917246567248,0.0,-0.025716654798478362,0.004283345201521637,0.005716654798478363,11.433309596956727,0.005553375574714935,0.0006735338883640474,6.859985758174036,0.025,0.0,-0.03,0.0,1.0,0.0,0.01
37,1.23333094531248,58,0.050638481111481684,0.0,-0.024919439432138715,0.005080560567861284,0.004919439432138717,9.838878864277433,0.006542698464580633,0.0009459206376398397,5.903327318566459,0.025,0.0,-0.03,0.0,1.0,0.0,0.01
37,1.23333094531248,59,0.05159797748733573,0.0,-0.02412243954053565,0.005877560459464349,0.004122439540535651,8.244879081071302,0.006409542011698288,0.00017280102885387566,4.946927448642781,0.025,0.0,-0.03,0.0,1.0,0.0,0.01
37,1.23333094531248,60,0.05255918175203515,0.0,-0.023327523234522828,0.006672476765477171,0.003327523234522829,6.655046469045658,0.007535181396341203,0.0002738058568069409,3.9930278814273947,0.025,0.0,-0.03,0.0,1.0,0.0,0.01
37,1.23333094531248,61,0.05352362234549652,0.0,-0.022536547136482395,0.0074634528635176035,0.0025365471364823967,5.073094272964793,0.007259938880844436,0.0010349777836793266,3.043856563778876,0.025,0.0,-0.03,0.0,1.0,0.0,0.01
37,1.23333094531248,62,0.054492777177236176,0.0,-0.021751398874464433,0.008248601125535566,0.0017513988744644344,3.502797748928869,0.008525029658693228,0.00035474224661591076,2.1016786493573214,0.025,0.0,-0.03,0.0,1.0,0.0,0.01
37,1.23333094531248,63,0.05546810692501159,0.0,-0.0209739663631452,0.009026033636854797,0.0009739663631452029,1.9479327262904058,0.008264649179361061,0.002030071090993057,1.1687596357742434,0.025,0.0,-0.03,0.0,1.0,0.0,0.01
37,1.23333094531248,64,0.05668997727012524,0.0,-0.020732062769064863,0.009267937230935136,0.0007320627690648642,1.4641255381297285,0.009371051395590031,0.0004142870978314836,0.878475322877837,0.025,0.0,-0.03,0.0,1.0,0.0,0.01
37,1.23333094531248,65,0.05791298380263316,0.0,-0.02049592247072252,0.00950407752927748,0.0004959224707225211,0.9918449414450421,0.009513877174872334,0.002727566420497755,0.5951069648670252,0.025,0.0,-0.03,0.0,1.0,0.0,0.01
37,1.23333094531248,66,0.05913707454612124,0.0,-0.020265523095577283,0.009734476904422716,0.0002655230955772841,0.5310461911545682,0.010595171934756559,0.00020421516174988215,0.3186277146927409,0.025,0.0,-0.03,0.0,1.0,0.0,0.01
37,1.23333094531248,67,0.06036223612164806,0.0,-0.020040819888852996,0.009959180111147003,4.081988885299738e-05,0.08163977770599476,0.010621643082899096,0.0033639628346004476,0.048983866623596856,0.025,0.0,-0.03,0.0,1.0,0.0,0.01
38,1.2666642141047093,37,0.0388424324811697,0.0,-0.020823367944233402,0.009176632055766597,0.0008233679442334035,1.6467358884668069,0.0008428246981780032,0.0016485613128258466,0.988041533080084,0.025,0.0,-0.03,0.0,1.0,0.0,0.01
38,1.2666642141047093,38,0.03893395131506327,0.0,-0.02206737096325524,0.00793262903674476,0.00206737096325524,4.13474192651048,0.0009095144814094581,0.0019410789959752558,2.480845155906288,0.025,0.0,-0.03,0.0,1.0,0.0,0.01
38,1.2666642141047093,39,0.03902276473040105,0.0,-0.023311579008785062,0.006688420991214937,0.003311579008785063,6.623158017570127,0.0008836114440683004,0.0022418992629111858,3.9738948105420757,0.025,0.0,-0.03,0.0,1.0,0.0,0.01
38,1.2666642141047093,40,0.039111286274697954,0.0,-0.024555806642423943,0.0054441933575760555,0.004555806642423945,9.11161328484789,0.0009537342723467787,0.002535428029949105,5.466967970908733,0.025,0.0,-0.03,0.0,1.0,0.0,0.01
38,1.2666642141047093,41,0.03920193060681796,0.0,-0.025799876662459933,0.004200123337540065,0.005799876662459935,11.59975332491987,0.0009283157346609204,0.002837030701276719,6.959851994951922,0.025,0.0,-0.03,0.0,1.0,0.0,0.01
38,1.2666642141047093,42,0.03929710772480586,0.0,-0.027043593513989637,0.002956406486010362,0.007043593513989638,14.087187027979276,0.0009971152442277142,0.003130594012834246,8.452312216787565,0.025,0.0,-0.03,0.0,1.0,0.0,0.01
38,1.2666642141047093,43,0.0393992192066569,0.0,-0.028286741665913672,0.0017132583340863268,0.008286741665913673,16.573483331827347,0.000978962133504717,0.0034317900981726325,9.944089999096407,0.025,0.0,-0.03,0.0,1.0,0.0,0.01
38,1.2666642141047093,44,0.03951065216205883,0.0,-0.02952906144360281,0.00047093855639718935,0.00952906144360281,19.05812288720562,0.0010467310864291652,0.0037240388114123065,11.434873732323371,0.025,0.0,-0.03,0.0,1.0,0.0,0.01
38,1.2666642141047093,45,0.03963377459349491,0.0,-0.030770245054470822,0.000770245054470823,0.009229754945529177,18.459509891058353,-0.0010374261979749205,0.004023655898626236,11.075705934635012,0.025,0.0,-0.03,0.0,1.0,0.0,0.01
38,1.2666642141047093,46,0.039770928631532955,0.0,-0.03200991687904765,0.0020099168790476477,0.007990083120952353,15.980166241904705,-0.0011091138823116685,0.004315174727544009,9.588099745142822,0.025,0.0,-0.03,0.0,1.0,0.0,0.01
38,1.2666642141047093,47,0.039928156752679876,0.0,-0.033248551982658366,0.0032485519826583667,0.0067514480173416335,13.502896034683268,-0.0011041567537414976,0.004592982218056699,8.10173762080996,0.025,0.0,-0.03,0.0,1.0,0.0,0.01
38,1.2666642141047093,48,0.0409527389033337,0.0,-0.0325377542494333,0.0025377542494333036,0.007462245750566697,14.924491501133394,-0.0016410986260990106,0.0043242127008123465,8.954694900680035,0.025,0.0,-0.03,0.0,1.0,0.0,0.01
38,1.2666642141047093,49,0.04196392267381898,0.0,-0.03180791582380624,0.0018079158238062387,0.008192084176193761,16.384168352387523,-0.002031247889440699,0.0038620656402817725,9.830501011432514,0.025,0.0,-0.03,0.0,1.0,0.0,0.01
38,1.2666642141047093,50,0.042962697426330326,0.0,-0.03106109544016469,0.001061095440164691,0.00893890455983531,17.87780911967062,-0.002629108018658343,0.0036796723843641366,10.726685471802371,0.025,0.0,-0.03,0.0,1.0,0.0,0.01
38,1.2666642141047093,51,0.04395017488868286,0.0,-0.03029931302174665,0.00029931302174665206,0.009700686978253348,19.401373956506696,-0.0029290856208866746,0.0030955577419083326,11.640824373904017,0.025,0.0,-0.03,0.0,1.0,0.0,0.01
38,1.2666642141047093,52,0.04492756219606536,0.0,-0.02952455996903843,0.00047544003096156723,0.009524559969038433,19.049119938076867,0.0036098421520550697,0.0030054526106020976,11.42947196284612,0.025,0.0,-0.03,0.0,1.0,0.0,0.01
38,1.2666642141047093,53,0.04589616700969188,0.0,-0.028738786665836482,0.001261213334163517,0.008738786665836483,17.477573331672968,0.0038064559798268306,0.0022953511094783025,10.48654399900378,0.025,0.0,-0.03,0.0,1.0,0.0,0.01
38,1.2666642141047093,54,0.046857362123848986,0.0,-0.0279439222784143,0.0020560777215856973,0.007943922278414303,15.887844556828606,0.004584990884145469,0.0023116450534234516,9.532706734097163,0.025,0.0,-0.03,0.0,1.0,0.0,0.01
38,1.2666642141047093,55,0.04781259831499906,0.0,-0.02714185774041126,0.0028581422595887404,0.00714185774041126,14.28371548082252,0.00466799410755307,0.0014696708237032384,8.570229288493511,0.025,0.0,-0.03,0.0,1.0,0.0,0.01
38,1.2666642141047093,56,0.04876336149906822,0.0,-0.026334474209629383,0.0036655257903706155,0.006334474209629385,12.66894841925877,0.0055558740680989056,0.0016062101473128174,7.601369051555261,0.025,0.0,-0.03,0.0,1.0,0.0,0.01
38,1.2666642141047093,57,0.049711192778918334,0.0,-0.0255236211726655,0.004476378827334499,0.005523621172665501,11.047242345331002,0.005520708011065607,0.000628275318344838,6.6283454071986005,0.025,0.0,-0.03,0.0,1.0,0.0,0.01
38,1.2666642141047093,58,0.05065763878762874,0.0,-0.02471115245616743,0.0052888475438325686,0.004711152456167432,9.422304912334864,0.006522670157385033,0.0008957174730437584,5.653382947400918,0.025,0.0,-0.03,0.0,1.0,0.0,0.01
38,1.2666642141047093,59,0.05160427855536427,0.0,-0.0238988991427948,0.006101100857205197,0.003898899142794803,7.7977982855896055,0.0063734144693578295,0.00021794448645906538,4.678678971353763,0.025,0.0,-0.03,0.0,1.0,0.0,0.01
38,1.2666642141047093,60,0.05255266718429125,0.0,-0.023088712004341497,0.006911287995658502,0.003088712004341498,6.177424008682996,0.007484595678982835,0.00018582987337746956,3.706454405209797,0.025,0.0,-0.03,0.0,1.0,0.0,0.01
38,1.2666642141047093,61,0.05350436955581634,0.0,-0.022282428811782298,0.007717571188217701,0.002282428811782299,4.564857623564598,0.007237129274721771,0.0010584945907431054,2.7389145741387586,0.025,0.0,-0.03,0.0,1.0,0.0,0.01
38,1.2666642141047093,62,0.05446089682438775,0.0,-0.02148192215111735,0.00851807784888265,0.0014819221511173496,2.9638443022346994,0.00842793466412225,0.0005079138537700033,1.7783065813408196,0.025,0.0,-0.03,0.0,1.0,0.0,0.01
38,1.2666642141047093,63,0.05542374824564534,0.0,-0.02068906126462241,0.00931093873537759,0.0006890612646224103,1.3781225292448205,0.008243391464466681,0.0019806702409645703,0.8268735175468923,0.025,0.0,-0.03,0.0,1.0,0.0,0.01
38,1.2666642141047093,64,0.056641608926994116,0.0,-0.02042772942174072,0.009572270578259278,0.00042772942174072216,0.8554588434814443,0.009277479485144485,0.0007218921628704616,0.5132753060888665,0.025,0.0,-0.03,0.0,1.0,0.0,0.01
38,1.2666642141047093,65,0.05786070148462534,0.0,-0.020172140335532045,0.009827859664467954,0.00017214033553204604,0.3442806710640921,0.009492002465553586,0.0025263538639167535,0.20656840263845525,0.025,0.0,-0.03,0.0,1.0,0.0,0.01
39,1.2999974828969385,37,0.03889749943019695,0.0,-0.020794318545703,0.009205681454297,0.0007943185457030006,1.5886370914060013,0.0010422118849517275,0.001641430566639027,0.9531822548436008,0.025,0.0,-0.03,0.0,1.0,0.0,0.01
39,1.2999974828969385,38,0.038998923641820483,0.0,-0.022037537562677387,0.007962462437322612,0.002037537562677388,4.075075125354776,0.0007337909336022248,0.001971300311307332,2.4450450752128656,0.025,0.0,-0.03,0.0,1.0,0.0,0.01
39,1.2999974828969385,39,0.0390976682589577,0.0,-0.02328098038539643,0.006719019614603569,0.003280980385396431,6.561960770792862,0.001100416340889288,0.002238292405376602,3.9371764624757173,0.025,0.0,-0.03,0.0,1.0,0.0,0.01
39,1.2999974828969385,40,0.0391961371701485,0.0,-0.024524444592442084,0.0054755554075579145,0.004524444592442086,9.048889184884171,0.0007822498896169679,0.002569496615776211,5.429333510930502,0.025,0.0,-0.03,0.0,1.0,0.0,0.01
39,1.2999974828969385,41,0.039296735117026575,0.0,-0.025767732826924114,0.004232267173075885,0.005767732826924115,11.535465653848231,0.0011402769210325074,0.0028375592267887453,6.921279392308938,0.025,0.0,-0.03,0.0,1.0,0.0,0.01
39,1.2999974828969385,42,0.03940186229278257,0.0,-0.027010632450633724,0.0029893675493662744,0.007010632450633726,14.021264901267452,0.00085034653170566,0.003167935565497542,8.41275894076047,0.025,0.0,-0.03,0.0,1.0,0.0,0.01
39,1.2999974828969385,43,0.0395139099960288,0.0,-0.02825290813635286,0.0017470918636471391,0.008252908136352861,16.505816272705722,0.001168160558964421,0.003437011351311007,9.903489763623433,0.025,0.0,-0.03,0.0,1.0,0.0,0.01
39,1.2999974828969385,44,0.03963525494128212,0.0,-0.02949428334028788,0.0005057166597121181,0.009494283340287882,18.988566680575765,0.0009398153678563681,0.0037636961358282896,11.393140008345458,0.025,0.0,-0.03,0.0,1.0,0.0,0.01
39,1.2999974828969385,45,0.03976825408692514,0.0,-0.030734431595627398,0.0007344315956273988,0.009265568404372601,18.531136808745202,-0.001191648336643611,0.0040351167634269025,11.118682085247121,0.025,0.0,-0.03,0.0,1.0,0.0,0.01
39,1.2999974828969385,46,0.03991523816982097,0.0,-0.031972961020622644,0.0019729610206226447,0.008027038979377355,16.05407795875471,-0.0010510848152506973,0.004349998950070325,9.632446775252825,0.025,0.0,-0.03,0.0,1.0,0.0,0.01
39,1.2999974828969385,47,0.04008232522699836,0.0,-0.033210318944625825,0.0032103189446258257,0.0067896810553741745,13.579362110748349,-0.0012236505841899915,0.004667163683747342,8.147617266449009,0.025,0.0,-0.03,0.0,1.0,0.0,0.01
39,1.2999974828969385,48,0.04109568987398093,0.0,-0.03248359518334025,0.002483595183340251,0.007516404816659749,15.032809633319498,-0.0015852397757388076,0.004224774579686519,9.019685779991699,0.025,0.0,-0.03,0.0,1.0,0.0,0.01
39,1.2999974828969385,49,0.04209530935527226,0.0,-0.031737973387354276,0.0017379733873542774,0.008262026612645723,16.524053225291446,-0.0021904111596874306,0.004052893565368072,9.914431935174868,0.025,0.0,-0.03,0.0,1.0,0.0,0.01
39,1.2999974828969385,50,0.043082208572126544,0.0,-0.030975505391657686,0.000975505391657687,0.009024494608342313,18.048989216684628,-0.0024819592583121175,0.0034617567855484174,10.829393530010776,0.025,0.0,-0.03,0.0,1.0,0.0,0.01
39,1.2999974828969385,51,0.04405753422175562,0.0,-0.03019820225036396,0.00019820225036396022,0.00980179774963604,19.60359549927208,-0.003156715793100937,0.003366554898664445,11.762157299563247,0.025,0.0,-0.03,0.0,1.0,0.0,0.01
39,1.2999974828969385,52,0.04502252938395109,0.0,-0.029408043903021246,0.0005919560969787525,0.009408043903021248,18.816087806042496,0.00337323095199026,0.00268746782138924,11.289652683625498,0.025,0.0,-0.03,0.0,1.0,0.0,0.01
39,1.2999974828969385,53,0.04597853669426132,0.0,-0.02860696790637711,0.0013930320936228896,0.00860696790637711,17.213935812754222,0.0040933467754812195,0.0026296260666853325,10.328361487652533,0.025,0.0,-0.03,0.0,1.0,0.0,0.01
39,1.2999974828969385,54,0.046926964704490426,0.0,-0.027796888626361173,0.0022031113736388254,0.007796888626361175,15.593777252722349,0.004270205614536056,0.0019110944820578508,9.356266351633408,0.025,0.0,-0.03,0.0,1.0,0.0,0.01
39,1.2999974828969385,55,0.04786929931796315,0.0,-0.026979680933307753,0.003020319066692246,0.006979680933307754,13.959361866615508,0.00499971705594497,0.0018500673689730328,8.375617119969304,0.025,0.0,-0.03,0.0,1.0,0.0,0.01
39,1.2999974828969385,56,0.04880706155043105,0.0,-0.026157209205857707,0.0038427907941422923,0.006157209205857708,12.314418411715415,0.005178283960055063,0.0011400183857458528,7.388651047029249,0.025,0.0,-0.03,0.0,1.0,0.0,0.01
39,1.2999974828969385,57,0.049741828105937434,0.0,-0.02533130438899436,0.004668695611005639,0.005331304388994361,10.662608777988723,0.005880403041202485,0.001038959997969413,6.397565266793234,0.025,0.0,-0.03,0.0,1.0,0.0,0.01
39,1.2999974828969385,58,0.05067517975367701,0.0,-0.024503802947079472,0.005496197052920527,0.004503802947079473,9.007605894158946,0.006099119440294259,0.0003786284817265144,5.404563536495368,0.025,0.0,-0.03,0.0,1.0,0.0,0.01
39,1.2999974828969385,59,0.05160873195836518,0.0,-0.023676515795979486,0.006323484204020513,0.003676515795979487,7.353031591958974,0.006744290343035213,0.0002098480718584823,4.411818955175384,0.025,0.0,-0.03,0.0,1.0,0.0,0.01
39,1.2999974828969385,60,0.05254407287341392,0.0,-0.022851277072150157,0.007148722927849842,0.0028512770721501584,5.702554144300317,0.007031203444202706,0.000370684660536332,3.42153248658019,0.025,0.0,-0.03,0.0,1.0,0.0,0.01
39,1.2999974828969385,61,0.05348280491068012,0.0,-0.022029903771511553,0.007970096228488446,0.002029903771511554,4.0598075430231075,0.007603334846323748,0.0006225418016924962,2.4358845258138646,0.025,0.0,-0.03,0.0,1.0,0.0,0.01
39,1.2999974828969385,62,0.05442647123762302,0.0,-0.0212142536804637,0.008785746319536297,0.001214253680463703,2.428507360927406,0.007970553561437948,0.001105925976439484,1.4571044165564435,0.025,0.0,-0.03,0.0,1.0,0.0,0.01
39,1.2999974828969385,63,0.05537660994787262,0.0,-0.020406176047699343,0.009593823952300656,0.0004061760476993439,0.8123520953986878,0.008468313375667808,0.0014413238118223812,0.48741125723921264,0.025,0.0,-0.03,0.0,1.0,0.0,0.01
39,1.2999974828969385,64,0.05659015452785073,0.0,-0.020125491822080354,0.009874508177919645,0.00012549182208035532,0.2509836441607106,0.009036588676659055,0.0015846339647853534,0.15059018649642636,0.025,0.0,-0.03,0.0,1.0,0.0,0.01
40,1.3333307516891677,37,0.03895291313240628,0.0,-0.02076476131609079,0.00923523868390921,0.0007647613160907899,1.5295226321815798,0.0010706004618418388,0.0016491957401578588,0.9177135793089478,0.025,0.0,-0.03,0.0,1.0,0.0,0.01
40,1.3333307516891677,38,0.03906430666996871,0.0,-0.02200711157475349,0.007992888425246508,0.002007111574753492,4.014223149506984,0.000740827615674909,0.0019859560874082942,2.40853388970419,0.025,0.0,-0.03,0.0,1.0,0.0,0.01
40,1.3333307516891677,39,0.03917304654187092,0.0,-0.023249703244188794,0.006750296755811205,0.0032497032441887955,6.499406488377591,0.0011285426347643207,0.002250414254077947,3.8996438930265547,0.025,0.0,-0.03,0.0,1.0,0.0,0.01
40,1.3333307516891677,40,0.03928152693459631,0.0,-0.024492318724108626,0.005507681275891373,0.004492318724108628,8.984637448217255,0.0008019302322133431,0.002587231780958679,5.390782468930353,0.025,0.0,-0.03,0.0,1.0,0.0,0.01
40,1.3333307516891677,41,0.03939214223585113,0.0,-0.02573473886411967,0.004265261135880327,0.005734738864119673,11.469477728239346,0.0011644983896232002,0.002854471704300067,6.881686636943607,0.025,0.0,-0.03,0.0,1.0,0.0,0.01
40,1.3333307516891677,42,0.03950728275814785,0.0,-0.026976735438407597,0.0030232645615924023,0.006976735438407598,13.953470876815196,0.0008855874723669376,0.003188258621106681,8.372082526089118,0.025,0.0,-0.03,0.0,1.0,0.0,0.01
40,1.3333307516891677,43,0.03962932912161999,0.0,-0.028218052089561754,0.0017819479104382446,0.008218052089561756,16.43610417912351,0.001186472920553433,0.0034591407341831235,9.861662507474106,0.025,0.0,-0.03,0.0,1.0,0.0,0.01
40,1.3333307516891677,44,0.03976064753170601,0.0,-0.02945839645866354,0.0005416035413364599,0.00945839645866354,18.91679291732708,0.0009916623896939697,0.0037860147000806713,11.350075750396247,0.025,0.0,-0.03,0.0,1.0,0.0,0.01
40,1.3333307516891677,45,0.03990358355700452,0.0,-0.030697422670191855,0.0006974226701918565,0.009302577329808144,18.605154659616286,-0.0012041954381885143,0.004062555984237418,11.16309279576977,0.025,0.0,-0.03,0.0,1.0,0.0,0.01
40,1.3333307516891677,46,0.04006045639091525,0.0,-0.03193472315714819,0.0019347231571481896,0.00806527684285181,16.13055368570362,-0.0011184119807350957,0.004376906763468755,9.678332211422171,0.025,0.0,-0.03,0.0,1.0,0.0,0.01
40,1.3333307516891677,47,0.04023745928919894,0.0,-0.033170715629983645,0.003170715629983646,0.006829284370016354,13.658568740032708,-0.0012289238534381533,0.004667754911259513,8.195141244019624,0.025,0.0,-0.03,0.0,1.0,0.0,0.01
40,1.3333307516891677,48,0.04123936624236251,0.0,-0.03242825261935007,0.00242825261935007,0.00757174738064993,15.143494761299861,-0.0016757098552000495,0.004320053190287837,9.086096856779916,0.025,0.0,-0.03,0.0,1.0,0.0,0.01
40,1.3333307516891677,49,0.04222718282845188,0.0,-0.03166704104551686,0.0016670410455168622,0.008332958954483138,16.665917908966275,-0.0021399462762866075,0.003959507465551396,9.999550745379764,0.025,0.0,-0.03,0.0,1.0,0.0,0.01
40,1.3333307516891677,50,0.04320197005783782,0.0,-0.030889124690722285,0.0008891246907222865,0.009110875309277714,18.22175061855543,-0.0026096443955513165,0.0036042636883709825,10.933050371133257,0.025,0.0,-0.03,0.0,1.0,0.0,0.01
40,1.3333307516891677,51,0.0441649086046821,0.0,-0.03009650580821085,9.650580821085261e-05,0.009903494191789148,19.806988383578297,-0.0030527527727016467,0.0032128340308679635,11.884193030146978,0.025,0.0,-0.03,0.0,1.0,0.0,0.01
40,1.3333307516891677,52,0.04511727861656309,0.0,-0.02929115115478505,0.0007088488452149481,0.009291151154785052,18.582302309570103,0.0035178167608341383,0.002845548800460188,11.149381385742062,0.025,0.0,-0.03,0.0,1.0,0.0,0.01
40,1.3333307516891677,53,0.046060455915795814,0.0,-0.028474986129915014,0.0015250138700849854,0.008474986129915015,16.94997225983003,0.003961901167385739,0.0024506415337255624,10.169983355898017,0.025,0.0,-0.03,0.0,1.0,0.0,0.01
40,1.3333307516891677,54,0.04699588664929065,0.0,-0.027649907870889036,0.002350092129110963,0.007649907870889037,15.299815741778074,0.004400059780227666,0.00204771647142488,9.179889445066845,0.025,0.0,-0.03,0.0,1.0,0.0,0.01
40,1.3333307516891677,55,0.04792508911716541,0.0,-0.026817776633323298,0.003182223366676701,0.006817776633323299,13.635553266646598,0.004874537925784095,0.001684263192162002,8.181331959987958,0.025,0.0,-0.03,0.0,1.0,0.0,0.01
40,1.3333307516891677,56,0.04884962219696004,0.0,-0.02598043671087253,0.004019563289127469,0.005980436710872531,11.960873421745063,0.0052576409531130035,0.0012170903841827486,7.1765240530470376,0.025,0.0,-0.03,0.0,1.0,0.0,0.01
40,1.3333307516891677,57,0.049771094353522644,0.0,-0.02513970290825681,0.004860297091743189,0.005139702908256811,10.279405816513622,0.005796432587679067,0.0009235131761325596,6.167643489908173,0.025,0.0,-0.03,0.0,1.0,0.0,0.01
40,1.3333307516891677,58,0.050691124380207606,0.0,-0.024297390001077893,0.005702609998922106,0.004297390001077895,8.594780002155789,0.006094541485371335,0.00036110321425574546,5.156868001293473,0.025,0.0,-0.03,0.0,1.0,0.0,0.01
40,1.3333307516891677,59,0.051611359104552286,0.0,-0.02345529219688741,0.006544707803112591,0.0034552921968874096,6.910584393774819,0.0067315357198512015,0.00017720167766128344,4.146350636264891,0.025,0.0,-0.03,0.0,1.0,0.0,0.01
40,1.3333307516891677,60,0.05253342486668537,0.0,-0.02261522160959797,0.007384778390402028,0.002615221609597972,5.230443219195944,0.00691714541091606,0.0005120714991231059,3.1382659315175663,0.025,0.0,-0.03,0.0,1.0,0.0,0.01
40,1.3333307516891677,61,0.053458955297532876,0.0,-0.021778978937985086,0.008221021062014913,0.0017789789379850877,3.5579578759701755,0.007681437603406083,0.0005461737428156246,2.1347747255821052,0.025,0.0,-0.03,0.0,1.0,0.0,0.01
40,1.3333307516891677,62,0.05438953196638588,0.0,-0.020948400876171364,0.009051599123828635,0.0009484008761713649,1.8968017523427299,0.007740759915671924,0.0013998223663724478,1.1380810514056379,0.025,0.0,-0.03,0.0,1.0,0.0,0.01
40,1.3333307516891677,63,0.05532672414108701,0.0,-0.020125321645256867,0.009874678354743132,0.0001253216452568682,0.25064329051373635,0.008567585115098237,0.0011709173336605825,0.1503859743082418,0.025,0.0,-0.03,0.0,1.0,0.0,0.01
41,1.366664020481397,37,0.03900867100828374,0.0,-0.020734688994371295,0.009265311005628704,0.0007346889943712961,1.4693779887425922,0.001135727257394544,0.0016525393184725577,0.8816267932455553,0.025,0.0,-0.03,0.0,1.0,0.0,0.01
41,1.366664020481397,38,0.03913009728208593,0.0,-0.021976083383871498,0.008023916616128501,0.001976083383871499,3.9521667677429977,0.0007085314555277548,0.00200508377610836,2.3713000606457983,0.025,0.0,-0.03,0.0,1.0,0.0,0.01
41,1.366664020481397,39,0.03924889604625599,0.0,-0.023217736968468888,0.006782263031531111,0.003217736968468889,6.435473936937778,0.0012014082835224466,0.0022574614433768293,3.8612843621626665,0.025,0.0,-0.03,0.0,1.0,0.0,0.01
41,1.366664020481397,40,0.039367451495157975,0.0,-0.024459416108822365,0.005540583891177633,0.004459416108822367,8.918832217644734,0.0007717542927885925,0.0026104446561396673,5.351299330586841,0.025,0.0,-0.03,0.0,1.0,0.0,0.01
41,1.366664020481397,41,0.03948814745228791,0.0,-0.025700880729082647,0.004299119270917352,0.005700880729082649,11.401761458165296,0.0012455952599596083,0.002864932914282791,6.841056874899178,0.025,0.0,-0.03,0.0,1.0,0.0,0.01
41,1.366664020481397,42,0.039613364066935476,0.0,-0.02694188629905326,0.0030581137009467393,0.006941886299053261,13.883772598106521,0.0008590387555191984,0.003215623250608314,8.330263558863912,0.025,0.0,-0.03,0.0,1.0,0.0,0.01
41,1.366664020481397,43,0.039745471054381615,0.0,-0.028182156050584134,0.001817843949415865,0.008182156050584135,16.36431210116827,0.0012724222759941935,0.0034730486186130742,9.818587260700962,0.025,0.0,-0.03,0.0,1.0,0.0,0.01
41,1.366664020481397,44,0.039886823854923543,0.0,-0.02942138143338264,0.0005786185666173602,0.00942138143338264,18.84276286676528,0.0009737447946489476,0.0038171143853579998,11.305657720059168,0.025,0.0,-0.03,0.0,1.0,0.0,0.01
41,1.366664020481397,45,0.04003975640477148,0.0,-0.030659197443185564,0.0006591974431855649,0.009340802556814435,18.68160511362887,-0.001289066977120872,0.004080568031330133,11.20896306817732,0.025,0.0,-0.03,0.0,1.0,0.0,0.01
41,1.366664020481397,46,0.04020657612565486,0.0,-0.03189518080896271,0.0018951808089627126,0.008104819191037288,16.209638382074576,-0.0011149158339443476,0.004407870176006714,9.725783029244745,0.025,0.0,-0.03,0.0,1.0,0.0,0.01
41,1.366664020481397,47,0.04039355124342433,0.0,-0.03312971794628163,0.0031297179462816335,0.006870282053718367,13.740564107436734,-0.001311575597106039,0.004720080994981181,8.24433846446204,0.025,0.0,-0.03,0.0,1.0,0.0,0.01
41,1.366664020481397,48,0.04138376230105898,0.0,-0.03237170465655034,0.002371704656550344,0.007628295343449656,15.256590686899312,-0.0016600092413630876,0.0042766899973480065,9.153954412139587,0.025,0.0,-0.03,0.0,1.0,0.0,0.01
41,1.366664020481397,49,0.042359539914383335,0.0,-0.03159509871334996,0.0015950987133499586,0.008404901286650042,16.809802573300082,-0.002246702965798174,0.00406967658354552,10.085881543980049,0.025,0.0,-0.03,0.0,1.0,0.0,0.01
41,1.366664020481397,50,0.04332198063683535,0.0,-0.030801935574858382,0.0008019355748583833,0.009198064425141617,18.396128850283233,-0.0025325403858605573,0.0034874656035946026,11.03767731016994,0.025,0.0,-0.03,0.0,1.0,0.0,0.01
41,1.366664020481397,51,0.04427229968997691,0.0,-0.029994207539926203,5.792460073796024e-06,0.009994207539926204,19.98841507985241,0.0031984590197933734,0.003364923144553834,11.993049047911445,0.025,0.0,-0.03,0.0,1.0,0.0,0.01
41,1.366664020481397,52,0.04521181344364679,0.0,-0.029173867998007197,0.000826132001992802,0.009173867998007198,18.347735996014396,0.003376613641739092,0.002661419804825702,11.008641597608637,0.025,0.0,-0.03,0.0,1.0,0.0,0.01
41,1.366664020481397,53,0.04614193139306768,0.0,-0.028342829053200454,0.0016571709467995445,0.008342829053200456,16.68565810640091,0.0041459844014720025,0.002640425489774329,10.011394863840547,0.025,0.0,-0.03,0.0,1.0,0.0,0.01
41,1.366664020481397,54,0.04706413655377174,0.0,-0.027502970231785787,0.0024970297682142123,0.007502970231785788,15.005940463571577,0.004195319027777407,0.001800396164174627,9.003564278142946,0.025,0.0,-0.03,0.0,1.0,0.0,0.01
41,1.366664020481397,55,0.04797997965440343,0.0,-0.026656136397827577,0.003343863602172422,0.006656136397827578,13.312272795655156,0.005094533824332644,0.0019081269031013097,7.987363677393093,0.025,0.0,-0.03,0.0,1.0,0.0,0.01
41,1.366664020481397,56,0.04889105724126682,0.0,-0.02580415082775486,0.00419584917224514,0.00580415082775486,11.60830165550972,0.004992419257457764,0.000910550607773007,6.964980993305832,0.025,0.0,-0.03,0.0,1.0,0.0,0.01
41,1.366664020481397,57,0.049799008762318665,0.0,-0.02494881212883959,0.00505118787116041,0.00494881212883959,9.897624257679182,0.006047224167150287,0.0011772885407943766,5.938574554607508,0.025,0.0,-0.03,0.0,1.0,0.0,0.01
41,1.366664020481397,58,0.05070549175268078,0.0,-0.024091911575208857,0.005908088424791142,0.004091911575208858,8.183823150417716,0.005775411657640466,4.1419267632695175e-07,4.910293890250629,0.025,0.0,-0.03,0.0,1.0,0.0,0.01
41,1.366664020481397,59,0.0516121825231486,0.0,-0.023235227623116885,0.006764772376883114,0.0032352276231168865,6.470455246233773,0.007004356842124641,0.00045482825463592357,3.8822731477402637,0.025,0.0,-0.03,0.0,1.0,0.0,0.01
41,1.366664020481397,60,0.052520747526583554,0.0,-0.022380547432995664,0.007619452567004335,0.0023805474329956656,4.761094865991331,0.006555026512556977,0.0009195941946953775,2.8566569195947986,0.025,0.0,-0.03,0.0,1.0,0.0,0.01
41,1.366664020481397,61,0.05343284843462106,0.0,-0.02152965754628957,0.008470342453710429,0.0015296575462895711,3.0593150925791424,0.007962615673694495,0.0002527033872677571,1.8355890555474854,0.025,0.0,-0.03,0.0,1.0,0.0,0.01
41,1.366664020481397,62,0.05435010855887381,0.0,-0.020684369446219424,0.009315630553780575,0.0006843694462194249,1.3687388924388497,0.007359680566314542,0.001852560642222869,0.8212433354633099,0.025,0.0,-0.03,0.0,1.0,0.0,0.01
42,1.399997289273626,37,0.03906477105227297,0.0,-0.020704093518580918,0.009295906481419081,0.0007040935185809189,1.408187037161838,0.0009540256664831881,0.0016848606926912772,0.8449122222971027,0.025,0.0,-0.03,0.0,1.0,0.0,0.01
42,1.399997289273626,38,0.039196293104432456,0.0,-0.02194444327005595,0.008055556729944048,0.0019444432700559521,3.8888865401119044,0.0009242355270691259,0.0019958102784197905,2.3333319240671426,0.025,0.0,-0.03,0.0,1.0,0.0,0.01
42,1.399997289273626,39,0.039325214021656826,0.0,-0.023185070014239577,0.006814929985760422,0.003185070014239578,6.370140028479156,0.0010292013758228487,0.002292216674262418,3.8220840170874935,0.025,0.0,-0.03,0.0,1.0,0.0,0.01
42,1.399997289273626,40,0.03945390773995156,0.0,-0.02442572366135621,0.00557427633864379,0.004425723661356211,8.85144732271242,0.0009816366361024395,0.0026063115121347557,5.3108683936274526,0.025,0.0,-0.03,0.0,1.0,0.0,0.01
42,1.399997289273626,41,0.03958474725559382,0.0,-0.025666143440960625,0.004333856559039374,0.005666143440960626,11.332286881921252,0.0010974596125504685,0.0029019913017889255,6.799372129152752,0.025,0.0,-0.03,0.0,1.0,0.0,0.01
42,1.399997289273626,42,0.03972010233623439,0.0,-0.026906068548199075,0.003093931451800924,0.006906068548199076,13.812137096398152,0.0010478873358201884,0.003217015410385858,8.287282257838891,0.025,0.0,-0.03,0.0,1.0,0.0,0.01
42,1.399997289273626,43,0.03986233148902997,0.0,-0.02814520166918958,0.0018547983308104185,0.008145201669189582,16.290403338379164,0.0011640929380161002,0.003511475962441436,9.774242003027497,0.025,0.0,-0.03,0.0,1.0,0.0,0.01
42,1.399997289273626,44,0.040013779208650624,0.0,-0.029383218401261468,0.0006167815987385313,0.009383218401261469,18.76643680252294,0.0011258960408162466,0.0038253740132323535,11.259862081513763,0.025,0.0,-0.03,0.0,1.0,0.0,0.01
42,1.399997289273626,45,0.040176767477970915,0.0,-0.030619734277508026,0.0006197342775080272,0.009380265722491973,18.760531444983947,-0.0012354270082733725,0.0041179998340762575,11.256318866990368,0.025,0.0,-0.03,0.0,1.0,0.0,0.01
42,1.399997289273626,46,0.04035359179210927,0.0,-0.031854310809649816,0.0018543108096498173,0.008145689190350183,16.291378380700365,-0.0012173619497039382,0.004426879158409931,9.77482702842022,0.025,0.0,-0.03,0.0,1.0,0.0,0.01
42,1.399997289273626,47,0.04055059503576098,0.0,-0.03308730105177358,0.003087301051773579,0.006912698948226421,13.825397896452841,-0.001322017162084044,0.00474215337375591,8.295238737871705,0.025,0.0,-0.03,0.0,1.0,0.0,0.01
42,1.399997289273626,48,0.04152887393763667,0.0,-0.03231392845199547,0.0023139284519954686,0.0076860715480045316,15.372143096009063,-0.0017139303705035853,0.004317564201071537,9.223285857605438,0.025,0.0,-0.03,0.0,1.0,0.0,0.01
42,1.399997289273626,49,0.04249237870018282,0.0,-0.03152212536490972,0.0015221253649097197,0.00847787463509028,16.95574927018056,-0.0022625054985289765,0.0040626331874344355,10.173449562108337,0.025,0.0,-0.03,0.0,1.0,0.0,0.01
42,1.399997289273626,50,0.04344224040773781,0.0,-0.030713919054106992,0.0007139190541069936,0.009286080945893007,18.572161891786013,-0.0025734547545473514,0.0035173963085533685,11.143297135071608,0.025,0.0,-0.03,0.0,1.0,0.0,0.01
42,1.399997289273626,51,0.04437971004447087,0.0,-0.029891290122196826,0.0001087098778031724,0.009891290122196828,19.782580244393657,0.0032007537499885246,0.003341898067246156,11.869548146636193,0.025,0.0,-0.03,0.0,1.0,0.0,0.01
42,1.399997289273626,52,0.04530613844784131,0.0,-0.029056179235245144,0.0009438207647548547,0.009056179235245146,18.112358470490292,0.0034067528770527987,0.0026806116706375735,10.867415082294174,0.025,0.0,-0.03,0.0,1.0,0.0,0.01
42,1.399997289273626,53,0.04622297045077543,0.0,-0.028210482962334058,0.0017895170376659407,0.00821048296233406,16.42096592466812,0.004132481316686371,0.0025996445954127576,9.852579554800872,0.025,0.0,-0.03,0.0,1.0,0.0,0.01
42,1.399997289273626,54,0.04713172367588775,0.0,-0.027356064262113462,0.0026439357378865366,0.007356064262113464,14.712128524226927,0.004216082358003941,0.0018114682134017068,8.827277114536155,0.025,0.0,-0.03,0.0,1.0,0.0,0.01
42,1.399997289273626,55,0.048033983209492474,0.0,-0.026494750052726397,0.003505249947273602,0.006494750052726398,12.989500105452796,0.005063109199002171,0.0018474288419852221,7.793700063271677,0.025,0.0,-0.03,0.0,1.0,0.0,0.01
42,1.399997289273626,56,0.04893138073116074,0.0,-0.025628343839343152,0.004371656160656847,0.005628343839343153,11.256687678686307,0.005004663441397742,0.0009153420785145886,6.754012607211783,0.025,0.0,-0.03,0.0,1.0,0.0,0.01
42,1.399997289273626,57,0.04982558867675051,0.0,-0.024758625385568996,0.005241374614431003,0.004758625385568998,9.517250771137995,0.005997591216312447,0.0010961458260613185,5.710350462682797,0.025,0.0,-0.03,0.0,1.0,0.0,0.01
42,1.399997289273626,58,0.05071830075126375,0.0,-0.023887363682085334,0.0061126363179146645,0.0038873636820853357,7.774727364170672,0.005777529396365684,1.94013752850613e-06,4.664836418502403,0.025,0.0,-0.03,0.0,1.0,0.0,0.01
42,1.399997289273626,59,0.05161122463885474,0.0,-0.023016318937024216,0.006983681062975783,0.0030163189370242174,6.032637874048435,0.0069398432265619465,0.00035611872864484937,3.6195827244290606,0.025,0.0,-0.03,0.0,1.0,0.0,0.01
42,1.399997289273626,60,0.05250606454085822,0.0,-0.02214725430241238,0.007852745697587617,0.002147254302412383,4.294508604824766,0.0065415792091840595,0.0009341998912685179,2.5767051628948594,0.025,0.0,-0.03,0.0,1.0,0.0,0.01
42,1.399997289273626,61,0.05340451174406237,0.0,-0.021281940060956836,0.008718059939043163,0.0012819400609568373,2.5638801219136744,0.007890854953702222,0.00036146547199243043,1.5383280731482045,0.025,0.0,-0.03,0.0,1.0,0.0,0.01
42,1.399997289273626,62,0.05430822940875829,0.0,-0.02042216291249287,0.009577837087507129,0.0004221629124928714,0.8443258249857428,0.007321153264885427,0.0018895999246277106,0.5065954949914456,0.025,0.0,-0.03,0.0,1.0,0.0,0.01
43,1.4333305580658553,37,0.03912121186380875,0.0,-0.020672966424282374,0.009327033575717625,0.0006729664242823754,1.3459328485647508,0.0008267805154982177,0.0017133387832341908,0.8075597091388504,0.025,0.0,-0.03,0.0,1.0,0.0,0.01
43,1.4333305580658553,38,0.0392628924435056,0.0,-0.021912180795994666,0.008087819204005333,0.0019121807959946672,3.8243615919893346,0.001098753885164286,0.0019885397480768896,2.2946169551936006,0.025,0.0,-0.03,0.0,1.0,0.0,0.01
43,1.4333305580658553,39,0.0394019985621647,0.0,-0.023151690594559862,0.006848309405440137,0.0031516905945598635,6.303381189119727,0.0008886272050342462,0.0023261456545602124,3.782028713471836,0.025,0.0,-0.03,0.0,1.0,0.0,0.01
43,1.4333305580658553,40,0.039540893428432096,0.0,-0.02439122731907778,0.005608772680922219,0.004391227319077781,8.782454638155562,0.0011681926073451145,0.0026021128974610835,5.269472782893337,0.025,0.0,-0.03,0.0,1.0,0.0,0.01
43,1.4333305580658553,41,0.03968193921269834,0.0,-0.02563051185329289,0.0043694881467071095,0.005630511853292891,11.261023706585782,0.0009687501846345151,0.002939364157674092,6.756614223951469,0.025,0.0,-0.03,0.0,1.0,0.0,0.01
43,1.4333305580658553,42,0.03982749475273231,0.0,-0.02686926456104552,0.0031307354389544795,0.006869264561045521,13.738529122091041,0.0012206185994970153,0.003218002375787623,8.243117473254625,0.025,0.0,-0.03,0.0,1.0,0.0,0.01
43,1.4333305580658553,43,0.03997990742267548,0.0,-0.02810717040006694,0.0018928295999330602,0.00810717040006694,16.21434080013388,0.0010727648391369272,0.0035497747867895787,9.728604480080326,0.025,0.0,-0.03,0.0,1.0,0.0,0.01
43,1.4333305580658553,44,0.040141510166739655,0.0,-0.02934388630328151,0.0006561136967184883,0.009343886303281512,18.687772606563023,0.001260902417182677,0.003834294588734566,11.212663563937813,0.025,0.0,-0.03,0.0,1.0,0.0,0.01
43,1.4333305580658553,45,0.04031461313998456,0.0,-0.030579011204075097,0.0005790112040750979,0.009420988795924902,18.841977591849805,-0.0012026502253596415,0.004153974674666024,11.305186555109882,0.025,0.0,-0.03,0.0,1.0,0.0,0.01
43,1.4333305580658553,46,0.040501499317744355,0.0,-0.03181208883303448,0.001812088833034478,0.008187911166965522,16.375822333931044,-0.0012971693204586149,0.004445711669915528,9.825493400358626,0.025,0.0,-0.03,0.0,1.0,0.0,0.01
43,1.4333305580658553,47,0.04070858610460135,0.0,-0.033043439592031966,0.003043439592031967,0.006956560407968033,13.913120815936066,-0.0013623208509822601,0.004784138034707782,8.34787248956164,0.025,0.0,-0.03,0.0,1.0,0.0,0.01
43,1.4333305580658553,48,0.041674699013359164,0.0,-0.03225489982314549,0.002254899823145494,0.007745100176854506,15.490200353709012,-0.0017249290389805862,0.004306438600717892,9.294120212225407,0.025,0.0,-0.03,0.0,1.0,0.0,0.01
43,1.4333305580658553,49,0.04262569794250065,0.0,-0.031448099479338326,0.0014480994793383273,0.008551900520661673,17.103801041323347,-0.0023433854116519017,0.004132435236392236,10.262280624794007,0.025,0.0,-0.03,0.0,1.0,0.0,0.01
43,1.4333305580658553,50,0.04356275149972747,0.0,-0.03062505424485921,0.0006250542448592127,0.009374945755140788,18.749891510281575,-0.002530509093725429,0.0034493315266321276,11.249934906168944,0.025,0.0,-0.03,0.0,1.0,0.0,0.01
43,1.4333305580658553,51,0.044487142252592884,0.0,-0.029787735841366084,0.00021226415863391523,0.009787735841366085,19.57547168273217,0.0033059022202904793,0.003434498639767989,11.745283009639303,0.025,0.0,-0.03,0.0,1.0,0.0,0.01
43,1.4333305580658553,52,0.04540026018712286,0.0,-0.028938067276917674,0.0010619327230823247,0.008938067276917675,17.87613455383535,0.003320591587098955,0.002571139084328809,10.725680732301209,0.025,0.0,-0.03,0.0,1.0,0.0,0.01
43,1.4333305580658553,53,0.04630357986877056,0.0,-0.028077933788905433,0.0019220662110945655,0.008077933788905435,16.15586757781087,0.0042467981072706745,0.0026968308838837287,9.693520546686521,0.025,0.0,-0.03,0.0,1.0,0.0,0.01
43,1.4333305580658553,54,0.04719865908792069,0.0,-0.027209175717680584,0.002790824282319415,0.007209175717680585,14.41835143536117,0.00410403645047145,0.0016809810862814657,8.651010861216703,0.025,0.0,-0.03,0.0,1.0,0.0,0.01
43,1.4333305580658553,55,0.048087111047323515,0.0,-0.026333607011986837,0.003666392988013162,0.006333607011986838,12.667214023973676,0.005166034328732295,0.0019281618098323985,7.600328414384205,0.025,0.0,-0.03,0.0,1.0,0.0,0.01
43,1.4333305580658553,56,0.04897060826712816,0.0,-0.025453004934186327,0.004546995065813672,0.005453004934186328,10.906009868372657,0.0048879795518186235,0.0007854459717600373,6.543605921023594,0.025,0.0,-0.03,0.0,1.0,0.0,0.01
43,1.4333305580658553,57,0.04985085004783986,0.0,-0.024569135437968796,0.005430864562031203,0.004569135437968797,9.138270875937593,0.006067090942219315,0.0011394621017588216,5.482962525562556,0.025,0.0,-0.03,0.0,1.0,0.0,0.01
43,1.4333305580658553,58,0.05072957145253877,0.0,-0.02368373905572041,0.006316260944279589,0.003683739055720411,7.367478111440822,0.0056770659935740375,0.00011117808969817511,4.420486866864493,0.025,0.0,-0.03,0.0,1.0,0.0,0.01
43,1.4333305580658553,59,0.05160850619699539,0.0,-0.022798562151705688,0.007201437848294311,0.002798562151705689,5.597124303411378,0.006956746507020849,0.0003436616499892958,3.3582745820468265,0.025,0.0,-0.03,0.0,1.0,0.0,0.01
43,1.4333305580658553,60,0.052489400345354764,0.0,-0.02191533862560593,0.008084661374394068,0.0019153386256059324,3.8306772512118648,0.006473690320505001,0.0010065556017260432,2.298406350727119,0.025,0.0,-0.03,0.0,1.0,0.0,0.01
43,1.4333305580658553,61,0.05337397077958989,0.0,-0.021035825713138594,0.008964174286861405,0.0010358257131385957,2.0716514262771915,0.007842606251236162,0.0004434779752507054,1.2429908557663147,0.025,0.0,-0.03,0.0,1.0,0.0,0.01
43,1.4333305580658553,62,0.05426392313062406,0.0,-0.020161781490431317,0.009838218509568682,0.00016178149043131855,0.32356298086263713,0.007292635496120188,0.001912870958535877,0.19413778851758226,0.025,0.0,-0.03,0.0,1.0,0.0,0.01
44,1.4666638268580845,37,0.039177992654350596,0.0,-0.020641298877213103,0.009358701122786896,0.0006412988772131045,1.2825977544262088,0.0006642933046113506,0.0017490121792086816,0.7695586526557253,0.025,0.0,-0.03,0.0,1.0,0.0,0.01
44,1.4666638268580845,38,0.03932989429330765,0.0,-0.021879284971348487,0.008120715028651512,0.001879284971348488,3.7585699426969756,0.001298562703018738,0.0019753711828998676,2.2551419656181855,0.025,0.0,-0.03,0.0,1.0,0.0,0.01
44,1.4666638268580845,39,0.03947924855422721,0.0,-0.02311758621347085,0.006882413786529148,0.0031175862134708524,6.235172426941705,0.000734040321368928,0.0023646010732050866,3.7411034561650225,0.025,0.0,-0.03,0.0,1.0,0.0,0.01
44,1.4666638268580845,40,0.03962840725035082,0.0,-0.02435591265403708,0.0056440873459629205,0.00435591265403708,8.71182530807416,0.0013601486242623805,0.002594587158792033,5.2270951848444955,0.025,0.0,-0.03,0.0,1.0,0.0,0.01
44,1.4666638268580845,41,0.03977972186212081,0.0,-0.025593969773885814,0.004406030226114185,0.0055939697738858155,11.18793954777163,0.0008428213122734377,0.002978941444536626,6.712763728662979,0.025,0.0,-0.03,0.0,1.0,0.0,0.01
44,1.4666638268580845,42,0.03993553967580852,0.0,-0.02683145649489981,0.00316854350510019,0.00683145649489981,13.66291298979962,0.0013874790366323177,0.0032175056267496273,8.197747793879772,0.025,0.0,-0.03,0.0,1.0,0.0,0.01
44,1.4666638268580845,43,0.04009819700567858,0.0,-0.02806804239329241,0.0019319576067075885,0.008068042393292412,16.136084786584824,0.0009888922476703195,0.003589105757840805,9.681650871950895,0.025,0.0,-0.03,0.0,1.0,0.0,0.01
44,1.4666638268580845,44,0.04027001471095164,0.0,-0.029303363897078313,0.0006966361029216855,0.009303363897078315,18.60672779415663,0.001393163151932583,0.0038419915173048156,11.164036676493977,0.025,0.0,-0.03,0.0,1.0,0.0,0.01
44,1.4666638268580845,45,0.04045329109956904,0.0,-0.03053700482335357,0.00053700482335357,0.00946299517664643,18.92599035329286,-0.0011669073552787236,0.00419152378760472,11.355594211975715,0.025,0.0,-0.03,0.0,1.0,0.0,0.01
44,1.4666638268580845,46,0.040650296218839845,0.0,-0.0317684902630431,0.0017684902630430988,0.008231509736956901,16.463019473913803,-0.0013917249127458735,0.004464391952703023,9.877811684348282,0.025,0.0,-0.03,0.0,1.0,0.0,0.01
44,1.4666638268580845,47,0.04086752187701037,0.0,-0.03299810671508138,0.0029981067150813834,0.007001893284918617,14.003786569837233,-0.00137345202765095,0.004801678189017213,8.40227194190234,0.025,0.0,-0.03,0.0,1.0,0.0,0.01
44,1.4666638268580845,48,0.04182123591690506,0.0,-0.03219459436616204,0.0021945943661620393,0.007805405633837961,15.610811267675922,-0.0017915529118505992,0.004360584078566837,9.366486760605554,0.025,0.0,-0.03,0.0,1.0,0.0,0.01
44,1.4666638268580845,49,0.04275949908836716,0.0,-0.031372997294598234,0.0013729972945982355,0.008627002705401765,17.25400541080353,-0.0023407214583804825,0.004102718012927794,10.352403246482117,0.025,0.0,-0.03,0.0,1.0,0.0,0.01
44,1.4666638268580845,50,0.043683515450474865,0.0,-0.03053532054666465,0.0005353205466646499,0.00946467945333535,18.9293589066707,-0.002601093586909331,0.0035113152101990276,11.35761534400242,0.025,0.0,-0.03,0.0,1.0,0.0,0.01
44,1.4666638268580845,51,0.044594601910983384,0.0,-0.02968352391190658,0.00031647608809341754,0.009683523911906583,19.367047823813166,0.003272591625597768,0.0033712105511838784,11.6202286942879,0.025,0.0,-0.03,0.0,1.0,0.0,0.01
44,1.4666638268580845,52,0.04549418375359911,0.0,-0.028819515197883873,0.001180484802116126,0.008819515197883874,17.639030395767747,0.003396696490167448,0.002639071765460665,10.583418237460648,0.025,0.0,-0.03,0.0,1.0,0.0,0.01
44,1.4666638268580845,53,0.04638376950182621,0.0,-0.027945163755968064,0.0020548362440319344,0.007945163755968066,15.890327511936132,0.0041818034380123265,0.0026012536997185557,9.53419650716168,0.025,0.0,-0.03,0.0,1.0,0.0,0.01
44,1.4666638268580845,54,0.04726495176981648,0.0,-0.027062291187381148,0.0029377088126188514,0.007062291187381149,14.124582374762298,0.004185241083727077,0.0017541211948793912,8.474749424857379,0.025,0.0,-0.03,0.0,1.0,0.0,0.01
44,1.4666638268580845,55,0.048139377313437974,0.0,-0.02617269258823071,0.0038273074117692873,0.006172692588230713,12.345385176461425,0.005069165139688292,0.0018011922861860983,7.407231105876855,0.025,0.0,-0.03,0.0,1.0,0.0,0.01
44,1.4666638268580845,56,0.049008752972199136,0.0,-0.025278124055841962,0.004721875944158037,0.005278124055841963,10.556248111683926,0.00497378790889354,0.0008636328863114917,6.333748867010356,0.025,0.0,-0.03,0.0,1.0,0.0,0.01
44,1.4666638268580845,57,0.04987481127452115,0.0,-0.024380330809105785,0.005619669190894214,0.004380330809105786,8.760661618211572,0.00593807464426761,0.0009807893493987822,5.256396970926943,0.025,0.0,-0.03,0.0,1.0,0.0,0.01
44,1.4666638268580845,58,0.050739321294491706,0.0,-0.023481030857214456,0.006518969142785543,0.003481030857214457,6.962061714428914,0.005767934434735864,2.648762139351335e-05,4.177237028657348,0.025,0.0,-0.03,0.0,1.0,0.0,0.01
44,1.4666638268580845,59,0.051604049743948034,0.0,-0.022581949152425097,0.007418050847574902,0.0025819491524250986,5.163898304850197,0.006794172981314489,0.00015067025361806168,3.0983389829101182,0.025,0.0,-0.03,0.0,1.0,0.0,0.01
44,1.4666638268580845,60,0.052470776779684127,0.0,-0.021684796681497823,0.008315203318502176,0.001684796681497824,3.369593362995648,0.006571905087159295,0.0009112741213577472,2.021756017797389,0.025,0.0,-0.03,0.0,1.0,0.0,0.01
44,1.4666638268580845,61,0.053341252063189994,0.0,-0.02079130992236377,0.00920869007763623,0.0007913099223637709,1.5826198447275417,0.0076437801395755805,0.0006768710903568609,0.9495719068365249,0.025,0.0,-0.03,0.0,1.0,0.0,0.01
45,1.4999970956503137,37,0.03923511317684713,0.0,-0.02060908118924579,0.009390918810754208,0.0006090811892457918,1.2181623784915836,0.0006298900841986371,0.0017690127113991142,0.7308974270949501,0.025,0.0,-0.03,0.0,1.0,0.0,0.01
45,1.4999970956503137,38,0.03939729836955726,0.0,-0.021845744512212564,0.008154255487787435,0.0018457445122125656,3.691489024425131,0.0013661644502525874,0.0019781603363079425,2.2148934146550787,0.025,0.0,-0.03,0.0,1.0,0.0,0.01
45,1.4999970956503137,39,0.03955696364873266,0.0,-0.02308274354280518,0.00691725645719482,0.00308274354280518,6.165487085610359,0.0007105284599765425,0.002387451907535021,3.6992922513662156,0.025,0.0,-0.03,0.0,1.0,0.0,0.01
45,1.4999970956503137,40,0.03971644881127513,0.0,-0.024319764723061927,0.005680235276938072,0.004319764723061928,8.639529446123857,0.0014298122179508617,0.0026017798356274833,5.183717667674315,0.025,0.0,-0.03,0.0,1.0,0.0,0.01
45,1.4999970956503137,41,0.03987809473244351,0.0,-0.025556500234940237,0.004443499765059762,0.005556500234940238,11.113000469880475,0.000827242131285206,0.0030051492106619986,6.667800281928285,0.025,0.0,-0.03,0.0,1.0,0.0,0.01
45,1.4999970956503137,42,0.0400442365710792,0.0,-0.026792625742248333,0.003207374257751666,0.006792625742248334,13.585251484496668,0.0014617547671530984,0.0032286365528160915,8.151150890698,0.025,0.0,-0.03,0.0,1.0,0.0,0.01
45,1.4999970956503137,43,0.04021719960752382,0.0,-0.028027797093965443,0.0019722029060345557,0.008027797093965445,16.05559418793089,0.0009796779226878744,0.0036189005714309997,9.633356512758533,0.025,0.0,-0.03,0.0,1.0,0.0,0.01
45,1.4999970956503137,44,0.04039929211451195,0.0,-0.02926162892630334,0.000738371073696658,0.009261628926303342,18.523257852606683,0.0014724481271434712,0.003856820407830152,11.11395471156401,0.025,0.0,-0.03,0.0,1.0,0.0,0.01
45,1.4999970956503137,45,0.04059280051400641,0.0,-0.03049369108265516,0.0004936910826551615,0.009506308917344839,19.012617834689678,-0.0011648958691363983,0.004224516261951526,11.407570700813807,0.025,0.0,-0.03,0.0,1.0,0.0,0.01
45,1.4999970956503137,46,0.0407999815142178,0.0,-0.031723489244402166,0.0017234892444021668,0.008276510755597833,16.553021511195666,-0.001474545418419464,0.00448596253122041,9.931812906717399,0.025,0.0,-0.03,0.0,1.0,0.0,0.01
45,1.4999970956503137,47,0.041027401112148185,0.0,-0.032951274987736354,0.0029512749877363548,0.0070487250122636454,14.09745002452729,-0.0013756904398355657,0.0048056541112419865,8.458470014716374,0.025,0.0,-0.03,0.0,1.0,0.0,0.01
45,1.4999970956503137,48,0.04196848526670593,0.0,-0.03213298596874609,0.002132985968746094,0.007867014031253906,15.734028062507813,-0.0018912512372394608,0.004450076306217571,9.440416837504687,0.025,0.0,-0.03,0.0,1.0,0.0,0.01
45,1.4999970956503137,49,0.04289378370903117,0.0,-0.03129679486144011,0.0012967948614401106,0.00870320513855989,17.40641027711978,-0.00228636598531679,0.00401749161792994,10.443846166271866,0.025,0.0,-0.03,0.0,1.0,0.0,0.01
45,1.4999970956503137,50,0.04380453641391588,0.0,-0.03044469484559771,0.00044469484559771233,0.009555305154402288,19.110610308804574,-0.0027433851487615696,0.0036466247634028086,11.466366185282745,0.025,0.0,-0.03,0.0,1.0,0.0,0.01
45,1.4999970956503137,51,0.04470209375195219,0.0,-0.029578633833443856,0.0004213661665561433,0.009578633833443857,19.157267666887712,0.0031524001838863732,0.0032202530447901947,11.494360600132627,0.025,0.0,-0.03,0.0,1.0,0.0,0.01
45,1.4999970956503137,52,0.04558791706829826,0.0,-0.028700502830787546,0.0012994971692124532,0.008700502830787547,17.401005661575095,0.003574977240063314,0.002806668540485082,10.440603396945056,0.025,0.0,-0.03,0.0,1.0,0.0,0.01
45,1.4999970956503137,53,0.04646354751385811,0.0,-0.027812155740107196,0.002187844259892803,0.007812155740107197,15.624311480214395,0.0040045366636954245,0.00239791443451963,9.374586888128636,0.025,0.0,-0.03,0.0,1.0,0.0,0.01
45,1.4999970956503137,54,0.047330613561389415,0.0,-0.026915393436635973,0.0030846065633640257,0.0069153934366359745,13.830786873271949,0.004388117846801853,0.0019413950636579394,8.298472123963169,0.025,0.0,-0.03,0.0,1.0,0.0,0.01
45,1.4999970956503137,55,0.04819079381316261,0.0,-0.02601199295454384,0.003988007045456158,0.006011992954543842,12.023985909087685,0.004846238278986884,0.0015576938438172118,7.21439154545261,0.025,0.0,-0.03,0.0,1.0,0.0,0.01
45,1.4999970956503137,56,0.04904583067047798,0.0,-0.025103686936185306,0.0048963130638146925,0.005103686936185308,10.207373872370615,0.005189005339628562,0.0010598655266624139,6.124424323422369,0.025,0.0,-0.03,0.0,1.0,0.0,0.01
45,1.4999970956503137,57,0.049897487954845804,0.0,-0.024192200885229692,0.005807799114770307,0.0041922008852296935,8.384401770459387,0.005680747923732883,0.0007065390873735091,5.030641062275632,0.025,0.0,-0.03,0.0,1.0,0.0,0.01
45,1.4999970956503137,58,0.05074757006045696,0.0,-0.023279227872274225,0.006720772127725774,0.003279227872274226,6.558455744548452,0.005984949236389145,0.0001713021325597893,3.9350734467290707,0.025,0.0,-0.03,0.0,1.0,0.0,0.01
45,1.4999970956503137,59,0.05159787476560689,0.0,-0.022366472458129928,0.007633527541870071,0.0023664724581299295,4.732944916259859,0.00651124172617568,0.0001489285663029355,2.8397669497559153,0.025,0.0,-0.03,0.0,1.0,0.0,0.01
45,1.4999970956503137,60,0.052450217468299476,0.0,-0.021455620448960735,0.008544379551039264,0.0014556204489607361,2.911240897921472,0.006783833107299649,0.0007149968438186514,1.7467445387528833,0.025,0.0,-0.03,0.0,1.0,0.0,0.01
45,1.4999970956503137,61,0.0533063790059862,0.0,-0.020548388269357346,0.009451611730642653,0.0005483882693573475,1.096776538714695,0.007340532162527643,0.0010018330340423162,0.658065923228817,0.025,0.0,-0.03,0.0,1.0,0.0,0.01
46,1.533330364442543,37,0.0392925737436391,0.0,-0.02057630304443376,0.00942369695556624,0.0005763030444337607,1.1526060888675214,0.0008348792172917695,0.0017529384130353838,0.6915636533205128,0.025,0.0,-0.03,0.0,1.0,0.0,0.01
46,1.533330364442543,38,0.039465105085857315,0.0,-0.021811547642473464,0.008188452357526535,0.0018115476424734652,3.6230952849469302,0.0012062545472483887,0.0020146826742637857,2.1738571709681582,0.025,0.0,-0.03,0.0,1.0,0.0,0.01
46,1.533330364442543,39,0.039635144258370954,0.0,-0.023047148496288312,0.006952851503711686,0.003047148496288314,6.094296992576628,0.000900244232496181,0.0023791147056214145,3.6565781955459764,0.025,0.0,-0.03,0.0,1.0,0.0,0.01
46,1.533330364442543,40,0.03980501861868595,0.0,-0.02428276797443501,0.00571723202556499,0.00428276797443501,8.56553594887002,0.0013051017665494703,0.00263767823755378,5.139321569322012,0.025,0.0,-0.03,0.0,1.0,0.0,0.01
46,1.533330364442543,41,0.03997705832547687,0.0,-0.025518085441739852,0.0044819145582601465,0.005518085441739854,11.036170883479707,0.0009871837730419768,0.003005247415146765,6.621702530087824,0.025,0.0,-0.03,0.0,1.0,0.0,0.01
46,1.533330364442543,42,0.04015358600722814,0.0,-0.02675275295283215,0.0032472470471678477,0.0067527529528321525,13.505505905664306,0.0013826851204140904,0.0032633967444192073,8.103303543398583,0.025,0.0,-0.03,0.0,1.0,0.0,0.01
46,1.533330364442543,43,0.040336915778905746,0.0,-0.02798641303061551,0.0020135869693844906,0.00798641303061551,15.97282606123102,0.0011034456823026445,0.003627718622628402,9.58369563673861,0.025,0.0,-0.03,0.0,1.0,0.0,0.01
46,1.533330364442543,44,0.04052934296079629,0.0,-0.029218658305691703,0.0007813416943082963,0.009218658305691704,18.43731661138341,0.0014419397151763213,0.00388999249869006,11.062389966830045,0.025,0.0,-0.03,0.0,1.0,0.0,0.01
46,1.533330364442543,45,0.04073314191891146,0.0,-0.03044904485584539,0.0004490448558453902,0.00955095514415461,19.10191028830922,-0.001252313893442139,0.004242371649213834,11.461146172985531,0.025,0.0,-0.03,0.0,1.0,0.0,0.01
46,1.533330364442543,46,0.04095055572859725,0.0,-0.031677059077449346,0.0016770590774493471,0.008322940922550653,16.645881845101307,-0.0014910869103315037,0.004517152272477622,9.987529107060784,0.025,0.0,-0.03,0.0,1.0,0.0,0.01
46,1.533330364442543,47,0.0411882243658422,0.0,-0.032902915636009035,0.002902915636009036,0.007097084363990964,14.194168727981928,-0.0014280526806583192,0.0048290442213136196,8.516501236789157,0.025,0.0,-0.03,0.0,1.0,0.0,0.01
46,1.533330364442543,48,0.042116448572660614,0.0,-0.03207004785238297,0.0020700478523829682,0.007929952147617032,15.859904295234063,-0.001941601586782565,0.004483033420906111,9.515942577140438,0.025,0.0,-0.03,0.0,1.0,0.0,0.01
46,1.533330364442543,49,0.04302855544698629,0.0,-0.031219466312524785,0.0012194663125247862,0.008780533687475214,17.56106737495043,-0.002299638595359989,0.0040103803568363105,10.536640424970257,0.025,0.0,-0.03,0.0,1.0,0.0,0.01
46,1.533330364442543,50,0.043925818548461226,0.0,-0.030353153736693624,0.00035315373669362465,0.009646846263306376,19.29369252661275,-0.0028026336323477346,0.003686762480904091,11.57621551596765,0.025,0.0,-0.03,0.0,1.0,0.0,0.01
46,1.533330364442543,51,0.044809624720225164,0.0,-0.02947304256630253,0.0005269574336974683,0.009473042566302532,18.946085132605063,0.003131593157551228,0.0031789666404039973,11.367651079563037,0.025,0.0,-0.03,0.0,1.0,0.0,0.01
46,1.533330364442543,52,0.04568146725664617,0.0,-0.028581010069638254,0.001418989930361745,0.008581010069638255,17.16202013927651,0.0036431526319813676,0.0028542907684048157,10.297212083565906,0.025,0.0,-0.03,0.0,1.0,0.0,0.01
46,1.533330364442543,53,0.04654292431242316,0.0,-0.027678889532897707,0.002321110467102292,0.007678889532897708,15.357779065795416,0.0039472667598414,0.0023222672516765015,9.21466743947725,0.025,0.0,-0.03,0.0,1.0,0.0,0.01
46,1.533330364442543,54,0.04739565481927935,0.0,-0.026768465553266316,0.0032315344467336825,0.006768465553266318,13.536931106532636,0.004467332060937279,0.001998088884321835,8.122158663919581,0.025,0.0,-0.03,0.0,1.0,0.0,0.01
46,1.533330364442543,55,0.04824137449238644,0.0,-0.025851490785195334,0.004148509214804665,0.005851490785195335,11.70298157039067,0.004748837533870698,0.0014454249975840046,7.0217889422344015,0.025,0.0,-0.03,0.0,1.0,0.0,0.01
46,1.533330364442543,56,0.049081855154313,0.0,-0.024929679743758572,0.005070320256241427,0.004929679743758573,9.859359487517146,0.005282951908324564,0.0011292616451127576,5.915615692510287,0.025,0.0,-0.03,0.0,1.0,0.0,0.01
46,1.533330364442543,57,0.04991889757053852,0.0,-0.02400473131577416,0.005995268684225837,0.004004731315774163,8.009462631548326,0.005538400130280305,0.000553255207764439,4.805677578928996,0.025,0.0,-0.03,0.0,1.0,0.0,0.01
46,1.533330364442543,58,0.05075433511280316,0.0,-0.02307831925128324,0.006921680748716758,0.003078319251283242,6.156638502566484,0.0060985648463212,0.0002589085330731421,3.69398310153989,0.025,0.0,-0.03,0.0,1.0,0.0,0.01
46,1.533330364442543,59,0.0515900022078487,0.0,-0.022152120812907287,0.007847879187092711,0.0021521208129072888,4.304241625814577,0.006318540162571557,0.0003495265764349802,2.582544975488746,0.025,0.0,-0.03,0.0,1.0,0.0,0.01
46,1.533330364442543,60,0.052427743398065434,0.0,-0.02122780199610776,0.008772198003892239,0.001227801996107761,2.455603992215522,0.006922537917029857,0.0006020182606294079,1.4733623953293133,0.025,0.0,-0.03,0.0,1.0,0.0,0.01
46,1.533330364442543,61,0.05326937588554096,0.0,-0.020307052724236087,0.009692947275763912,0.00030705272423608813,0.6141054484721763,0.007092877314678049,0.0012583226814615889,0.3684632690833058,0.025,0.0,-0.03,0.0,1.0,0.0,0.01
47,1.566663633234772,37,0.039350375160356624,0.0,-0.020542953134533335,0.009457046865466664,0.0005429531345333364,1.0859062690666728,0.0009946107443809383,0.0017413177721629554,0.6515437614400036,0.025,0.0,-0.03,0.0,1.0,0.0,0.01
47,1.566663633234772,38,0.039533315585688206,0.0,-0.021776682294335055,0.008223317705664944,0.0017766822943350562,3.5533645886701124,0.0010687323418461256,0.002050643095234915,2.1320187532020674,0.025,0.0,-0.03,0.0,1.0,0.0,0.01
47,1.566663633234772,39,0.03971379151568037,0.0,-0.02301078602070701,0.006989213979292988,0.003010786020707012,6.021572041414024,0.001091620561765714,0.0023678879541598682,3.612943224848414,0.025,0.0,-0.03,0.0,1.0,0.0,0.01
47,1.566663633234772,40,0.0398941180986082,0.0,-0.02424490635877243,0.00575509364122757,0.00424490635877243,8.48981271754486,0.0011586801061204649,0.0026796855960851654,5.093887630526916,0.025,0.0,-0.03,0.0,1.0,0.0,0.01
47,1.566663633234772,41,0.04007661407743095,0.0,-0.025478706583401723,0.004521293416598276,0.005478706583401724,10.957413166803448,0.0011868908771691896,0.002996821949997242,6.574447900082069,0.025,0.0,-0.03,0.0,1.0,0.0,0.01
47,1.566663633234772,42,0.040263589665180025,0.0,-0.026711818105042796,0.0032881818949572032,0.006711818105042797,13.423636210085593,0.001253630394601419,0.003308559730398198,8.054181726051356,0.025,0.0,-0.03,0.0,1.0,0.0,0.01
47,1.566663633234772,43,0.04045734721988838,0.0,-0.027943867675108532,0.0020561323248914666,0.007943867675108534,15.887735350217067,0.0012832489724447153,0.0036254742698602006,9.53264121013024,0.025,0.0,-0.03,0.0,1.0,0.0,0.01
47,1.566663633234772,44,0.0406601691305368,0.0,-0.029174428060285508,0.0008255719397144909,0.00917442806028551,18.348856120571018,0.0013591955206040773,0.00393404653994435,11.00931367234261,0.025,0.0,-0.03,0.0,1.0,0.0,0.01
47,1.566663633234772,45,0.040874317222324257,0.0,-0.03040303998488172,0.0004030399848817222,0.009596960015118278,19.193920030236555,-0.0013842555594010832,0.004250998721057374,11.516352018141932,0.025,0.0,-0.03,0.0,1.0,0.0,0.01
47,1.566663633234772,46,0.0411020208737754,0.0,-0.03162917187653607,0.0016291718765360716,0.008370828123463929,16.741656246927857,-0.0014799145747181903,0.004555107372772144,10.044993748156713,0.025,0.0,-0.03,0.0,1.0,0.0,0.01
47,1.566663633234772,47,0.041349993567458054,0.0,-0.03285299898947833,0.002852998989478328,0.007147001010521672,14.294002021043344,-0.001490652445814636,0.004848207811064386,8.576401212626006,0.025,0.0,-0.03,0.0,1.0,0.0,0.01
47,1.566663633234772,48,0.042265129283978145,0.0,-0.03200575155833282,0.0020057515583328245,0.007994248441667176,15.988496883334351,-0.002000168561638585,0.004524667759919871,9.59309813000061,0.025,0.0,-0.03,0.0,1.0,0.0,0.01
47,1.566663633234772,49,0.043163818348196915,0.0,-0.031140985269856983,0.0011409852698569846,0.008859014730143016,17.718029460286033,-0.0022940057642672988,0.003984177250817435,10.630817676171619,0.025,0.0,-0.03,0.0,1.0,0.0,0.01
47,1.566663633234772,50,0.04404736813552471,0.0,-0.03026067151599817,0.0002606715159981718,0.009739328484001828,19.47865696800366,-0.0028954345641846505,0.0037581399148610114,11.687194180802194,0.025,0.0,-0.03,0.0,1.0,0.0,0.01
47,1.566663633234772,51,0.0449172013305187,0.0,-0.029366726960272104,0.0006332730397278948,0.009366726960272105,18.73345392054421,0.00306492190460015,0.0030948316912302433,11.240072352326527,0.025,0.0,-0.03,0.0,1.0,0.0,0.01
47,1.566663633234772,52,0.04577484360813905,0.0,-0.028461013976776695,0.0015389860232233044,0.008461013976776696,16.922027953553393,0.003772680581126952,0.0029570003395720575,10.153216772132035,0.025,0.0,-0.03,0.0,1.0,0.0,0.01
47,1.566663633234772,53,0.04662190918978837,0.0,-0.02754534510328793,0.0024546548967120697,0.0075453451032879305,15.09069020657586,0.0038163209863207163,0.002181133811720598,9.054414123945516,0.025,0.0,-0.03,0.0,1.0,0.0,0.01
47,1.566663633234772,54,0.04746008793219296,0.0,-0.02662148742349118,0.00337851257650882,0.00662148742349118,13.24297484698236,0.004634007415640196,0.002130644340095298,7.945784908189416,0.025,0.0,-0.03,0.0,1.0,0.0,0.01
47,1.566663633234772,55,0.04829113167219626,0.0,-0.025691169042823724,0.004308830957176275,0.005691169042823725,11.382338085647449,0.004554412039238776,0.0012500577757380707,6.829402851388469,0.025,0.0,-0.03,0.0,1.0,0.0,0.01
47,1.566663633234772,56,0.04911684193036041,0.0,-0.024756085281577602,0.005243914718422397,0.004756085281577603,9.512170563155207,0.005483250476192554,0.0012884189652530144,5.7073023378931245,0.025,0.0,-0.03,0.0,1.0,0.0,0.01
47,1.566663633234772,57,0.049939055648722724,0.0,-0.023817907944007167,0.006182092055992832,0.003817907944007168,7.635815888014337,0.005285459740863215,0.00030784147419167084,4.581489532808602,0.025,0.0,-0.03,0.0,1.0,0.0,0.01
47,1.566663633234772,58,0.0507596350365416,0.0,-0.022878290823852086,0.007121709176147913,0.0028782908238520876,5.756581647704175,0.006325415844447814,0.0004400957907497734,3.453948988622505,0.025,0.0,-0.03,0.0,1.0,0.0,0.01
47,1.566663633234772,59,0.051580450892091324,0.0,-0.021938882867989375,0.008061117132010624,0.001938882867989376,3.877765735978752,0.0060154741428032656,0.0006399075924841229,2.326659441587251,0.025,0.0,-0.03,0.0,1.0,0.0,0.01
47,1.566663633234772,60,0.05240337614603529,0.0,-0.021001330286178697,0.008998669713821301,0.0010013302861786987,2.0026605723573976,0.007166257262185526,0.0004041110280405436,1.2015963434144386,0.025,0.0,-0.03,0.0,1.0,0.0,0.01
47,1.566663633234772,61,0.053230264806195075,0.0,-0.02006729473235475,0.00993270526764525,6.729473235475049e-05,0.13458946470950098,0.0067510746546829295,0.0015889719658597392,0.08075367882570059,0.025,0.0,-0.03,0.0,1.0,0.0,0.01
48,1.599996902027001,37,0.03940851888301688,0.0,-0.020509020217027222,0.009490979782972777,0.0005090202170272232,1.0180404340544464,0.0013580961037914965,0.001692425826793545,0.6108242604326678,0.025,0.0,-0.03,0.0,1.0,0.0,0.01
48,1.599996902027001,38,0.039601931612515434,0.0,-0.021741135270850816,0.008258864729149183,0.001741135270850817,3.482270541701634,0.0007322214603872327,0.002122939873411532,2.0893623250209803,0.025,0.0,-0.03,0.0,1.0,0.0,0.01
48,1.599996902027001,39,0.039792907345296544,0.0,-0.022973640642408477,0.007026359357591522,0.0029736406424084785,5.947281284816957,0.0014745464656620985,0.0023219148306016695,3.568368770890174,0.025,0.0,-0.03,0.0,1.0,0.0,0.01
48,1.599996902027001,40,0.039983749527200206,0.0,-0.02420616288745531,0.0057938371125446884,0.004206162887455312,8.412325774910624,0.0008339052532572713,0.0027547489987818385,5.047395464946374,0.025,0.0,-0.03,0.0,1.0,0.0,0.01
48,1.599996902027001,41,0.04017676437762075,0.0,-0.025438344039775608,0.004561655960224391,0.005438344039775609,10.876688079551219,0.0015506740046773106,0.002957701170104571,6.526012847730731,0.025,0.0,-0.03,0.0,1.0,0.0,0.01
48,1.599996902027001,42,0.04037425030720547,0.0,-0.02666980031750889,0.0033301996824911077,0.0066698003175088925,13.339600635017785,0.0009795455579177518,0.0033820769995863325,8.00376038101067,0.025,0.0,-0.03,0.0,1.0,0.0,0.01
48,1.599996902027001,43,0.040578496761560945,0.0,-0.027900137415662583,0.002099862584337416,0.007900137415662584,15.800274831325169,0.0015900470260987627,0.0035979212062764395,9.4801648987951,0.025,0.0,-0.03,0.0,1.0,0.0,0.01
48,1.599996902027001,44,0.04079177379808637,0.0,-0.029128913322365106,0.0008710866776348927,0.009128913322365107,18.257826644730216,0.0011712356860185866,0.00400044605767861,10.954695986838129,0.025,0.0,-0.03,0.0,1.0,0.0,0.01
48,1.599996902027001,45,0.041016329657016994,0.0,-0.030355649054843264,0.0003556490548432649,0.009644350945156735,19.288701890313472,-0.001602393671792791,0.004241271190291653,11.573221134188083,0.025,0.0,-0.03,0.0,1.0,0.0,0.01
48,1.599996902027001,46,0.04125438043890035,0.0,-0.03157979874216084,0.00157979874216084,0.00842020125783916,16.84040251567832,-0.0014045222942514063,0.004605297163268342,10.104241509406991,0.025,0.0,-0.03,0.0,1.0,0.0,0.01
48,1.599996902027001,47,0.04151271228174919,0.0,-0.03280149399085302,0.00280149399085302,0.00719850600914698,14.39701201829396,-0.0016036410861471073,0.0048840341986388725,8.638207210976375,0.025,0.0,-0.03,0.0,1.0,0.0,0.01
48,1.599996902027001,48,0.04241453199446347,0.0,-0.03194006756107708,0.0019400675610770843,0.008059932438922916,16.11986487784583,-0.0020076476302388828,0.004514417701286498,9.671918926707498,0.025,0.0,-0.03,0.0,1.0,0.0,0.01
48,1.599996902027001,49,0.04329957798296891,0.0,-0.03106132376716515,0.0010613237671651503,0.00893867623283485,17.8773524656697,-0.002358552118176615,0.004030375949516977,10.726411479401818,0.025,0.0,-0.03,0.0,1.0,0.0,0.01
48,1.599996902027001,50,0.044169192058469,0.0,-0.03016722149740444,0.00016722149740444267,0.009832778502595558,19.665557005191115,-0.002901242629162595,0.0037398827901073193,11.799334203114668,0.025,0.0,-0.03,0.0,1.0,0.0,0.01
48,1.599996902027001,51,0.045024831403454126,0.0,-0.02925966207410788,0.0007403379258921206,0.00925966207410788,18.51932414821576,0.0031048015638032657,0.0031170298314793024,11.111594488929455,0.025,0.0,-0.03,0.0,1.0,0.0,0.01
48,1.599996902027001,52,0.045868055536445976,0.0,-0.028340490685727013,0.001659509314272986,0.008340490685727014,16.680981371454028,0.003780248304045397,0.0029391517162041052,10.008588822872417,0.025,0.0,-0.03,0.0,1.0,0.0,0.01
48,1.599996902027001,53,0.046700512450816516,0.0,-0.027411500491947925,0.0025884995080520737,0.0074115004919479265,14.823000983895852,0.0038242108377069314,0.002174335076519035,8.893800590337511,0.025,0.0,-0.03,0.0,1.0,0.0,0.01
48,1.599996902027001,54,0.04752392500434417,0.0,-0.026474438000040183,0.0035255619999598163,0.006474438000040184,12.948876000080368,0.004649525595619923,0.002118057710875118,7.76932560004822,0.025,0.0,-0.03,0.0,1.0,0.0,0.01
48,1.599996902027001,55,0.04834007831736198,0.0,-0.02553100870160046,0.00446899129839954,0.0055310087016004605,11.06201740320092,0.004523983425504005,0.0012103705916987496,6.637210441920552,0.025,0.0,-0.03,0.0,1.0,0.0,0.01
48,1.599996902027001,56,0.049150805880772405,0.0,-0.02458288534748458,0.005417114652515417,0.004582885347484583,9.165770694969165,0.005511334644122137,0.0012846246679963857,5.4994624169814985,0.025,0.0,-0.03,0.0,1.0,0.0,0.01
48,1.599996902027001,57,0.04995797792417454,0.0,-0.023631714637902576,0.006368285362097423,0.0036317146379025774,7.263429275805155,0.005212928457856918,0.00023281556039502228,4.358057565483093,0.025,0.0,-0.03,0.0,1.0,0.0,0.01
48,1.599996902027001,58,0.05076348751056864,0.0,-0.022679127281879975,0.007320872718120024,0.002679127281879976,5.358254563759952,0.006367920489711892,0.0004467948603757563,3.2149527382559713,0.025,0.0,-0.03,0.0,1.0,0.0,0.01
48,1.599996902027001,59,0.051569239361661835,0.0,-0.021726745367419458,0.00827325463258054,0.0017267453674194595,3.453490734838919,0.005900539363692239,0.0007508859615036748,2.0720944409033515,0.025,0.0,-0.03,0.0,1.0,0.0,0.01
48,1.599996902027001,60,0.05237713614208089,0.0,-0.020776192970138174,0.009223807029861825,0.0007761929701381749,1.5523859402763498,0.007221623661659559,0.0003872952448899718,0.9314315641658099,0.025,0.0,-0.03,0.0,1.0,0.0,0.01
49,1.6333301708192303,37,0.0394670068855652,0.0,-0.02047449222375263,0.009525507776247367,0.0004744922237526327,0.9489844475052654,0.001469560717904013,0.0016832053481431598,0.5693906685031592,0.025,0.0,-0.03,0.0,1.0,0.0,0.01
49,1.6333301708192303,38,0.03967095556172481,0.0,-0.021704892676688323,0.008295107323311676,0.0017048926766883247,3.4097853533766496,0.0006631721615058704,0.0021540417063147907,2.0458712120259896,0.025,0.0,-0.03,0.0,1.0,0.0,0.01
49,1.6333301708192303,39,0.03987249445349521,0.0,-0.02293569633686406,0.0070643036631359395,0.0029356963368640607,5.8713926737281215,0.0015810827879187655,0.0023187287414560367,3.5228356042368727,0.025,0.0,-0.03,0.0,1.0,0.0,0.01
49,1.6333301708192303,40,0.04007391597108179,0.0,-0.024166519358285548,0.005833480641714451,0.004166519358285549,8.333038716571098,0.0007899109079648374,0.0027862851836349023,4.999823229942659,0.025,0.0,-0.03,0.0,1.0,0.0,0.01
49,1.6333301708192303,41,0.04027751264561652,0.0,-0.025396977807851752,0.004603022192148247,0.005396977807851753,10.793955615703506,0.001639459911322416,0.0029625292208723115,6.476373369422103,0.025,0.0,-0.03,0.0,1.0,0.0,0.01
49,1.6333301708192303,42,0.04048557164654666,0.0,-0.026626677150261638,0.003373322849738361,0.006626677150261639,13.253354300523279,0.0009681756964730985,0.0034127084043938773,7.952012580313967,0.025,0.0,-0.03,0.0,1.0,0.0,0.01
49,1.6333301708192303,43,0.04070036848300775,0.0,-0.027855198205138005,0.002144801794861994,0.007855198205138006,15.710396410276013,0.001658597697751206,0.0036113809772115803,9.426237846165607,0.025,0.0,-0.03,0.0,1.0,0.0,0.01
49,1.6333301708192303,44,0.04092416128454548,0.0,-0.0290820875705893,0.0009179124294106979,0.009082087570589302,18.164175141178603,0.0011907134785315915,0.004029898065901003,10.898505084707162,0.025,0.0,-0.03,0.0,1.0,0.0,0.01
49,1.6333301708192303,45,0.04115918387567641,0.0,-0.030306843905017727,0.0003068439050177285,0.009693156094982272,19.386312189964542,-0.0016556153494843285,0.004262858624635808,11.631787313978725,0.025,0.0,-0.03,0.0,1.0,0.0,0.01
49,1.6333301708192303,46,0.04140763929549672,0.0,-0.03152890926441094,0.0015289092644109395,0.00847109073558906,16.94218147117812,-0.0014482918323427793,0.0046346767168212325,10.165308882706872,0.025,0.0,-0.03,0.0,1.0,0.0,0.01
49,1.6333301708192303,47,0.0416763856698011,0.0,-0.03274836832052444,0.0027483683205244414,0.007251631679475559,14.503263358951118,-0.0016474633582183585,0.0049076220843831024,8.701958015370671,0.025,0.0,-0.03,0.0,1.0,0.0,0.01
49,1.6333301708192303,48,0.042564662496769747,0.0,-0.0318729651240336,0.0018729651240336,0.0081270348759664,16.2540697519328,-0.0020633370555510726,0.004548004908396669,9.752441851159679,0.025,0.0,-0.03,0.0,1.0,0.0,0.01
49,1.6333301708192303,49,0.04343584136962349,0.0,-0.03098045219749663,0.0009804521974966299,0.00901954780250337,18.03909560500674,-0.002376028157759967,0.004028393888364946,10.823457363004044,0.025,0.0,-0.03,0.0,1.0,0.0,0.01
49,1.6333301708192303,50,0.04429129777991909,0.0,-0.03007277602283857,7.27760228385714e-05,0.009927223977161429,19.854447954322858,-0.0029563739382269536,0.003769539067982245,11.912668772593713,0.025,0.0,-0.03,0.0,1.0,0.0,0.01
49,1.6333301708192303,51,0.045132524073924665,0.0,-0.02915182102852248,0.000848178971477518,0.009151821028522482,18.303642057044964,0.003099555131770472,0.003095800655183431,10.982185234226979,0.025,0.0,-0.03,0.0,1.0,0.0,0.01
49,1.6333301708192303,52,0.04596111246158326,0.0,-0.028219415564027427,0.0017805844359725723,0.008219415564027428,16.438831128054854,0.0038285810426841402,0.0029584398186305867,9.863298676832912,0.025,0.0,-0.03,0.0,1.0,0.0,0.01
49,1.6333301708192303,53,0.04677874550180796,0.0,-0.027277331579118737,0.0027226684208812614,0.007277331579118739,14.554663158237478,0.003802229825073819,0.002140628223772609,8.732797894942486,0.025,0.0,-0.03,0.0,1.0,0.0,0.01
49,1.6333301708192303,54,0.04758717766172484,0.0,-0.026327295592792697,0.0036727044072073015,0.006327295592792699,12.654591185585398,0.00468366944748413,0.00212100474347157,7.592754711351239,0.025,0.0,-0.03,0.0,1.0,0.0,0.01
49,1.6333301708192303,55,0.048388228177752346,0.0,-0.025370988471123138,0.004629011528876861,0.005370988471123139,10.741976942246279,0.004491888663633913,0.0011701944842634684,6.445186165347767,0.025,0.0,-0.03,0.0,1.0,0.0,0.01
49,1.6333301708192303,56,0.04918376103015945,0.0,-0.024410061099154598,0.005589938900845401,0.004410061099154599,8.820122198309198,0.005524160028758929,0.0012659741177695996,5.292073318985518,0.025,0.0,-0.03,0.0,1.0,0.0,0.01
49,1.6333301708192303,57,0.04997568049236456,0.0,-0.023446133032862877,0.006553866967137122,0.003446133032862878,6.892266065725756,0.005177019988359858,0.00019129431506092605,4.135359639435453,0.025,0.0,-0.03,0.0,1.0,0.0,0.01
49,1.6333301708192303,58,0.050765909079680066,0.0,-0.022480812551841936,0.007519187448158063,0.0024808125518419374,4.9616251036838745,0.006353208586181637,0.0004019490670646496,2.976975062210325,0.025,0.0,-0.03,0.0,1.0,0.0,0.01
49,1.6333301708192303,59,0.05155638600185029,0.0,-0.021515692976873092,0.008484307023126907,0.0015156929768730936,3.031385953746187,0.005866333059594565,0.0007893461850244523,1.8188315722477122,0.025,0.0,-0.03,0.0,1.0,0.0,0.01
49,1.6333301708192303,60,0.05234904248906443,0.0,-0.02055237670348973,0.00944762329651027,0.0005523767034897303,1.1047534069794605,0.007174414527394239,0.0004625001072885753,0.6628520441876763,0.025,0.0,-0.03,0.0,1.0,0.0,0.01
50,1.6666634396114595,37,0.039525841791413156,0.0,-0.020439357037043086,0.009560642962956913,0.00043935703704308694,0.8787140740861739,0.001422215214435698,0.0017025958209009272,0.5272284444517042,0.025,0.0,-0.03,0.0,1.0,0.0,0.01
50,1.6666634396114595,38,0.03974039036674442,0.0,-0.02166793932088851,0.008332060679111488,0.0016679393208885122,3.3358786417770245,0.0007500017699913725,0.0021578470835138244,2.0015271850662146,0.025,0.0,-0.03,0.0,1.0,0.0,0.01
50,1.6666634396114595,39,0.03995255637924369,0.0,-0.02289693679596879,0.007103063204031208,0.002896936795968792,5.793873591937584,0.0015443577204925084,0.0023408396468488,3.4763241551625503,0.025,0.0,-0.03,0.0,1.0,0.0,0.01
50,1.6666634396114595,40,0.04016462125081042,0.0,-0.024125956263336194,0.005874043736663805,0.004125956263336195,8.25191252667239,0.0008729035799564787,0.002795721732676388,4.9511475160034335,0.025,0.0,-0.03,0.0,1.0,0.0,0.01
50,1.6666634396114595,41,0.04037886330360194,0.0,-0.025354587277972695,0.004645412722027304,0.005354587277972696,10.709174555945392,0.0016232877438998633,0.0029863433091855073,6.425504733567235,0.025,0.0,-0.03,0.0,1.0,0.0,0.01
50,1.6666634396114595,42,0.04059755837196225,0.0,-0.026582424882912105,0.003417575117087894,0.006582424882912106,13.164849765824213,0.0010411056371333316,0.003428214711821805,7.898909859494528,0.025,0.0,-0.03,0.0,1.0,0.0,0.01
50,1.6666634396114595,43,0.040822967635170314,0.0,-0.02780902508193999,0.0021909749180600083,0.007809025081939992,15.618050163879984,0.0016657247390124438,0.0036367787281415113,9.370830098327989,0.025,0.0,-0.03,0.0,1.0,0.0,0.01
50,1.6666634396114595,44,0.04105733709947432,0.0,-0.029033922970673608,0.0009660770293263912,0.009033922970673609,18.06784594134722,0.0012538237514279054,0.0040510918111494355,10.840707564808332,0.025,0.0,-0.03,0.0,1.0,0.0,0.01
50,1.6666634396114595,45,0.041302885881530485,0.0,-0.03025659523652544,0.00025659523652543995,0.00974340476347456,19.48680952694912,-0.0016837018951845698,0.004290091274546142,11.692085716169471,0.025,0.0,-0.03,0.0,1.0,0.0,0.01
50,1.6666634396114595,46,0.04156180370777881,0.0,-0.03147647159076837,0.0014764715907683718,0.008523528409231628,17.047056818463258,-0.0015049421546337064,0.004661004619060037,10.228234091077955,0.025,0.0,-0.03,0.0,1.0,0.0,0.01
50,1.6666634396114595,47,0.041841020308835165,0.0,-0.03269358840932357,0.002693588409323572,0.007306411590676428,14.612823181352857,-0.001692946694638292,0.004936569615099805,8.767693908811713,0.025,0.0,-0.03,0.0,1.0,0.0,0.01
50,1.6666634396114595,48,0.042715528171899296,0.0,-0.031804411836320975,0.0018044118363209766,0.008195588163679024,16.391176327358046,-0.0021089195025354905,0.004570026263733158,9.834705796414827,0.025,0.0,-0.03,0.0,1.0,0.0,0.01
50,1.6666634396114595,49,0.043572616264275624,0.0,-0.03089833992438725,0.0008983399243872522,0.009101660075612748,18.203320151225498,-0.002413817116812775,0.0040460653293294515,10.921992090735298,0.025,0.0,-0.03,0.0,1.0,0.0,0.01
50,1.6666634396114595,50,0.04441369423773502,0.0,-0.029977305475227273,2.269452477272546e-05,0.009977305475227275,19.95461095045455,0.0029851164915825007,0.0037730451366939644,11.97276657027273,0.025,0.0,-0.03,0.0,1.0,0.0,0.01
50,1.6666634396114595,51,0.04524028860917293,0.0,-0.02904317617365998,0.0009568238263400197,0.00904317617365998,18.08635234731996,0.003130396720044612,0.003107896811804013,10.851811408391976,0.025,0.0,-0.03,0.0,1.0,0.0,0.01
50,1.6666634396114595,52,0.04605402510605492,0.0,-0.02809776177625817,0.0019022382237418277,0.008097761776258173,16.195523552516345,0.0038342891342694066,0.0029385238847346074,9.717314131509807,0.025,0.0,-0.03,0.0,1.0,0.0,0.01
50,1.6666634396114595,53,0.04685661934150449,0.0,-0.02714281368813654,0.00285718631186346,0.00714281368813654,14.28562737627308,0.0038332197843150674,0.0021534858374200375,8.571376425763848,0.025,0.0,-0.03,0.0,1.0,0.0,0.01
50,1.6666634396114595,54,0.0476498585780017,0.0,-0.026180036149333882,0.0038199638506661165,0.006180036149333884,12.360072298667767,0.0046568307592913605,0.002070964875980861,7.4160433792006595,0.025,0.0,-0.03,0.0,1.0,0.0,0.01
50,1.6666634396114595,55,0.04843559414280727,0.0,-0.025211086630293977,0.0047889133697060215,0.005211086630293979,10.422173260587957,0.004532585617116847,0.001191526576385774,6.253303956352775,0.025,0.0,-0.03,0.0,1.0,0.0,0.01
50,1.6666634396114595,56,0.04921572210170779,0.0,-0.024237591285618254,0.005762408714381745,0.004237591285618255,8.47518257123651,0.0054542623684028955,0.0011782056879906752,5.085109542741907,0.025,0.0,-0.03,0.0,1.0,0.0,0.01
50,1.6666634396114595,57,0.049992178229106246,0.0,-0.02326114434940893,0.006738855650591069,0.003261144349408931,6.522288698817862,0.0052370602602696565,0.0002288600659357217,3.913373219290717,0.025,0.0,-0.03,0.0,1.0,0.0,0.01
50,1.6666634396114595,58,0.05076691654687159,0.0,-0.022283328222976587,0.007716671777023412,0.002283328222976588,4.566656445953176,0.006231277684942714,0.0002693225544345624,2.7399938675719056,0.025,0.0,-0.03,0.0,1.0,0.0,0.01
50,1.6666634396114595,59,0.05154190770439082,0.0,-0.021305709854749992,0.008694290145250007,0.0013057098547499934,2.611419709499987,0.00595290170707604,0.0007290533227386995,1.5668518256999922,0.025,0.0,-0.03,0.0,1.0,0.0,0.01
50,1.6666634396114595,60,0.052319114032599826,0.0,-0.020329865974154163,0.009670134025845836,0.00032986597415416395,0.6597319483083279,0.006995331084792444,0.0006455433637447537,0.39583916898499677,0.025,0.0,-0.03,0.0,1.0,0.0,0.01
51,1.6999967084036887,37,0.039585026893919135,0.0,-0.020403602458561522,0.009596397541438477,0.00040360245856152326,0.8072049171230465,0.0011094538643734318,0.001775702674801656,0.4843229502738279,0.025,0.0,-0.03,0.0,1.0,0.0,0.01
51,1.6999967084036887,38,0.0398102394995358,0.0,-0.021630258869320153,0.008369741130679845,0.0016302588693201548,3.2605177386403095,0.0011086008062709493,0.0021078253085838584,1.9563106431841857,0.025,0.0,-0.03,0.0,1.0,0.0,0.01
51,1.6999967084036887,39,0.04003309744672984,0.0,-0.02285734506714657,0.007142654932853428,0.002857345067146572,5.714690134293144,0.0012379627559166637,0.002416523894655252,3.428814080575886,0.025,0.0,-0.03,0.0,1.0,0.0,0.01
51,1.6999967084036887,40,0.04025586998539046,0.0,-0.024084453138475813,0.005915546861524186,0.004084453138475814,8.168906276951628,0.001218541842355808,0.002753310638213336,4.901343766170976,0.025,0.0,-0.03,0.0,1.0,0.0,0.01
51,1.6999967084036887,41,0.04048082169393562,0.0,-0.02531115074190244,0.004688849258097559,0.005311150741902441,10.622301483804883,0.0013613907133335022,0.0030598448037567057,6.373380890282929,0.025,0.0,-0.03,0.0,1.0,0.0,0.01
51,1.6999967084036887,42,0.040710216209291446,0.0,-0.026537018896409796,0.0034629811035902028,0.006537018896409797,13.074037792819595,0.001338021978471068,0.0033980868706445094,7.8444226756917566,0.025,0.0,-0.03,0.0,1.0,0.0,0.01
51,1.6999967084036887,43,0.040946300544390773,0.0,-0.0277615916724193,0.0022384083275806994,0.007761591672419301,15.523183344838602,0.0014808722190833513,0.0037031363646510196,9.31391000690316,0.025,0.0,-0.03,0.0,1.0,0.0,0.01
51,1.6999967084036887,44,0.041191308003693965,0.0,-0.028984390703780734,0.001015609296219265,0.008984390703780735,17.96878140756147,0.001473517297555901,0.004038343412259787,10.78126884453688,0.025,0.0,-0.03,0.0,1.0,0.0,0.01
51,1.6999967084036887,45,0.041447442928828786,0.0,-0.030204872161033267,0.00020487216103326836,0.009795127838966732,19.590255677933463,-0.0015997563735272245,0.004343556442819901,11.754153406760077,0.025,0.0,-0.03,0.0,1.0,0.0,0.01
51,1.6999967084036887,46,0.041716881369812865,0.0,-0.031422452678398986,0.0014224526783989874,0.008577547321601013,17.155094643202027,-0.001628465926449603,0.004670636741025064,10.293056785921216,0.025,0.0,-0.03,0.0,1.0,0.0,0.01
51,1.6999967084036887,47,0.04200662434058463,0.0,-0.032637118986543194,0.002637118986543195,0.007362881013456805,14.72576202691361,-0.001725491132543687,0.004981052561675862,8.835457216148166,0.025,0.0,-0.03,0.0,1.0,0.0,0.01
51,1.6999967084036887,48,0.042867137459591635,0.0,-0.03173437403652589,0.0017343740365258903,0.00826562596347411,16.53125192694822,-0.0021254498148748214,0.004561067243288745,9.91875115616893,0.025,0.0,-0.03,0.0,1.0,0.0,0.01
51,1.6999967084036887,49,0.04370991186790899,0.0,-0.030814954481804668,0.0008149544818046688,0.009185045518195331,18.37009103639066,-0.002515288782686679,0.0041216763271778945,11.022054621834396,0.025,0.0,-0.03,0.0,1.0,0.0,0.01
51,1.6999967084036887,50,0.04453639087561108,0.0,-0.029880779195126203,0.00011922080487379583,0.009880779195126204,19.761558390252407,0.0029215978654698205,0.0036941372118099243,11.856935034151444,0.025,0.0,-0.03,0.0,1.0,0.0,0.01
51,1.6999967084036887,51,0.04534813549967205,0.0,-0.02893369786588633,0.0010663021341136697,0.00893369786588633,17.86739573177266,0.0032836938996008334,0.003225029780234988,10.720437439063597,0.025,0.0,-0.03,0.0,1.0,0.0,0.01
51,1.6999967084036887,52,0.04614680418266749,0.0,-0.02797550164805097,0.0020244983519490285,0.007975501648050972,15.951003296101943,0.003694103290881125,0.0027958371587881396,9.570601977661166,0.025,0.0,-0.03,0.0,1.0,0.0,0.01
51,1.6999967084036887,53,0.04693414593652508,0.0,-0.027007920019558082,0.002992079980441917,0.007007920019558083,14.015840039116167,0.00403295805577182,0.0023042873637507083,8.4095040234697,0.025,0.0,-0.03,0.0,1.0,0.0,0.01
51,1.6999967084036887,54,0.04771197993014818,0.0,-0.02603263496140058,0.003967365038599419,0.006032634961400581,12.065269922801162,0.004446365914192157,0.0018732877408086887,7.239161953680697,0.025,0.0,-0.03,0.0,1.0,0.0,0.01
51,1.6999967084036887,55,0.04848218978496149,0.0,-0.025051279246119076,0.004948720753880923,0.005051279246119077,10.102558492238154,0.004769723547470043,0.0013676373386290696,6.061535095342893,0.025,0.0,-0.03,0.0,1.0,0.0,0.01
51,1.6999967084036887,56,0.049246702862782744,0.0,-0.024065454151997342,0.005934545848002657,0.004065454151997343,8.130908303994687,0.005183354646461098,0.0009340379011592127,4.878544982396812,0.025,0.0,-0.03,0.0,1.0,0.0,0.01
51,1.6999967084036887,57,0.050007486379119,0.0,-0.02307672755300124,0.006923272446998759,0.0030767275530012416,6.153455106002483,0.005500164119184608,0.0004224376432722009,3.69207306360149,0.025,0.0,-0.03,0.0,1.0,0.0,0.01
51,1.6999967084036887,58,0.05076652533117492,0.0,-0.02208665548822046,0.007913344511779538,0.002086655488220462,4.173310976440924,0.005911711218462597,1.382271887536523e-05,2.5039865858645545,0.025,0.0,-0.03,0.0,1.0,0.0,0.01
51,1.6999967084036887,59,0.05152582138273468,0.0,-0.021096777915472924,0.008903222084527075,0.001096777915472925,2.1935558309458503,0.006229675634866149,0.0005247951258596554,1.3161334985675102,0.025,0.0,-0.03,0.0,1.0,0.0,0.01
51,1.6999967084036887,60,0.052287367844239985,0.0,-0.020108644921994594,0.009891355078005405,0.00010864492199459501,0.21728984398919002,0.006639354867159615,0.0009616508282720145,0.130373906393514,0.025,0.0,-0.03,0.0,1.0,0.0,0.01
52,1.7333299771959179,37,0.039644565755721596,0.0,-0.020367214172235852,0.009632785827764147,0.00036721417223585344,0.7344283444717069,0.0007122647757343133,0.0018724021739206164,0.44065700668302415,0.025,0.0,-0.03,0.0,1.0,0.0,0.01
52,1.7333299771959179,38,0.03988050723566636,0.0,-0.021591835239093655,0.008408164760906344,0.0015918352390936561,3.183670478187312,0.0015719760262696474,0.0020306788436580776,1.9102022869123871,0.025,0.0,-0.03,0.0,1.0,0.0,0.01
52,1.7333299771959179,39,0.04011412258406027,0.0,-0.022816902640238487,0.007183097359761512,0.0028169026402384886,5.633805280476977,0.0008111211114840671,0.002522820584617665,3.3802831682861862,0.025,0.0,-0.03,0.0,1.0,0.0,0.01
52,1.7333299771959179,40,0.04034766765320463,0.0,-0.02404198888680883,0.005958011113191167,0.004041988886808833,8.083977773617665,0.0016982927772050945,0.0026782406914026323,4.850386664170599,0.025,0.0,-0.03,0.0,1.0,0.0,0.01
52,1.7333299771959179,41,0.040583394070462804,0.0,-0.02526664538973146,0.004733354610268539,0.005266645389731461,10.533290779462922,0.0009600029785105906,0.003167723985547851,6.319974467677753,0.025,0.0,-0.03,0.0,1.0,0.0,0.01
52,1.7333299771959179,42,0.04082355183420266,0.0,-0.0264904332390308,0.0035095667609691995,0.006490433239030801,12.980866478061602,0.0017758276864067299,0.0033339241943971276,7.78851988683696,0.025,0.0,-0.03,0.0,1.0,0.0,0.01
52,1.7333299771959179,43,0.04107037471114059,0.0,-0.02771287070764215,0.0022871292923578486,0.007712870707642152,15.425741415284303,0.0011643092937336,0.003802574981841134,9.255444849170582,0.025,0.0,-0.03,0.0,1.0,0.0,0.01
52,1.7333299771959179,44,0.041326081846906906,0.0,-0.028933460211423987,0.0010665397885760118,0.008933460211423988,17.866920422847976,0.0018116650884931478,0.003996080775619262,10.720152253708784,0.025,0.0,-0.03,0.0,1.0,0.0,0.01
52,1.7333299771959179,45,0.04159286364887494,0.0,-0.03015164279163386,0.0001516427916338596,0.00984835720836614,19.69671441673228,-0.001421182306211873,0.004422151217316039,11.818028650039368,0.025,0.0,-0.03,0.0,1.0,0.0,0.01
52,1.7333299771959179,46,0.041872881270245084,0.0,-0.03136681763163754,0.0013668176316375402,0.00863318236836246,17.26636473672492,-0.0018212752801163637,0.004663363404642393,10.359818842034953,0.025,0.0,-0.03,0.0,1.0,0.0,0.01
52,1.7333299771959179,47,0.042173207294162345,0.0,-0.03257892346243042,0.002578923462430424,0.007421076537569576,14.842153075139151,-0.0017190700962315376,0.005021809667689646,8.905291845083491,0.025,0.0,-0.03,0.0,1.0,0.0,0.01
52,1.7333299771959179,48,0.0430195003064946,0.0,-0.03166281622326771,0.0016628162232677143,0.008337183776732286,16.67436755346457,-0.0021684880862361013,0.004574825805970102,10.004620532078741,0.025,0.0,-0.03,0.0,1.0,0.0,0.01
52,1.7333299771959179,49,0.04384773816350057,0.0,-0.030730262167958575,0.0007302621679585765,0.009269737832041424,18.539475664082847,-0.002594388930443114,0.004173221228494762,11.123685398449707,0.025,0.0,-0.03,0.0,1.0,0.0,0.01
52,1.7333299771959179,50,0.04465939836548033,0.0,-0.029783164629873723,0.0002168353701262754,0.009783164629873725,19.566329259747448,0.002880993427481838,0.0036398815817722677,11.739797555848469,0.025,0.0,-0.03,0.0,1.0,0.0,0.01
52,1.7333299771959179,51,0.04545607558156346,0.0,-0.028823355351397562,0.0011766446486024366,0.008823355351397564,17.646710702795126,0.0034177992281383056,0.0033185546250055846,10.588026421677075,0.025,0.0,-0.03,0.0,1.0,0.0,0.01
52,1.7333299771959179,52,0.04623946128142409,0.0,-0.0278526056238316,0.002147394376168399,0.007852605623831601,15.705211247663202,0.0035732367983060355,0.0026771657889282474,9.423126748597921,0.025,0.0,-0.03,0.0,1.0,0.0,0.01
52,1.7333299771959179,53,0.04701133721183568,0.0,-0.026872622744603832,0.0031273772553961666,0.0068726227446038336,13.745245489207667,0.004216434017659119,0.0024317092615162655,8.2471472935246,0.025,0.0,-0.03,0.0,1.0,0.0,0.01
52,1.7333299771959179,54,0.047773554383953906,0.0,-0.02588506550670617,0.00411493449329383,0.00588506550670617,11.77013101341234,0.004253297443087599,0.0017003826351350716,7.062078608047404,0.025,0.0,-0.03,0.0,1.0,0.0,0.01
52,1.7333299771959179,55,0.04852802827307725,0.0,-0.02489154140887647,0.005108458591123528,0.004891541408876472,9.783082817752943,0.004990626413560511,0.001518416449325008,5.869849690651765,0.025,0.0,-0.03,0.0,1.0,0.0,0.01
52,1.7333299771959179,56,0.04927671716466421,0.0,-0.023893626228229815,0.006106373771770184,0.003893626228229816,7.787252456459632,0.004931633128024757,0.0007180545284871308,4.672351473875779,0.025,0.0,-0.03,0.0,1.0,0.0,0.01
52,1.7333299771959179,57,0.05002161943194782,0.0,-0.02289286067154261,0.007107139328457388,0.002892860671542612,5.785721343085224,0.00574305810239709,0.0005859745074567964,3.4714328058511343,0.025,0.0,-0.03,0.0,1.0,0.0,0.01
52,1.7333299771959179,58,0.05076475052438887,0.0,-0.021890773939839177,0.008109226060160821,0.0018907739398391788,3.7815478796783575,0.0056168418128866695,0.00026286298324266973,2.2689287278070145,0.025,0.0,-0.03,0.0,1.0,0.0,0.01
52,1.7333299771959179,59,0.05150814285018964,0.0,-0.02088887816549157,0.009111121834508427,0.0008888781654915728,1.7777563309831454,0.006479369096197163,0.00035720915283836034,1.0666537985898872,0.025,0.0,-0.03,0.0,1.0,0.0,0.01
53,1.766663245988147,37,0.03970446270037997,0.0,-0.02033017830438356,0.009669821695616438,0.0003301783043835622,0.6603566087671243,0.0005861437519788828,0.001918048282083245,0.3962139652602746,0.025,0.0,-0.03,0.0,1.0,0.0,0.01
53,1.766663245988147,38,0.03995119828829576,0.0,-0.02155265067458978,0.00844734932541022,0.0015526506745897808,3.1053013491795616,0.0017409507918792278,0.0020088653782734216,1.863180809507737,0.025,0.0,-0.03,0.0,1.0,0.0,0.01
53,1.766663245988147,39,0.04019563753642403,0.0,-0.022775590598031522,0.007224409401968477,0.0027755905980315233,5.551181196063046,0.0006974957740915643,0.002570862695088093,3.330708717637828,0.025,0.0,-0.03,0.0,1.0,0.0,0.01
53,1.766663245988147,40,0.04044002047435917,0.0,-0.023998541160130366,0.006001458839869633,0.003998541160130367,7.997082320260733,0.001857299885648998,0.0026639771988460417,4.79824939215644,0.025,0.0,-0.03,0.0,1.0,0.0,0.01
53,1.766663245988147,41,0.04068658758793387,0.0,-0.025221047279382378,0.004778952720617621,0.00522104727938238,10.44209455876476,0.000878735730059632,0.0032145220284220477,6.2652567352588555,0.025,0.0,-0.03,0.0,1.0,0.0,0.01
53,1.766663245988147,42,0.04093757293384822,0.0,-0.02644264094384739,0.00355735905615261,0.00644264094384739,12.88528188769478,0.0019093531107380027,0.00333014276214254,7.731169132616868,0.025,0.0,-0.03,0.0,1.0,0.0,0.01
53,1.766663245988147,43,0.0411951986584615,0.0,-0.027662833295660078,0.0023371667043399214,0.007662833295660079,15.325666591320157,0.0011266048714107266,0.0038455977443618327,9.195399954792094,0.025,0.0,-0.03,0.0,1.0,0.0,0.01
53,1.766663245988147,44,0.04146166771273118,0.0,-0.028881099890841467,0.001118900109158532,0.008881099890841468,17.762199781682938,0.001912536434349387,0.004004683013675699,10.657319869009763,0.025,0.0,-0.03,0.0,1.0,0.0,0.01
53,1.766663245988147,45,0.04173915786395849,0.0,-0.030096873401275634,9.687340127563504e-05,0.009903126598724365,19.80625319744873,-0.0014308479362864605,0.004459743549028469,11.883751918469237,0.025,0.0,-0.03,0.0,1.0,0.0,0.01
53,1.766663245988147,46,0.042029813793731254,0.0,-0.031309530224388746,0.0013095302243887469,0.008690469775611253,17.380939551222507,-0.0018880043815450104,0.004684384709907305,10.428563730733504,0.025,0.0,-0.03,0.0,1.0,0.0,0.01
53,1.766663245988147,47,0.04234078016183406,0.0,-0.03251896338826695,0.0025189633882669524,0.007481036611733048,14.962073223466096,-0.0017779644496980721,0.005062237044361466,8.977243934079658,0.025,0.0,-0.03,0.0,1.0,0.0,0.01
53,1.766663245988147,48,0.043172627805642357,0.0,-0.03158970134200033,0.0015897013420003298,0.00841029865799967,16.82059731599934,-0.002188976665302915,0.004574429187128872,10.092358389599603,0.025,0.0,-0.03,0.0,1.0,0.0,0.01
53,1.766663245988147,49,0.04398610628588006,0.0,-0.03064422756070397,0.00064422756070397,0.00935577243929603,18.71154487859206,-0.0026811673348826406,0.004228229740553191,11.226926927155237,0.025,0.0,-0.03,0.0,1.0,0.0,0.01
53,1.766663245988147,50,0.0447827281611343,0.0,-0.029684427713109685,0.00031557228689031366,0.009684427713109687,19.368855426219373,0.002850380885207649,0.0035972613892285626,11.621313255731623,0.025,0.0,-0.03,0.0,1.0,0.0,0.01
53,1.766663245988147,51,0.04556412041642434,0.0,-0.028712116285611447,0.0012878837143885519,0.008712116285611448,17.4242325712229,0.0035283585063131664,0.00338697583741182,10.45453954273374,0.025,0.0,-0.03,0.0,1.0,0.0,0.01
53,1.766663245988147,52,0.04633200845331681,0.0,-0.0277290426520033,0.002270957347996698,0.007729042652003302,15.458085304006605,0.003492943143238276,0.0025974155081274083,9.274851182403962,0.025,0.0,-0.03,0.0,1.0,0.0,0.01
53,1.766663245988147,53,0.04708820536712637,0.0,-0.026736892614593912,0.0032631073854060867,0.0067368926145939135,13.473785229187827,0.004347421963593024,0.002509448051848206,8.084271137512696,0.025,0.0,-0.03,0.0,1.0,0.0,0.01
53,1.766663245988147,54,0.047834594756725475,0.0,-0.02573729977598009,0.004262700224019908,0.005737299775980092,11.474599551960184,0.00412623544132227,0.001587469590406182,6.88475973117611,0.025,0.0,-0.03,0.0,1.0,0.0,0.01
53,1.766663245988147,55,0.04857312260092102,0.0,-0.02473184697088971,0.005268153029110288,0.004731846970889712,9.463693941779423,0.005137973058952641,0.0016025904375719098,5.678216365067654,0.025,0.0,-0.03,0.0,1.0,0.0,0.01
53,1.766663245988147,56,0.049305778690624136,0.0,-0.023722082582969907,0.006277917417030092,0.0037220825829699083,7.4441651659398165,0.004761404678107559,0.0005746196231304377,4.466499099563889,0.025,0.0,-0.03,0.0,1.0,0.0,0.01
53,1.766663245988147,57,0.05003459127158189,0.0,-0.022709520658706586,0.007290479341293413,0.0027095206587065875,5.419041317413175,0.005902492474620177,0.0006747945122407048,3.251424790447905,0.025,0.0,-0.03,0.0,1.0,0.0,0.01
53,1.766663245988147,58,0.050761606706599564,0.0,-0.021695661769781764,0.008304338230218235,0.0016956617697817655,3.391323539563531,0.005407507123552689,0.00043532438912561726,2.0347941237381186,0.025,0.0,-0.03,0.0,1.0,0.0,0.01
53,1.766663245988147,59,0.05148888691342012,0.0,-0.020681990663372694,0.009318009336627305,0.0006819906633726957,1.3639813267453913,0.0066464886904818755,0.0002647335335192151,0.8183887960472348,0.025,0.0,-0.03,0.0,1.0,0.0,0.01
54,1.7999965147803763,37,0.039764722107194714,0.0,-0.02029247806965559,0.00970752193034441,0.00029247806965559085,0.5849561393111817,0.00072730535612509,0.0019063996354958153,0.35097368358670905,0.025,0.0,-0.03,0.0,1.0,0.0,0.01
54,1.7999965147803763,38,0.040022318408235356,0.0,-0.021512688626014718,0.008487311373985281,0.0015126886260147191,3.0253772520294384,0.001630790453701416,0.002046778906777552,1.815226351217663,0.025,0.0,-0.03,0.0,1.0,0.0,0.01
54,1.7999965147803763,39,0.040277648324252194,0.0,-0.022733387066490574,0.007266612933509425,0.0027333870664905755,5.4667741329811514,0.0008654771494140898,0.0025594429431918986,3.280064479788691,0.025,0.0,-0.03,0.0,1.0,0.0,0.01
54,1.7999965147803763,40,0.04053293585292284,0.0,-0.023954088409559496,0.006045911590440503,0.003954088409559497,7.908176819118994,0.0017454022756567163,0.0027079395933716243,4.744906091471396,0.025,0.0,-0.03,0.0,1.0,0.0,0.01
54,1.7999965147803763,41,0.040790409900935715,0.0,-0.025174329554228048,0.004825670445771951,0.005174329554228049,10.348659108456097,0.001051014686123637,0.003206825882503399,6.209195465073658,0.025,0.0,-0.03,0.0,1.0,0.0,0.01
54,1.7999965147803763,42,0.04105228851380278,0.0,-0.026393615338503262,0.0036063846614967365,0.006393615338503264,12.787230677006526,0.001817952026265228,0.0033766423734927138,7.672338406203916,0.025,0.0,-0.03,0.0,1.0,0.0,0.01
54,1.7999965147803763,43,0.041320781649111946,0.0,-0.027611447778412204,0.0023885522215877954,0.007611447778412205,15.22289555682441,0.001281942850983332,0.003845082188975276,9.133737334094645,0.025,0.0,-0.03,0.0,1.0,0.0,0.01
54,1.7999965147803763,44,0.04159807611220173,0.0,-0.028827277820326073,0.001172722179673926,0.008827277820326074,17.65455564065215,0.0018612435127031257,0.004049896241517643,10.59273338439129,0.025,0.0,-0.03,0.0,1.0,0.0,0.01
54,1.7999965147803763,45,0.04188633640255476,0.0,-0.030040527751388595,4.052775138859571e-05,0.009959472248611404,19.91894449722281,-0.0015519902780310782,0.004470236014416683,11.951366698333686,0.025,0.0,-0.03,0.0,1.0,0.0,0.01
54,1.7999965147803763,46,0.042187690808097845,0.0,-0.03125055320571987,0.0012505532057198732,0.008749446794280127,17.498893588560254,-0.0018909322106933008,0.004723725227473032,10.499336153136152,0.025,0.0,-0.03,0.0,1.0,0.0,0.01
54,1.7999965147803763,47,0.04250935540578034,0.0,-0.03245719809562495,0.002457198095624953,0.007542801904375047,15.085603808750093,-0.0018556112674791027,0.005090788439648095,9.051362285250056,0.025,0.0,-0.03,0.0,1.0,0.0,0.01
54,1.7999965147803763,48,0.04332653199772962,0.0,-0.031514990928641184,0.0015149909286411856,0.008485009071358815,16.970018142717628,-0.002231473585268937,0.004596056357797082,10.182010885630577,0.025,0.0,-0.03,0.0,1.0,0.0,0.01
54,1.7999965147803763,49,0.04412502871800032,0.0,-0.03055681316044368,0.0005568131604436824,0.009443186839556318,18.886373679112637,-0.0027213992439889603,0.004241322434016521,11.331824207467582,0.025,0.0,-0.03,0.0,1.0,0.0,0.01
54,1.7999965147803763,50,0.04490639220136235,0.0,-0.029584533151869735,0.0004154668481302637,0.009584533151869737,19.169066303739474,0.0028936164590182144,0.00361722210751269,11.501439782243684,0.025,0.0,-0.03,0.0,1.0,0.0,0.01
54,1.7999965147803763,51,0.045672282576135786,0.0,-0.02859994627961823,0.00140005372038177,0.00859994627961823,17.19989255923646,0.003543670096653144,0.0033758243356993576,10.319935535541875,0.025,0.0,-0.03,0.0,1.0,0.0,0.01
54,1.7999965147803763,52,0.04642445782451337,0.0,-0.027604780622772617,0.002395219377227382,0.007604780622772618,15.209561245545236,0.0035314104666057697,0.00261338844278151,9.125736747327142,0.025,0.0,-0.03,0.0,1.0,0.0,0.01
54,1.7999965147803763,53,0.04716476324092033,0.0,-0.026600698423676586,0.003399301576323413,0.006600698423676587,13.201396847353175,0.004342667648469046,0.002479202341268948,7.920838108411905,0.025,0.0,-0.03,0.0,1.0,0.0,0.01
54,1.7999965147803763,54,0.04789511356336081,0.0,-0.0255893088353526,0.004410691164647398,0.0055893088353526025,11.178617670705204,0.004152801691075192,0.0015940099373585113,6.707170602423123,0.025,0.0,-0.03,0.0,1.0,0.0,0.01
54,1.7999965147803763,55,0.04861748600236169,0.0,-0.02457216796546495,0.005427832034535049,0.004572167965464951,9.144335930929902,0.005120496024620614,0.0015595792278245465,5.486601558557941,0.025,0.0,-0.03,0.0,1.0,0.0,0.01
54,1.7999965147803763,56,0.0493339004703164,0.0,-0.023550797459499534,0.006449202540500465,0.0035507974594995353,7.10159491899907,0.004767416583639239,0.0005656068963694802,4.260956951399442,0.025,0.0,-0.03,0.0,1.0,0.0,0.01
54,1.7999965147803763,57,0.05004641560186336,0.0,-0.022526682829269108,0.007473317170730891,0.002526682829269109,5.053365658538218,0.005880612695650493,0.000625390435832373,3.032019395122931,0.025,0.0,-0.03,0.0,1.0,0.0,0.01
54,1.7999965147803763,58,0.05075710747375298,0.0,-0.02150129641354423,0.00849870358645577,0.001501296413544231,3.002592827088462,0.005384555299645451,0.0004658383001209195,1.8015556962530772,0.025,0.0,-0.03,0.0,1.0,0.0,0.01
54,1.7999965147803763,59,0.0514680677620427,0.0,-0.020476094039292483,0.009523905960707516,0.000476094039292484,0.952188078584968,0.0066277395733857925,0.00031485894018530114,0.5713128471509807,0.025,0.0,-0.03,0.0,1.0,0.0,0.01
55,1.8333297835726055,37,0.03982534896207299,0.0,-0.020254096543368724,0.009745903456631275,0.00025409654336872554,0.5081930867374511,0.0013228449425530112,0.0017861522924890356,0.3049158520424707,0.025,0.0,-0.03,0.0,1.0,0.0,0.01
55,1.8333297835726055,38,0.04009387381010984,0.0,-0.02147193085928715,0.00852806914071285,0.0014719308592871499,2.9438617185742997,0.0010776439183921894,0.002190196487686703,1.7663170311445797,0.025,0.0,-0.03,0.0,1.0,0.0,0.01
55,1.8333297835726055,39,0.04036016180322468,0.0,-0.02269027004341066,0.00730972995658934,0.0026902700434106603,5.380540086821321,0.0014572203306484485,0.00244795121401081,3.2283240520927925,0.025,0.0,-0.03,0.0,1.0,0.0,0.01
55,1.8333297835726055,40,0.04062642178519945,0.0,-0.02390860695452094,0.0060913930454790585,0.003908606954520942,7.817213909041883,0.001240889389561402,0.0028459564589322106,4.690328345425129,0.025,0.0,-0.03,0.0,1.0,0.0,0.01
55,1.8333297835726055,41,0.04089486972761266,0.0,-0.025126465194697984,0.004873534805302015,0.005126465194697985,10.25293038939597,0.0015796417920031923,0.0031134632149672817,6.151758233637582,0.025,0.0,-0.03,0.0,1.0,0.0,0.01
55,1.8333297835726055,42,0.04116770831338987,0.0,-0.026343327289211994,0.0036566727107880045,0.006343327289211996,12.686654578423992,0.0014164442939749206,0.0035002054852042767,7.611992747054395,0.025,0.0,-0.03,0.0,1.0,0.0,0.01
55,1.8333297835726055,43,0.041447134208343825,0.0,-0.027558682121693958,0.002441317878306041,0.007558682121693959,15.117364243387918,0.0016995127219734355,0.0037786234489923655,9.07041854603275,0.025,0.0,-0.03,0.0,1.0,0.0,0.01
55,1.8333297835726055,44,0.04173531846879112,0.0,-0.02877195950976848,0.0012280404902315183,0.008771959509768482,17.543919019536965,0.0016033512916555281,0.00414995353471179,10.526351411722178,0.025,0.0,-0.03,0.0,1.0,0.0,0.01
55,1.8333297835726055,45,0.04203441149987794,0.0,-0.029982568771376904,1.7431228623094458e-05,0.009982568771376906,19.965137542753812,0.0018257815767409155,0.004439801056889005,11.979082525652286,0.025,0.0,-0.03,0.0,1.0,0.0,0.01
55,1.8333297835726055,46,0.04234652534358052,0.0,-0.031189846884762243,0.001189846884762244,0.008810153115237756,17.620306230475514,-0.0018011851118040062,0.004790190926727315,10.572183738285307,0.025,0.0,-0.03,0.0,1.0,0.0,0.01
55,1.8333297835726055,47,0.0426789467800439,0.0,-0.032393585468186374,0.0023935854681863752,0.007606414531813625,15.21282906362725,-0.0019704265932312596,0.005109460884801231,9.12769743817635,0.025,0.0,-0.03,0.0,1.0,0.0,0.01
55,1.8333297835726055,48,0.04348122644934074,0.0,-0.031438644277059835,0.0014386442770598362,0.008561355722940164,17.122711445880327,-0.0022822920018731653,0.00462787378801359,10.273626867528195,0.025,0.0,-0.03,0.0,1.0,0.0,0.01
55,1.8333297835726055,49,0.0442645185278274,0.0,-0.030467980159649712,0.0004679801596497134,0.009532019840350287,19.064039680700574,-0.0027286265221875597,0.004227151296191709,11.438423808420344,0.025,0.0,-0.03,0.0,1.0,0.0,0.01
55,1.8333297835726055,50,0.04503040368666087,0.0,-0.029483443403864357,0.0005165565961356422,0.009483443403864358,18.966886807728716,0.002997749271719406,0.003683824089388423,11.38013208463723,0.025,0.0,-0.03,0.0,1.0,0.0,0.01
55,1.8333297835726055,51,0.0457805747635605,0.0,-0.02848680988879705,0.0015131901112029472,0.008486809888797053,16.973619777594106,0.003475296194882504,0.003301412061228707,10.184171866556463,0.025,0.0,-0.03,0.0,1.0,0.0,0.01
55,1.8333297835726055,52,0.04651682243681809,0.0,-0.027479785238841543,0.0025202147611584555,0.007479785238841545,14.959570477683089,0.003680007304195381,0.0027095836707638097,8.975742286609853,0.025,0.0,-0.03,0.0,1.0,0.0,0.01
55,1.8333297835726055,53,0.04724102340815165,0.0,-0.026464008105977457,0.0035359918940225422,0.006464008105977458,12.928016211954915,0.004206540364411338,0.0023545136284296086,7.756809727172949,0.025,0.0,-0.03,0.0,1.0,0.0,0.01
55,1.8333297835726055,54,0.047955123844728366,0.0,-0.025441061697377653,0.004558938302622346,0.005441061697377654,10.88212339475531,0.004334643661629614,0.0017096537308540342,6.529274036853185,0.025,0.0,-0.03,0.0,1.0,0.0,0.01
55,1.8333297835726055,55,0.04866113108992001,0.0,-0.024412475715753817,0.005587524284246182,0.004412475715753818,8.824951431507635,0.004929231023673067,0.001395416712797414,5.294970858904581,0.025,0.0,-0.03,0.0,1.0,0.0,0.01
55,1.8333297835726055,56,0.04936109564509697,0.0,-0.023379743233095038,0.006620256766904961,0.003379743233095039,6.759486466190078,0.004967333470788355,0.0006902489955647445,4.055691879714047,0.025,0.0,-0.03,0.0,1.0,0.0,0.01
55,1.8333297835726055,57,0.050057105168311224,0.0,-0.022344321904678964,0.007655678095321035,0.0023443219046789653,4.688643809357931,0.005650372985374183,0.00043248045677182393,2.8131862856147585,0.025,0.0,-0.03,0.0,1.0,0.0,0.01
55,1.8333297835726055,58,0.05075126610517467,0.0,-0.021307653659846878,0.008692346340153121,0.0013076536598468792,2.615307319693758,0.005584885592773411,0.000342685378950494,1.569184391816255,0.025,0.0,-0.03,0.0,1.0,0.0,0.01
55,1.8333297835726055,59,0.05144569830465125,0.0,-0.020271166418566855,0.009728833581433144,0.0002711664185668563,0.5423328371337126,0.006376741646208622,0.0005259536092656597,0.3253997022802276,0.025,0.0,-0.03,0.0,1.0,0.0,0.01
56,1.8666630523648347,37,0.03988634876869152,0.0,-0.020215016164997917,0.009784983835002082,0.00021501616499791827,0.4300323299958365,0.0017299749934968668,0.0017017295790704482,0.2580193979975019,0.025,0.0,-0.03,0.0,1.0,0.0,0.01
56,1.8666630523648347,38,0.040165871310573927,0.0,-0.021430358182753174,0.008569641817246825,0.001430358182753175,2.86071636550635,0.0006819512514138965,0.002306506766450886,1.7164298193038101,0.025,0.0,-0.03,0.0,1.0,0.0,0.01
56,1.8666630523648347,39,0.04044318543432166,0.0,-0.02264621626437288,0.007353783735627117,0.002646216264372883,5.292432528745765,0.0019258934937704385,0.0023561293520609284,3.175459517247459,0.025,0.0,-0.03,0.0,1.0,0.0,0.01
56,1.8666630523648347,40,0.040720487129977084,0.0,-0.023862072292579473,0.006137927707420526,0.003862072292579474,7.724144585158948,0.0008287014460292147,0.002971998553069641,4.634486751095369,0.025,0.0,-0.03,0.0,1.0,0.0,0.01
56,1.8666630523648347,41,0.040999976497804735,0.0,-0.02507742536670087,0.004922574633299127,0.005077425366700873,10.154850733401746,0.0020471394116407804,0.003026402031920385,6.092910440041048,0.025,0.0,-0.03,0.0,1.0,0.0,0.01
56,1.8666630523648347,42,0.04128384316356326,0.0,-0.026291746836649792,0.0037082531633502065,0.006291746836649794,12.583493673299587,0.0010525033393655055,0.0036231949577752768,7.550096203979752,0.025,0.0,-0.03,0.0,1.0,0.0,0.01
56,1.8666630523648347,43,0.04157426771762465,0.0,-0.027504502116659307,0.0024954978833406916,0.007504502116659309,15.009004233318617,0.0021015583138845576,0.003709663174088251,9.00540253999117,0.025,0.0,-0.03,0.0,1.0,0.0,0.01
56,1.8666630523648347,44,0.041873407475791546,0.0,-0.028715109414875928,0.001284890585124071,0.00871510941487593,17.43021882975186,0.0013489146332597978,0.004255615040028428,10.458131297851114,0.025,0.0,-0.03,0.0,1.0,0.0,0.01
56,1.8666630523648347,45,0.04218339644245584,0.0,-0.029922957093985684,7.704290601431504e-05,0.009922957093985685,19.84591418797137,0.0021068118307430938,0.004403633783231847,11.907548512782823,0.025,0.0,-0.03,0.0,1.0,0.0,0.01
56,1.8666630523648347,46,0.042506331809830156,0.0,-0.031127370065144527,0.0011273700651445277,0.008872629934855472,17.745259869710946,-0.0017033124970856496,0.004862434769894795,10.647155921826567,0.025,0.0,-0.03,0.0,1.0,0.0,0.01
56,1.8666630523648347,47,0.04284956941977298,0.0,-0.03232808113695111,0.002328081136951113,0.007671918863048887,15.343837726097775,-0.002097696459534929,0.0051309131023094725,9.206302635658664,0.025,0.0,-0.03,0.0,1.0,0.0,0.01
56,1.8666630523648347,48,0.04363672576403039,0.0,-0.031360618906629924,0.0013606189066299249,0.008639381093370075,17.27876218674015,-0.002320989207464505,0.004649240123893716,10.367257312044089,0.025,0.0,-0.03,0.0,1.0,0.0,0.01
56,1.8666630523648347,49,0.044404589889215224,0.0,-0.0303776877383012,0.0003776877383011995,0.0096223122616988,19.2446245233976,-0.0027525165653514926,0.004227343316193668,11.54677471403856,0.025,0.0,-0.03,0.0,1.0,0.0,0.01
56,1.8666630523648347,50,0.0451547764698336,0.0,-0.02938111928363966,0.0006188807163603378,0.009381119283639662,18.762238567279326,0.003087809835553781,0.0037358722596366844,11.257343140367595,0.025,0.0,-0.03,0.0,1.0,0.0,0.01
56,1.8666630523648347,51,0.045889010378859445,0.0,-0.02837266985453327,0.0016273301454667287,0.008372669854533272,16.745339709066542,0.0034210011876431605,0.0032418403853341697,10.047203825439924,0.025,0.0,-0.03,0.0,1.0,0.0,0.01
56,1.8666630523648347,52,0.04660911562983596,0.0,-0.027354020690114864,0.0026459793098851346,0.007354020690114866,14.708041380229732,0.0038211692983880917,0.0027937768685068606,8.824824828137839,0.025,0.0,-0.03,0.0,1.0,0.0,0.01
56,1.8666630523648347,53,0.047316998729339706,0.0,-0.026326788000045356,0.0036732119999546425,0.006326788000045358,12.653576000090716,0.004073735133549453,0.0022393240769202037,7.59214560005443,0.025,0.0,-0.03,0.0,1.0,0.0,0.01
56,1.8666630523648347,54,0.048014638582382384,0.0,-0.025292526007846667,0.004707473992153332,0.005292526007846668,10.585052015693337,0.004522994734711129,0.0018209399019309786,6.351031209416003,0.025,0.0,-0.03,0.0,1.0,0.0,0.01
56,1.8666630523648347,55,0.04870407036659464,0.0,-0.024252740156772316,0.005747259843227683,0.004252740156772317,8.505480313544634,0.00472431018860147,0.0012311308915202235,5.10328818812678,0.025,0.0,-0.03,0.0,1.0,0.0,0.01
56,1.8666630523648347,56,0.049387376921228056,0.0,-0.023208891095060007,0.0067911089049399916,0.0032088910950600086,6.417782190120017,0.005192726604659077,0.0008217358086447059,3.85066931407201,0.025,0.0,-0.03,0.0,1.0,0.0,0.01
56,1.8666630523648347,57,0.05006667223816278,0.0,-0.022162411393310703,0.007837588606689296,0.0021624113933107047,4.324822786621409,0.005385641593530918,0.0002268551710826316,2.5948936719728453,0.025,0.0,-0.03,0.0,1.0,0.0,0.01
56,1.8666630523648347,58,0.05074409504517034,0.0,-0.02111470833908007,0.00888529166091993,0.0011147083390800703,2.2294166781601406,0.005832481909880146,0.0001989083084615332,1.3376500068960844,0.025,0.0,-0.03,0.0,1.0,0.0,0.01
56,1.8666630523648347,59,0.05142179062723796,0.0,-0.020067184852906615,0.009932815147093384,6.718485290661651e-05,0.13436970581323301,0.006068430417873899,0.0007647266733992552,0.08062182348793981,0.025,0.0,-0.03,0.0,1.0,0.0,0.01
57,1.8999963211570638,37,0.039947727615496406,0.0,-0.020175218982560625,0.009824781017439374,0.00017521898256062617,0.35043796512125236,0.0018069343313085121,0.0016943104414980255,0.2102627790727514,0.025,0.0,-0.03,0.0,1.0,0.0,0.01
57,1.8999963211570638,38,0.0402383181490209,0.0,-0.021387949717245877,0.008612050282754122,0.0013879497172458784,2.7758994344917567,0.0006633021430470629,0.0023362788311923582,1.6655396606950539,0.025,0.0,-0.03,0.0,1.0,0.0,0.01
57,1.8999963211570638,39,0.04052672751859733,0.0,-0.02260120218420184,0.00739879781579816,0.00260120218420184,5.20240436840368,0.0019885378288599354,0.0023582212573906368,3.1214426210422075,0.025,0.0,-0.03,0.0,1.0,0.0,0.01
57,1.8999963211570638,40,0.04081514128470519,0.0,-0.023814457729916503,0.006185542270083496,0.0038144577299165042,7.628915459833008,0.0008376692564151156,0.003000976970257097,4.577349275899805,0.025,0.0,-0.03,0.0,1.0,0.0,0.01
57,1.8999963211570638,41,0.0411057406895104,0.0,-0.02502718083798332,0.004972819162016678,0.0050271808379833225,10.054361675966645,0.0020991510886404856,0.0030373794287802246,6.032617005579986,0.025,0.0,-0.03,0.0,1.0,0.0,0.01
57,1.8999963211570638,42,0.041400704595975016,0.0,-0.02623884156449726,0.0037611584355027386,0.006238841564497262,12.477683128994522,0.001084438028779849,0.003651999237639876,7.486609877396713,0.025,0.0,-0.03,0.0,1.0,0.0,0.01
57,1.8999963211570638,43,0.041702194765134044,0.0,-0.02744887280388277,0.0025511271961172304,0.00744887280388277,14.89774560776554,0.00214809917750183,0.0037287722549634904,8.938647364659323,0.025,0.0,-0.03,0.0,1.0,0.0,0.01
57,1.8999963211570638,44,0.04201235673362118,0.0,-0.028656689490962298,0.0013433105090377012,0.008656689490962299,17.313378981924597,0.0013986683782736512,0.004284766451624982,10.388027389154757,0.025,0.0,-0.03,0.0,1.0,0.0,0.01
57,1.8999963211570638,45,0.042333305831604225,0.0,-0.029861652052799722,0.00013834794720027702,0.009861652052799723,19.723304105599446,0.002152572037977911,0.004429969348818512,11.833982463359668,0.025,0.0,-0.03,0.0,1.0,0.0,0.01
57,1.8999963211570638,46,0.04266712577229371,0.0,-0.031063079172181,0.0010630791721810001,0.008936920827819,17.873841655638,-0.001767050424914191,0.004893146379446359,10.7243049933828,0.025,0.0,-0.03,0.0,1.0,0.0,0.01
57,1.8999963211570638,47,0.043021239818153645,0.0,-0.03226063876732566,0.0022606387673256637,0.0077393612326743366,15.478722465348673,-0.0021436444820515078,0.005156227277806377,9.287233479209203,0.025,0.0,-0.03,0.0,1.0,0.0,0.01
57,1.8999963211570638,48,0.04379304567164186,0.0,-0.031280870293936384,0.0012808702939363856,0.008719129706063615,17.43825941212723,-0.0023940620324525504,0.004690328462075839,10.462955647276338,0.025,0.0,-0.03,0.0,1.0,0.0,0.01
57,1.8999963211570638,49,0.044545257989835635,0.0,-0.03028589303589034,0.00028589303589034165,0.009714106964109659,19.428213928219318,-0.0027671619030510057,0.004221360506552232,11.65692835693159,0.025,0.0,-0.03,0.0,1.0,0.0,0.01
57,1.8999963211570638,50,0.045279525013656056,0.0,-0.029277519933142832,0.0007224800668571667,0.009277519933142834,18.555039866285668,0.003168986401308332,0.0037786011341538316,11.1330239197714,0.025,0.0,-0.03,0.0,1.0,0.0,0.01
57,1.8999963211570638,51,0.045997603580686504,0.0,-0.028257486894865826,0.0017425131051341733,0.008257486894865827,16.514973789731656,0.003398946152584233,0.003208715329831826,9.908984273838993,0.025,0.0,-0.03,0.0,1.0,0.0,0.01
57,1.8999963211570638,52,0.04670135084897447,0.0,-0.027227449864326327,0.0027725501356736723,0.007227449864326328,14.454899728652656,0.003911963278632086,0.002837168252293507,8.672939837191594,0.025,0.0,-0.03,0.0,1.0,0.0,0.01
57,1.8999963211570638,53,0.04739270254783699,0.0,-0.026189002468680753,0.0038109975313192455,0.006189002468680755,12.37800493736151,0.004012657739190808,0.002179404754170842,7.426802962416906,0.025,0.0,-0.03,0.0,1.0,0.0,0.01
57,1.8999963211570638,54,0.04807367039402894,0.0,-0.025143668460274025,0.004856331539725974,0.005143668460274026,10.287336920548052,0.0046248668289891786,0.0018660222998934358,6.172402152328831,0.025,0.0,-0.03,0.0,1.0,0.0,0.01
57,1.8999963211570638,55,0.048746316509472025,0.0,-0.0240929293469646,0.0059070706530354004,0.0040929293469646,8.1858586939292,0.004621617964135155,0.0011432237047329342,4.91151521635752,0.025,0.0,-0.03,0.0,1.0,0.0,0.01
57,1.8999963211570638,56,0.04941275621488564,0.0,-0.023038211586219968,0.006961788413780031,0.003038211586219969,6.076423172439938,0.005307881607552814,0.0008707443743936992,3.6458539034639625,0.025,0.0,-0.03,0.0,1.0,0.0,0.01
57,1.8999963211570638,57,0.05007512890141416,0.0,-0.021980923096266737,0.008019076903733262,0.0019809230962667384,3.9618461925334767,0.005238342544615362,0.00010840562377636905,2.377107715520086,0.025,0.0,-0.03,0.0,1.0,0.0,0.01
57,1.8999963211570638,58,0.05073560557141536,0.0,-0.0209224348626142,0.0090775651373858,0.0009224348626142003,1.8448697252284005,0.005963748420716771,0.0001425953743243553,1.1069218351370402,0.025,0.0,-0.03,0.0,1.0,0.0,0.01
58,1.933329589949293,37,0.040009492717937585,0.0,-0.02013468860310787,0.009865311396892128,0.0001346886031078718,0.26937720621574357,0.0013156054524649265,0.0018358423871845083,0.16162632372944613,0.025,0.0,-0.03,0.0,1.0,0.0,0.01
58,1.933329589949293,38,0.040311221484469605,0.0,-0.021344681091056562,0.008655318908943437,0.0013446810910565637,2.6893621821131273,0.0012229558015018028,0.002216645730216359,1.6136173092678763,0.025,0.0,-0.03,0.0,1.0,0.0,0.01
58,1.933329589949293,39,0.04061079762935295,0.0,-0.02255520547026726,0.007444794529732738,0.0025552054702672623,5.110410940534525,0.0014801846962832715,0.0025083729702219436,3.0662465643207146,0.025,0.0,-0.03,0.0,1.0,0.0,0.01
58,1.933329589949293,40,0.040910393770973046,0.0,-0.023765732950503392,0.006234267049496606,0.003765732950503394,7.531465901006787,0.0013988782284873606,0.002887085227356363,4.518879540604072,0.025,0.0,-0.03,0.0,1.0,0.0,0.01
58,1.933329589949293,41,0.041212174176652044,0.0,-0.024975703105462786,0.005024296894537213,0.0049757031054627875,9.951406210925574,0.001635221437738816,0.0031845068854200226,5.970843726555344,0.025,0.0,-0.03,0.0,1.0,0.0,0.01
58,1.933329589949293,42,0.041518304500896684,0.0,-0.026184575471993245,0.003815424528006754,0.006184575471993246,12.369150943986492,0.0015863709305456684,0.0035556958226736772,7.421490566391895,0.025,0.0,-0.03,0.0,1.0,0.0,0.01
58,1.933329589949293,43,0.04183092941488126,0.0,-0.027391759279518774,0.0026082407204812245,0.007391759279518776,14.783518559037551,0.0017871438255541478,0.0038604021437170103,8.87011113542253,0.025,0.0,-0.03,0.0,1.0,0.0,0.01
58,1.933329589949293,44,0.04215218048404032,0.0,-0.028596658351396312,0.001403341648603687,0.008596658351396313,17.193316702792625,0.0017869544820771678,0.004218923766270577,10.315990021675574,0.025,0.0,-0.03,0.0,1.0,0.0,0.01
58,1.933329589949293,45,0.04248415575960644,0.0,-0.029798612162968596,0.0002013878370314033,0.009798612162968597,19.597224325937194,0.0019427926423229117,0.004532127534083668,11.758334595562316,0.025,0.0,-0.03,0.0,1.0,0.0,0.01
58,1.933329589949293,46,0.042828923791962,0.0,-0.03099692771473482,0.0009969277147348216,0.009003072285265179,18.006144570530356,-0.002001967189659242,0.00487373701449154,10.803686742318213,0.025,0.0,-0.03,0.0,1.0,0.0,0.01
58,1.933329589949293,47,0.043193975783293884,0.0,-0.032191210218600164,0.0021912102186001647,0.0078087897813998355,15.617579562799671,-0.0021078522990511366,0.005191123815769358,9.370547737679802,0.025,0.0,-0.03,0.0,1.0,0.0,0.01
58,1.933329589949293,48,0.043950203161736076,0.0,-0.03119935153551762,0.0011993515355176211,0.008800648464482379,17.601296928964757,-0.002494641540677317,0.004744246480702699,10.560778157378854,0.025,0.0,-0.03,0.0,1.0,0.0,0.01
58,1.933329589949293,49,0.04468653881127733,0.0,-0.030192551306424387,0.00019255130642438847,0.009807448693575612,19.614897387151224,-0.00278634479842398,0.004220019581625174,11.768938432290733,0.025,0.0,-0.03,0.0,1.0,0.0,0.01
58,1.933329589949293,50,0.0454046645779771,0.0,-0.0291726024719074,0.000827397528092598,0.009172602471907402,18.345204943814803,0.0032211111088363232,0.003798295691948906,11.00712296628888,0.025,0.0,-0.03,0.0,1.0,0.0,0.01
58,1.933329589949293,51,0.046106369025198914,0.0,-0.028141219933735764,0.0018587800662642345,0.008141219933735766,16.28243986747153,0.003435443650916966,0.0032179440594913575,9.769463920482918,0.025,0.0,-0.03,0.0,1.0,0.0,0.01
58,1.933329589949293,52,0.0467935418721679,0.0,-0.027100033980685282,0.002899966019314717,0.007100033980685283,14.200067961370566,0.003920655722005933,0.002822181579212375,8.52004077682234,0.025,0.0,-0.03,0.0,1.0,0.0,0.01
58,1.933329589949293,53,0.047468148390666334,0.0,-0.026050614204913784,0.003949385795086215,0.006050614204913785,12.10122840982757,0.004060293485887267,0.0021938332909913973,7.2607370458965415,0.025,0.0,-0.03,0.0,1.0,0.0,0.01
58,1.933329589949293,54,0.048132231801060764,0.0,-0.02499445440771035,0.005005545592289648,0.004994454407710352,9.988908815420704,0.004598396599023345,0.001824304767239032,5.993345289252422,0.025,0.0,-0.03,0.0,1.0,0.0,0.01
58,1.933329589949293,55,0.04878788203274013,0.0,-0.023933009857588193,0.006066990142411806,0.003933009857588194,7.866019715176389,0.004668119201417652,0.0011540811009153698,4.719611829105833,0.025,0.0,-0.03,0.0,1.0,0.0,0.01
58,1.933329589949293,56,0.04943724495934317,0.0,-0.022867674183005046,0.007132325816994953,0.0028676741830050475,5.735348366010095,0.005260600978189219,0.0008125567483690589,3.441209019606057,0.025,0.0,-0.03,0.0,1.0,0.0,0.01
58,1.933329589949293,57,0.05008248670235377,0.0,-0.021799827578016545,0.008200172421983454,0.0017998275780165465,3.599655156033093,0.005266572606997305,0.00010486096778957405,2.1597930936198555,0.025,0.0,-0.03,0.0,1.0,0.0,0.01
58,1.933329589949293,58,0.050725808129955675,0.0,-0.020730806795348937,0.009269193204651062,0.0007308067953489383,1.4616135906978764,0.005914114423125209,0.0002054708995098228,0.8769681544187259,0.025,0.0,-0.03,0.0,1.0,0.0,0.01
59,1.9666628587415222,37,0.040071651229722186,0.0,-0.020093405409118636,0.009906594590881362,9.34054091186378e-05,0.1868108182372756,0.0006586906098629192,0.002032905233941963,0.11208649094236536,0.025,0.0,-0.03,0.0,1.0,0.0,0.01
59,1.9666628587415222,38,0.04038458954767486,0.0,-0.02130052912409563,0.008699470875904367,0.001300529124095633,2.601058248191266,0.0019463796590539555,0.0020429116501771466,1.5606349489147595,0.025,0.0,-0.03,0.0,1.0,0.0,0.01
59,1.9666628587415222,39,0.04069540545314026,0.0,-0.022508200267064005,0.0074917997329359935,0.0025082002670640067,5.016400534128014,0.0008172480810033943,0.002711046555343367,3.0098403204768083,0.025,0.0,-0.03,0.0,1.0,0.0,0.01
59,1.9666628587415222,40,0.04100625533953333,0.0,-0.02371586850118542,0.006284131498814578,0.003715868501185422,7.431737002370844,0.002104630503199325,0.00272452539098574,4.459042201422506,0.025,0.0,-0.03,0.0,1.0,0.0,0.01
59,1.9666628587415222,41,0.04131928913279803,0.0,-0.02492295998223403,0.005077040017765967,0.004922959982234033,9.845919964468067,0.0010437793542422559,0.003376808526981785,5.90755197868084,0.025,0.0,-0.03,0.0,1.0,0.0,0.01
59,1.9666628587415222,42,0.04163665612850022,0.0,-0.026128912909161157,0.003871087090838842,0.006128912909161158,12.257825818322317,0.0022001270586425852,0.003420087401972449,7.3546954909933895,0.025,0.0,-0.03,0.0,1.0,0.0,0.01
59,1.9666628587415222,43,0.04196048625267759,0.0,-0.027333123013674177,0.0026668769863258217,0.0073331230136741785,14.666246027348357,0.0013362836700394477,0.0040263397702783145,8.799747616409014,0.025,0.0,-0.03,0.0,1.0,0.0,0.01
59,1.9666628587415222,44,0.042292894406361574,0.0,-0.028534974213181623,0.001465025786818376,0.008534974213181624,17.069948426363247,0.002246820114422662,0.004126254305391034,10.241969055817949,0.025,0.0,-0.03,0.0,1.0,0.0,0.01
59,1.9666628587415222,45,0.042635963120241,0.0,-0.029733792608862705,0.00026620739113729364,0.009733792608862707,19.467585217725414,0.001685447300127818,0.004654999894105411,11.680551130635248,0.025,0.0,-0.03,0.0,1.0,0.0,0.01
59,1.9666628587415222,46,0.0429917438561428,0.0,-0.0309288678475881,0.0009288678475881003,0.0090711321524119,18.1422643048238,-0.002265767648933718,0.004841988605092832,10.88535858289428,0.025,0.0,-0.03,0.0,1.0,0.0,0.01
59,1.9666628587415222,47,0.04336779643239356,0.0,-0.03211974444616179,0.002119744446161788,0.007880255553838212,15.760511107676425,-0.0020682212163063997,0.005235421974722921,9.456306664605854,0.025,0.0,-0.03,0.0,1.0,0.0,0.01
59,1.9666628587415222,48,0.04410821606824527,0.0,-0.031116013821158136,0.001116013821158137,0.008883986178841863,17.767972357683725,-0.0025824488058191785,0.004785342634913503,10.660783414610234,0.025,0.0,-0.03,0.0,1.0,0.0,0.01
59,1.9666628587415222,49,0.044828449460606816,0.0,-0.030097615335946005,9.761533594600594e-05,0.009902384664053994,19.804769328107987,-0.002837927986259385,0.00424266374604213,11.882861596864792,0.025,0.0,-0.03,0.0,1.0,0.0,0.01
59,1.9666628587415222,50,0.045530210903767784,0.0,-0.029066322314527986,0.0009336776854720133,0.009066322314527987,18.132644629055974,0.003227530032475634,0.003785519474576489,10.879586777433584,0.025,0.0,-0.03,0.0,1.0,0.0,0.01
59,1.9666628587415222,51,0.046215322047299,0.0,-0.028023825725442996,0.001976174274557003,0.008023825725442997,16.047651450885994,0.0035357966081155257,0.003269065448496306,9.628590870531596,0.025,0.0,-0.03,0.0,1.0,0.0,0.01
59,1.9666628587415222,52,0.04688570264699843,0.0,-0.02697173274912991,0.0030282672508700897,0.0069717327491299105,13.94346549825982,0.0038535061434824495,0.002758645658925357,8.366079298955892,0.025,0.0,-0.03,0.0,1.0,0.0,0.01
59,1.9666628587415222,53,0.047543350010545306,0.0,-0.025911584071651082,0.004088415928348917,0.005911584071651084,11.823168143302167,0.004199666348620217,0.002264376776995698,7.0939008859813,0.025,0.0,-0.03,0.0,1.0,0.0,0.01
59,1.9666628587415222,54,0.048190335188726036,0.0,-0.024844847881715003,0.005155152118284996,0.004844847881715004,9.689695763430008,0.004470273439115517,0.00172124633445979,5.813817458058004,0.025,0.0,-0.03,0.0,1.0,0.0,0.01
59,1.9666628587415222,55,0.048828779235823495,0.0,-0.02377294678396155,0.006227053216038447,0.003772946783961553,7.545893567923105,0.004829262960640798,0.0012323861171826705,4.527536140753863,0.025,0.0,-0.03,0.0,1.0,0.0,0.01
59,1.9666628587415222,56,0.04946085413489593,0.0,-0.022697247240876642,0.007302752759123357,0.002697247240876643,5.394494481753286,0.005091443680797129,0.0006828210652787168,3.2366966890519717,0.025,0.0,-0.03,0.0,1.0,0.0,0.01
59,1.9666628587415222,57,0.05008875655277887,0.0,-0.021619094270921735,0.008380905729078264,0.0016190942709217362,3.2381885418434724,0.005426136051889812,0.00017773225359728293,1.9429131251060834,0.025,0.0,-0.03,0.0,1.0,0.0,0.01
59,1.9666628587415222,58,0.05071471237660721,0.0,-0.020539796807490896,0.009460203192509103,0.0005397968074908974,1.0795936149817948,0.00572922995690637,0.0003478308794676597,0.6477561689890768,0.025,0.0,-0.03,0.0,1.0,0.0,0.01
60,1.9999961275337514,37,0.04013421085100929,0.0,-0.020051349076476165,0.009948650923523834,5.134907647616656e-05,0.10269815295233312,0.0006519095384837579,0.002059063534653255,0.06161889177139987,0.025,0.0,-0.03,0.0,1.0,0.0,0.01
60,1.9999961275337514,38,0.04045843102846346,0.0,-0.02125546924065327,0.008744530759346728,0.001255469240653272,2.510938481306544,0.0020228629564248484,0.0020379617991644404,1.5065630887839263,0.025,0.0,-0.03,0.0,1.0,0.0,0.01
60,1.9999961275337514,39,0.04078056136998461,0.0,-0.022460159647021114,0.007539840352978885,0.0024601596470211155,4.920319294042231,0.0007858260582352086,0.002750839881097863,2.952191576425338,0.025,0.0,-0.03,0.0,1.0,0.0,0.01
60,1.9999961275337514,40,0.04110273736801439,0.0,-0.023664833243168835,0.006335166756831163,0.0036648332431688368,7.329666486337674,0.0022122031027073203,0.0027176406126721117,4.397799891802604,0.025,0.0,-0.03,0.0,1.0,0.0,0.01
60,1.9999961275337514,41,0.04142709859119058,0.0,-0.024868917918937573,0.005131082081062426,0.004868917918937574,9.737835837875148,0.0010073813508434182,0.003424588965414769,5.842701502725088,0.025,0.0,-0.03,0.0,1.0,0.0,0.01
60,1.9999961275337514,42,0.04175577351243336,0.0,-0.026071816214337115,0.003928183785662884,0.0060718162143371165,12.143632428674232,0.0023184887945660497,0.0034168825177505824,7.286179457204539,0.025,0.0,-0.03,0.0,1.0,0.0,0.01
60,1.9999961275337514,43,0.042090880889590995,0.0,-0.027272923829587615,0.002727076170412384,0.007272923829587616,14.545847659175232,0.0013148900963142781,0.004076388176274611,8.727508595505139,0.025,0.0,-0.03,0.0,1.0,0.0,0.01
60,1.9999961275337514,44,0.042434515120649635,0.0,-0.02847159297554659,0.0015284070244534105,0.00847159297554659,16.94318595109318,0.00235729266993141,0.004132078454116041,10.165911570655908,0.025,0.0,-0.03,0.0,1.0,0.0,0.01
60,1.9999961275337514,45,0.04278874598434067,0.0,-0.029667146612100143,0.0003328533878998556,0.009667146612100145,19.33429322420029,0.00169558931167337,0.004702000063226336,11.600575934520174,0.025,0.0,-0.03,0.0,1.0,0.0,0.01
60,1.9999961275337514,46,0.04315560506850679,0.0,-0.030858849142280625,0.0008588491422806266,0.009141150857719374,18.28230171543875,-0.0023546342017296855,0.0048614327154659085,10.969381029263248,0.025,0.0,-0.03,0.0,1.0,0.0,0.01
60,1.9999961275337514,47,0.04354272207402892,0.0,-0.032046188120038795,0.0020461881200387957,0.007953811879961204,15.907623759922409,-0.0021191154525948587,0.005273194417340948,9.544574255953444,0.025,0.0,-0.03,0.0,1.0,0.0,0.01
60,1.9999961275337514,48,0.04426710348328478,0.0,-0.031030805678995143,0.001030805678995144,0.008969194321004856,17.938388642009713,-0.0026394391869228474,0.0048099697508308895,10.763033185205828,0.025,0.0,-0.03,0.0,1.0,0.0,0.01
60,1.9999961275337514,49,0.04497100761735327,0.0,-0.030001036047801206,1.0360478012068361e-06,0.009998963952198793,19.997927904397585,-0.0028964631921087427,0.004269216203319957,11.99875674263855,0.025,0.0,-0.03,0.0,1.0,0.0,0.01
60,1.9999961275337514,50,0.04565618073724938,0.0,-0.028958632300724048,0.001041367699275951,0.00895863230072405,17.9172646014481,0.0032536934234980307,0.003786652764114126,10.75035876086886,0.025,0.0,-0.03,0.0,1.0,0.0,0.01
60,1.9999961275337514,51,0.046324478066239225,0.0,-0.02790525960828988,0.0020947403917101204,0.00790525960828988,15.81051921657976,0.0035965852184239033,0.0032916116493810553,9.486311529947855,0.025,0.0,-0.03,0.0,1.0,0.0,0.01
60,1.9999961275337514,52,0.04697784782132262,0.0,-0.026842503459145507,0.0031574965408544924,0.006842503459145508,13.685006918291016,0.003849691676712531,0.0027384243464645417,8.21100415097461,0.025,0.0,-0.03,0.0,1.0,0.0,0.01
60,1.9999961275337514,53,0.04761832081592486,0.0,-0.025771871908546976,0.004228128091453023,0.005771871908546977,11.543743817093954,0.004259381901494392,0.0022806803105127824,6.926246290256373,0.025,0.0,-0.03,0.0,1.0,0.0,0.01
60,1.9999961275337514,54,0.048247993294284676,0.0,-0.02469481072991291,0.00530518927008709,0.00469481072991291,9.38962145982582,0.00444019985548154,0.0016827781606674826,5.633772875895492,0.025,0.0,-0.03,0.0,1.0,0.0,0.01
60,1.9999961275337514,55,0.04886901969564847,0.0,-0.0236127045281312,0.006387295471868799,0.0036127045281312015,7.225409056262403,0.004882047070394277,0.001239585742821146,4.335245433757441,0.025,0.0,-0.03,0.0,1.0,0.0,0.01
60,1.9999961275337514,56,0.04948359469047652,0.0,-0.022526897242828536,0.007473102757171463,0.002526897242828537,5.053794485657074,0.005041424326441074,0.0006296611764561002,3.032276691394244,0.025,0.0,-0.03,0.0,1.0,0.0,0.01
60,1.9999961275337514,57,0.05009394830032618,0.0,-0.021438692188478065,0.008561307811521934,0.0014386921884780666,2.877384376956133,0.005464150223611408,0.0001723611091531168,1.72643062617368,0.025,0.0,-0.03,0.0,1.0,0.0,0.01
60,1.9999961275337514,58,0.05070232752834285,0.0,-0.02034937606308496,0.00965062393691504,0.00034937606308496107,0.6987521261699221,0.005667520208630527,0.0004117638007697804,0.41925127570195325,0.025,0.0,-0.03,0.0,1.0,0.0,0.01
