frame_idx,time,node_idx,node_x,node_y,node_z,radial_dist,overlap,normal_force,normal_velocity,tangential_speed,friction_force,cyl_center_x,cyl_center_y,cyl_center_z,cyl_axis_x,cyl_axis_y,cyl_axis_z,cyl_radius
0,0.0,0,0.0,0.0,-0.02,0.009999999999999998,1.734723475976807e-18,3.469446951953614e-15,0.0,0.0,2.0816681711721685e-15,0.025,0.0,-0.03,0.0,1.0,0.0,0.01
0,0.0,1,0.00125,0.0,-0.02,0.009999999999999998,1.734723475976807e-18,3.469446951953614e-15,0.0,0.0,2.0816681711721685e-15,0.025,0.0,-0.03,0.0,1.0,0.0,0.01
0,0.0,2,0.0025,0.0,-0.02,0.009999999999999998,1.734723475976807e-18,3.469446951953614e-15,0.0,0.0,2.0816681711721685e-15,0.025,0.0,-0.03,0.0,1.0,0.0,0.01
0,0.0,3,0.00375,0.0,-0.02,0.009999999999999998,1.734723475976807e-18,3.469446951953614e-15,0.0,0.0,2.0816681711721685e-15,0.025,0.0,-0.03,0.0,1.0,0.0,0.01
0,0.0,4,0.005,0.0,-0.02,0.009999999999999998,1.734723475976807e-18,3.469446951953614e-15,0.0,0.0,2.0816681711721685e-15,0.025,0.0,-0.03,0.0,1.0,0.0,0.01
0,0.0,5,0.00625,0.0,-0.02,0.009999999999999998,1.734723475976807e-18,3.469446951953614e-15,0.0,0.0,2.0816681711721685e-15,0.025,0.0,-0.03,0.0,1.0,0.0,0.01
0,0.0,6,0.0075,0.0,-0.02,0.009999999999999998,1.734723475976807e-18,3.469446951953614e-15,0.0,0.0,2.0816681711721685e-15,0.025,0.0,-0.03,0.0,1.0,0.0,0.01
0,0.0,7,0.00875,0.0,-0.02,0.009999999999999998,1.734723475976807e-18,3.469446951953614e-15,0.0,0.0,2.0816681711721685e-15,0.025,0.0,-0.03,0.0,1.0,0.0,0.01
0,0.0,8,0.01,0.0,-0.02,0.009999999999999998,1.734723475976807e-18,3.469446951953614e-15,0.0,0.0,2.0816681711721685e-15,0.025,0.0,-0.03,0.0,1.0,0.0,0.01
0,0.0,9,0.01125,0.0,-0.02,0.009999999999999998,1.734723475976807e-18,3.469446951953614e-15,0.0,0.0,2.0816681711721685e-15,0.025,0.0,-0.03,0.0,1.0,0.0,0.01
0,0.0,10,0.0125,0.0,-0.02,0.009999999999999998,1.734723475976807e-18,3.469446951953614e-15,0.0,0.0,2.0816681711721685e-15,0.025,0.0,-0.03,0.0,1.0,0.0,0.01
0,0.0,11,0.01375,0.0,-0.02,0.009999999999999998,1.734723475976807e-18,3.469446951953614e-15,0.0,0.0,2.0816681711721685e-15,0.025,0.0,-0.03,0.0,1.0,0.0,0.01
0,0.0,12,0.015,0.0,-0.02,0.009999999999999998,1.734723475976807e-18,3.469446951953614e-15,0.0,0.0,2.0816681711721685e-15,0.025,0.0,-0.03,0.0,1.0,0.0,0.01
0,0.0,13,0.01625,0.0,-0.02,0.009999999999999998,1.734723475976807e-18,3.469446951953614e-15,0.0,0.0,2.0816681711721685e-15,0.025,0.0,-0.03,0.0,1.0,0.0,0.01
0,0.0,14,0.0175,0.0,-0.02,0.009999999999999998,1.734723475976807e-18,3.469446951953614e-15,0.0,0.0,2.0816681711721685e-15,0.025,0.0,-0.03,0.0,1.0,0.0,0.01
0,0.0,15,0.01875,0.0,-0.02,0.009999999999999998,1.734723475976807e-18,3.469446951953614e-15,0.0,0.0,2.0816681711721685e-15,0.025,0.0,-0.03,0.0,1.0,0.0,0.01
0,0.0,16,0.02,0.0,-0.02,0.009999999999999998,1.734723475976807e-18,3.469446951953614e-15,0.0,0.0,2.0816681711721685e-15,0.025,0.0,-0.03,0.0,1.0,0.0,0.01
0,0.0,17,0.02125,0.0,-0.02,0.009999999999999998,1.734723475976807e-18,3.469446951953614e-15,0.0,0.0,2.0816681711721685e-15,0.025,0.0,-0.03,0.0,1.0,0.0,0.01
0,0.0,18,0.0225,0.0,-0.02,0.009999999999999998,1.734723475976807e-18,3.469446951953614e-15,0.0,0.0,2.0816681711721685e-15,0.025,0.0,-0.03,0.0,1.0,0.0,0.01
0,0.0,19,0.02375,0.0,-0.02,0.009999999999999998,1.734723475976807e-18,3.469446951953614e-15,0.0,0.0,2.0816681711721685e-15,0.025,0.0,-0.03,0.0,1.0,0.0,0.01
0,0.0,20,0.025,0.0,-0.02,0.009999999999999998,1.734723475976807e-18,3.469446951953614e-15,0.0,0.0,2.0816681711721685e-15,0.025,0.0,-0.03,0.0,1.0,0.0,0.01
0,0.0,21,0.02625,0.0,-0.02,0.009999999999999998,1.734723475976807e-18,3.469446951953614e-15,0.0,0.0,2.0816681711721685e-15,0.025,0.0,-0.03,0.0,1.0,0.0,0.01
0,0.0,22,0.0275,0.0,-0.02,0.009999999999999998,1.734723475976807e-18,3.469446951953614e-15,0.0,0.0,2.0816681711721685e-15,0.025,0.0,-0.03,0.0,1.0,0.0,0.01
0,0.0,23,0.02875,0.0,-0.02,0.009999999999999998,1.734723475976807e-18,3.469446951953614e-15,0.0,0.0,2.0816681711721685e-15,0.025,0.0,-0.03,0.0,1.0,0.0,0.01
0,0.0,24,0.03,0.0,-0.02,0.009999999999999998,1.734723475976807e-18,3.469446951953614e-15,0.0,0.0,2.0816681711721685e-15,0.025,0.0,-0.03,0.0,1.0,0.0,0.01
0,0.0,25,0.03125,0.0,-0.02,0.009999999999999998,1.734723475976807e-18,3.469446951953614e-15,0.0,0.0,2.0816681711721685e-15,0.025,0.0,-0.03,0.0,1.0,0.0,0.01
0,0.0,26,0.0325,0.0,-0.02,0.009999999999999998,1.734723475976807e-18,3.469446951953614e-15,0.0,0.0,2.0816681711721685e-15,0.025,0.0,-0.03,0.0,1.0,0.0,0.01
0,0.0,27,0.03375,0.0,-0.02,0.009999999999999998,1.734723475976807e-18,3.469446951953614e-15,0.0,0.0,2.0816681711721685e-15,0.025,0.0,-0.03,0.0,1.0,0.0,0.01
0,0.0,28,0.035,0.0,-0.02,0.009999999999999998,1.734723475976807e-18,3.469446951953614e-15,0.0,0.0,2.0816681711721685e-15,0.025,0.0,-0.03,0.0,1.0,0.0,0.01
0,0.0,29,0.03625,0.0,-0.02,0.009999999999999998,1.734723475976807e-18,3.469446951953614e-15,0.0,0.0,2.0816681711721685e-15,0.025,0.0,-0.03,0.0,1.0,0.0,0.01
0,0.0,30,0.0375,0.0,-0.02,0.009999999999999998,1.734723475976807e-18,3.469446951953614e-15,0.0,0.0,2.0816681711721685e-15,0.025,0.0,-0.03,0.0,1.0,0.0,0.01
0,0.0,31,0.03875,0.0,-0.02,0.009999999999999998,1.734723475976807e-18,3.469446951953614e-15,0.0,0.0,2.0816681711721685e-15,0.025,0.0,-0.03,0.0,1.0,0.0,0.01
0,0.0,32,0.04,0.0,-0.02,0.009999999999999998,1.734723475976807e-18,3.469446951953614e-15,0.0,0.0,2.0816681711721685e-15,0.025,0.0,-0.03,0.0,1.0,0.0,0.01
0,0.0,33,0.04125,0.0,-0.02,0.009999999999999998,1.734723475976807e-18,3.469446951953614e-15,0.0,0.0,2.0816681711721685e-15,0.025,0.0,-0.03,0.0,1.0,0.0,0.01
0,0.0,34,0.0425,0.0,-0.02,0.009999999999999998,1.734723475976807e-18,3.469446951953614e-15,0.0,0.0,2.0816681711721685e-15,0.025,0.0,-0.03,0.0,1.0,0.0,0.01
0,0.0,35,0.043750000000000004,0.0,-0.02,0.009999999999999998,1.734723475976807e-18,3.469446951953614e-15,0.0,0.0,2.0816681711721685e-15,0.025,0.0,-0.03,0.0,1.0,0.0,0.01
0,0.0,36,0.045,0.0,-0.02,0.009999999999999998,1.734723475976807e-18,3.469446951953614e-15,0.0,0.0,2.0816681711721685e-15,0.025,0.0,-0.03,0.0,1.0,0.0,0.01
0,0.0,37,0.04625,0.0,-0.02,0.009999999999999998,1.734723475976807e-18,3.469446951953614e-15,0.0,0.0,2.0816681711721685e-15,0.025,0.0,-0.03,0.0,1.0,0.0,0.01
0,0.0,38,0.0475,0.0,-0.02,0.009999999999999998,1.734723475976807e-18,3.469446951953614e-15,0.0,0.0,2.0816681711721685e-15,0.025,0.0,-0.03,0.0,1.0,0.0,0.01
0,0.0,39,0.04875,0.0,-0.02,0.009999999999999998,1.734723475976807e-18,3.469446951953614e-15,0.0,0.0,2.0816681711721685e-15,0.025,0.0,-0.03,0.0,1.0,0.0,0.01
0,0.0,40,0.05,0.0,-0.02,0.009999999999999998,1.734723475976807e-18,3.469446951953614e-15,0.0,0.0,2.0816681711721685e-15,0.025,0.0,-0.03,0.0,1.0,0.0,0.01
0,0.0,41,0.051250000000000004,0.0,-0.02,0.009999999999999998,1.734723475976807e-18,3.469446951953614e-15,0.0,0.0,2.0816681711721685e-15,0.025,0.0,-0.03,0.0,1.0,0.0,0.01
0,0.0,42,0.0525,0.0,-0.02,0.009999999999999998,1.734723475976807e-18,3.469446951953614e-15,0.0,0.0,2.0816681711721685e-15,0.025,0.0,-0.03,0.0,1.0,0.0,0.01
0,0.0,43,0.05375,0.0,-0.02,0.009999999999999998,1.734723475976807e-18,3.469446951953614e-15,0.0,0.0,2.0816681711721685e-15,0.025,0.0,-0.03,0.0,1.0,0.0,0.01
0,0.0,44,0.055,0.0,-0.02,0.009999999999999998,1.734723475976807e-18,3.469446951953614e-15,0.0,0.0,2.0816681711721685e-15,0.025,0.0,-0.03,0.0,1.0,0.0,0.01
0,0.0,45,0.05625,0.0,-0.02,0.009999999999999998,1.734723475976807e-18,3.469446951953614e-15,0.0,0.0,2.0816681711721685e-15,0.025,0.0,-0.03,0.0,1.0,0.0,0.01
0,0.0,46,0.0575,0.0,-0.02,0.009999999999999998,1.734723475976807e-18,3.469446951953614e-15,0.0,0.0,2.0816681711721685e-15,0.025,0.0,-0.03,0.0,1.0,0.0,0.01
0,0.0,47,0.058750000000000004,0.0,-0.02,0.009999999999999998,1.734723475976807e-18,3.469446951953614e-15,0.0,0.0,2.0816681711721685e-15,0.025,0.0,-0.03,0.0,1.0,0.0,0.01
0,0.0,48,0.06,0.0,-0.02,0.009999999999999998,1.734723475976807e-18,3.469446951953614e-15,0.0,0.0,2.0816681711721685e-15,0.025,0.0,-0.03,0.0,1.0,0.0,0.01
0,0.0,49,0.06125,0.0,-0.02,0.009999999999999998,1.734723475976807e-18,3.469446951953614e-15,0.0,0.0,2.0816681711721685e-15,0.025,0.0,-0.03,0.0,1.0,0.0,0.01
0,0.0,50,0.0625,0.0,-0.02,0.009999999999999998,1.734723475976807e-18,3.469446951953614e-15,0.0,0.0,2.0816681711721685e-15,0.025,0.0,-0.03,0.0,1.0,0.0,0.01
0,0.0,51,0.06375,0.0,-0.02,0.009999999999999998,1.734723475976807e-18,3.469446951953614e-15,0.0,0.0,2.0816681711721685e-15,0.025,0.0,-0.03,0.0,1.0,0.0,0.01
0,0.0,52,0.065,0.0,-0.02,0.009999999999999998,1.734723475976807e-18,3.469446951953614e-15,0.0,0.0,2.0816681711721685e-15,0.025,0.0,-0.03,0.0,1.0,0.0,0.01
0,0.0,53,0.06625,0.0,-0.02,0.009999999999999998,1.734723475976807e-18,3.469446951953614e-15,0.0,0.0,2.0816681711721685e-15,0.025,0.0,-0.03,0.0,1.0,0.0,0.01
0,0.0,54,0.0675,0.0,-0.02,0.009999999999999998,1.734723475976807e-18,3.469446951953614e-15,0.0,0.0,2.0816681711721685e-15,0.025,0.0,-0.03,0.0,1.0,0.0,0.01
0,0.0,55,0.06875,0.0,-0.02,0.009999999999999998,1.734723475976807e-18,3.469446951953614e-15,0.0,0.0,2.0816681711721685e-15,0.025,0.0,-0.03,0.0,1.0,0.0,0.01
0,0.0,56,0.07,0.0,-0.02,0.009999999999999998,1.734723475976807e-18,3.469446951953614e-15,0.0,0.0,2.0816681711721685e-15,0.025,0.0,-0.03,0.0,1.0,0.0,0.01
0,0.0,57,0.07125000000000001,0.0,-0.02,0.009999999999999998,1.734723475976807e-18,3.469446951953614e-15,0.0,0.0,2.0816681711721685e-15,0.025,0.0,-0.03,0.0,1.0,0.0,0.01
0,0.0,58,0.0725,0.0,-0.02,0.009999999999999998,1.734723475976807e-18,3.469446951953614e-15,0.0,0.0,2.0816681711721685e-15,0.025,0.0,-0.03,0.0,1.0,0.0,0.01
0,0.0,59,0.07375,0.0,-0.02,0.009999999999999998,1.734723475976807e-18,3.469446951953614e-15,0.0,0.0,2.0816681711721685e-15,0.025,0.0,-0.03,0.0,1.0,0.0,0.01
0,0.0,60,0.075,0.0,-0.02,0.009999999999999998,1.734723475976807e-18,3.469446951953614e-15,0.0,0.0,2.0816681711721685e-15,0.025,0.0,-0.03,0.0,1.0,0.0,0.01
0,0.0,61,0.07625,0.0,-0.02,0.009999999999999998,1.734723475976807e-18,3.469446951953614e-15,0.0,0.0,2.0816681711721685e-15,0.025,0.0,-0.03,0.0,1.0,0.0,0.01
0,0.0,62,0.0775,0.0,-0.02,0.009999999999999998,1.734723475976807e-18,3.469446951953614e-15,0.0,0.0,2.0816681711721685e-15,0.025,0.0,-0.03,0.0,1.0,0.0,0.01
0,0.0,63,0.07875,0.0,-0.02,0.009999999999999998,1.734723475976807e-18,3.469446951953614e-15,0.0,0.0,2.0816681711721685e-15,0.025,0.0,-0.03,0.0,1.0,0.0,0.01
0,0.0,64,0.08,0.0,-0.02,0.009999999999999998,1.734723475976807e-18,3.469446951953614e-15,0.0,0.0,2.0816681711721685e-15,0.025,0.0,-0.03,0.0,1.0,0.0,0.01
0,0.0,65,0.08125,0.0,-0.02,0.009999999999999998,1.734723475976807e-18,3.469446951953614e-15,0.0,0.0,2.0816681711721685e-15,0.025,0.0,-0.03,0.0,1.0,0.0,0.01
0,0.0,66,0.0825,0.0,-0.02,0.009999999999999998,1.734723475976807e-18,3.469446951953614e-15,0.0,0.0,2.0816681711721685e-15,0.025,0.0,-0.03,0.0,1.0,0.0,0.01
0,0.0,67,0.08375,0.0,-0.02,0.009999999999999998,1.734723475976807e-18,3.469446951953614e-15,0.0,0.0,2.0816681711721685e-15,0.025,0.0,-0.03,0.0,1.0,0.0,0.01
0,0.0,68,0.085,0.0,-0.02,0.009999999999999998,1.734723475976807e-18,3.469446951953614e-15,0.0,0.0,2.0816681711721685e-15,0.025,0.0,-0.03,0.0,1.0,0.0,0.01
0,0.0,69,0.08625000000000001,0.0,-0.02,0.009999999999999998,1.734723475976807e-18,3.469446951953614e-15,0.0,0.0,2.0816681711721685e-15,0.025,0.0,-0.03,0.0,1.0,0.0,0.01
0,0.0,70,0.08750000000000001,0.0,-0.02,0.009999999999999998,1.734723475976807e-18,3.469446951953614e-15,0.0,0.0,2.0816681711721685e-15,0.025,0.0,-0.03,0.0,1.0,0.0,0.01
0,0.0,71,0.08875,0.0,-0.02,0.009999999999999998,1.734723475976807e-18,3.469446951953614e-15,0.0,0.0,2.0816681711721685e-15,0.025,0.0,-0.03,0.0,1.0,0.0,0.01
0,0.0,72,0.09,0.0,-0.02,0.009999999999999998,1.734723475976807e-18,3.469446951953614e-15,0.0,0.0,2.0816681711721685e-15,0.025,0.0,-0.03,0.0,1.0,0.0,0.01
0,0.0,73,0.09125,0.0,-0.02,0.009999999999999998,1.734723475976807e-18,3.469446951953614e-15,0.0,0.0,2.0816681711721685e-15,0.025,0.0,-0.03,0.0,1.0,0.0,0.01
0,0.0,74,0.0925,0.0,-0.02,0.009999999999999998,1.734723475976807e-18,3.469446951953614e-15,0.0,0.0,2.0816681711721685e-15,0.025,0.0,-0.03,0.0,1.0,0.0,0.01
0,0.0,75,0.09375,0.0,-0.02,0.009999999999999998,1.734723475976807e-18,3.469446951953614e-15,0.0,0.0,2.0816681711721685e-15,0.025,0.0,-0.03,0.0,1.0,0.0,0.01
0,0.0,76,0.095,0.0,-0.02,0.009999999999999998,1.734723475976807e-18,3.469446951953614e-15,0.0,0.0,2.0816681711721685e-15,0.025,0.0,-0.03,0.0,1.0,0.0,0.01
0,0.0,77,0.09625,0.0,-0.02,0.009999999999999998,1.734723475976807e-18,3.469446951953614e-15,0.0,0.0,2.0816681711721685e-15,0.025,0.0,-0.03,0.0,1.0,0.0,0.01
0,0.0,78,0.0975,0.0,-0.02,0.009999999999999998,1.734723475976807e-18,3.469446951953614e-15,0.0,0.0,2.0816681711721685e-15,0.025,0.0,-0.03,0.0,1.0,0.0,0.01
0,0.0,79,0.09875,0.0,-0.02,0.009999999999999998,1.734723475976807e-18,3.469446951953614e-15,0.0,0.0,2.0816681711721685e-15,0.025,0.0,-0.03,0.0,1.0,0.0,0.01
0,0.0,80,0.1,0.0,-0.02,0.009999999999999998,1.734723475976807e-18,3.469446951953614e-15,0.0,0.0,2.0816681711721685e-15,0.025,0.0,-0.03,0.0,1.0,0.0,0.01
1,0.033332683012502744,0,0.0,0.0,-0.02,0.009999999999999998,1.734723475976807e-18,3.469446951953614e-15,0.0,0.0,2.0816681711721685e-15,0.025,0.0,-0.03,0.0,1.0,0.0,0.01
2,0.06666536602500549,0,0.0,0.0,-0.02,0.009999999999999998,1.734723475976807e-18,3.469446951953614e-15,0.0,0.0,2.0816681711721685e-15,0.025,0.0,-0.03,0.0,1.0,0.0,0.01
2,0.06666536602500549,39,0.046079681103775146,0.0,-0.020148226636246557,0.009851773363753442,0.00014822663624655848,0.2964532724931169,-0.1736174054813807,0.1413290893442911,0.17787196349587014,0.025,0.0,-0.03,0.0,1.0,0.0,0.01
2,0.06666536602500549,40,0.047074621520953264,0.0,-0.020896194525793263,0.009103805474206736,0.0008961945257932643,1.7923890515865286,-0.20164362858878568,0.15269898600263798,1.0754334309519171,0.025,0.0,-0.03,0.0,1.0,0.0,0.01
2,0.06666536602500549,41,0.04807045807240876,0.0,-0.02164303147913049,0.00835696852086951,0.0016430314791304901,3.28606295826098,-0.22107050980893578,0.175810005172694,1.971637774956588,0.025,0.0,-0.03,0.0,1.0,0.0,0.01
2,0.06666536602500549,42,0.04906789546088731,0.0,-0.02238762666334229,0.007612373336657707,0.002387626663342293,4.775253326684585,-0.24808922687268406,0.1885251222883997,2.865151996010751,0.025,0.0,-0.03,0.0,1.0,0.0,0.01
2,0.06666536602500549,43,0.0500678008446797,0.0,-0.023128997504693636,0.006871002495306363,0.0031289975046936373,6.257995009387274,-0.26873515858208996,0.2099217627276074,3.7547970056323643,0.025,0.0,-0.03,0.0,1.0,0.0,0.01
2,0.06666536602500549,44,0.05107081614901951,0.0,-0.023866011221050122,0.006133988778949877,0.0038660112210501234,7.732022442100247,-0.29457810829164705,0.2239965870169999,4.6392134652601476,0.025,0.0,-0.03,0.0,1.0,0.0,0.01
2,0.06666536602500549,45,0.052077795014563014,0.0,-0.02459770496718975,0.005402295032810249,0.004597704967189751,9.195409934379503,-0.3164364668181151,0.2434605117204238,5.517245960627702,0.025,0.0,-0.03,0.0,1.0,0.0,0.01
2,0.06666536602500549,46,0.053089317025258764,0.0,-0.025322942389310727,0.004677057610689272,0.005322942389310728,10.645884778621458,-0.34113742861950463,0.2586445432711842,6.387530867172875,0.025,0.0,-0.03,0.0,1.0,0.0,0.01
2,0.06666536602500549,47,0.054105732071562454,0.0,-0.026041168046421377,0.003958831953578622,0.006041168046421378,12.082336092842757,-0.36400177795564287,0.27617882654930975,7.249401655705654,0.025,0.0,-0.03,0.0,1.0,0.0,0.01
2,0.06666536602500549,48,0.05534582204323914,0.0,-0.025939238924497413,0.004060761075502586,0.005939238924497414,11.878477848994828,-0.3541793326008081,0.2764993729899054,7.127086709396897,0.025,0.0,-0.03,0.0,1.0,0.0,0.01
2,0.06666536602500549,49,0.05658535380363322,0.0,-0.025829658160863005,0.0041703418391369936,0.005829658160863007,11.659316321726013,-0.3438080994384689,0.27748117076467627,6.995589793035608,0.025,0.0,-0.03,0.0,1.0,0.0,0.01
2,0.06666536602500549,50,0.05782419137892652,0.0,-0.025713442638240352,0.004286557361759646,0.005713442638240354,11.426885276480707,-0.3331799385147504,0.27861845992671397,6.856131165888424,0.025,0.0,-0.03,0.0,1.0,0.0,0.01
2,0.06666536602500549,51,0.05906260464647388,0.0,-0.02559159815299845,0.004408401847001548,0.005591598152998452,11.183196305996905,-0.32224078989454885,0.27936974889670874,6.709917783598143,0.025,0.0,-0.03,0.0,1.0,0.0,0.01
2,0.06666536602500549,52,0.060300448894577814,0.0,-0.025465179587775822,0.004534820412224177,0.005465179587775823,10.930359175551647,-0.31114560747740894,0.2807866352092807,6.558215505330988,0.025,0.0,-0.03,0.0,1.0,0.0,0.01
2,0.06666536602500549,53,0.06153805024891107,0.0,-0.025335208245402113,0.004664791754597886,0.0053352082454021146,10.670416490804229,-0.2998157373175071,0.2817369997658082,6.402249894482537,0.025,0.0,-0.03,0.0,1.0,0.0,0.01
2,0.06666536602500549,54,0.06277526972992324,0.0,-0.025202758061615302,0.004797241938384697,0.005202758061615303,10.405516123230607,-0.2883794014287685,0.28294798101951163,6.243309673938364,0.025,0.0,-0.03,0.0,1.0,0.0,0.01
2,0.06666536602500549,55,0.06401245572703335,0.0,-0.02506886024448618,0.004931139755513819,0.005068860244486181,10.137720488972361,-0.276866129429857,0.2844351747458345,6.0826322933834165,0.025,0.0,-0.03,0.0,1.0,0.0,0.01
2,0.06666536602500549,56,0.06524948349037696,0.0,-0.024934596326369282,0.005065403673630717,0.0049345963263692835,9.869192652738567,-0.26521847310653796,0.28504194976013403,5.92151559164314,0.025,0.0,-0.03,0.0,1.0,0.0,0.01
2,0.06666536602500549,57,0.06648669576757248,0.0,-0.024801001109665915,0.005198998890334084,0.004801001109665916,9.602002219331832,-0.2537210397979127,0.28731597551451676,5.761201331599099,0.025,0.0,-0.03,0.0,1.0,0.0,0.01
2,0.06666536602500549,58,0.06772398302785068,0.0,-0.024669153042415924,0.005330846957584075,0.0046691530424159255,9.338306084831851,-0.2420037225234459,0.2869736798558359,5.602983650899111,0.025,0.0,-0.03,0.0,1.0,0.0,0.01
2,0.06666536602500549,59,0.06896166092035129,0.0,-0.02454008362644138,0.00545991637355862,0.00454008362644138,9.08016725288276,-0.23071179312711734,0.2902659125813813,5.448100351729655,0.025,0.0,-0.03,0.0,1.0,0.0,0.01
2,0.06666536602500549,60,0.07019963066306119,0.0,-0.024414858235000024,0.005585141764999975,0.004414858235000025,8.82971647000005,-0.21907606568403096,0.28860829632419954,5.2978298820000305,0.025,0.0,-0.03,0.0,1.0,0.0,0.01
2,0.06666536602500549,61,0.07143816361919837,0.0,-0.02429449745935287,0.005705502540647129,0.004294497459352871,8.588994918705742,-0.20816884278437117,0.29321351777415594,5.153396951223445,0.025,0.0,-0.03,0.0,1.0,0.0,0.01
2,0.06666536602500549,62,0.07267716566203672,0.0,-0.02418004386336822,0.00581995613663178,0.00418004386336822,8.36008772673644,-0.19679216306473304,0.28979097092893263,5.016052636041864,0.025,0.0,-0.03,0.0,1.0,0.0,0.01
2,0.06666536602500549,63,0.0739168478411213,0.0,-0.024072499687903422,0.0059275003120965765,0.004072499687903424,8.144999375806847,-0.18627446799071246,0.2961262996294184,4.886999625484108,0.025,0.0,-0.03,0.0,1.0,0.0,0.01
2,0.06666536602500549,64,0.07516065496146271,0.0,-0.024094082585454344,0.005905917414545655,0.004094082585454345,8.188165170908691,-0.18351138598286795,0.28949008076532196,4.9128991025452144,0.025,0.0,-0.03,0.0,1.0,0.0,0.01
2,0.06666536602500549,65,0.07640449153883275,0.0,-0.024116836666514013,0.005883163333485986,0.004116836666514015,8.23367333302803,-0.18072058150829926,0.297335513101882,4.940203999816817,0.025,0.0,-0.03,0.0,1.0,0.0,0.01
2,0.06666536602500549,66,0.07764826804295834,0.0,-0.024140677561704668,0.005859322438295331,0.0041406775617046695,8.28135512340934,-0.17830381934135553,0.2879534300064109,4.968813074045603,0.025,0.0,-0.03,0.0,1.0,0.0,0.01
2,0.06666536602500549,67,0.07889204817847965,0.0,-0.024165520702733232,0.005834479297266767,0.004165520702733233,8.331041405466467,-0.17555957714573445,0.29879140449557207,4.99862484327988,0.025,0.0,-0.03,0.0,1.0,0.0,0.01
2,0.06666536602500549,68,0.08013580107775925,0.0,-0.024191278288835858,0.005808721711164141,0.004191278288835859,8.38255657767172,-0.1733470009670591,0.2861873825963501,5.029533946603031,0.025,0.0,-0.03,0.0,1.0,0.0,0.01
2,0.06666536602500549,69,0.08137952469307379,0.0,-0.024217861612689687,0.0057821383873103115,0.004217861612689689,8.435723225379377,-0.1706270498069031,0.3004336326466072,5.061433935227626,0.025,0.0,-0.03,0.0,1.0,0.0,0.01
2,0.06666536602500549,70,0.08262326271627544,0.0,-0.024245181776525716,0.005754818223474283,0.004245181776525718,8.490363553051436,-0.1686072015643023,0.2842841239568774,5.0942181318308615,0.025,0.0,-0.03,0.0,1.0,0.0,0.01
2,0.06666536602500549,71,0.08386693215816296,0.0,-0.02427314607517743,0.00572685392482257,0.0042731460751774305,8.54629215035486,-0.16588008025938328,0.30213971067585926,5.127775290212916,0.025,0.0,-0.03,0.0,1.0,0.0,0.01
2,0.06666536602500549,72,0.08511066417198618,0.0,-0.024301665730853537,0.005698334269146461,0.004301665730853539,8.603331461707077,-0.1640339562523598,0.2824012797883474,5.161998877024246,0.025,0.0,-0.03,0.0,1.0,0.0,0.01
2,0.06666536602500549,73,0.08635428522641869,0.0,-0.024330644435987866,0.005669355564012133,0.004330644435987867,8.661288871975735,-0.1612778516380009,0.30372146225369123,5.1967733231854405,0.025,0.0,-0.03,0.0,1.0,0.0,0.01
2,0.06666536602500549,74,0.08759801857184114,0.0,-0.024359994529785184,0.005640005470214815,0.004359994529785185,8.71998905957037,-0.15957334286229324,0.28075678754761285,5.231993435742222,0.025,0.0,-0.03,0.0,1.0,0.0,0.01
2,0.06666536602500549,75,0.08884160126942682,0.0,-0.024389616806976922,0.005610383193023077,0.0043896168069769235,8.779233613953847,-0.15678016132837516,0.3049401759622935,5.267540168372308,0.025,0.0,-0.03,0.0,1.0,0.0,0.01
2,0.06666536602500549,76,0.09008534047034461,0.0,-0.0244194253586734,0.005580574641326597,0.004419425358673403,8.838850717346805,-0.155169642252803,0.2796018265363206,5.303310430408083,0.025,0.0,-0.03,0.0,1.0,0.0,0.01
2,0.06666536602500549,77,0.09132889922864104,0.0,-0.024449319203794718,0.005550680796205281,0.004449319203794719,8.898638407589438,-0.15234625193836518,0.305546964462381,5.339183044553662,0.025,0.0,-0.03,0.0,1.0,0.0,0.01
2,0.06666536602500549,78,0.0925726455210654,0.0,-0.024479214396931313,0.0055207856030686855,0.004479214396931315,8.958428793862629,-0.15076965126939143,0.27916835296311837,5.375057276317577,0.025,0.0,-0.03,0.0,1.0,0.0,0.01
2,0.06666536602500549,79,0.0938161982917271,0.0,-0.02450900961762737,0.005490990382372628,0.0045090096176273724,9.018019235254744,-0.14791274628691004,0.30534410382571175,5.410811541152847,0.025,0.0,-0.03,0.0,1.0,0.0,0.01
2,0.06666536602500549,80,0.09506584537059484,0.0,-0.0245426162856274,0.005457383714372599,0.004542616285627401,9.085232571254803,-0.14671718171389939,0.27935927767315166,5.451139542752881,0.025,0.0,-0.03,0.0,1.0,0.0,0.01
3,0.09999804903750822,0,0.0,0.0,-0.02,0.009999999999999998,1.734723475976807e-18,3.469446951953614e-15,0.0,0.0,2.0816681711721685e-15,0.025,0.0,-0.03,0.0,1.0,0.0,0.01
3,0.09999804903750822,36,0.03812859247941298,0.0,-0.020389556756623548,0.00961044324337645,0.0003895567566235495,0.779113513247099,-0.005466018916015634,0.0017850017482374417,0.4674681079482594,0.025,0.0,-0.03,0.0,1.0,0.0,0.01
3,0.09999804903750822,37,0.038097914325865595,0.0,-0.021635918761912707,0.008364081238087292,0.0016359187619127084,3.271837523825417,5.920473913287899e-05,0.0024382654965414874,1.96310251429525,0.025,0.0,-0.03,0.0,1.0,0.0,0.01
3,0.09999804903750822,38,0.03806003759824633,0.0,-0.02288212552206788,0.007117874477932117,0.002882125522067883,5.764251044135766,-0.0059552392756967686,0.003250497074970948,3.4585506264814594,0.025,0.0,-0.03,0.0,1.0,0.0,0.01
3,0.09999804903750822,39,0.03801745106979967,0.0,-0.02412816997766255,0.005871830022337449,0.004128169977662551,8.256339955325101,0.00032387271196550267,0.0038513743307246376,4.95380397319506,0.025,0.0,-0.03,0.0,1.0,0.0,0.01
3,0.09999804903750822,40,0.03797265030239226,0.0,-0.025374167174712272,0.004625832825287727,0.005374167174712273,10.748334349424546,-0.0058023666637605975,0.004673745667326425,6.449000609654727,0.025,0.0,-0.03,0.0,1.0,0.0,0.01
3,0.09999804903750822,41,0.03792813666369184,0.0,-0.026620148758044637,0.0033798512419553617,0.0066201487580446385,13.240297516089276,7.508427080925103e-05,0.0052264861298616724,7.9441785096535655,0.025,0.0,-0.03,0.0,1.0,0.0,0.01
3,0.09999804903750822,42,0.037886178691025195,0.0,-0.027866271940909806,0.0021337280590901925,0.007866271940909808,15.732543881819616,-0.005568596604327905,0.005978063548516158,9.43952632909177,0.025,0.0,-0.03,0.0,1.0,0.0,0.01
3,0.09999804903750822,43,0.03784862867769788,0.0,-0.02911258190115664,0.000887418098843358,0.009112581901156642,18.225163802313283,4.248654750272886e-05,0.00662445579211573,10.935098281387969,0.025,0.0,-0.03,0.0,1.0,0.0,0.01
3,0.09999804903750822,44,0.03781771931739018,0.0,-0.030359153862192394,0.0003591538621923948,0.009640846137807605,19.28169227561521,0.00547210193349445,0.007256451635003766,11.569015365369125,0.025,0.0,-0.03,0.0,1.0,0.0,0.01
3,0.09999804903750822,45,0.037796533935337426,0.0,-0.03160594280429783,0.0016059428042978288,0.008394057195702171,16.788114391404342,8.214813581986156e-05,0.007908994227107953,10.072868634842605,0.025,0.0,-0.03,0.0,1.0,0.0,0.01
3,0.09999804903750822,46,0.03778901569883077,0.0,-0.032852896071379464,0.0028528960713794654,0.007147103928620535,14.29420785724107,0.004676998624287416,0.008549077489793356,8.576524714344641,0.025,0.0,-0.03,0.0,1.0,0.0,0.01
3,0.09999804903750822,47,0.03780106116719357,0.0,-0.034101347746709906,0.004101347746709907,0.005898652253290093,11.797304506580186,0.0015316717237487982,0.00838962860012604,7.078382703948112,0.025,0.0,-0.03,0.0,1.0,0.0,0.01
3,0.09999804903750822,48,0.038875528822620596,0.0,-0.03347095208207557,0.003470952082075568,0.006529047917924432,13.058095835848864,-0.012601197683396034,0.020546423088766023,7.834857501509318,0.025,0.0,-0.03,0.0,1.0,0.0,0.01
3,0.09999804903750822,49,0.039938054527133525,0.0,-0.03282040337629851,0.0028204033762985123,0.007179596623701488,14.359193247402976,-0.03205951266851548,0.025831827104760535,8.615515948441786,0.025,0.0,-0.03,0.0,1.0,0.0,0.01
3,0.09999804903750822,50,0.04098955458588246,0.0,-0.03215214863653933,0.0021521486365393278,0.007847851363460672,15.695702726921345,-0.04439647357044888,0.04304143243397154,9.417421636152806,0.025,0.0,-0.03,0.0,1.0,0.0,0.01
3,0.09999804903750822,51,0.04203127311786426,0.0,-0.03146849159981957,0.0014684915998195713,0.008531508400180429,17.063016800360856,-0.06609511765652226,0.045809719735197534,10.237810080216514,0.025,0.0,-0.03,0.0,1.0,0.0,0.01
3,0.09999804903750822,52,0.04306432556942085,0.0,-0.030771867347791807,0.0007718673477918082,0.009228132652208192,18.456265304416384,-0.07663989340185941,0.06613889580629409,11.07375918264983,0.025,0.0,-0.03,0.0,1.0,0.0,0.01
3,0.09999804903750822,53,0.04409023001401845,0.0,-0.030064490179193007,6.449017919300803e-05,0.009935509820806992,19.871019641613984,-0.100021678551206,0.06738651102636506,11.92261178496839,0.025,0.0,-0.03,0.0,1.0,0.0,0.01
3,0.09999804903750822,54,0.04511023895287304,0.0,-0.02934877889629734,0.000651221103702658,0.009348778896297342,18.697557792594683,0.10908411343559679,0.0902857300799222,11.218534675556809,0.025,0.0,-0.03,0.0,1.0,0.0,0.01
3,0.09999804903750822,55,0.046126059511297446,0.0,-0.028626869861048492,0.0013731301389515067,0.008626869861048493,17.253739722096988,0.13394906535700868,0.0903636770935058,10.352243833258193,0.025,0.0,-0.03,0.0,1.0,0.0,0.01
3,0.09999804903750822,56,0.04713903305345425,0.0,-0.027901164335992837,0.002098835664007162,0.007901164335992838,15.802328671985677,0.14239399101631667,0.11452738524418078,9.481397203191406,0.025,0.0,-0.03,0.0,1.0,0.0,0.01
3,0.09999804903750822,57,0.048150958782520396,0.0,-0.027173755723919314,0.0028262442760806847,0.0071737557239193155,14.347511447838631,0.16763713042772294,0.11492335992808358,8.608506868703179,0.025,0.0,-0.03,0.0,1.0,0.0,0.01
3,0.09999804903750822,58,0.04916320594088209,0.0,-0.026447034536154622,0.003552965463845377,0.006447034536154623,12.894069072309247,0.177241155012806,0.13821254949757164,7.736441443385548,0.025,0.0,-0.03,0.0,1.0,0.0,0.01
3,0.09999804903750822,59,0.050177584958298244,0.0,-0.025723080713655252,0.004276919286344747,0.005723080713655253,11.446161427310507,0.20147798646638804,0.14063627318062433,6.867696856386304,0.025,0.0,-0.03,0.0,1.0,0.0,0.01
3,0.09999804903750822,60,0.05119543518081734,0.0,-0.02500428421004539,0.00499571578995461,0.00500428421004539,10.00856842009078,0.21289994047215285,0.16202183830804692,6.005141052054468,0.025,0.0,-0.03,0.0,1.0,0.0,0.01
3,0.09999804903750822,61,0.05221849137641237,0.0,-0.02429274709088621,0.005707252909113787,0.004292747090886213,8.585494181772425,0.23576200506034686,0.16672617914543264,5.151296509063455,0.025,0.0,-0.03,0.0,1.0,0.0,0.01
3,0.09999804903750822,62,0.05324800175514301,0.0,-0.023590870473831075,0.006409129526168924,0.0035908704738310763,7.181740947662153,0.2498319289314568,0.18477774308877312,4.309044568597291,0.025,0.0,-0.03,0.0,1.0,0.0,0.01
3,0.09999804903750822,63,0.054285543132928965,0.0,-0.022900812962008046,0.007099187037991953,0.002900812962008047,5.801625924016094,0.27032322894383753,0.193158107456567,3.4809755544096563,0.025,0.0,-0.03,0.0,1.0,0.0,0.01
3,0.09999804903750822,64,0.05550990966050582,0.0,-0.022680968678212236,0.007319031321787763,0.002680968678212237,5.361937356424474,0.2819142659249208,0.1968452323351285,3.2171624138546844,0.025,0.0,-0.03,0.0,1.0,0.0,0.01
3,0.09999804903750822,65,0.05673520272986389,0.0,-0.022465749103060515,0.007534250896939484,0.0024657491030605164,4.931498206121033,0.2941912066880037,0.1992865263826695,2.9588989236726193,0.025,0.0,-0.03,0.0,1.0,0.0,0.01
3,0.09999804903750822,66,0.05796115480136193,0.0,-0.022254894016894552,0.007745105983105446,0.002254894016894554,4.509788033789108,0.3067565356336778,0.19866640937508995,2.7058728202734645,0.025,0.0,-0.03,0.0,1.0,0.0,0.01
3,0.09999804903750822,67,0.059187887187650154,0.0,-0.02204805591541033,0.007951944084589668,0.0020480559154103326,4.096111830820665,0.31788800715653315,0.20584906827141586,2.457667098492399,0.025,0.0,-0.03,0.0,1.0,0.0,0.01
3,0.09999804903750822,68,0.06041514745614674,0.0,-0.021844939719757206,0.008155060280242793,0.0018449397197572073,3.6898794395144145,0.3312008523940457,0.19987805807034012,2.2139276637086485,0.025,0.0,-0.03,0.0,1.0,0.0,0.01
3,0.09999804903750822,69,0.06164304939529339,0.0,-0.02164517805145086,0.00835482194854914,0.0016451780514508598,3.2903561029017196,0.3414415059103339,0.21244403038019455,1.9742136617410317,0.025,0.0,-0.03,0.0,1.0,0.0,0.01
3,0.09999804903750822,70,0.06287135848445655,0.0,-0.021448450205022052,0.008551549794977947,0.0014484502050220536,2.896900410044107,0.35547631619459963,0.20121686829987842,1.7381402460264643,0.025,0.0,-0.03,0.0,1.0,0.0,0.01
3,0.09999804903750822,71,0.06410016720363908,0.0,-0.021254373878786176,0.008745626121213823,0.001254373878786177,2.5087477575723542,0.3649536112652791,0.21839352659759415,1.5052486545434125,0.025,0.0,-0.03,0.0,1.0,0.0,0.01
3,0.09999804903750822,72,0.06532927057457644,0.0,-0.021062605585057452,0.008937394414942547,0.0010626055850574533,2.125211170114907,0.37941888799691964,0.20353753502797828,1.275126702068944,0.025,0.0,-0.03,0.0,1.0,0.0,0.01
3,0.09999804903750822,73,0.06655872540242178,0.0,-0.020872753364368137,0.009127246635631862,0.0008727533643681385,1.745506728736277,0.38837238581397543,0.2238693580358196,1.0473040372417661,0.025,0.0,-0.03,0.0,1.0,0.0,0.01
3,0.09999804903750822,74,0.0677883755915286,0.0,-0.02068445315938616,0.00931554684061384,0.0006844531593861603,1.3689063187723207,0.40325443996537524,0.20563360506304784,0.8213437912633924,0.025,0.0,-0.03,0.0,1.0,0.0,0.01
3,0.09999804903750822,75,0.06901824298989373,0.0,-0.02049730903195139,0.009502690968048608,0.0004973090319513925,0.9946180639027851,0.41178543866065115,0.22875513462781097,0.596770838341671,0.025,0.0,-0.03,0.0,1.0,0.0,0.01
3,0.09999804903750822,76,0.07024819144857111,0.0,-0.020310945282944068,0.009689054717055931,0.0003109452829440692,0.6218905658881384,0.42697039522399055,0.20816702505021126,0.37313433953288305,0.025,0.0,-0.03,0.0,1.0,0.0,0.01
3,0.09999804903750822,77,0.07147822927732522,0.0,-0.020124961650502208,0.009875038349497791,0.0001249616505022092,0.24992330100441842,0.4352659191342139,0.23295007226992975,0.14995398060265105,0.025,0.0,-0.03,0.0,1.0,0.0,0.01
4,0.13333073205001097,0,0.0,0.0,-0.02,0.009999999999999998,1.734723475976807e-18,3.469446951953614e-15,0.0,0.0,2.0816681711721685e-15,0.025,0.0,-0.03,0.0,1.0,0.0,0.01
4,0.13333073205001097,36,0.03810964690335274,0.0,-0.02046605231901479,0.00953394768098521,0.00046605231901479006,0.9321046380295801,-0.0030927932753571593,0.0004685745822910088,0.559262782817748,0.025,0.0,-0.03,0.0,1.0,0.0,0.01
4,0.13333073205001097,37,0.03807623006985193,0.0,-0.021712473637106103,0.008287526362893895,0.0017124736371061048,3.42494727421221,1.8506581301131541e-06,0.0004090540276047322,2.054968364527326,0.025,0.0,-0.03,0.0,1.0,0.0,0.01
4,0.13333073205001097,38,0.03803697723810484,0.0,-0.022958714379600145,0.007041285620399854,0.002958714379600146,5.917428759200292,-0.003456706926567745,0.0003908919590413667,3.550457255520175,0.025,0.0,-0.03,0.0,1.0,0.0,0.01
4,0.13333073205001097,39,0.03799459772732158,0.0,-0.024204893526287036,0.0057951064737129625,0.004204893526287038,8.409787052574076,0.00030434055897922565,0.00019013035755467662,5.045872231544446,0.025,0.0,-0.03,0.0,1.0,0.0,0.01
4,0.13333073205001097,40,0.03795180930227091,0.0,-0.025451025342996973,0.004548974657003026,0.0054510253429969745,10.902050685993949,-0.003743572101746198,6.617618973740112e-05,6.541230411596369,0.025,0.0,-0.03,0.0,1.0,0.0,0.01
4,0.13333073205001097,41,0.03791132916119541,0.0,-0.026697262920843724,0.0033027370791562753,0.006697262920843725,13.39452584168745,0.0005007253381480482,0.00028028995832286537,8.03671550501247,0.025,0.0,-0.03,0.0,1.0,0.0,0.01
4,0.13333073205001097,42,0.037875638977975,0.0,-0.027943625524150056,0.0020563744758499425,0.007943625524150058,15.887251048300115,-0.00392236362347017,0.0005774434534091475,9.532350628980069,0.025,0.0,-0.03,0.0,1.0,0.0,0.01
4,0.13333073205001097,43,0.037846874496188176,0.0,-0.029190244771330986,0.0008097552286690131,0.009190244771330987,18.380489542661973,0.000576892482117351,0.0010593231330312974,11.028293725597184,0.025,0.0,-0.03,0.0,1.0,0.0,0.01
4,0.13333073205001097,44,0.037827590719418304,0.0,-0.030437027027547137,0.00043702702754713774,0.009562972972452862,19.125945944905723,0.003991538003143952,0.0016312595447031055,11.475567566943434,0.025,0.0,-0.03,0.0,1.0,0.0,0.01
4,0.13333073205001097,45,0.037821133394895456,0.0,-0.03168396094602574,0.001683960946025742,0.008316039053974258,16.632078107948516,-0.0005766560693518433,0.002237309562099758,9.97924686476911,0.025,0.0,-0.03,0.0,1.0,0.0,0.01
4,0.13333073205001097,46,0.03783156644902273,0.0,-0.03293076831721017,0.002930768317210168,0.007069231682789832,14.138463365579664,0.003910654174639859,0.0030382716096508237,8.483078019347799,0.025,0.0,-0.03,0.0,1.0,0.0,0.01
4,0.13333073205001097,47,0.03786523746266036,0.0,-0.03418097323090544,0.004180973230905438,0.005819026769094562,11.638053538189125,-0.0004767217932003971,0.004727973610459043,6.982832122913474,0.025,0.0,-0.03,0.0,1.0,0.0,0.01
4,0.13333073205001097,48,0.03862672885457641,0.0,-0.03319498317857831,0.0031949831785783103,0.00680501682142169,13.61003364284338,-0.0023949997690879284,0.0063471782044395245,8.166020185706028,0.025,0.0,-0.03,0.0,1.0,0.0,0.01
4,0.13333073205001097,49,0.03936613233141279,0.0,-0.032192270026860384,0.002192270026860385,0.007807729973139615,15.61545994627923,-0.014390589495176753,0.010922426537467096,9.369275967767537,0.025,0.0,-0.03,0.0,1.0,0.0,0.01
4,0.13333073205001097,50,0.040085429894126105,0.0,-0.031174842863502035,0.001174842863502036,0.008825157136497964,17.650314272995928,-0.013850975282538015,0.02474647722450792,10.590188563797556,0.025,0.0,-0.03,0.0,1.0,0.0,0.01
4,0.13333073205001097,51,0.0407865946192654,0.0,-0.030144839758373117,0.00014483975837311855,0.009855160241626882,19.710320483253764,-0.02802068392795149,0.028124304824065194,11.826192289952258,0.025,0.0,-0.03,0.0,1.0,0.0,0.01
4,0.13333073205001097,52,0.04147192611783421,0.0,-0.029104034644227342,0.0008959653557726564,0.009104034644227344,18.208069288454688,0.025009580175401728,0.04345395100174536,10.924841573072813,0.025,0.0,-0.03,0.0,1.0,0.0,0.01
4,0.13333073205001097,53,0.04214361973972963,0.0,-0.028054431492296666,0.0019455685077033325,0.008054431492296668,16.108862984593337,0.04088596507605075,0.04609119133230209,9.665317790756001,0.025,0.0,-0.03,0.0,1.0,0.0,0.01
4,0.13333073205001097,54,0.04280420356068436,0.0,-0.026997604866545195,0.003002395133454804,0.006997604866545196,13.995209733090393,0.03610495024445535,0.062330191742333035,8.397125839854235,0.025,0.0,-0.03,0.0,1.0,0.0,0.01
4,0.13333073205001097,55,0.043456028215537276,0.0,-0.025935452204253907,0.004064547795746092,0.005935452204253908,11.870904408507815,0.05299967874906947,0.06458423311261333,7.122542645104689,0.025,0.0,-0.03,0.0,1.0,0.0,0.01
4,0.13333073205001097,56,0.04410176900574237,0.0,-0.02486940688635506,0.00513059311364494,0.00486940688635506,9.73881377271012,0.04731020903219825,0.08118067305867306,5.843288263626072,0.025,0.0,-0.03,0.0,1.0,0.0,0.01
4,0.13333073205001097,57,0.04474386772012489,0.0,-0.02380129885385965,0.006198701146140347,0.003801298853859653,7.602597707719306,0.06443928849451543,0.08337475247807413,4.561558624631584,0.025,0.0,-0.03,0.0,1.0,0.0,0.01
4,0.13333073205001097,58,0.045385070148220574,0.0,-0.022732491493569217,0.007267508506430782,0.0027324914935692186,5.464982987138437,0.05876635121239373,0.09981566953516026,3.278989792283062,0.025,0.0,-0.03,0.0,1.0,0.0,0.01
4,0.13333073205001097,59,0.046027847237802094,0.0,-0.021664793602010516,0.008335206397989483,0.0016647936020105173,3.329587204021035,0.07533844702904652,0.10223932478326689,1.9977523224126208,0.025,0.0,-0.03,0.0,1.0,0.0,0.01
4,0.13333073205001097,60,0.04667494129655888,0.0,-0.020599575629401193,0.009400424370598806,0.0005995756294011941,1.1991512588023883,0.07056911887345484,0.11804907347812614,0.7194907552814329,0.025,0.0,-0.03,0.0,1.0,0.0,0.01
5,0.16666341506251373,0,0.0,0.0,-0.02,0.009999999999999998,1.734723475976807e-18,3.469446951953614e-15,0.0,0.0,2.0816681711721685e-15,0.025,0.0,-0.03,0.0,1.0,0.0,0.01
5,0.16666341506251373,36,0.038095082269544216,0.0,-0.020499209523300903,0.009500790476699095,0.0004992095233009048,0.9984190466018096,-0.0009480361585347166,0.00042022291631566504,0.5990514279610857,0.025,0.0,-0.03,0.0,1.0,0.0,0.01
5,0.16666341506251373,37,0.03806255057246728,0.0,-0.021745748435426034,0.008254251564573965,0.0017457484354260356,3.491496870852071,9.93039798792491e-05,0.00038318061673084445,2.0948981225112426,0.025,0.0,-0.03,0.0,1.0,0.0,0.01
5,0.16666341506251373,38,0.03802562222917965,0.0,-0.022992132170006827,0.007007867829993172,0.002992132170006828,5.984264340013656,-0.0010450410930237161,0.00032721852591429036,3.5905586040081934,0.025,0.0,-0.03,0.0,1.0,0.0,0.01
5,0.16666341506251373,39,0.03798723896050919,0.0,-0.02423852851117503,0.005761471488824967,0.004238528511175033,8.477057022350065,0.0001650500981572747,0.00020534222204413917,5.086234213410039,0.025,0.0,-0.03,0.0,1.0,0.0,0.01
5,0.16666341506251373,40,0.03795034845099635,0.0,-0.02548490813355304,0.004515091866446958,0.005484908133553042,10.969816267106085,-0.0011136232435034726,5.824731483167909e-05,6.581889760263651,0.025,0.0,-0.03,0.0,1.0,0.0,0.01
5,0.16666341506251373,41,0.03791789410220131,0.0,-0.026731454934442962,0.0032685450655570367,0.0067314549344429635,13.462909868885927,0.00019042172474188526,0.00016751069500184376,8.077745921331555,0.025,0.0,-0.03,0.0,1.0,0.0,0.01
5,0.16666341506251373,42,0.037892642217589236,0.0,-0.02797809571978426,0.0020219042802157375,0.007978095719784263,15.956191439568526,-0.0011926601988203418,0.0004371645988810571,9.573714863741115,0.025,0.0,-0.03,0.0,1.0,0.0,0.01
5,0.16666341506251373,43,0.03787706592915923,0.0,-0.02922494858509041,0.0007750514149095881,0.009224948585090412,18.449897170180826,0.00024883269016878176,0.0007729323810776746,11.069938302108495,0.025,0.0,-0.03,0.0,1.0,0.0,0.01
5,0.16666341506251373,44,0.03787396705754509,0.0,-0.03047180478222338,0.00047180478222338257,0.009528195217776618,19.056390435553237,0.0011939752789814216,0.0012240051727216363,11.433834261331942,0.025,0.0,-0.03,0.0,1.0,0.0,0.01
5,0.16666341506251373,45,0.037886861153244286,0.0,-0.03171860213205205,0.0017186021320520495,0.00828139786794795,16.5627957358959,-0.00018274568428453333,0.0016770851496541118,9.93767744153754,0.025,0.0,-0.03,0.0,1.0,0.0,0.01
5,0.16666341506251373,46,0.03791964492451748,0.0,-0.03296488927590841,0.0029648892759084125,0.007035110724091588,14.070221448183176,0.0010662378666565471,0.002301416300403583,8.442132868909905,0.025,0.0,-0.03,0.0,1.0,0.0,0.01
5,0.16666341506251373,47,0.03797853195660679,0.0,-0.0342145400792977,0.004214540079297703,0.005785459920702297,11.570919841404594,-0.00013403031438101096,0.0030435147443048614,6.942551904842756,0.025,0.0,-0.03,0.0,1.0,0.0,0.01
5,0.16666341506251373,48,0.03846632956455025,0.0,-0.03306731639889532,0.00306731639889532,0.00693268360110468,13.86536720220936,-0.0025103046402100366,0.005362137487214028,8.319220321325615,0.025,0.0,-0.03,0.0,1.0,0.0,0.01
5,0.16666341506251373,49,0.03892631233569238,0.0,-0.03190859790336652,0.0019085979033665185,0.008091402096633482,16.182804193266964,-0.006918623582832409,0.013179953381432062,9.709682515960179,0.025,0.0,-0.03,0.0,1.0,0.0,0.01
5,0.16666341506251373,50,0.03936134114409434,0.0,-0.03074009007179597,0.0007400900717959707,0.00925990992820403,18.51981985640806,-0.008945346685118163,0.021983853036462275,11.111891913844834,0.025,0.0,-0.03,0.0,1.0,0.0,0.01
5,0.16666341506251373,51,0.03977431211901125,0.0,-0.02956358139181169,0.00043641860818830966,0.00956358139181169,19.12716278362338,0.01307799286671155,0.030007408975358436,11.476297670174027,0.025,0.0,-0.03,0.0,1.0,0.0,0.01
5,0.16666341506251373,52,0.040168339328399374,0.0,-0.028380422347771987,0.0016195776522280117,0.008380422347771989,16.760844695543977,0.014830841004288137,0.03893276610775809,10.056506817326385,0.025,0.0,-0.03,0.0,1.0,0.0,0.01
5,0.16666341506251373,53,0.040546522178658576,0.0,-0.02719211412903909,0.0028078858709609106,0.00719211412903909,14.38422825807818,0.01868072234133167,0.04711411048489248,8.630536954846907,0.025,0.0,-0.03,0.0,1.0,0.0,0.01
5,0.16666341506251373,54,0.04091213828044561,0.0,-0.025999735518320702,0.004000264481679297,0.005999735518320703,11.999471036641406,0.02031001989928928,0.05604968378790708,7.199682621984843,0.025,0.0,-0.03,0.0,1.0,0.0,0.01
5,0.16666341506251373,55,0.041268418548121646,0.0,-0.024804574397398575,0.005195425602601424,0.0048045743973985765,9.609148794797154,0.023873151281194507,0.06431221524430679,5.765489276878292,0.025,0.0,-0.03,0.0,1.0,0.0,0.01
5,0.16666341506251373,56,0.041618733557010026,0.0,-0.023607541083173634,0.006392458916826365,0.003607541083173635,7.215082166347271,0.025535465469821165,0.07316221218884097,4.3290492998083625,0.025,0.0,-0.03,0.0,1.0,0.0,0.01
5,0.16666341506251373,57,0.04196638481511707,0.0,-0.022409796761597184,0.007590203238402815,0.002409796761597185,4.81959352319437,0.028816058723119004,0.08143427821552349,2.891756113916622,0.025,0.0,-0.03,0.0,1.0,0.0,0.01
5,0.16666341506251373,58,0.04231477536564762,0.0,-0.021212197209126534,0.008787802790873465,0.0012121972091265355,2.424394418253071,0.030668318268730503,0.09010550165341487,1.4546366509518425,0.025,0.0,-0.03,0.0,1.0,0.0,0.01
5,0.16666341506251373,59,0.04266722323423395,0.0,-0.020015870231118317,0.009984129768881682,1.5870231118318354e-05,0.03174046223663671,0.033671854827652385,0.09832412980049426,0.019044277341982024,0.025,0.0,-0.03,0.0,1.0,0.0,0.01
6,0.19999609807501645,0,0.0,0.0,-0.02,0.009999999999999998,1.734723475976807e-18,3.469446951953614e-15,0.0,0.0,2.0816681711721685e-15,0.025,0.0,-0.03,0.0,1.0,0.0,0.01
6,0.19999609807501645,36,0.03841268139523189,0.0,-0.02022475152337204,0.00977524847662796,0.00022475152337204062,0.44950304674408126,0.7134144379530095,0.026586152517442202,0.26970182804644877,0.025,0.0,-0.03,0.0,1.0,0.0,0.01
6,0.19999609807501645,37,0.03846920109515084,0.0,-0.021471163004258918,0.008528836995741081,0.001471163004258919,2.942326008517838,-0.6718671175398395,0.06659503658024538,1.7653956051107027,0.025,0.0,-0.03,0.0,1.0,0.0,0.01
6,0.19999609807501645,38,0.038525472994948885,0.0,-0.02271654147573142,0.0072834585242685795,0.0027165414757314207,5.433082951462842,0.7390841562819127,0.020378013185587074,3.2598497708777048,0.025,0.0,-0.03,0.0,1.0,0.0,0.01
6,0.19999609807501645,39,0.038585097764958345,0.0,-0.023961444811445954,0.006038555188554045,0.003961444811445955,7.922889622891911,-0.8697200340165662,0.09250304930424572,4.753733773735147,0.025,0.0,-0.03,0.0,1.0,0.0,0.01
6,0.19999609807501645,40,0.0386516981352443,0.0,-0.025207268512613904,0.004792731487386095,0.0052072685126139055,10.41453702522781,0.9784438118745961,0.03875378606109048,6.248722215136686,0.025,0.0,-0.03,0.0,1.0,0.0,0.01
6,0.19999609807501645,41,0.0387285935981712,0.0,-0.02645088998732083,0.003549110012679168,0.006450889987320832,12.901779974641665,-0.9890461430322981,0.1244229663126134,7.741067984784999,0.025,0.0,-0.03,0.0,1.0,0.0,0.01
6,0.19999609807501645,42,0.0388193834122357,0.0,-0.027693995785370656,0.0023060042146293425,0.007693995785370658,15.387991570741315,0.9617463231045418,0.04981250354783634,9.232794942444789,0.025,0.0,-0.03,0.0,1.0,0.0,0.01
6,0.19999609807501645,43,0.038927684593203685,0.0,-0.028937112599234552,0.001062887400765447,0.008937112599234553,17.874225198469105,-0.9068311059479857,0.1504226057120443,10.724535119081462,0.025,0.0,-0.03,0.0,1.0,0.0,0.01
6,0.19999609807501645,44,0.03905639718715238,0.0,-0.030175546505858398,0.00017554650585839895,0.009824453494141601,19.6489069882832,-0.8518577882803392,0.06016561106251691,11.78934419296992,0.025,0.0,-0.03,0.0,1.0,0.0,0.01
6,0.19999609807501645,45,0.039209387369662806,0.0,-0.031413083724221504,0.0014130837242215047,0.008586916275778496,17.17383255155699,0.7298366569769537,0.16498352550828782,10.304299530934195,0.025,0.0,-0.03,0.0,1.0,0.0,0.01
6,0.19999609807501645,46,0.039389720243931385,0.0,-0.03264679891690472,0.0026467989169047246,0.007353201083095276,14.706402166190552,-0.59666252899119,0.030802119887261184,8.823841299714331,0.025,0.0,-0.03,0.0,1.0,0.0,0.01
6,0.19999609807501645,47,0.039600331053189615,0.0,-0.03387401366635052,0.003874013666350519,0.006125986333649481,12.251972667298963,0.4952120935176478,0.05263522392714056,7.351183600379377,0.025,0.0,-0.03,0.0,1.0,0.0,0.01
6,0.19999609807501645,48,0.039863933703039346,0.0,-0.032650588241021586,0.002650588241021587,0.007349411758978413,14.698823517956827,-0.546679728766248,0.1677887738036371,8.819294110774095,0.025,0.0,-0.03,0.0,1.0,0.0,0.01
6,0.19999609807501645,49,0.04009752064075515,0.0,-0.03142135907565316,0.0014213590756531613,0.008578640924346839,17.15728184869368,0.6202274571111603,0.07167641713998626,10.294369109216207,0.025,0.0,-0.03,0.0,1.0,0.0,0.01
6,0.19999609807501645,50,0.0403054961137752,0.0,-0.030184377663783696,0.0001843776637836976,0.009815622336216303,19.631244672432604,-0.6655801870855796,0.1683076342737514,11.778746803459562,0.025,0.0,-0.03,0.0,1.0,0.0,0.01
6,0.19999609807501645,51,0.040490152345716006,0.0,-0.02894826670553559,0.0010517332944644103,0.00894826670553559,17.89653341107118,-0.5974611505407733,0.053444710390373004,10.737920046642706,0.025,0.0,-0.03,0.0,1.0,0.0,0.01
6,0.19999609807501645,52,0.040656708967372564,0.0,-0.02770521909629603,0.002294780903703969,0.007705219096296031,15.410438192592062,0.5142119400420062,0.11641258767523734,9.246262915555237,0.025,0.0,-0.03,0.0,1.0,0.0,0.01
6,0.19999609807501645,53,0.04080775330023972,0.0,-0.026462464037050652,0.0035375359629493466,0.006462464037050654,12.924928074101308,-0.36080166744592423,0.014357890561745284,7.754956844460784,0.025,0.0,-0.03,0.0,1.0,0.0,0.01
6,0.19999609807501645,54,0.04094741376493588,0.0,-0.025218146844236667,0.004781853155763332,0.005218146844236668,10.436293688473336,0.2633959668541598,0.06611261354693768,6.261776213084001,0.025,0.0,-0.03,0.0,1.0,0.0,0.01
6,0.19999609807501645,55,0.041079447571630075,0.0,-0.023971959356098353,0.006028040643901646,0.0039719593560983545,7.943918712196709,-0.2000034742705512,0.002389520333991351,4.766351227318025,0.025,0.0,-0.03,0.0,1.0,0.0,0.01
6,0.19999609807501645,56,0.04120733214271002,0.0,-0.02272609343846546,0.007273906561534538,0.0027260934384654625,5.4521868769309245,0.2856421106024494,0.05855741041147098,3.2713121261585547,0.025,0.0,-0.03,0.0,1.0,0.0,0.01
6,0.19999609807501645,57,0.041334763478045364,0.0,-0.021480847167899674,0.008519152832100325,0.0014808471678996755,2.961694335799351,-0.3982293859636771,0.030282838542423578,1.7770166014796105,0.025,0.0,-0.03,0.0,1.0,0.0,0.01
6,0.19999609807501645,58,0.041465833060775587,0.0,-0.02023352785994529,0.00976647214005471,0.00023352785994529106,0.46705571989058214,0.5763473436863353,0.08967857055204602,0.2802334319343493,0.025,0.0,-0.03,0.0,1.0,0.0,0.01
7,0.2333287810875192,0,0.0,0.0,-0.02,0.009999999999999998,1.734723475976807e-18,3.469446951953614e-15,0.0,0.0,2.0816681711721685e-15,0.025,0.0,-0.03,0.0,1.0,0.0,0.01
7,0.2333287810875192,36,0.03861090581942021,0.0,-0.020200527067858118,0.009799472932141881,0.00020052706785811912,0.40105413571623827,-0.4214122838448973,0.03151019631803426,0.24063248142974294,0.025,0.0,-0.03,0.0,1.0,0.0,0.01
7,0.2333287810875192,37,0.03870650179055003,0.0,-0.02143939988141511,0.00856060011858489,0.0014393998814151102,2.8787997628302207,0.43064417528269205,0.05139362702533614,1.7272798576981323,0.025,0.0,-0.03,0.0,1.0,0.0,0.01
7,0.2333287810875192,38,0.03880212515917826,0.0,-0.022686298044921654,0.007313701955078345,0.002686298044921655,5.37259608984331,-0.41565370643152794,0.026769563526767275,3.2235576539059863,0.025,0.0,-0.03,0.0,1.0,0.0,0.01
7,0.2333287810875192,39,0.038899613952687165,0.0,-0.023925203640776903,0.006074796359223096,0.003925203640776904,7.850407281553808,0.4063843681164586,0.054545133249742125,4.710244368932285,0.025,0.0,-0.03,0.0,1.0,0.0,0.01
7,0.2333287810875192,40,0.03900393818331791,0.0,-0.025171973295361385,0.004828026704638614,0.005171973295361386,10.343946590722773,-0.4420555547517124,0.029622091919740346,6.206367954433664,0.025,0.0,-0.03,0.0,1.0,0.0,0.01
7,0.2333287810875192,41,0.03911656208843888,0.0,-0.026408370216005454,0.0035916297839945453,0.006408370216005455,12.81674043201091,0.4954021238351692,0.07492319261024222,7.690044259206545,0.025,0.0,-0.03,0.0,1.0,0.0,0.01
7,0.2333287810875192,42,0.03924307181061803,0.0,-0.027654108248882005,0.0023458917511179934,0.007654108248882007,15.308216497764013,-0.5531680500017893,0.04871536421525194,9.184929898658407,0.025,0.0,-0.03,0.0,1.0,0.0,0.01
7,0.2333287810875192,43,0.03938408520487159,0.0,-0.02888690643222318,0.0011130935677768176,0.008886906432223183,17.773812864446366,0.5626272061894871,0.10118589604580484,10.66428771866782,0.025,0.0,-0.03,0.0,1.0,0.0,0.01
7,0.2333287810875192,44,0.03954579613398334,0.0,-0.030128231330096792,0.00012823133009679313,0.009871768669903207,19.743537339806416,0.5270412702089681,0.05742388175818458,11.846122403883848,0.025,0.0,-0.03,0.0,1.0,0.0,0.01
7,0.2333287810875192,45,0.03972830872307581,0.0,-0.03135649909677274,0.0013564990967727397,0.00864350090322726,17.28700180645452,-0.4287703655456551,0.10213826453182817,10.372201083872712,0.025,0.0,-0.03,0.0,1.0,0.0,0.01
7,0.2333287810875192,46,0.039937587725577435,0.0,-0.032588656230286804,0.002588656230286805,0.007411343769713195,14.82268753942639,0.32211948563814846,0.031105405621459935,8.893612523655834,0.025,0.0,-0.03,0.0,1.0,0.0,0.01
7,0.2333287810875192,47,0.040175381446677,0.0,-0.03380960707460956,0.003809607074609561,0.006190392925390439,12.380785850780878,-0.22327440045310645,0.040654164665053553,7.428471510468526,0.025,0.0,-0.03,0.0,1.0,0.0,0.01
7,0.2333287810875192,48,0.0403920402073457,0.0,-0.03257959868893153,0.0025795986889315323,0.007420401311068468,14.840802622136936,0.19465497266882467,0.06005977160147497,8.904481573282162,0.025,0.0,-0.03,0.0,1.0,0.0,0.01
7,0.2333287810875192,49,0.04057941702423564,0.0,-0.03133893121014913,0.0013389312101491288,0.008661068789850871,17.322137579701742,-0.1832982407406287,0.0029504756072019395,10.393282547821045,0.025,0.0,-0.03,0.0,1.0,0.0,0.01
7,0.2333287810875192,50,0.04073969786452448,0.0,-0.03010107331955036,0.000101073319550362,0.009898926680449638,19.797853360899275,0.1780097178191537,0.050135069341005034,11.878712016539565,0.025,0.0,-0.03,0.0,1.0,0.0,0.01
7,0.2333287810875192,51,0.04087886613376546,0.0,-0.028853296247035674,0.0011467037529643252,0.008853296247035675,17.70659249407135,0.11682571745360522,0.008764528341953359,10.623955496442811,0.025,0.0,-0.03,0.0,1.0,0.0,0.01
7,0.2333287810875192,52,0.04099898231867137,0.0,-0.027610239178447262,0.0023897608215527368,0.0076102391784472635,15.220478356894526,-0.059618598198070555,0.027928655541378224,9.132287014136715,0.025,0.0,-0.03,0.0,1.0,0.0,0.01
7,0.2333287810875192,53,0.0411055000942605,0.0,-0.026360446677080932,0.0036395533229190667,0.0063604466770809335,12.720893354161866,0.007281211332437372,0.019453742384153743,7.63253601249712,0.025,0.0,-0.03,0.0,1.0,0.0,0.01
7,0.2333287810875192,54,0.04120134198470106,0.0,-0.0251135261532802,0.004886473846719797,0.005113526153280203,10.227052306560406,-0.029126302797991863,0.02035913298751571,6.136231383936243,0.025,0.0,-0.03,0.0,1.0,0.0,0.01
7,0.2333287810875192,55,0.04129110083879139,0.0,-0.023863760958904006,0.006136239041095993,0.0038637609589040074,7.727521917808015,0.07237775958998562,0.009572472734201306,4.6365131506848085,0.025,0.0,-0.03,0.0,1.0,0.0,0.01
7,0.2333287810875192,56,0.041378354065377994,0.0,-0.02261534110194284,0.007384658898057159,0.0026153411019428415,5.230682203885683,-0.15446711404758295,0.02816303234278047,3.13840932233141,0.025,0.0,-0.03,0.0,1.0,0.0,0.01
7,0.2333287810875192,57,0.04146733970636834,0.0,-0.021365595932300578,0.00863440406769942,0.0013655959323005794,2.731191864601159,0.20351703138280094,0.00722326837088348,1.6387151187606954,0.025,0.0,-0.03,0.0,1.0,0.0,0.01
7,0.2333287810875192,58,0.04156168279755342,0.0,-0.020118259184882782,0.009881740815117217,0.00011825918488278346,0.23651836976556692,-0.2462386231802942,0.03443899845438379,0.14191102185934015,0.025,0.0,-0.03,0.0,1.0,0.0,0.01
8,0.26666146410002195,0,0.0,0.0,-0.02,0.009999999999999998,1.734723475976807e-18,3.469446951953614e-15,0.0,0.0,2.0816681711721685e-15,0.025,0.0,-0.03,0.0,1.0,0.0,0.01
8,0.26666146410002195,36,0.03804277328927871,0.0,-0.020281761911158474,0.009718238088841525,0.0002817619111584752,0.5635238223169504,-0.07337451024371408,0.0005368852517384614,0.33811429339017024,0.025,0.0,-0.03,0.0,1.0,0.0,0.01
8,0.26666146410002195,37,0.03801639582977596,0.0,-0.021530674030786828,0.008469325969213171,0.001530674030786829,3.061348061573658,0.10227154930535269,0.00045891731943722774,1.8368088369441946,0.025,0.0,-0.03,0.0,1.0,0.0,0.01
8,0.26666146410002195,38,0.037987774997445725,0.0,-0.022774779427125996,0.007225220572874003,0.0027747794271259976,5.549558854251995,-0.13801589912100248,0.00043396473224737537,3.329735312551197,0.025,0.0,-0.03,0.0,1.0,0.0,0.01
8,0.26666146410002195,39,0.037960181027604595,0.0,-0.024024109631914235,0.005975890368085764,0.004024109631914236,8.048219263828472,0.1614553860886929,0.00041842723052584545,4.828931558297083,0.025,0.0,-0.03,0.0,1.0,0.0,0.01
8,0.26666146410002195,40,0.03793695688583013,0.0,-0.02526795048256473,0.00473204951743527,0.00526795048256473,10.53590096512946,-0.17802647425264145,0.00023219287957479935,6.321540579077676,0.025,0.0,-0.03,0.0,1.0,0.0,0.01
8,0.26666146410002195,41,0.03792140625273433,0.0,-0.02651772631257681,0.003482273687423189,0.006517726312576811,13.035452625153622,0.17581129552651742,0.0035039707294286177,7.821271575092173,0.025,0.0,-0.03,0.0,1.0,0.0,0.01
8,0.26666146410002195,42,0.03791673714217425,0.0,-0.027761495170062624,0.0022385048299373746,0.007761495170062626,15.52299034012525,-0.1718672668937366,0.0004832671916555962,9.31379420407515,0.025,0.0,-0.03,0.0,1.0,0.0,0.01
8,0.26666146410002195,43,0.03792611878404791,0.0,-0.02901138758042024,0.0009886124195797596,0.00901138758042024,18.02277516084048,0.16508806997692874,0.008586002440602022,10.81366509650429,0.025,0.0,-0.03,0.0,1.0,0.0,0.01
8,0.26666146410002195,44,0.037952264295717075,0.0,-0.030254762978088594,0.0002547629780885949,0.009745237021911405,19.49047404382281,0.1569210392836254,0.004226966902819852,11.694284426293686,0.025,0.0,-0.03,0.0,1.0,0.0,0.01
8,0.26666146410002195,45,0.03799929664302457,0.0,-0.03150361866872734,0.0015036186687273426,0.008496381331272658,16.992762662545314,-0.13996747149722832,0.014252729642915596,10.195657597527187,0.025,0.0,-0.03,0.0,1.0,0.0,0.01
8,0.26666146410002195,46,0.03807021645174005,0.0,-0.03274543101623135,0.002745431016231349,0.007254568983768651,14.509137967537303,0.12788665655395282,0.0014344750296720725,8.705482780522381,0.025,0.0,-0.03,0.0,1.0,0.0,0.01
8,0.26666146410002195,47,0.03817010224958096,0.0,-0.0339911337731168,0.003991133773116801,0.0060088662268832,12.0177324537664,-0.10382404021189688,0.0026935114991767342,7.210639472259839,0.025,0.0,-0.03,0.0,1.0,0.0,0.01
8,0.26666146410002195,48,0.038554323265312086,0.0,-0.03279870775782149,0.0027987077578214906,0.00720129224217851,14.40258448435702,0.0906578272528462,0.025739249145481098,8.641550690614212,0.025,0.0,-0.03,0.0,1.0,0.0,0.01
8,0.26666146410002195,49,0.03890902483268618,0.0,-0.03160157484631417,0.001601574846314173,0.008398425153685827,16.796850307371656,-0.06206928563358475,0.028138507508008535,10.078110184422993,0.025,0.0,-0.03,0.0,1.0,0.0,0.01
8,0.26666146410002195,50,0.03924046248117234,0.0,-0.03039319697443463,0.0003931969744346321,0.009606803025565368,19.213606051130736,0.059555713229427244,0.0009816807224912057,11.52816363067844,0.025,0.0,-0.03,0.0,1.0,0.0,0.01
8,0.26666146410002195,51,0.03955020076741943,0.0,-0.029183448217102215,0.0008165517828977835,0.009183448217102217,18.366896434204435,0.02712679788523997,0.03226770793136858,11.020137860522661,0.025,0.0,-0.03,0.0,1.0,0.0,0.01
8,0.26666146410002195,52,0.03984468826360116,0.0,-0.027965224511312885,0.002034775488687114,0.007965224511312886,15.930449022625773,-0.04375535557935772,0.020688518382795756,9.558269413575463,0.025,0.0,-0.03,0.0,1.0,0.0,0.01
8,0.26666146410002195,53,0.040125685868024355,0.0,-0.02674855448031704,0.0032514455196829585,0.006748554480317042,13.497108960634083,0.017314617977382277,0.045000903606810916,8.09826537638045,0.025,0.0,-0.03,0.0,1.0,0.0,0.01
8,0.26666146410002195,54,0.0403997191159414,0.0,-0.025525169932947997,0.004474830067052002,0.005525169932947998,11.050339865895996,-0.05029654713612051,0.03568879496387267,6.630203919537597,0.025,0.0,-0.03,0.0,1.0,0.0,0.01
8,0.26666146410002195,55,0.04066847192644319,0.0,-0.02430599939924252,0.00569400060075748,0.004305999399242521,8.611998798485041,0.017578040944735078,0.061372004591486236,5.167199279091025,0.025,0.0,-0.03,0.0,1.0,0.0,0.01
8,0.26666146410002195,56,0.04093869967651675,0.0,-0.023081434484961215,0.006918565515038784,0.0030814344849612162,6.162868969922433,-0.05160026137654104,0.05196640381160021,3.6977213819534596,0.025,0.0,-0.03,0.0,1.0,0.0,0.01
8,0.26666146410002195,57,0.04121184351004068,0.0,-0.02186351579683617,0.008136484203163829,0.0018635157968361713,3.7270315936723426,0.00278672788050371,0.07480509386723208,2.2362189562034054,0.025,0.0,-0.03,0.0,1.0,0.0,0.01
8,0.26666146410002195,58,0.04149493217795727,0.0,-0.02064175200876588,0.00935824799123412,0.000641752008765881,1.283504017531762,-0.03663193584812072,0.07254588792647308,0.7701024105190571,0.025,0.0,-0.03,0.0,1.0,0.0,0.01
9,0.2999941471125247,0,0.0,0.0,-0.02,0.009999999999999998,1.734723475976807e-18,3.469446951953614e-15,0.0,0.0,2.0816681711721685e-15,0.025,0.0,-0.03,0.0,1.0,0.0,0.01
9,0.2999941471125247,36,0.03806467844222154,0.0,-0.020361041720074365,0.009638958279925634,0.0003610417200743659,0.7220834401487318,0.08534814784751663,0.0007194955391014748,0.4332500640892391,0.025,0.0,-0.03,0.0,1.0,0.0,0.01
9,0.2999941471125247,37,0.03803546211137442,0.0,-0.02160693549611029,0.00839306450388971,0.0016069354961102903,3.213870992220581,-0.0977658104187012,0.00037071122893665405,1.9283225953323484,0.025,0.0,-0.03,0.0,1.0,0.0,0.01
9,0.2999941471125247,38,0.038002894460767656,0.0,-0.022854216285024626,0.007145783714975373,0.002854216285024627,5.708432570049253,0.10328325430370641,0.0011922551172773284,3.425059542029552,0.025,0.0,-0.03,0.0,1.0,0.0,0.01
9,0.2999941471125247,39,0.037970132266924486,0.0,-0.02409985882854258,0.005900141171457419,0.004099858828542581,8.199717657085163,-0.11114766059115434,0.0005948796955774974,4.919830594251097,0.025,0.0,-0.03,0.0,1.0,0.0,0.01
9,0.2999941471125247,40,0.03794027444248121,0.0,-0.025347347967735072,0.004652652032264927,0.005347347967735073,10.694695935470147,0.11186413196621041,0.0005798293827734491,6.416817561282088,0.025,0.0,-0.03,0.0,1.0,0.0,0.01
9,0.2999941471125247,41,0.03791646803950318,0.0,-0.02659303877556375,0.0034069612244362474,0.006593038775563753,13.186077551127505,-0.11466675712386717,4.962652366792872e-05,7.911646530676503,0.025,0.0,-0.03,0.0,1.0,0.0,0.01
9,0.2999941471125247,42,0.03790175401796936,0.0,-0.02784083895930832,0.002159161040691679,0.007840838959308321,15.681677918616643,0.11274726575322755,0.0013150371383173168,9.409006751169985,0.025,0.0,-0.03,0.0,1.0,0.0,0.01
9,0.2999941471125247,43,0.03789883230825235,0.0,-0.02908666118804999,0.0009133388119500103,0.00908666118804999,18.17332237609998,-0.11396258378656077,0.0021016076706782444,10.903993425659987,0.025,0.0,-0.03,0.0,1.0,0.0,0.01
9,0.2999941471125247,44,0.037910659992654624,0.0,-0.030334494185869167,0.00033449418586916843,0.009665505814130832,19.331011628261663,-0.10840090760174173,0.004577408474595881,11.598606976956997,0.025,0.0,-0.03,0.0,1.0,0.0,0.01
9,0.2999941471125247,45,0.03794066621836978,0.0,-0.03157983534333433,0.001579835343334328,0.008420164656665672,16.840329313331345,0.10370855185934162,0.004371201805052777,10.104197587998806,0.025,0.0,-0.03,0.0,1.0,0.0,0.01
9,0.2999941471125247,46,0.03799278912964386,0.0,-0.03282649839957522,0.002826498399575224,0.007173501600424776,14.347003200849553,-0.08764495189251013,0.004724061780625552,8.608201920509732,0.025,0.0,-0.03,0.0,1.0,0.0,0.01
9,0.2999941471125247,47,0.03807176644464128,0.0,-0.03407039924366653,0.004070399243666534,0.0059296007563334665,11.859201512666933,0.07524068729395227,0.01611898414981497,7.1155209076001595,0.025,0.0,-0.03,0.0,1.0,0.0,0.01
9,0.2999941471125247,48,0.0386564832467294,0.0,-0.032967331402119104,0.0029673314021191055,0.007032668597880895,14.065337195761789,-0.06321507138388394,0.03621711466887228,8.439202317457072,0.025,0.0,-0.03,0.0,1.0,0.0,0.01
9,0.2999941471125247,49,0.039217379339345625,0.0,-0.0318492899087549,0.0018492899087549017,0.008150710091245099,16.301420182490197,0.07319036784032265,0.02675454008789714,9.780852109494118,0.025,0.0,-0.03,0.0,1.0,0.0,0.01
9,0.2999941471125247,50,0.039755909747175425,0.0,-0.03072306813678509,0.0007230681367850905,0.00927693186321491,18.55386372642982,-0.058932098758131636,0.04598341255120702,11.132318235857893,0.025,0.0,-0.03,0.0,1.0,0.0,0.01
9,0.2999941471125247,51,0.040278241192071185,0.0,-0.029585884682533033,0.00041411531746696553,0.009585884682533035,19.17176936506607,-0.075888791721905,0.01422435300720972,11.503061619039642,0.025,0.0,-0.03,0.0,1.0,0.0,0.01
9,0.2999941471125247,52,0.04078540692232482,0.0,-0.02844539422929302,0.001554605770706978,0.008445394229293022,16.890788458586044,0.04919118862751457,0.05130234557815218,10.134473075151627,0.025,0.0,-0.03,0.0,1.0,0.0,0.01
9,0.2999941471125247,53,0.04128421967999788,0.0,-0.027297178832462743,0.002702821167537256,0.007297178832462744,14.594357664925488,-0.07095256745982448,0.0010747302840820778,8.756614598955291,0.025,0.0,-0.03,0.0,1.0,0.0,0.01
9,0.2999941471125247,54,0.041775347170613306,0.0,-0.026149989193302046,0.0038500108066979524,0.006149989193302048,12.299978386604096,0.03142215760242039,0.05434939197366017,7.379987031962457,0.025,0.0,-0.03,0.0,1.0,0.0,0.01
9,0.2999941471125247,55,0.042266196685356604,0.0,-0.02499789524442945,0.005002104755570547,0.004997895244429453,9.995790488858905,-0.05715817352065812,0.01937195696898169,5.997474293315343,0.025,0.0,-0.03,0.0,1.0,0.0,0.01
9,0.2999941471125247,56,0.04275689966692671,0.0,-0.023850943694329777,0.006149056305670222,0.0038509436943297785,7.701887388659557,0.004035130593068128,0.0540087592344439,4.621132433195734,0.025,0.0,-0.03,0.0,1.0,0.0,0.01
9,0.2999941471125247,57,0.043255519908429144,0.0,-0.022701785164067158,0.007298214835932841,0.002701785164067159,5.403570328134318,-0.03269089449574726,0.04227310540700037,3.242142196880591,0.025,0.0,-0.03,0.0,1.0,0.0,0.01
9,0.2999941471125247,58,0.043761399624223436,0.0,-0.021562010178185285,0.008437989821814713,0.0015620101781852868,3.1240203563705737,-0.03574906295197589,0.04765108862765017,1.8744122138223442,0.025,0.0,-0.03,0.0,1.0,0.0,0.01
9,0.2999941471125247,59,0.04428341057161093,0.0,-0.020422906339919937,0.009577093660080062,0.00042290633991993835,0.8458126798398767,0.005846379152426934,0.07330025227690916,0.507487607903926,0.025,0.0,-0.03,0.0,1.0,0.0,0.01
10,0.33332683012502745,0,0.0,0.0,-0.02,0.009999999999999998,1.734723475976807e-18,3.469446951953614e-15,0.0,0.0,2.0816681711721685e-15,0.025,0.0,-0.03,0.0,1.0,0.0,0.01
10,0.33332683012502745,36,0.03807333634545663,0.0,-0.020396527828282045,0.009603472171717954,0.00039652782828204607,0.7930556565640922,-0.09093316160117948,0.0002848502124779881,0.47583339393845525,0.025,0.0,-0.03,0.0,1.0,0.0,0.01
10,0.33332683012502745,37,0.0380432095332093,0.0,-0.02164368746574437,0.00835631253425563,0.0016436874657443697,3.2873749314887393,0.1000040492335075,0.0010199295563690402,1.9724249588932434,0.025,0.0,-0.03,0.0,1.0,0.0,0.01
10,0.33332683012502745,38,0.038009436773288656,0.0,-0.022889500261999627,0.007110499738000372,0.0028895002619996283,5.779000523999256,-0.11036029631914249,0.0009999720558351351,3.4674003143995535,0.025,0.0,-0.03,0.0,1.0,0.0,0.01
10,0.33332683012502745,39,0.037975064043362546,0.0,-0.024136678416812985,0.005863321583187014,0.0041366784168129864,8.273356833625973,0.11471197723434934,0.0011782774460365698,4.964014100175584,0.025,0.0,-0.03,0.0,1.0,0.0,0.01
10,0.33332683012502745,40,0.037943195864701136,0.0,-0.025382447998197246,0.004617552001802753,0.005382447998197247,10.764895996394495,-0.11998006367337384,0.0006980009601327069,6.458937597836697,0.025,0.0,-0.03,0.0,1.0,0.0,0.01
10,0.33332683012502745,41,0.03791687690846896,0.0,-0.026629848263488975,0.003370151736511024,0.006629848263488976,13.259696526977953,0.11895898320673691,0.00035572671781882516,7.9558179161867715,0.025,0.0,-0.03,0.0,1.0,0.0,0.01
10,0.33332683012502745,42,0.03789908495918288,0.0,-0.027875832681436192,0.002124167318563807,0.007875832681436193,15.751665362872387,-0.11997413808269221,0.0008327683041464386,9.450999217723432,0.025,0.0,-0.03,0.0,1.0,0.0,0.01
10,0.33332683012502745,43,0.03789247779889725,0.0,-0.02912348531913648,0.0008765146808635202,0.00912348531913648,18.24697063827296,0.11582385341837295,0.002179506956399033,10.948182382963775,0.025,0.0,-0.03,0.0,1.0,0.0,0.01
10,0.33332683012502745,44,0.03789987336916294,0.0,-0.03036951507826686,0.00036951507826686256,0.009630484921733138,19.260969843466274,0.11372307548658589,0.00351655631235588,11.556581906079764,0.025,0.0,-0.03,0.0,1.0,0.0,0.01
10,0.33332683012502745,45,0.03792488512492101,0.0,-0.03161688777703062,0.0016168877770306178,0.008383112222969382,16.766224445938764,-0.10479107160927204,0.004997277602953897,10.059734667563259,0.025,0.0,-0.03,0.0,1.0,0.0,0.01
10,0.33332683012502745,46,0.03797121199008183,0.0,-0.03286193945914629,0.0028619394591462913,0.007138060540853709,14.276121081707418,0.09415617354842365,0.0027053631154198457,8.56567264902445,0.025,0.0,-0.03,0.0,1.0,0.0,0.01
10,0.33332683012502745,47,0.03804359082786076,0.0,-0.034107903705284895,0.004107903705284896,0.005892096294715104,11.784192589430209,-0.07907188098205918,0.02007368555026357,7.070515553658125,0.025,0.0,-0.03,0.0,1.0,0.0,0.01
10,0.33332683012502745,48,0.038710959541512664,0.0,-0.03305106498469752,0.003051064984697524,0.006948935015302476,13.897870030604953,0.07876708912960667,0.0465848023348319,8.33872201836297,0.025,0.0,-0.03,0.0,1.0,0.0,0.01
10,0.33332683012502745,49,0.039354461006487866,0.0,-0.03198138445080824,0.0019813844508082407,0.00801861554919176,16.03723109838352,-0.08578644143619543,0.05342029225367995,9.622338659030111,0.025,0.0,-0.03,0.0,1.0,0.0,0.01
10,0.33332683012502745,50,0.03997923923404042,0.0,-0.03089815433337849,0.0008981543333784897,0.00910184566662151,18.20369133324302,0.0978472925290315,0.057363027761072626,10.922214799945813,0.025,0.0,-0.03,0.0,1.0,0.0,0.01
10,0.33332683012502745,51,0.040586391593818764,0.0,-0.029807591976566655,0.00019240802343334362,0.009807591976566657,19.615183953133315,0.10409385785209599,0.061481544860908524,11.769110371879988,0.025,0.0,-0.03,0.0,1.0,0.0,0.01
10,0.33332683012502745,52,0.04118201734539377,0.0,-0.02870748177072333,0.00129251822927667,0.00870748177072333,17.41496354144666,-0.11461513253567071,0.06350163667673751,10.448978124867995,0.025,0.0,-0.03,0.0,1.0,0.0,0.01
10,0.33332683012502745,53,0.04176678955083815,0.0,-0.027605024735856062,0.0023949752641439365,0.007605024735856064,15.210049471712127,0.11802829748051756,0.067445841130357,9.126029683027276,0.025,0.0,-0.03,0.0,1.0,0.0,0.01
10,0.33332683012502745,54,0.04234755954294837,0.0,-0.02649648307543342,0.0035035169245665777,0.0064964830754334225,12.992966150866845,-0.1260538311661472,0.06803739517002191,7.795779690520106,0.025,0.0,-0.03,0.0,1.0,0.0,0.01
10,0.33332683012502745,55,0.04292442184621162,0.0,-0.025390263603250793,0.004609736396749206,0.005390263603250794,10.780527206501588,0.12594590926665472,0.07170933708711541,6.468316323900953,0.025,0.0,-0.03,0.0,1.0,0.0,0.01
10,0.33332683012502745,56,0.04350500370151886,0.0,-0.024281142565024387,0.005718857434975612,0.004281142565024388,8.562285130048776,-0.1305469735157384,0.07088373129930417,5.137371078029266,0.025,0.0,-0.03,0.0,1.0,0.0,0.01
10,0.33332683012502745,57,0.044088575439995704,0.0,-0.023179003755880504,0.006820996244119495,0.0031790037558805054,6.358007511761011,0.12609970663249737,0.07374904977886955,3.8148045070566066,0.025,0.0,-0.03,0.0,1.0,0.0,0.01
10,0.33332683012502745,58,0.044683671354182226,0.0,-0.022077124043702632,0.007922875956297367,0.002077124043702633,4.154248087405266,-0.12615758927085718,0.07113323261531154,2.4925488524431594,0.025,0.0,-0.03,0.0,1.0,0.0,0.01
10,0.33332683012502745,59,0.04528837962262337,0.0,-0.020987193927132306,0.009012806072867693,0.0009871939271323075,1.974387854264615,0.11639790616238728,0.07207144153348628,1.184632712558769,0.025,0.0,-0.03,0.0,1.0,0.0,0.01
11,0.3666595131375302,0,0.0,0.0,-0.02,0.009999999999999998,1.734723475976807e-18,3.469446951953614e-15,0.0,0.0,2.0816681711721685e-15,0.025,0.0,-0.03,0.0,1.0,0.0,0.01
11,0.3666595131375302,36,0.0380747573762198,0.0,-0.020420755881120436,0.009579244118879563,0.0004207558811204371,0.8415117622408742,0.09534042958903925,0.0004648672521488832,0.5049070573445245,0.025,0.0,-0.03,0.0,1.0,0.0,0.01
11,0.3666595131375302,37,0.038044305280439616,0.0,-0.021667696980596642,0.008332303019403357,0.0016676969805966436,3.335393961193287,-0.10865946462445653,0.0011597648064530057,2.001236376715972,0.025,0.0,-0.03,0.0,1.0,0.0,0.01
11,0.3666595131375302,38,0.03801031110399204,0.0,-0.02291377812491538,0.0070862218750846195,0.0029137781249153807,5.827556249830761,0.11746340028553492,0.0012378015436244757,3.4965337498984566,0.025,0.0,-0.03,0.0,1.0,0.0,0.01
11,0.3666595131375302,39,0.03797585128847677,0.0,-0.02416068840644892,0.00583931159355108,0.004160688406448921,8.32137681289784,-0.12629394541684566,0.0013658162679336034,4.992826087738704,0.025,0.0,-0.03,0.0,1.0,0.0,0.01
11,0.3666595131375302,40,0.03794403123459169,0.0,-0.025406779674237785,0.004593220325762214,0.005406779674237786,10.813559348475572,0.13026868198574107,0.0008969272740531274,6.488135609085343,0.025,0.0,-0.03,0.0,1.0,0.0,0.01
11,0.3666595131375302,41,0.03791792594823143,0.0,-0.026653877650402433,0.003346122349597566,0.006653877650402434,13.307755300804867,-0.13402499694897838,0.00018062936286670657,7.98465318048292,0.025,0.0,-0.03,0.0,1.0,0.0,0.01
11,0.3666595131375302,42,0.037900519519688855,0.0,-0.027900214902207284,0.0020997850977927147,0.007900214902207285,15.800429804414572,0.13380249973109684,0.0008271343173148446,9.480257882648743,0.025,0.0,-0.03,0.0,1.0,0.0,0.01
11,0.3666595131375302,43,0.037894493549388536,0.0,-0.02914751924824188,0.0008524807517581202,0.00914751924824188,18.29503849648376,-0.1362285270527228,0.002730465583425823,10.977023097890255,0.025,0.0,-0.03,0.0,1.0,0.0,0.01
11,0.3666595131375302,44,0.037902717867597954,0.0,-0.030393931442095352,0.0003939314420953535,0.009606068557904647,19.212137115809295,-0.136493326634502,0.004127570365370296,11.527282269485577,0.025,0.0,-0.03,0.0,1.0,0.0,0.01
11,0.3666595131375302,45,0.03792879945947712,0.0,-0.03164082253472918,0.0016408225347291777,0.008359177465270822,16.718354930541643,0.13901436083304838,0.0065973537573930305,10.031012958324986,0.025,0.0,-0.03,0.0,1.0,0.0,0.01
11,0.3666595131375302,46,0.03797648405271023,0.0,-0.032886288063011165,0.0028862880630111665,0.007113711936988834,14.227423873977667,-0.1270340661110641,0.004112389831063958,8.5364543243866,0.025,0.0,-0.03,0.0,1.0,0.0,0.01
11,0.3666595131375302,47,0.03805071799455703,0.0,-0.03413182814376054,0.004131828143760542,0.005868171856239458,11.736343712478917,0.11643997605694976,0.025498378798556542,7.04180622748735,0.025,0.0,-0.03,0.0,1.0,0.0,0.01
11,0.3666595131375302,48,0.03864776850406219,0.0,-0.033034143148622144,0.0030341431486221454,0.006965856851377855,13.93171370275571,-0.11996992839275636,0.05843561831636003,8.359028221653425,0.025,0.0,-0.03,0.0,1.0,0.0,0.01
11,0.3666595131375302,49,0.03921995661579469,0.0,-0.03192359492301605,0.0019235949230160532,0.008076405076983947,16.152810153967895,0.13084281556647318,0.07869060142399327,9.691686092380737,0.025,0.0,-0.03,0.0,1.0,0.0,0.01
11,0.3666595131375302,50,0.039770928052003995,0.0,-0.0308018429072517,0.0008018429072517014,0.009198157092748299,18.396314185496596,-0.15899764438345396,0.06557985216808429,11.037788511297958,0.025,0.0,-0.03,0.0,1.0,0.0,0.01
11,0.3666595131375302,51,0.04030383296697632,0.0,-0.02967162054417596,0.0003283794558240384,0.009671620544175962,19.343241088351924,-0.16273691079659977,0.1003129837433137,11.605944653011154,0.025,0.0,-0.03,0.0,1.0,0.0,0.01
11,0.3666595131375302,52,0.04082245447266191,0.0,-0.028534443394839754,0.0014655566051602446,0.008534443394839756,17.06888678967951,0.19982200074840376,0.06931378264124931,10.241332073807706,0.025,0.0,-0.03,0.0,1.0,0.0,0.01
11,0.3666595131375302,53,0.04133024985839035,0.0,-0.027392466147674648,0.0026075338523253513,0.007392466147674649,14.784932295349298,-0.1956898602817236,0.12295543827718904,8.870959377209578,0.025,0.0,-0.03,0.0,1.0,0.0,0.01
11,0.3666595131375302,54,0.04183094726808428,0.0,-0.026247313577151796,0.0037526864228482025,0.006247313577151798,12.494627154303595,0.241825937772426,0.07475821713874878,7.496776292582156,0.025,0.0,-0.03,0.0,1.0,0.0,0.01
11,0.3666595131375302,55,0.04232829900233439,0.0,-0.02510052114647395,0.004899478853526047,0.005100521146473953,10.201042292947905,-0.23048553573843591,0.1489126393971176,6.120625375768743,0.025,0.0,-0.03,0.0,1.0,0.0,0.01
11,0.3666595131375302,56,0.04282581922573146,0.0,-0.023954171437748948,0.006045828562251051,0.003954171437748949,7.908342875497898,0.28630122130757935,0.08419465017911404,4.745005725298739,0.025,0.0,-0.03,0.0,1.0,0.0,0.01
11,0.3666595131375302,57,0.04332759316104177,0.0,-0.022809076764267563,0.007190923235732435,0.002809076764267565,5.61815352853513,-0.2682726231926613,0.18052677292732322,3.3708921171210777,0.025,0.0,-0.03,0.0,1.0,0.0,0.01
11,0.3666595131375302,58,0.04383671398796641,0.0,-0.021668207505150527,0.008331792494849471,0.0016682075051505287,3.3364150103010575,0.33468435132880253,0.10024296542948288,2.001849006180634,0.025,0.0,-0.03,0.0,1.0,0.0,0.01
11,0.3666595131375302,59,0.04435771353235749,0.0,-0.020531462019444537,0.009468537980555462,0.0005314620194445379,1.0629240388890757,-0.31022985904907796,0.22060654455823048,0.6377544233334455,0.025,0.0,-0.03,0.0,1.0,0.0,0.01
12,0.3999921961500329,0,0.0,0.0,-0.02,0.009999999999999998,1.734723475976807e-18,3.469446951953614e-15,0.0,0.0,2.0816681711721685e-15,0.025,0.0,-0.03,0.0,1.0,0.0,0.01
12,0.3999921961500329,36,0.0380615243101195,0.0,-0.020428691516053206,0.009571308483946793,0.00042869151605320725,0.8573830321064145,-0.13226929862801862,0.0013943809398193256,0.5144298192638487,0.025,0.0,-0.03,0.0,1.0,0.0,0.01
12,0.3999921961500329,37,0.03803170434042978,0.0,-0.021674419789257843,0.008325580210742155,0.0016744197892578448,3.3488395785156895,0.14946401544226687,0.0005501271793549222,2.0093037471094135,0.025,0.0,-0.03,0.0,1.0,0.0,0.01
12,0.3999921961500329,38,0.037999355273774585,0.0,-0.022922000225847693,0.007077999774152306,0.002922000225847694,5.844000451695388,-0.16213594557394395,0.0020135531168059893,3.506400271017233,0.025,0.0,-0.03,0.0,1.0,0.0,0.01
12,0.3999921961500329,39,0.03796776427021827,0.0,-0.02416753216592265,0.00583246783407735,0.0041675321659226505,8.3350643318453,0.17283510503265861,0.0007795096868494197,5.00103859910718,0.025,0.0,-0.03,0.0,1.0,0.0,0.01
12,0.3999921961500329,40,0.037940169018573264,0.0,-0.02541531938831786,0.00458468061168214,0.0054153193883178605,10.830638776635721,-0.17857814898632068,0.0006219363426535969,6.498383265981433,0.025,0.0,-0.03,0.0,1.0,0.0,0.01
12,0.3999921961500329,41,0.03791983862078576,0.0,-0.026660981495338312,0.0033390185046616866,0.006660981495338314,13.321962990676628,0.1819884404096211,0.0007434325289390445,7.993177794405977,0.025,0.0,-0.03,0.0,1.0,0.0,0.01
12,0.3999921961500329,42,0.0379099737340119,0.0,-0.027908980839074934,0.0020910191609250645,0.007908980839074936,15.81796167814987,-0.18245048639871528,0.003171000634664443,9.490777006889923,0.025,0.0,-0.03,0.0,1.0,0.0,0.01
12,0.3999921961500329,43,0.03791345300206762,0.0,-0.02915473334579835,0.0008452666542016485,0.009154733345798352,18.309466691596704,0.18524735607335874,0.003989255804421841,10.985680014958023,0.025,0.0,-0.03,0.0,1.0,0.0,0.01
12,0.3999921961500329,44,0.037933447071811066,0.0,-0.03040243315151215,0.0004024331515121507,0.00959756684848785,19.1951336969757,0.1875100939376282,0.009192072035440129,11.517080218185418,0.025,0.0,-0.03,0.0,1.0,0.0,0.01
12,0.3999921961500329,45,0.037973505144943256,0.0,-0.03164750835699137,0.0016475083569913729,0.008352491643008627,16.704983286017253,-0.17657635440741656,0.007957716749506074,10.022989971610352,0.025,0.0,-0.03,0.0,1.0,0.0,0.01
12,0.3999921961500329,46,0.03803751969970384,0.0,-0.032893351650185615,0.002893351650185616,0.007106648349814384,14.213296699628769,0.15930615489603042,0.012647813045686683,8.527978019777262,0.025,0.0,-0.03,0.0,1.0,0.0,0.01
12,0.3999921961500329,47,0.03812993913738067,0.0,-0.03413642261747006,0.004136422617470062,0.005863577382529938,11.727154765059877,-0.14143641145872934,0.02228700632753019,7.036292859035926,0.025,0.0,-0.03,0.0,1.0,0.0,0.01
12,0.3999921961500329,48,0.03855778959918538,0.0,-0.032962150571821884,0.002962150571821885,0.007037849428178115,14.07569885635623,0.1305836453510298,0.04675463207864737,8.445419313813737,0.025,0.0,-0.03,0.0,1.0,0.0,0.01
12,0.3999921961500329,49,0.03895801456711922,0.0,-0.03177672557189143,0.0017767255718914299,0.00822327442810857,16.44654885621714,-0.1393932113105318,0.04222957029056487,9.867929313730285,0.025,0.0,-0.03,0.0,1.0,0.0,0.01
12,0.3999921961500329,50,0.03933354463045508,0.0,-0.030584317276183215,0.000584317276183216,0.009415682723816784,18.83136544763357,0.1348937423822091,0.055748733516189905,11.298819268580141,0.025,0.0,-0.03,0.0,1.0,0.0,0.01
12,0.3999921961500329,51,0.03968879860400419,0.0,-0.029384509446319342,0.0006154905536806567,0.009384509446319344,18.769018892638687,0.15273992617666096,0.031212968086537948,11.261411335583212,0.025,0.0,-0.03,0.0,1.0,0.0,0.01
12,0.3999921961500329,52,0.040026933859842934,0.0,-0.028180667291559616,0.0018193327084403826,0.008180667291559618,16.361334583119234,-0.14519042102994165,0.06479518292925573,9.81680074987154,0.025,0.0,-0.03,0.0,1.0,0.0,0.01
12,0.3999921961500329,53,0.04035230772847437,0.0,-0.02697236527118661,0.0030276347288133894,0.006972365271186611,13.944730542373222,0.1717298412773071,0.022968614081489203,8.366838325423933,0.025,0.0,-0.03,0.0,1.0,0.0,0.01
12,0.3999921961500329,54,0.040668315201805014,0.0,-0.025762300914383023,0.004237699085616976,0.005762300914383024,11.524601828766048,-0.16271588433712095,0.07763660029739272,6.914761097259629,0.025,0.0,-0.03,0.0,1.0,0.0,0.01
12,0.3999921961500329,55,0.04097921209078931,0.0,-0.024550238175237684,0.005449761824762315,0.004550238175237685,9.10047635047537,0.19936915695486268,0.018780484618422372,5.460285810285222,0.025,0.0,-0.03,0.0,1.0,0.0,0.01
12,0.3999921961500329,56,0.04128856849545792,0.0,-0.023338292248788202,0.006661707751211797,0.0033382922487882032,6.676584497576407,-0.1908673235625653,0.09570519347812279,4.005950698545844,0.025,0.0,-0.03,0.0,1.0,0.0,0.01
12,0.3999921961500329,57,0.04160050856320159,0.0,-0.022126644745079808,0.007873355254920191,0.002126644745079809,4.253289490159618,0.23940603967705085,0.020470074112882694,2.551973694095771,0.025,0.0,-0.03,0.0,1.0,0.0,0.01
12,0.3999921961500329,58,0.0419187495898536,0.0,-0.020916884889101726,0.009083115110898272,0.0009168848891017278,1.8337697782034554,-0.23354975585931778,0.12137818555889307,1.1002618669220732,0.025,0.0,-0.03,0.0,1.0,0.0,0.01
13,0.43332487916253565,0,0.0,0.0,-0.02,0.009999999999999998,1.734723475976807e-18,3.469446951953614e-15,0.0,0.0,2.0816681711721685e-15,0.025,0.0,-0.03,0.0,1.0,0.0,0.01
13,0.43332487916253565,36,0.038053038786106046,0.0,-0.020394649665210086,0.009605350334789913,0.00039464966521008706,0.7892993304201741,0.1384606737084545,0.0003315770790956355,0.47357959825210444,0.025,0.0,-0.03,0.0,1.0,0.0,0.01
13,0.43332487916253565,37,0.038025478743759,0.0,-0.021641446168422673,0.008358553831577326,0.0016414461684226746,3.2828923368453493,-0.1541409341657901,0.0007599375369613416,1.9697354021072095,0.025,0.0,-0.03,0.0,1.0,0.0,0.01
13,0.43332487916253565,38,0.03799610031335413,0.0,-0.022888006516989037,0.007111993483010962,0.0028880065169890386,5.776013033978077,0.1693984107826804,0.000780813209197644,3.4656078203868463,0.025,0.0,-0.03,0.0,1.0,0.0,0.01
13,0.43332487916253565,39,0.03796828091133781,0.0,-0.024134815308773087,0.0058651846912269115,0.004134815308773089,8.269630617546177,-0.17834468190706068,0.0004984145952800535,4.961778370527706,0.025,0.0,-0.03,0.0,1.0,0.0,0.01
13,0.43332487916253565,40,0.0379453904292263,0.0,-0.02538147196898936,0.004618528031010639,0.0053814719689893615,10.762943937978722,0.18639436922770916,0.0007233773799136208,6.4577663627872335,0.025,0.0,-0.03,0.0,1.0,0.0,0.01
13,0.43332487916253565,41,0.037930797921042994,0.0,-0.026628461577999005,0.0033715384220009935,0.006628461577999007,13.256923155998013,-0.18775785495473202,0.0017623331173097243,7.954153893598807,0.025,0.0,-0.03,0.0,1.0,0.0,0.01
13,0.43332487916253565,42,0.037927846605811395,0.0,-0.027875242771320197,0.002124757228679802,0.007875242771320198,15.750485542640396,0.18802201975471816,0.004272959848246186,9.450291325584237,0.025,0.0,-0.03,0.0,1.0,0.0,0.01
13,0.43332487916253565,43,0.03793965915122203,0.0,-0.02912214220219211,0.0008778577978078884,0.009122142202192112,18.244284404384224,-0.1855893378127057,0.005927667877666101,10.946570642630535,0.025,0.0,-0.03,0.0,1.0,0.0,0.01
13,0.43332487916253565,44,0.03796938739833692,0.0,-0.030368457100181264,0.0003684571001812652,0.009631542899818735,19.26308579963747,-0.1851081489461666,0.010108080767453568,11.557851479782482,0.025,0.0,-0.03,0.0,1.0,0.0,0.01
13,0.43332487916253565,45,0.038020655282404836,0.0,-0.03161413228789577,0.001614132287895774,0.008385867712104226,16.77173542420845,0.17059361990004557,0.01052334506839894,10.06304125452507,0.025,0.0,-0.03,0.0,1.0,0.0,0.01
13,0.43332487916253565,46,0.03809700240548143,0.0,-0.03285829622282003,0.0028582962228200295,0.007141703777179971,14.283407554359941,-0.15527880082428872,0.011976841829148372,8.570044532615965,0.025,0.0,-0.03,0.0,1.0,0.0,0.01
13,0.43332487916253565,47,0.03820267126684429,0.0,-0.03410083460950969,0.00410083460950969,0.00589916539049031,11.798330780980619,0.13497457688292583,0.014944205601268917,7.078998468588371,0.025,0.0,-0.03,0.0,1.0,0.0,0.01
13,0.43332487916253565,48,0.03857631412260943,0.0,-0.03290695522382985,0.0029069552238298532,0.007093044776170147,14.186089552340293,-0.12560494539639136,0.036397343719275894,8.511653731404175,0.025,0.0,-0.03,0.0,1.0,0.0,0.01
13,0.43332487916253565,49,0.03892119601137837,0.0,-0.03170438163112915,0.0017043816311291538,0.008295618368870846,16.591236737741692,0.12365779123651077,0.03687832438268055,9.954742042645014,0.025,0.0,-0.03,0.0,1.0,0.0,0.01
13,0.43332487916253565,50,0.039241129832503094,0.0,-0.030494742118671203,0.0004947421186712042,0.009505257881328796,19.01051576265759,-0.1244113396750068,0.03536867851524883,11.406309457594555,0.025,0.0,-0.03,0.0,1.0,0.0,0.01
13,0.43332487916253565,51,0.03953993359193495,0.0,-0.029279652202062415,0.0007203477979375837,0.009279652202062416,18.559304404124834,-0.12680770569384187,0.03163896016276268,11.1355826424749,0.025,0.0,-0.03,0.0,1.0,0.0,0.01
13,0.43332487916253565,52,0.03982152774419534,0.0,-0.02806034209361294,0.00193965790638706,0.00806034209361294,16.12068418722588,0.1300662645843202,0.03463850496450986,9.672410512335528,0.025,0.0,-0.03,0.0,1.0,0.0,0.01
13,0.43332487916253565,53,0.04008982807557879,0.0,-0.02683798636649613,0.003162013633503869,0.006837986366496131,13.675972732992262,-0.13717226113868913,0.02946529976463831,8.205583639795357,0.025,0.0,-0.03,0.0,1.0,0.0,0.01
13,0.43332487916253565,54,0.040348793917680176,0.0,-0.025613578616985547,0.0043864213830144515,0.005613578616985549,11.227157233971097,0.1443453339153002,0.0375887744842389,6.736294340382658,0.025,0.0,-0.03,0.0,1.0,0.0,0.01
13,0.43332487916253565,55,0.0406023967612559,0.0,-0.024387994546825418,0.005612005453174581,0.004387994546825419,8.77598909365084,-0.15777095083365397,0.031137118277072336,5.265593456190503,0.025,0.0,-0.03,0.0,1.0,0.0,0.01
13,0.43332487916253565,56,0.04085459898989308,0.0,-0.02316216763499824,0.00683783236500176,0.00316216763499824,6.324335269996481,0.17072060414949097,0.0452239983629323,3.794601161997888,0.025,0.0,-0.03,0.0,1.0,0.0,0.01
13,0.43332487916253565,57,0.041109404649829435,0.0,-0.021936807337508947,0.008063192662491052,0.0019368073375089483,3.8736146750178966,-0.19269382481458294,0.038123349481872605,2.324168805010738,0.025,0.0,-0.03,0.0,1.0,0.0,0.01
13,0.43332487916253565,58,0.04137075015225898,0.0,-0.02071297637788681,0.00928702362211319,0.000712976377886811,1.425952755773622,0.2139310246340146,0.05976533009083703,0.8555716534641732,0.025,0.0,-0.03,0.0,1.0,0.0,0.01
14,0.4666575621750384,0,0.0,0.0,-0.02,0.009999999999999998,1.734723475976807e-18,3.469446951953614e-15,0.0,0.0,2.0816681711721685e-15,0.025,0.0,-0.03,0.0,1.0,0.0,0.01
14,0.4666575621750384,36,0.0380574055528808,0.0,-0.020387275359045165,0.009612724640954834,0.0003872753590451663,0.7745507180903326,-0.08512388022840608,5.474424942514165e-05,0.4647304308541995,0.025,0.0,-0.03,0.0,1.0,0.0,0.01
14,0.4666575621750384,37,0.03802856859383083,0.0,-0.021633954026585918,0.008366045973414081,0.0016339540265859192,3.2679080531718383,0.09561367432700271,0.0008746059114696335,1.960744831903103,0.025,0.0,-0.03,0.0,1.0,0.0,0.01
14,0.4666575621750384,38,0.03799721945332219,0.0,-0.022880495819229903,0.0071195041807700955,0.0028804958192299047,5.760991638459809,-0.10475499452567938,0.0005681880043064645,3.4565949830758855,0.025,0.0,-0.03,0.0,1.0,0.0,0.01
14,0.4666575621750384,39,0.03796661731262494,0.0,-0.02412714159432025,0.005872858405679748,0.004127141594320252,8.254283188640503,0.11132628225526948,0.000727746084149358,4.952569913184302,0.025,0.0,-0.03,0.0,1.0,0.0,0.01
14,0.4666575621750384,40,0.03794002636144402,0.0,-0.025373775093223645,0.004626224906776354,0.005373775093223647,10.747550186447294,-0.11625562420381982,6.357175816001263e-05,6.448530111868376,0.025,0.0,-0.03,0.0,1.0,0.0,0.01
14,0.4666575621750384,41,0.037920697989477496,0.0,-0.026620599124389195,0.0033794008756108038,0.0066205991243891964,13.241198248778392,0.11842213441530137,0.000699187449520557,7.944718949267035,0.025,0.0,-0.03,0.0,1.0,0.0,0.01
14,0.4666575621750384,42,0.0379118414542339,0.0,-0.027867425314488263,0.002132574685511736,0.007867425314488264,15.73485062897653,-0.11823094084817745,0.0016049201522265312,9.440910377385917,0.025,0.0,-0.03,0.0,1.0,0.0,0.01
14,0.4666575621750384,43,0.03791637602061116,0.0,-0.029114308844122094,0.0008856911558779053,0.009114308844122095,18.22861768824419,0.1169179802653863,0.003679026982319171,10.937170612946513,0.025,0.0,-0.03,0.0,1.0,0.0,0.01
14,0.4666575621750384,44,0.03793732694948543,0.0,-0.030360878266411987,0.0003608782664119882,0.009639121733588012,19.278243467176026,0.11544704207708875,0.0043241927046105575,11.566946080305614,0.025,0.0,-0.03,0.0,1.0,0.0,0.01
14,0.4666575621750384,45,0.03797834665079405,0.0,-0.03160697783969659,0.0016069778396965925,0.008393022160303408,16.786044320606816,-0.10848671683549437,0.0073506335562917155,10.071626592364089,0.025,0.0,-0.03,0.0,1.0,0.0,0.01
14,0.4666575621750384,46,0.03804310714665882,0.0,-0.032851861289431274,0.0028518612894312748,0.0071481387105687254,14.29627742113745,0.09991893713552968,0.004612919518662165,8.57776645268247,0.025,0.0,-0.03,0.0,1.0,0.0,0.01
14,0.4666575621750384,47,0.03813623919500376,0.0,-0.03409569518866657,0.004095695188666572,0.005904304811333428,11.808609622666857,-0.0895976171941434,0.0105368661507551,7.085165773600115,0.025,0.0,-0.03,0.0,1.0,0.0,0.01
14,0.4666575621750384,48,0.03856740786730409,0.0,-0.03292199967615992,0.0029219996761599212,0.007078000323840079,14.156000647680157,0.0877299719245113,0.029612410894341214,8.493600388608094,0.025,0.0,-0.03,0.0,1.0,0.0,0.01
14,0.4666575621750384,49,0.03897081992752901,0.0,-0.03173835872000433,0.0017383587200043293,0.008261641279995671,16.52328255999134,-0.0888616790461449,0.03500479525977084,9.913969535994804,0.025,0.0,-0.03,0.0,1.0,0.0,0.01
14,0.4666575621750384,50,0.03935026032092889,0.0,-0.030546688922210633,0.0005466889222106343,0.009453311077789366,18.90662215557873,0.0988220436154792,0.02664503769717065,11.343973293347238,0.025,0.0,-0.03,0.0,1.0,0.0,0.01
14,0.4666575621750384,51,0.03970960225191291,0.0,-0.029348664318982493,0.0006513356810175057,0.009348664318982495,18.69732863796499,0.09949569963855918,0.04036047084230733,11.218397182778993,0.025,0.0,-0.03,0.0,1.0,0.0,0.01
14,0.4666575621750384,52,0.0400527388505014,0.0,-0.028145891599452882,0.0018541084005471165,0.008145891599452884,16.29178319890577,-0.11486450796588173,0.023417334183902152,9.77506991934346,0.025,0.0,-0.03,0.0,1.0,0.0,0.01
14,0.4666575621750384,53,0.04038370443705083,0.0,-0.026939522354464118,0.0030604776455358806,0.0069395223544641196,13.87904470892824,0.11573924253883887,0.0481404273736537,8.327426825356943,0.025,0.0,-0.03,0.0,1.0,0.0,0.01
14,0.4666575621750384,54,0.04070641668955943,0.0,-0.025731063696566393,0.004268936303433606,0.005731063696566395,11.46212739313279,-0.13761499310843756,0.023037005466401948,6.877276435879673,0.025,0.0,-0.03,0.0,1.0,0.0,0.01
14,0.4666575621750384,55,0.04102502621661298,0.0,-0.024521237187508448,0.005478762812491551,0.004521237187508449,9.042474375016898,0.14029055483551892,0.05969315322446178,5.425484625010139,0.025,0.0,-0.03,0.0,1.0,0.0,0.01
14,0.4666575621750384,56,0.041343405491322746,0.0,-0.023311691716023517,0.006688308283976482,0.0033116917160235185,6.623383432047037,-0.1703189360550619,0.0270226147348715,3.974030059228222,0.025,0.0,-0.03,0.0,1.0,0.0,0.01
14,0.4666575621750384,57,0.04166581013269106,0.0,-0.022102786777507554,0.007897213222492445,0.0021027867775075555,4.2055735550151105,0.17667558233399297,0.07701646089875444,2.5233441330090662,0.025,0.0,-0.03,0.0,1.0,0.0,0.01
14,0.4666575621750384,58,0.041995988167484205,0.0,-0.02089659059521016,0.00910340940478984,0.0008965905952101599,1.7931811904203196,-0.2171809429078942,0.038034910502247714,1.0759087142521917,0.025,0.0,-0.03,0.0,1.0,0.0,0.01
15,0.49999024518754115,0,0.0,0.0,-0.02,0.009999999999999998,1.734723475976807e-18,3.469446951953614e-15,0.0,0.0,2.0816681711721685e-15,0.025,0.0,-0.03,0.0,1.0,0.0,0.01
15,0.49999024518754115,36,0.03806448089886049,0.0,-0.020396705853252768,0.00960329414674723,0.00039670585325276946,0.7934117065055389,0.04561428722402315,0.00036834725306542944,0.4760470239033233,0.025,0.0,-0.03,0.0,1.0,0.0,0.01
15,0.49999024518754115,37,0.0380350259414075,0.0,-0.021643329625091023,0.008356670374908975,0.0016433296250910247,3.2866592501820495,-0.05215867648895105,0.00026170695843963886,1.9719955501092297,0.025,0.0,-0.03,0.0,1.0,0.0,0.01
15,0.49999024518754115,38,0.038002596057316824,0.0,-0.022889849784303803,0.007110150215696196,0.002889849784303804,5.779699568607608,0.05635634714783724,0.000627370915646749,3.467819741164565,0.025,0.0,-0.03,0.0,1.0,0.0,0.01
15,0.49999024518754115,39,0.037970377487565446,0.0,-0.02413642454152697,0.00586357545847303,0.0041364245415269705,8.272849083053941,-0.06082688873133244,0.0003589861188734165,4.963709449832365,0.025,0.0,-0.03,0.0,1.0,0.0,0.01
15,0.49999024518754115,40,0.03794155508159111,0.0,-0.025383007232955758,0.004616992767044241,0.005383007232955759,10.76601446591152,0.06281511487888498,0.000262563258105884,6.459608679546911,0.025,0.0,-0.03,0.0,1.0,0.0,0.01
15,0.49999024518754115,41,0.03791930899909166,0.0,-0.026629775519973125,0.003370224480026874,0.006629775519973126,13.259551039946253,-0.06496445326281826,0.0001433779619052588,7.955730623967751,0.025,0.0,-0.03,0.0,1.0,0.0,0.01
15,0.49999024518754115,42,0.03790674667050141,0.0,-0.02787656098551461,0.00212343901448539,0.00787656098551461,15.75312197102922,0.06371979647534493,0.0008367502837133331,9.45187318261753,0.025,0.0,-0.03,0.0,1.0,0.0,0.01
15,0.49999024518754115,43,0.037906679152620415,0.0,-0.029123472458222697,0.000876527541777302,0.009123472458222698,18.246944916445397,-0.06347705524562504,0.0013051765531545212,10.948166949867238,0.025,0.0,-0.03,0.0,1.0,0.0,0.01
15,0.49999024518754115,44,0.03792206772343942,0.0,-0.030370148397224662,0.0003701483972246636,0.009629851602775337,19.25970320555067,-0.061520356119996934,0.0027121185569874843,11.555821923330402,0.025,0.0,-0.03,0.0,1.0,0.0,0.01
15,0.49999024518754115,45,0.03795652364817322,0.0,-0.03161645784652579,0.0016164578465257887,0.008383542153474212,16.767084306948423,0.06054483283405792,0.0027388456789360443,10.060250584169053,0.025,0.0,-0.03,0.0,1.0,0.0,0.01
15,0.49999024518754115,46,0.03801377322697666,0.0,-0.03286175697781276,0.0028617569778127613,0.007138243022187239,14.276486044374478,-0.05532007350833816,0.0033606382542927665,8.565891626624687,0.025,0.0,-0.03,0.0,1.0,0.0,0.01
15,0.49999024518754115,47,0.03809859203830949,0.0,-0.034106317414846085,0.004106317414846086,0.005893682585153914,11.787365170307828,0.05097667118921172,0.009533032442990811,7.072419102184696,0.025,0.0,-0.03,0.0,1.0,0.0,0.01
15,0.49999024518754115,48,0.03860043143031087,0.0,-0.03296148477344842,0.0029614847734484237,0.0070385152265515765,14.077030453103154,-0.04924342999123887,0.02210256086918157,8.446218271861891,0.025,0.0,-0.03,0.0,1.0,0.0,0.01
15,0.49999024518754115,49,0.03907573236440019,0.0,-0.031805440195495666,0.0018054401954956667,0.008194559804504334,16.389119609008667,0.056848200430483685,0.020586813200869497,9.8334717654052,0.025,0.0,-0.03,0.0,1.0,0.0,0.01
15,0.49999024518754115,50,0.039528322474655805,0.0,-0.03063990906220912,0.0006399090622091208,0.00936009093779088,18.72018187558176,-0.05790316959636117,0.02885293870972194,11.232109125349055,0.025,0.0,-0.03,0.0,1.0,0.0,0.01
15,0.49999024518754115,51,0.03996173557860728,0.0,-0.02946737134216643,0.0005326286578335691,0.009467371342166431,18.93474268433286,-0.06957913528308918,0.019463740472794085,11.360845610599716,0.025,0.0,-0.03,0.0,1.0,0.0,0.01
15,0.49999024518754115,52,0.04038009781317816,0.0,-0.02828883325729117,0.0017111667427088285,0.008288833257291172,16.577666514582344,0.06905643464854086,0.03532255977984285,9.946599908749405,0.025,0.0,-0.03,0.0,1.0,0.0,0.01
15,0.49999024518754115,53,0.04078695752703695,0.0,-0.027106794165331596,0.0028932058346684032,0.007106794165331597,14.213588330663194,-0.08474337393308923,0.019437639201295095,8.528152998397916,0.025,0.0,-0.03,0.0,1.0,0.0,0.01
15,0.49999024518754115,54,0.04118668297237162,0.0,-0.025921562700218028,0.004078437299781971,0.005921562700218029,11.843125400436058,0.08341096781464612,0.04358406130718765,7.105875240261635,0.025,0.0,-0.03,0.0,1.0,0.0,0.01
15,0.49999024518754115,55,0.04158271605963417,0.0,-0.024735962836286762,0.005264037163713237,0.004735962836286764,9.471925672573526,-0.10378333457608975,0.021588542304094537,5.683155403544116,0.025,0.0,-0.03,0.0,1.0,0.0,0.01
15,0.49999024518754115,56,0.0419796741684353,0.0,-0.02354958251841232,0.006450417481587679,0.003549582518412321,7.099165036824641,0.10252632982599834,0.05475726555899006,4.259499022094785,0.025,0.0,-0.03,0.0,1.0,0.0,0.01
15,0.49999024518754115,57,0.04238074472193838,0.0,-0.02236594714590793,0.00763405285409207,0.00236594714590793,4.73189429181586,-0.12853908960733743,0.02731908012001184,2.839136575089516,0.025,0.0,-0.03,0.0,1.0,0.0,0.01
15,0.49999024518754115,58,0.04279086206708935,0.0,-0.02118382672540869,0.008816173274591308,0.0011838267254086921,2.367653450817384,0.1283465218443283,0.07052577816295244,1.4205920704904305,0.025,0.0,-0.03,0.0,1.0,0.0,0.01
15,0.49999024518754115,59,0.04321274698722573,0.0,-0.020007914170473536,0.009992085829526463,7.914170473537555e-06,0.01582834094707511,-0.1612555808903511,0.03876928121089405,0.009497004568245065,0.025,0.0,-0.03,0.0,1.0,0.0,0.01
16,0.5333229282000439,0,0.0,0.0,-0.02,0.009999999999999998,1.734723475976807e-18,3.469446951953614e-15,0.0,0.0,2.0816681711721685e-15,0.025,0.0,-0.03,0.0,1.0,0.0,0.01
16,0.5333229282000439,36,0.03806816812005446,0.0,-0.02040898983342249,0.00959101016657751,0.00040898983342249097,0.8179796668449819,-0.028867628045127467,8.753582774952572e-05,0.49078780010698914,0.025,0.0,-0.03,0.0,1.0,0.0,0.01
16,0.5333229282000439,37,0.038038331277413705,0.0,-0.02165550825750527,0.008344491742494728,0.0016555082575052723,3.3110165150105444,0.03161439495860229,0.0003253456085294631,1.9866099090063265,0.025,0.0,-0.03,0.0,1.0,0.0,0.01
16,0.5333229282000439,38,0.03800534726930091,0.0,-0.0229021235142816,0.007097876485718399,0.002902123514281601,5.804247028563203,-0.03511467626961995,0.0003006687803524003,3.4825482171379214,0.025,0.0,-0.03,0.0,1.0,0.0,0.01
16,0.5333229282000439,39,0.03797237513159516,0.0,-0.024148551256267945,0.005851448743732054,0.004148551256267946,8.297102512535893,0.03641108059631001,0.0003441465826871658,4.978261507521536,0.025,0.0,-0.03,0.0,1.0,0.0,0.01
16,0.5333229282000439,40,0.037942569096983764,0.0,-0.025395255328732633,0.0046047446712673655,0.005395255328732635,10.79051065746527,-0.0383536996734043,0.00016455454528560237,6.474306394479162,0.025,0.0,-0.03,0.0,1.0,0.0,0.01
16,0.5333229282000439,41,0.03791908244058504,0.0,-0.026641841368502214,0.0033581586314977846,0.006641841368502216,13.283682737004431,0.038014235179402944,3.937240758331388e-05,7.970209642202659,0.025,0.0,-0.03,0.0,1.0,0.0,0.01
16,0.5333229282000439,42,0.03790498234134593,0.0,-0.027888786800991765,0.002111213199008234,0.007888786800991766,15.777573601983532,-0.03793177205135777,0.000370567410959209,9.466544161190118,0.025,0.0,-0.03,0.0,1.0,0.0,0.01
16,0.5333229282000439,43,0.03790303479080802,0.0,-0.029135531631323576,0.0008644683686764229,0.009135531631323577,18.271063262647154,0.03623806670267992,0.0008251365873644213,10.962637957588292,0.025,0.0,-0.03,0.0,1.0,0.0,0.01
16,0.5333229282000439,44,0.03791619443755977,0.0,-0.030382409321588363,0.0003824093215883638,0.009617590678411636,19.235181356823272,0.03579182700138789,0.0012680338026250133,11.541108814093963,0.025,0.0,-0.03,0.0,1.0,0.0,0.01
16,0.5333229282000439,45,0.03794804273989876,0.0,-0.03162864679636271,0.0016286467963627094,0.00837135320363729,16.742706407274582,-0.03370532279248218,0.001757419178299274,10.04562384436475,0.025,0.0,-0.03,0.0,1.0,0.0,0.01
16,0.5333229282000439,46,0.038002353450765705,0.0,-0.032874246847783645,0.002874246847783646,0.007125753152216354,14.25150630443271,0.030457336178418434,0.0014308257415060683,8.550903782659626,0.025,0.0,-0.03,0.0,1.0,0.0,0.01
16,0.5333229282000439,47,0.03808393286935611,0.0,-0.03411886532671362,0.004118865326713621,0.0058811346732863794,11.76226934657276,-0.025428099290570223,0.004474820594034988,7.057361607943656,0.025,0.0,-0.03,0.0,1.0,0.0,0.01
16,0.5333229282000439,48,0.03861669972483947,0.0,-0.032988536857907376,0.002988536857907377,0.007011463142092623,14.022926284185246,0.024402448457964118,0.010871421330550822,8.413755770511147,0.025,0.0,-0.03,0.0,1.0,0.0,0.01
16,0.5333229282000439,49,0.03912368790044942,0.0,-0.03184589216725991,0.001845892167259909,0.008154107832740091,16.308215665480184,-0.02429963355418314,0.01132423847423693,9.78492939928811,0.025,0.0,-0.03,0.0,1.0,0.0,0.01
16,0.5333229282000439,50,0.03960815948850634,0.0,-0.030693857021672648,0.0006938570216726489,0.009306142978327351,18.612285956654702,0.025920289310914137,0.011016100996957158,11.16737157399282,0.025,0.0,-0.03,0.0,1.0,0.0,0.01
16,0.5333229282000439,51,0.0400741755777496,0.0,-0.02953355805718388,0.0004664419428161183,0.009533558057183882,19.067116114367764,0.02538225661920098,0.011036732997012829,11.440269668620658,0.025,0.0,-0.03,0.0,1.0,0.0,0.01
16,0.5333229282000439,52,0.04052503423747601,0.0,-0.02836789499719938,0.0016321050028006191,0.008367894997199381,16.73578999439876,-0.026480311475055078,0.010293310956976474,10.041473996639256,0.025,0.0,-0.03,0.0,1.0,0.0,0.01
16,0.5333229282000439,53,0.040965101222970625,0.0,-0.02719721845453005,0.0028027815454699477,0.0071972184545300525,14.394436909060104,0.025085968055866305,0.010465390978967898,8.636662145436063,0.025,0.0,-0.03,0.0,1.0,0.0,0.01
16,0.5333229282000439,54,0.04139759854817545,0.0,-0.026024687944319242,0.003975312055680757,0.006024687944319243,12.049375888638487,-0.025421428949706143,0.009326205113856203,7.229625533183092,0.025,0.0,-0.03,0.0,1.0,0.0,0.01
16,0.5333229282000439,55,0.04182718178320634,0.0,-0.024849863693680523,0.005150136306319476,0.004849863693680524,9.699727387361047,0.022945161547682724,0.009522124788983583,5.819836432416628,0.025,0.0,-0.03,0.0,1.0,0.0,0.01
16,0.5333229282000439,56,0.042256845225402025,0.0,-0.02367651510165887,0.006323484898341128,0.0036765151016588723,7.353030203317744,-0.022195886415415374,0.007903167703799764,4.411818121990646,0.025,0.0,-0.03,0.0,1.0,0.0,0.01
16,0.5333229282000439,57,0.042691585593090664,0.0,-0.022503330264365337,0.007496669735634662,0.0025033302643653384,5.006660528730677,0.01830379618935915,0.007848627143757886,3.003996317238406,0.025,0.0,-0.03,0.0,1.0,0.0,0.01
16,0.5333229282000439,58,0.04313396428655603,0.0,-0.021335126826452187,0.008664873173547812,0.0013351268264521887,2.6702536529043774,-0.016021488497183784,0.005532106534277534,1.6021521917426265,0.025,0.0,-0.03,0.0,1.0,0.0,0.01
16,0.5333229282000439,59,0.04358945068084711,0.0,-0.02016954325721095,0.00983045674278905,0.00016954325721094989,0.33908651442189974,0.010256663327671141,0.004741375000473618,0.20345190865313983,0.025,0.0,-0.03,0.0,1.0,0.0,0.01
17,0.5666556112125466,0,0.0,0.0,-0.02,0.009999999999999998,1.734723475976807e-18,3.469446951953614e-15,0.0,0.0,2.0816681711721685e-15,0.025,0.0,-0.03,0.0,1.0,0.0,0.01
17,0.5666556112125466,36,0.038068009246728096,0.0,-0.020418953336250507,0.009581046663749492,0.000418953336250508,0.837906672501016,0.01856638948740884,3.149149934112274e-05,0.5027440035006095,0.025,0.0,-0.03,0.0,1.0,0.0,0.01
17,0.5666556112125466,37,0.03803807172892837,0.0,-0.02166566359612288,0.00833433640387712,0.0016656635961228797,3.3313271922457597,-0.021015282611964597,0.0002502193103689806,1.9987963153474557,0.025,0.0,-0.03,0.0,1.0,0.0,0.01
17,0.5666556112125466,38,0.03800508972301218,0.0,-0.022912079658878225,0.007087920341121774,0.002912079658878226,5.824159317756452,0.02201111909833151,0.00016549590721903645,3.4944955906538713,0.025,0.0,-0.03,0.0,1.0,0.0,0.01
17,0.5666556112125466,39,0.037972232277306554,0.0,-0.024158751257930274,0.005841248742069725,0.004158751257930275,8.31750251586055,-0.02323764116789136,0.00023985182093268892,4.99050150951633,0.025,0.0,-0.03,0.0,1.0,0.0,0.01
17,0.5666556112125466,40,0.03794267573502442,0.0,-0.025405217806623016,0.004594782193376983,0.005405217806623017,10.810435613246034,0.02290631479211589,0.00010138301052667286,6.48626136794762,0.025,0.0,-0.03,0.0,1.0,0.0,0.01
17,0.5666556112125466,41,0.03791958509419944,0.0,-0.02665208995491232,0.003347910045087679,0.006652089954912321,13.304179909824642,-0.022734267301256123,4.296827136408727e-05,7.982507945894785,0.025,0.0,-0.03,0.0,1.0,0.0,0.01
17,0.5666556112125466,42,0.03790604396968674,0.0,-0.027898769055083067,0.002101230944916932,0.007898769055083068,15.797538110166137,0.021555004774494985,0.0001740631316098903,9.478522866099683,0.025,0.0,-0.03,0.0,1.0,0.0,0.01
17,0.5666556112125466,43,0.037904850282635426,0.0,-0.02914578856615328,0.0008542114338467195,0.00914578856615328,18.29157713230656,-0.021220061055514015,0.000609323745966178,10.974946279383936,0.025,0.0,-0.03,0.0,1.0,0.0,0.01
17,0.5666556112125466,44,0.037918963987850426,0.0,-0.03039239116491583,0.00039239116491582987,0.00960760883508417,19.21521767016834,-0.019935190735462592,0.000581012070900509,11.529130602101004,0.025,0.0,-0.03,0.0,1.0,0.0,0.01
17,0.5666556112125466,45,0.03795201670324118,0.0,-0.03163883333013776,0.0016388333301377636,0.008361166669862237,16.72233333972447,0.019459298109666942,0.0012229585639060383,10.033400003834682,0.025,0.0,-0.03,0.0,1.0,0.0,0.01
17,0.5666556112125466,46,0.03800773235859344,0.0,-0.03288412293211607,0.0028841229321160677,0.0071158770678839325,14.231754135767865,-0.01459377256991927,0.0005424065791800851,8.539052481460718,0.025,0.0,-0.03,0.0,1.0,0.0,0.01
17,0.5666556112125466,47,0.038090924208614305,0.0,-0.03412887677504675,0.0041288767750467525,0.005871123224953248,11.742246449906496,0.010365906213621016,0.0006259023545795307,7.045347869943897,0.025,0.0,-0.03,0.0,1.0,0.0,0.01
17,0.5666556112125466,48,0.038599973017449246,0.0,-0.0329872317254789,0.002987231725478899,0.007012768274521101,14.025536549042203,-0.006567368892237864,0.0017283409239904344,8.415321929425321,0.025,0.0,-0.03,0.0,1.0,0.0,0.01
17,0.5666556112125466,49,0.039082516825179735,0.0,-0.031834294380323806,0.0018342943803238074,0.008165705619676193,16.331411239352384,0.0017494742567895879,0.003400354744644735,9.79884674361143,0.025,0.0,-0.03,0.0,1.0,0.0,0.01
17,0.5666556112125466,50,0.03954236862207875,0.0,-0.03067162754413472,0.000671627544134721,0.00932837245586528,18.65674491173056,-0.00021772624856354733,0.004109166982637634,11.194046947038336,0.025,0.0,-0.03,0.0,1.0,0.0,0.01
17,0.5666556112125466,51,0.03998292828777233,0.0,-0.029501832711961235,0.0004981672880387637,0.009501832711961236,19.003665423922474,0.008423408708603043,0.0025390145725740425,11.402199254353484,0.025,0.0,-0.03,0.0,1.0,0.0,0.01
17,0.5666556112125466,52,0.040408279183657254,0.0,-0.028325844888729183,0.0016741551112708156,0.008325844888729185,16.65168977745837,-0.009804979158271426,0.011189078347466026,9.99101386647502,0.025,0.0,-0.03,0.0,1.0,0.0,0.01
17,0.5666556112125466,53,0.04082188006156635,0.0,-0.027146183952615553,0.0028538160473844457,0.0071461839526155545,14.292367905231108,0.023025685846379783,0.0005159873836051679,8.575420743138665,0.025,0.0,-0.03,0.0,1.0,0.0,0.01
17,0.5666556112125466,54,0.04122800711758776,0.0,-0.02596321878141114,0.0040367812185888585,0.005963218781411142,11.926437562822283,-0.025263539096729317,0.02004536490815547,7.15586253769337,0.025,0.0,-0.03,0.0,1.0,0.0,0.01
17,0.5666556112125466,55,0.041630074346127574,0.0,-0.024779627923972033,0.005220372076027966,0.004779627923972034,9.559255847944069,0.0440856621930268,0.003721420007677622,5.735553508766441,0.025,0.0,-0.03,0.0,1.0,0.0,0.01
17,0.5666556112125466,56,0.04203253554391592,0.0,-0.023595254832514363,0.006404745167485636,0.003595254832514364,7.190509665028728,-0.04844686742318483,0.032047739693182496,4.314305799017236,0.025,0.0,-0.03,0.0,1.0,0.0,0.01
17,0.5666556112125466,57,0.042438642561441614,0.0,-0.022413225486459108,0.007586774513540891,0.002413225486459109,4.8264509729182175,0.07435161362741143,0.011972574323215286,2.89587058375093,0.025,0.0,-0.03,0.0,1.0,0.0,0.01
17,0.5666556112125466,58,0.04285305450087723,0.0,-0.021232851500484633,0.008767148499515365,0.0012328515004846347,2.4657030009692695,-0.08243428990742618,0.049512833770337494,1.4794218005815616,0.025,0.0,-0.03,0.0,1.0,0.0,0.01
17,0.5666556112125466,59,0.043278704187172806,0.0,-0.020058053102285592,0.009941946897714406,5.805310228559381e-05,0.11610620457118762,0.11742037032156222,0.027243093290691314,0.06966372274271257,0.025,0.0,-0.03,0.0,1.0,0.0,0.01
18,0.5999882942250494,0,0.0,0.0,-0.02,0.009999999999999998,1.734723475976807e-18,3.469446951953614e-15,0.0,0.0,2.0816681711721685e-15,0.025,0.0,-0.03,0.0,1.0,0.0,0.01
18,0.5999882942250494,36,0.03806431495147654,0.0,-0.020422344229587646,0.009577655770412353,0.00042234422958764735,0.8446884591752947,-0.01530154046650752,0.00019953929566123526,0.5068130755051767,0.025,0.0,-0.03,0.0,1.0,0.0,0.01
18,0.5999882942250494,37,0.0380345971861501,0.0,-0.021668902021260816,0.008331097978739183,0.0016689020212608176,3.3378040425216353,0.016823450172671367,2.1367218316938292e-05,2.002682425512981,0.025,0.0,-0.03,0.0,1.0,0.0,0.01
18,0.5999882942250494,38,0.03800214293629245,0.0,-0.022915541694586528,0.007084458305413471,0.0029155416945865296,5.83108338917306,-0.017715620597740005,0.00025629933014605837,3.4986500335038357,0.025,0.0,-0.03,0.0,1.0,0.0,0.01
18,0.5999882942250494,39,0.037970177754800744,0.0,-0.024162038560952857,0.0058379614390471415,0.004162038560952859,8.324077121905717,0.018077738374129185,6.821236182897388e-05,4.99444627314343,0.025,0.0,-0.03,0.0,1.0,0.0,0.01
18,0.5999882942250494,40,0.03794192296206157,0.0,-0.025408773430941525,0.004591226569058474,0.005408773430941526,10.817546861883052,-0.017721239422436464,8.37747972548031e-05,6.4905281171298315,0.025,0.0,-0.03,0.0,1.0,0.0,0.01
18,0.5999882942250494,41,0.03792059710121659,0.0,-0.026655450447021403,0.0033445495529785957,0.0066554504470214045,13.31090089404281,0.0167477242359621,9.12933664828055e-06,7.986540536425686,0.025,0.0,-0.03,0.0,1.0,0.0,0.01
18,0.5999882942250494,42,0.037909347994310096,0.0,-0.02790239301379251,0.002097606986207489,0.007902393013792511,15.804786027585022,-0.016299339112463007,0.0003467394600077669,9.482871616551012,0.025,0.0,-0.03,0.0,1.0,0.0,0.01
18,0.5999882942250494,43,0.037911040347577335,0.0,-0.02914918192081759,0.0008508180791824103,0.00914918192081759,18.29836384163518,0.015879410326046547,0.00020865635458604403,10.979018304981107,0.025,0.0,-0.03,0.0,1.0,0.0,0.01
18,0.5999882942250494,44,0.0379287001506464,0.0,-0.030395931188572683,0.0003959311885726839,0.009604068811427316,19.208137622854633,0.015329933469032643,0.0009886512244921127,11.524882573712778,0.025,0.0,-0.03,0.0,1.0,0.0,0.01
18,0.5999882942250494,45,0.03796597068649947,0.0,-0.03164204939286701,0.0016420493928670093,0.00835795060713299,16.715901214265983,-0.014701240476468551,0.00028065862261570577,10.02954072855959,0.025,0.0,-0.03,0.0,1.0,0.0,0.01
18,0.5999882942250494,46,0.03802657614082578,0.0,-0.032887249818758166,0.002887249818758167,0.007112750181241833,14.225500362483666,0.010024452194782275,0.0013663569717909962,8.5353002174902,0.025,0.0,-0.03,0.0,1.0,0.0,0.01
18,0.5999882942250494,47,0.038115205377386684,0.0,-0.03413139306041055,0.004131393060410549,0.0058686069395894516,11.737213879178903,-0.005425919537051235,0.0009058124200073793,7.042328327507342,0.025,0.0,-0.03,0.0,1.0,0.0,0.01
18,0.5999882942250494,48,0.038575578391210785,0.0,-0.03296909792628138,0.002969097926281382,0.007030902073718618,14.061804147437236,0.0001636603528255119,0.0006213288173303223,8.437082488462341,0.025,0.0,-0.03,0.0,1.0,0.0,0.01
18,0.5999882942250494,49,0.039008658814700475,0.0,-0.03179615231565899,0.0017961523156589942,0.008203847684341006,16.407695368682013,0.0029572965034237904,0.0032585057199094993,9.844617221209207,0.025,0.0,-0.03,0.0,1.0,0.0,0.01
18,0.5999882942250494,50,0.039418075995230666,0.0,-0.030614660121286455,0.0006146601212864561,0.009385339878713544,18.77067975742709,-0.01098918492982887,0.00032783970482961976,11.262407854456253,0.025,0.0,-0.03,0.0,1.0,0.0,0.01
18,0.5999882942250494,51,0.03980761339764769,0.0,-0.02942631864598518,0.0005736813540148204,0.00942631864598518,18.85263729197036,-0.014097507413293112,0.00986464316649929,11.311582375182216,0.025,0.0,-0.03,0.0,1.0,0.0,0.01
18,0.5999882942250494,52,0.04018107119564467,0.0,-0.028232771242946285,0.001767228757053714,0.008232771242946286,16.465542485892573,0.026202326144176658,0.0021608747544599044,9.879325491535544,0.025,0.0,-0.03,0.0,1.0,0.0,0.01
18,0.5999882942250494,53,0.040542338933205836,0.0,-0.02703539514382347,0.002964604856176528,0.007035395143823472,14.070790287646943,-0.03041236765511032,0.017719633206085553,8.442474172588165,0.025,0.0,-0.03,0.0,1.0,0.0,0.01
18,0.5999882942250494,54,0.040895319629271246,0.0,-0.025835511213228236,0.004164488786771763,0.005835511213228237,11.671022426456474,0.04759428770408456,0.005625493186009123,7.002613455873885,0.025,0.0,-0.03,0.0,1.0,0.0,0.01
18,0.5999882942250494,55,0.04124394355778128,0.0,-0.02463434217893721,0.00536565782106279,0.00463434217893721,9.26868435787442,-0.05428478685384448,0.027974229477935493,5.561210614724652,0.025,0.0,-0.03,0.0,1.0,0.0,0.01
18,0.5999882942250494,56,0.04159216783187206,0.0,-0.02343302485195968,0.006566975148040319,0.0034330248519596814,6.866049703919363,0.0780580012203229,0.012257471940557986,4.119629822351618,0.025,0.0,-0.03,0.0,1.0,0.0,0.01
18,0.5999882942250494,57,0.04194391161992216,0.0,-0.02223280290328049,0.007767197096719507,0.002232802903280493,4.465605806560986,-0.08903732423677138,0.042603421082030246,2.6793634839365916,0.025,0.0,-0.03,0.0,1.0,0.0,0.01
18,0.5999882942250494,58,0.042303151914117945,0.0,-0.021034763423430147,0.008965236576569852,0.0010347634234301479,2.069526846860296,0.12154306141880986,0.0246564633991796,1.2417161081161774,0.025,0.0,-0.03,0.0,1.0,0.0,0.01
19,0.6333209772375521,0,0.0,0.0,-0.02,0.009999999999999998,1.734723475976807e-18,3.469446951953614e-15,0.0,0.0,2.0816681711721685e-15,0.025,0.0,-0.03,0.0,1.0,0.0,0.01
19,0.6333209772375521,36,0.03806187828510226,0.0,-0.02041933126557381,0.00958066873442619,0.0004193312655738097,0.8386625311476194,0.01223914270370891,4.5272293942218916e-05,0.5031975186885715,0.025,0.0,-0.03,0.0,1.0,0.0,0.01
19,0.6333209772375521,37,0.03803241759683825,0.0,-0.021665961522983283,0.008334038477016716,0.001665961522983284,3.331923045966568,-0.01312757910636997,9.74876102318867e-05,1.9991538275799408,0.025,0.0,-0.03,0.0,1.0,0.0,0.01
19,0.6333209772375521,38,0.03800039231609079,0.0,-0.022912553147440486,0.007087446852559513,0.002912553147440487,5.825106294880974,0.014052090868837878,0.00011170800634128787,3.495063776928584,0.025,0.0,-0.03,0.0,1.0,0.0,0.01
19,0.6333209772375521,39,0.037969054671371884,0.0,-0.024159139096768274,0.005840860903231725,0.004159139096768275,8.31827819353655,-0.013994704619167285,8.071044376030619e-05,4.99096691612193,0.025,0.0,-0.03,0.0,1.0,0.0,0.01
19,0.6333209772375521,40,0.03794165472078815,0.0,-0.025405828024366802,0.004594171975633197,0.005405828024366803,10.811656048733607,0.013898299317093375,3.483641170918955e-05,6.486993629240164,0.025,0.0,-0.03,0.0,1.0,0.0,0.01
19,0.6333209772375521,41,0.0379214371118027,0.0,-0.02665259435231561,0.00334740564768439,0.00665259435231561,13.30518870463122,-0.012762439018198542,3.128294627255636e-05,7.983113222778732,0.025,0.0,-0.03,0.0,1.0,0.0,0.01
19,0.6333209772375521,42,0.03791158656354452,0.0,-0.027899487567769554,0.0021005124322304447,0.007899487567769556,15.798975135539111,0.012944359824630951,0.00020308844925444428,9.479385081323466,0.025,0.0,-0.03,0.0,1.0,0.0,0.01
19,0.6333209772375521,43,0.037915008830625666,0.0,-0.029146314006381055,0.0008536859936189439,0.009146314006381056,18.292628012762112,-0.012570170010039,0.00036423390618663104,10.975576807657268,0.025,0.0,-0.03,0.0,1.0,0.0,0.01
19,0.6333209772375521,44,0.037934748179906046,0.0,-0.03039299487670493,0.00039299487670493155,0.009607005123295069,19.21401024659014,-0.012600420161260025,0.00053600539165749,11.528406147954083,0.025,0.0,-0.03,0.0,1.0,0.0,0.01
19,0.6333209772375521,45,0.03797446195831939,0.0,-0.03163902619291688,0.0016390261929168787,0.008360973807083122,16.721947614166243,0.011112377182388203,0.000626273928853617,10.033168568499745,0.025,0.0,-0.03,0.0,1.0,0.0,0.01
19,0.6333209772375521,46,0.03803785206038691,0.0,-0.03288409577275591,0.002884095772755911,0.007115904227244089,14.231808454488178,-0.00769110771701052,0.0005472666225773053,8.539085072692906,0.025,0.0,-0.03,0.0,1.0,0.0,0.01
19,0.6333209772375521,47,0.03812953396851687,0.0,-0.03412792925539601,0.004127929255396012,0.005872070744603988,11.744141489207976,0.0037330363394857324,1.1558954921513372e-05,7.046484893524785,0.025,0.0,-0.03,0.0,1.0,0.0,0.01
19,0.6333209772375521,48,0.03856893967513775,0.0,-0.03295743846851112,0.0029574384685111185,0.007042561531488882,14.085123062977763,-0.00018665069391548937,7.939114113356208e-05,8.451073837786657,0.025,0.0,-0.03,0.0,1.0,0.0,0.01
19,0.6333209772375521,49,0.03898074708216228,0.0,-0.03177661113460678,0.0017766111346067814,0.008223388865393219,16.446777730786437,-0.003867801134186564,0.0014252302314942914,9.868066638471861,0.025,0.0,-0.03,0.0,1.0,0.0,0.01
19,0.6333209772375521,50,0.03936854142509952,0.0,-0.030587793416179385,0.0005877934161793857,0.009412206583820614,18.82441316764123,0.008132524353357613,0.0026382643752505337,11.294647900584737,0.025,0.0,-0.03,0.0,1.0,0.0,0.01
19,0.6333209772375521,51,0.039736293028119866,0.0,-0.029392224200049985,0.0006077757999500139,0.009392224200049986,18.784448400099972,0.013473315508002076,0.004468456799939781,11.270669040059984,0.025,0.0,-0.03,0.0,1.0,0.0,0.01
19,0.6333209772375521,52,0.040087677048922424,0.0,-0.02819201411985879,0.001807985880141208,0.008192014119858792,16.384028239717583,-0.01950122891567765,0.005827131778326837,9.83041694383055,0.025,0.0,-0.03,0.0,1.0,0.0,0.01
19,0.6333209772375521,53,0.040426839241588214,0.0,-0.026987797369628756,0.0030122026303712433,0.006987797369628757,13.975594739257513,0.02688690171492607,0.008318752653235171,8.385356843554508,0.025,0.0,-0.03,0.0,1.0,0.0,0.01
19,0.6333209772375521,54,0.0407574613354369,0.0,-0.0257816864536583,0.004218313546341699,0.005781686453658301,11.563372907316603,-0.03554599481691212,0.010159570964562525,6.9380237443899615,0.025,0.0,-0.03,0.0,1.0,0.0,0.01
19,0.6333209772375521,55,0.04108383392766173,0.0,-0.02457376497739224,0.005426235022607757,0.004573764977392243,9.147529954784485,0.04599006427442586,0.013851746589227297,5.4885179728706905,0.025,0.0,-0.03,0.0,1.0,0.0,0.01
19,0.6333209772375521,56,0.0414095570365072,0.0,-0.023366427215960273,0.006633572784039726,0.003366427215960274,6.732854431920548,-0.05850545985383273,0.016770388088816927,4.039712659152329,0.025,0.0,-0.03,0.0,1.0,0.0,0.01
19,0.6333209772375521,57,0.04173907689582016,0.0,-0.0221592170742041,0.0078407829257959,0.002159217074204101,4.318434148408202,0.07343318739108645,0.022562633671796336,2.591060489044921,0.025,0.0,-0.03,0.0,1.0,0.0,0.01
19,0.6333209772375521,58,0.04207580289236764,0.0,-0.02095514803679553,0.009044851963204467,0.000955148036795533,1.9102960735910661,-0.09149694419796685,0.027603987026112175,1.1461776441546396,0.025,0.0,-0.03,0.0,1.0,0.0,0.01
20,0.6666536602500549,0,0.0,0.0,-0.02,0.009999999999999998,1.734723475976807e-18,3.469446951953614e-15,0.0,0.0,2.0816681711721685e-15,0.025,0.0,-0.03,0.0,1.0,0.0,0.01
20,0.6666536602500549,36,0.03806341501986995,0.0,-0.020417203777938316,0.009582796222061683,0.0004172037779383176,0.8344075558766352,-0.007838666454966054,4.610451643127225e-05,0.500644533525981,0.025,0.0,-0.03,0.0,1.0,0.0,0.01
20,0.6666536602500549,37,0.03803389809937282,0.0,-0.021663876214059165,0.008336123785940834,0.0016638762140591661,3.327752428118332,0.008648759840688167,0.00013200010080497752,1.9966514568709992,0.025,0.0,-0.03,0.0,1.0,0.0,0.01
20,0.6666536602500549,38,0.03800168721498946,0.0,-0.02291039616809509,0.007089603831904909,0.002910396168095091,5.820792336190181,-0.009187085896892124,9.557452717793626e-06,3.492475401714109,0.025,0.0,-0.03,0.0,1.0,0.0,0.01
20,0.6666536602500549,39,0.03797001072830031,0.0,-0.02415703741447771,0.0058429625855222905,0.00415703741447771,8.31407482895542,0.009448269416645493,9.760984200256566e-05,4.988444897373252,0.025,0.0,-0.03,0.0,1.0,0.0,0.01
20,0.6666536602500549,40,0.03794209945442652,0.0,-0.025403628959380732,0.004596371040619267,0.0054036289593807334,10.807257918761467,-0.009387122251951109,5.385154918985447e-07,6.4843547512568795,0.025,0.0,-0.03,0.0,1.0,0.0,0.01
20,0.6666536602500549,41,0.03792117535286086,0.0,-0.026650470995110562,0.0033495290048894365,0.006650470995110564,13.300941990221128,0.009017701426913877,2.30945747622335e-05,7.9805651941326765,0.025,0.0,-0.03,0.0,1.0,0.0,0.01
20,0.6666536602500549,42,0.037910395666161834,0.0,-0.027897251711329278,0.0021027482886707208,0.00789725171132928,15.79450342265856,-0.009381361200748669,8.811842394883795e-05,9.476702053595135,0.025,0.0,-0.03,0.0,1.0,0.0,0.01
20,0.6666536602500549,43,0.037912639031627955,0.0,-0.029144198277300148,0.0008558017226998511,0.009144198277300149,18.288396554600297,0.009714899689778964,0.0003868401602274839,10.973037932760178,0.025,0.0,-0.03,0.0,1.0,0.0,0.01
20,0.6666536602500549,44,0.03793091627999078,0.0,-0.03039077805453718,0.0003907780545371817,0.009609221945462819,19.218443890925638,0.009970088350849093,0.0002642757248034037,11.531066334555382,0.025,0.0,-0.03,0.0,1.0,0.0,0.01
20,0.6666536602500549,45,0.0379688854787348,0.0,-0.03163702406785959,0.0016370240678595938,0.008362975932140406,16.725951864280812,-0.010175508974394567,0.0007985918833960004,10.035571118568487,0.025,0.0,-0.03,0.0,1.0,0.0,0.01
20,0.6666536602500549,46,0.03803023357838233,0.0,-0.03288203650898328,0.0028820365089832836,0.007117963491016717,14.235926982033433,0.008182429844519444,8.359543996504229e-05,8.54155618922006,0.025,0.0,-0.03,0.0,1.0,0.0,0.01
20,0.6666536602500549,47,0.03811965164461681,0.0,-0.03412626662691579,0.0041262666269157935,0.005873733373084207,11.747466746168413,-0.00610827149698481,0.00021714273440208266,7.048480047701048,0.025,0.0,-0.03,0.0,1.0,0.0,0.01
20,0.6666536602500549,48,0.038576033966163985,0.0,-0.032962196977998286,0.002962196977998287,0.007037803022001713,14.075606044003427,0.004748780764619667,0.001185319672245283,8.445363626402056,0.025,0.0,-0.03,0.0,1.0,0.0,0.01
20,0.6666536602500549,49,0.039004984428749494,0.0,-0.03178791433129266,0.0017879143312926615,0.008212085668707339,16.424171337414677,-0.0023912978986508665,0.002327612856557032,9.854502802448806,0.025,0.0,-0.03,0.0,1.0,0.0,0.01
20,0.6666536602500549,50,0.03941044141013262,0.0,-0.030604791633012007,0.0006047916330120078,0.009395208366987992,18.790416733975984,0.0024634589788419528,0.0014699391620938552,11.27425004038559,0.025,0.0,-0.03,0.0,1.0,0.0,0.01
20,0.6666536602500549,51,0.03979592634403976,0.0,-0.02941538530278558,0.0005846146972144188,0.009415385302785581,18.830770605571164,-0.0014991727641219135,0.002830197315881217,11.298462363342699,0.025,0.0,-0.03,0.0,1.0,0.0,0.01
20,0.6666536602500549,52,0.040165642773333794,0.0,-0.02822032122869432,0.0017796787713056789,0.008220321228694321,16.44064245738864,0.0008810115030089502,0.004509681429516191,9.864385474433185,0.025,0.0,-0.03,0.0,1.0,0.0,0.01
20,0.6666536602500549,53,0.04052313023779296,0.0,-0.02702217400015926,0.002977825999840738,0.007022174000159262,14.044348000318525,-0.006687767385876266,0.003132020658469205,8.426608800191115,0.025,0.0,-0.03,0.0,1.0,0.0,0.01
20,0.6666536602500549,54,0.040872798993485594,0.0,-0.025820844695949613,0.004179155304050386,0.005820844695949614,11.641689391899229,0.005889874248413306,0.007965283706234472,6.985013635139537,0.025,0.0,-0.03,0.0,1.0,0.0,0.01
20,0.6666536602500549,55,0.04121809899549724,0.0,-0.024619233090659404,0.0053807669093405945,0.004619233090659406,9.238466181318811,-0.013864157655341299,0.002937137576008735,5.543079708791287,0.025,0.0,-0.03,0.0,1.0,0.0,0.01
20,0.6666536602500549,56,0.041563657645335435,0.0,-0.023416490359843032,0.006583509640156967,0.0034164903598430333,6.832980719686066,0.013324830086249505,0.01224427830757715,4.09978843181164,0.025,0.0,-0.03,0.0,1.0,0.0,0.01
20,0.6666536602500549,57,0.0419127045717684,0.0,-0.022216223426552287,0.007783776573447712,0.002216223426552288,4.432446853104576,-0.02398184130704623,0.0017082022627370348,2.6594681118627457,0.025,0.0,-0.03,0.0,1.0,0.0,0.01
20,0.6666536602500549,58,0.042270153536260964,0.0,-0.021016727970673953,0.008983272029326046,0.0010167279706739547,2.0334559413479094,0.02424954704500777,0.01804239393208627,1.2200735648087455,0.025,0.0,-0.03,0.0,1.0,0.0,0.01
21,0.6999863432625576,0,0.0,0.0,-0.02,0.009999999999999998,1.734723475976807e-18,3.469446951953614e-15,0.0,0.0,2.0816681711721685e-15,0.025,0.0,-0.03,0.0,1.0,0.0,0.01
21,0.6999863432625576,36,0.038065960933891876,0.0,-0.0204191143367109,0.009580885663289098,0.00041911433671090216,0.8382286734218043,0.007202175136844732,9.693688157708004e-05,0.5029372040530825,0.025,0.0,-0.03,0.0,1.0,0.0,0.01
21,0.6999863432625576,37,0.038036243706691404,0.0,-0.021665684344133407,0.008334315655866592,0.0016656843441334081,3.3313686882668163,-0.00838555876354068,7.444083192921876e-07,1.9988212129600897,0.025,0.0,-0.03,0.0,1.0,0.0,0.01
21,0.6999863432625576,38,0.03800365219822419,0.0,-0.022912292843429296,0.007087707156570703,0.0029122928434292972,5.824585686858595,0.009018835558150206,0.00012452665139055767,3.4947514121151566,0.025,0.0,-0.03,0.0,1.0,0.0,0.01
21,0.6999863432625576,39,0.037971388741203635,0.0,-0.024158792618467883,0.005841207381532116,0.004158792618467884,8.317585236935768,-0.009911784910429563,2.800389068942191e-05,4.99055114216146,0.025,0.0,-0.03,0.0,1.0,0.0,0.01
21,0.6999863432625576,40,0.037942651213236096,0.0,-0.025405496281334327,0.004594503718665672,0.005405496281334328,10.810992562668657,0.01023978926656255,4.054413906716805e-05,6.486595537601194,0.025,0.0,-0.03,0.0,1.0,0.0,0.01
21,0.6999863432625576,41,0.03792063496029711,0.0,-0.026652163938141207,0.0033478360618587923,0.006652163938141208,13.304327876282416,-0.010810950144116527,6.521788044327355e-06,7.982596725769449,0.025,0.0,-0.03,0.0,1.0,0.0,0.01
21,0.6999863432625576,42,0.03790846007363987,0.0,-0.0278990939458004,0.0021009060541995993,0.007899093945800401,15.798187891600803,0.011238789524651497,0.00019339611166846416,9.478912734960481,0.025,0.0,-0.03,0.0,1.0,0.0,0.01
21,0.6999863432625576,43,0.03790895684721126,0.0,-0.0291458774640969,0.0008541225359030985,0.009145877464096902,18.291754928193804,-0.012056562708742748,0.0002178671063175371,10.975052956916281,0.025,0.0,-0.03,0.0,1.0,0.0,0.01
21,0.6999863432625576,44,0.037925123228784295,0.0,-0.030392673181270716,0.0003926731812707168,0.009607326818729283,19.214653637458568,-0.012454110512338837,0.0006489847377060288,11.52879218247514,0.025,0.0,-0.03,0.0,1.0,0.0,0.01
21,0.6999863432625576,45,0.03796057614484263,0.0,-0.03163881756694662,0.0016388175669466223,0.008361182433053378,16.722364866106755,0.013245290998988881,0.0005019560990635377,10.033418919664053,0.025,0.0,-0.03,0.0,1.0,0.0,0.01
21,0.6999863432625576,46,0.03801905571315117,0.0,-0.03288418605003415,0.0028841860500341543,0.007115813949965846,14.231627899931691,-0.012663077030253475,0.0008104446808359728,8.538976739959015,0.025,0.0,-0.03,0.0,1.0,0.0,0.01
21,0.6999863432625576,47,0.038105304387564314,0.0,-0.03412846616719478,0.004128466167194783,0.005871533832805217,11.743067665610434,0.012423882167505491,0.002487760404886322,7.045840599366261,0.025,0.0,-0.03,0.0,1.0,0.0,0.01
21,0.6999863432625576,48,0.038588705879126724,0.0,-0.032975828533664577,0.0029758285336645776,0.007024171466335423,14.048342932670845,-0.012621573764715666,0.005529865468615934,8.429005759602507,0.025,0.0,-0.03,0.0,1.0,0.0,0.01
21,0.6999863432625576,49,0.039045363369680786,0.0,-0.03181188053709433,0.0018118805370943292,0.008188119462905671,16.376238925811343,0.015641092442443483,0.004996128313440914,9.825743355486805,0.025,0.0,-0.03,0.0,1.0,0.0,0.01
21,0.6999863432625576,50,0.0394787150592461,0.0,-0.030639308502140014,0.0006393085021400152,0.009360691497859985,18.72138299571997,-0.016365464712009975,0.008382764482052864,11.232829797431982,0.025,0.0,-0.03,0.0,1.0,0.0,0.01
21,0.6999863432625576,51,0.039892815724255584,0.0,-0.029459229681741955,0.0005407703182580444,0.009459229681741956,18.91845936348391,-0.02122779671564736,0.004943242364941036,11.351075618090347,0.025,0.0,-0.03,0.0,1.0,0.0,0.01
21,0.6999863432625576,52,0.04029116567662893,0.0,-0.028274221427548946,0.0017257785724510526,0.008274221427548948,16.548442855097896,0.021770859793412842,0.011422418787192546,9.929065713058737,0.025,0.0,-0.03,0.0,1.0,0.0,0.01
21,0.6999863432625576,53,0.04067806129543132,0.0,-0.02708468166856542,0.0029153183314345778,0.007084681668565422,14.169363337130845,-0.028635814095933465,0.005482711696112265,8.501618002278507,0.025,0.0,-0.03,0.0,1.0,0.0,0.01
21,0.6999863432625576,54,0.04105696703400265,0.0,-0.025893349015736363,0.004106650984263636,0.0058933490157363645,11.78669803147273,0.02944378832475076,0.015369027994758012,7.072018818883637,0.025,0.0,-0.03,0.0,1.0,0.0,0.01
21,0.6999863432625576,55,0.04143239921087725,0.0,-0.024699914867099635,0.005300085132900364,0.004699914867099636,9.399829734199272,-0.038747573005577206,0.007149786402820994,5.639897840519564,0.025,0.0,-0.03,0.0,1.0,0.0,0.01
21,0.6999863432625576,56,0.041807664511641814,0.0,-0.023507607510095733,0.006492392489904266,0.003507607510095734,7.0152150201914685,0.04037710183312942,0.020839281605026072,4.2091290121148806,0.025,0.0,-0.03,0.0,1.0,0.0,0.01
21,0.6999863432625576,57,0.04218753281603942,0.0,-0.02231536393907686,0.00768463606092314,0.0023153639390768605,4.630727878153721,-0.05274429489865646,0.010745290310172764,2.7784367268922323,0.025,0.0,-0.03,0.0,1.0,0.0,0.01
21,0.6999863432625576,58,0.042574991683052954,0.0,-0.02112730987300788,0.008872690126992117,0.001127309873007883,2.254619746015766,0.05587459474925482,0.02883997680240658,1.3527718476094595,0.025,0.0,-0.03,0.0,1.0,0.0,0.01
22,0.7333190262750604,0,0.0,0.0,-0.02,0.009999999999999998,1.734723475976807e-18,3.469446951953614e-15,0.0,0.0,2.0816681711721685e-15,0.025,0.0,-0.03,0.0,1.0,0.0,0.01
22,0.7333190262750604,36,0.038067438454536646,0.0,-0.02042313077908841,0.00957686922091159,0.00042313077908841083,0.8462615581768217,-0.008150026892204818,1.7813241556245452e-05,0.507756934906093,0.025,0.0,-0.03,0.0,1.0,0.0,0.01
22,0.7333190262750604,37,0.038037567706497424,0.0,-0.021669769665097333,0.008330230334902666,0.0016697696650973346,3.339539330194669,0.009164631335694031,8.975405253904724e-05,2.0037235981168013,0.025,0.0,-0.03,0.0,1.0,0.0,0.01
22,0.7333190262750604,38,0.0380047456228226,0.0,-0.02291628455871028,0.007083715441289717,0.002916284558710283,5.832569117420565,-0.010614822519209813,7.891722045265219e-05,3.499541470452339,0.025,0.0,-0.03,0.0,1.0,0.0,0.01
22,0.7333190262750604,39,0.037972158239446385,0.0,-0.024162873658490108,0.005837126341509891,0.004162873658490109,8.325747316980218,0.011502602999528875,9.248448585102614e-05,4.99544839018813,0.025,0.0,-0.03,0.0,1.0,0.0,0.01
22,0.7333190262750604,40,0.03794299383297312,0.0,-0.02540945559333557,0.00459054440666443,0.00540945559333557,10.81891118667114,-0.012826158405057585,3.459020771998215e-05,6.491346712002684,0.025,0.0,-0.03,0.0,1.0,0.0,0.01
22,0.7333190262750604,41,0.03792043298152177,0.0,-0.02665623789366664,0.003343762106333359,0.006656237893666641,13.312475787333282,0.013592662738282359,4.0194337262687e-05,7.987485472399969,0.025,0.0,-0.03,0.0,1.0,0.0,0.01
22,0.7333190262750604,42,0.03790757701152094,0.0,-0.02790303177763963,0.0020969682223603674,0.007903031777639633,15.806063555279266,-0.014411932489786516,0.00015211888766999602,9.48363813316756,0.025,0.0,-0.03,0.0,1.0,0.0,0.01
22,0.7333190262750604,43,0.03790724219861553,0.0,-0.0291499485798789,0.0008500514201210986,0.009149948579878902,18.299897159757805,0.014732776067751512,0.0003691383818756404,10.979938295854682,0.025,0.0,-0.03,0.0,1.0,0.0,0.01
22,0.7333190262750604,44,0.037922408516437515,0.0,-0.030396630545809128,0.00039663054580912904,0.009603369454190871,19.20673890838174,0.015547821530515996,0.0005657192218029229,11.524043345029044,0.025,0.0,-0.03,0.0,1.0,0.0,0.01
22,0.7333190262750604,45,0.03795670383108146,0.0,-0.0316429449390821,0.001642944939082104,0.008357055060917896,16.71411012183579,-0.01587000839739189,0.0008921587259866546,10.028466073101475,0.025,0.0,-0.03,0.0,1.0,0.0,0.01
22,0.7333190262750604,46,0.03801385481370302,0.0,-0.032888240028634254,0.002888240028634255,0.007111759971365745,14.22351994273149,0.01692759966339135,0.0006318997401539676,8.534111965638894,0.025,0.0,-0.03,0.0,1.0,0.0,0.01
22,0.7333190262750604,47,0.038098634142076815,0.0,-0.03413279146222625,0.004132791462226254,0.005867208537773746,11.734417075547492,-0.017369553978430954,0.0033589828370672484,7.040650245328496,0.025,0.0,-0.03,0.0,1.0,0.0,0.01
22,0.7333190262750604,48,0.03859453124503813,0.0,-0.03298535483022168,0.0029853548302216787,0.0070146451697783215,14.029290339556644,0.020200079743278764,0.008370556421860288,8.417574203733986,0.025,0.0,-0.03,0.0,1.0,0.0,0.01
22,0.7333190262750604,49,0.03906375689604087,0.0,-0.03182675429321132,0.0018267542932113232,0.008173245706788677,16.346491413577354,-0.024420461047071868,0.010236068423534948,9.807894848146413,0.025,0.0,-0.03,0.0,1.0,0.0,0.01
22,0.7333190262750604,50,0.03951005916642101,0.0,-0.030658817073714675,0.0006588170737146758,0.009341182926285324,18.682365852570648,0.03008179197544743,0.011808658848741284,11.209419511542388,0.025,0.0,-0.03,0.0,1.0,0.0,0.01
22,0.7333190262750604,51,0.03993702578628168,0.0,-0.02948379794306689,0.0005162020569331079,0.009483797943066892,18.967595886133786,0.03592074084538481,0.0138213627525408,11.380557531680271,0.025,0.0,-0.03,0.0,1.0,0.0,0.01
22,0.7333190262750604,52,0.040348640797742856,0.0,-0.02830295019680554,0.001697049803194458,0.008302950196805542,16.605900393611083,-0.04352649026442251,0.01580763786483497,9.963540236166649,0.025,0.0,-0.03,0.0,1.0,0.0,0.01
22,0.7333190262750604,53,0.0407485693553855,0.0,-0.027118367916034693,0.0028816320839653055,0.007118367916034695,14.236735832069389,0.051629761677630344,0.01875647230805421,8.542041499241632,0.025,0.0,-0.03,0.0,1.0,0.0,0.01
22,0.7333190262750604,54,0.04114095870493907,0.0,-0.025930820930048663,0.0040691790699513355,0.005930820930048665,11.861641860097329,-0.062088876049098136,0.021712763844062902,7.116985116058397,0.025,0.0,-0.03,0.0,1.0,0.0,0.01
22,0.7333190262750604,55,0.041529459912436166,0.0,-0.02474246107951389,0.00525753892048611,0.00474246107951389,9.48492215902778,0.07354294709435195,0.026218047138903876,5.690953295416668,0.025,0.0,-0.03,0.0,1.0,0.0,0.01
22,0.7333190262750604,56,0.041918354369430616,0.0,-0.023553649051977495,0.006446350948022504,0.003553649051977496,7.107298103954992,-0.08809493391966276,0.030971258191741003,4.264378862372995,0.025,0.0,-0.03,0.0,1.0,0.0,0.01
22,0.7333190262750604,57,0.04231118366819275,0.0,-0.022366849660376744,0.007633150339623255,0.0023668496603767453,4.733699320753491,0.10433745843607707,0.03803585488088656,2.8402195924520943,0.025,0.0,-0.03,0.0,1.0,0.0,0.01
22,0.7333190262750604,58,0.04271236731305841,0.0,-0.02118205509714792,0.008817944902852079,0.0011820550971479212,2.3641101942958422,-0.12460133183009432,0.04592932674369717,1.4184661165775052,0.025,0.0,-0.03,0.0,1.0,0.0,0.01
22,0.7333190262750604,59,0.0431252146160443,0.0,-0.02000234117150297,0.009997658828497027,2.341171502972736e-06,0.004682343005945472,0.1474690584265221,0.05719554724035913,0.002809405803567283,0.025,0.0,-0.03,0.0,1.0,0.0,0.01
23,0.7666517092875631,0,0.0,0.0,-0.02,0.009999999999999998,1.734723475976807e-18,3.469446951953614e-15,0.0,0.0,2.0816681711721685e-15,0.025,0.0,-0.03,0.0,1.0,0.0,0.01
23,0.7666517092875631,36,0.038067205000892,0.0,-0.02042651538418539,0.009573484615814608,0.0004265153841853924,0.8530307683707848,0.00767301233054222,6.970541107233648e-06,0.5118184610224709,0.025,0.0,-0.03,0.0,1.0,0.0,0.01
23,0.7666517092875631,37,0.038037308877134336,0.0,-0.021673127497595975,0.008326872502404024,0.0016731274975959765,3.346254995191953,-0.009093418613476184,0.00010276301549260033,2.0077529971151717,0.025,0.0,-0.03,0.0,1.0,0.0,0.01
23,0.7666517092875631,38,0.03800450701220811,0.0,-0.02291968135386629,0.007080318646133708,0.0029196813538662925,5.839362707732585,0.010213864345932749,6.780531065555069e-05,3.503617624639551,0.025,0.0,-0.03,0.0,1.0,0.0,0.01
23,0.7666517092875631,39,0.03797199444062328,0.0,-0.02416623696776882,0.005833763032231178,0.004166236967768822,8.332473935537644,-0.01158039210255906,0.0001025136915695781,4.999484361322586,0.025,0.0,-0.03,0.0,1.0,0.0,0.01
23,0.7666517092875631,40,0.037942965250153,0.0,-0.025412868746890655,0.004587131253109344,0.0054128687468906565,10.825737493781313,0.01265242527478285,3.4639716817406035e-05,6.495442496268788,0.025,0.0,-0.03,0.0,1.0,0.0,0.01
23,0.7666517092875631,41,0.037920608594872784,0.0,-0.026659610179995893,0.0033403898200041054,0.006659610179995895,13.319220359991789,-0.013985028881156299,6.674298110120568e-05,7.991532215995073,0.025,0.0,-0.03,0.0,1.0,0.0,0.01
23,0.7666517092875631,42,0.03790803414826213,0.0,-0.027906455433024797,0.002093544566975202,0.007906455433024798,15.812910866049597,0.014063632011905051,0.00011885149487912606,9.487746519629757,0.025,0.0,-0.03,0.0,1.0,0.0,0.01
23,0.7666517092875631,43,0.03790806827074731,0.0,-0.02915333217289783,0.0008466678271021703,0.00915333217289783,18.30666434579566,-0.014401641069041602,0.0003957976516829681,10.983998607477396,0.025,0.0,-0.03,0.0,1.0,0.0,0.01
23,0.7666517092875631,44,0.03792370298537392,0.0,-0.030400040788249563,0.00040004078824956366,0.009599959211750437,19.199918423500872,-0.014439774052266196,0.0004522556228435586,11.519951054100522,0.025,0.0,-0.03,0.0,1.0,0.0,0.01
23,0.7666517092875631,45,0.037958571079292486,0.0,-0.03164630755476333,0.0016463075547633321,0.008353692445236668,16.707384890473335,0.014742210891537166,0.000945045989696275,10.024430934284,0.025,0.0,-0.03,0.0,1.0,0.0,0.01
23,0.7666517092875631,46,0.03801640018748502,0.0,-0.03289159384809021,0.002891593848090214,0.007108406151909786,14.216812303819573,-0.015784310802733747,0.0004915165433261699,8.530087382291743,0.025,0.0,-0.03,0.0,1.0,0.0,0.01
23,0.7666517092875631,47,0.03810194827769155,0.0,-0.03413605426066175,0.004136054260661749,0.005863945739338251,11.727891478676503,0.01693659278245716,0.0030384326926160563,7.036734887205902,0.025,0.0,-0.03,0.0,1.0,0.0,0.01
23,0.7666517092875631,48,0.03858910002249117,0.0,-0.032984859831245654,0.002984859831245655,0.007015140168754345,14.03028033750869,-0.019863095934881843,0.007828029300613435,8.418168202505214,0.025,0.0,-0.03,0.0,1.0,0.0,0.01
23,0.7666517092875631,49,0.039049433625738816,0.0,-0.03182259224214488,0.0018225922421448784,0.008177407757855122,16.354815515710243,0.024100235296072768,0.01071156638774552,9.812889309426145,0.025,0.0,-0.03,0.0,1.0,0.0,0.01
23,0.7666517092875631,50,0.03948663113898812,0.0,-0.030651220231272137,0.0006512202312721378,0.009348779768727862,18.697559537455724,-0.03056739233348026,0.010366111368365,11.218535722473435,0.025,0.0,-0.03,0.0,1.0,0.0,0.01
23,0.7666517092875631,51,0.039904367909388595,0.0,-0.02947275899666364,0.0005272410033363602,0.00947275899666364,18.94551799332728,-0.03577684106135522,0.015323965239555412,11.367310795996367,0.025,0.0,-0.03,0.0,1.0,0.0,0.01
23,0.7666517092875631,52,0.04030652718648844,0.0,-0.0282886868009664,0.0017113131990335977,0.008288686800966403,16.577373601932806,0.04499557662307075,0.013480475042855431,9.946424161159683,0.025,0.0,-0.03,0.0,1.0,0.0,0.01
23,0.7666517092875631,53,0.040696887798382764,0.0,-0.02710075756193266,0.002899242438067339,0.007100757561932661,14.201515123865322,-0.05193814449390786,0.02134597047901024,8.520909074319192,0.025,0.0,-0.03,0.0,1.0,0.0,0.01
23,0.7666517092875631,54,0.04107946022231556,0.0,-0.02591007392993836,0.004089926070061638,0.0059100739299383625,11.820147859876725,0.06486341892815155,0.018494276985776728,7.092088715926034,0.025,0.0,-0.03,0.0,1.0,0.0,0.01
23,0.7666517092875631,55,0.04145804721321389,0.0,-0.024718317532975067,0.005281682467024932,0.004718317532975068,9.436635065950137,-0.0747195441567839,0.029983414194031454,5.661981039570082,0.025,0.0,-0.03,0.0,1.0,0.0,0.01
23,0.7666517092875631,56,0.04183674499445136,0.0,-0.02352632562120585,0.0064736743787941475,0.0035263256212058527,7.052651242411705,0.09269281238175801,0.02690309735209567,4.231590745447023,0.025,0.0,-0.03,0.0,1.0,0.0,0.01
23,0.7666517092875631,57,0.04221930629555627,0.0,-0.022335917609896706,0.0076640823901032926,0.0023359176098967076,4.671835219793415,-0.10700172369697636,0.04313938078738514,2.803101131876049,0.025,0.0,-0.03,0.0,1.0,0.0,0.01
23,0.7666517092875631,58,0.042609893370281676,0.0,-0.021147759470253137,0.008852240529746862,0.0011477594702531384,2.295518940506277,0.1318190175263901,0.04115074079146258,1.377311364303766,0.025,0.0,-0.03,0.0,1.0,0.0,0.01
24,0.7999843923000658,0,0.0,0.0,-0.02,0.009999999999999998,1.734723475976807e-18,3.469446951953614e-15,0.0,0.0,2.0816681711721685e-15,0.025,0.0,-0.03,0.0,1.0,0.0,0.01
24,0.7999843923000658,36,0.03806584522266487,0.0,-0.020427373214047084,0.009572626785952915,0.0004273732140470856,0.8547464280941712,-0.005627709352101738,6.941367585256962e-05,0.5128478568565027,0.025,0.0,-0.03,0.0,1.0,0.0,0.01
24,0.7999843923000658,37,0.03803603729877124,0.0,-0.02167397834637002,0.00832602165362998,0.0016739783463700208,3.3479566927400417,0.006579967963206547,1.568992189169073e-05,2.008774015644025,0.025,0.0,-0.03,0.0,1.0,0.0,0.01
24,0.7999843923000658,38,0.038003435368673885,0.0,-0.022920561332406015,0.007079438667593984,0.0029205613324060162,5.8411226648120325,-0.007453202955715124,9.958651014549677e-05,3.5046735988872193,0.025,0.0,-0.03,0.0,1.0,0.0,0.01
24,0.7999843923000658,39,0.03797125309209623,0.0,-0.024167107376248716,0.0058328926237512825,0.004167107376248718,8.334214752497436,0.00835512403765084,3.987867610634771e-05,5.000528851498461,0.025,0.0,-0.03,0.0,1.0,0.0,0.01
24,0.7999843923000658,40,0.03794270253020722,0.0,-0.025413782462472737,0.004586217537527262,0.005413782462472738,10.827564924945476,-0.009185546375965003,3.5086919799360046e-05,6.496538954967285,0.025,0.0,-0.03,0.0,1.0,0.0,0.01
24,0.7999843923000658,41,0.03792099081460062,0.0,-0.02666050483566577,0.003339495164334228,0.006660504835665772,13.321009671331543,0.010049188783523361,4.3193766676846674e-05,7.992605802798925,0.025,0.0,-0.03,0.0,1.0,0.0,0.01
24,0.7999843923000658,42,0.03790925117815579,0.0,-0.027907400855275218,0.0020925991447247813,0.007907400855275219,15.814801710550437,-0.009800749210447548,0.00014064684613202368,9.488881026330262,0.025,0.0,-0.03,0.0,1.0,0.0,0.01
24,0.7999843923000658,43,0.03791033467505284,0.0,-0.02915422510460976,0.0008457748953902382,0.009154225104609762,18.308450209219526,0.009551918337040069,0.000160737068432479,10.985070125531715,0.025,0.0,-0.03,0.0,1.0,0.0,0.01
24,0.7999843923000658,44,0.03792725552847683,0.0,-0.030400970317488885,0.00040097031748888637,0.009599029682511114,19.198059365022228,0.00920243460867458,0.00044750290493193506,11.518835619013336,0.025,0.0,-0.03,0.0,1.0,0.0,0.01
24,0.7999843923000658,45,0.03796365081396019,0.0,-0.03164711772324884,0.0016471177232488393,0.008352882276751161,16.705764553502323,-0.008860187344481438,0.00037243354272780994,10.023458732101394,0.025,0.0,-0.03,0.0,1.0,0.0,0.01
24,0.7999843923000658,46,0.03802324823509799,0.0,-0.03289238943272621,0.002892389432726211,0.007107610567273789,14.215221134547578,0.009582716567703493,0.000656305832545117,8.529132680728546,0.025,0.0,-0.03,0.0,1.0,0.0,0.01
24,0.7999843923000658,47,0.0381107644905369,0.0,-0.034136595441021274,0.004136595441021275,0.005863404558978725,11.726809117957451,-0.010244417243248694,0.002124036893008162,7.036085470774471,0.025,0.0,-0.03,0.0,1.0,0.0,0.01
24,0.7999843923000658,48,0.03858057412361638,0.0,-0.03297821217618402,0.0029782121761840197,0.0070217878238159805,14.043575647631961,0.011701724660948173,0.0049142783919019295,8.426145388579176,0.025,0.0,-0.03,0.0,1.0,0.0,0.01
24,0.7999843923000658,49,0.03902332965126024,0.0,-0.03180886228758287,0.0018088622875828686,0.008191137712417132,16.382275424834262,-0.015088603463103282,0.005079400305905751,9.829365254900557,0.025,0.0,-0.03,0.0,1.0,0.0,0.01
24,0.7999843923000658,50,0.03944254201073853,0.0,-0.03063100345192287,0.0006310034519228722,0.009368996548077128,18.737993096154256,0.01744074515583294,0.007774570042531536,11.242795857692553,0.025,0.0,-0.03,0.0,1.0,0.0,0.01
24,0.7999843923000658,51,0.03984216753238539,0.0,-0.0294459210216872,0.0005540789783127983,0.009445921021687202,18.891842043374403,0.022529827097486226,0.006112341324006642,11.335105226024641,0.025,0.0,-0.03,0.0,1.0,0.0,0.01
24,0.7999843923000658,52,0.040225801587500845,0.0,-0.028255885832586005,0.0017441141674139939,0.008255885832586006,16.511771665172013,-0.025429583819567916,0.011007192372396798,9.907062999103207,0.025,0.0,-0.03,0.0,1.0,0.0,0.01
24,0.7999843923000658,53,0.04059760913502896,0.0,-0.027061544518097027,0.002938455481902972,0.007061544518097028,14.123089036194056,0.03262276172507915,0.007902728845127438,8.473853421716433,0.025,0.0,-0.03,0.0,1.0,0.0,0.01
24,0.7999843923000658,54,0.040961177061304276,0.0,-0.02586522892383318,0.004134771076166818,0.005865228923833182,11.730457847666363,-0.0367117212256813,0.015350603901272231,7.038274708599817,0.025,0.0,-0.03,0.0,1.0,0.0,0.01
24,0.7999843923000658,55,0.041320849968384046,0.0,-0.0246669830436396,0.0053330169563604,0.0046669830436396,9.333966087279201,0.046699030308780615,0.011143870113891032,5.60037965236752,0.025,0.0,-0.03,0.0,1.0,0.0,0.01
24,0.7999843923000658,56,0.04168010198502426,0.0,-0.023469496685332533,0.006530503314667466,0.0034694966853325345,6.938993370665069,-0.052816670491163654,0.021660832926672657,4.163396022399041,0.025,0.0,-0.03,0.0,1.0,0.0,0.01
24,0.7999843923000658,57,0.04204347512117158,0.0,-0.022272198340305572,0.007727801659694427,0.0022721983403055732,4.544396680611147,0.06656021082170292,0.016944692193001962,2.726638008366688,0.025,0.0,-0.03,0.0,1.0,0.0,0.01
24,0.7999843923000658,58,0.042414198171521915,0.0,-0.021078498164224732,0.008921501835775267,0.0010784981642247334,2.1569963284494666,-0.07579221845452289,0.031356865577858786,1.2941977970696799,0.025,0.0,-0.03,0.0,1.0,0.0,0.01
25,0.8333170753125686,0,0.0,0.0,-0.02,0.009999999999999998,1.734723475976807e-18,3.469446951953614e-15,0.0,0.0,2.0816681711721685e-15,0.025,0.0,-0.03,0.0,1.0,0.0,0.01
25,0.8333170753125686,36,0.03806497953032761,0.0,-0.02042619406317923,0.009573805936820768,0.0004261940631792322,0.8523881263584644,0.002422420258145214,6.4597322385964844e-06,0.5114328758150786,0.025,0.0,-0.03,0.0,1.0,0.0,0.01
25,0.8333170753125686,37,0.0380352592447469,0.0,-0.021672845265113313,0.008327154734886686,0.0016728452651133142,3.345690530226628,-0.0026686690632717214,2.8381309432727266e-05,2.007414318135977,0.025,0.0,-0.03,0.0,1.0,0.0,0.01
25,0.8333170753125686,38,0.038002804553378955,0.0,-0.022919383167561307,0.007080616832438692,0.002919383167561308,5.838766335122616,0.0030518047891125726,2.6252405701660918e-05,3.503259801073569,0.025,0.0,-0.03,0.0,1.0,0.0,0.01
25,0.8333170753125686,39,0.037970837433558106,0.0,-0.024165997364357678,0.005834002635642321,0.004165997364357679,8.331994728715358,-0.0032224982037132063,2.836454663250865e-05,4.999196837229214,0.025,0.0,-0.03,0.0,1.0,0.0,0.01
25,0.8333170753125686,40,0.03794258086418064,0.0,-0.02541260836446481,0.00458739163553519,0.00541260836446481,10.82521672892962,0.003526042286160363,1.3828181738827984e-05,6.495130037357772,0.025,0.0,-0.03,0.0,1.0,0.0,0.01
25,0.8333170753125686,41,0.03792125059842628,0.0,-0.026659422913719547,0.0033405770862804524,0.006659422913719548,13.318845827439096,-0.00361535191424309,2.8733591644678214e-05,7.991307496463458,0.025,0.0,-0.03,0.0,1.0,0.0,0.01
25,0.8333170753125686,42,0.03790999175024436,0.0,-0.02790622862997093,0.0020937713700290676,0.007906228629970933,15.812457259941866,0.003155388637181823,2.3579588168859197e-05,9.48747435596512,0.025,0.0,-0.03,0.0,1.0,0.0,0.01
25,0.8333170753125686,43,0.03791167276222223,0.0,-0.02915315201183562,0.000846847988164378,0.009153152011835622,18.306304023671245,-0.0024549538125330146,5.873218147060721e-05,10.983782414202746,0.025,0.0,-0.03,0.0,1.0,0.0,0.01
25,0.8333170753125686,44,0.03792930705919554,0.0,-0.030399775672910877,0.00039977567291087784,0.009600224327089122,19.200448654178246,-0.0018560968560723803,4.877809274784884e-05,11.520269192506946,0.025,0.0,-0.03,0.0,1.0,0.0,0.01
25,0.8333170753125686,45,0.03796655060834652,0.0,-0.031646009701356705,0.0016460097013567057,0.008353990298643294,16.70798059728659,0.0010145468707492872,9.338469257747905e-05,10.024788358371953,0.025,0.0,-0.03,0.0,1.0,0.0,0.01
25,0.8333170753125686,46,0.0380271030316715,0.0,-0.032891100470355414,0.002891100470355415,0.007108899529644585,14.21779905928917,-0.0010160664526159232,9.266916319912055e-05,8.530679435573502,0.025,0.0,-0.03,0.0,1.0,0.0,0.01
25,0.8333170753125686,47,0.03811566317819453,0.0,-0.034135365938493104,0.004135365938493105,0.005864634061506896,11.72926812301379,0.0008060185100718834,0.00010036712547493777,7.037560873808274,0.025,0.0,-0.03,0.0,1.0,0.0,0.01
25,0.8333170753125686,48,0.03857743694547702,0.0,-0.03297349625993342,0.002973496259933421,0.007026503740066579,14.053007480133159,-0.0008490230431355362,0.0003554882088411671,8.431804488079894,0.025,0.0,-0.03,0.0,1.0,0.0,0.01
25,0.8333170753125686,49,0.039011877773210094,0.0,-0.0318012308556791,0.001801230855679098,0.008198769144320902,16.397538288641805,0.0007598667414248928,0.00033385463298318965,9.838522973185082,0.025,0.0,-0.03,0.0,1.0,0.0,0.01
25,0.8333170753125686,50,0.03942285327438648,0.0,-0.030620089973815566,0.0006200899738155671,0.009379910026184433,18.759820052368866,-0.0008663404413219746,0.0002690003568217977,11.25589203142132,0.025,0.0,-0.03,0.0,1.0,0.0,0.01
25,0.8333170753125686,51,0.03981391003181381,0.0,-0.029432494822668877,0.0005675051773311214,0.009432494822668879,18.864989645337758,-0.0007001224288622569,0.00029301155269355545,11.318993787202654,0.025,0.0,-0.03,0.0,1.0,0.0,0.01
25,0.8333170753125686,52,0.04018917621050263,0.0,-0.028239244164743497,0.0017607558352565021,0.008239244164743498,16.478488329486996,0.0007672933717391125,0.0001622865722663851,9.887092997692198,0.025,0.0,-0.03,0.0,1.0,0.0,0.01
25,0.8333170753125686,53,0.04055222128999857,0.0,-0.027042751518538088,0.002957248481461911,0.007042751518538089,14.085503037076178,-0.000525148841877367,0.00022244037687638708,8.451301822245707,0.025,0.0,-0.03,0.0,1.0,0.0,0.01
25,0.8333170753125686,54,0.04090737692369781,0.0,-0.025843124015937538,0.004156875984062461,0.005843124015937539,11.68624803187508,0.00054354725062595,2.4139848010895605e-05,7.011748819125048,0.025,0.0,-0.03,0.0,1.0,0.0,0.01
25,0.8333170753125686,55,0.04125813059457372,0.0,-0.02464306321650201,0.005356936783497988,0.004643063216502012,9.286126433004023,-0.0002196306536316322,9.919719674897442e-05,5.571675859802414,0.025,0.0,-0.03,0.0,1.0,0.0,0.01
25,0.8333170753125686,56,0.04160902238893825,0.0,-0.023441969455140717,0.006558030544859282,0.003441969455140718,6.883938910281437,0.0001706981302221857,0.0001664134821008336,4.130363346168862,0.025,0.0,-0.03,0.0,1.0,0.0,0.01
25,0.8333170753125686,57,0.04196333251054444,0.0,-0.02224319859082141,0.0077568014091785875,0.0022431985908214127,4.486397181642825,0.00024668532339435157,0.00011215724385755748,2.691838308985695,0.025,0.0,-0.03,0.0,1.0,0.0,0.01
25,0.8333170753125686,58,0.04232587010466711,0.0,-0.02104535385483302,0.00895464614516698,0.001045353854833021,2.090707709666042,-0.00038820558203309915,0.000451611413204752,1.2544246257996252,0.025,0.0,-0.03,0.0,1.0,0.0,0.01
26,0.8666497583250713,0,0.0,0.0,-0.02,0.009999999999999998,1.734723475976807e-18,3.469446951953614e-15,0.0,0.0,2.0816681711721685e-15,0.025,0.0,-0.03,0.0,1.0,0.0,0.01
26,0.8666497583250713,36,0.03806537566248849,0.0,-0.020425203806737444,0.009574796193262555,0.00042520380673744494,0.8504076134748899,0.0008535566933436581,2.793530841939784e-05,0.5102445680849339,0.025,0.0,-0.03,0.0,1.0,0.0,0.01
26,0.8666497583250713,37,0.03803564926682844,0.0,-0.02167180699815098,0.008328193001849019,0.0016718069981509816,3.343613996301963,-0.0010951093659240518,1.697543956123772e-05,2.006168397781178,0.025,0.0,-0.03,0.0,1.0,0.0,0.01
26,0.8666497583250713,38,0.03800315065625676,0.0,-0.022918396961842672,0.007081603038157327,0.0029183969618426734,5.836793923685347,0.0014338196347446206,2.9235735896001465e-05,3.502076354211208,0.025,0.0,-0.03,0.0,1.0,0.0,0.01
26,0.8666497583250713,39,0.03797109734060601,0.0,-0.024164940749513763,0.005835059250486236,0.004164940749513764,8.329881499027529,-0.0017897291923034124,6.457148743821385e-06,4.997928899416517,0.025,0.0,-0.03,0.0,1.0,0.0,0.01
26,0.8666497583250713,40,0.037942704424092547,0.0,-0.0254116251600733,0.0045883748399267,0.0054116251600733,10.8232503201466,0.0022583032818906867,6.320504363896949e-06,6.4939501920879605,0.025,0.0,-0.03,0.0,1.0,0.0,0.01
26,0.8666497583250713,41,0.03792118243746879,0.0,-0.026658343144282302,0.0033416568557176965,0.006658343144282304,13.316686288564608,-0.0027549617822805205,6.279201524109713e-06,7.9900117731387645,0.025,0.0,-0.03,0.0,1.0,0.0,0.01
26,0.8666497583250713,42,0.03790967016603151,0.0,-0.02790524567621401,0.0020947543237859884,0.007905245676214012,15.810491352428024,0.003416373611859616,6.39250318887013e-05,9.486294811456814,0.025,0.0,-0.03,0.0,1.0,0.0,0.01
26,0.8666497583250713,43,0.037911023237309105,0.0,-0.029152067749558676,0.0008479322504413231,0.009152067749558677,18.304135499117354,-0.004097529005383392,7.381693289447406e-05,10.982481299470413,0.025,0.0,-0.03,0.0,1.0,0.0,0.01
26,0.8666497583250713,44,0.03792825569531316,0.0,-0.03039880278288469,0.0003988027828846913,0.009601197217115309,19.20239443423062,-0.004895374127314548,0.0002556030569920496,11.521436660538372,0.025,0.0,-0.03,0.0,1.0,0.0,0.01
26,0.8666497583250713,45,0.037965004472605805,0.0,-0.03164494782875822,0.0016449478287582225,0.008355052171241778,16.710104342483554,0.005722974590848514,0.00023030364925746388,10.026062605490132,0.025,0.0,-0.03,0.0,1.0,0.0,0.01
26,0.8666497583250713,46,0.03802499192102181,0.0,-0.032890187766303355,0.0028901877663033565,0.007109812233696644,14.219624467393288,-0.006716028022957934,0.0003430021837032117,8.531774680435973,0.025,0.0,-0.03,0.0,1.0,0.0,0.01
26,0.8666497583250713,47,0.038112927315642774,0.0,-0.03413437019343256,0.00413437019343256,0.00586562980656744,11.731259613134881,0.007626693362412811,0.001618444810692819,7.038755767880929,0.025,0.0,-0.03,0.0,1.0,0.0,0.01
26,0.8666497583250713,48,0.03858022626373076,0.0,-0.03297494286657468,0.0029749428665746813,0.007025057133425319,14.050114266850638,-0.009273207104460116,0.003786734481894396,8.430068560110383,0.025,0.0,-0.03,0.0,1.0,0.0,0.01
26,0.8666497583250713,49,0.03902043488776092,0.0,-0.03180462669571947,0.0018046266957194718,0.008195373304280528,16.390746608561056,0.012262056604798633,0.0041935942338788435,9.834447965136633,0.025,0.0,-0.03,0.0,1.0,0.0,0.01
26,0.8666497583250713,50,0.0394370997980729,0.0,-0.03062583335626426,0.0006258333562642604,0.00937416664373574,18.74833328747148,-0.014834727022772113,0.006327283227597484,11.248999972482887,0.025,0.0,-0.03,0.0,1.0,0.0,0.01
26,0.8666497583250713,51,0.039834177812145405,0.0,-0.029439893511160713,0.0005601064888392862,0.009439893511160714,18.879787022321427,-0.019339896436981443,0.00556973865083187,11.327872213392856,0.025,0.0,-0.03,0.0,1.0,0.0,0.01
26,0.8666497583250713,52,0.04021530537241947,0.0,-0.028249018574504476,0.001750981425495523,0.008249018574504477,16.498037149008955,0.022730135620747487,0.009272683221790826,9.898822289405372,0.025,0.0,-0.03,0.0,1.0,0.0,0.01
26,0.8666497583250713,53,0.04058464172179286,0.0,-0.027053915463903726,0.002946084536096273,0.007053915463903727,14.107830927807454,-0.029167703867567053,0.007710172612156206,8.464698556684471,0.025,0.0,-0.03,0.0,1.0,0.0,0.01
26,0.8666497583250713,54,0.040945821226616635,0.0,-0.025856835983373624,0.004143164016626375,0.005856835983373625,11.71367196674725,0.03398880708749452,0.01333130916022279,7.02820318004835,0.025,0.0,-0.03,0.0,1.0,0.0,0.01
26,0.8666497583250713,55,0.041303173451325156,0.0,-0.024657909967166703,0.005342090032833296,0.004657909967166704,9.315819934333408,-0.04305017573064334,0.01130627091844472,5.589491960600045,0.025,0.0,-0.03,0.0,1.0,0.0,0.01
26,0.8666497583250713,56,0.041660231038502485,0.0,-0.023459717584105578,0.006540282415894421,0.003459717584105579,6.919435168211159,0.05012624218599738,0.019365890279285113,4.151661100926695,0.025,0.0,-0.03,0.0,1.0,0.0,0.01
26,0.8666497583250713,57,0.04202150612764598,0.0,-0.022261812189975933,0.007738187810024066,0.0022618121899759345,4.523624379951869,-0.0627704149854594,0.017474082018118547,2.714174627971121,0.025,0.0,-0.03,0.0,1.0,0.0,0.01
26,0.8666497583250713,58,0.04239030429936847,0.0,-0.0210674521498152,0.0089325478501848,0.0010674521498152002,2.1349042996304,0.07317951929831645,0.02881775497083813,1.28094257977824,0.025,0.0,-0.03,0.0,1.0,0.0,0.01
27,0.8999824413375741,0,0.0,0.0,-0.02,0.009999999999999998,1.734723475976807e-18,3.469446951953614e-15,0.0,0.0,2.0816681711721685e-15,0.025,0.0,-0.03,0.0,1.0,0.0,0.01
27,0.8999824413375741,36,0.038066303361049325,0.0,-0.020425585874082088,0.009574414125917911,0.00042558587408208885,0.8511717481641777,-0.0029368012284555866,1.2115309500766602e-05,0.5107030488985066,0.025,0.0,-0.03,0.0,1.0,0.0,0.01
27,0.8999824413375741,37,0.038036507687333146,0.0,-0.021672211361442713,0.008327788638557286,0.0016722113614427141,3.344422722885428,0.003520621970414542,5.160080588965477e-05,2.006653633731257,0.025,0.0,-0.03,0.0,1.0,0.0,0.01
27,0.8999824413375741,38,0.03800387284947827,0.0,-0.022918762089166565,0.007081237910833434,0.0029187620891665666,5.837524178333133,-0.004295506493111212,1.6945399336014866e-05,3.50251450699988,0.025,0.0,-0.03,0.0,1.0,0.0,0.01
27,0.8999824413375741,39,0.03797160406030268,0.0,-0.02416533765744366,0.005834662342556338,0.004165337657443662,8.330675314887324,0.005022603363355018,4.776755242981405e-05,4.998405188932394,0.025,0.0,-0.03,0.0,1.0,0.0,0.01
27,0.8999824413375741,40,0.03794290662056689,0.0,-0.02541196558509509,0.00458803441490491,0.00541196558509509,10.82393117019018,-0.005959884051337394,8.305063492335461e-06,6.494358702114108,0.025,0.0,-0.03,0.0,1.0,0.0,0.01
27,0.8999824413375741,41,0.037920979529301006,0.0,-0.026658731045480458,0.003341268954519541,0.006658731045480459,13.317462090960918,0.0068711834776659635,4.300027390040745e-05,7.99047725457655,0.025,0.0,-0.03,0.0,1.0,0.0,0.01
27,0.8999824413375741,42,0.0379089466473422,0.0,-0.027905569203817024,0.002094430796182975,0.007905569203817025,15.81113840763405,-0.0073930715176101225,5.935197977031711e-05,9.48668304458043,0.025,0.0,-0.03,0.0,1.0,0.0,0.01
27,0.8999824413375741,43,0.0379096496259136,0.0,-0.029152448990394493,0.0008475510096055058,0.009152448990394494,18.30489798078899,0.00784010961618518,0.00023088491140536174,10.982938788473394,0.025,0.0,-0.03,0.0,1.0,0.0,0.01
27,0.8999824413375741,44,0.037926088796040106,0.0,-0.0303991462970537,0.0003991462970537006,0.0096008537029463,19.2017074058926,0.008456189453258888,0.0002573939953293474,11.521024443535559,0.025,0.0,-0.03,0.0,1.0,0.0,0.01
27,0.8999824413375741,45,0.03796190001774131,0.0,-0.031645370938558744,0.0016453709385587448,0.008354629061441255,16.70925812288251,-0.009006492263471257,0.0005960652817567245,10.025554873729506,0.025,0.0,-0.03,0.0,1.0,0.0,0.01
27,0.8999824413375741,46,0.038020804072892184,0.0,-0.03289061549278431,0.0028906154927843125,0.007109384507215688,14.218769014431375,0.010604551010896825,0.0002875624033002809,8.531261408658825,0.025,0.0,-0.03,0.0,1.0,0.0,0.01
27,0.8999824413375741,47,0.03810753630728602,0.0,-0.034134965889128746,0.004134965889128747,0.005865034110871253,11.730068221742506,-0.011984653642035692,0.0022360818919193413,7.038040933045504,0.025,0.0,-0.03,0.0,1.0,0.0,0.01
27,0.8999824413375741,48,0.03858513023457441,0.0,-0.0329797188142697,0.0029797188142696995,0.007020281185730301,14.0405623714606,0.014955524030341049,0.0058215219538685315,8.42433742287636,0.025,0.0,-0.03,0.0,1.0,0.0,0.01
27,0.8999824413375741,49,0.03903575199271872,0.0,-0.0318135723823885,0.0018135723823885022,0.008186427617611498,16.372855235222996,-0.018757207217631362,0.0079352474990404,9.823713141133798,0.025,0.0,-0.03,0.0,1.0,0.0,0.01
27,0.8999824413375741,50,0.03946309961272089,0.0,-0.030638518037230035,0.0006385180372300361,0.009361481962769964,18.72296392553993,0.02432750670045897,0.008384600672121262,11.233778355323958,0.025,0.0,-0.03,0.0,1.0,0.0,0.01
27,0.8999824413375741,51,0.03987089728683951,0.0,-0.029456499871540393,0.0005435001284596064,0.009456499871540394,18.91299974308079,0.02933114799679272,0.011705239878293265,11.347799845848472,0.025,0.0,-0.03,0.0,1.0,0.0,0.01
27,0.8999824413375741,52,0.040263034964866246,0.0,-0.02826902184528363,0.0017309781547163693,0.008269021845283631,16.53804369056726,-0.03717433245605478,0.011544061087073381,9.922826214340356,0.025,0.0,-0.03,0.0,1.0,0.0,0.01
27,0.8999824413375741,53,0.040643342533797144,0.0,-0.027077751206325995,0.002922248793674004,0.007077751206325996,14.155502412651993,0.04409701045504893,0.016713716763505367,8.493301447591195,0.025,0.0,-0.03,0.0,1.0,0.0,0.01
27,0.8999824413375741,54,0.04101582789467644,0.0,-0.025883830676487717,0.004116169323512282,0.005883830676487718,11.767661352975436,-0.05510645021572877,0.01640478089358778,7.0605968117852616,0.025,0.0,-0.03,0.0,1.0,0.0,0.01
27,0.8999824413375741,55,0.04138435216585356,0.0,-0.024688832203734773,0.005311167796265226,0.004688832203734774,9.377664407469549,0.06503843633311587,0.024039312930402467,5.626598644481729,0.025,0.0,-0.03,0.0,1.0,0.0,0.01
27,0.8999824413375741,56,0.04175299607543995,0.0,-0.023493659582361485,0.006506340417638513,0.003493659582361487,6.987319164722973,-0.0804618095242749,0.02432287397194687,4.192391498833784,0.025,0.0,-0.03,0.0,1.0,0.0,0.01
27,0.8999824413375741,57,0.042125585927608795,0.0,-0.022299989698861593,0.007700010301138406,0.002299989698861594,4.599979397723188,0.09485023791454174,0.03541725519997093,2.7599876386339126,0.025,0.0,-0.03,0.0,1.0,0.0,0.01
27,0.8999824413375741,58,0.04250624923286861,0.0,-0.02110859633238025,0.00889140366761975,0.00110859633238025,2.2171926647605,-0.11635778364154815,0.03753986879599564,1.3303155988562998,0.025,0.0,-0.03,0.0,1.0,0.0,0.01
28,0.9333151243500768,0,0.0,0.0,-0.02,0.009999999999999998,1.734723475976807e-18,3.469446951953614e-15,0.0,0.0,2.0816681711721685e-15,0.025,0.0,-0.03,0.0,1.0,0.0,0.01
28,0.9333151243500768,36,0.03806687894263373,0.0,-0.02042692703535406,0.009573072964645938,0.00042692703535406225,0.8538540707081245,0.003069452329345818,2.3200646636289807e-05,0.5123124424248746,0.025,0.0,-0.03,0.0,1.0,0.0,0.01
28,0.9333151243500768,37,0.038037024569409016,0.0,-0.02167355754377565,0.00832644245622435,0.0016735575437756504,3.347115087551301,-0.003825516692051887,2.6263726604324487e-05,2.0082690525307805,0.025,0.0,-0.03,0.0,1.0,0.0,0.01
28,0.9333151243500768,38,0.03800429809877846,0.0,-0.022920097256749997,0.007079902743250002,0.002920097256749998,5.840194513499996,0.004469989378109398,4.6796903444026943e-05,3.5041167080999975,0.025,0.0,-0.03,0.0,1.0,0.0,0.01
28,0.9333151243500768,39,0.03797189916066442,0.0,-0.024166677169298573,0.005833322830701426,0.004166677169298574,8.333354338597148,-0.00535683241885691,3.713254281276981e-05,5.0000126031582885,0.025,0.0,-0.03,0.0,1.0,0.0,0.01
28,0.9333151243500768,40,0.037943027695112555,0.0,-0.025413292228946355,0.0045867077710536434,0.005413292228946357,10.826584457892714,0.0061520046250240126,2.0539563624019036e-05,6.495950674735629,0.025,0.0,-0.03,0.0,1.0,0.0,0.01
28,0.9333151243500768,41,0.03792087737153388,0.0,-0.026660061935838055,0.0033399380641619437,0.0066600619358380565,13.320123871676113,-0.007208981442015524,4.345628796728036e-05,7.992074323005667,0.025,0.0,-0.03,0.0,1.0,0.0,0.01
28,0.9333151243500768,42,0.037908564567956105,0.0,-0.027906885905316793,0.002093114094683206,0.007906885905316794,15.81377181063359,0.007208622876684564,7.134688494485348e-05,9.488263086380153,0.025,0.0,-0.03,0.0,1.0,0.0,0.01
28,0.9333151243500768,43,0.03790892392068809,0.0,-0.02915378632025016,0.0008462136797498382,0.009153786320250162,18.307572640500325,-0.007393113307188885,0.00016542922289274328,10.984543584300194,0.025,0.0,-0.03,0.0,1.0,0.0,0.01
28,0.9333151243500768,44,0.037924949643472324,0.0,-0.030400463329073417,0.00040046332907341803,0.009599536670926582,19.199073341853165,-0.0074177880695548495,0.0002738189502889834,11.519444005111898,0.025,0.0,-0.03,0.0,1.0,0.0,0.01
28,0.9333151243500768,45,0.037960279744648884,0.0,-0.031646740349934185,0.0016467403499341865,0.008353259650065814,16.706519300131628,0.0076371940995664245,0.00042982728700496957,10.023911580078977,0.025,0.0,-0.03,0.0,1.0,0.0,0.01
28,0.9333151243500768,46,0.03801863293252654,0.0,-0.03289197277712004,0.0028919727771200415,0.007108027222879959,14.216054445759918,-0.009008703945165114,0.00037770953921092043,8.52963266745595,0.025,0.0,-0.03,0.0,1.0,0.0,0.01
28,0.9333151243500768,47,0.03810475734764981,0.0,-0.034136412521593704,0.004136412521593705,0.0058635874784062954,11.727174956812592,0.010468683683862567,0.002131763754612227,7.036304974087555,0.025,0.0,-0.03,0.0,1.0,0.0,0.01
28,0.9333151243500768,48,0.03858733287987819,0.0,-0.032983226318574914,0.002983226318574915,0.007016773681425085,14.03354736285017,-0.012936155513890378,0.005313847142870634,8.420128417710101,0.025,0.0,-0.03,0.0,1.0,0.0,0.01
28,0.9333151243500768,49,0.03904299327258937,0.0,-0.031819125966675355,0.0018191259666753556,0.008180874033324645,16.361748066649287,0.016860841765379133,0.006738675086203608,9.817048839989573,0.025,0.0,-0.03,0.0,1.0,0.0,0.01
28,0.9333151243500768,50,0.03947549168881724,0.0,-0.030645930952889287,0.0006459309528892877,0.009354069047110712,18.708138094221425,-0.02121002527273453,0.00817875589145565,11.224882856532854,0.025,0.0,-0.03,0.0,1.0,0.0,0.01
28,0.9333151243500768,51,0.03988845681629135,0.0,-0.029465812845238647,0.0005341871547613515,0.009465812845238649,18.931625690477297,-0.026568951823521928,0.0096385852267695,11.358975414286379,0.025,0.0,-0.03,0.0,1.0,0.0,0.01
28,0.9333151243500768,52,0.04028586227349273,0.0,-0.028280038678682402,0.0017199613213175965,0.008280038678682404,16.560077357364808,0.03254599494730931,0.011601251181027509,9.936046414418884,0.025,0.0,-0.03,0.0,1.0,0.0,0.01
28,0.9333151243500768,53,0.040671419095272464,0.0,-0.027090587312849777,0.0029094126871502222,0.007090587312849778,14.181174625699557,-0.039958971570782285,0.013630653492333455,8.508704775419734,0.025,0.0,-0.03,0.0,1.0,0.0,0.01
28,0.9333151243500768,54,0.04104924998188845,0.0,-0.0258982675265317,0.0041017324734683,0.005898267526531701,11.796535053063401,0.04838350088409848,0.01654627420186324,7.0779210318380406,0.025,0.0,-0.03,0.0,1.0,0.0,0.01
28,0.9333151243500768,55,0.041423061094406716,0.0,-0.02470508083626306,0.005294919163736939,0.004705080836263061,9.410161672526122,-0.05880504179507076,0.01968329786196868,5.646097003515673,0.025,0.0,-0.03,0.0,1.0,0.0,0.01
28,0.9333151243500768,56,0.04179709496514587,0.0,-0.023511458457275248,0.006488541542724751,0.003511458457275249,7.022916914550499,0.07079453557764999,0.024224620599290918,4.213750148730299,0.025,0.0,-0.03,0.0,1.0,0.0,0.01
28,0.9333151243500768,57,0.04217496412315307,0.0,-0.022319672861904824,0.007680327138095175,0.0023196728619048253,4.639345723809651,-0.08550640988478257,0.02935101384759636,2.7836074342857904,0.025,0.0,-0.03,0.0,1.0,0.0,0.01
28,0.9333151243500768,58,0.04256103226706169,0.0,-0.021129828339682653,0.008870171660317346,0.0011298283396826547,2.2596566793653095,0.10253779733093808,0.03663144694665376,1.3557940076191857,0.025,0.0,-0.03,0.0,1.0,0.0,0.01
29,0.9666478073625796,0,0.0,0.0,-0.02,0.009999999999999998,1.734723475976807e-18,3.469446951953614e-15,0.0,0.0,2.0816681711721685e-15,0.025,0.0,-0.03,0.0,1.0,0.0,0.01
29,0.9666478073625796,36,0.03806676931834831,0.0,-0.02042809790937528,0.00957190209062472,0.0004280979093752805,0.8561958187505609,-0.0016009566808693617,2.1697270365419254e-05,0.5137174912503365,0.025,0.0,-0.03,0.0,1.0,0.0,0.01
29,0.9666478073625796,37,0.03803690725013872,0.0,-0.02167468838754106,0.00832531161245894,0.0016746883875410606,3.349376775082121,0.001904946511399528,7.085618254004053e-06,2.0096260650492725,0.025,0.0,-0.03,0.0,1.0,0.0,0.01
29,0.9666478073625796,38,0.038004190285389976,0.0,-0.02292127829225044,0.00707872170774956,0.0029212782922504402,5.842556584500881,-0.002332541202439197,3.4301040178387434e-05,3.5055339507005283,0.025,0.0,-0.03,0.0,1.0,0.0,0.01
29,0.9666478073625796,39,0.03797182237161254,0.0,-0.024167804206280646,0.0058321957937193525,0.004167804206280648,8.335608412561296,0.0027110117181728243,1.7449902587080185e-05,5.001365047536777,0.025,0.0,-0.03,0.0,1.0,0.0,0.01
29,0.9666478073625796,40,0.03794300488766305,0.0,-0.025414485751015358,0.004585514248984641,0.005414485751015359,10.828971502030718,-0.0032250790201610717,1.544305706286435e-05,6.4973829012184305,0.025,0.0,-0.03,0.0,1.0,0.0,0.01
29,0.9666478073625796,41,0.03792093526754765,0.0,-0.026661185610220225,0.0033388143897797734,0.006661185610220227,13.322371220440454,0.003699844357292647,2.7376824138887055e-05,7.993422732264272,0.025,0.0,-0.03,0.0,1.0,0.0,0.01
29,0.9666478073625796,42,0.03790873364325176,0.0,-0.027908091908536534,0.0020919080914634652,0.007908091908536535,15.81618381707307,-0.0034336058407922203,3.624391581819466e-05,9.489710290243842,0.025,0.0,-0.03,0.0,1.0,0.0,0.01
29,0.9666478073625796,43,0.03790923599373594,0.0,-0.029154903664680203,0.0008450963353197963,0.009154903664680204,18.309807329360407,0.00305682335560412,4.1258155533184195e-05,10.985884397616244,0.025,0.0,-0.03,0.0,1.0,0.0,0.01
29,0.9666478073625796,44,0.0379254474566967,0.0,-0.03040167498095585,0.00040167498095585244,0.009598325019044148,19.196650038088297,0.00274982886878852,0.00011835455286189149,11.517990022852977,0.025,0.0,-0.03,0.0,1.0,0.0,0.01
29,0.9666478073625796,45,0.037960996124700344,0.0,-0.031647837567644756,0.0016478375676447568,0.008352162432355243,16.704324864710486,-0.0023375246825379755,0.00010487886017623636,10.022594918826291,0.025,0.0,-0.03,0.0,1.0,0.0,0.01
29,0.9666478073625796,46,0.03801961775039311,0.0,-0.032893173600000526,0.0028931736000005273,0.007106826399999473,14.213652799998945,0.003136402195898419,0.00022070849693742195,8.528191679999367,0.025,0.0,-0.03,0.0,1.0,0.0,0.01
29,0.9666478073625796,47,0.03810604966592606,0.0,-0.03413745925356372,0.004137459253563722,0.0058625407464362785,11.725081492872556,-0.0038017742338985485,0.0008866147421355627,7.035048895723533,0.025,0.0,-0.03,0.0,1.0,0.0,0.01
29,0.9666478073625796,48,0.03858547349632212,0.0,-0.032983104188191524,0.002983104188191525,0.007016895811808475,14.03379162361695,0.0049312179166806904,0.0021593980974873284,8.42027497417017,0.025,0.0,-0.03,0.0,1.0,0.0,0.01
29,0.9666478073625796,49,0.039038037417366486,0.0,-0.03181756657793045,0.0018175665779304531,0.008182433422069547,16.364866844139094,-0.00676083512963501,0.0023812622686161028,9.818920106483455,0.025,0.0,-0.03,0.0,1.0,0.0,0.01
29,0.9666478073625796,50,0.03946721786530661,0.0,-0.030643389943110878,0.0006433899431108787,0.009356610056889121,18.71322011377824,0.008342980559320822,0.0036966155633021153,11.227932068266945,0.025,0.0,-0.03,0.0,1.0,0.0,0.01
29,0.9666478073625796,51,0.039876994570821715,0.0,-0.029461825650184677,0.0005381743498153214,0.009461825650184679,18.923651300369357,0.011011065420374598,0.0032431630632895293,11.354190780221614,0.025,0.0,-0.03,0.0,1.0,0.0,0.01
29,0.9666478073625796,52,0.0402709243029311,0.0,-0.028275251250164765,0.0017247487498352337,0.008275251250164766,16.550502500329532,-0.013006892823831544,0.00548903786512291,9.93030150019772,0.025,0.0,-0.03,0.0,1.0,0.0,0.01
29,0.9666478073625796,53,0.040653206880247934,0.0,-0.027084262638618087,0.002915737361381912,0.007084262638618088,14.168525277236176,0.016775444794620512,0.0045303485125205685,8.501115166341705,0.025,0.0,-0.03,0.0,1.0,0.0,0.01
29,0.9666478073625796,54,0.041027384563434605,0.0,-0.0258913228746836,0.004108677125316398,0.0058913228746836025,11.782645749367205,-0.019546774854939216,0.007903799988468697,7.069587449620323,0.025,0.0,-0.03,0.0,1.0,0.0,0.01
29,0.9666478073625796,55,0.041397849181722596,0.0,-0.02469640436033758,0.005303595639662418,0.004696404360337582,9.392808720675164,0.024817359046663545,0.00663938464875655,5.635685232405098,0.025,0.0,-0.03,0.0,1.0,0.0,0.01
29,0.9666478073625796,56,0.04176801835717129,0.0,-0.023502357577344035,0.006497642422655964,0.0035023575773440365,7.004715154688073,-0.028840275288535312,0.0114432538661152,4.202829092812844,0.025,0.0,-0.03,0.0,1.0,0.0,0.01
29,0.9666478073625796,57,0.04214249662044815,0.0,-0.022308512817628277,0.007691487182371722,0.002308512817628278,4.617025635256556,0.03616641538926617,0.010215540994429891,2.770215381153933,0.025,0.0,-0.03,0.0,1.0,0.0,0.01
29,0.9666478073625796,58,0.04252443573969274,0.0,-0.021118477486843156,0.008881522513156843,0.0011184774868431575,2.236954973686315,-0.04206089708100867,0.01693530557578425,1.3421729842117889,0.025,0.0,-0.03,0.0,1.0,0.0,0.01
30,0.9999804903750823,0,0.0,0.0,-0.02,0.009999999999999998,1.734723475976807e-18,3.469446951953614e-15,0.0,0.0,2.0816681711721685e-15,0.025,0.0,-0.03,0.0,1.0,0.0,0.01
30,0.9999804903750823,36,0.03806625735848616,0.0,-0.020428300079980873,0.009571699920019126,0.00042830007998087387,0.8566001599617478,-0.0007636082224569777,1.694842477480213e-05,0.5139600959770486,0.025,0.0,-0.03,0.0,1.0,0.0,0.01
30,0.9999804903750823,37,0.03803642915018449,0.0,-0.02167495207885121,0.008325047921148788,0.0016749520788512124,3.349904157702425,0.0009137782117096511,1.0051700639742634e-05,2.009942494621455,0.025,0.0,-0.03,0.0,1.0,0.0,0.01
30,0.9999804903750823,38,0.038003788340568945,0.0,-0.02292147655974207,0.0070785234402579306,0.0029214765597420696,5.8429531194841395,-0.0010364588719487837,1.6552532190380815e-05,3.5057718716904835,0.025,0.0,-0.03,0.0,1.0,0.0,0.01
30,0.9999804903750823,39,0.03797154350227257,0.0,-0.024168087996474165,0.005831912003525834,0.004168087996474166,8.336175992948332,0.0011887224789380176,5.150245309314886e-06,5.001705595768999,0.025,0.0,-0.03,0.0,1.0,0.0,0.01
30,0.9999804903750823,40,0.03794290500505654,0.0,-0.025414682639347725,0.004585317360652274,0.005414682639347726,10.829365278695454,-0.0013159618480640984,1.4057642456270047e-06,6.497619167217272,0.025,0.0,-0.03,0.0,1.0,0.0,0.01
30,0.9999804903750823,41,0.03792107559529095,0.0,-0.02666149321576986,0.003338506784230137,0.006661493215769863,13.322986431539727,0.001473348897050648,7.359996888764095e-06,7.993791858923836,0.025,0.0,-0.03,0.0,1.0,0.0,0.01
30,0.9999804903750823,42,0.0379091831747491,0.0,-0.0279082886961091,0.002091711303890898,0.007908288696109102,15.816577392218203,-0.0020060468517161655,4.5332992362642e-05,9.489946435330921,0.025,0.0,-0.03,0.0,1.0,0.0,0.01
30,0.9999804903750823,43,0.03791007762979399,0.0,-0.029155218694170634,0.0008447813058293646,0.009155218694170636,18.31043738834127,0.002601900845928204,5.201764763566689e-05,10.986262433004763,0.025,0.0,-0.03,0.0,1.0,0.0,0.01
30,0.9999804903750823,44,0.0379267615354335,0.0,-0.03040185712682464,0.0004018571268246396,0.00959814287317536,19.19628574635072,0.0032104696444203336,0.00017406446175378867,11.517771447810432,0.025,0.0,-0.03,0.0,1.0,0.0,0.01
30,0.9999804903750823,45,0.037962883675357696,0.0,-0.031648130859706955,0.001648130859706956,0.008351869140293044,16.703738280586087,-0.003886049769152391,0.00015073398064911273,10.022242968351652,0.025,0.0,-0.03,0.0,1.0,0.0,0.01
30,0.9999804903750823,46,0.03802215235150098,0.0,-0.0328932899312863,0.0028932899312862984,0.007106710068713702,14.213420137427404,0.004096383690145263,0.00019751051353783405,8.528052082456442,0.025,0.0,-0.03,0.0,1.0,0.0,0.01
30,0.9999804903750823,47,0.03810929672417711,0.0,-0.03413767445820609,0.004137674458206092,0.005862325541793908,11.724651083587815,-0.0043204931517397405,0.0008796191383013493,7.034790650152689,0.025,0.0,-0.03,0.0,1.0,0.0,0.01
30,0.9999804903750823,48,0.03858240806860436,0.0,-0.032980463474744356,0.0029804634747443576,0.007019536525255643,14.039073050511286,0.0048748699922756475,0.001992906449940897,8.423443830306772,0.025,0.0,-0.03,0.0,1.0,0.0,0.01
30,0.9999804903750823,49,0.039028392972344395,0.0,-0.031812614267804844,0.0018126142678048449,0.008187385732195155,16.37477146439031,-0.0062094675596897535,0.002120068560802515,9.824862878634185,0.025,0.0,-0.03,0.0,1.0,0.0,0.01
30,0.9999804903750823,50,0.0394510911206388,0.0,-0.030635712740495525,0.0006357127404955261,0.009364287259504474,18.728574519008948,0.007201046661933372,0.003188918645727336,11.237144711405369,0.025,0.0,-0.03,0.0,1.0,0.0,0.01
30,0.9999804903750823,51,0.03985404267116364,0.0,-0.02945216481927566,0.0005478351807243383,0.009452164819275662,18.904329638551324,0.009278330723390783,0.002626838282887016,11.342597783130794,0.025,0.0,-0.03,0.0,1.0,0.0,0.01
30,0.9999804903750823,52,0.04024134518934646,0.0,-0.028262871964666897,0.001737128035333102,0.008262871964666898,16.525743929333796,-0.010574587526875515,0.004544719146386463,9.915446357600278,0.025,0.0,-0.03,0.0,1.0,0.0,0.01
30,0.9999804903750823,53,0.04061657479632944,0.0,-0.027070195937802702,0.002929804062197297,0.007070195937802703,14.140391875605406,0.013550439800336609,0.0034866740653814975,8.484235125363243,0.025,0.0,-0.03,0.0,1.0,0.0,0.01
30,0.9999804903750823,54,0.04098402526210963,0.0,-0.025874398880661807,0.004125601119338192,0.0058743988806618085,11.748797761323617,-0.015414659306026203,0.00641289210279711,7.04927865679417,0.025,0.0,-0.03,0.0,1.0,0.0,0.01
30,0.9999804903750823,55,0.04134720599065851,0.0,-0.024678073306966395,0.005321926693033604,0.004678073306966396,9.356146613932793,0.0195789707988606,0.005010159022092404,5.613687968359676,0.025,0.0,-0.03,0.0,1.0,0.0,0.01
30,0.9999804903750823,56,0.04171060375903244,0.0,-0.023480850317763858,0.006519149682236141,0.0034808503177638592,6.961700635527719,-0.022363959861214505,0.00917016688379576,4.177020381316631,0.025,0.0,-0.03,0.0,1.0,0.0,0.01
30,0.9999804903750823,57,0.04207754190997729,0.0,-0.0222858895625085,0.007714110437491498,0.0022858895625085026,4.571779125017005,0.028119532509176356,0.007686253968879355,2.743067475010203,0.025,0.0,-0.03,0.0,1.0,0.0,0.01
30,0.9999804903750823,58,0.042452747254507726,0.0,-0.021092135571557303,0.008907864428442696,0.0010921355715573042,2.1842711431146085,-0.03228188533939876,0.013444786615409524,1.3105626858687651,0.025,0.0,-0.03,0.0,1.0,0.0,0.01
31,1.033313173387585,0,0.0,0.0,-0.02,0.009999999999999998,1.734723475976807e-18,3.469446951953614e-15,0.0,0.0,2.0816681711721685e-15,0.025,0.0,-0.03,0.0,1.0,0.0,0.01
31,1.033313173387585,36,0.03806592330061036,0.0,-0.020427831672031434,0.009572168327968564,0.00042783167203143575,0.8556633440628715,0.002802369147050183,8.590896920831504e-06,0.5133980064377228,0.025,0.0,-0.03,0.0,1.0,0.0,0.01
31,1.033313173387585,37,0.03803612873795099,0.0,-0.021674433537001117,0.008325566462998882,0.0016744335370011184,3.3488670740022366,-0.0033169308166458803,2.7078019438742886e-05,2.009320244401342,0.025,0.0,-0.03,0.0,1.0,0.0,0.01
31,1.033313173387585,38,0.03800354282784639,0.0,-0.02292102132781232,0.00707897867218768,0.00292102132781232,5.84204265562464,0.003934756197512809,2.9132565909413133e-05,3.505225593374784,0.025,0.0,-0.03,0.0,1.0,0.0,0.01
31,1.033313173387585,39,0.03797137980848327,0.0,-0.024167564328729355,0.005832435671270644,0.004167564328729357,8.335128657458712,-0.004517890525393511,2.8711527338440456e-05,5.0010771944752275,0.025,0.0,-0.03,0.0,1.0,0.0,0.01
31,1.033313173387585,40,0.03794285151705983,0.0,-0.025414243733941164,0.0045857562660588345,0.005414243733941166,10.828487467882331,0.005216445471616979,9.129275183467566e-06,6.497092480729399,0.025,0.0,-0.03,0.0,1.0,0.0,0.01
31,1.033313173387585,41,0.037921165428823275,0.0,-0.026660964057403144,0.0033390359425968553,0.006660964057403145,13.32192811480629,-0.005892956930039398,2.7453259995054694e-05,7.993156868883774,0.025,0.0,-0.03,0.0,1.0,0.0,0.01
31,1.033313173387585,42,0.03790945505627111,0.0,-0.027907860076475582,0.0020921399235244165,0.007907860076475584,15.815720152951167,0.006456420877928073,7.437587829247006e-05,9.4894320917707,0.025,0.0,-0.03,0.0,1.0,0.0,0.01
31,1.033313173387585,43,0.03791057195918399,0.0,-0.029154690503969585,0.0008453094960304136,0.009154690503969587,18.309381007939173,-0.006983160487308093,0.00018486802921847771,10.985628604763503,0.025,0.0,-0.03,0.0,1.0,0.0,0.01
31,1.033313173387585,44,0.03792752860220402,0.0,-0.030401422654943114,0.0004014226549431156,0.009598577345056885,19.19715469011377,-0.007617382386834498,0.0002901785151061926,11.518292814068262,0.025,0.0,-0.03,0.0,1.0,0.0,0.01
31,1.033313173387585,45,0.03796396313967418,0.0,-0.03164758726596192,0.0016475872659619181,0.008352412734038082,16.704825468076166,0.008222460152470495,0.0004734657752997521,10.022895280845699,0.025,0.0,-0.03,0.0,1.0,0.0,0.01
31,1.033313173387585,46,0.038023598916432394,0.0,-0.032892833569681944,0.002892833569681945,0.007107166430318055,14.21433286063611,-0.009299209333449856,0.00034034745515095876,8.528599716381667,0.025,0.0,-0.03,0.0,1.0,0.0,0.01
31,1.033313173387585,47,0.03811115152136395,0.0,-0.034137062873611713,0.004137062873611715,0.005862937126388286,11.72587425277657,0.010219085809567771,0.0019183452493904763,7.035524551665942,0.025,0.0,-0.03,0.0,1.0,0.0,0.01
31,1.033313173387585,48,0.038581055021997435,0.0,-0.03297868383119132,0.00297868383119132,0.00702131616880868,14.042632337617361,-0.012309411556549977,0.004812575341015914,8.425579402570417,0.025,0.0,-0.03,0.0,1.0,0.0,0.01
31,1.033313173387585,49,0.039023891990452454,0.0,-0.03180940873314513,0.0018094087331451333,0.008190591266854867,16.381182533709733,0.015459703558366992,0.006033391402272555,9.82870952022584,0.025,0.0,-0.03,0.0,1.0,0.0,0.01
31,1.033313173387585,50,0.039443238737326206,0.0,-0.0306315438403424,0.0006315438403424016,0.009368456159657599,18.7369123193152,-0.01933056649811342,0.0071134887454484845,11.24214739158912,0.025,0.0,-0.03,0.0,1.0,0.0,0.01
31,1.033313173387585,51,0.03984298858324355,0.0,-0.02944657151832179,0.0005534284816782094,0.00944657151832179,18.893143036643583,-0.02373402183827668,0.008447766754002283,11.33588582198615,0.025,0.0,-0.03,0.0,1.0,0.0,0.01
31,1.033313173387585,52,0.04022683412675337,0.0,-0.02825652237958698,0.0017434776204130198,0.00825652237958698,16.51304475917396,0.029098138371141283,0.009860086209116796,9.907826855504377,0.025,0.0,-0.03,0.0,1.0,0.0,0.01
31,1.033313173387585,53,0.04059884512646553,0.0,-0.02706234738946039,0.0029376526105396074,0.007062347389460393,14.124694778920786,-0.0352847190132215,0.011805498650714164,8.474816867352471,0.025,0.0,-0.03,0.0,1.0,0.0,0.01
31,1.033313173387585,54,0.04096274409787116,0.0,-0.02586600951775613,0.00413399048224387,0.00586600951775613,11.732019035512259,0.04285120146808976,0.013928564998976548,7.039211421307355,0.025,0.0,-0.03,0.0,1.0,0.0,0.01
31,1.033313173387585,55,0.0413227336957774,0.0,-0.024668012306431574,0.005331987693568425,0.0046680123064315755,9.33602461286315,-0.051665471914023736,0.016935198427183266,5.60161476771789,0.025,0.0,-0.03,0.0,1.0,0.0,0.01
31,1.033313173387585,56,0.04168248182561704,0.0,-0.023470492363211134,0.006529507636788865,0.003470492363211135,6.94098472642227,0.062413658482694576,0.020354993422686037,4.164590835853362,0.025,0.0,-0.03,0.0,1.0,0.0,0.01
31,1.033313173387585,57,0.042046315063403394,0.0,-0.022273561325849803,0.007726438674150196,0.002273561325849804,4.547122651699608,-0.07499561779890432,0.025169290617611167,2.728273591019765,0.025,0.0,-0.03,0.0,1.0,0.0,0.01
31,1.033313173387585,58,0.042417748759378704,0.0,-0.021079811995623265,0.008920188004376734,0.001079811995623266,2.1596239912465323,0.09022834275336736,0.030862311779723074,1.2957743947479192,0.025,0.0,-0.03,0.0,1.0,0.0,0.01
32,1.0666458564000878,0,0.0,0.0,-0.02,0.009999999999999998,1.734723475976807e-18,3.469446951953614e-15,0.0,0.0,2.0816681711721685e-15,0.025,0.0,-0.03,0.0,1.0,0.0,0.01
32,1.0666458564000878,36,0.038066035188404866,0.0,-0.020427368442645276,0.009572631557354723,0.0004273684426452772,0.8547368852905545,-0.003595878044812704,8.365928970763565e-06,0.5128421311743326,0.025,0.0,-0.03,0.0,1.0,0.0,0.01
32,1.0666458564000878,37,0.038036241041349596,0.0,-0.021673993934643636,0.008326006065356363,0.0016739939346436371,3.3479878692872744,0.0043308190208931506,4.2334009365807214e-05,2.0087927215723647,0.025,0.0,-0.03,0.0,1.0,0.0,0.01
32,1.0666458564000878,38,0.03800364421998673,0.0,-0.02292055191171233,0.0070794480882876674,0.0029205519117123328,5.841103823424666,-0.005083962981385191,3.7027083379829154e-05,3.5046622940547993,0.025,0.0,-0.03,0.0,1.0,0.0,0.01
32,1.0666458564000878,39,0.03797145594149945,0.0,-0.02416712689931605,0.00583287310068395,0.004167126899316051,8.334253798632101,0.005916766222921438,4.531910781564145e-05,5.000552279179261,0.025,0.0,-0.03,0.0,1.0,0.0,0.01
32,1.0666458564000878,40,0.03794288724462973,0.0,-0.025413766594253723,0.0045862334057462754,0.005413766594253725,10.82753318850745,-0.006784137912985513,1.4330368117305654e-05,6.49651991310447,0.025,0.0,-0.03,0.0,1.0,0.0,0.01
32,1.0666458564000878,41,0.03792114298676216,0.0,-0.026660528595485188,0.0033394714045148106,0.0066605285954851896,13.321057190970379,0.0077491269040634615,4.514633983940279e-05,7.992634314582227,0.025,0.0,-0.03,0.0,1.0,0.0,0.01
32,1.0666458564000878,42,0.037909354053486305,0.0,-0.027907380074250438,0.0020926199257495608,0.00790738007425044,15.814760148500879,-0.008016268369034485,7.949300543149601e-05,9.488856089100526,0.025,0.0,-0.03,0.0,1.0,0.0,0.01
32,1.0666458564000878,43,0.0379103704614755,0.0,-0.02915424916381786,0.0008457508361821402,0.00915424916381786,18.30849832763572,0.008327022567194437,0.000218805147958227,10.985098996581433,0.025,0.0,-0.03,0.0,1.0,0.0,0.01
32,1.0666458564000878,44,0.037927200050929984,0.0,-0.030400950409423314,0.0004009504094233153,0.009599049590576685,19.19809918115337,0.00862499782138867,0.00030193486189336133,11.518859508692023,0.025,0.0,-0.03,0.0,1.0,0.0,0.01
32,1.0666458564000878,45,0.0379634825883467,0.0,-0.03164714764079131,0.0016471476407913105,0.00835285235920869,16.70570471841738,-0.00897515635171146,0.0005506595672634049,10.023422831050427,0.025,0.0,-0.03,0.0,1.0,0.0,0.01
32,1.0666458564000878,46,0.03802293726835108,0.0,-0.032892376044232695,0.002892376044232696,0.007107623955767304,14.21524791153461,0.010323856869567482,0.0003727872266342807,8.529148746920765,0.025,0.0,-0.03,0.0,1.0,0.0,0.01
32,1.0666458564000878,47,0.03811028620597578,0.0,-0.03413665655223676,0.004136656552236759,0.0058633434477632414,11.726686895526482,-0.01159161252722807,0.0021722673124104828,7.036012137315889,0.025,0.0,-0.03,0.0,1.0,0.0,0.01
32,1.0666458564000878,48,0.03858209003127624,0.0,-0.032979016908410624,0.0029790169084106255,0.007020983091589375,14.041966183178749,0.014146681267189994,0.005536853548026512,8.42517970990725,0.025,0.0,-0.03,0.0,1.0,0.0,0.01
32,1.0666458564000878,49,0.03902683013035144,0.0,-0.0318105399528436,0.0018105399528436025,0.008189460047156398,16.378920094312797,-0.017875150637598407,0.007185979017003453,9.827352056587678,0.025,0.0,-0.03,0.0,1.0,0.0,0.01
32,1.0666458564000878,50,0.039448164785433365,0.0,-0.030633319544859147,0.0006333195448591476,0.009366680455140853,18.733360910281704,0.022631604260535516,0.008093040270362008,11.240016546169022,0.025,0.0,-0.03,0.0,1.0,0.0,0.01
32,1.0666458564000878,51,0.03984988217058427,0.0,-0.02944912439993433,0.00055087560006567,0.00944912439993433,18.89824879986866,0.027671726546095687,0.010280228720812584,11.338949279921197,0.025,0.0,-0.03,0.0,1.0,0.0,0.01
32,1.0666458564000878,52,0.04023580181142722,0.0,-0.028259639797541633,0.0017403602024583659,0.008259639797541634,16.51927959508327,-0.034313219144396376,0.011182804335115478,9.91156775704996,0.025,0.0,-0.03,0.0,1.0,0.0,0.01
32,1.0666458564000878,53,0.040609844490304775,0.0,-0.027066259885173874,0.002933740114826125,0.007066259885173875,14.13251977034775,0.04131320552990114,0.014488376943204428,8.47951186220865,0.025,0.0,-0.03,0.0,1.0,0.0,0.01
32,1.0666458564000878,54,0.040975912024987536,0.0,-0.025870420243220855,0.004129579756779144,0.005870420243220856,11.740840486441712,-0.050678634100639386,0.015814631172211133,7.044504291865027,0.025,0.0,-0.03,0.0,1.0,0.0,0.01
32,1.0666458564000878,55,0.04133799625903915,0.0,-0.024673283485857924,0.005326716514142075,0.004673283485857925,9.34656697171585,0.06064117281286557,0.02078992241521986,5.60794018302951,0.025,0.0,-0.03,0.0,1.0,0.0,0.01
32,1.0666458564000878,56,0.04170002097931134,0.0,-0.023476204574449093,0.006523795425550906,0.0034762045744490943,6.952409148898188,-0.07389232450644657,0.023216784914850335,4.171445489338913,0.025,0.0,-0.03,0.0,1.0,0.0,0.01
32,1.0666458564000878,57,0.042066006348980486,0.0,-0.022280258277205502,0.007719741722794497,0.0022802582772055036,4.560516554411008,0.08816189835306257,0.030764079994454303,2.7363099326466043,0.025,0.0,-0.03,0.0,1.0,0.0,0.01
32,1.0666458564000878,58,0.04243984416289584,0.0,-0.021086895463832266,0.008913104536167733,0.001086895463832267,2.173790927664534,-0.10685015375713476,0.03542765829461349,1.3042745565987204,0.025,0.0,-0.03,0.0,1.0,0.0,0.01
33,1.0999785394125905,0,0.0,0.0,-0.02,0.009999999999999998,1.734723475976807e-18,3.469446951953614e-15,0.0,0.0,2.0816681711721685e-15,0.025,0.0,-0.03,0.0,1.0,0.0,0.01
33,1.0999785394125905,36,0.03806637273094083,0.0,-0.02042743129094809,0.009572568709051908,0.0004274312909480927,0.8548625818961854,0.002865118364608171,2.4584925023459337e-05,0.5129175491377111,0.025,0.0,-0.03,0.0,1.0,0.0,0.01
33,1.0999785394125905,37,0.038036554328848324,0.0,-0.021674066083895552,0.008325933916104446,0.0016740660838955538,3.348132167791108,-0.003463125228700912,2.033741716828988e-05,2.0088793006746646,0.025,0.0,-0.03,0.0,1.0,0.0,0.01
33,1.0999785394125905,38,0.038003908181331376,0.0,-0.022920608399250416,0.007079391600749583,0.0029206083992504173,5.8412167985008345,0.004058776343677934,4.535539690894202e-05,3.5047300791005007,0.025,0.0,-0.03,0.0,1.0,0.0,0.01
33,1.0999785394125905,39,0.037971641096522554,0.0,-0.02416719623115844,0.005832803768841557,0.004167196231158443,8.334392462316886,-0.004736301544542178,3.066818556799672e-05,5.000635477390132,0.025,0.0,-0.03,0.0,1.0,0.0,0.01
33,1.0999785394125905,40,0.03794296022331098,0.0,-0.025413813927382144,0.004586186072617855,0.005413813927382145,10.82762785476429,0.005425857982196934,1.8599517691887388e-05,6.496576712858573,0.025,0.0,-0.03,0.0,1.0,0.0,0.01
33,1.0999785394125905,41,0.037921066252250356,0.0,-0.026660594372678047,0.0033394056273219515,0.006660594372678049,13.321188745356098,-0.006210761060570421,3.780843470012662e-05,7.992713247213659,0.025,0.0,-0.03,0.0,1.0,0.0,0.01
33,1.0999785394125905,42,0.03790908453546541,0.0,-0.027907416926431783,0.002092583073568216,0.007907416926431784,15.814833852863568,0.006109989679268121,6.611489216589666e-05,9.48890031171814,0.025,0.0,-0.03,0.0,1.0,0.0,0.01
33,1.0999785394125905,43,0.037909860339315364,0.0,-0.029154321119184673,0.0008456788808153259,0.009154321119184674,18.308642238369348,-0.006035067422348904,0.0001257297712632822,10.985185343021609,0.025,0.0,-0.03,0.0,1.0,0.0,0.01
33,1.0999785394125905,44,0.037926394415399405,0.0,-0.030400985110347882,0.00040098511034788314,0.009599014889652117,19.198029779304235,-0.00590913000509297,0.0002328583468396153,11.518817867582541,0.025,0.0,-0.03,0.0,1.0,0.0,0.01
33,1.0999785394125905,45,0.03796233002946661,0.0,-0.031647245302417526,0.001647245302417527,0.008352754697582473,16.705509395164945,0.0058163884236389005,0.00031477512090087573,10.023305637098966,0.025,0.0,-0.03,0.0,1.0,0.0,0.01
33,1.0999785394125905,46,0.03802138024047572,0.0,-0.032892436499607575,0.0028924364996075758,0.0071075635003924244,14.215127000784848,-0.00686267421483461,0.0003392727272739688,8.529076200470909,0.025,0.0,-0.03,0.0,1.0,0.0,0.01
33,1.0999785394125905,47,0.03810827814357426,0.0,-0.03413681874102367,0.004136818741023673,0.005863181258976327,11.726362517952653,0.007872228921226576,0.0016058960520504038,7.035817510771592,0.025,0.0,-0.03,0.0,1.0,0.0,0.01
33,1.0999785394125905,48,0.03858395470615078,0.0,-0.032980710373445354,0.0029807103734453555,0.007019289626554645,14.038579253109289,-0.009675918518435416,0.003971612562651354,8.423147551865572,0.025,0.0,-0.03,0.0,1.0,0.0,0.01
33,1.0999785394125905,49,0.03903258154343101,0.0,-0.031813849848731104,0.0018138498487311056,0.008186150151268895,16.372300302537788,0.012618529097066575,0.004802355064818149,9.823380181522673,0.025,0.0,-0.03,0.0,1.0,0.0,0.01
33,1.0999785394125905,50,0.03945794511567472,0.0,-0.030637979868155807,0.000637979868155808,0.009362020131844192,18.724040263688384,-0.01566742072256973,0.006190885595625925,11.234424158213029,0.025,0.0,-0.03,0.0,1.0,0.0,0.01
33,1.0999785394125905,51,0.03986365796324286,0.0,-0.0294553291805466,0.0005446708194533981,0.009455329180546602,18.910658361093205,-0.01979028107625998,0.006678020366626313,11.346395016655922,0.025,0.0,-0.03,0.0,1.0,0.0,0.01
33,1.0999785394125905,52,0.04025373771299769,0.0,-0.028267041930033123,0.0017329580699668758,0.008267041930033124,16.53408386006625,0.023901376033617496,0.008812847719997923,9.92045031603975,0.025,0.0,-0.03,0.0,1.0,0.0,0.01
33,1.0999785394125905,53,0.04063186219719504,0.0,-0.027075203346783608,0.002924796653216391,0.007075203346783609,14.150406693567218,-0.029657267652886586,0.009330604407178446,8.49024401614033,0.025,0.0,-0.03,0.0,1.0,0.0,0.01
33,1.0999785394125905,54,0.04100221321095906,0.0,-0.025880436346047298,0.004119563653952701,0.0058804363460472995,11.7608726920946,0.03544348044804654,0.012534301375771497,7.05652361525676,0.025,0.0,-0.03,0.0,1.0,0.0,0.01
33,1.0999785394125905,55,0.04136844192938521,0.0,-0.024684919786697124,0.005315080213302875,0.004684919786697125,9.36983957339425,-0.04353700800506626,0.013458826243190057,5.62190374403655,0.025,0.0,-0.03,0.0,1.0,0.0,0.01
33,1.0999785394125905,56,0.041734874634822644,0.0,-0.02348881066406092,0.006511189335939079,0.003488810664060921,6.977621328121842,0.05182787179999496,0.01823194027535098,4.186572796873105,0.025,0.0,-0.03,0.0,1.0,0.0,0.01
33,1.0999785394125905,57,0.04210503723657994,0.0,-0.022294661508140523,0.007705338491859476,0.0022946615081405244,4.589323016281049,-0.06321454607185314,0.020190077759390742,2.753593809768629,0.025,0.0,-0.03,0.0,1.0,0.0,0.01
33,1.0999785394125905,58,0.04248341828919228,0.0,-0.021102176699448492,0.008897823300551506,0.0011021766994484938,2.2043533988969877,0.07510494545876377,0.027356049387368495,1.3226120393381926,0.025,0.0,-0.03,0.0,1.0,0.0,0.01
34,1.1333112224250932,0,0.0,0.0,-0.02,0.009999999999999998,1.734723475976807e-18,3.469446951953614e-15,0.0,0.0,2.0816681711721685e-15,0.025,0.0,-0.03,0.0,1.0,0.0,0.01
34,1.1333112224250932,36,0.038066593988736845,0.0,-0.020427903684316077,0.009572096315683922,0.00042790368431607807,0.8558073686321561,-0.0009352341851781662,3.3688241016470196e-06,0.5134844211792936,0.025,0.0,-0.03,0.0,1.0,0.0,0.01
34,1.1333112224250932,37,0.03803675366721814,0.0,-0.021674498453000256,0.008325501546999743,0.001674498453000257,3.3489969060005143,0.001090302450731876,1.3821644444856351e-05,2.0093981436003086,0.025,0.0,-0.03,0.0,1.0,0.0,0.01
34,1.1333112224250932,38,0.03800407170165504,0.0,-0.02292108618770755,0.007078913812292448,0.0029210861877075524,5.842172375415105,-0.0013170982057707228,1.3234809497480036e-05,3.5053034252490627,0.025,0.0,-0.03,0.0,1.0,0.0,0.01
34,1.1333112224250932,39,0.03797175407140342,0.0,-0.024167617584329816,0.005832382415670183,0.004167617584329817,8.335235168659635,0.0014971270426556165,1.6414754671638446e-05,5.00114110119578,0.025,0.0,-0.03,0.0,1.0,0.0,0.01
34,1.1333112224250932,40,0.03794300432721182,0.0,-0.025414297159234146,0.004585702840765853,0.005414297159234147,10.828594318468294,-0.0017532792057014144,8.27347522125156e-06,6.4971565910809765,0.025,0.0,-0.03,0.0,1.0,0.0,0.01
34,1.1333112224250932,41,0.037921021847434254,0.0,-0.02666100267956213,0.0033389973204378705,0.00666100267956213,13.32200535912426,0.0019673842109021937,2.0366835353154533e-05,7.993203215474556,0.025,0.0,-0.03,0.0,1.0,0.0,0.01
34,1.1333112224250932,42,0.0379089296186941,0.0,-0.027907905688601714,0.002092094311398285,0.007907905688601715,15.815811377203431,-0.0015999727832922074,5.886414961537327e-06,9.489486826322059,0.025,0.0,-0.03,0.0,1.0,0.0,0.01
34,1.1333112224250932,43,0.03790956676445363,0.0,-0.0291547224187153,0.0008452775812846994,0.0091547224187153,18.3094448374306,0.00113825921366685,1.9421029265196026e-05,10.98566690245836,0.025,0.0,-0.03,0.0,1.0,0.0,0.01
34,1.1333112224250932,44,0.03792593935778298,0.0,-0.030401484312186818,0.0004014843121868186,0.009598515687813182,19.197031375626363,0.0007004232259674345,7.115812201102666e-06,11.518218825375817,0.025,0.0,-0.03,0.0,1.0,0.0,0.01
34,1.1333112224250932,45,0.03796167714791355,0.0,-0.03164764840845507,0.00164764840845507,0.00835235159154493,16.704703183089862,-0.00016908615356788255,3.4116316113022514e-05,10.022821909853917,0.025,0.0,-0.03,0.0,1.0,0.0,0.01
34,1.1333112224250932,46,0.038020512832512766,0.0,-0.03289296504567039,0.0028929650456703884,0.007107034954329612,14.214069908659223,0.0004980538606351513,4.844980972600089e-05,8.528441945195533,0.025,0.0,-0.03,0.0,1.0,0.0,0.01
34,1.1333112224250932,47,0.038107179601565996,0.0,-0.03413723883093173,0.0041372388309317346,0.005862761169068266,11.725522338136532,-0.0007410297950450268,0.00017134767444810012,7.035313402881919,0.025,0.0,-0.03,0.0,1.0,0.0,0.01
34,1.1333112224250932,48,0.038584777620250275,0.0,-0.032982105801731755,0.002982105801731756,0.007017894198268244,14.035788396536487,0.0011581099172886314,0.0005032443204206379,8.421473037921892,0.025,0.0,-0.03,0.0,1.0,0.0,0.01
34,1.1333112224250932,49,0.039035480490525805,0.0,-0.03181584373486116,0.0018158437348611625,0.008184156265138838,16.368312530277674,-0.0016073355758237646,0.000670370123519982,9.820987518166604,0.025,0.0,-0.03,0.0,1.0,0.0,0.01
34,1.1333112224250932,50,0.0394627843178485,0.0,-0.03064095962374355,0.0006409596237435498,0.00935904037625645,18.7180807525129,0.0022074028556902598,0.0007981465797303314,11.23084845150774,0.025,0.0,-0.03,0.0,1.0,0.0,0.01
34,1.1333112224250932,51,0.03987066045608868,0.0,-0.02945873684255297,0.0005412631574470278,0.009458736842552972,18.917473685105946,0.00277053460710666,0.001034845145170914,11.350484211063568,0.025,0.0,-0.03,0.0,1.0,0.0,0.01
34,1.1333112224250932,52,0.04026268858868409,0.0,-0.02827150694216729,0.0017284930578327085,0.008271506942167292,16.543013884334584,-0.0035554361618218124,0.0011647259116348344,9.92580833060075,0.025,0.0,-0.03,0.0,1.0,0.0,0.01
34,1.1333112224250932,53,0.04064305618010028,0.0,-0.02707990770970084,0.002920092290299159,0.007079907709700841,14.159815419401683,0.004322333591614694,0.0015038421218583654,8.49588925164101,0.025,0.0,-0.03,0.0,1.0,0.0,0.01
34,1.1333112224250932,54,0.04101533196944826,0.0,-0.02588634341643859,0.004113656583561408,0.005886343416438592,11.772686832877184,-0.005391487442917035,0.0016799608081817926,7.063612099726311,0.025,0.0,-0.03,0.0,1.0,0.0,0.01
34,1.1333112224250932,55,0.041383890070626525,0.0,-0.02469084263351252,0.005309157366487478,0.004690842633512523,9.381685267025045,0.006478955317027634,0.0021789057980076093,5.629011160215026,0.025,0.0,-0.03,0.0,1.0,0.0,0.01
34,1.1333112224250932,56,0.041752180687467236,0.0,-0.023496180049141197,0.006503819950858802,0.003496180049141198,6.992360098282395,-0.007964849561420071,0.002479097256208366,4.195416058969437,0.025,0.0,-0.03,0.0,1.0,0.0,0.01
34,1.1333112224250932,57,0.04212478263162164,0.0,-0.022301762296658714,0.007698237703341285,0.0023017622966587156,4.603524593317431,0.009529289389284542,0.0032312329060511583,2.7621147559904586,0.025,0.0,-0.03,0.0,1.0,0.0,0.01
34,1.1333112224250932,58,0.04250489033948242,0.0,-0.021111097938148644,0.008888902061851355,0.0011110979381486457,2.2221958762972913,-0.011609224609186897,0.0037829365225957217,1.3333175257783747,0.025,0.0,-0.03,0.0,1.0,0.0,0.01
35,1.166643905437596,0,0.0,0.0,-0.02,0.009999999999999998,1.734723475976807e-18,3.469446951953614e-15,0.0,0.0,2.0816681711721685e-15,0.025,0.0,-0.03,0.0,1.0,0.0,0.01
35,1.166643905437596,36,0.03806655356164374,0.0,-0.020428287526165538,0.00957171247383446,0.0004282875261655394,0.8565750523310788,-0.001361410327755856,9.542663192175053e-06,0.5139450313986472,0.025,0.0,-0.03,0.0,1.0,0.0,0.01
35,1.166643905437596,37,0.0380367099362515,0.0,-0.02167493039447009,0.008325069605529908,0.0016749303944700918,3.3498607889401835,0.0016200775170298323,6.4514908699542154e-06,2.00991647336411,0.025,0.0,-0.03,0.0,1.0,0.0,0.01
35,1.166643905437596,38,0.03800403183233284,0.0,-0.022921461885571818,0.007078538114428181,0.002921461885571819,5.842923771143639,-0.0019279587770757712,1.7375654467324477e-05,3.505754262686183,0.025,0.0,-0.03,0.0,1.0,0.0,0.01
35,1.166643905437596,39,0.03797172444681461,0.0,-0.02416806069191096,0.005831939308089038,0.004168060691910962,8.336121383821924,0.0022264907796689824,9.021331380051968e-06,5.001672830293154,0.025,0.0,-0.03,0.0,1.0,0.0,0.01
35,1.166643905437596,40,0.03794299428037815,0.0,-0.025414663839372926,0.004585336160627073,0.005414663839372927,10.829327678745855,-0.0025812009749458173,3.938416708044334e-06,6.497596607247513,0.025,0.0,-0.03,0.0,1.0,0.0,0.01
35,1.166643905437596,41,0.03792104064010765,0.0,-0.02666145908323671,0.0033385409167632878,0.0066614590832367124,13.322918166473425,0.002932809044848092,6.422786228619254e-06,7.993750899884055,0.025,0.0,-0.03,0.0,1.0,0.0,0.01
35,1.166643905437596,42,0.03790898696356369,0.0,-0.02790826655389215,0.0020917334461078504,0.00790826655389215,15.8165331077843,-0.0034703717032976466,4.8827914491470504e-05,9.48991986467058,0.025,0.0,-0.03,0.0,1.0,0.0,0.01
35,1.166643905437596,43,0.037909677333208235,0.0,-0.02915518216842855,0.0008448178315714483,0.009155182168428552,18.310364336857102,0.004017503754457458,9.975218703287599e-05,10.986218602114262,0.025,0.0,-0.03,0.0,1.0,0.0,0.01
35,1.166643905437596,44,0.0379261118956059,0.0,-0.03040184115538416,0.0004018411553841604,0.00959815884461584,19.19631768923168,0.004639101214328879,0.00019699941974726736,11.517790613539008,0.025,0.0,-0.03,0.0,1.0,0.0,0.01
35,1.166643905437596,45,0.03796193442218446,0.0,-0.03164810743048427,0.0016481074304842691,0.008351892569515731,16.703785139031464,-0.005275596599338576,0.0002695296403284438,10.022271083418877,0.025,0.0,-0.03,0.0,1.0,0.0,0.01
35,1.166643905437596,46,0.038020858466337695,0.0,-0.03289330373461922,0.0028933037346192195,0.007106696265380781,14.213392530761562,0.00586737374558099,0.0002238265053703276,8.528035518456937,0.025,0.0,-0.03,0.0,1.0,0.0,0.01
35,1.166643905437596,47,0.038107619755603284,0.0,-0.03413770060919352,0.004137700609193523,0.005862299390806477,11.724598781612954,-0.0063917828061016745,0.0012533902137548236,7.034759268967773,0.025,0.0,-0.03,0.0,1.0,0.0,0.01
35,1.166643905437596,48,0.03858418568186038,0.0,-0.032981957721811166,0.0029819577218111668,0.0070180422781888335,14.036084556377666,0.007600357217786105,0.003048799510061615,8.4216507338266,0.025,0.0,-0.03,0.0,1.0,0.0,0.01
35,1.166643905437596,49,0.03903370806525995,0.0,-0.031815458962430966,0.0018154589624309672,0.008184541037569033,16.369082075138067,-0.009612376961309798,0.003677174789166967,9.82144924508284,0.025,0.0,-0.03,0.0,1.0,0.0,0.01
35,1.166643905437596,50,0.0394599840166982,0.0,-0.030639910488989848,0.0006399104889898491,0.009360089511010151,18.720179022020304,0.011818819908702042,0.004646865021953206,11.232107413212182,0.025,0.0,-0.03,0.0,1.0,0.0,0.01
35,1.166643905437596,51,0.039866600347640224,0.0,-0.029457595807797863,0.000542404192202136,0.009457595807797864,18.915191615595727,0.014719500085685563,0.0050391923835406945,11.349114969357435,0.025,0.0,-0.03,0.0,1.0,0.0,0.01
35,1.166643905437596,52,0.04025759587639408,0.0,-0.02826959073536189,0.0017304092646381088,0.008269590735361891,16.539181470723783,-0.01773673606424558,0.006524091735666162,9.92350888243427,0.025,0.0,-0.03,0.0,1.0,0.0,0.01
35,1.166643905437596,53,0.040636612231611684,0.0,-0.027078072210691768,0.002921927789308231,0.007078072210691769,14.156144421383539,0.021831561527178807,0.006991814388547039,8.493686652830123,0.025,0.0,-0.03,0.0,1.0,0.0,0.01
35,1.166643905437596,54,0.04100786480443033,0.0,-0.02588355299944623,0.004116447000553768,0.005883552999446233,11.767105998892465,-0.026092479151185607,0.009236365291269913,7.060263599335479,0.025,0.0,-0.03,0.0,1.0,0.0,0.01
35,1.166643905437596,55,0.04137495445532004,0.0,-0.024688352480174834,0.005311647519825165,0.0046883524801748355,9.37670496034967,0.03188612137331846,0.010052516592958308,5.626022976209802,0.025,0.0,-0.03,0.0,1.0,0.0,0.01
35,1.166643905437596,56,0.04174225835128758,0.0,-0.0234924599962297,0.006507540003770299,0.003492459996229701,6.984919992459402,-0.03798312775683358,0.01342462553076824,4.190951995475642,0.025,0.0,-0.03,0.0,1.0,0.0,0.01
35,1.166643905437596,57,0.04211323099381922,0.0,-0.022298636012405105,0.007701363987594894,0.002298636012405106,4.597272024810213,0.046159320616614985,0.015045478143837821,2.7583632148861277,0.025,0.0,-0.03,0.0,1.0,0.0,0.01
35,1.166643905437596,58,0.042492438363089996,0.0,-0.021106336339585027,0.008893663660414972,0.001106336339585028,2.2126726791700557,-0.05487293701456158,0.02015133558081726,1.3276036075020334,0.025,0.0,-0.03,0.0,1.0,0.0,0.01
36,1.1999765884500988,0,0.0,0.0,-0.02,0.009999999999999998,1.734723475976807e-18,3.469446951953614e-15,0.0,0.0,2.0816681711721685e-15,0.025,0.0,-0.03,0.0,1.0,0.0,0.01
36,1.1999765884500988,36,0.03806636127943722,0.0,-0.02042837211072477,0.009571627889275229,0.00042837211072477115,0.8567442214495423,0.002911149541954757,7.495637690549655e-06,0.5140465328697253,0.025,0.0,-0.03,0.0,1.0,0.0,0.01
36,1.1999765884500988,37,0.03803653083307264,0.0,-0.021674982326408163,0.008325017673591836,0.0016749823264081646,3.3499646528163294,-0.0034937748943148963,3.2361982016263565e-05,2.0099787916897975,0.025,0.0,-0.03,0.0,1.0,0.0,0.01
36,1.1999765884500988,38,0.03800388064339243,0.0,-0.022921555479462688,0.007078444520537311,0.0029215554794626893,5.8431109589253785,0.00412740136466981,3.028960111772417e-05,3.505866575355227,0.025,0.0,-0.03,0.0,1.0,0.0,0.01
36,1.1999765884500988,39,0.037971619826877544,0.0,-0.02416810891893533,0.005831891081064668,0.004168108918935333,8.336217837870665,-0.004794785195978426,3.4699416751765294e-05,5.001730702722399,0.025,0.0,-0.03,0.0,1.0,0.0,0.01
36,1.1999765884500988,40,0.037942955898826035,0.0,-0.025414768893511335,0.004585231106488664,0.0054147688935113365,10.829537787022673,0.005527105474286284,1.13063458652109e-05,6.4977226722136034,0.025,0.0,-0.03,0.0,1.0,0.0,0.01
36,1.1999765884500988,41,0.03792109149951296,0.0,-0.02666150321894614,0.0033384967810538603,0.00666150321894614,13.32300643789228,-0.006308062106994596,3.286593433538492e-05,7.993803862735367,0.025,0.0,-0.03,0.0,1.0,0.0,0.01
36,1.1999765884500988,42,0.037909153759661265,0.0,-0.02790837813239699,0.0020916218676030086,0.007908378132396992,15.816756264793984,0.006720334533637067,6.997439340842285e-05,9.49005375887639,0.025,0.0,-0.03,0.0,1.0,0.0,0.01
36,1.1999765884500988,43,0.037909988203414305,0.0,-0.029155229334076785,0.000844770665923214,0.009155229334076786,18.310458668153572,-0.0071515387139257924,0.0001880738748932045,10.986275200892143,0.025,0.0,-0.03,0.0,1.0,0.0,0.01
36,1.1999765884500988,44,0.037926601681455806,0.0,-0.030401946903167606,0.0004019469031676069,0.009598053096832393,19.196106193664786,-0.0076245198879941415,0.00027531190571149423,11.517663716198872,0.025,0.0,-0.03,0.0,1.0,0.0,0.01
36,1.1999765884500988,45,0.037962632341487654,0.0,-0.03164814686150056,0.0016481468615005615,0.008351853138499439,16.703706276998876,0.008124294554987331,0.0004816226893079527,10.022223766199325,0.025,0.0,-0.03,0.0,1.0,0.0,0.01
36,1.1999765884500988,46,0.038021802784557274,0.0,-0.03289339421255658,0.002893394212556584,0.007106605787443416,14.213211574886833,-0.009286195768837048,0.00032930878800120525,8.5279269449321,0.025,0.0,-0.03,0.0,1.0,0.0,0.01
36,1.1999765884500988,47,0.03810884037190221,0.0,-0.034137692879048435,0.004137692879048437,0.005862307120951564,11.724614241903128,0.01034858085047275,0.0019616104476381582,7.034768545141876,0.025,0.0,-0.03,0.0,1.0,0.0,0.01
36,1.1999765884500988,48,0.038583015720114563,0.0,-0.03298105325457971,0.002981053254579709,0.007018946745420291,14.037893490840583,-0.01257991312440461,0.00495739377033583,8.42273609450435,0.025,0.0,-0.03,0.0,1.0,0.0,0.01
36,1.1999765884500988,49,0.03903017900479538,0.0,-0.031813497542612604,0.0018134975426126049,0.008186502457387395,16.37300491477479,0.015879045001123717,0.0063590489728946355,9.823802948864873,0.025,0.0,-0.03,0.0,1.0,0.0,0.01
36,1.1999765884500988,50,0.039453952388518815,0.0,-0.030637197267357565,0.0006371972673575657,0.009362802732642434,18.72560546528487,-0.020023440779604128,0.0073041981883629975,11.23536327917092,0.025,0.0,-0.03,0.0,1.0,0.0,0.01
36,1.1999765884500988,51,0.03985815506572286,0.0,-0.029453828788022222,0.0005461712119777772,0.009453828788022223,18.907657576044446,-0.024538422364907234,0.00904336214603057,11.344594545626668,0.025,0.0,-0.03,0.0,1.0,0.0,0.01
36,1.1999765884500988,52,0.04024655344742119,0.0,-0.02826521282005227,0.0017347871799477284,0.008265212820052272,16.530425640104543,0.030304435171811608,0.010125148311074564,9.918255384062725,0.025,0.0,-0.03,0.0,1.0,0.0,0.01
36,1.1999765884500988,53,0.0406231187380288,0.0,-0.027072587238187288,0.002927412761812711,0.007072587238187289,14.145174476374578,-0.036596961605256335,0.012719487634258331,8.487104685824747,0.025,0.0,-0.03,0.0,1.0,0.0,0.01
36,1.1999765884500988,54,0.04099167899435275,0.0,-0.025877598210085364,0.004122401789914635,0.005877598210085365,11.75519642017073,0.044721833158346276,0.014325425655996144,7.053117852102438,0.025,0.0,-0.03,0.0,1.0,0.0,0.01
36,1.1999765884500988,55,0.04135630198552849,0.0,-0.024681165460122778,0.005318834539877221,0.0046811654601227794,9.362330920245558,-0.05367170928674475,0.018257482840707953,5.617398552147335,0.025,0.0,-0.03,0.0,1.0,0.0,0.01
36,1.1999765884500988,56,0.04172080765818663,0.0,-0.023484957123149904,0.006515042876850095,0.0034849571231499055,6.969914246299811,0.06517438044316512,0.020993434411019585,4.181948547779887,0.025,0.0,-0.03,0.0,1.0,0.0,0.01
36,1.1999765884500988,57,0.04208932967154953,0.0,-0.022289683808512758,0.007710316191487241,0.002289683808512759,4.579367617025518,-0.07796269413381701,0.027055288945090218,2.747620570215311,0.025,0.0,-0.03,0.0,1.0,0.0,0.01
36,1.1999765884500988,58,0.04246560862486256,0.0,-0.021097253455296276,0.008902746544703723,0.0010972534552962775,2.194506910592555,0.09419957171601265,0.031933061162908116,1.3167041463555331,0.025,0.0,-0.03,0.0,1.0,0.0,0.01
37,1.2333092714626015,0,0.0,0.0,-0.02,0.009999999999999998,1.734723475976807e-18,3.469446951953614e-15,0.0,0.0,2.0816681711721685e-15,0.025,0.0,-0.03,0.0,1.0,0.0,0.01
37,1.2333092714626015,36,0.038066231100679,0.0,-0.020428172307756686,0.009571827692243313,0.0004281723077566874,0.8563446155133748,-0.003088759238696686,1.675798003083669e-05,0.5138067693080248,0.025,0.0,-0.03,0.0,1.0,0.0,0.01
37,1.2333092714626015,37,0.03803641338067063,0.0,-0.021674787932367687,0.008325212067632311,0.0016747879323676888,3.3495758647353777,0.003730597439507294,2.9262116931951483e-05,2.0097455188412265,0.025,0.0,-0.03,0.0,1.0,0.0,0.01
37,1.2333092714626015,38,0.03800378460004227,0.0,-0.02292135610662662,0.007078643893373378,0.0029213561066266224,5.842712213253245,-0.004384772588936536,4.028917827909435e-05,3.505627327951947,0.025,0.0,-0.03,0.0,1.0,0.0,0.01
37,1.2333092714626015,39,0.03797155493475451,0.0,-0.024167917473670277,0.005832082526329722,0.0041679174736702785,8.335834947340556,0.00511646785532302,3.606351669187156e-05,5.001500968404334,0.025,0.0,-0.03,0.0,1.0,0.0,0.01
37,1.2333092714626015,40,0.03794293368464394,0.0,-0.025414570521420037,0.004585429478579962,0.005414570521420038,10.829141042840076,-0.0058758415500927445,1.596383208603838e-05,6.497484625704046,0.025,0.0,-0.03,0.0,1.0,0.0,0.01
37,1.2333092714626015,41,0.0379211245997091,0.0,-0.026661315341078077,0.003338684658921922,0.006661315341078078,13.322630682156156,0.006728189899612152,3.979546224391434e-05,7.9935784092936935,0.025,0.0,-0.03,0.0,1.0,0.0,0.01
37,1.2333092714626015,42,0.0379092566232435,0.0,-0.027908183617874213,0.0020918163821257857,0.007908183617874215,15.816367235748428,-0.006830159674864471,7.137957521090915e-05,9.489820341449057,0.025,0.0,-0.03,0.0,1.0,0.0,0.01
37,1.2333092714626015,43,0.03791017728547085,0.0,-0.029155035917372125,0.0008449640826278734,0.009155035917372127,18.310071834744253,0.00696756229478327,0.00016597900991416158,10.986043100846551,0.025,0.0,-0.03,0.0,1.0,0.0,0.01
37,1.2333092714626015,44,0.03792689506928893,0.0,-0.030401756559531413,0.0004017565595314139,0.009598243440468586,19.196486880937172,0.0070817601924305735,0.000263275660721207,11.517892128562304,0.025,0.0,-0.03,0.0,1.0,0.0,0.01
37,1.2333092714626015,45,0.03796304739257151,0.0,-0.03164794067027698,0.0016479406702769803,0.00835205932972302,16.70411865944604,-0.007239411041290326,0.00041926545206068,10.022471195667622,0.025,0.0,-0.03,0.0,1.0,0.0,0.01
37,1.2333092714626015,46,0.03802235768215389,0.0,-0.03289319521599566,0.00289319521599566,0.00710680478400434,14.21360956800868,0.008420462220261219,0.0003520231267131999,8.528165740805207,0.025,0.0,-0.03,0.0,1.0,0.0,0.01
37,1.2333092714626015,47,0.03810954986946508,0.0,-0.034137467836911385,0.004137467836911386,0.005862532163088614,11.725064326177227,-0.009539397044412435,0.0018561591048283322,7.035038595706336,0.025,0.0,-0.03,0.0,1.0,0.0,0.01
37,1.2333092714626015,48,0.038582482558579365,0.0,-0.032980324302366255,0.0029803243023662565,0.007019675697633744,14.039351395267488,0.011676268703195838,0.004660131938098165,8.423610837160492,0.025,0.0,-0.03,0.0,1.0,0.0,0.01
37,1.2333092714626015,49,0.03902838920399253,0.0,-0.031812265087685136,0.0018122650876851373,0.008187734912314863,16.375469824629725,-0.014960701193134762,0.0058566785465136995,9.825281894777834,0.025,0.0,-0.03,0.0,1.0,0.0,0.01
37,1.2333092714626015,50,0.03945087790154099,0.0,-0.03063550948365403,0.0006355094836540294,0.00936449051634597,18.72898103269194,0.018773152844414425,0.007022112271436803,11.237388619615164,0.025,0.0,-0.03,0.0,1.0,0.0,0.01
37,1.2333092714626015,51,0.03985379100001555,0.0,-0.029451675504865868,0.000548324495134131,0.00945167550486587,18.90335100973174,0.023297996779757205,0.008271916081553183,11.342010605839043,0.025,0.0,-0.03,0.0,1.0,0.0,0.01
37,1.2333092714626015,52,0.040240875150034355,0.0,-0.028262641511433553,0.0017373584885664456,0.008262641511433555,16.52528302286711,-0.02854510488043982,0.009844401433867027,9.915169813720267,0.025,0.0,-0.03,0.0,1.0,0.0,0.01
37,1.2333092714626015,53,0.040616128875008886,0.0,-0.027069571759351364,0.0029304282406486352,0.007069571759351365,14.13914351870273,0.03485054928301123,0.011614195076926957,8.483486111221637,0.025,0.0,-0.03,0.0,1.0,0.0,0.01
37,1.2333092714626015,54,0.04098335428585915,0.0,-0.02587418886249391,0.00412581113750609,0.00587418886249391,11.74837772498782,-0.04224610461096219,0.013962921015830637,7.049026634992692,0.025,0.0,-0.03,0.0,1.0,0.0,0.01
37,1.2333092714626015,55,0.041346654042429015,0.0,-0.02467731483453576,0.00532268516546424,0.00467731483453576,9.354629669071521,0.0511712331213481,0.01670665549197898,5.612777801442912,0.025,0.0,-0.03,0.0,1.0,0.0,0.01
37,1.2333092714626015,56,0.04170981172741445,0.0,-0.023480723332602316,0.006519276667397683,0.003480723332602317,6.961446665204634,-0.061693684284956314,0.02041004723751876,4.176867999122781,0.025,0.0,-0.03,0.0,1.0,0.0,0.01
37,1.2333092714626015,57,0.04207700929756312,0.0,-0.022284991678163342,0.007715008321836657,0.0022849916781633433,4.569983356326687,0.07437052566931528,0.024877423617379366,2.7419900137960123,0.025,0.0,-0.03,0.0,1.0,0.0,0.01
37,1.2333092714626015,58,0.04245193373257701,0.0,-0.021092175946808765,0.008907824053191234,0.0010921759468087659,2.184351893617532,-0.08931960358505642,0.030897499897787797,1.310611136170519,0.025,0.0,-0.03,0.0,1.0,0.0,0.01
38,1.2666419544751042,0,0.0,0.0,-0.02,0.009999999999999998,1.734723475976807e-18,3.469446951953614e-15,0.0,0.0,2.0816681711721685e-15,0.025,0.0,-0.03,0.0,1.0,0.0,0.01
38,1.2666419544751042,36,0.03806626365627931,0.0,-0.02042797197031045,0.00957202802968955,0.000427971970310451,0.855943940620902,0.0019067557501155326,1.3463032619176726e-05,0.5135663643725411,0.025,0.0,-0.03,0.0,1.0,0.0,0.01
38,1.2666419544751042,37,0.03803644680905285,0.0,-0.02167461272284476,0.00832538727715524,0.0016746127228447604,3.349225445689521,-0.002286993711002898,1.7579244454006295e-05,2.0095352674137126,0.025,0.0,-0.03,0.0,1.0,0.0,0.01
38,1.2666419544751042,38,0.038003815375289206,0.0,-0.022921150404143185,0.0070788495958568134,0.0029211504041431868,5.842300808286374,0.0027051023242079543,2.891206382596407e-05,3.505380484971824,0.025,0.0,-0.03,0.0,1.0,0.0,0.01
38,1.2666419544751042,39,0.0379715780774721,0.0,-0.02416774655028989,0.0058322534497101085,0.004167746550289892,8.335493100579784,-0.0031405486796077325,2.3712705197837096e-05,5.00129586034787,0.025,0.0,-0.03,0.0,1.0,0.0,0.01
38,1.2666419544751042,40,0.03794294439504603,0.0,-0.025414358415227392,0.004585641584772607,0.0054143584152273935,10.828716830454788,0.0036235532716620794,1.3092882157487644e-05,6.497230098272873,0.025,0.0,-0.03,0.0,1.0,0.0,0.01
38,1.2666419544751042,41,0.03792111698329027,0.0,-0.02666114923369764,0.0033388507663023592,0.006661149233697641,13.322298467395282,-0.004133334871399257,2.9688248137634678e-05,7.993379080437169,0.025,0.0,-0.03,0.0,1.0,0.0,0.01
38,1.2666419544751042,42,0.03790922363889418,0.0,-0.027907964296169162,0.0020920357038308364,0.007907964296169164,15.815928592338327,0.003926340898962724,3.699010339969612e-05,9.489557155402997,0.025,0.0,-0.03,0.0,1.0,0.0,0.01
38,1.2666419544751042,43,0.037910113045320375,0.0,-0.029154876303227075,0.0008451236967729238,0.009154876303227076,18.309752606454154,-0.0036877425210990094,7.688283594393213e-05,10.985851563872492,0.025,0.0,-0.03,0.0,1.0,0.0,0.01
38,1.2666419544751042,44,0.037926787849438454,0.0,-0.03040153064953949,0.0004015306495394923,0.009598469350460508,19.196938700921017,-0.003441776655926266,0.00012474403302852133,11.51816322055261,0.025,0.0,-0.03,0.0,1.0,0.0,0.01
38,1.2666419544751042,45,0.03796289401559058,0.0,-0.0316477913415249,0.0016477913415249013,0.008352208658475099,16.7044173169502,0.003168508709135573,0.00018601507829784012,10.022650390170119,0.025,0.0,-0.03,0.0,1.0,0.0,0.01
38,1.2666419544751042,46,0.0380221421407932,0.0,-0.032892965478602265,0.0028929654786022663,0.007107034521397734,14.214069042795467,-0.003879960917747928,0.00019873389733493602,8.52844142567728,0.025,0.0,-0.03,0.0,1.0,0.0,0.01
38,1.2666419544751042,47,0.038109261106216874,0.0,-0.03413733622301431,0.004137336223014314,0.0058626637769856865,11.725327553971374,0.004524917151124098,0.0009211129234712288,7.035196532382824,0.025,0.0,-0.03,0.0,1.0,0.0,0.01
38,1.2666419544751042,48,0.03858286662586346,0.0,-0.03298035326219508,0.002980353262195083,0.007019646737804917,14.039293475609835,-0.005680444982595424,0.0023237350495540748,8.4235760853659,0.025,0.0,-0.03,0.0,1.0,0.0,0.01
38,1.2666419544751042,49,0.039029375777503594,0.0,-0.031812678864344135,0.001812678864344136,0.008187321135655864,16.37464227131173,0.0074312257905260115,0.002856361732238427,9.824785362787036,0.025,0.0,-0.03,0.0,1.0,0.0,0.01
38,1.2666419544751042,50,0.039452593335823974,0.0,-0.03063600424506135,0.0006360042450613522,0.009363995754938648,18.727991509877295,-0.00934802827162096,0.003607245776391671,11.236794905926377,0.025,0.0,-0.03,0.0,1.0,0.0,0.01
38,1.2666419544751042,51,0.03985611249191212,0.0,-0.029452608135768416,0.0005473918642315834,0.009452608135768417,18.905216271536833,-0.011764765040673092,0.00403032543476359,11.3431297629221,0.025,0.0,-0.03,0.0,1.0,0.0,0.01
38,1.2666419544751042,52,0.040243976303925025,0.0,-0.028263557283453592,0.0017364427165464068,0.008263557283453593,16.527114566907187,0.014348549357678916,0.005136027273839554,9.916268740144313,0.025,0.0,-0.03,0.0,1.0,0.0,0.01
38,1.2666419544751042,53,0.040619834353636225,0.0,-0.02707101595672696,0.0029289840432730405,0.00707101595672696,14.14203191345392,-0.017715053034132663,0.005663546513413926,8.485219148072352,0.025,0.0,-0.03,0.0,1.0,0.0,0.01
38,1.2666419544751042,54,0.0409879027099097,0.0,-0.025875494169668393,0.004124505830331606,0.005875494169668394,11.750988339336788,0.021337593080773258,0.0073141399380589455,7.0505930036020725,0.025,0.0,-0.03,0.0,1.0,0.0,0.01
38,1.2666419544751042,55,0.0413517924712308,0.0,-0.024679290383695596,0.005320709616304403,0.004679290383695597,9.358580767391194,-0.02608399662564915,0.00817211666521548,5.615148460434717,0.025,0.0,-0.03,0.0,1.0,0.0,0.01
38,1.2666419544751042,56,0.04171587814334522,0.0,-0.023482399089357626,0.006517600910642372,0.003482399089357628,6.964798178715256,0.031249068545235924,0.010668095081201447,4.178878907229153,0.025,0.0,-0.03,0.0,1.0,0.0,0.01
38,1.2666419544751042,57,0.04208362787804037,0.0,-0.022287550069886832,0.007712449930113167,0.0022875500698868335,4.575100139773667,-0.03795771275533016,0.01223208234816822,2.7450600838642,0.025,0.0,-0.03,0.0,1.0,0.0,0.01
38,1.2666419544751042,58,0.042459601311492574,0.0,-0.021094214882039084,0.008905785117960915,0.0010942148820390855,2.188429764078171,0.04533310308990312,0.016068953490817335,1.3130578584469026,0.025,0.0,-0.03,0.0,1.0,0.0,0.01
39,1.299974637487607,0,0.0,0.0,-0.02,0.009999999999999998,1.734723475976807e-18,3.469446951953614e-15,0.0,0.0,2.0816681711721685e-15,0.025,0.0,-0.03,0.0,1.0,0.0,0.01
39,1.299974637487607,36,0.038066386677524176,0.0,-0.020427995688656785,0.009572004311343214,0.00042799568865678657,0.8559913773135731,8.888422742268292e-05,2.5003667247042776e-06,0.5135948263881438,0.025,0.0,-0.03,0.0,1.0,0.0,0.01
39,1.299974637487607,37,0.03803656151402852,0.0,-0.021674592408925386,0.008325407591074613,0.0016745924089253874,3.349184817850775,-0.00011275493528888604,4.974624439200731e-06,2.0095108907104646,0.025,0.0,-0.03,0.0,1.0,0.0,0.01
39,1.299974637487607,38,0.038003911700094206,0.0,-0.022921180812716827,0.007078819187283172,0.0029211808127168285,5.842361625433657,0.00012552034259984452,5.219792136223703e-07,3.5054169752601942,0.025,0.0,-0.03,0.0,1.0,0.0,0.01
39,1.299974637487607,39,0.03797164599139454,0.0,-0.024167715486210713,0.0058322845137892855,0.004167715486210715,8.33543097242143,-0.0001518952842633524,5.2139762797434734e-06,5.001258583452858,0.025,0.0,-0.03,0.0,1.0,0.0,0.01
39,1.299974637487607,40,0.037942970696085175,0.0,-0.02541439586725231,0.004585604132747688,0.005414395867252312,10.828791734504625,0.00016770130119448935,2.759371360584883e-06,6.497275040702775,0.025,0.0,-0.03,0.0,1.0,0.0,0.01
39,1.299974637487607,41,0.03792108789500313,0.0,-0.026661105529181692,0.0033388944708183065,0.006661105529181694,13.322211058363388,-0.00019711416282922216,8.449501493490987e-06,7.9933266350180325,0.025,0.0,-0.03,0.0,1.0,0.0,0.01
39,1.299974637487607,42,0.03790912408896365,0.0,-0.0279080073289937,0.0020919926710063,0.0079080073289937,15.8160146579874,0.000627280566604172,1.815800711203961e-05,9.48960879479244,0.025,0.0,-0.03,0.0,1.0,0.0,0.01
39,1.299974637487607,43,0.037909922517520886,0.0,-0.029154827395487897,0.0008451726045121018,0.009154827395487898,18.309654790975795,-0.00110354295947907,3.173360621589973e-05,10.985792874585476,0.025,0.0,-0.03,0.0,1.0,0.0,0.01
39,1.299974637487607,44,0.03792649148358538,0.0,-0.030401580869962603,0.00040158086996260403,0.009598419130037396,19.19683826007479,-0.0016041307087806852,8.144092043218367e-05,11.518102956044874,0.025,0.0,-0.03,0.0,1.0,0.0,0.01
39,1.299974637487607,45,0.037962463255250704,0.0,-0.031647743352169674,0.0016477433521696755,0.008352256647830325,16.70451329566065,0.0021526128476115247,9.538038526667749e-05,10.02270797739639,0.025,0.0,-0.03,0.0,1.0,0.0,0.01
39,1.299974637487607,46,0.03802156763308945,0.0,-0.032893038437586966,0.002893038437586967,0.007106961562413033,14.213923124826065,-0.0022268883133401466,7.106057969050446e-05,8.52835387489564,0.025,0.0,-0.03,0.0,1.0,0.0,0.01
39,1.299974637487607,47,0.03810853191480121,0.0,-0.0341372953126599,0.004137295312659904,0.005862704687340096,11.725409374680192,0.002312256339677193,0.0004400477658761803,7.035245624808115,0.025,0.0,-0.03,0.0,1.0,0.0,0.01
39,1.299974637487607,48,0.03858352812489837,0.0,-0.03298106098834444,0.0029810609883444417,0.0070189390116555585,14.037878023311118,-0.0025972013409084754,0.0010206433824485103,8.422726813986671,0.025,0.0,-0.03,0.0,1.0,0.0,0.01
39,1.299974637487607,49,0.03903157373394505,0.0,-0.03181377093077851,0.001813770930778509,0.008186229069221491,16.372458138442983,0.0032074739256639905,0.0011831365236419273,9.82347488306579,0.025,0.0,-0.03,0.0,1.0,0.0,0.01
39,1.299974637487607,50,0.03945618844867312,0.0,-0.030637877076646492,0.0006378770766464932,0.009362122923353507,18.724245846707014,-0.0038071251500198054,0.0015469251604047424,11.234547508024209,0.025,0.0,-0.03,0.0,1.0,0.0,0.01
39,1.299974637487607,51,0.03986132355633841,0.0,-0.029454714922715293,0.0005452850772847059,0.009454714922715294,18.909429845430587,-0.004740968467596178,0.0015476801714652568,11.345657907258351,0.025,0.0,-0.03,0.0,1.0,0.0,0.01
39,1.299974637487607,52,0.040250591366422686,0.0,-0.028266533367261922,0.0017334666327380767,0.008266533367261924,16.533066734523846,0.005575636259765597,0.00215238122767611,9.919840040714307,0.025,0.0,-0.03,0.0,1.0,0.0,0.01
39,1.299974637487607,53,0.040628147955920256,0.0,-0.027074053266993813,0.0029259467330061857,0.0070740532669938145,14.14810653398763,-0.006913374121715996,0.002104873280813407,8.488863920392577,0.025,0.0,-0.03,0.0,1.0,0.0,0.01
39,1.299974637487607,54,0.04099760607424291,0.0,-0.025879557920967532,0.0041204420790324665,0.005879557920967534,11.759115841935067,0.008112637726952794,0.0030309153622654745,7.05546950516104,0.025,0.0,-0.03,0.0,1.0,0.0,0.01
39,1.299974637487607,55,0.041363293292650906,0.0,-0.02468320282989547,0.005316797170104529,0.004683202829895471,9.366405659790942,-0.010005055830665171,0.0030186140208034065,5.6198433958745655,0.025,0.0,-0.03,0.0,1.0,0.0,0.01
39,1.299974637487607,56,0.04172872166219944,0.0,-0.023487588308531576,0.006512411691468423,0.003487588308531577,6.975176617063154,0.011747628210784273,0.004380352622082142,4.185105970237892,0.025,0.0,-0.03,0.0,1.0,0.0,0.01
39,1.299974637487607,57,0.04209840091124443,0.0,-0.02229231019528153,0.007707689804718469,0.002292310195281531,4.584620390563062,-0.014400792138701867,0.004544973580322401,2.750772234337837,0.025,0.0,-0.03,0.0,1.0,0.0,0.01
39,1.299974637487607,58,0.042475616069074504,0.0,-0.021100627663259482,0.008899372336740517,0.0011006276632594836,2.201255326518967,0.01692000571066145,0.006530692348606575,1.3207531959113803,0.025,0.0,-0.03,0.0,1.0,0.0,0.01
40,1.3333073205001098,0,0.0,0.0,-0.02,0.009999999999999998,1.734723475976807e-18,3.469446951953614e-15,0.0,0.0,2.0816681711721685e-15,0.025,0.0,-0.03,0.0,1.0,0.0,0.01
40,1.3333073205001098,36,0.03806647153515197,0.0,-0.020428133480272823,0.009571866519727176,0.0004281334802728239,0.8562669605456479,-0.001976376845218128,7.232576591790526e-06,0.5137601763273887,0.025,0.0,-0.03,0.0,1.0,0.0,0.01
40,1.3333073205001098,37,0.03803663775263861,0.0,-0.021674771369909227,0.008325228630090772,0.0016747713699092285,3.349542739818457,0.0023645328054518093,1.8227542143902203e-05,2.009725643891074,0.025,0.0,-0.03,0.0,1.0,0.0,0.01
40,1.3333073205001098,38,0.03800397478529179,0.0,-0.022921309866156977,0.007078690133843022,0.002921309866156978,5.842619732313956,-0.0028004308615556333,2.139551879107238e-05,3.5055718393883737,0.025,0.0,-0.03,0.0,1.0,0.0,0.01
40,1.3333073205001098,39,0.03797168889788637,0.0,-0.024167901726490717,0.005832098273509282,0.004167901726490718,8.335803452981436,0.003245844966953348,2.0211974681880775e-05,5.001482071788861,0.025,0.0,-0.03,0.0,1.0,0.0,0.01
40,1.3333073205001098,40,0.03794298725068344,0.0,-0.025414514538411124,0.004585485461588875,0.005414514538411125,10.82902907682225,-0.003748582442302971,6.702154167445481e-06,6.49741744609335,0.025,0.0,-0.03,0.0,1.0,0.0,0.01
40,1.3333073205001098,41,0.03792107009680609,0.0,-0.026661300167234964,0.0033386998327650345,0.006661300167234966,13.322600334469932,0.004270598024914024,1.7546028503766328e-05,7.993560200681959,0.025,0.0,-0.03,0.0,1.0,0.0,0.01
40,1.3333073205001098,42,0.03790906215066018,0.0,-0.02790811959372799,0.00209188040627201,0.00790811959372799,15.816239187455981,-0.004735868111054881,5.522211510309921e-05,9.489743512473588,0.025,0.0,-0.03,0.0,1.0,0.0,0.01
40,1.3333073205001098,43,0.03790980828490106,0.0,-0.029155022412428164,0.0008449775875718352,0.009155022412428165,18.31004482485633,0.00521369697602633,0.00013545446344568102,10.986026894913797,0.025,0.0,-0.03,0.0,1.0,0.0,0.01
40,1.3333073205001098,44,0.03792631020865515,0.0,-0.030401693910035714,0.00040169391003571503,0.009598306089964285,19.19661217992857,0.005747868858245893,0.0002207302559509941,11.517967307957143,0.025,0.0,-0.03,0.0,1.0,0.0,0.01
40,1.3333073205001098,45,0.037962210160401355,0.0,-0.03164794266331008,0.00164794266331008,0.00835205733668992,16.70411467337984,-0.006300709407262492,0.00035398666079198714,10.022468804027904,0.025,0.0,-0.03,0.0,1.0,0.0,0.01
40,1.3333073205001098,46,0.03802122359343787,0.0,-0.03289315102321176,0.0028931510232117624,0.007106848976788238,14.213697953576476,0.007113496136204278,0.00025511256184758885,8.528218772145886,0.025,0.0,-0.03,0.0,1.0,0.0,0.01
40,1.3333073205001098,47,0.03810808375089636,0.0,-0.0341375209213328,0.0041375209213328,0.0058624790786672,11.724958157334399,-0.007849180736264063,0.0015067081485195303,7.034974894400639,0.025,0.0,-0.03,0.0,1.0,0.0,0.01
40,1.3333073205001098,48,0.038583892200425345,0.0,-0.032981485604217174,0.0029814856042171753,0.007018514395782825,14.03702879156565,0.009458091178549318,0.0037523690950564056,8.42221727493939,0.025,0.0,-0.03,0.0,1.0,0.0,0.01
40,1.3333073205001098,49,0.039032662630695124,0.0,-0.031814660230928236,0.0018146602309282375,0.008185339769071763,16.370679538143527,-0.011932569853170665,0.004717491507734767,9.822407722886116,0.025,0.0,-0.03,0.0,1.0,0.0,0.01
40,1.3333073205001098,50,0.039458152532785555,0.0,-0.030638861533719107,0.0006388615337191081,0.009361138466280892,18.722276932561783,0.014915981281919661,0.0055914720678514745,11.23336615953707,0.025,0.0,-0.03,0.0,1.0,0.0,0.01
40,1.3333073205001098,51,0.039864005287110184,0.0,-0.02945623034435064,0.0005437696556493572,0.009456230344350643,18.912460688701287,0.018366587958508436,0.006627831944823629,11.347476413220772,0.025,0.0,-0.03,0.0,1.0,0.0,0.01
40,1.3333073205001098,52,0.040254197554843586,0.0,-0.02826801576124174,0.0017319842387582586,0.008268015761241742,16.536031522483484,-0.022497177428623488,0.007782886105665225,9.92161891349009,0.025,0.0,-0.03,0.0,1.0,0.0,0.01
40,1.3333073205001098,53,0.04063244985217235,0.0,-0.027076176710100427,0.002923823289899572,0.007076176710100428,14.152353420200857,0.02732860107779848,0.00928112874290279,8.491412052120515,0.025,0.0,-0.03,0.0,1.0,0.0,0.01
40,1.3333073205001098,54,0.04100288883717816,0.0,-0.02588148768458325,0.0041185123154167495,0.005881487684583251,11.7629753691665,-0.03315254560549055,0.011013258850041825,7.0577852214999,0.025,0.0,-0.03,0.0,1.0,0.0,0.01
40,1.3333073205001098,55,0.04136922607890139,0.0,-0.024685944932809938,0.005314055067190061,0.00468594493280994,9.37188986561988,0.04001137039662774,0.013327999571375005,5.623133919371927,0.025,0.0,-0.03,0.0,1.0,0.0,0.01
40,1.3333073205001098,56,0.04173571044899887,0.0,-0.023489924361494035,0.006510075638505964,0.0034899243614940362,6.979848722988073,-0.04828134696215705,0.016093083032368,4.187909233792843,0.025,0.0,-0.03,0.0,1.0,0.0,0.01
40,1.3333073205001098,57,0.04210595659477984,0.0,-0.022295714674020847,0.007704285325979152,0.0022957146740208486,4.5914293480416974,0.058037437324212016,0.019809400027603348,2.7548576088250183,0.025,0.0,-0.03,0.0,1.0,0.0,0.01
40,1.3333073205001098,58,0.04248433963424967,0.0,-0.021103335523732364,0.008896664476267635,0.0011033355237323652,2.2066710474647304,-0.06975167766155425,0.024365143948412084,1.3240026284788382,0.025,0.0,-0.03,0.0,1.0,0.0,0.01
41,1.3666400035126125,0,0.0,0.0,-0.02,0.009999999999999998,1.734723475976807e-18,3.469446951953614e-15,0.0,0.0,2.0816681711721685e-15,0.025,0.0,-0.03,0.0,1.0,0.0,0.01
41,1.3666400035126125,36,0.03806645807489856,0.0,-0.02042828928617483,0.00957171071382517,0.00042828928617483046,0.856578572349661,0.0028833408385600455,1.2024671476952227e-05,0.5139471434097965,0.025,0.0,-0.03,0.0,1.0,0.0,0.01
41,1.3666400035126125,37,0.03803662321104972,0.0,-0.021674906087545437,0.008325093912454562,0.0016749060875454382,3.3498121750908765,-0.0034741074267119537,2.9204220426844228e-05,2.0098873050545256,0.025,0.0,-0.03,0.0,1.0,0.0,0.01
41,1.3666400035126125,38,0.038003960936654986,0.0,-0.022921470052494248,0.007078529947505751,0.002921470052494249,5.842940104988498,0.004092184013727282,3.4211638763346275e-05,3.505764062993099,0.025,0.0,-0.03,0.0,1.0,0.0,0.01
41,1.3666400035126125,39,0.03797167880626833,0.0,-0.024168032586332676,0.005831967413667323,0.004168032586332677,8.336065172665354,-0.004767016095513227,3.381983625589604e-05,5.001639103599212,0.025,0.0,-0.03,0.0,1.0,0.0,0.01
41,1.3666400035126125,40,0.037942983331645495,0.0,-0.02541467990594695,0.0045853200940530504,0.00541467990594695,10.8293598118939,0.005483268577862625,1.334158554361367e-05,6.49761588713634,0.025,0.0,-0.03,0.0,1.0,0.0,0.01
41,1.3666400035126125,41,0.0379210757171813,0.0,-0.026661426628053396,0.003338573371946603,0.006661426628053397,13.322853256106795,-0.006270856149564057,3.405921619488236e-05,7.993711953664077,0.025,0.0,-0.03,0.0,1.0,0.0,0.01
41,1.3666400035126125,42,0.03790908137424412,0.0,-0.027908286324562635,0.0020917136754373643,0.007908286324562636,15.816572649125272,0.00653255746355716,6.817332251492933e-05,9.489943589475162,0.025,0.0,-0.03,0.0,1.0,0.0,0.01
41,1.3666400035126125,43,0.037909844473876124,0.0,-0.029155152751238714,0.0008448472487612851,0.009155152751238715,18.31030550247743,-0.006824024388639739,0.00017019197941123537,10.986183301486458,0.025,0.0,-0.03,0.0,1.0,0.0,0.01
41,1.3666400035126125,44,0.03792636938973147,0.0,-0.03040185628014248,0.0004018562801424812,0.009598143719857519,19.19628743971504,-0.007121828274410558,0.00026133216472278465,11.517772463829024,0.025,0.0,-0.03,0.0,1.0,0.0,0.01
41,1.3666400035126125,45,0.03796229522779771,0.0,-0.031648075959610486,0.0016480759596104871,0.008351924040389513,16.703848080779025,0.007457108765465516,0.0004344377609511618,10.022308848467414,0.025,0.0,-0.03,0.0,1.0,0.0,0.01
41,1.3666400035126125,46,0.03802134246291615,0.0,-0.03289331198581126,0.0028933119858112616,0.007106688014188739,14.213376028377477,-0.00858534195701064,0.0003286926876902564,8.528025617026486,0.025,0.0,-0.03,0.0,1.0,0.0,0.01
41,1.3666400035126125,47,0.03810824198648543,0.0,-0.034137642697203034,0.004137642697203035,0.005862357302796965,11.72471460559393,0.009641976204966379,0.0018630524553903236,7.034828763356358,0.025,0.0,-0.03,0.0,1.0,0.0,0.01
41,1.3666400035126125,48,0.03858366626573032,0.0,-0.032981497370332555,0.002981497370332556,0.007018502629667444,14.037005259334888,-0.011757325261061708,0.004683882699478647,8.422203155600933,0.025,0.0,-0.03,0.0,1.0,0.0,0.01
41,1.3666400035126125,49,0.039032082772295834,0.0,-0.03181446618894679,0.0018144661889467895,0.00818553381105321,16.37106762210642,0.014958881258494589,0.0059462178370934754,9.822640573263852,0.025,0.0,-0.03,0.0,1.0,0.0,0.01
41,1.3666400035126125,50,0.039457158877914775,0.0,-0.030638600870957714,0.0006386008709577153,0.009361399129042285,18.72279825808457,-0.01881169238257821,0.006992470235008194,11.233678954850742,0.025,0.0,-0.03,0.0,1.0,0.0,0.01
41,1.3666400035126125,51,0.03986265384281909,0.0,-0.029455737525922298,0.0005442624740777009,0.0094557375259223,18.911475051844597,-0.023208837304109088,0.008429641758582067,11.346885031106758,0.025,0.0,-0.03,0.0,1.0,0.0,0.01
41,1.3666400035126125,52,0.04025240433215252,0.0,-0.028267506780412153,0.001732493219587846,0.008267506780412154,16.535013560824307,0.028536632445936485,0.009756490420178841,9.921008136494583,0.025,0.0,-0.03,0.0,1.0,0.0,0.01
41,1.3666400035126125,53,0.04063029729484208,0.0,-0.027075390595809955,0.002924609404190044,0.007075390595809956,14.150781191619911,-0.03466100341366488,0.011847880443807116,8.490468714971946,0.025,0.0,-0.03,0.0,1.0,0.0,0.01
41,1.3666400035126125,54,0.04100026039080828,0.0,-0.025880746447702416,0.0041192535522975825,0.005880746447702418,11.761492895404835,0.04216585615178301,0.013824309646775843,7.056895737242901,0.025,0.0,-0.03,0.0,1.0,0.0,0.01
41,1.3666400035126125,55,0.04136624228785491,0.0,-0.024684855779523285,0.005315144220476714,0.004684855779523286,9.369711559046571,-0.05084793343437156,0.017025199485811986,5.621826935427943,0.025,0.0,-0.03,0.0,1.0,0.0,0.01
41,1.3666400035126125,56,0.041732205965520124,0.0,-0.02348895905486813,0.006511040945131868,0.0034889590548681324,6.977918109736265,0.06149541853941113,0.020227327599734675,4.186750865841759,0.025,0.0,-0.03,0.0,1.0,0.0,0.01
41,1.3666400035126125,57,0.04210211165245474,0.0,-0.022294295036159976,0.007705704963840022,0.002294295036159978,4.588590072319955,-0.07385173758614749,0.02528645770176664,2.753154043391973,0.025,0.0,-0.03,0.0,1.0,0.0,0.01
41,1.3666400035126125,58,0.04247991155875387,0.0,-0.021102146545608613,0.008897853454391386,0.0011021465456086139,2.204293091217228,0.08892443591731436,0.030673166267545637,1.3225758547303366,0.025,0.0,-0.03,0.0,1.0,0.0,0.01
42,1.3999726865251152,0,0.0,0.0,-0.02,0.009999999999999998,1.734723475976807e-18,3.469446951953614e-15,0.0,0.0,2.0816681711721685e-15,0.025,0.0,-0.03,0.0,1.0,0.0,0.01
42,1.3999726865251152,36,0.038066386375304476,0.0,-0.020428316666656177,0.009571683333343822,0.00042831666665617794,0.8566333333123559,-0.00246250743293139,1.4836998691130797e-05,0.5139799999874135,0.025,0.0,-0.03,0.0,1.0,0.0,0.01
42,1.3999726865251152,37,0.03803655634096366,0.0,-0.021674926184696075,0.008325073815303924,0.0016749261846960763,3.3498523693921527,0.0029652191242188915,2.302932471794099e-05,2.0099114216352914,0.025,0.0,-0.03,0.0,1.0,0.0,0.01
42,1.3999726865251152,38,0.03800390452977983,0.0,-0.02292149981995443,0.00707850018004557,0.00292149981995443,5.84299963990886,-0.0034961252322901824,3.406576512107129e-05,3.505799783945316,0.025,0.0,-0.03,0.0,1.0,0.0,0.01
42,1.3999726865251152,39,0.037971639577668706,0.0,-0.02416805233761546,0.00583194766238454,0.00416805233761546,8.33610467523092,0.004070742662342815,2.9424887833408908e-05,5.001662805138552,0.025,0.0,-0.03,0.0,1.0,0.0,0.01
42,1.3999726865251152,40,0.03794296880662398,0.0,-0.025414712806269092,0.004585287193730907,0.0054147128062690935,10.829425612538188,-0.004685948579686963,1.4378270462341334e-05,6.4976553675229125,0.025,0.0,-0.03,0.0,1.0,0.0,0.01
42,1.3999726865251152,41,0.03792109438985625,0.0,-0.02666144608009951,0.00333855391990049,0.00666144608009951,13.32289216019902,0.005357164384352406,3.362340643406065e-05,7.993735296119412,0.025,0.0,-0.03,0.0,1.0,0.0,0.01
42,1.3999726865251152,42,0.03790914306370525,0.0,-0.027908324313032373,0.0020916756869676263,0.007908324313032374,15.816648626064747,-0.0053227535393533315,5.358633647833897e-05,9.489989175638849,0.025,0.0,-0.03,0.0,1.0,0.0,0.01
42,1.3999726865251152,43,0.03790995948806116,0.0,-0.02915516644592765,0.0008448335540723502,0.00915516644592765,18.3103328918553,0.005287659848198392,0.00012043753297897122,10.98619973511318,0.025,0.0,-0.03,0.0,1.0,0.0,0.01
42,1.3999726865251152,44,0.03792655131758127,0.0,-0.030401899525443095,0.000401899525443096,0.009598100474556904,19.19620094911381,0.005241504927090797,0.00019329993671890908,11.517720569468285,0.025,0.0,-0.03,0.0,1.0,0.0,0.01
42,1.3999726865251152,45,0.037962553702082596,0.0,-0.03164807880157472,0.0016480788015747205,0.00835192119842528,16.703842396850558,-0.005200793779082339,0.00030122325123923925,10.022305438110335,0.025,0.0,-0.03,0.0,1.0,0.0,0.01
42,1.3999726865251152,46,0.038021693008486714,0.0,-0.03289335311138916,0.002893353111389163,0.007106646888610837,14.213293777221674,0.00614011678882484,0.00027215448708566134,8.527976266333004,0.025,0.0,-0.03,0.0,1.0,0.0,0.01
42,1.3999726865251152,47,0.03810869652842311,0.0,-0.03413762907937557,0.004137629079375572,0.005862370920624428,11.724741841248855,-0.007013955106524272,0.0013905706698088527,7.034845104749313,0.025,0.0,-0.03,0.0,1.0,0.0,0.01
42,1.3999726865251152,48,0.03858322834621951,0.0,-0.03298116912472725,0.002981169124727248,0.007018830875272752,14.037661750545505,0.008654121003952773,0.003492759129291012,8.422597050327303,0.025,0.0,-0.03,0.0,1.0,0.0,0.01
42,1.3999726865251152,49,0.03903077601133157,0.0,-0.03181372635466695,0.0018137263546669502,0.00818627364533305,16.3725472906661,-0.011163466214846655,0.00435767679020212,9.82352837439966,0.025,0.0,-0.03,0.0,1.0,0.0,0.01
42,1.3999726865251152,50,0.03945491441094352,0.0,-0.030637604297752672,0.0006376042977526732,0.009362395702247327,18.724791404494653,0.014019204160988858,0.005321343712592549,11.234874842696792,0.025,0.0,-0.03,0.0,1.0,0.0,0.01
42,1.3999726865251152,51,0.0398595223568649,0.0,-0.029454324260101163,0.0005456757398988356,0.009454324260101165,18.90864852020233,0.017480495484711384,0.006154584866107703,11.345189112121398,0.025,0.0,-0.03,0.0,1.0,0.0,0.01
42,1.3999726865251152,52,0.04024829754764665,0.0,-0.02826589703446719,0.0017341029655328077,0.008265897034467192,16.531794068934385,-0.02138142105343468,0.007502593525520262,9.91907644136063,0.025,0.0,-0.03,0.0,1.0,0.0,0.01
42,1.3999726865251152,53,0.04062529232552271,0.0,-0.02707333448044493,0.0029266655195550675,0.007073334480444933,14.146668960889865,0.02620387642410948,0.008645113912817819,8.48800137653392,0.025,0.0,-0.03,0.0,1.0,0.0,0.01
42,1.3999726865251152,54,0.04099424077328236,0.0,-0.02587855816832586,0.004121441831674139,0.005878558168325861,11.757116336651722,-0.03168952670771469,0.010657335062522026,7.054269801991032,0.025,0.0,-0.03,0.0,1.0,0.0,0.01
42,1.3999726865251152,55,0.041359323222205396,0.0,-0.024682160031207448,0.005317839968792551,0.004682160031207449,9.3643200624149,0.03850451964096243,0.012448688090574587,5.6185920374489395,0.025,0.0,-0.03,0.0,1.0,0.0,0.01
42,1.3999726865251152,56,0.041724226385580473,0.0,-0.0234862057118988,0.006513794288101199,0.0034862057118988012,6.9724114237976025,-0.04631107653661141,0.015563989529985512,4.183446854278562,0.025,0.0,-0.03,0.0,1.0,0.0,0.01
42,1.3999726865251152,57,0.04209324612222677,0.0,-0.02229093250421383,0.007709067495786169,0.002290932504213831,4.581865008427663,0.055971156063202424,0.018565753325219665,2.7491190050565977,0.025,0.0,-0.03,0.0,1.0,0.0,0.01
42,1.3999726865251152,58,0.04246992652073708,0.0,-0.02109882005641595,0.00890117994358405,0.0010988200564159504,2.197640112831901,-0.06707464107357194,0.023511024034506053,1.3185840676991405,0.025,0.0,-0.03,0.0,1.0,0.0,0.01
43,1.433305369537618,0,0.0,0.0,-0.02,0.009999999999999998,1.734723475976807e-18,3.469446951953614e-15,0.0,0.0,2.0816681711721685e-15,0.025,0.0,-0.03,0.0,1.0,0.0,0.01
43,1.433305369537618,36,0.03806633577895219,0.0,-0.02042822578183098,0.00957177421816902,0.000428225781830981,0.856451563661962,0.0009564170157182845,5.342614168512531e-06,0.5138709381971771,0.025,0.0,-0.03,0.0,1.0,0.0,0.01
43,1.433305369537618,37,0.038036510455596514,0.0,-0.021674867404665187,0.008325132595334812,0.0016748674046651885,3.349734809330377,-0.001145337578997288,1.1918864922763776e-05,2.0098408855982264,0.025,0.0,-0.03,0.0,1.0,0.0,0.01
43,1.433305369537618,38,0.038003867156836166,0.0,-0.022921403425833344,0.007078596574166655,0.0029214034258333455,5.842806851666691,0.0013584113131892954,1.4426126302967366e-05,3.5056841110000145,0.025,0.0,-0.03,0.0,1.0,0.0,0.01
43,1.433305369537618,39,0.037971613960491694,0.0,-0.024168000758847223,0.005831999241152776,0.0041680007588472245,8.336001517694449,-0.0015755993993768033,1.5027527762928336e-05,5.001600910616669,0.025,0.0,-0.03,0.0,1.0,0.0,0.01
43,1.433305369537618,40,0.03794295986290021,0.0,-0.02541461028786421,0.00458538971213579,0.00541461028786421,10.82922057572842,0.0018217800041672768,7.971228728208464e-06,6.497532345437052,0.025,0.0,-0.03,0.0,1.0,0.0,0.01
43,1.433305369537618,41,0.037921106923839376,0.0,-0.02666140291198465,0.003338597088015347,0.006661402911984653,13.322805823969306,-0.002077099327690122,1.939078207671133e-05,7.9936834943815835,0.025,0.0,-0.03,0.0,1.0,0.0,0.01
43,1.433305369537618,42,0.037909182101182236,0.0,-0.02790821581525167,0.0020917841847483305,0.00790821581525167,15.81643163050334,0.0017777739437869636,1.0739696778037822e-05,9.489858978302003,0.025,0.0,-0.03,0.0,1.0,0.0,0.01
43,1.433305369537618,43,0.037910033323772206,0.0,-0.029155129071765172,0.0008448709282348268,0.009155129071765173,18.310258143530348,-0.0014419979119059557,2.7036544796349628e-05,10.986154886118209,0.025,0.0,-0.03,0.0,1.0,0.0,0.01
43,1.433305369537618,44,0.03792666296341437,0.0,-0.0304017841195765,0.00040178411957650026,0.0095982158804235,19.196431760847,-0.0010903471764410315,2.7597024970562317e-05,11.517859056508199,0.025,0.0,-0.03,0.0,1.0,0.0,0.01
43,1.433305369537618,45,0.03796271675297223,0.0,-0.03164804564167054,0.0016480456416705438,0.008351954358329456,16.703908716658912,0.0007036607100033582,5.718027175590643e-05,10.022345229995347,0.025,0.0,-0.03,0.0,1.0,0.0,0.01
43,1.433305369537618,46,0.038021905872567104,0.0,-0.03289322405204275,0.002893224052042752,0.007106775947957248,14.213551895914497,-0.0010455372218173065,6.933413108036516e-05,8.528131137548698,0.025,0.0,-0.03,0.0,1.0,0.0,0.01
43,1.433305369537618,47,0.038108960346098966,0.0,-0.034137599327162226,0.004137599327162227,0.005862400672837774,11.724801345675548,0.0013485011386545986,0.00028602929974837996,7.034880807405329,0.025,0.0,-0.03,0.0,1.0,0.0,0.01
43,1.433305369537618,48,0.038583044085856194,0.0,-0.032980816024177816,0.0029808160241778167,0.0070191839758221835,14.038367951644368,-0.0018336935971903633,0.0007666819641922772,8.42302077098662,0.025,0.0,-0.03,0.0,1.0,0.0,0.01
43,1.433305369537618,49,0.03903003919751182,0.0,-0.031813330899257204,0.0018133308992572053,0.008186669100742795,16.37333820148559,0.0024767620765977828,0.0009897169716581533,9.824002920891354,0.025,0.0,-0.03,0.0,1.0,0.0,0.01
43,1.433305369537618,50,0.03945374915140238,0.0,-0.030636836422288025,0.0006368364222880257,0.009363163577711974,18.72632715542395,-0.003233825739896208,0.0011967496022702543,11.235796293254369,0.025,0.0,-0.03,0.0,1.0,0.0,0.01
43,1.433305369537618,51,0.03985776478846653,0.0,-0.029453613867878665,0.0005463861321213341,0.009453613867878666,18.90722773575733,-0.004073448423032407,0.0014628967893379364,11.3443366414544,0.025,0.0,-0.03,0.0,1.0,0.0,0.01
43,1.433305369537618,52,0.04024612895068533,0.0,-0.028264728352727822,0.0017352716472721769,0.008264728352727823,16.529456705455647,0.005087315675113338,0.0017206960793965632,9.917674023273388,0.025,0.0,-0.03,0.0,1.0,0.0,0.01
43,1.433305369537618,53,0.04062248798736429,0.0,-0.02707235013331302,0.00292764986668698,0.00707235013331302,14.14470026662604,-0.006237842377598213,0.0020932407694097934,8.486820159975624,0.025,0.0,-0.03,0.0,1.0,0.0,0.01
43,1.433305369537618,54,0.04099105900519847,0.0,-0.025876984112482116,0.004123015887517883,0.005876984112482117,11.753968224964234,0.007645972290965656,0.0024655524117758684,7.05238093497854,0.025,0.0,-0.03,0.0,1.0,0.0,0.01
43,1.433305369537618,55,0.04135544872130322,0.0,-0.024680938856590236,0.005319061143409763,0.004680938856590237,9.361877713180474,-0.009267146223462735,0.0030273892517793687,5.617126627908284,0.025,0.0,-0.03,0.0,1.0,0.0,0.01
43,1.433305369537618,56,0.04172003413835945,0.0,-0.023484199106264977,0.006515800893735022,0.003484199106264978,6.968398212529956,0.011254878252713365,0.0036210757845700093,4.181038927517974,0.025,0.0,-0.03,0.0,1.0,0.0,0.01
43,1.433305369537618,57,0.0420882773763986,0.0,-0.02228951014388059,0.007710489856119409,0.0022895101438805913,4.579020287761183,-0.013561578776106193,0.004507954646652498,2.7474121726567096,0.025,0.0,-0.03,0.0,1.0,0.0,0.01
43,1.433305369537618,58,0.04246474256456475,0.0,-0.021096327321997597,0.008903672678002402,0.001096327321997598,2.1926546439951964,0.01637638590529207,0.00549971892595716,1.3155927863971177,0.025,0.0,-0.03,0.0,1.0,0.0,0.01
44,1.4666380525501208,0,0.0,0.0,-0.02,0.009999999999999998,1.734723475976807e-18,3.469446951953614e-15,0.0,0.0,2.0816681711721685e-15,0.025,0.0,-0.03,0.0,1.0,0.0,0.01
44,1.4666380525501208,36,0.03806634505016115,0.0,-0.02042816851522479,0.009571831484775209,0.00042816851522479125,0.8563370304495825,0.0009250716615638232,4.13707568750792e-06,0.5138022182697495,0.025,0.0,-0.03,0.0,1.0,0.0,0.01
44,1.4666380525501208,37,0.038036520612088585,0.0,-0.02167476930897531,0.008325230691024688,0.001674769308975312,3.349538617950624,-0.0011085875041858813,5.829542913201695e-06,2.0097231707703744,0.025,0.0,-0.03,0.0,1.0,0.0,0.01
44,1.4666380525501208,38,0.03800387623291613,0.0,-0.022921353711875366,0.007078646288124633,0.0029213537118753675,5.842707423750735,0.0013096031723393955,9.468082012704963e-06,3.505624454250441,0.025,0.0,-0.03,0.0,1.0,0.0,0.01
44,1.4666380525501208,39,0.037971621309698514,0.0,-0.024167894111002296,0.0058321058889977025,0.004167894111002298,8.335788222004595,-0.0015193645623434728,6.392299898227865e-06,5.0014729332027565,0.025,0.0,-0.03,0.0,1.0,0.0,0.01
44,1.4666380525501208,40,0.03794296302547075,0.0,-0.02541456917653812,0.00458543082346188,0.00541456917653812,10.82913835307624,0.0017510977987258121,1.3951033556776316e-06,6.497483011845744,0.025,0.0,-0.03,0.0,1.0,0.0,0.01
44,1.4666380525501208,41,0.03792110414288454,0.0,-0.026661286269535643,0.0033387137304643558,0.0066612862695356444,13.322572539071288,-0.0019958868412452133,3.547891204531439e-06,7.9935435234427725,0.025,0.0,-0.03,0.0,1.0,0.0,0.01
44,1.4666380525501208,42,0.03790917201180735,0.0,-0.02790818073908622,0.0020918192609137784,0.007908180739086222,15.816361478172444,0.002428836036969734,3.3877843132219384e-05,9.489816886903466,0.025,0.0,-0.03,0.0,1.0,0.0,0.01
44,1.4666380525501208,43,0.037910011297103884,0.0,-0.029155009584730118,0.0008449904152698813,0.009155009584730119,18.310019169460237,-0.0028894619513359855,7.748678359563392e-05,10.986011501676142,0.025,0.0,-0.03,0.0,1.0,0.0,0.01
44,1.4666380525501208,44,0.03792663041628333,0.0,-0.030401752171772267,0.0004017521717722683,0.009598247828227732,19.196495656455465,-0.00339036143238993,0.00014002954028189646,11.517897393873278,0.025,0.0,-0.03,0.0,1.0,0.0,0.01
44,1.4666380525501208,45,0.037962663681190445,0.0,-0.03164792382627202,0.0016479238262720186,0.008352076173727982,16.704152347455963,0.0039225402140391765,0.00020847887385555005,10.022491408473577,0.025,0.0,-0.03,0.0,1.0,0.0,0.01
44,1.4666380525501208,46,0.03802183848446638,0.0,-0.03289320254922107,0.002893202549221069,0.007106797450778931,14.213594901557862,-0.004320568606478199,0.0001494525555262408,8.528156940934716,0.025,0.0,-0.03,0.0,1.0,0.0,0.01
44,1.4666380525501208,47,0.03810888093118575,0.0,-0.03413746648523615,0.004137466485236149,0.005862533514763851,11.725067029527702,0.004686979480674149,0.0008916319958402246,7.035040217716621,0.025,0.0,-0.03,0.0,1.0,0.0,0.01
44,1.4666380525501208,48,0.03858314029491757,0.0,-0.03298090664718567,0.0029809066471856716,0.007019093352814329,14.038186705628657,-0.005546970496416749,0.0021856480553449193,8.422912023377194,0.025,0.0,-0.03,0.0,1.0,0.0,0.01
44,1.4666380525501208,49,0.03903042226470591,0.0,-0.03181334095664587,0.0018133409566458702,0.00818665904335413,16.37331808670826,0.006950515795086633,0.0027011055981021386,9.823990852024956,0.025,0.0,-0.03,0.0,1.0,0.0,0.01
44,1.4666380525501208,50,0.03945427685567752,0.0,-0.030637139961827205,0.0006371399618272065,0.009362860038172794,18.72572007634559,-0.008588094249646155,0.0032590104432715403,11.235432045807352,0.025,0.0,-0.03,0.0,1.0,0.0,0.01
44,1.4666380525501208,51,0.039858618178777123,0.0,-0.02945373490115262,0.0005462650988473788,0.009453734901152621,18.907469802305243,-0.010586771268430082,0.0037365289430992352,11.344481881383146,0.025,0.0,-0.03,0.0,1.0,0.0,0.01
44,1.4666380525501208,52,0.04024710349822678,0.0,-0.028265250926989553,0.0017347490730104456,0.008265250926989555,16.53050185397911,0.012859858049874577,0.004528153346638716,9.918301112387466,0.025,0.0,-0.03,0.0,1.0,0.0,0.01
44,1.4666380525501208,53,0.040623836329952326,0.0,-0.027072554717417034,0.0029274452825829647,0.0070725547174170355,14.14510943483407,-0.015675287880802524,0.005199677770380836,8.487065660900441,0.025,0.0,-0.03,0.0,1.0,0.0,0.01
44,1.4666380525501208,54,0.04099249185376012,0.0,-0.025877746118554024,0.004122253881445975,0.005877746118554026,11.75549223710805,0.01889273262336968,0.006396924974385146,7.05329534226483,0.025,0.0,-0.03,0.0,1.0,0.0,0.01
44,1.4666380525501208,55,0.04135732343075807,0.0,-0.024681196757667844,0.005318803242332155,0.0046811967576678454,9.362393515335691,-0.02289046997776835,0.00746253171736905,5.617436109201415,0.025,0.0,-0.03,0.0,1.0,0.0,0.01
44,1.4666380525501208,56,0.041721932112180324,0.0,-0.023485239365990847,0.006514760634009152,0.003485239365990848,6.9704787319816965,0.027478388257749082,0.009325611919589433,4.182287239189018,0.025,0.0,-0.03,0.0,1.0,0.0,0.01
44,1.4666380525501208,57,0.042090720020225986,0.0,-0.022289785579797217,0.007710214420202782,0.002289785579797218,4.579571159594436,-0.03315222759150102,0.011117662724676843,2.7477426957566613,0.025,0.0,-0.03,0.0,1.0,0.0,0.01
44,1.4666380525501208,58,0.04246710363619819,0.0,-0.02109770769157818,0.008902292308421818,0.0010977076915781817,2.1954153831563636,0.03967417259094466,0.014078635622909102,1.317249229893818,0.025,0.0,-0.03,0.0,1.0,0.0,0.01
45,1.4999707355626235,0,0.0,0.0,-0.02,0.009999999999999998,1.734723475976807e-18,3.469446951953614e-15,0.0,0.0,2.0816681711721685e-15,0.025,0.0,-0.03,0.0,1.0,0.0,0.01
45,1.4999707355626235,36,0.038066390137386295,0.0,-0.020428149975159075,0.009571850024840924,0.00042814997515907595,0.8562999503181519,-0.0023152822253115937,9.049395256283047e-06,0.513779970190891,0.025,0.0,-0.03,0.0,1.0,0.0,0.01
45,1.4999707355626235,37,0.03803656240832762,0.0,-0.021674781484790084,0.008325218515209915,0.001674781484790085,3.34956296958017,0.002781993247393523,2.2558686281324432e-05,2.009737781748102,0.025,0.0,-0.03,0.0,1.0,0.0,0.01
45,1.4999707355626235,38,0.03800391181600144,0.0,-0.02292132871156433,0.007078671288435669,0.002921328711564331,5.842657423128662,-0.003283291783806454,2.628351719020907e-05,3.505594453877197,0.025,0.0,-0.03,0.0,1.0,0.0,0.01
45,1.4999707355626235,39,0.03797164593088856,0.0,-0.024167911856983314,0.0058320881430166845,0.004167911856983316,8.335823713966631,0.0038168774944549143,2.557273088484914e-05,5.001494228379978,0.025,0.0,-0.03,0.0,1.0,0.0,0.01
45,1.4999707355626235,40,0.03794297269825573,0.0,-0.02541453650662572,0.00458546349337428,0.00541453650662572,10.82907301325144,-0.004396280501230927,9.29597983664766e-06,6.497443807950864,0.025,0.0,-0.03,0.0,1.0,0.0,0.01
45,1.4999707355626235,41,0.037921093549865136,0.0,-0.02666131043529044,0.003338689564709559,0.006661310435290441,13.322620870580883,0.00501952772642565,2.446082560403252e-05,7.993572522348529,0.025,0.0,-0.03,0.0,1.0,0.0,0.01
45,1.4999707355626235,42,0.03790913464278745,0.0,-0.027908144142409236,0.0020918558575907624,0.007908144142409238,15.816288284818476,-0.0053787860374534,5.934519201785928e-05,9.489772970891085,0.025,0.0,-0.03,0.0,1.0,0.0,0.01
45,1.4999707355626235,43,0.03790994186590217,0.0,-0.02915503224515554,0.0008449677548444598,0.00915503224515554,18.31006449031108,0.005760389371384977,0.0001469524819348132,10.986038694186648,0.025,0.0,-0.03,0.0,1.0,0.0,0.01
45,1.4999707355626235,44,0.03792651901884952,0.0,-0.03040171782552742,0.0004017178255274201,0.00959828217447258,19.19656434894516,0.006172191578194343,0.0002317914322334604,11.517938609367095,0.025,0.0,-0.03,0.0,1.0,0.0,0.01
45,1.4999707355626235,45,0.03796250701385343,0.0,-0.03164794726440672,0.0016479472644067225,0.008352052735593278,16.704105471186555,-0.006612935090401758,0.00037906398690511786,10.022463282711932,0.025,0.0,-0.03,0.0,1.0,0.0,0.01
45,1.4999707355626235,46,0.03802162347751648,0.0,-0.032893168210043636,0.0028931682100436368,0.007106831789956363,14.213663579912726,0.0075359106081035465,0.0002798494936322826,8.528198147947636,0.025,0.0,-0.03,0.0,1.0,0.0,0.01
45,1.4999707355626235,47,0.03810859862031625,0.0,-0.03413750827455504,0.0041375082745550434,0.005862491725444957,11.724983450889914,-0.008388411972369062,0.0016104531945436951,7.034990070533948,0.025,0.0,-0.03,0.0,1.0,0.0,0.01
45,1.4999707355626235,48,0.03858341863452081,0.0,-0.03298108635372169,0.0029810863537216917,0.0070189136462783085,14.037827292556617,0.010164572571241785,0.004032216877459142,8.42269637553397,0.025,0.0,-0.03,0.0,1.0,0.0,0.01
45,1.4999707355626235,49,0.03903120171457983,0.0,-0.03181384088089885,0.001813840880898851,0.00818615911910115,16.372318238202297,-0.012873852087581036,0.00509642659076522,9.823390942921378,0.025,0.0,-0.03,0.0,1.0,0.0,0.01
45,1.4999707355626235,50,0.03945566209858678,0.0,-0.030637705545647778,0.0006377055456477793,0.009362294454352221,18.72458890870444,0.01614095042339796,0.006006828169692768,11.234753345222664,0.025,0.0,-0.03,0.0,1.0,0.0,0.01
45,1.4999707355626235,51,0.03986050198503725,0.0,-0.029454668421942477,0.0005453315780575216,0.009454668421942479,18.909336843884958,0.01988859919069042,0.007191940903029466,11.345602106330974,0.025,0.0,-0.03,0.0,1.0,0.0,0.01
45,1.4999707355626235,52,0.040249631042012374,0.0,-0.02826616164343918,0.0017338383565608205,0.00826616164343918,16.53232328687836,-0.02441228237753824,0.008366335921021704,9.919393972127015,0.025,0.0,-0.03,0.0,1.0,0.0,0.01
45,1.4999707355626235,53,0.040626851789786894,0.0,-0.02707391203744607,0.0029260879625539297,0.0070739120374460705,14.14782407489214,0.02964604409689378,0.010088972053762059,8.488694444935284,0.025,0.0,-0.03,0.0,1.0,0.0,0.01
45,1.4999707355626235,54,0.04099619608409333,0.0,-0.02587897005028656,0.004121029949713438,0.005878970050286562,11.757940100573125,-0.03602346209359595,0.01184486861870004,7.054764060343874,0.025,0.0,-0.03,0.0,1.0,0.0,0.01
45,1.4999707355626235,55,0.04136149067392179,0.0,-0.024682989210450527,0.005317010789549471,0.004682989210450529,9.365978420901058,0.04345017748764982,0.014491992137734744,5.619587052540635,0.025,0.0,-0.03,0.0,1.0,0.0,0.01
45,1.4999707355626235,56,0.041726848314052406,0.0,-0.0234867523348482,0.006513247665151798,0.003486752334848202,6.973504669696404,-0.052503823379679376,0.017322255377363538,4.1841028018178426,0.025,0.0,-0.03,0.0,1.0,0.0,0.01
45,1.4999707355626235,57,0.04209605050661804,0.0,-0.022292049025781437,0.007707950974218562,0.0022920490257814386,4.5840980515628775,0.06307434107407038,0.02153145135169367,2.7504588309377263,0.025,0.0,-0.03,0.0,1.0,0.0,0.01
45,1.4999707355626235,58,0.0424732709440831,0.0,-0.02109949174996617,0.008900508250033828,0.0010994917499661718,2.1989834999323437,-0.07589652276234876,0.026256488489305032,1.3193900999594061,0.025,0.0,-0.03,0.0,1.0,0.0,0.01
46,1.5333034185751262,0,0.0,0.0,-0.02,0.009999999999999998,1.734723475976807e-18,3.469446951953614e-15,0.0,0.0,2.0816681711721685e-15,0.025,0.0,-0.03,0.0,1.0,0.0,0.01
46,1.5333034185751262,36,0.03806642254931319,0.0,-0.020428208237323657,0.009571791762676342,0.00042820823732365836,0.8564164746473167,0.0026073081562185386,1.324154768195893e-05,0.51384988478839,0.025,0.0,-0.03,0.0,1.0,0.0,0.01
46,1.5333034185751262,37,0.038036591757360856,0.0,-0.021674831994446232,0.008325168005553767,0.0016748319944462336,3.349663988892467,-0.0031403298138746104,2.523656028315268e-05,2.00979839333548,0.025,0.0,-0.03,0.0,1.0,0.0,0.01
46,1.5333034185751262,38,0.03800393586382324,0.0,-0.0229213880956636,0.0070786119043363994,0.0029213880956636008,5.842776191327202,0.0037002165840471337,3.335092316423114e-05,3.505665714796321,0.025,0.0,-0.03,0.0,1.0,0.0,0.01
46,1.5333034185751262,39,0.03797166252009978,0.0,-0.024167960358984542,0.005832039641015457,0.0041679603589845435,8.335920717969087,-0.0043088870501594165,3.062269527173353e-05,5.001552430781452,0.025,0.0,-0.03,0.0,1.0,0.0,0.01
46,1.5333034185751262,40,0.03794297886766759,0.0,-0.025414597051277996,0.004585402948722003,0.005414597051277998,10.829194102555995,0.004957309624147891,1.345964411279703e-05,6.497516461533597,0.025,0.0,-0.03,0.0,1.0,0.0,0.01
46,1.5333034185751262,41,0.03792108629314254,0.0,-0.026661356574476457,0.0033386434255235423,0.006661356574476458,13.322713148952916,-0.005667574313241481,3.2689995647035756e-05,7.99362788937175,0.025,0.0,-0.03,0.0,1.0,0.0,0.01
46,1.5333034185751262,42,0.03790911059903446,0.0,-0.027908203010194886,0.002091796989805113,0.007908203010194887,15.816406020389774,0.005790128837239451,5.9861703456800875e-05,9.489843612233864,0.025,0.0,-0.03,0.0,1.0,0.0,0.01
46,1.5333034185751262,43,0.03790989692679774,0.0,-0.02915508291533664,0.0008449170846633602,0.00915508291533664,18.31016583067328,-0.005927890576071224,0.00014225737445694713,10.986099498403968,0.025,0.0,-0.03,0.0,1.0,0.0,0.01
46,1.5333034185751262,44,0.03792644890055394,0.0,-0.030401772235051534,0.0004017722350515354,0.009598227764948465,19.19645552989693,-0.006064468780681967,0.00022384635686389557,11.517873317938157,0.025,0.0,-0.03,0.0,1.0,0.0,0.01
46,1.5333034185751262,45,0.0379624074617955,0.0,-0.03164800471973899,0.0016480047197389922,0.008351995280261008,16.703990560522016,0.0062230359682925685,0.0003604760686427872,10.022394336313209,0.025,0.0,-0.03,0.0,1.0,0.0,0.01
46,1.5333034185751262,46,0.03802149031953958,0.0,-0.03289322371853647,0.0028932237185364737,0.0071067762814635265,14.213552562927052,-0.007230041203360872,0.00029498866106753734,8.52813153775623,0.025,0.0,-0.03,0.0,1.0,0.0,0.01
46,1.5333034185751262,47,0.03810842828024672,0.0,-0.03413756848911855,0.004137568489118552,0.005862431510881448,11.724863021762896,0.00817066823393259,0.001596409565063419,7.034917813057738,0.025,0.0,-0.03,0.0,1.0,0.0,0.01
46,1.5333034185751262,48,0.03858355040058544,0.0,-0.03298127359928384,0.0029812735992838443,0.007018726400716156,14.037452801432313,-0.010005197933045155,0.004008889550993362,8.422471680859386,0.025,0.0,-0.03,0.0,1.0,0.0,0.01
46,1.5333034185751262,49,0.03903164300694962,0.0,-0.03181414565312553,0.001814145653125529,0.008185854346874471,16.371708693748943,0.012801787193625529,0.005046086537680223,9.823025216249365,0.025,0.0,-0.03,0.0,1.0,0.0,0.01
46,1.5333034185751262,50,0.03945641400654062,0.0,-0.030638130604267875,0.000638130604267876,0.009361869395732124,18.72373879146425,-0.016080098103967287,0.006039049404571443,11.23424327487855,0.025,0.0,-0.03,0.0,1.0,0.0,0.01
46,1.5333034185751262,51,0.03986157324425302,0.0,-0.029455196095200902,0.0005448039047990967,0.009455196095200903,18.910392190401808,-0.01993187835090164,0.0071365559473437305,11.346235314241085,0.025,0.0,-0.03,0.0,1.0,0.0,0.01
46,1.5333034185751262,52,0.04025101853208186,0.0,-0.028266806935880573,0.001733193064119426,0.008266806935880574,16.533613871761148,0.024440950508430887,0.00846468061471997,9.920168323056687,0.025,0.0,-0.03,0.0,1.0,0.0,0.01
46,1.5333034185751262,53,0.04062856630802554,0.0,-0.02707464754068208,0.0029253524593179196,0.007074647540682081,14.149295081364162,-0.029807505706418668,0.010024679528511509,8.489577048818497,0.025,0.0,-0.03,0.0,1.0,0.0,0.01
46,1.5333034185751262,54,0.04099822981335973,0.0,-0.02587982584585193,0.00412017415414807,0.00587982584585193,11.75965169170386,0.03615515364087164,0.012006168458216403,7.055791015022316,0.025,0.0,-0.03,0.0,1.0,0.0,0.01
46,1.5333034185751262,55,0.04136385749470425,0.0,-0.024683924695599425,0.005316075304400574,0.004683924695599426,9.367849391198853,-0.043751332670422215,0.014417486932226626,5.6207096347193115,0.025,0.0,-0.03,0.0,1.0,0.0,0.01
46,1.5333034185751262,56,0.041729534478321076,0.0,-0.023487817401093163,0.006512182598906836,0.0034878174010931646,6.975634802186329,0.05277066231573499,0.01754971263296872,4.185380881311797,0.025,0.0,-0.03,0.0,1.0,0.0,0.01
46,1.5333034185751262,57,0.04209907491955726,0.0,-0.02229318415117362,0.0077068158488263795,0.0022931841511736207,4.586368302347242,-0.063559215592382,0.02145344138355402,2.7518209814083447,0.025,0.0,-0.03,0.0,1.0,0.0,0.01
46,1.5333034185751262,58,0.04247661124004618,0.0,-0.02110077384164923,0.00889922615835077,0.0011007738416492305,2.201547683298461,0.07635598981845354,0.026562411732960776,1.3209286099790767,0.025,0.0,-0.03,0.0,1.0,0.0,0.01
47,1.566636101587629,0,0.0,0.0,-0.02,0.009999999999999998,1.734723475976807e-18,3.469446951953614e-15,0.0,0.0,2.0816681711721685e-15,0.025,0.0,-0.03,0.0,1.0,0.0,0.01
47,1.566636101587629,36,0.03806641845329603,0.0,-0.02042827014190666,0.00957172985809334,0.0004282701419066597,0.8565402838133195,-0.0017168455463092986,9.899112391170248e-06,0.5139241702879916,0.025,0.0,-0.03,0.0,1.0,0.0,0.01
47,1.566636101587629,37,0.038036587224365474,0.0,-0.021674875695453406,0.008325124304546593,0.0016748756954534077,3.3497513909068153,0.002063160594649649,1.762511224709568e-05,2.009850834544089,0.025,0.0,-0.03,0.0,1.0,0.0,0.01
47,1.566636101587629,38,0.03800393137183626,0.0,-0.022921453576123206,0.007078546423876793,0.0029214535761232074,5.842907152246415,-0.0024365075634489803,2.4096441335282316e-05,3.505744291347849,0.025,0.0,-0.03,0.0,1.0,0.0,0.01
47,1.566636101587629,39,0.03797165923552801,0.0,-0.024168000510912845,0.005831999489087154,0.004168000510912847,8.336001021825693,0.0028327372687402155,2.2273568678903855e-05,5.001600613095415,0.025,0.0,-0.03,0.0,1.0,0.0,0.01
47,1.566636101587629,40,0.03794297750559788,0.0,-0.025414666691901466,0.004585333308098533,0.005414666691901467,10.829333383802934,-0.0032646009165392385,1.108632296723924e-05,6.4976000302817605,0.025,0.0,-0.03,0.0,1.0,0.0,0.01
47,1.566636101587629,41,0.03792108800508363,0.0,-0.026661392633537048,0.0033386073664629506,0.0066613926335370496,13.3227852670741,0.0037280111720207412,2.618383751882885e-05,7.9936711602444595,0.025,0.0,-0.03,0.0,1.0,0.0,0.01
47,1.566636101587629,42,0.03790911696061627,0.0,-0.02790827780022532,0.00209172219977468,0.00790827780022532,15.81655560045064,-0.003577767674731649,3.256308537027545e-05,9.489933360270383,0.025,0.0,-0.03,0.0,1.0,0.0,0.01
47,1.566636101587629,43,0.03790990813647113,0.0,-0.029155113355633994,0.0008448866443660046,0.009155113355633996,18.31022671126799,0.0034094156197861055,7.534968029679008e-05,10.986136026760795,0.025,0.0,-0.03,0.0,1.0,0.0,0.01
47,1.566636101587629,44,0.03792646910535232,0.0,-0.030401853020012644,0.00040185302001264495,0.009598146979987355,19.19629395997471,0.003229909786263623,0.00011284091836689296,11.517776375984825,0.025,0.0,-0.03,0.0,1.0,0.0,0.01
47,1.566636101587629,45,0.03796243396105591,0.0,-0.03164802814977279,0.0016480281497727942,0.008351971850227206,16.703943700454413,-0.003036099538666827,0.00018377224136545439,10.022366220272648,0.025,0.0,-0.03,0.0,1.0,0.0,0.01
47,1.566636101587629,46,0.03802153032576192,0.0,-0.032893310463690636,0.0028933104636906376,0.007106689536309363,14.213379072618725,0.0036790867926006577,0.00017203727011831063,8.528027443571235,0.025,0.0,-0.03,0.0,1.0,0.0,0.01
47,1.566636101587629,47,0.0381084861985756,0.0,-0.03413758364313496,0.004137583643134962,0.005862416356865038,11.724832713730075,-0.00426924064972127,0.0008546087136656213,7.034899628238045,0.025,0.0,-0.03,0.0,1.0,0.0,0.01
47,1.566636101587629,48,0.038583459086005835,0.0,-0.03298131749013477,0.0029813174901347703,0.00701868250986523,14.03736501973046,0.005344499490967542,0.0021699506096886528,8.422419011838276,0.025,0.0,-0.03,0.0,1.0,0.0,0.01
47,1.566636101587629,49,0.039031463469990466,0.0,-0.03181404040028392,0.00181404040028392,0.00818595959971608,16.37191919943216,-0.006939375478374006,0.002727119528709864,9.823151519659296,0.025,0.0,-0.03,0.0,1.0,0.0,0.01
47,1.566636101587629,50,0.039456056895965375,0.0,-0.03063810171980602,0.0006381017198060224,0.009361898280193978,18.723796560387957,0.008775482393103643,0.0033146653703860544,11.234277936232774,0.025,0.0,-0.03,0.0,1.0,0.0,0.01
47,1.566636101587629,51,0.03986113975276213,0.0,-0.0294549673308405,0.0005450326691594995,0.0094549673308405,18.909934661681003,0.010951585555521103,0.0038844797738516474,11.345960797008601,0.025,0.0,-0.03,0.0,1.0,0.0,0.01
47,1.566636101587629,52,0.04025038333081655,0.0,-0.028266721129325698,0.0017332788706743013,0.008266721129325699,16.533442258651398,-0.013451362023171005,0.004685651622218858,9.920065355190838,0.025,0.0,-0.03,0.0,1.0,0.0,0.01
47,1.566636101587629,53,0.04062787117837085,0.0,-0.02707428778488364,0.002925712215116359,0.007074287784883641,14.148575569767281,0.016473558220791905,0.005475069447778559,8.489145341860368,0.025,0.0,-0.03,0.0,1.0,0.0,0.01
47,1.566636101587629,54,0.040997300110228285,0.0,-0.02587969949764643,0.004120300502353569,0.005879699497646431,11.759398995292862,-0.019979675140859812,0.006664527128067098,7.055639397175717,0.025,0.0,-0.03,0.0,1.0,0.0,0.01
47,1.566636101587629,55,0.04136289496376497,0.0,-0.02468341704736412,0.00531658295263588,0.00468341704736412,9.36683409472824,0.02424901670246731,0.007888353435442846,5.620100456836944,0.025,0.0,-0.03,0.0,1.0,0.0,0.01
47,1.566636101587629,56,0.04172828898209152,0.0,-0.023487669131676242,0.006512330868323757,0.0034876691316762434,6.975338263352486,-0.02922805899613119,0.009743083473083338,4.185202958011492,0.025,0.0,-0.03,0.0,1.0,0.0,0.01
47,1.566636101587629,57,0.042097842797592336,0.0,-0.02229249989013074,0.007707500109869259,0.0022924998901307416,4.584999780261483,0.03528547380619009,0.011755696286663573,2.7509998681568897,0.025,0.0,-0.03,0.0,1.0,0.0,0.01
47,1.566636101587629,58,0.0424750213267431,0.0,-0.021100626175892097,0.008899373824107902,0.0011006261758920981,2.201252351784196,-0.04235662767616512,0.014734263065407606,1.3207514110705176,0.025,0.0,-0.03,0.0,1.0,0.0,0.01
48,1.5999687846001316,0,0.0,0.0,-0.02,0.009999999999999998,1.734723475976807e-18,3.469446951953614e-15,0.0,0.0,2.0816681711721685e-15,0.025,0.0,-0.03,0.0,1.0,0.0,0.01
48,1.5999687846001316,36,0.03806639192915471,0.0,-0.020428263451580813,0.009571736548419186,0.0004282634515808143,0.8565269031616286,8.564970970286542e-05,9.167085161073149e-07,0.5139161418969771,0.025,0.0,-0.03,0.0,1.0,0.0,0.01
48,1.5999687846001316,37,0.038036562243935555,0.0,-0.02167490400332717,0.008325095996672829,0.0016749040033271715,3.349808006654343,-0.00010262496894615023,3.6434132436160708e-06,2.009884803992606,0.025,0.0,-0.03,0.0,1.0,0.0,0.01
48,1.5999687846001316,38,0.03800391060858755,0.0,-0.022921440606990744,0.007078559393009255,0.002921440606990745,5.84288121398149,0.00012257674425454097,3.265042305946448e-06,3.5057287283888936,0.025,0.0,-0.03,0.0,1.0,0.0,0.01
48,1.5999687846001316,39,0.03797164444844926,0.0,-0.024168036349959468,0.005831963650040531,0.004168036349959469,8.336072699918939,-0.00014227276567119673,5.0021396174373874e-06,5.001643619951363,0.025,0.0,-0.03,0.0,1.0,0.0,0.01
48,1.5999687846001316,40,0.03794297210999803,0.0,-0.02541464664360301,0.004585353356396989,0.0054146466436030116,10.829293287206022,0.00016543735416558393,3.529934334290484e-06,6.497575972323613,0.025,0.0,-0.03,0.0,1.0,0.0,0.01
48,1.5999687846001316,41,0.03792109500864397,0.0,-0.026661437266696193,0.0033385627333038063,0.006661437266696194,13.322874533392389,-0.00018901207879243196,8.488544898069166e-06,7.993724720035432,0.025,0.0,-0.03,0.0,1.0,0.0,0.01
48,1.5999687846001316,42,0.03790913927212426,0.0,-0.02790825191388596,0.0020917480861140404,0.00790825191388596,15.81650382777192,-0.00016125776249143375,9.589426836037687e-06,9.489902296663152,0.025,0.0,-0.03,0.0,1.0,0.0,0.01
48,1.5999687846001316,43,0.037909951776797776,0.0,-0.029155162272645748,0.0008448377273542508,0.00915516227264575,18.3103245452915,0.0005411761996262377,2.0489098183423404e-05,10.9861947271749,0.025,0.0,-0.03,0.0,1.0,0.0,0.01
48,1.5999687846001316,44,0.037926534636921465,0.0,-0.030401822201817977,0.0004018222018179786,0.009598177798182022,19.196355596364043,0.0009489889109928738,4.833960836841109e-05,11.517813357818426,0.025,0.0,-0.03,0.0,1.0,0.0,0.01
48,1.5999687846001316,45,0.03796253254949511,0.0,-0.031648080436477065,0.001648080436477066,0.008351919563522934,16.703839127045867,-0.0013873451179603393,6.32885360972819e-05,10.02230347622752,0.025,0.0,-0.03,0.0,1.0,0.0,0.01
48,1.5999687846001316,46,0.038021658022465064,0.0,-0.03289326814816139,0.0028932681481613903,0.00710673185183861,14.21346370367722,0.0013897282240431178,3.094781988842178e-05,8.528078222206332,0.025,0.0,-0.03,0.0,1.0,0.0,0.01
48,1.5999687846001316,47,0.03810864226564723,0.0,-0.0341376430783765,0.004137643078376503,0.005862356921623497,11.724713843246994,-0.0013964463990122457,0.0002511300136939862,7.034828305948196,0.025,0.0,-0.03,0.0,1.0,0.0,0.01
48,1.5999687846001316,48,0.03858332709223763,0.0,-0.032981118411900975,0.0029811184119009765,0.007018881588099024,14.037763176198048,0.0015310325306311936,0.0005812321563098485,8.422657905718829,0.025,0.0,-0.03,0.0,1.0,0.0,0.01
48,1.5999687846001316,49,0.03903093952509838,0.0,-0.03181386445136837,0.0018138644513683716,0.008186135548631629,16.37227109726326,-0.0018266987689867567,0.0006946124733633247,9.823362658357954,0.025,0.0,-0.03,0.0,1.0,0.0,0.01
48,1.5999687846001316,50,0.03945526963343937,0.0,-0.03063760944571593,0.0006376094457159302,0.00936239055428407,18.72478110856814,0.002167034978398875,0.0008412206047941161,11.234868665140885,0.025,0.0,-0.03,0.0,1.0,0.0,0.01
48,1.5999687846001316,51,0.03985992283553816,0.0,-0.029454594869284537,0.0005454051307154616,0.009454594869284539,18.909189738569076,0.0026287260632252333,0.0009116147309899651,11.345513843141445,0.025,0.0,-0.03,0.0,1.0,0.0,0.01
48,1.5999687846001316,52,0.04024892292423659,0.0,-0.02826593859630433,0.0017340614036956692,0.008265938596304331,16.53187719260866,-0.0031195184232013532,0.0011404318325701724,9.919126315565196,0.025,0.0,-0.03,0.0,1.0,0.0,0.01
48,1.5999687846001316,53,0.04062593695366863,0.0,-0.027073750999615016,0.0029262490003849825,0.007073750999615018,14.147501999230036,0.0037870874462743328,0.0012387018126282284,8.488501199538021,0.025,0.0,-0.03,0.0,1.0,0.0,0.01
48,1.5999687846001316,54,0.04099515617282237,0.0,-0.02587861409124713,0.00412138590875287,0.00587861409124713,11.757228182494261,-0.004495661119298082,0.0015939301798355333,7.0543369094965565,0.025,0.0,-0.03,0.0,1.0,0.0,0.01
48,1.5999687846001316,55,0.04136021668427474,0.0,-0.024682747857210217,0.0053172521427897815,0.004682747857210219,9.365495714420437,0.005449835971509706,0.0017664982475325039,5.619297428652262,0.025,0.0,-0.03,0.0,1.0,0.0,0.01
48,1.5999687846001316,56,0.0417254589989451,0.0,-0.023486248745072807,0.006513751254927192,0.003486248745072808,6.972497490145616,-0.006471355395913446,0.002309645268035186,4.183498494087369,0.025,0.0,-0.03,0.0,1.0,0.0,0.01
48,1.5999687846001316,57,0.0420943881054184,0.0,-0.02229173239393359,0.00770826760606641,0.00229173239393359,4.58346478786718,0.007821552290059933,0.0026346689616227994,2.750078872720308,0.025,0.0,-0.03,0.0,1.0,0.0,0.01
48,1.5999687846001316,58,0.042471514403235204,0.0,-0.021098815157055258,0.008901184842944741,0.001098815157055259,2.197630314110518,-0.00928083553067561,0.0034682277199638914,1.3185781884663106,0.025,0.0,-0.03,0.0,1.0,0.0,0.01
49,1.6333014676126345,0,0.0,0.0,-0.02,0.009999999999999998,1.734723475976807e-18,3.469446951953614e-15,0.0,0.0,2.0816681711721685e-15,0.025,0.0,-0.03,0.0,1.0,0.0,0.01
49,1.6333014676126345,36,0.03806637222682444,0.0,-0.02042825055794027,0.00957174944205973,0.0004282505579402702,0.8565011158805403,0.0015179796028840363,6.006726875892599e-06,0.5139006695283241,0.025,0.0,-0.03,0.0,1.0,0.0,0.01
49,1.6333014676126345,37,0.038036544652553565,0.0,-0.021674856132447184,0.008325143867552814,0.0016748561324471858,3.3497122648943716,-0.0018230337826359742,1.3324991362054483e-05,2.0098273589366227,0.025,0.0,-0.03,0.0,1.0,0.0,0.01
49,1.6333014676126345,38,0.038003895813458796,0.0,-0.022921434596554328,0.007078565403445671,0.002921434596554329,5.842869193108658,0.0021524949674238663,1.6546160071125832e-05,3.505721515865195,0.025,0.0,-0.03,0.0,1.0,0.0,0.01
49,1.6333014676126345,39,0.03797163470614532,0.0,-0.024167981625317005,0.005832018374682994,0.004167981625317006,8.335963250634013,-0.0025014122747369877,1.489491049887419e-05,5.001577950380407,0.025,0.0,-0.03,0.0,1.0,0.0,0.01
49,1.6333014676126345,40,0.03794296845591793,0.0,-0.025414648636459477,0.004585351363540522,0.005414648636459478,10.829297272918957,0.0028821146942896976,4.844780638593743e-06,6.497578363751374,0.025,0.0,-0.03,0.0,1.0,0.0,0.01
49,1.6333014676126345,41,0.03792109950718549,0.0,-0.026661374585382425,0.0033386254146175742,0.006661374585382426,13.322749170764851,-0.0032897316876438153,1.2911340690075285e-05,7.9936495024589105,0.025,0.0,-0.03,0.0,1.0,0.0,0.01
49,1.6333014676126345,42,0.03790915480210994,0.0,-0.027908258882185382,0.002091741117814617,0.007908258882185383,15.816517764370767,0.0036752819524604897,4.4057711034470575e-05,9.48991065862246,0.025,0.0,-0.03,0.0,1.0,0.0,0.01
49,1.6333014676126345,43,0.03790997907264963,0.0,-0.02915509882275457,0.0008449011772454287,0.009155098822754571,18.31019764550914,-0.004085533470628798,0.00010651218957476878,10.986118587305485,0.025,0.0,-0.03,0.0,1.0,0.0,0.01
49,1.6333014676126345,44,0.037926579707248664,0.0,-0.03040182969247731,0.000401829692477311,0.00959817030752269,19.19634061504538,-0.004529840163000097,0.0001762123487664719,11.517804369027226,0.025,0.0,-0.03,0.0,1.0,0.0,0.01
49,1.6333014676126345,45,0.03796259257215522,0.0,-0.03164801518006979,0.0016480151800697881,0.008351984819930212,16.703969639860425,0.005003672609324581,0.00027910694064401634,10.022381783916254,0.025,0.0,-0.03,0.0,1.0,0.0,0.01
49,1.6333014676126345,46,0.038021742923872164,0.0,-0.03289328053640444,0.0028932805364044398,0.0071067194635955604,14.21343892719112,-0.005625783150626035,0.00020226192489981293,8.528063356314671,0.025,0.0,-0.03,0.0,1.0,0.0,0.01
49,1.6333014676126345,47,0.038108757967094016,0.0,-0.034137562970423495,0.004137562970423496,0.005862437029576504,11.72487405915301,0.0061998168488657515,0.0011844565015307808,7.0349244354918055,0.025,0.0,-0.03,0.0,1.0,0.0,0.01
49,1.6333014676126345,48,0.03858322054782063,0.0,-0.03298106658453823,0.002981066584538228,0.007018933415461772,14.037866830923544,-0.007445388633481076,0.00294342619425538,8.422720098554127,0.025,0.0,-0.03,0.0,1.0,0.0,0.01
49,1.6333014676126345,49,0.039030694041844914,0.0,-0.031813602640194165,0.001813602640194166,0.008186397359805834,16.37279471961167,0.009388499322684913,0.0036935692945819997,9.823676831767001,0.025,0.0,-0.03,0.0,1.0,0.0,0.01
49,1.6333014676126345,50,0.03945476326851522,0.0,-0.030637446899835764,0.0006374468998357648,0.009362553100164235,18.725106200328472,-0.01171114682381815,0.00438227079253894,11.235063720197083,0.025,0.0,-0.03,0.0,1.0,0.0,0.01
49,1.6333014676126345,51,0.03985929666966879,0.0,-0.0294541499247685,0.0005458500752314986,0.009454149924768502,18.908299849537002,-0.014426399202532683,0.005176994982384774,11.3449799097222,0.025,0.0,-0.03,0.0,1.0,0.0,0.01
49,1.6333014676126345,52,0.04024800456176833,0.0,-0.02826569010765621,0.001734309892343789,0.008265690107656211,16.53138021531242,0.017647192702391644,0.0060955033820373665,9.918828129187451,0.025,0.0,-0.03,0.0,1.0,0.0,0.01
49,1.6333014676126345,53,0.04062492652121667,0.0,-0.02707311560444072,0.0029268843955592774,0.007073115604440723,14.146231208881446,-0.02145132563057072,0.007242582692209281,8.487738725328867,0.025,0.0,-0.03,0.0,1.0,0.0,0.01
49,1.6333014676126345,54,0.040993812311632946,0.0,-0.0258783061831301,0.004121693816869897,0.005878306183130103,11.756612366260207,0.025998771355515364,0.008622412691518953,7.053967419756124,0.025,0.0,-0.03,0.0,1.0,0.0,0.01
49,1.6333014676126345,55,0.04135882530705754,0.0,-0.024681901993357413,0.005318098006642586,0.004681901993357414,9.363803986714828,-0.03139968583272621,0.01039985396307895,5.618282392028896,0.025,0.0,-0.03,0.0,1.0,0.0,0.01
49,1.6333014676126345,56,0.04172367345232207,0.0,-0.023485912174944012,0.006514087825055987,0.003485912174944013,6.971824349888026,0.03786451579414906,0.012597141849032704,4.183094609932815,0.025,0.0,-0.03,0.0,1.0,0.0,0.01
49,1.6333014676126345,57,0.04209262836187431,0.0,-0.022290640252693235,0.007709359747306764,0.002290640252693236,4.581280505386473,-0.04554655526562331,0.015464323318723137,2.7487683032318837,0.025,0.0,-0.03,0.0,1.0,0.0,0.01
49,1.6333014676126345,58,0.04246926477395849,0.0,-0.021098487829295232,0.008901512170704767,0.0010984878292952336,2.196975658590467,0.05471211344559033,0.019071496781209545,1.3181853951542803,0.025,0.0,-0.03,0.0,1.0,0.0,0.01
50,1.6666341506251372,0,0.0,0.0,-0.02,0.009999999999999998,1.734723475976807e-18,3.469446951953614e-15,0.0,0.0,2.0816681711721685e-15,0.025,0.0,-0.03,0.0,1.0,0.0,0.01
50,1.6666341506251372,36,0.038066374852297316,0.0,-0.020428212034537648,0.00957178796546235,0.0004282120345376495,0.856424069075299,-0.002369901316615084,1.0769446324492027e-05,0.5138544414451793,0.025,0.0,-0.03,0.0,1.0,0.0,0.01
50,1.6666341506251372,37,0.038036547439690746,0.0,-0.021674837048337524,0.008325162951662475,0.0016748370483375252,3.3496740966750504,0.0028516691347994553,2.2876940391374843e-05,2.0098044580050303,0.025,0.0,-0.03,0.0,1.0,0.0,0.01
50,1.6666341506251372,38,0.038003898707895264,0.0,-0.02292139229961543,0.00707860770038457,0.0029213922996154298,5.84278459923086,-0.0033626976407655717,2.8678789158236855e-05,3.5056707595385155,0.025,0.0,-0.03,0.0,1.0,0.0,0.01
50,1.6666341506251372,39,0.03797163674530494,0.0,-0.024167966422010828,0.005832033577989171,0.0041679664220108294,8.33593284402166,0.003913273209786431,2.6895321625064633e-05,5.001559706412995,0.025,0.0,-0.03,0.0,1.0,0.0,0.01
50,1.6666341506251372,40,0.0379429695074589,0.0,-0.025414601966291608,0.004585398033708391,0.005414601966291609,10.829203932583217,-0.004504745180641532,1.0830910246260114e-05,6.49752235954993,0.025,0.0,-0.03,0.0,1.0,0.0,0.01
50,1.6666341506251372,41,0.03792109884183121,0.0,-0.026661363882198957,0.0033386361178010422,0.006661363882198958,13.322727764397916,0.005147622522316559,2.742842223942621e-05,7.993636658638749,0.025,0.0,-0.03,0.0,1.0,0.0,0.01
50,1.6666341506251372,42,0.037909151328971054,0.0,-0.027908211033538362,0.002091788966461637,0.007908211033538363,15.816422067076726,-0.005388036738321171,5.7841672685862366e-05,9.489853240246035,0.025,0.0,-0.03,0.0,1.0,0.0,0.01
50,1.6666341506251372,43,0.03790997277631527,0.0,-0.02915508531851233,0.0008449146814876705,0.00915508531851233,18.310170637024658,0.005647599822926108,0.00013995483140144012,10.986102382214794,0.025,0.0,-0.03,0.0,1.0,0.0,0.01
50,1.6666341506251372,44,0.03792656832779731,0.0,-0.030401784913894243,0.0004017849138942438,0.009598215086105756,19.196430172211514,0.005921443302114409,0.0002210802482880201,11.517858103326908,0.025,0.0,-0.03,0.0,1.0,0.0,0.01
50,1.6666341506251372,45,0.03796257729545278,0.0,-0.03164799871030075,0.0016479987103007535,0.008352001289699247,16.704002579398495,-0.006220913331356277,0.0003580546699514627,10.022401547639097,0.025,0.0,-0.03,0.0,1.0,0.0,0.01
50,1.6666341506251372,46,0.038021719797754226,0.0,-0.032893234684030985,0.002893234684030986,0.007106765315969014,14.213530631938028,0.007152111533575196,0.0002784391064591738,8.528118379162816,0.025,0.0,-0.03,0.0,1.0,0.0,0.01
50,1.6666341506251372,47,0.03810872473431253,0.0,-0.034137553685924776,0.0041375536859247775,0.005862446314075223,11.724892628150446,-0.008017317729853618,0.001550563059620788,7.034935576890267,0.025,0.0,-0.03,0.0,1.0,0.0,0.01
50,1.6666341506251372,48,0.03858327368024634,0.0,-0.032981043310405474,0.002981043310405475,0.007018956689594525,14.037913379189051,0.009760423680101639,0.0038869085814193073,8.42274802751343,0.025,0.0,-0.03,0.0,1.0,0.0,0.01
50,1.6666341506251372,49,0.039030798195938965,0.0,-0.031813665231155926,0.0018136652311559268,0.008186334768844073,16.372669537688147,-0.012421994583222492,0.004900074601652176,9.823601722612887,0.025,0.0,-0.03,0.0,1.0,0.0,0.01
50,1.6666341506251372,50,0.039454970974161355,0.0,-0.03063746372282668,0.0006374637228266818,0.009362536277173318,18.725072554346635,0.015583556734484718,0.005821852691920554,11.23504353260798,0.025,0.0,-0.03,0.0,1.0,0.0,0.01
50,1.6666341506251372,51,0.039859547581769565,0.0,-0.02945428610854257,0.0005457138914574285,0.009454286108542572,18.908572217085144,0.019259822098467803,0.0069189109985168815,11.345143330251085,0.025,0.0,-0.03,0.0,1.0,0.0,0.01
50,1.6666341506251372,52,0.04024837423380319,0.0,-0.02826573774318135,0.00173426225681865,0.00826573774318135,16.5314754863627,-0.023623883368282163,0.00813360563193673,9.91888529181762,0.025,0.0,-0.03,0.0,1.0,0.0,0.01
50,1.6666341506251372,53,0.04062532875422111,0.0,-0.02707333011089833,0.0029266698891016706,0.00707333011089833,14.14666022179666,0.02875360996565296,0.009710677177520622,8.487996133077996,0.025,0.0,-0.03,0.0,1.0,0.0,0.01
50,1.6666341506251372,54,0.040994353705341706,0.0,-0.025878374649718212,0.0041216253502817865,0.005878374649718214,11.756749299436427,-0.03490306480424866,0.011525587919114493,7.054049579661856,0.025,0.0,-0.03,0.0,1.0,0.0,0.01
50,1.6666341506251372,55,0.041359382289593634,0.0,-0.024682205415996507,0.005317794584003492,0.004682205415996508,9.364410831993016,0.04217424877718643,0.013957585247036148,5.618646499195809,0.025,0.0,-0.03,0.0,1.0,0.0,0.01
50,1.6666341506251372,56,0.041724399400709544,0.0,-0.023485989797812495,0.0065140102021875035,0.0034859897978124967,6.971979595624993,-0.05091009694365749,0.016851312001453057,4.183187757374996,0.025,0.0,-0.03,0.0,1.0,0.0,0.01
50,1.6666341506251372,57,0.04209334131381792,0.0,-0.022291050552562062,0.007708949447437937,0.002291050552562063,4.582101105124126,0.061249171579609483,0.020756492817535544,2.7492606630744754,0.025,0.0,-0.03,0.0,1.0,0.0,0.01
50,1.6666341506251372,58,0.04247019270570521,0.0,-0.021098560135334368,0.008901439864665631,0.0010985601353343689,2.1971202706687376,-0.07363493150157986,0.025524935905021206,1.3182721624012426,0.025,0.0,-0.03,0.0,1.0,0.0,0.01
51,1.69996683363764,0,0.0,0.0,-0.02,0.009999999999999998,1.734723475976807e-18,3.469446951953614e-15,0.0,0.0,2.0816681711721685e-15,0.025,0.0,-0.03,0.0,1.0,0.0,0.01
51,1.69996683363764,36,0.038066391335045247,0.0,-0.020428206637620638,0.009571793362379361,0.000428206637620639,0.856413275241278,0.002119604077710563,1.130497304456724e-05,0.5138479651447667,0.025,0.0,-0.03,0.0,1.0,0.0,0.01
51,1.69996683363764,37,0.03803656281326008,0.0,-0.021674835848600194,0.008325164151399805,0.0016748358486001948,3.3496716972003897,-0.002550438816805882,2.093817971398376e-05,2.0098030183202336,0.025,0.0,-0.03,0.0,1.0,0.0,0.01
51,1.69996683363764,38,0.038003911704181804,0.0,-0.022921385885947252,0.007078614114052747,0.0029213858859472534,5.8427717718945065,0.003008219356719744,2.807341286377582e-05,3.5056630631367036,0.025,0.0,-0.03,0.0,1.0,0.0,0.01
51,1.69996683363764,39,0.0379716458453653,0.0,-0.0241679658116087,0.005832034188391299,0.004167965811608701,8.335931623217403,-0.0035007435444914786,2.5802205966926848e-05,5.001558973930442,0.025,0.0,-0.03,0.0,1.0,0.0,0.01
51,1.69996683363764,40,0.037942972996846694,0.0,-0.025414594299826006,0.004585405700173992,0.005414594299826008,10.829188599652015,0.004030753097505175,1.1906773610207865e-05,6.497513159791209,0.025,0.0,-0.03,0.0,1.0,0.0,0.01
51,1.69996683363764,41,0.03792109480285545,0.0,-0.026661363928344475,0.0033386360716555243,0.006661363928344476,13.322727856688951,-0.0046061645763850224,2.874965151231153e-05,7.993636714013371,0.025,0.0,-0.03,0.0,1.0,0.0,0.01
51,1.69996683363764,42,0.03790913749363957,0.0,-0.027908200194147244,0.0020917998058527544,0.007908200194147246,15.816400388294491,0.004601856038808414,4.5666585642913355e-05,9.489840232976695,0.025,0.0,-0.03,0.0,1.0,0.0,0.01
51,1.69996683363764,43,0.03790994713610801,0.0,-0.02915509024318974,0.0008449097568102582,0.009155090243189742,18.310180486379483,-0.004596361714006432,0.00010743283597252381,10.986108291827689,0.025,0.0,-0.03,0.0,1.0,0.0,0.01
51,1.69996683363764,44,0.037926527008819606,0.0,-0.030401769034140328,0.0004017690341403292,0.009598230965859671,19.19646193171934,-0.00458605080995723,0.0001665521940591442,11.517877159031604,0.025,0.0,-0.03,0.0,1.0,0.0,0.01
51,1.69996683363764,45,0.037962519531862735,0.0,-0.031648010228449104,0.0016480102284491052,0.008351989771550895,16.70397954310179,0.004579774898590287,0.0002689176963035025,10.022387725861075,0.025,0.0,-0.03,0.0,1.0,0.0,0.01
51,1.69996683363764,46,0.038021640376067596,0.0,-0.03289321653177361,0.0028932165317736083,0.007106783468226392,14.213566936452784,-0.005390515663794392,0.00023018213603505098,8.52814016187167,0.025,0.0,-0.03,0.0,1.0,0.0,0.01
51,1.69996683363764,47,0.03810861998660633,0.0,-0.03413757012033739,0.004137570120337393,0.005862429879662607,11.724859759325215,0.006142033505826976,0.0012083623996710568,7.034915855595129,0.025,0.0,-0.03,0.0,1.0,0.0,0.01
51,1.69996683363764,48,0.03858337787462062,0.0,-0.03298110627513367,0.00298110627513367,0.00701889372486633,14.03778744973266,-0.007574136512158896,0.003045515490228481,8.422672469839595,0.025,0.0,-0.03,0.0,1.0,0.0,0.01
51,1.69996683363764,49,0.03903108741816623,0.0,-0.031813850431046516,0.0018138504310465167,0.008186149568953483,16.372299137906968,0.009736499357001127,0.0038300606218417146,9.82337948274418,0.025,0.0,-0.03,0.0,1.0,0.0,0.01
51,1.69996683363764,50,0.0394554859306947,0.0,-0.030637671036784917,0.0006376710367849182,0.009362328963215082,18.724657926430165,-0.012255874298452218,0.00460871569572153,11.234794755858099,0.025,0.0,-0.03,0.0,1.0,0.0,0.01
51,1.69996683363764,51,0.03986024703473904,0.0,-0.02945463138531612,0.0005453686146838777,0.009454631385316123,18.909262770632246,-0.015225918689319592,0.005428009434298871,11.345557662379347,0.025,0.0,-0.03,0.0,1.0,0.0,0.01
51,1.69996683363764,52,0.04024931306426398,0.0,-0.028266074131200053,0.001733925868799946,0.008266074131200054,16.53214826240011,0.018679728963346486,0.00647795331452619,9.919288957440065,0.025,0.0,-0.03,0.0,1.0,0.0,0.01
51,1.69996683363764,53,0.040626448591855026,0.0,-0.027073831885237674,0.0029261681147623245,0.007073831885237676,14.14766377047535,-0.02281423601009378,0.007632602846138817,8.48859826228521,0.025,0.0,-0.03,0.0,1.0,0.0,0.01
51,1.69996683363764,54,0.04099572936705857,0.0,-0.025878828357674483,0.0041211716423255156,0.005878828357674485,11.75765671534897,0.02767121060891657,0.009196859024927603,7.054594029209382,0.025,0.0,-0.03,0.0,1.0,0.0,0.01
51,1.69996683363764,55,0.04136093004833496,0.0,-0.024682867790208524,0.005317132209791475,0.004682867790208526,9.365735580417052,-0.0335201340390323,0.010984131301096203,5.6194413482502314,0.025,0.0,-0.03,0.0,1.0,0.0,0.01
51,1.69996683363764,56,0.04172622518370707,0.0,-0.023486552137051298,0.006513447862948701,0.0034865521370512995,6.9731042741025995,0.04042151628126773,0.013444472671837989,4.18386256446156,0.025,0.0,-0.03,0.0,1.0,0.0,0.01
51,1.69996683363764,57,0.04209532140424052,0.0,-0.022291886540349592,0.007708113459650407,0.002291886540349593,4.583773080699186,-0.04872588446921187,0.016354709697940704,2.7502638484195114,0.025,0.0,-0.03,0.0,1.0,0.0,0.01
51,1.69996683363764,58,0.04247248331204074,0.0,-0.0210992249968695,0.008900775003130499,0.0010992249968695012,2.1984499937390023,0.058523117377846254,0.020344702629295247,1.3190699962434014,0.025,0.0,-0.03,0.0,1.0,0.0,0.01
52,1.7332995166501426,0,0.0,0.0,-0.02,0.009999999999999998,1.734723475976807e-18,3.469446951953614e-15,0.0,0.0,2.0816681711721685e-15,0.025,0.0,-0.03,0.0,1.0,0.0,0.01
52,1.7332995166501426,36,0.03806640369892964,0.0,-0.020428237447376776,0.009571762552623223,0.0004282374473767777,0.8564748947535554,-0.0009213847738006408,5.389801814752673e-06,0.5138849368521332,0.025,0.0,-0.03,0.0,1.0,0.0,0.01
52,1.7332995166501426,37,0.03803657414717436,0.0,-0.021674841449232495,0.008325158550767504,0.0016748414492324965,3.349682898464993,0.0011071399129007312,1.0814340985182244e-05,2.009809739078996,0.025,0.0,-0.03,0.0,1.0,0.0,0.01
52,1.7332995166501426,38,0.03800392082465127,0.0,-0.02292142134248419,0.007078578657515808,0.0029214213424841925,5.842842684968385,-0.001308091172740282,1.3774480830413338e-05,3.505705610981031,0.025,0.0,-0.03,0.0,1.0,0.0,0.01
52,1.7332995166501426,39,0.037971652300198326,0.0,-0.02416796613056647,0.005832033869433529,0.004167966130566471,8.335932261132943,0.0015208515744507807,1.3774863621751163e-05,5.001559356679765,0.025,0.0,-0.03,0.0,1.0,0.0,0.01
52,1.7332995166501426,40,0.03794297531676232,0.0,-0.025414635046959826,0.004585364953040173,0.005414635046959828,10.829270093919655,-0.001753456708917985,7.2667727447577055e-06,6.497562056351793,0.025,0.0,-0.03,0.0,1.0,0.0,0.01
52,1.7332995166501426,41,0.03792109189123921,0.0,-0.026661358100309014,0.0033386418996909847,0.0066613581003090155,13.32271620061803,0.0020026452912719917,1.735591525520139e-05,7.9936297203708175,0.025,0.0,-0.03,0.0,1.0,0.0,0.01
52,1.7332995166501426,42,0.037909128473205635,0.0,-0.027908246188061942,0.0020917538119380567,0.007908246188061943,15.816492376123888,-0.0017664990391166755,1.231244573792288e-05,9.489895425674332,0.025,0.0,-0.03,0.0,1.0,0.0,0.01
52,1.7332995166501426,43,0.03790992895877941,0.0,-0.029155079566868684,0.0008449204331313145,0.009155079566868686,18.310159133737372,0.0015077258496294856,2.9646140809731636e-05,10.986095480242422,0.025,0.0,-0.03,0.0,1.0,0.0,0.01
52,1.7332995166501426,44,0.037926501091921895,0.0,-0.030401820396410865,0.0004018203964108666,0.009598179603589134,19.19635920717827,0.0012304320691049358,3.5836640196294266e-05,11.517815524306961,0.025,0.0,-0.03,0.0,1.0,0.0,0.01
52,1.7332995166501426,45,0.03796247893903892,0.0,-0.031647994558112395,0.0016479945581123964,0.008352005441887604,16.704010883775208,-0.0009320574197977877,6.622639397118781e-05,10.022406530265124,0.025,0.0,-0.03,0.0,1.0,0.0,0.01
52,1.7332995166501426,46,0.038021590137691984,0.0,-0.03289327645245307,0.0028932764524530682,0.007106723547546932,14.213447095093864,0.0012620216751008907,7.392755126102821e-05,8.528068257056319,0.025,0.0,-0.03,0.0,1.0,0.0,0.01
52,1.7332995166501426,47,0.038108562309419225,0.0,-0.034137547455032474,0.004137547455032475,0.005862452544967525,11.72490508993505,-0.0015628650611224937,0.0003248540937934703,7.03494305396103,0.025,0.0,-0.03,0.0,1.0,0.0,0.01
52,1.7332995166501426,48,0.038583408748701795,0.0,-0.032981230041781044,0.0029812300417810453,0.007018769958218955,14.03753991643791,0.0020558297915493264,0.0008516356462405653,8.422523949862745,0.025,0.0,-0.03,0.0,1.0,0.0,0.01
52,1.7332995166501426,49,0.03903128592871742,0.0,-0.03181390087824827,0.001813900878248273,0.008186099121751727,16.372198243503455,-0.002740702339564124,0.0010895108539439485,9.823318946102072,0.025,0.0,-0.03,0.0,1.0,0.0,0.01
52,1.7332995166501426,50,0.039455748504264226,0.0,-0.030637917338774558,0.0006379173387745588,0.009362082661225441,18.724165322450883,0.0035339782051528675,0.0013196765592892695,11.23449919347053,0.025,0.0,-0.03,0.0,1.0,0.0,0.01
52,1.7332995166501426,51,0.03986070163811425,0.0,-0.029454733426774026,0.0005452665732259727,0.009454733426774027,18.909466853548054,0.004440636827779808,0.0015892394820481617,11.345680112128832,0.025,0.0,-0.03,0.0,1.0,0.0,0.01
52,1.7332995166501426,52,0.04024981152248058,0.0,-0.0282664479266486,0.0017335520733513972,0.008266447926648603,16.532895853297205,-0.005509396726728785,0.0018862874672086144,9.919737511978322,0.025,0.0,-0.03,0.0,1.0,0.0,0.01
52,1.7332995166501426,53,0.04062716869328189,0.0,-0.02707396569068348,0.002926034309316518,0.007073965690683482,14.147931381366964,0.0067562554774214375,0.002262023795015803,8.488758828820178,0.025,0.0,-0.03,0.0,1.0,0.0,0.01
52,1.7332995166501426,54,0.04099646225416596,0.0,-0.025879342879657107,0.004120657120342892,0.0058793428796571085,11.758685759314217,-0.008246314870911762,0.002695630934850477,7.0552114555885295,0.025,0.0,-0.03,0.0,1.0,0.0,0.01
52,1.7332995166501426,55,0.04136192704212346,0.0,-0.02468300980557193,0.005316990194428068,0.004683009805571932,9.366019611143864,0.010003254056737278,0.0032671505821248855,5.619611766686318,0.025,0.0,-0.03,0.0,1.0,0.0,0.01
52,1.7332995166501426,56,0.0417271849027051,0.0,-0.023487231645754992,0.006512768354245007,0.0034872316457549932,6.974463291509987,-0.012111728754857946,0.003951853754397266,4.184677974905992,0.025,0.0,-0.03,0.0,1.0,0.0,0.01
52,1.7332995166501426,57,0.042096611010863996,0.0,-0.022292007229030582,0.007707992770969417,0.002292007229030583,4.584014458061167,0.01460752853232831,0.0048661824122545735,2.7504086748367,0.025,0.0,-0.03,0.0,1.0,0.0,0.01
52,1.7332995166501426,58,0.04247365317156658,0.0,-0.021100107559639262,0.008899892440360737,0.0011001075596392632,2.2002151192785266,-0.01759683802638616,0.005991459891846304,1.320129071567116,0.025,0.0,-0.03,0.0,1.0,0.0,0.01
53,1.7666321996626455,0,0.0,0.0,-0.02,0.009999999999999998,1.734723475976807e-18,3.469446951953614e-15,0.0,0.0,2.0816681711721685e-15,0.025,0.0,-0.03,0.0,1.0,0.0,0.01
53,1.7666321996626455,36,0.0380664026645916,0.0,-0.020428241994985552,0.009571758005014447,0.00042824199498555336,0.8564839899711068,-0.0006479011341281592,2.1834110840688e-06,0.513890393982664,0.025,0.0,-0.03,0.0,1.0,0.0,0.01
53,1.7666321996626455,37,0.038036572659210226,0.0,-0.021674879823385732,0.008325120176614267,0.0016748798233857335,3.349759646771467,0.0007779547128082888,4.287696028351601e-06,2.0098557880628802,0.025,0.0,-0.03,0.0,1.0,0.0,0.01
53,1.7666321996626455,38,0.038003919683019104,0.0,-0.02292141949880076,0.007078580501199239,0.002921419498800761,5.842838997601522,-0.0009180807776734916,5.808888090571952e-06,3.505703398560913,0.025,0.0,-0.03,0.0,1.0,0.0,0.01
53,1.7666321996626455,39,0.037971651078541564,0.0,-0.024168011427484388,0.005831988572515611,0.004168011427484389,8.336022854968778,0.001066649947347087,4.278843268213179e-06,5.001613712981267,0.025,0.0,-0.03,0.0,1.0,0.0,0.01
53,1.7666321996626455,40,0.03794297495127615,0.0,-0.025414625867831487,0.004585374132168512,0.005414625867831488,10.829251735662977,-0.0012283844261219165,3.98008724474444e-07,6.497551041397786,0.025,0.0,-0.03,0.0,1.0,0.0,0.01
53,1.7666321996626455,41,0.037921092598915185,0.0,-0.026661411456800954,0.0033385885431990447,0.0066614114568009555,13.322822913601911,0.001401622585303822,1.5278123494664128e-06,7.993693748161146,0.025,0.0,-0.03,0.0,1.0,0.0,0.01
53,1.7666321996626455,42,0.0379091299957667,0.0,-0.027908231697049937,0.0020917683029500617,0.007908231697049939,15.816463394099877,-0.001756961452463912,2.489098411812046e-05,9.489878036459926,0.025,0.0,-0.03,0.0,1.0,0.0,0.01
53,1.7666321996626455,43,0.037909933546160256,0.0,-0.029155135459612173,0.0008448645403878255,0.009155135459612175,18.31027091922435,0.002138236556505584,5.9099052040161756e-05,10.98616255153461,0.025,0.0,-0.03,0.0,1.0,0.0,0.01
53,1.7666321996626455,44,0.03792650576069221,0.0,-0.030401803196663458,0.000401803196663459,0.009598196803336541,19.196393606673084,0.00254983760322362,0.00010480112357497446,11.51783616400385,0.025,0.0,-0.03,0.0,1.0,0.0,0.01
53,1.7666321996626455,45,0.03796249013081635,0.0,-0.03164805318068135,0.0016480531806813484,0.008351946819318652,16.703893638637304,-0.0029900240043184635,0.00015976785891970457,10.022336183182382,0.025,0.0,-0.03,0.0,1.0,0.0,0.01
53,1.7666321996626455,46,0.038021600777295474,0.0,-0.03289325146738702,0.0028932514673870244,0.007106748532612976,14.213497065225951,0.003274547306617765,0.00010752176996780172,8.52809823913557,0.025,0.0,-0.03,0.0,1.0,0.0,0.01
53,1.7666321996626455,47,0.038108568872652474,0.0,-0.03413761710880812,0.0041376171088081184,0.005862382891191882,11.724765782383763,-0.003538921946861494,0.000668258977634318,7.034859469430257,0.025,0.0,-0.03,0.0,1.0,0.0,0.01
53,1.7666321996626455,48,0.03858340810367486,0.0,-0.03298117073913738,0.0029811707391373815,0.007018829260862619,14.037658521725238,0.004176021520169336,0.0016393313858623143,8.422595113035142,0.025,0.0,-0.03,0.0,1.0,0.0,0.01
53,1.7666321996626455,49,0.039031187584946066,0.0,-0.031813964655470324,0.001813964655470325,0.008186035344529675,16.37207068905935,-0.005211377908399347,0.0020410849174013913,9.82324241343561,0.025,0.0,-0.03,0.0,1.0,0.0,0.01
53,1.7666321996626455,50,0.03945567459185231,0.0,-0.030637788735013317,0.0006377887350133178,0.009362211264986682,18.724422529973364,0.006445903983852415,0.0024271536458056906,11.234653517984018,0.025,0.0,-0.03,0.0,1.0,0.0,0.01
53,1.7666321996626455,51,0.039860503189089354,0.0,-0.02945480920083528,0.000545190799164718,0.009454809200835282,18.909618401670564,0.00791649701415398,0.002830578171779867,11.345771041002338,0.025,0.0,-0.03,0.0,1.0,0.0,0.01
53,1.7666321996626455,52,0.04024966303885261,0.0,-0.028266238008945167,0.0017337619910548323,0.008266238008945168,16.532476017890335,-0.00963832050849154,0.0033601238888127743,9.9194856107342,0.025,0.0,-0.03,0.0,1.0,0.0,0.01
53,1.7666321996626455,53,0.04062686138444231,0.0,-0.02707407154379583,0.0029259284562041694,0.007074071543795831,14.148143087591661,0.011708691483833949,0.00394184146913452,8.488885852554997,0.025,0.0,-0.03,0.0,1.0,0.0,0.01
53,1.7666321996626455,54,0.040996241915247436,0.0,-0.02587903187667434,0.004120968123325658,0.005879031876674342,11.758063753348685,-0.014147449783097538,0.004743019628543052,7.054838252009211,0.025,0.0,-0.03,0.0,1.0,0.0,0.01
53,1.7666321996626455,55,0.04136149735766929,0.0,-0.024683170515235164,0.0053168294847648345,0.004683170515235166,9.36634103047033,0.01708993462666698,0.00565347634344687,5.619804618282198,0.025,0.0,-0.03,0.0,1.0,0.0,0.01
53,1.7666321996626455,56,0.04172690033384832,0.0,-0.02348678896002593,0.006513211039974071,0.0034867889600259296,6.973577920051859,-0.02056354473115,0.006920155069372939,4.184146752031116,0.025,0.0,-0.03,0.0,1.0,0.0,0.01
53,1.7666321996626455,57,0.04209603800725025,0.0,-0.02229225700276514,0.007707742997234857,0.002292257002765143,4.584514005530286,0.024745120639054295,0.008408508497932466,2.7507084033181717,0.025,0.0,-0.03,0.0,1.0,0.0,0.01
53,1.7666321996626455,58,0.04247332044630413,0.0,-0.02109948842948128,0.008900511570518719,0.0010994884294812813,2.1989768589625625,-0.029674672162382166,0.010463347016325631,1.3193861153775375,0.025,0.0,-0.03,0.0,1.0,0.0,0.01
54,1.7999648826751482,0,0.0,0.0,-0.02,0.009999999999999998,1.734723475976807e-18,3.469446951953614e-15,0.0,0.0,2.0816681711721685e-15,0.025,0.0,-0.03,0.0,1.0,0.0,0.01
54,1.7999648826751482,36,0.03806639277690354,0.0,-0.020428257877996514,0.009571742122003485,0.00042825787799651537,0.8565157559930308,0.0018596646429721627,7.995463771584569e-06,0.5139094535958184,0.025,0.0,-0.03,0.0,1.0,0.0,0.01
54,1.7999648826751482,37,0.03803656360332982,0.0,-0.02167486894476207,0.008325131055237928,0.0016748689447620719,3.349737889524144,-0.0022361494177606128,1.728781156084111e-05,2.0098427337144864,0.025,0.0,-0.03,0.0,1.0,0.0,0.01
54,1.7999648826751482,38,0.03800391176615492,0.0,-0.0229214406116354,0.007078559388364599,0.002921440611635401,5.842881223270802,0.0026379218554161447,2.157811945652508e-05,3.505728733962481,0.025,0.0,-0.03,0.0,1.0,0.0,0.01
54,1.7999648826751482,39,0.037971645815014485,0.0,-0.024167995258393443,0.005832004741606556,0.0041679952583934445,8.33599051678689,-0.0030682347430034704,1.993644513019122e-05,5.001594310072133,0.025,0.0,-0.03,0.0,1.0,0.0,0.01
54,1.7999648826751482,40,0.03794297284028255,0.0,-0.02541465305139452,0.0045853469486054795,0.005414653051394521,10.829306102789042,0.003532923786413927,7.452490484396357e-06,6.497583661673425,0.025,0.0,-0.03,0.0,1.0,0.0,0.01
54,1.7999648826751482,41,0.0379210949287237,0.0,-0.026661389147827497,0.0033386108521725015,0.006661389147827499,13.322778295654997,-0.004035385410361619,1.911073293400595e-05,7.993666977392998,0.025,0.0,-0.03,0.0,1.0,0.0,0.01
54,1.7999648826751482,42,0.03790913861823121,0.0,-0.027908261950883435,0.0020917380491165642,0.007908261950883436,15.816523901766873,0.00434195304020908,4.891195682181953e-05,9.489914341060123,0.025,0.0,-0.03,0.0,1.0,0.0,0.01
54,1.7999648826751482,43,0.03790994871247527,0.0,-0.029155114034487627,0.0008448859655123715,0.009155114034487629,18.310228068975256,-0.004670452139507234,0.00011839221197431687,10.986136841385154,0.025,0.0,-0.03,0.0,1.0,0.0,0.01
54,1.7999648826751482,44,0.037926531435452236,0.0,-0.03040183233774849,0.00040183233774849017,0.00959816766225151,19.19633532450302,-0.0050223176482502505,0.00019103713405295398,11.517801194701812,0.025,0.0,-0.03,0.0,1.0,0.0,0.01
54,1.7999648826751482,45,0.03796252419146101,0.0,-0.0316480322345851,0.001648032234585102,0.008351967765414898,16.703935530829796,0.00540154304931418,0.00030630961747067073,10.022361318497877,0.025,0.0,-0.03,0.0,1.0,0.0,0.01
54,1.7999648826751482,46,0.03802164997121221,0.0,-0.03289328369995717,0.002893283699957172,0.007106716300042828,14.213432600085657,-0.006144768123378009,0.0002304618177800738,8.528059560051394,0.025,0.0,-0.03,0.0,1.0,0.0,0.01
54,1.7999648826751482,47,0.03810863715954765,0.0,-0.03413758545269184,0.0041375854526918415,0.005862414547308159,11.724829094616318,0.00683391106942092,0.0013148638097009654,7.034897456769791,0.025,0.0,-0.03,0.0,1.0,0.0,0.01
54,1.7999648826751482,48,0.03858333240056202,0.0,-0.032981163713598806,0.002981163713598807,0.007018836286401193,14.037672572802386,-0.008267422236605954,0.0032827173552017635,8.422603543681431,0.025,0.0,-0.03,0.0,1.0,0.0,0.01
54,1.7999648826751482,49,0.0390310268156823,0.0,-0.031813814618768546,0.0018138146187685472,0.008186185381231453,16.372370762462907,0.010477721369216661,0.004130500358012912,9.823422457477744,0.025,0.0,-0.03,0.0,1.0,0.0,0.01
54,1.7999648826751482,50,0.03945534245668447,0.0,-0.030637713793614026,0.0006377137936140267,0.009362286206385973,18.72457241277195,-0.013110797526702389,0.004903419862508525,11.234743447663169,0.025,0.0,-0.03,0.0,1.0,0.0,0.01
54,1.7999648826751482,51,0.03986009954019054,0.0,-0.02945453857821219,0.0005454614217878101,0.00945453857821219,18.90907715642438,-0.016179129773994477,0.005813455729370023,11.345446293854629,0.025,0.0,-0.03,0.0,1.0,0.0,0.01
54,1.7999648826751482,52,0.040249065152140856,0.0,-0.02826611145772248,0.0017338885422775174,0.008266111457722483,16.532222915444965,0.019821167664283674,0.006836763078512617,9.919333749266979,0.025,0.0,-0.03,0.0,1.0,0.0,0.01
54,1.7999648826751482,53,0.04062621109174119,0.0,-0.027073673922693064,0.002926326077306935,0.007073673922693065,14.14734784538613,-0.02410994482628647,0.008147611953341216,8.488408707231677,0.025,0.0,-0.03,0.0,1.0,0.0,0.01
54,1.7999648826751482,54,0.04099536693418545,0.0,-0.02587887142319042,0.0041211285768095775,0.005878871423190423,11.757742846380845,0.029246290022700412,0.009680158619328952,7.054645707828507,0.025,0.0,-0.03,0.0,1.0,0.0,0.01
54,1.7999648826751482,55,0.04136060045185437,0.0,-0.024682630509807294,0.005317369490192705,0.0046826305098072955,9.365261019614591,-0.03532953217866195,0.011705471197498528,5.619156611768754,0.025,0.0,-0.03,0.0,1.0,0.0,0.01
54,1.7999648826751482,56,0.041725733884941614,0.0,-0.023486615451421583,0.006513384548578416,0.0034866154514215843,6.973230902843168,0.042628048210774205,0.014148092702718485,4.183938541705901,0.025,0.0,-0.03,0.0,1.0,0.0,0.01
54,1.7999648826751482,57,0.042094900017684296,0.0,-0.022291547991113086,0.007708452008886913,0.002291547991113087,4.583095982226174,-0.051278867790818236,0.01740548330243587,2.7498575893357047,0.025,0.0,-0.03,0.0,1.0,0.0,0.01
54,1.7999648826751482,58,0.04247184263437002,0.0,-0.021099327839511545,0.008900672160488454,0.001099327839511546,2.198655679023092,0.06162568007051728,0.021424782156078546,1.3191934074138552,0.025,0.0,-0.03,0.0,1.0,0.0,0.01
55,1.833297565687651,0,0.0,0.0,-0.02,0.009999999999999998,1.734723475976807e-18,3.469446951953614e-15,0.0,0.0,2.0816681711721685e-15,0.025,0.0,-0.03,0.0,1.0,0.0,0.01
55,1.833297565687651,36,0.03806638523403318,0.0,-0.02042824358120166,0.00957175641879834,0.00042824358120165974,0.8564871624033195,-0.002180520256097809,1.0740693187881042e-05,0.5138922974419916,0.025,0.0,-0.03,0.0,1.0,0.0,0.01
55,1.833297565687651,37,0.038036556701383256,0.0,-0.021674862645513177,0.008325137354486822,0.0016748626455131786,3.349725291026357,0.0026235848695754516,2.120902621662982e-05,2.009835174615814,0.025,0.0,-0.03,0.0,1.0,0.0,0.01
55,1.833297565687651,38,0.038003906183004456,0.0,-0.022921424877459382,0.007078575122540617,0.0029214248774593835,5.842849754918767,-0.0030940281520119546,2.754861806795123e-05,3.50570985295126,0.025,0.0,-0.03,0.0,1.0,0.0,0.01
55,1.833297565687651,39,0.037971641900614986,0.0,-0.024167990693420707,0.005832009306579292,0.004167990693420708,8.335981386841416,0.0036004169016607547,2.5512432955598187e-05,5.00158883210485,0.025,0.0,-0.03,0.0,1.0,0.0,0.01
55,1.833297565687651,40,0.03794297147815608,0.0,-0.025414635693381475,0.004585364306618524,0.0054146356933814765,10.829271386762953,-0.004144953349518212,1.0998540721875184e-05,6.497562832057771,0.025,0.0,-0.03,0.0,1.0,0.0,0.01
55,1.833297565687651,41,0.03792109681078115,0.0,-0.02666138660966232,0.0033386133903376795,0.006661386609662321,13.322773219324642,0.004736356364765537,2.7145988045308488e-05,7.993663931594785,0.025,0.0,-0.03,0.0,1.0,0.0,0.01
55,1.833297565687651,42,0.0379091444381808,0.0,-0.027908245472978925,0.002091754527021074,0.007908245472978926,15.816490945957852,-0.004856870600554202,5.04782528742227e-05,9.48989456757471,0.025,0.0,-0.03,0.0,1.0,0.0,0.01
55,1.833297565687651,43,0.03790995962243888,0.0,-0.029155107842133494,0.0008448921578665045,0.009155107842133496,18.310215684266993,0.004986461069445865,0.00012049639268368087,10.986129410560196,0.025,0.0,-0.03,0.0,1.0,0.0,0.01
55,1.833297565687651,44,0.037926548320856776,0.0,-0.030401819707256666,0.0004018197072566676,0.009598180292743333,19.196360585486666,0.005121241594895253,0.0001892190412895131,11.517816351292,0.025,0.0,-0.03,0.0,1.0,0.0,0.01
55,1.833297565687651,45,0.03796254828620346,0.0,-0.03164802142942441,0.0016480214294244122,0.008351978570575588,16.703957141151175,-0.005270797389441375,0.0003055753502333845,10.022374284690704,0.025,0.0,-0.03,0.0,1.0,0.0,0.01
55,1.833297565687651,46,0.03802168191640682,0.0,-0.03289327140293417,0.002893271402934168,0.007106728597065832,14.213457194131664,0.0061171043725506725,0.00024777892378135733,8.528074316478998,0.025,0.0,-0.03,0.0,1.0,0.0,0.01
55,1.833297565687651,47,0.03810867770330342,0.0,-0.034137575773397655,0.004137575773397656,0.005862424226602344,11.724848453204688,-0.006902505638535339,0.0013447220715415921,7.0349090719228125,0.025,0.0,-0.03,0.0,1.0,0.0,0.01
55,1.833297565687651,48,0.03858330162582907,0.0,-0.032981117384128344,0.0029811173841283456,0.007018882615871655,14.03776523174331,0.008446935287425338,0.0033777443579069088,8.422659139045985,0.025,0.0,-0.03,0.0,1.0,0.0,0.01
55,1.833297565687651,49,0.039030917263014386,0.0,-0.031813748269806846,0.0018137482698068474,0.008186251730193153,16.372503460386305,-0.0107957318857299,0.004252234063470123,9.823502076231783,0.025,0.0,-0.03,0.0,1.0,0.0,0.01
55,1.833297565687651,50,0.03945516193599396,0.0,-0.030637606480970907,0.0006376064809709078,0.009362393519029092,18.724787038058185,0.013560366356112102,0.005082090472207904,11.23487222283491,0.025,0.0,-0.03,0.0,1.0,0.0,0.01
55,1.833297565687651,51,0.03985983579531545,0.0,-0.029454421721726555,0.0005455782782734439,0.009454421721726556,18.90884344345311,0.016797886801297606,0.0060120450344141405,11.345306066071867,0.025,0.0,-0.03,0.0,1.0,0.0,0.01
55,1.833297565687651,52,0.04024873128199366,0.0,-0.02826594647878059,0.0017340535212194072,0.008265946478780593,16.531892957561187,-0.020602505413852903,0.007118804683305317,9.919135774536711,0.025,0.0,-0.03,0.0,1.0,0.0,0.01
55,1.833297565687651,53,0.040625789502095076,0.0,-0.027073511399390356,0.0029264886006096433,0.007073511399390357,14.147022798780714,0.025115959266568146,0.008443860027388853,8.488213679268428,0.025,0.0,-0.03,0.0,1.0,0.0,0.01
55,1.833297565687651,54,0.0409948774554723,0.0,-0.025878649585563105,0.004121350414436894,0.005878649585563106,11.757299171126213,-0.030472455125308738,0.010095584824145175,7.054379502675728,0.025,0.0,-0.03,0.0,1.0,0.0,0.01
55,1.833297565687651,55,0.04136001803013474,0.0,-0.024682426065922154,0.005317573934077845,0.004682426065922155,9.36485213184431,0.03686480313930994,0.012143077149133687,5.6189112791065865,0.025,0.0,-0.03,0.0,1.0,0.0,0.01
55,1.833297565687651,56,0.041725087986766385,0.0,-0.02348633470643212,0.00651366529356788,0.00348633470643212,6.97266941286424,-0.04447513318159029,0.014758663659581535,4.183601647718544,0.025,0.0,-0.03,0.0,1.0,0.0,0.01
55,1.833297565687651,57,0.042094154104872925,0.0,-0.02229130443346469,0.00770869556653531,0.0022913044334646904,4.582608866929381,0.053558739397758445,0.01806857247031773,2.7495653201576284,0.025,0.0,-0.03,0.0,1.0,0.0,0.01
55,1.833297565687651,58,0.04247104122911657,0.0,-0.021098982893096547,0.008901017106903452,0.0010989828930965482,2.1979657861930963,-0.06435468882703996,0.02234389497658871,1.3187794717158579,0.025,0.0,-0.03,0.0,1.0,0.0,0.01
56,1.8666302487001536,0,0.0,0.0,-0.02,0.009999999999999998,1.734723475976807e-18,3.469446951953614e-15,0.0,0.0,2.0816681711721685e-15,0.025,0.0,-0.03,0.0,1.0,0.0,0.01
56,1.8666302487001536,36,0.03806638589817488,0.0,-0.02042822588198486,0.009571774118015138,0.0004282258819848627,0.8564517639697254,0.001502158186343697,8.179806357189685e-06,0.5138710583818352,0.025,0.0,-0.03,0.0,1.0,0.0,0.01
56,1.8666302487001536,37,0.03803655743420587,0.0,-0.021674858673528752,0.008325141326471247,0.0016748586735287532,3.3497173470575063,-0.001806523493384472,1.5666422257220097e-05,2.0098304082345035,0.025,0.0,-0.03,0.0,1.0,0.0,0.01
56,1.8666302487001536,38,0.03800390703370043,0.0,-0.022921404550570925,0.007078595449429074,0.0029214045505709264,5.842809101141853,0.0021318219683667096,2.057385065132156e-05,3.5056854606851116,0.025,0.0,-0.03,0.0,1.0,0.0,0.01
56,1.8666302487001536,39,0.03797164247989252,0.0,-0.024167989480275525,0.005832010519724474,0.004167989480275526,8.335978960551053,-0.002479955159566646,1.9476621750387877e-05,5.001587376330631,0.025,0.0,-0.03,0.0,1.0,0.0,0.01
56,1.8666302487001536,40,0.03794297178872216,0.0,-0.025414612336798034,0.004585387663201965,0.005414612336798035,10.82922467359607,0.002856509805599864,9.378656511310465e-06,6.497534804157642,0.025,0.0,-0.03,0.0,1.0,0.0,0.01
56,1.8666302487001536,41,0.037921096605417495,0.0,-0.026661388594586357,0.003338611405413642,0.006661388594586358,13.322777189172717,-0.003263517113598881,2.262746380608914e-05,7.993666313503629,0.025,0.0,-0.03,0.0,1.0,0.0,0.01
56,1.8666302487001536,42,0.03790914322193675,0.0,-0.027908218123299376,0.0020917818767006227,0.007908218123299377,15.816436246598755,0.003152831697105018,2.8868688804780854e-05,9.489861747959253,0.025,0.0,-0.03,0.0,1.0,0.0,0.01
56,1.8666302487001536,43,0.03790995806617236,0.0,-0.029155114543630574,0.000844885456369425,0.009155114543630575,18.31022908726115,-0.003030875486568025,6.836278018015048e-05,10.986137452356688,0.025,0.0,-0.03,0.0,1.0,0.0,0.01
56,1.8666302487001536,44,0.03792654411585072,0.0,-0.030401787291730358,0.0004017872917303593,0.009598212708269641,19.19642541653928,-0.0028982144473997783,0.00010109785234189327,11.517855249923569,0.025,0.0,-0.03,0.0,1.0,0.0,0.01
56,1.8666302487001536,45,0.03796254455944625,0.0,-0.03164803367660281,0.0016480336766028086,0.008351966323397192,16.70393264679438,0.0027576415827707352,0.00016739946410035465,10.022359588076629,0.025,0.0,-0.03,0.0,1.0,0.0,0.01
56,1.8666302487001536,46,0.038021674015960086,0.0,-0.03289323370146655,0.0028932337014665535,0.007106766298533447,14.213532597066893,-0.003321627485630092,0.00015089605924646857,8.528119558240135,0.025,0.0,-0.03,0.0,1.0,0.0,0.01
56,1.8666302487001536,47,0.03810866301196494,0.0,-0.03413759338099553,0.004137593380995529,0.0058624066190044715,11.724813238008943,0.0038417099807564604,0.0007632358234527931,7.034887942805366,0.025,0.0,-0.03,0.0,1.0,0.0,0.01
56,1.8666302487001536,48,0.03858332976242049,0.0,-0.03298108189390133,0.0029810818939013314,0.007018918106098669,14.037836212197337,-0.004796679735506918,0.0019393223979370469,8.422701727318403,0.025,0.0,-0.03,0.0,1.0,0.0,0.01
56,1.8666302487001536,49,0.039030939340446956,0.0,-0.031813799595267124,0.0018137995952671251,0.008186200404732875,16.37240080946575,0.006209927095516667,0.0024481920965446977,9.823440485679448,0.025,0.0,-0.03,0.0,1.0,0.0,0.01
56,1.8666302487001536,50,0.03945524583775285,0.0,-0.030637570442636868,0.0006375704426368686,0.009362429557363132,18.724859114726264,-0.007856494404772905,0.0029477315522046235,11.234915468835759,0.025,0.0,-0.03,0.0,1.0,0.0,0.01
56,1.8666302487001536,51,0.0398599014658092,0.0,-0.029454513798622142,0.0005454862013778566,0.009454513798622144,18.909027597244286,-0.009781599619650642,0.003490775031295861,11.345416558346571,0.025,0.0,-0.03,0.0,1.0,0.0,0.01
56,1.8666302487001536,52,0.040248874351406574,0.0,-0.028265901143353818,0.001734098856646181,0.00826590114335382,16.531802286707638,0.01203073076914734,0.004156954895089676,9.919081372024582,0.025,0.0,-0.03,0.0,1.0,0.0,0.01
56,1.8666302487001536,53,0.040625898395700175,0.0,-0.02707365253152306,0.0029263474684769405,0.00707365253152306,14.147305063046119,-0.014703563384464413,0.004921240374889769,8.48838303782767,0.025,0.0,-0.03,0.0,1.0,0.0,0.01
56,1.8666302487001536,54,0.04099508584882728,0.0,-0.02587858360820987,0.004121416391790127,0.005878583608209873,11.757167216419745,0.017860688504843746,0.005909590190658194,7.054300329851847,0.025,0.0,-0.03,0.0,1.0,0.0,0.01
56,1.8666302487001536,55,0.04136016774892936,0.0,-0.02468262956524674,0.0053173704347532595,0.004682629565246741,9.365259130493481,-0.021638933123555346,0.007087396578300418,5.619155478296088,0.025,0.0,-0.03,0.0,1.0,0.0,0.01
56,1.8666302487001536,56,0.04172537104893495,0.0,-0.023486232601730758,0.006513767398269241,0.0034862326017307595,6.972465203461519,0.02612092874893877,0.008644656478017296,4.183479122076911,0.025,0.0,-0.03,0.0,1.0,0.0,0.01
56,1.8666302487001536,57,0.04209433886510355,0.0,-0.022291590242165316,0.007708409757834683,0.002291590242165317,4.583180484330634,-0.031486405224750935,0.01055275375618591,2.74990829059838,0.025,0.0,-0.03,0.0,1.0,0.0,0.01
56,1.8666302487001536,58,0.04247141339145523,0.0,-0.021098823473370942,0.008901176526629057,0.0010988234733709436,2.1976469467418873,0.037847309262536176,0.013088231928673621,1.3185881680451323,0.025,0.0,-0.03,0.0,1.0,0.0,0.01
57,1.8999629317126563,0,0.0,0.0,-0.02,0.009999999999999998,1.734723475976807e-18,3.469446951953614e-15,0.0,0.0,2.0816681711721685e-15,0.025,0.0,-0.03,0.0,1.0,0.0,0.01
57,1.8999629317126563,36,0.038066391877036164,0.0,-0.02042823690882334,0.00957176309117666,0.00042823690882333974,0.8564738176466795,-0.00016961603723211465,1.7291786994133856e-06,0.5138842905880077,0.025,0.0,-0.03,0.0,1.0,0.0,0.01
57,1.8999629317126563,37,0.03803656319575103,0.0,-0.02167484132545063,0.00832515867454937,0.0016748413254506298,3.3496826509012596,0.0002041533874803525,3.5221090356584847e-06,2.0098095905407556,0.025,0.0,-0.03,0.0,1.0,0.0,0.01
57,1.8999629317126563,38,0.03800391164901205,0.0,-0.0229214208865355,0.0070785791134645,0.0029214208865355005,5.842841773071001,-0.00024146710022913685,4.315777035432232e-06,3.5057050638426004,0.025,0.0,-0.03,0.0,1.0,0.0,0.01
57,1.8999629317126563,39,0.03797164596237812,0.0,-0.0241679662718111,0.005832033728188898,0.004167966271811102,8.335932543622203,0.0002811676838065264,5.027424642631201e-06,5.001559526173321,0.025,0.0,-0.03,0.0,1.0,0.0,0.01
57,1.8999629317126563,40,0.03794297301499285,0.0,-0.025414634747134415,0.004585365252865584,0.005414634747134417,10.829269494268834,-0.0003245751394854975,3.503842415103707e-06,6.4975616965613,0.025,0.0,-0.03,0.0,1.0,0.0,0.01
57,1.8999629317126563,41,0.03792109497798148,0.0,-0.026661358564322793,0.003338641435677206,0.006661358564322794,13.32271712864559,0.0003713850958093572,8.111612752425964e-06,7.9936302771873535,0.025,0.0,-0.03,0.0,1.0,0.0,0.01
57,1.8999629317126563,42,0.037909138484122154,0.0,-0.027908245651311052,0.002091754348688947,0.007908245651311053,15.816491302622106,-8.763426000510499e-05,5.215848056176692e-06,9.489894781573263,0.025,0.0,-0.03,0.0,1.0,0.0,0.01
57,1.8999629317126563,43,0.03790994771169764,0.0,-0.029155080884006965,0.0008449191159930342,0.009155080884006966,18.31016176801393,-0.00021926120592189873,1.215675168084988e-05,10.986097060808358,0.025,0.0,-0.03,0.0,1.0,0.0,0.01
57,1.8999629317126563,44,0.03792653032108832,0.0,-0.03040181878169864,0.00040181878169864155,0.009598181218301359,19.19636243660272,-0.0005498273493828654,3.0097150681820726e-05,11.51781746196163,0.025,0.0,-0.03,0.0,1.0,0.0,0.01
57,1.8999629317126563,45,0.03796252091776563,0.0,-0.03164799619424759,0.001647996194247589,0.008352003805752411,16.70400761150482,0.000903972665713104,3.994458158567289e-05,10.022404566902892,0.025,0.0,-0.03,0.0,1.0,0.0,0.01
57,1.8999629317126563,46,0.038021646418899914,0.0,-0.03289327306623377,0.0028932730662337702,0.00710672693376623,14.21345386753246,-0.0008677905623338557,1.2035348505865048e-05,8.528072320519476,0.025,0.0,-0.03,0.0,1.0,0.0,0.01
57,1.8999629317126563,47,0.038108634260759514,0.0,-0.03413754717116247,0.0041375471711624714,0.005862452828837529,11.724905657675057,0.0008368874052179931,0.00014299559004472888,7.034943394605034,0.025,0.0,-0.03,0.0,1.0,0.0,0.01
57,1.8999629317126563,48,0.03858334374311508,0.0,-0.03298116708173207,0.0029811670817320723,0.007018832918267928,14.037665836535856,-0.0008802170298868909,0.0003229383760400911,8.422599501921514,0.025,0.0,-0.03,0.0,1.0,0.0,0.01
57,1.8999629317126563,49,0.0390310777545861,0.0,-0.03181378867283307,0.0018137886728330707,0.00818621132716693,16.37242265433386,0.0010096917757362633,0.0003870040850234171,9.823453592600316,0.025,0.0,-0.03,0.0,1.0,0.0,0.01
57,1.8999629317126563,50,0.039455399840768096,0.0,-0.030637745424577208,0.0006377454245772088,0.009362254575422791,18.724509150845584,-0.0011755914606556507,0.00044862096872429224,11.23470549050735,0.025,0.0,-0.03,0.0,1.0,0.0,0.01
57,1.8999629317126563,51,0.03986020451813287,0.0,-0.029454519424983058,0.0005454805750169413,0.009454519424983059,18.90903884996612,-0.0013933012650032695,0.000496821315425524,11.34542330997967,0.025,0.0,-0.03,0.0,1.0,0.0,0.01
57,1.8999629317126563,52,0.040249170918679064,0.0,-0.0282661743331591,0.0017338256668408998,0.0082661743331591,16.5323486663182,0.0016435852671924328,0.0005911531260015748,9.91940919979092,0.025,0.0,-0.03,0.0,1.0,0.0,0.01
57,1.8999629317126563,53,0.04062637478706054,0.0,-0.02707365661772842,0.0029263433822715804,0.00707365661772842,14.14731323545684,-0.0019652957190879118,0.0006670465052702118,8.488387941274103,0.025,0.0,-0.03,0.0,1.0,0.0,0.01
57,1.8999629317126563,54,0.04099552296579716,0.0,-0.025878971077589453,0.004121028922410546,0.005878971077589454,11.757942155178908,0.0023316522802025487,0.0008177645469144111,7.054765293107344,0.025,0.0,-0.03,0.0,1.0,0.0,0.01
57,1.8999629317126563,55,0.04136082953295224,0.0,-0.02468260892574306,0.005317391074256939,0.004682608925743062,9.365217851486124,-0.002796758070695084,0.0009452078694610853,5.619130710891674,0.025,0.0,-0.03,0.0,1.0,0.0,0.01
57,1.8999629317126563,56,0.04172594147106117,0.0,-0.023486760883883386,0.006513239116116613,0.003486760883883387,6.973521767766774,0.003325386827802432,0.0011834471749223414,4.184113060660064,0.025,0.0,-0.03,0.0,1.0,0.0,0.01
57,1.8999629317126563,57,0.04209520385581028,0.0,-0.022291514186092477,0.007708485813907522,0.002291514186092478,4.583028372184956,-0.003987161156567008,0.0014027068885617924,2.7498170233109738,0.025,0.0,-0.03,0.0,1.0,0.0,0.01
57,1.8999629317126563,58,0.042472101511623644,0.0,-0.021099532516990756,0.008900467483009242,0.0010995325169907578,2.1990650339815154,0.004738411743119197,0.00178079238576275,1.3194390203889093,0.025,0.0,-0.03,0.0,1.0,0.0,0.01
58,1.9332956147251592,0,0.0,0.0,-0.02,0.009999999999999998,1.734723475976807e-18,3.469446951953614e-15,0.0,0.0,2.0816681711721685e-15,0.025,0.0,-0.03,0.0,1.0,0.0,0.01
58,1.9332956147251592,36,0.038066396692863436,0.0,-0.02042823041914435,0.009571769580855649,0.0004282304191443511,0.8564608382887022,-0.0011867981375941392,4.7599494337435535e-06,0.5138765029732213,0.025,0.0,-0.03,0.0,1.0,0.0,0.01
58,1.9332956147251592,37,0.03803656736718676,0.0,-0.021674864328675016,0.008325135671324983,0.0016748643286750176,3.349728657350035,0.0014265408725368223,1.0188537768514593e-05,2.009837194410021,0.025,0.0,-0.03,0.0,1.0,0.0,0.01
58,1.9332956147251592,38,0.038003915369038715,0.0,-0.02292140873294313,0.007078591267056868,0.002921408732943132,5.842817465886264,-0.0016830167263493768,1.2876121961736995e-05,3.5056904795317583,0.025,0.0,-0.03,0.0,1.0,0.0,0.01
58,1.9332956147251592,39,0.03797164823390598,0.0,-0.024167995210199068,0.005832004789800931,0.004167995210199069,8.335990420398138,0.0019570154408601863,1.1393807401634987e-05,5.001594252238883,0.025,0.0,-0.03,0.0,1.0,0.0,0.01
58,1.9332956147251592,40,0.037942973988142496,0.0,-0.025414616056465646,0.004585383943534353,0.005414616056465647,10.829232112931294,-0.002253505893160326,3.6358763156699183e-06,6.497539267758776,0.025,0.0,-0.03,0.0,1.0,0.0,0.01
58,1.9332956147251592,41,0.03792109406319567,0.0,-0.026661394401995882,0.0033386055980041164,0.006661394401995884,13.322788803991768,0.0025733395208175215,9.605395045105014e-06,7.9936732823950605,0.025,0.0,-0.03,0.0,1.0,0.0,0.01
58,1.9332956147251592,42,0.037909134576005,0.0,-0.02790822283574457,0.0020917771642554282,0.007908222835744572,15.816445671489143,-0.0028949039786357114,3.515934700559488e-05,9.489867402893486,0.025,0.0,-0.03,0.0,1.0,0.0,0.01
58,1.9332956147251592,43,0.037909941698764466,0.0,-0.02915511759512411,0.000844882404875888,0.009155117595124112,18.310235190248225,0.0032397893215857653,8.466147138641721e-05,10.986141114148934,0.025,0.0,-0.03,0.0,1.0,0.0,0.01
58,1.9332956147251592,44,0.03792651871190402,0.0,-0.030401795121111363,0.0004017951211113639,0.009598204878888636,19.19640975777727,0.0036107874160973704,0.00014120536344687222,11.517845854666362,0.025,0.0,-0.03,0.0,1.0,0.0,0.01
58,1.9332956147251592,45,0.03796250779938824,0.0,-0.03164803411445538,0.0016480341144553823,0.008351965885544618,16.703931771089234,-0.004008950421106211,0.00022250885769124307,10.02235906265354,0.025,0.0,-0.03,0.0,1.0,0.0,0.01
58,1.9332956147251592,46,0.03802162493865385,0.0,-0.03289324412315795,0.0028932441231579523,0.007106755876842048,14.213511753684095,0.00449633306040311,0.00016069802863951903,8.528107052210457,0.025,0.0,-0.03,0.0,1.0,0.0,0.01
58,1.9332956147251592,47,0.03810860068155171,0.0,-0.0341375957872869,0.004137595787286903,0.005862404212713097,11.724808425426193,-0.004948579148126776,0.0009455789664740905,7.034885055255716,0.025,0.0,-0.03,0.0,1.0,0.0,0.01
58,1.9332956147251592,48,0.03858338419866776,0.0,-0.03298114366384635,0.0029811436638463515,0.007018856336153649,14.037712672307297,0.00593373877689991,0.002346414826954181,8.422627603384377,0.025,0.0,-0.03,0.0,1.0,0.0,0.01
58,1.9332956147251592,49,0.03903111941619611,0.0,-0.03181389811133275,0.0018138981113327499,0.00818610188866725,16.3722037773345,-0.007478526337784078,0.0029424522458951848,9.8233222664007,0.025,0.0,-0.03,0.0,1.0,0.0,0.01
58,1.9332956147251592,50,0.03945554461894031,0.0,-0.030637726990562438,0.0006377269905624393,0.009362273009437561,18.72454601887512,0.009321076960357376,0.003493273306023678,11.234727611325072,0.025,0.0,-0.03,0.0,1.0,0.0,0.01
58,1.9332956147251592,51,0.039860331052040655,0.0,-0.029454699017555284,0.0005453009824447144,0.009454699017555286,18.90939803511057,0.011481862194866053,0.00412079004355021,11.345638821066341,0.025,0.0,-0.03,0.0,1.0,0.0,0.01
58,1.9332956147251592,52,0.040249424445589516,0.0,-0.028266146667693382,0.0017338533323066167,0.008266146667693383,16.53229333538677,-0.014038028254490464,0.004858072905183912,9.919376001232061,0.025,0.0,-0.03,0.0,1.0,0.0,0.01
58,1.9332956147251592,53,0.0406265842578701,0.0,-0.027073918041129085,0.0029260819588709137,0.0070739180411290865,14.147836082258173,0.01706551918151063,0.005762950620646655,8.488701649354903,0.025,0.0,-0.03,0.0,1.0,0.0,0.01
58,1.9332956147251592,54,0.040995892601165554,0.0,-0.025878915696542652,0.004121084303457347,0.005878915696542654,11.757831393085308,-0.020675863070763304,0.006871171131023747,7.054698835851185,0.025,0.0,-0.03,0.0,1.0,0.0,0.01
58,1.9332956147251592,55,0.04136111581706611,0.0,-0.024682971717163476,0.005317028282836523,0.004682971717163477,9.365943434326955,0.024972991096459177,0.008274500588259334,5.619566060596172,0.025,0.0,-0.03,0.0,1.0,0.0,0.01
58,1.9332956147251592,56,0.04172643844548761,0.0,-0.023486652705070693,0.006513347294929306,0.0034866527050706943,6.973305410141388,-0.030107228868644267,0.010037061680062765,4.183983246084833,0.025,0.0,-0.03,0.0,1.0,0.0,0.01
58,1.9332956147251592,57,0.04209555451544813,0.0,-0.022292008202667694,0.007707991797332305,0.002292008202667695,4.58401640533539,0.036216615926851416,0.01230406764763485,2.750409843201234,0.025,0.0,-0.03,0.0,1.0,0.0,0.01
58,1.9332956147251592,58,0.04247274387183321,0.0,-0.021099337279830793,0.008900662720169206,0.0010993372798307945,2.198674559661589,-0.043497784601843045,0.015192494076536568,1.3192047357969534,0.025,0.0,-0.03,0.0,1.0,0.0,0.01
59,1.966628297737662,0,0.0,0.0,-0.02,0.009999999999999998,1.734723475976807e-18,3.469446951953614e-15,0.0,0.0,2.0816681711721685e-15,0.025,0.0,-0.03,0.0,1.0,0.0,0.01
59,1.966628297737662,36,0.038066396401220864,0.0,-0.020428245687109325,0.009571754312890673,0.00042824568710932674,0.8564913742186535,0.001949547662378187,9.045679139790114e-06,0.5138948245311921,0.025,0.0,-0.03,0.0,1.0,0.0,0.01
59,1.966628297737662,37,0.0380365671043962,0.0,-0.02167486235206246,0.00832513764793754,0.00167486235206246,3.34972470412492,-0.002345040837850122,1.8533799209754868e-05,2.009834822474952,0.025,0.0,-0.03,0.0,1.0,0.0,0.01
59,1.966628297737662,38,0.03800391488836283,0.0,-0.022921427296523484,0.007078572703476515,0.0029214272965234853,5.842854593046971,0.0027658292109003385,2.3688918773832352e-05,3.505712755828182,0.025,0.0,-0.03,0.0,1.0,0.0,0.01
59,1.966628297737662,39,0.03797164803626212,0.0,-0.024167989736554377,0.0058320102634456215,0.004167989736554379,8.335979473108758,-0.0032178646246953423,2.188136358536004e-05,5.001587683865254,0.025,0.0,-0.03,0.0,1.0,0.0,0.01
59,1.966628297737662,40,0.03794297379971711,0.0,-0.02541463841923142,0.004585361580768579,0.0054146384192314215,10.829276838462842,0.003704777773194765,8.876132139202605e-06,6.497566103077705,0.025,0.0,-0.03,0.0,1.0,0.0,0.01
59,1.966628297737662,41,0.03792109408368742,0.0,-0.02666138486178764,0.003338615138212358,0.006661384861787642,13.322769723575284,-0.0042326621414765465,2.2207030522986532e-05,7.99366183414517,0.025,0.0,-0.03,0.0,1.0,0.0,0.01
59,1.966628297737662,42,0.03790913527056587,0.0,-0.027908246326151118,0.0020917536738488812,0.007908246326151119,15.816492652302237,0.004443305937021941,4.809564163109671e-05,9.489895591381343,0.025,0.0,-0.03,0.0,1.0,0.0,0.01
59,1.966628297737662,43,0.03790994248977729,0.0,-0.02915511018731174,0.0008448898126882584,0.009155110187311742,18.310220374623484,-0.004669411658117121,0.00011556216054548068,10.98613222477409,0.025,0.0,-0.03,0.0,1.0,0.0,0.01
59,1.966628297737662,44,0.03792652101081096,0.0,-0.03040181629037796,0.00040181629037796054,0.00959818370962204,19.19636741924408,-0.004909558383843599,0.0001842002239104533,11.517820451546447,0.025,0.0,-0.03,0.0,1.0,0.0,0.01
59,1.966628297737662,45,0.03796250976785925,0.0,-0.031648029142343846,0.0016480291423438473,0.008351970857656153,16.703941715312308,0.005170554042860335,0.00029617184187553133,10.022365029187384,0.025,0.0,-0.03,0.0,1.0,0.0,0.01
59,1.966628297737662,46,0.03802162950978351,0.0,-0.03289326681872173,0.002893266818721728,0.007106733181278272,14.213466362556545,-0.005938029459918779,0.00023126966561095439,8.528079817533927,0.025,0.0,-0.03,0.0,1.0,0.0,0.01
59,1.966628297737662,47,0.03810860935952864,0.0,-0.03413758508402843,0.004137585084028429,0.005862414915971571,11.724829831943142,0.006650219633371338,0.0012877745924001866,7.034897899165885,0.025,0.0,-0.03,0.0,1.0,0.0,0.01
59,1.966628297737662,48,0.038583366500979314,0.0,-0.032981168005025964,0.002981168005025965,0.007018831994974035,14.03766398994807,-0.008090036955178397,0.003224218245620429,8.422598393968842,0.025,0.0,-0.03,0.0,1.0,0.0,0.01
59,1.966628297737662,49,0.03903110884500858,0.0,-0.031813864727177316,0.0018138647271773167,0.008186135272822683,16.372270545645367,0.01029564569180966,0.004057466384830294,9.82336232738722,0.025,0.0,-0.03,0.0,1.0,0.0,0.01
59,1.966628297737662,50,0.03945549412722376,0.0,-0.030637755672430572,0.0006377556724305733,0.009362244327569427,18.724488655138853,-0.012906465911222487,0.004833946352208017,11.234693193083311,0.025,0.0,-0.03,0.0,1.0,0.0,0.01
59,1.966628297737662,51,0.03986029701812969,0.0,-0.029454638059392458,0.0005453619406075409,0.00945463805939246,18.90927611878492,-0.015957702493977217,0.005723182171913569,11.345565671270952,0.025,0.0,-0.03,0.0,1.0,0.0,0.01
59,1.966628297737662,52,0.04024933891080172,0.0,-0.028266185637875616,0.0017338143621243828,0.008266185637875617,16.532371275751235,0.019559699698034637,0.006755748551893075,9.91942276545074,0.025,0.0,-0.03,0.0,1.0,0.0,0.01
59,1.966628297737662,53,0.04062652726997223,0.0,-0.02707382342761458,0.0029261765723854194,0.007073823427614581,14.147646855229162,-0.023818962123255284,0.008029394450711104,8.488588113137498,0.025,0.0,-0.03,0.0,1.0,0.0,0.01
59,1.966628297737662,54,0.04099576798695466,0.0,-0.025878973119457475,0.004121026880542524,0.005878973119457476,11.757946238914952,0.02889456017091157,0.009573129060520689,7.054767743348971,0.025,0.0,-0.03,0.0,1.0,0.0,0.01
59,1.966628297737662,55,0.04136103786911299,0.0,-0.02468283369608902,0.005317166303910978,0.004682833696089022,9.365667392178045,-0.034931066548530926,0.011541322697837274,5.619400435306827,0.025,0.0,-0.03,0.0,1.0,0.0,0.01
59,1.966628297737662,56,0.04172626839558579,0.0,-0.023486740030874868,0.006513259969125131,0.003486740030874869,6.973480061749738,0.042142969807935464,0.013992953985214747,4.184088037049842,0.025,0.0,-0.03,0.0,1.0,0.0,0.01
59,1.966628297737662,57,0.04209546011925485,0.0,-0.02229181216006615,0.00770818783993385,0.0022918121600661503,4.583624320132301,-0.05072341660861438,0.017167374947000467,2.75017459207938,0.025,0.0,-0.03,0.0,1.0,0.0,0.01
59,1.966628297737662,58,0.042472518326532906,0.0,-0.0210994704523928,0.0089005295476072,0.0010994704523928003,2.1989409047856006,0.06095112414915785,0.02118629655797644,1.3193645428713603,0.025,0.0,-0.03,0.0,1.0,0.0,0.01
60,1.9999609807501646,0,0.0,0.0,-0.02,0.009999999999999998,1.734723475976807e-18,3.469446951953614e-15,0.0,0.0,2.0816681711721685e-15,0.025,0.0,-0.03,0.0,1.0,0.0,0.01
60,1.9999609807501646,36,0.03806639278721915,0.0,-0.020428248306043967,0.009571751693956031,0.0004282483060439688,0.8564966120879376,-0.0017969158899798518,9.215473497172146e-06,0.5138979672527625,0.025,0.0,-0.03,0.0,1.0,0.0,0.01
60,1.9999609807501646,37,0.03803656372123783,0.0,-0.021674862639130953,0.008325137360869046,0.001674862639130954,3.349725278261908,0.002161490181064801,1.7968662579124868e-05,2.009835166957145,0.025,0.0,-0.03,0.0,1.0,0.0,0.01
60,1.9999609807501646,38,0.038003912029644704,0.0,-0.022921430404479595,0.007078569595520404,0.0029214304044795966,5.842860808959193,-0.0025497846252011203,2.3447775134712016e-05,3.505716485375516,0.025,0.0,-0.03,0.0,1.0,0.0,0.01
60,1.9999609807501646,39,0.03797164602922748,0.0,-0.02416798961361,0.0058320103863899984,0.004167989613610002,8.335979227220003,0.0029666171333295873,2.1910982203342234e-05,5.001587536332002,0.025,0.0,-0.03,0.0,1.0,0.0,0.01
60,1.9999609807501646,40,0.03794297305483937,0.0,-0.025414642106241298,0.004585357893758701,0.0054146421062412995,10.8292842124826,-0.003416081542324152,9.909659596953158e-06,6.49757052748956,0.025,0.0,-0.03,0.0,1.0,0.0,0.01
60,1.9999609807501646,41,0.03792109502668825,0.0,-0.026661384271846535,0.0033386157281534642,0.006661384271846536,13.322768543693073,0.0039031252412804816,2.4179708931719532e-05,7.9936611262158435,0.025,0.0,-0.03,0.0,1.0,0.0,0.01
60,1.9999609807501646,42,0.037909138436793825,0.0,-0.027908252304240343,0.002091747695759656,0.007908252304240344,15.816504608480688,-0.003912548884707667,3.8839434625366586e-05,9.489902765088413,0.025,0.0,-0.03,0.0,1.0,0.0,0.01
60,1.9999609807501646,43,0.03790994809959008,0.0,-0.02915510556581416,0.0008448944341858389,0.009155105565814161,18.31021113162832,0.003921129010009581,9.246381032989158e-05,10.986126678976992,0.025,0.0,-0.03,0.0,1.0,0.0,0.01
60,1.9999609807501646,44,0.037926530529202813,0.0,-0.030401826566459213,0.00040182656645921383,0.009598173433540786,19.196346867081573,0.003927534512296845,0.0001423199048042065,11.517808120248944,0.025,0.0,-0.03,0.0,1.0,0.0,0.01
60,1.9999609807501646,45,0.03796252231438118,0.0,-0.03164801964028745,0.0016480196402874486,0.008351980359712552,16.703960719425105,-0.003937530357417938,0.00023173693312520364,10.022376431655063,0.025,0.0,-0.03,0.0,1.0,0.0,0.01
60,1.9999609807501646,46,0.03802164751522546,0.0,-0.03289327975008012,0.0028932797500801216,0.007106720249919879,14.213440499839757,0.004626221382680307,0.00019495363316146547,8.528064299903853,0.025,0.0,-0.03,0.0,1.0,0.0,0.01
60,1.9999609807501646,47,0.038108634375362105,0.0,-0.03413757372625324,0.004137573726253244,0.005862426273746757,11.724852547493514,-0.005263734401599836,0.0010326326785213534,7.034911528496108,0.025,0.0,-0.03,0.0,1.0,0.0,0.01
60,1.9999609807501646,48,0.03858333919984456,0.0,-0.03298116425004764,0.0029811642500476437,0.0070188357499523565,14.037671499904713,0.006485923610258028,0.0026039797222657895,8.422602899942827,0.025,0.0,-0.03,0.0,1.0,0.0,0.01
60,1.9999609807501646,49,0.0390310481965393,0.0,-0.03181381200672095,0.0018138120067209482,0.008186187993279052,16.372375986558104,-0.008326631744049146,0.0032812528641014854,9.823425591934862,0.025,0.0,-0.03,0.0,1.0,0.0,0.01
60,1.9999609807501646,50,0.039455372627396484,0.0,-0.030637724131219908,0.0006377241312199092,0.009362275868780091,18.724551737560184,0.0104851127850739,0.003932126554917726,11.23473104253611,0.025,0.0,-0.03,0.0,1.0,0.0,0.01
60,1.9999609807501646,51,0.039860145649277215,0.0,-0.029454543560524876,0.0005454564394751227,0.009454543560524878,18.909087121049755,0.013011757130452384,0.004652980037694047,11.345452272629853,0.025,0.0,-0.03,0.0,1.0,0.0,0.01
60,1.9999609807501646,52,0.04024911994108012,0.0,-0.02826613181260573,0.0017338681873942698,0.00826613181260573,16.53226362521146,-0.015974131420752064,0.005521164680328791,9.919358175126876,0.025,0.0,-0.03,0.0,1.0,0.0,0.01
60,1.9999609807501646,53,0.04062628358676039,0.0,-0.027073685550385914,0.002926314449614085,0.007073685550385915,14.147371100771831,0.019491517202960492,0.006543749816140101,8.4884226604631,0.025,0.0,-0.03,0.0,1.0,0.0,0.01
60,1.9999609807501646,54,0.04099544758347763,0.0,-0.02587890252610278,0.004121097473897217,0.005878902526102783,11.757805052205565,-0.0236575604513598,0.007836631407146324,7.054683031323339,0.025,0.0,-0.03,0.0,1.0,0.0,0.01
60,1.9999609807501646,55,0.04136070146373038,0.0,-0.024682648045425946,0.005317351954574053,0.004682648045425947,9.365296090851894,0.02863592549824705,0.009415357149213975,5.6191776545111365,0.025,0.0,-0.03,0.0,1.0,0.0,0.01
60,1.9999609807501646,56,0.041725841758723445,0.0,-0.023486658745592012,0.006513341254407987,0.0034866587455920136,6.973317491184027,-0.03455283027407673,0.011458676301489303,4.183990494710416,0.025,0.0,-0.03,0.0,1.0,0.0,0.01
60,1.9999609807501646,57,0.042095032233756415,0.0,-0.022291570873937707,0.007708429126062292,0.0022915708739377084,4.583141747875417,0.04162579196328325,0.014013057787746239,2.74988504872525,0.025,0.0,-0.03,0.0,1.0,0.0,0.01
60,1.9999609807501646,58,0.04247197908130573,0.0,-0.02109938563832469,0.008900614361675309,0.0010993856383246913,2.1987712766493828,-0.050020005413936655,0.01734756336956538,1.3192627659896297,0.025,0.0,-0.03,0.0,1.0,0.0,0.01
