frame_idx,time,node_idx,node_x,node_y,node_z,radial_dist,overlap,normal_force,normal_velocity,tangential_speed,friction_force,cyl_center_x,cyl_center_y,cyl_center_z,cyl_axis_x,cyl_axis_y,cyl_axis_z,cyl_radius
0,0.0,0,0.0,0.0,-0.02,0.009999999999999998,0.005000000000000001,10.000000000000002,0.0,0.0,6.000000000000001,0.025,0.0,-0.03,0.0,1.0,0.0,0.015
0,0.0,1,0.00125,0.0,-0.02,0.009999999999999998,0.005000000000000001,10.000000000000002,0.0,0.0,6.000000000000001,0.025,0.0,-0.03,0.0,1.0,0.0,0.015
0,0.0,2,0.0025,0.0,-0.02,0.009999999999999998,0.005000000000000001,10.000000000000002,0.0,0.0,6.000000000000001,0.025,0.0,-0.03,0.0,1.0,0.0,0.015
0,0.0,3,0.00375,0.0,-0.02,0.009999999999999998,0.005000000000000001,10.000000000000002,0.0,0.0,6.000000000000001,0.025,0.0,-0.03,0.0,1.0,0.0,0.015
0,0.0,4,0.005,0.0,-0.02,0.009999999999999998,0.005000000000000001,10.000000000000002,0.0,0.0,6.000000000000001,0.025,0.0,-0.03,0.0,1.0,0.0,0.015
0,0.0,5,0.00625,0.0,-0.02,0.009999999999999998,0.005000000000000001,10.000000000000002,0.0,0.0,6.000000000000001,0.025,0.0,-0.03,0.0,1.0,0.0,0.015
0,0.0,6,0.0075,0.0,-0.02,0.009999999999999998,0.005000000000000001,10.000000000000002,0.0,0.0,6.000000000000001,0.025,0.0,-0.03,0.0,1.0,0.0,0.015
0,0.0,7,0.00875,0.0,-0.02,0.009999999999999998,0.005000000000000001,10.000000000000002,0.0,0.0,6.000000000000001,0.025,0.0,-0.03,0.0,1.0,0.0,0.015
0,0.0,8,0.01,0.0,-0.02,0.009999999999999998,0.005000000000000001,10.000000000000002,0.0,0.0,6.000000000000001,0.025,0.0,-0.03,0.0,1.0,0.0,0.015
0,0.0,9,0.01125,0.0,-0.02,0.009999999999999998,0.005000000000000001,10.000000000000002,0.0,0.0,6.000000000000001,0.025,0.0,-0.03,0.0,1.0,0.0,0.015
0,0.0,10,0.0125,0.0,-0.02,0.009999999999999998,0.005000000000000001,10.000000000000002,0.0,0.0,6.000000000000001,0.025,0.0,-0.03,0.0,1.0,0.0,0.015
0,0.0,11,0.01375,0.0,-0.02,0.009999999999999998,0.005000000000000001,10.000000000000002,0.0,0.0,6.000000000000001,0.025,0.0,-0.03,0.0,1.0,0.0,0.015
0,0.0,12,0.015,0.0,-0.02,0.009999999999999998,0.005000000000000001,10.000000000000002,0.0,0.0,6.000000000000001,0.025,0.0,-0.03,0.0,1.0,0.0,0.015
0,0.0,13,0.01625,0.0,-0.02,0.009999999999999998,0.005000000000000001,10.000000000000002,0.0,0.0,6.000000000000001,0.025,0.0,-0.03,0.0,1.0,0.0,0.015
0,0.0,14,0.0175,0.0,-0.02,0.009999999999999998,0.005000000000000001,10.000000000000002,0.0,0.0,6.000000000000001,0.025,0.0,-0.03,0.0,1.0,0.0,0.015
0,0.0,15,0.01875,0.0,-0.02,0.009999999999999998,0.005000000000000001,10.000000000000002,0.0,0.0,6.000000000000001,0.025,0.0,-0.03,0.0,1.0,0.0,0.015
0,0.0,16,0.02,0.0,-0.02,0.009999999999999998,0.005000000000000001,10.000000000000002,0.0,0.0,6.000000000000001,0.025,0.0,-0.03,0.0,1.0,0.0,0.015
0,0.0,17,0.02125,0.0,-0.02,0.009999999999999998,0.005000000000000001,10.000000000000002,0.0,0.0,6.000000000000001,0.025,0.0,-0.03,0.0,1.0,0.0,0.015
0,0.0,18,0.0225,0.0,-0.02,0.009999999999999998,0.005000000000000001,10.000000000000002,0.0,0.0,6.000000000000001,0.025,0.0,-0.03,0.0,1.0,0.0,0.015
0,0.0,19,0.02375,0.0,-0.02,0.009999999999999998,0.005000000000000001,10.000000000000002,0.0,0.0,6.000000000000001,0.025,0.0,-0.03,0.0,1.0,0.0,0.015
0,0.0,20,0.025,0.0,-0.02,0.009999999999999998,0.005000000000000001,10.000000000000002,0.0,0.0,6.000000000000001,0.025,0.0,-0.03,0.0,1.0,0.0,0.015
0,0.0,21,0.02625,0.0,-0.02,0.009999999999999998,0.005000000000000001,10.000000000000002,0.0,0.0,6.000000000000001,0.025,0.0,-0.03,0.0,1.0,0.0,0.015
0,0.0,22,0.0275,0.0,-0.02,0.009999999999999998,0.005000000000000001,10.000000000000002,0.0,0.0,6.000000000000001,0.025,0.0,-0.03,0.0,1.0,0.0,0.015
0,0.0,23,0.02875,0.0,-0.02,0.009999999999999998,0.005000000000000001,10.000000000000002,0.0,0.0,6.000000000000001,0.025,0.0,-0.03,0.0,1.0,0.0,0.015
0,0.0,24,0.03,0.0,-0.02,0.009999999999999998,0.005000000000000001,10.000000000000002,0.0,0.0,6.000000000000001,0.025,0.0,-0.03,0.0,1.0,0.0,0.015
0,0.0,25,0.03125,0.0,-0.02,0.009999999999999998,0.005000000000000001,10.000000000000002,0.0,0.0,6.000000000000001,0.025,0.0,-0.03,0.0,1.0,0.0,0.015
0,0.0,26,0.0325,0.0,-0.02,0.009999999999999998,0.005000000000000001,10.000000000000002,0.0,0.0,6.000000000000001,0.025,0.0,-0.03,0.0,1.0,0.0,0.015
0,0.0,27,0.03375,0.0,-0.02,0.009999999999999998,0.005000000000000001,10.000000000000002,0.0,0.0,6.000000000000001,0.025,0.0,-0.03,0.0,1.0,0.0,0.015
0,0.0,28,0.035,0.0,-0.02,0.009999999999999998,0.005000000000000001,10.000000000000002,0.0,0.0,6.000000000000001,0.025,0.0,-0.03,0.0,1.0,0.0,0.015
0,0.0,29,0.03625,0.0,-0.02,0.009999999999999998,0.005000000000000001,10.000000000000002,0.0,0.0,6.000000000000001,0.025,0.0,-0.03,0.0,1.0,0.0,0.015
0,0.0,30,0.0375,0.0,-0.02,0.009999999999999998,0.005000000000000001,10.000000000000002,0.0,0.0,6.000000000000001,0.025,0.0,-0.03,0.0,1.0,0.0,0.015
0,0.0,31,0.03875,0.0,-0.02,0.009999999999999998,0.005000000000000001,10.000000000000002,0.0,0.0,6.000000000000001,0.025,0.0,-0.03,0.0,1.0,0.0,0.015
0,0.0,32,0.04,0.0,-0.02,0.009999999999999998,0.005000000000000001,10.000000000000002,0.0,0.0,6.000000000000001,0.025,0.0,-0.03,0.0,1.0,0.0,0.015
0,0.0,33,0.04125,0.0,-0.02,0.009999999999999998,0.005000000000000001,10.000000000000002,0.0,0.0,6.000000000000001,0.025,0.0,-0.03,0.0,1.0,0.0,0.015
0,0.0,34,0.0425,0.0,-0.02,0.009999999999999998,0.005000000000000001,10.000000000000002,0.0,0.0,6.000000000000001,0.025,0.0,-0.03,0.0,1.0,0.0,0.015
0,0.0,35,0.043750000000000004,0.0,-0.02,0.009999999999999998,0.005000000000000001,10.000000000000002,0.0,0.0,6.000000000000001,0.025,0.0,-0.03,0.0,1.0,0.0,0.015
0,0.0,36,0.045,0.0,-0.02,0.009999999999999998,0.005000000000000001,10.000000000000002,0.0,0.0,6.000000000000001,0.025,0.0,-0.03,0.0,1.0,0.0,0.015
0,0.0,37,0.04625,0.0,-0.02,0.009999999999999998,0.005000000000000001,10.000000000000002,0.0,0.0,6.000000000000001,0.025,0.0,-0.03,0.0,1.0,0.0,0.015
0,0.0,38,0.0475,0.0,-0.02,0.009999999999999998,0.005000000000000001,10.000000000000002,0.0,0.0,6.000000000000001,0.025,0.0,-0.03,0.0,1.0,0.0,0.015
0,0.0,39,0.04875,0.0,-0.02,0.009999999999999998,0.005000000000000001,10.000000000000002,0.0,0.0,6.000000000000001,0.025,0.0,-0.03,0.0,1.0,0.0,0.015
0,0.0,40,0.05,0.0,-0.02,0.009999999999999998,0.005000000000000001,10.000000000000002,0.0,0.0,6.000000000000001,0.025,0.0,-0.03,0.0,1.0,0.0,0.015
0,0.0,41,0.051250000000000004,0.0,-0.02,0.009999999999999998,0.005000000000000001,10.000000000000002,0.0,0.0,6.000000000000001,0.025,0.0,-0.03,0.0,1.0,0.0,0.015
0,0.0,42,0.0525,0.0,-0.02,0.009999999999999998,0.005000000000000001,10.000000000000002,0.0,0.0,6.000000000000001,0.025,0.0,-0.03,0.0,1.0,0.0,0.015
0,0.0,43,0.05375,0.0,-0.02,0.009999999999999998,0.005000000000000001,10.000000000000002,0.0,0.0,6.000000000000001,0.025,0.0,-0.03,0.0,1.0,0.0,0.015
0,0.0,44,0.055,0.0,-0.02,0.009999999999999998,0.005000000000000001,10.000000000000002,0.0,0.0,6.000000000000001,0.025,0.0,-0.03,0.0,1.0,0.0,0.015
0,0.0,45,0.05625,0.0,-0.02,0.009999999999999998,0.005000000000000001,10.000000000000002,0.0,0.0,6.000000000000001,0.025,0.0,-0.03,0.0,1.0,0.0,0.015
0,0.0,46,0.0575,0.0,-0.02,0.009999999999999998,0.005000000000000001,10.000000000000002,0.0,0.0,6.000000000000001,0.025,0.0,-0.03,0.0,1.0,0.0,0.015
0,0.0,47,0.058750000000000004,0.0,-0.02,0.009999999999999998,0.005000000000000001,10.000000000000002,0.0,0.0,6.000000000000001,0.025,0.0,-0.03,0.0,1.0,0.0,0.015
0,0.0,48,0.06,0.0,-0.02,0.009999999999999998,0.005000000000000001,10.000000000000002,0.0,0.0,6.000000000000001,0.025,0.0,-0.03,0.0,1.0,0.0,0.015
0,0.0,49,0.06125,0.0,-0.02,0.009999999999999998,0.005000000000000001,10.000000000000002,0.0,0.0,6.000000000000001,0.025,0.0,-0.03,0.0,1.0,0.0,0.015
0,0.0,50,0.0625,0.0,-0.02,0.009999999999999998,0.005000000000000001,10.000000000000002,0.0,0.0,6.000000000000001,0.025,0.0,-0.03,0.0,1.0,0.0,0.015
0,0.0,51,0.06375,0.0,-0.02,0.009999999999999998,0.005000000000000001,10.000000000000002,0.0,0.0,6.000000000000001,0.025,0.0,-0.03,0.0,1.0,0.0,0.015
0,0.0,52,0.065,0.0,-0.02,0.009999999999999998,0.005000000000000001,10.000000000000002,0.0,0.0,6.000000000000001,0.025,0.0,-0.03,0.0,1.0,0.0,0.015
0,0.0,53,0.06625,0.0,-0.02,0.009999999999999998,0.005000000000000001,10.000000000000002,0.0,0.0,6.000000000000001,0.025,0.0,-0.03,0.0,1.0,0.0,0.015
0,0.0,54,0.0675,0.0,-0.02,0.009999999999999998,0.005000000000000001,10.000000000000002,0.0,0.0,6.000000000000001,0.025,0.0,-0.03,0.0,1.0,0.0,0.015
0,0.0,55,0.06875,0.0,-0.02,0.009999999999999998,0.005000000000000001,10.000000000000002,0.0,0.0,6.000000000000001,0.025,0.0,-0.03,0.0,1.0,0.0,0.015
0,0.0,56,0.07,0.0,-0.02,0.009999999999999998,0.005000000000000001,10.000000000000002,0.0,0.0,6.000000000000001,0.025,0.0,-0.03,0.0,1.0,0.0,0.015
0,0.0,57,0.07125000000000001,0.0,-0.02,0.009999999999999998,0.005000000000000001,10.000000000000002,0.0,0.0,6.000000000000001,0.025,0.0,-0.03,0.0,1.0,0.0,0.015
0,0.0,58,0.0725,0.0,-0.02,0.009999999999999998,0.005000000000000001,10.000000000000002,0.0,0.0,6.000000000000001,0.025,0.0,-0.03,0.0,1.0,0.0,0.015
0,0.0,59,0.07375,0.0,-0.02,0.009999999999999998,0.005000000000000001,10.000000000000002,0.0,0.0,6.000000000000001,0.025,0.0,-0.03,0.0,1.0,0.0,0.015
0,0.0,60,0.075,0.0,-0.02,0.009999999999999998,0.005000000000000001,10.000000000000002,0.0,0.0,6.000000000000001,0.025,0.0,-0.03,0.0,1.0,0.0,0.015
0,0.0,61,0.07625,0.0,-0.02,0.009999999999999998,0.005000000000000001,10.000000000000002,0.0,0.0,6.000000000000001,0.025,0.0,-0.03,0.0,1.0,0.0,0.015
0,0.0,62,0.0775,0.0,-0.02,0.009999999999999998,0.005000000000000001,10.000000000000002,0.0,0.0,6.000000000000001,0.025,0.0,-0.03,0.0,1.0,0.0,0.015
0,0.0,63,0.07875,0.0,-0.02,0.009999999999999998,0.005000000000000001,10.000000000000002,0.0,0.0,6.000000000000001,0.025,0.0,-0.03,0.0,1.0,0.0,0.015
0,0.0,64,0.08,0.0,-0.02,0.009999999999999998,0.005000000000000001,10.000000000000002,0.0,0.0,6.000000000000001,0.025,0.0,-0.03,0.0,1.0,0.0,0.015
0,0.0,65,0.08125,0.0,-0.02,0.009999999999999998,0.005000000000000001,10.000000000000002,0.0,0.0,6.000000000000001,0.025,0.0,-0.03,0.0,1.0,0.0,0.015
0,0.0,66,0.0825,0.0,-0.02,0.009999999999999998,0.005000000000000001,10.000000000000002,0.0,0.0,6.000000000000001,0.025,0.0,-0.03,0.0,1.0,0.0,0.015
0,0.0,67,0.08375,0.0,-0.02,0.009999999999999998,0.005000000000000001,10.000000000000002,0.0,0.0,6.000000000000001,0.025,0.0,-0.03,0.0,1.0,0.0,0.015
0,0.0,68,0.085,0.0,-0.02,0.009999999999999998,0.005000000000000001,10.000000000000002,0.0,0.0,6.000000000000001,0.025,0.0,-0.03,0.0,1.0,0.0,0.015
0,0.0,69,0.08625000000000001,0.0,-0.02,0.009999999999999998,0.005000000000000001,10.000000000000002,0.0,0.0,6.000000000000001,0.025,0.0,-0.03,0.0,1.0,0.0,0.015
0,0.0,70,0.08750000000000001,0.0,-0.02,0.009999999999999998,0.005000000000000001,10.000000000000002,0.0,0.0,6.000000000000001,0.025,0.0,-0.03,0.0,1.0,0.0,0.015
0,0.0,71,0.08875,0.0,-0.02,0.009999999999999998,0.005000000000000001,10.000000000000002,0.0,0.0,6.000000000000001,0.025,0.0,-0.03,0.0,1.0,0.0,0.015
0,0.0,72,0.09,0.0,-0.02,0.009999999999999998,0.005000000000000001,10.000000000000002,0.0,0.0,6.000000000000001,0.025,0.0,-0.03,0.0,1.0,0.0,0.015
0,0.0,73,0.09125,0.0,-0.02,0.009999999999999998,0.005000000000000001,10.000000000000002,0.0,0.0,6.000000000000001,0.025,0.0,-0.03,0.0,1.0,0.0,0.015
0,0.0,74,0.0925,0.0,-0.02,0.009999999999999998,0.005000000000000001,10.000000000000002,0.0,0.0,6.000000000000001,0.025,0.0,-0.03,0.0,1.0,0.0,0.015
0,0.0,75,0.09375,0.0,-0.02,0.009999999999999998,0.005000000000000001,10.000000000000002,0.0,0.0,6.000000000000001,0.025,0.0,-0.03,0.0,1.0,0.0,0.015
0,0.0,76,0.095,0.0,-0.02,0.009999999999999998,0.005000000000000001,10.000000000000002,0.0,0.0,6.000000000000001,0.025,0.0,-0.03,0.0,1.0,0.0,0.015
0,0.0,77,0.09625,0.0,-0.02,0.009999999999999998,0.005000000000000001,10.000000000000002,0.0,0.0,6.000000000000001,0.025,0.0,-0.03,0.0,1.0,0.0,0.015
0,0.0,78,0.0975,0.0,-0.02,0.009999999999999998,0.005000000000000001,10.000000000000002,0.0,0.0,6.000000000000001,0.025,0.0,-0.03,0.0,1.0,0.0,0.015
0,0.0,79,0.09875,0.0,-0.02,0.009999999999999998,0.005000000000000001,10.000000000000002,0.0,0.0,6.000000000000001,0.025,0.0,-0.03,0.0,1.0,0.0,0.015
0,0.0,80,0.1,0.0,-0.02,0.009999999999999998,0.005000000000000001,10.000000000000002,0.0,0.0,6.000000000000001,0.025,0.0,-0.03,0.0,1.0,0.0,0.015
1,0.03333302554337065,0,0.0,0.0,-0.02,0.009999999999999998,0.005000000000000001,10.000000000000002,0.0,0.0,6.000000000000001,0.025,0.0,-0.03,0.0,1.0,0.0,0.015
1,0.03333302554337065,1,0.0012356863621856128,0.0,-0.019988498140208484,0.010011501859791515,0.004988498140208485,9.97699628041697,-0.0007439877418283117,0.0020230714426758027,5.9861977682501815,0.025,0.0,-0.03,0.0,1.0,0.0,0.015
1,0.03333302554337065,2,0.002468439276558434,0.0,-0.019898297841014,0.010101702158985999,0.004898297841014001,9.796595682028002,-0.002660453334653166,0.004058549281861234,5.877957409216801,0.025,0.0,-0.03,0.0,1.0,0.0,0.015
1,0.03333302554337065,3,0.0036936536157867465,0.0,-0.019733001664679853,0.010266998335320146,0.004733001664679853,9.466003329359706,-0.003232119834199787,0.006176407559284355,5.679601997615824,0.025,0.0,-0.03,0.0,1.0,0.0,0.015
1,0.03333302554337065,4,0.004907682820602571,0.0,-0.019497008694552117,0.010502991305447882,0.0044970086945521175,8.994017389104235,-0.007681601143241459,0.00728587286016533,5.396410433462541,0.025,0.0,-0.03,0.0,1.0,0.0,0.015
1,0.03333302554337065,5,0.00610737863117203,0.0,-0.019195440772040013,0.010804559227959986,0.0041954407720400134,8.390881544080028,-0.00582749700362061,0.010118753592264738,5.034528926448016,0.025,0.0,-0.03,0.0,1.0,0.0,0.015
1,0.03333302554337065,6,0.007290901328506993,0.0,-0.018833850964665708,0.011166149035334291,0.003833850964665708,7.667701929331416,-0.013177260198771695,0.009360916442232031,4.60062115759885,0.025,0.0,-0.03,0.0,1.0,0.0,0.015
1,0.03333302554337065,7,0.008456822029319027,0.0,-0.018418280467525708,0.011581719532474291,0.0034182804675257084,6.836560935051416,-0.007337621735270574,0.013519464340849429,4.10193656103085,0.025,0.0,-0.03,0.0,1.0,0.0,0.015
1,0.03333302554337065,8,0.009605092853566016,0.0,-0.01795485132003115,0.012045148679968847,0.0029548513200311523,5.909702640062305,-0.01734098301329751,0.011008261564986794,3.5458215840373826,0.025,0.0,-0.03,0.0,1.0,0.0,0.015
1,0.03333302554337065,9,0.010735987703155262,0.0,-0.01744996927071897,0.012550030729281028,0.0024499692707189713,4.899938541437942,-0.006840958751798167,0.015369056248918312,2.939963124862765,0.025,0.0,-0.03,0.0,1.0,0.0,0.015
1,0.03333302554337065,10,0.011850942932031075,0.0,-0.016909897880217857,0.013090102119782142,0.0019098978802178576,3.8197957604357153,-0.01848875055618578,0.012750159452539649,2.291877456261429,0.025,0.0,-0.03,0.0,1.0,0.0,0.015
1,0.03333302554337065,11,0.012951694167135088,0.0,-0.01634099084752424,0.013659009152475757,0.001340990847524242,2.681981695048484,-0.0035731101186941825,0.014807653967330137,1.6091890170290903,0.025,0.0,-0.03,0.0,1.0,0.0,0.015
1,0.03333302554337065,12,0.01404150263634276,0.0,-0.01575133543635555,0.014248664563644448,0.0007513354363555512,1.5026708727111024,-0.015046673228292772,0.014875185497802604,0.9016025236266614,0.025,0.0,-0.03,0.0,1.0,0.0,0.015
1,0.03333302554337065,13,0.015124280944092613,0.0,-0.015149452712206059,0.01485054728779394,0.00014945271220605932,0.29890542441211865,0.002333453811547432,0.00975203632149454,0.1793432546472712,0.025,0.0,-0.03,0.0,1.0,0.0,0.015
2,0.0666660510867413,0,0.0,0.0,-0.02,0.009999999999999998,0.005000000000000001,10.000000000000002,0.0,0.0,6.000000000000001,0.025,0.0,-0.03,0.0,1.0,0.0,0.015
2,0.0666660510867413,1,0.0012380496348491194,0.0,-0.020006891730747243,0.009993108269252756,0.005006891730747243,10.013783461494487,0.016660660952913672,0.07796345080437546,6.008270076896692,0.025,0.0,-0.03,0.0,1.0,0.0,0.015
2,0.0666660510867413,2,0.0024746698038822846,0.0,-0.019947374465091188,0.01005262553490881,0.004947374465091189,9.894748930182377,0.0338496248547892,0.11915001940108115,5.936849358109426,0.025,0.0,-0.03,0.0,1.0,0.0,0.015
2,0.0666660510867413,3,0.0037062314801157535,0.0,-0.019820400336468508,0.010179599663531491,0.004820400336468508,9.640800672937017,0.052382052753110524,0.1289126625474629,5.78448040376221,0.025,0.0,-0.03,0.0,1.0,0.0,0.015
2,0.0666660510867413,4,0.004928696460512968,0.0,-0.019625832249217375,0.010374167750782624,0.004625832249217376,9.251664498434751,0.06390888272887783,0.10069940942385465,5.550998699060851,0.025,0.0,-0.03,0.0,1.0,0.0,0.015
2,0.0666660510867413,5,0.006138430784350624,0.0,-0.01936427497026704,0.010635725029732958,0.004364274970267042,8.728549940534084,0.07290149656069615,0.08635643885655374,5.23712996432045,0.025,0.0,-0.03,0.0,1.0,0.0,0.015
2,0.0666660510867413,6,0.007331855349689701,0.0,-0.01903710568174461,0.010962894318255388,0.004037105681744611,8.074211363489223,0.07146994432378632,0.06224589511494579,4.8445268180935335,0.025,0.0,-0.03,0.0,1.0,0.0,0.015
2,0.0666660510867413,7,0.008506100248681111,0.0,-0.01864636132042837,0.011353638679571627,0.003646361320428372,7.292722640856744,0.06388878731397918,0.06443484460468174,4.375633584514047,0.025,0.0,-0.03,0.0,1.0,0.0,0.015
2,0.0666660510867413,8,0.009658205336515477,0.0,-0.01819486572595462,0.011805134274045379,0.003194865725954621,6.389731451909242,0.044416430339685176,0.05053933811668897,3.833838871145545,0.025,0.0,-0.03,0.0,1.0,0.0,0.015
2,0.0666660510867413,9,0.010786253968417592,0.0,-0.01768530607911493,0.012314693920885068,0.0026853060791149318,5.370612158229863,0.05756213011639323,0.08260488935575576,3.222367294937918,0.025,0.0,-0.03,0.0,1.0,0.0,0.015
2,0.0666660510867413,10,0.011888432665842299,0.0,-0.017120777069184898,0.012879222930815101,0.002120777069184898,4.241554138369796,0.07232395111102494,0.09814943058397228,2.544932483021878,0.025,0.0,-0.03,0.0,1.0,0.0,0.015
2,0.0666660510867413,11,0.012964119576123917,0.0,-0.016505452503695582,0.013494547496304417,0.0015054525036955826,3.010905007391165,0.0871681052508285,0.11150816903471653,1.806543004434699,0.025,0.0,-0.03,0.0,1.0,0.0,0.015
2,0.0666660510867413,12,0.014013159723803655,0.0,-0.015844764271934802,0.014155235728065197,0.0008447642719348024,1.6895285438696048,0.07178013491391087,0.08594393845274668,1.0137171263217628,0.025,0.0,-0.03,0.0,1.0,0.0,0.015
2,0.0666660510867413,13,0.015035953500681506,0.0,-0.015142690239281562,0.014857309760718437,0.00014269023928156245,0.2853804785631249,0.07077720172577368,0.10153732094128406,0.1712282871378749,0.025,0.0,-0.03,0.0,1.0,0.0,0.015
2,0.0666660510867413,46,0.03638631164479115,0.0,-0.015525645626516963,0.014474354373483036,0.0005256456265169632,1.0512912530339265,-0.08917272119226995,0.3204997216208907,0.6307747518203558,0.025,0.0,-0.03,0.0,1.0,0.0,0.015
2,0.0666660510867413,47,0.03692754689683681,0.0,-0.01664157593336875,0.01335842406663125,0.0016415759333687496,3.2831518667374993,-0.0847944409871745,0.36094527770481666,1.9698911200424996,0.025,0.0,-0.03,0.0,1.0,0.0,0.015
2,0.0666660510867413,48,0.03812145190937535,0.0,-0.01634023047415971,0.01365976952584029,0.0013402304741597093,2.6804609483194186,-0.07202471751652843,0.35426088600424827,1.6082765689916512,0.025,0.0,-0.03,0.0,1.0,0.0,0.015
2,0.0666660510867413,49,0.039311572311676854,0.0,-0.01602457921339925,0.013975420786600749,0.0010245792133992508,2.0491584267985017,-0.030682351541432524,0.3524181477929559,1.229495056079101,0.025,0.0,-0.03,0.0,1.0,0.0,0.015
2,0.0666660510867413,50,0.04049912456519078,0.0,-0.01569746759515534,0.014302532404844658,0.0006974675951553419,1.394935190310684,0.015391705455476044,0.3393677215964959,0.8369611141864103,0.025,0.0,-0.03,0.0,1.0,0.0,0.015
2,0.0666660510867413,51,0.04168418963344175,0.0,-0.015361214173927554,0.014638785826072444,0.000361214173927555,0.7224283478551099,0.05174537348780667,0.3251117308422296,0.4334570087130659,0.025,0.0,-0.03,0.0,1.0,0.0,0.015
2,0.0666660510867413,52,0.042868534712536224,0.0,-0.015018288326539212,0.014981711673460787,1.828832653921232e-05,0.03657665307842464,0.10513330887960351,0.26375071152670715,0.021945991847054785,0.025,0.0,-0.03,0.0,1.0,0.0,0.015
3,0.09999907663011195,0,0.0,0.0,-0.02,0.009999999999999998,0.005000000000000001,10.000000000000002,0.0,0.0,6.000000000000001,0.025,0.0,-0.03,0.0,1.0,0.0,0.015
3,0.09999907663011195,1,0.0012442749237669482,0.0,-0.01999763443765633,0.010002365562343667,0.004997634437656332,9.995268875312664,-0.00017011811666731047,0.0005859334985344297,5.997161325187599,0.025,0.0,-0.03,0.0,1.0,0.0,0.015
3,0.09999907663011195,2,0.002486441234703444,0.0,-0.01992413240212046,0.01007586759787954,0.00492413240212046,9.84826480424092,-0.00030482262732861245,0.0007888546974801385,5.908958882544551,0.025,0.0,-0.03,0.0,1.0,0.0,0.015
3,0.09999907663011195,3,0.003722516007966329,0.0,-0.019780492903116374,0.010219507096883625,0.004780492903116374,9.560985806232749,-0.0008681903072322246,0.0013998344020241635,5.736591483739649,0.025,0.0,-0.03,0.0,1.0,0.0,0.015
3,0.09999907663011195,4,0.004948782370649282,0.0,-0.019568139261406468,0.010431860738593531,0.004568139261406468,9.136278522812937,-0.0007853813722679324,0.001157662914866682,5.481767113687762,0.025,0.0,-0.03,0.0,1.0,0.0,0.015
3,0.09999907663011195,5,0.006161619733017482,0.0,-0.01928892406154202,0.010711075938457978,0.004288924061542021,8.577848123084042,-0.0017814449729480313,0.0017004833475027389,5.146708873850425,0.025,0.0,-0.03,0.0,1.0,0.0,0.015
3,0.09999907663011195,6,0.007357934738442141,0.0,-0.018945008052769108,0.011054991947230891,0.003945008052769108,7.8900161055382165,-0.0012807932810701638,0.0014012129964537242,4.734009663322929,0.025,0.0,-0.03,0.0,1.0,0.0,0.015
3,0.09999907663011195,7,0.008534632246240513,0.0,-0.018538961713174137,0.011461038286825861,0.003538961713174138,7.077923426348276,-0.0027274709654753876,0.0018918889555781583,4.246754055808966,0.025,0.0,-0.03,0.0,1.0,0.0,0.015
3,0.09999907663011195,8,0.009689408431796092,0.0,-0.018073487197690412,0.011926512802309587,0.0030734871976904124,6.146974395380825,-0.001705853344353423,0.0015318740675582347,3.688184637228495,0.025,0.0,-0.03,0.0,1.0,0.0,0.015
3,0.09999907663011195,9,0.010819852445446254,0.0,-0.017551691118365065,0.012448308881634933,0.002551691118365066,5.103382236730132,-0.003358666489715999,0.001606174978524436,3.062029342038079,0.025,0.0,-0.03,0.0,1.0,0.0,0.015
3,0.09999907663011195,10,0.011924503954534189,0.0,-0.016976616917751475,0.013023383082248523,0.001976616917751476,3.953233835502952,-0.0022870749464395826,0.000987631095021258,2.371940301301771,0.025,0.0,-0.03,0.0,1.0,0.0,0.015
3,0.09999907663011195,11,0.013001730116903283,0.0,-0.01635171009272335,0.01364828990727665,0.0013517100927233489,2.7034201854466975,-0.0035976467970662025,0.0009599282836239839,1.6220521112680184,0.025,0.0,-0.03,0.0,1.0,0.0,0.015
3,0.09999907663011195,12,0.014051080436753287,0.0,-0.015680522347171887,0.014319477652828112,0.0006805223471718878,1.3610446943437757,-0.002748548816544216,0.0006403164463059077,0.8166268166062655,0.025,0.0,-0.03,0.0,1.0,0.0,0.015
3,0.09999907663011195,46,0.03599150394140284,0.0,-0.015606548921780839,0.01439345107821916,0.0006065489217808393,1.2130978435616786,0.005165486720767469,0.004095687373412965,0.7278587061370071,0.025,0.0,-0.03,0.0,1.0,0.0,0.015
3,0.09999907663011195,47,0.036453183659426514,0.0,-0.016773785917075568,0.013226214082924431,0.0017737859170755682,3.547571834151136,0.005826301521205756,0.001063123354009587,2.1285431004906816,0.025,0.0,-0.03,0.0,1.0,0.0,0.015
3,0.09999907663011195,48,0.037262146767331375,0.0,-0.01583833636848671,0.014161663631513288,0.0008383363684867119,1.6766727369734238,0.01629895192991643,0.007211849024881456,1.0060036421840541,0.025,0.0,-0.03,0.0,1.0,0.0,0.015
4,0.1333321021734826,0,0.0,0.0,-0.02,0.009999999999999998,0.005000000000000001,10.000000000000002,0.0,0.0,6.000000000000001,0.025,0.0,-0.03,0.0,1.0,0.0,0.015
4,0.1333321021734826,1,0.0012424661260266804,0.0,-0.02000071404349094,0.00999928595650906,0.00500071404349094,10.00142808698188,-1.639702085105252e-05,0.0007051369660899375,6.000856852189128,0.025,0.0,-0.03,0.0,1.0,0.0,0.015
4,0.1333321021734826,2,0.002483020087371363,0.0,-0.01993221169140832,0.010067788308591678,0.004932211691408322,9.864423382816643,-0.0002656236242514324,0.0014890008043696276,5.918654029689986,0.025,0.0,-0.03,0.0,1.0,0.0,0.015
4,0.1333321021734826,3,0.0037179094495792984,0.0,-0.019794829117082663,0.010205170882917336,0.0047948291170826635,9.589658234165327,6.566997990317378e-05,0.002038600116973401,5.753794940499196,0.025,0.0,-0.03,0.0,1.0,0.0,0.015
4,0.1333321021734826,4,0.004943306990999343,0.0,-0.01958941784822228,0.01041058215177772,0.004589417848222279,9.178835696444558,-0.0008760548763209362,0.0027849221697283013,5.507301417866735,0.025,0.0,-0.03,0.0,1.0,0.0,0.015
4,0.1333321021734826,5,0.006155776621630816,0.0,-0.01931726848677041,0.010682731513229588,0.004317268486770411,8.634536973540822,0.00035783822928724004,0.0031616163370906526,5.180722184124493,0.025,0.0,-0.03,0.0,1.0,0.0,0.015
4,0.1333321021734826,6,0.007351823022603838,0.0,-0.018980177545746126,0.011019822454253873,0.003980177545746127,7.960355091492254,-0.0016900483693054365,0.0037919197426868547,4.776213054895352,0.025,0.0,-0.03,0.0,1.0,0.0,0.015
4,0.1333321021734826,7,0.008528569680475278,0.0,-0.018580264275504653,0.011419735724495346,0.0035802642755046535,7.160528551009307,0.0008406649645371116,0.004014804637940591,4.296317130605584,0.025,0.0,-0.03,0.0,1.0,0.0,0.015
4,0.1333321021734826,8,0.009683124261458896,0.0,-0.01812011970099291,0.011879880299007089,0.0031201197009929106,6.240239401985821,-0.0025640441686126136,0.00452224578060259,3.7441436411914926,0.025,0.0,-0.03,0.0,1.0,0.0,0.015
4,0.1333321021734826,9,0.010813352996738442,0.0,-0.017602509017960823,0.012397490982039176,0.002602509017960823,5.205018035921646,0.0014776062184749179,0.004584146300809444,3.1230108215529877,0.025,0.0,-0.03,0.0,1.0,0.0,0.015
4,0.1333321021734826,10,0.011917160859457201,0.0,-0.017030610317852704,0.012969389682147295,0.0020306103178527046,4.061220635705409,-0.0033860081449888753,0.005018867044945394,2.436732381423245,0.025,0.0,-0.03,0.0,1.0,0.0,0.015
4,0.1333321021734826,11,0.012993271551214889,0.0,-0.016407621533767795,0.013592378466232204,0.0014076215337677951,2.81524306753559,0.002238749828245931,0.0048306580322768225,1.689145840521354,0.025,0.0,-0.03,0.0,1.0,0.0,0.015
4,0.1333321021734826,12,0.01404096008955573,0.0,-0.01573784823398036,0.014262151766019637,0.0007378482339803621,1.4756964679607243,-0.0039225601078567846,0.005120969310776732,0.8854178807764346,0.025,0.0,-0.03,0.0,1.0,0.0,0.015
4,0.1333321021734826,13,0.015060073587458863,0.0,-0.01502498182754761,0.014975018172452389,2.4981827547610608e-05,0.049963655095221216,0.0026747990166993696,0.004497085212551839,0.02997819305713273,0.025,0.0,-0.03,0.0,1.0,0.0,0.015
4,0.1333321021734826,46,0.03585281637728846,0.0,-0.015457366597248303,0.014542633402751696,0.0004573665972483036,0.9147331944966073,0.004541625929455029,0.004425644545552016,0.5488399166979644,0.025,0.0,-0.03,0.0,1.0,0.0,0.015
4,0.1333321021734826,47,0.036415401618227976,0.0,-0.016584144333731933,0.013415855666268066,0.0015841443337319336,3.1682886674638673,0.004497207349630085,0.002839770202132973,1.9009732004783202,0.025,0.0,-0.03,0.0,1.0,0.0,0.015
4,0.1333321021734826,48,0.03703433989577418,0.0,-0.015512984147108694,0.014487015852891305,0.0005129841471086943,1.0259682942173887,0.007037871722071475,0.006419784005566548,0.6155809765304332,0.025,0.0,-0.03,0.0,1.0,0.0,0.015
5,0.16666512771685324,0,0.0,0.0,-0.02,0.009999999999999998,0.005000000000000001,10.000000000000002,0.0,0.0,6.000000000000001,0.025,0.0,-0.03,0.0,1.0,0.0,0.015
5,0.16666512771685324,1,0.0012420016068545416,0.0,-0.020001864430363586,0.009998135569636413,0.005001864430363587,10.003728860727174,1.5412877532467412e-06,0.0005475780373133789,6.002237316436304,0.025,0.0,-0.03,0.0,1.0,0.0,0.015
5,0.16666512771685324,2,0.002482176641395075,0.0,-0.01993513358109625,0.010064866418903747,0.004935133581096252,9.870267162192505,-0.00016239870818785063,0.0010992713903809172,5.922160297315503,0.025,0.0,-0.03,0.0,1.0,0.0,0.015
5,0.16666512771685324,3,0.0037167888657496967,0.0,-0.019799893865281436,0.010200106134718563,0.004799893865281436,9.599787730562873,0.00011488138656491255,0.0015556465508110666,5.759872638337724,0.025,0.0,-0.03,0.0,1.0,0.0,0.015
5,0.16666512771685324,4,0.004942050806528194,0.0,-0.019596755578300405,0.010403244421699594,0.004596755578300405,9.19351115660081,-0.0005407790701643221,0.0020113136703260527,5.516106693960485,0.025,0.0,-0.03,0.0,1.0,0.0,0.015
5,0.16666512771685324,5,0.006154453045587969,0.0,-0.01932680113184647,0.01067319886815353,0.004326801131846469,8.653602263692939,0.00038584320548680745,0.002324533910075352,5.192161358215763,0.025,0.0,-0.03,0.0,1.0,0.0,0.015
5,0.16666512771685324,6,0.007350477199642215,0.0,-0.01899163006429297,0.01100836993570703,0.00399163006429297,7.98326012858594,-0.0010219873343306138,0.0026278579639067413,4.7899560771515635,0.025,0.0,-0.03,0.0,1.0,0.0,0.015
5,0.16666512771685324,7,0.008527136240511747,0.0,-0.01859320858870768,0.011406791411292319,0.0035932085887076803,7.186417177415361,0.0007566414274968966,0.0027837261394964763,4.311850306449217,0.025,0.0,-0.03,0.0,1.0,0.0,0.015
5,0.16666512771685324,8,0.009681447597200497,0.0,-0.01813399792179981,0.01186600207820019,0.0031339979217998096,6.2679958435996195,-0.0014787958319437645,0.002954553907126381,3.7607975061597716,0.025,0.0,-0.03,0.0,1.0,0.0,0.015
5,0.16666512771685324,9,0.010811179573818165,0.0,-0.017616661819087737,0.012383338180912262,0.002616661819087738,5.2333236381754755,0.0011733529904522848,0.0029470902415301894,3.1399941829052853,0.025,0.0,-0.03,0.0,1.0,0.0,0.015
5,0.16666512771685324,10,0.011914094138553103,0.0,-0.01704432991458654,0.01295567008541346,0.0020443299145865394,4.0886598291730785,-0.0018272960355983383,0.003074151124044133,2.453195897503847,0.025,0.0,-0.03,0.0,1.0,0.0,0.015
5,0.16666512771685324,11,0.012988857891670603,0.0,-0.01642013841922254,0.01357986158077746,0.00142013841922254,2.84027683844508,0.0016531468591384146,0.0028424133184124733,1.7041661030670479,0.025,0.0,-0.03,0.0,1.0,0.0,0.015
5,0.16666512771685324,12,0.014034621755527341,0.0,-0.015748442613003715,0.014251557386996284,0.0007484426130037157,1.4968852260074315,-0.0019648277369099347,0.00303413224492691,0.8981311356044589,0.025,0.0,-0.03,0.0,1.0,0.0,0.015
5,0.16666512771685324,13,0.015051244887525716,0.0,-0.015032908182250643,0.014967091817749356,3.290818225064329e-05,0.06581636450128658,0.0019492061490796386,0.0025525299866439983,0.03948981870077195,0.025,0.0,-0.03,0.0,1.0,0.0,0.015
5,0.16666512771685324,46,0.035703128019198616,0.0,-0.015325167542341775,0.014674832457658224,0.0003251675423417751,0.6503350846835503,0.0034535317821203816,0.004574457048244094,0.3902010508101302,0.025,0.0,-0.03,0.0,1.0,0.0,0.015
5,0.16666512771685324,47,0.036291425946367625,0.0,-0.016439433567890033,0.013560566432109965,0.001439433567890034,2.878867135780068,0.004587623661945882,0.00414655023528239,1.7273202814680408,0.025,0.0,-0.03,0.0,1.0,0.0,0.015
5,0.16666512771685324,48,0.036812799969694505,0.0,-0.01531763293931405,0.01468236706068595,0.00031763293931405014,0.6352658786281002,0.004198229613561706,0.00721994595159479,0.38115952717686014,0.025,0.0,-0.03,0.0,1.0,0.0,0.015
6,0.1999981532602239,0,0.0,0.0,-0.02,0.009999999999999998,0.005000000000000001,10.000000000000002,0.0,0.0,6.000000000000001,0.025,0.0,-0.03,0.0,1.0,0.0,0.015
6,0.1999981532602239,1,0.001241811449880534,0.0,-0.020002633330075046,0.009997366669924953,0.0050026333300750465,10.005266660150093,-6.135991495683276e-05,0.0007696247663078663,6.003159996090056,0.025,0.0,-0.03,0.0,1.0,0.0,0.015
6,0.1999981532602239,2,0.0024818535356943452,0.0,-0.019937029228735834,0.010062970771264165,0.004937029228735835,9.87405845747167,8.825317792599552e-05,0.001490856534992598,5.924435074483001,0.025,0.0,-0.03,0.0,1.0,0.0,0.015
6,0.1999981532602239,3,0.0037163821671113155,0.0,-0.019803105605825693,0.010196894394174306,0.004803105605825694,9.606211211651388,-0.00040302371771793773,0.0021822978417964955,5.763726726990833,0.025,0.0,-0.03,0.0,1.0,0.0,0.015
6,0.1999981532602239,4,0.004941652692257078,0.0,-0.01960130146415421,0.01039869853584579,0.00460130146415421,9.202602928308421,0.0004148704910002364,0.0027517796729567886,5.521561756985053,0.025,0.0,-0.03,0.0,1.0,0.0,0.015
6,0.1999981532602239,5,0.006154057504419961,0.0,-0.019332558845713402,0.010667441154286597,0.004332558845713402,8.665117691426804,-0.0009736653690358835,0.003258358117726817,5.199070614856082,0.025,0.0,-0.03,0.0,1.0,0.0,0.015
6,0.1999981532602239,6,0.007350111819585239,0.0,-0.01899831848797294,0.011001681512027059,0.0039983184879729405,7.996636975945881,0.0009239808568500739,0.003623213544202403,4.797982185567529,0.025,0.0,-0.03,0.0,1.0,0.0,0.015
6,0.1999981532602239,7,0.008526653693779836,0.0,-0.01860045560086769,0.011399544399132308,0.0036004556008676913,7.200911201735383,-0.001613186957620727,0.0039198744323734715,4.32054672104123,0.025,0.0,-0.03,0.0,1.0,0.0,0.015
6,0.1999981532602239,8,0.009680734835572413,0.0,-0.018141289055926955,0.011858710944073043,0.003141289055926956,6.282578111853912,0.0015168996989079178,0.004072615278684511,3.769546867112347,0.025,0.0,-0.03,0.0,1.0,0.0,0.015
6,0.1999981532602239,9,0.010809894565148246,0.0,-0.01762345429667668,0.012376545703323319,0.0026234542966766805,5.246908593353361,-0.002182492544447853,0.004227543295877047,3.148145156012016,0.025,0.0,-0.03,0.0,1.0,0.0,0.015
6,0.1999981532602239,10,0.011911938221933972,0.0,-0.01704995555403966,0.012950044445960339,0.0020499555540396605,4.099911108079321,0.002123693535185496,0.004167227135655462,2.4599466648475925,0.025,0.0,-0.03,0.0,1.0,0.0,0.015
6,0.1999981532602239,11,0.012985277727684352,0.0,-0.016423964642850276,0.013576035357149723,0.0014239646428502763,2.8479292857005527,-0.002579257160287583,0.004329236442118852,1.7087575714203316,0.025,0.0,-0.03,0.0,1.0,0.0,0.015
6,0.1999981532602239,12,0.014029097154433179,0.0,-0.01574968456824449,0.01425031543175551,0.0007496845682444901,1.4993691364889803,0.0026996966438164694,0.00395197338626898,0.8996214818933882,0.025,0.0,-0.03,0.0,1.0,0.0,0.015
6,0.1999981532602239,13,0.015042977865496856,0.0,-0.015030827424766493,0.014969172575233506,3.0827424766493444e-05,0.06165484953298689,-0.002823984581271151,0.0042317160387400216,0.03699290971979213,0.025,0.0,-0.03,0.0,1.0,0.0,0.015
6,0.1999981532602239,46,0.03555193553080715,0.0,-0.015198684026295163,0.014801315973704836,0.00019868402629516328,0.3973680525903266,0.0031812485606717376,0.004347282628610602,0.23842083155419594,0.025,0.0,-0.03,0.0,1.0,0.0,0.015
6,0.1999981532602239,47,0.036154627467345685,0.0,-0.016305567423589653,0.013694432576410346,0.0013055674235896535,2.611134847179307,0.004625675539117119,0.00428350203877467,1.566680908307584,0.025,0.0,-0.03,0.0,1.0,0.0,0.015
6,0.1999981532602239,48,0.03658614985209235,0.0,-0.015146327537992676,0.014853672462007323,0.00014632753799267637,0.29265507598535273,0.004033637696709154,0.007106177448550799,0.17559304559121164,0.025,0.0,-0.03,0.0,1.0,0.0,0.015
7,0.23333117880359455,0,0.0,0.0,-0.02,0.009999999999999998,0.005000000000000001,10.000000000000002,0.0,0.0,6.000000000000001,0.025,0.0,-0.03,0.0,1.0,0.0,0.015
7,0.23333117880359455,1,0.0012416596053715166,0.0,-0.020003342460214606,0.009996657539785393,0.005003342460214607,10.006684920429214,2.597948572727192e-06,0.00042059603191742933,6.004010952257528,0.025,0.0,-0.03,0.0,1.0,0.0,0.015
7,0.23333117880359455,2,0.0024816114435534226,0.0,-0.01993876595371286,0.01006123404628714,0.00493876595371286,9.87753190742572,-0.0001335041397735328,0.000841052209438458,5.9265191444554315,0.025,0.0,-0.03,0.0,1.0,0.0,0.015
7,0.23333117880359455,3,0.003716073948184177,0.0,-0.01980603444726442,0.010193965552735579,0.004806034447264421,9.612068894528841,9.077769432901087e-05,0.0012054793692178856,5.767241336717304,0.025,0.0,-0.03,0.0,1.0,0.0,0.015
7,0.23333117880359455,4,0.004941387851148274,0.0,-0.0196054218495359,0.010394578150464098,0.004605421849535902,9.210843699071804,-0.00042814986739854075,0.0015567044774911114,5.526506219443082,0.025,0.0,-0.03,0.0,1.0,0.0,0.015
7,0.23333117880359455,5,0.006153789297627395,0.0,-0.019337749314207453,0.010662250685792546,0.004337749314207454,8.675498628414907,0.0003079206289487453,0.001827531023711952,5.205299177048944,0.025,0.0,-0.03,0.0,1.0,0.0,0.015
7,0.23333117880359455,6,0.007349900496319708,0.0,-0.01900429079787304,0.01099570920212696,0.004004290797873039,8.008581595746078,-0.0008066768720510261,0.002067104803025466,4.8051489574476465,0.025,0.0,-0.03,0.0,1.0,0.0,0.015
7,0.23333117880359455,7,0.008526304178410729,0.0,-0.018606859557970545,0.011393140442029454,0.0036068595579705452,7.213719115941091,0.0006231010535392715,0.002224267368778463,4.328231469564654,0.025,0.0,-0.03,0.0,1.0,0.0,0.015
7,0.23333117880359455,8,0.009680179703038094,0.0,-0.01814760597797244,0.011852394022027559,0.0031476059779724404,6.295211955944881,-0.0011707821319698964,0.0023670131181013384,3.777127173566928,0.025,0.0,-0.03,0.0,1.0,0.0,0.015
7,0.23333117880359455,9,0.010808742284961708,0.0,-0.017629178222606748,0.012370821777393251,0.0026291782226067484,5.258356445213497,0.0009971884410202774,0.0023880612424490065,3.155013867128098,0.025,0.0,-0.03,0.0,1.0,0.0,0.015
7,0.23333117880359455,10,0.011909943239506386,0.0,-0.01705441022438762,0.01294558977561238,0.002054410224387619,4.108820448775238,-0.0014412907147431772,0.002513997078421518,2.465292269265143,0.025,0.0,-0.03,0.0,1.0,0.0,0.015
7,0.23333117880359455,11,0.012981837751886736,0.0,-0.016426564309491097,0.013573435690508902,0.0014265643094910976,2.853128618982195,0.0013678690373629646,0.0023662065957116224,1.711877171389317,0.025,0.0,-0.03,0.0,1.0,0.0,0.015
7,0.23333117880359455,12,0.014023735701867403,0.0,-0.015749617258882194,0.014250382741117805,0.0007496172588821945,1.499234517764389,-0.0015603960611332622,0.00254445522479713,0.8995407106586334,0.025,0.0,-0.03,0.0,1.0,0.0,0.015
7,0.23333117880359455,13,0.015034832259924729,0.0,-0.015027388755298774,0.014972611244701225,2.738875529877463e-05,0.05477751059754926,0.001839562890523678,0.002034360079550715,0.03286650635852956,0.025,0.0,-0.03,0.0,1.0,0.0,0.015
7,0.23333117880359455,46,0.03540015441204254,0.0,-0.015075124985812491,0.014924875014187508,7.512498581249173e-05,0.15024997162498346,0.002922262484475876,0.004479396735046099,0.09014998297499008,0.025,0.0,-0.03,0.0,1.0,0.0,0.015
7,0.23333117880359455,47,0.03601535222893967,0.0,-0.01617535461717583,0.013824645382824168,0.0011753546171758313,2.3507092343516627,0.004934551979388855,0.004558904988373942,1.4104255406109976,0.025,0.0,-0.03,0.0,1.0,0.0,0.015
8,0.2666642043469652,0,0.0,0.0,-0.02,0.009999999999999998,0.005000000000000001,10.000000000000002,0.0,0.0,6.000000000000001,0.025,0.0,-0.03,0.0,1.0,0.0,0.015
8,0.2666642043469652,1,0.0012415442540688216,0.0,-0.020004047753959725,0.009995952246040274,0.0050040477539597256,10.008095507919451,-4.327190189667611e-05,0.0004115966850804909,6.0048573047516705,0.025,0.0,-0.03,0.0,1.0,0.0,0.015
8,0.2666642043469652,2,0.0024813975132722695,0.0,-0.019940486338808603,0.010059513661191396,0.004940486338808604,9.880972677617207,2.6187548430617396e-05,0.00080110729133488,5.9285836065703235,0.025,0.0,-0.03,0.0,1.0,0.0,0.015
8,0.2666642043469652,3,0.0037158693469407766,0.0,-0.019808913771654776,0.010191086228345223,0.004808913771654776,9.617827543309552,-0.000257904400059703,0.00118831770077144,5.7706965259857315,0.025,0.0,-0.03,0.0,1.0,0.0,0.015
8,0.2666642043469652,4,0.004941173099812961,0.0,-0.019609465575342006,0.010390534424657993,0.004609465575342007,9.218931150684014,0.00018054689528295749,0.001523354298650769,5.531358690410408,0.025,0.0,-0.03,0.0,1.0,0.0,0.015
8,0.2666642043469652,5,0.00615367316567467,0.0,-0.019342789402707762,0.010657210597292237,0.004342789402707763,8.685578805415526,-0.0006103372669525195,0.0018350872814044104,5.2113472832493155,0.025,0.0,-0.03,0.0,1.0,0.0,0.015
8,0.2666642043469652,6,0.007349744937303362,0.0,-0.019010070519524903,0.010989929480475096,0.004010070519524903,8.020141039049806,0.00047051075935854636,0.002089989066231213,4.812084623429883,0.025,0.0,-0.03,0.0,1.0,0.0,0.015
8,0.2666642043469652,7,0.008526119075516814,0.0,-0.01861294268975618,0.01138705731024382,0.00361294268975618,7.22588537951236,-0.0010165214560683888,0.0023068879583088993,4.335531227707416,0.025,0.0,-0.03,0.0,1.0,0.0,0.015
8,0.2666642043469652,8,0.009679648842912645,0.0,-0.018153536231996052,0.011846463768003947,0.0031535362319960528,6.307072463992106,0.0008669039973113268,0.002449605092980756,3.7842434783952634,0.025,0.0,-0.03,0.0,1.0,0.0,0.015
8,0.2666642043469652,9,0.010807702021443918,0.0,-0.017634319151301345,0.012365680848698653,0.002634319151301346,5.268638302602692,-0.001387467964457655,0.0026067091470284944,3.1611829815616153,0.025,0.0,-0.03,0.0,1.0,0.0,0.015
8,0.2666642043469652,10,0.011907866843143433,0.0,-0.017058179012187077,0.012941820987812921,0.002058179012187078,4.116358024374156,0.0013294216583417415,0.002582169183875123,2.4698148146244936,0.025,0.0,-0.03,0.0,1.0,0.0,0.015
8,0.2666642043469652,11,0.012978348589574562,0.0,-0.016428202054101025,0.013571797945898974,0.0014282020541010257,2.8564041082020513,-0.0016283116025027514,0.002788636743731307,1.7138424649212307,0.025,0.0,-0.03,0.0,1.0,0.0,0.015
8,0.2666642043469652,12,0.014018050292328981,0.0,-0.01574841896507989,0.014251581034920108,0.0007484189650798917,1.4968379301597834,0.0017912012763619477,0.00242407057373657,0.89810275809587,0.025,0.0,-0.03,0.0,1.0,0.0,0.015
8,0.2666642043469652,13,0.015026270655325188,0.0,-0.015022423356704923,0.014977576643295076,2.2423356704923125e-05,0.04484671340984625,-0.0017058519500827572,0.0027781832669494053,0.02690802804590775,0.025,0.0,-0.03,0.0,1.0,0.0,0.015
8,0.2666642043469652,47,0.035863390631127486,0.0,-0.016039747083386114,0.013960252916613885,0.0010397470833861146,2.0794941667722293,0.0028107114818210436,0.004578238683802533,1.2476965000633375,0.025,0.0,-0.03,0.0,1.0,0.0,0.015
9,0.29999722989033584,0,0.0,0.0,-0.02,0.009999999999999998,0.005000000000000001,10.000000000000002,0.0,0.0,6.000000000000001,0.025,0.0,-0.03,0.0,1.0,0.0,0.015
9,0.29999722989033584,1,0.0012414476671359393,0.0,-0.020004756912111076,0.009995243087888923,0.005004756912111077,10.009513824222154,-1.6321655803535478e-06,0.00039125735540336884,6.005708294533292,0.025,0.0,-0.03,0.0,1.0,0.0,0.015
9,0.29999722989033584,2,0.002481249238356079,0.0,-0.01994220494713465,0.010057795052865349,0.004942204947134651,9.884409894269302,-0.00012309022211017621,0.0007784179744148657,5.930645936561581,0.025,0.0,-0.03,0.0,1.0,0.0,0.015
9,0.29999722989033584,3,0.0037157198364711104,0.0,-0.01981178210507703,0.010188217894922968,0.004811782105077031,9.623564210154061,7.49011840712018e-05,0.0011261656084491749,5.774138526092437,0.025,0.0,-0.03,0.0,1.0,0.0,0.015
9,0.29999722989033584,4,0.004941080594516722,0.0,-0.01961346535841988,0.010386534641580118,0.004613465358419881,9.226930716839762,-0.00040168635382378337,0.0014487650768486916,5.536158430103857,0.025,0.0,-0.03,0.0,1.0,0.0,0.015
9,0.29999722989033584,5,0.006153640620954475,0.0,-0.0193477574888845,0.0106522425111155,0.0043477574888844996,8.695514977769,0.00028171677237715957,0.001720606701992914,5.2173089866614,0.025,0.0,-0.03,0.0,1.0,0.0,0.015
9,0.29999722989033584,6,0.00734974440971032,0.0,-0.019015701578033933,0.010984298421966066,0.004015701578033933,8.031403156067867,-0.0007613146769433694,0.0019413747061543746,4.8188418936407205,0.025,0.0,-0.03,0.0,1.0,0.0,0.015
9,0.29999722989033584,7,0.008526019874771796,0.0,-0.018618816719155887,0.011381183280844111,0.003618816719155888,7.237633438311776,0.0005964070257861917,0.0021144905015448054,4.342580062987065,0.025,0.0,-0.03,0.0,1.0,0.0,0.015
9,0.29999722989033584,8,0.00967925538658699,0.0,-0.01815911964087608,0.01184088035912392,0.00315911964087608,6.3182392817521595,-0.001109931557406312,0.002250645519745373,3.7909435690512954,0.025,0.0,-0.03,0.0,1.0,0.0,0.015
9,0.29999722989033584,9,0.010806687261769816,0.0,-0.0176390026886534,0.0123609973113466,0.0026390026886533996,5.278005377306799,0.0009886029669167332,0.0022914471690209425,3.1668032263840797,0.025,0.0,-0.03,0.0,1.0,0.0,0.015
9,0.29999722989033584,10,0.011905816155872264,0.0,-0.017061275912381296,0.012938724087618703,0.002061275912381297,4.122551824762594,-0.0013747149711247112,0.0024248110821331603,2.4735310948575564,0.025,0.0,-0.03,0.0,1.0,0.0,0.015
9,0.29999722989033584,11,0.012974706177408668,0.0,-0.016428991454251616,0.013571008545748383,0.0014289914542516165,2.857982908503233,0.001447400655277788,0.0022567108729700646,1.7147897451019396,0.025,0.0,-0.03,0.0,1.0,0.0,0.015
9,0.29999722989033584,12,0.01401211273576696,0.0,-0.01574605513549943,0.01425394486450057,0.0007460551354994301,1.49211027099886,-0.0014643439115682797,0.0024834200932599896,0.895266162599316,0.025,0.0,-0.03,0.0,1.0,0.0,0.015
9,0.29999722989033584,13,0.015017146873778654,0.0,-0.015015996326922099,0.0149840036730779,1.5996326922099527e-05,0.031992653844199054,0.0018596933321257168,0.0019588593463163227,0.019195592306519432,0.025,0.0,-0.03,0.0,1.0,0.0,0.015
9,0.29999722989033584,47,0.03569719895312688,0.0,-0.015897862503174466,0.014102137496825533,0.0008978625031744666,1.7957250063489334,0.00513539643838489,0.0053871168043151,1.07743500380936,0.025,0.0,-0.03,0.0,1.0,0.0,0.015
10,0.3333302554337065,0,0.0,0.0,-0.02,0.009999999999999998,0.005000000000000001,10.000000000000002,0.0,0.0,6.000000000000001,0.025,0.0,-0.03,0.0,1.0,0.0,0.015
10,0.3333302554337065,1,0.0012413725946957682,0.0,-0.020005467429745835,0.009994532570254164,0.005005467429745836,10.010934859491671,-1.1543018122000516e-05,0.00016778454589709297,6.006560915695003,0.025,0.0,-0.03,0.0,1.0,0.0,0.015
10,0.3333302554337065,2,0.002481153304340463,0.0,-0.019943917548998255,0.010056082451001744,0.004943917548998256,9.887835097996511,-8.45138907931643e-05,0.0003362300983129783,5.932701058797907,0.025,0.0,-0.03,0.0,1.0,0.0,0.015
10,0.3333302554337065,3,0.003715632057438521,0.0,-0.01981463035855033,0.010185369641449667,0.004814630358550332,9.629260717100664,-1.3234568549239937e-05,0.0004857922897907992,5.777556430260398,0.025,0.0,-0.03,0.0,1.0,0.0,0.015
10,0.3333302554337065,4,0.004941086223925649,0.0,-0.019617415412943564,0.010382584587056435,0.0046174154129435645,9.234830825887128,-0.0002418800861912419,0.0006237077576340483,5.540898495532277,0.025,0.0,-0.03,0.0,1.0,0.0,0.015
10,0.3333302554337065,5,0.006153699232011597,0.0,-0.01935264084636286,0.01064735915363714,0.00435264084636286,8.70528169272572,4.2838363007021576e-05,0.0007467574662832865,5.223169015635432,0.025,0.0,-0.03,0.0,1.0,0.0,0.015
10,0.3333302554337065,6,0.007349869404157595,0.0,-0.01902118383463031,0.010978816165369689,0.00402118383463031,8.04236766926062,-0.0004214594961280568,0.0008352861550462027,4.825420601556372,0.025,0.0,-0.03,0.0,1.0,0.0,0.015
10,0.3333302554337065,7,0.008526014423824897,0.0,-0.018624475400495066,0.011375524599504933,0.003624475400495066,7.248950800990133,0.0001688833607668394,0.0009171001155533039,4.34937048059408,0.025,0.0,-0.03,0.0,1.0,0.0,0.015
10,0.3333302554337065,8,0.009678972609419419,0.0,-0.01816437400336703,0.01183562599663297,0.00316437400336703,6.32874800673406,-0.0005651740506985292,0.000976766995642958,3.7972488040404357,0.025,0.0,-0.03,0.0,1.0,0.0,0.015
10,0.3333302554337065,9,0.010805711259463766,0.0,-0.017643245798787656,0.012356754201212343,0.0026432457987876565,5.286491597575313,0.00036737252148435904,0.0009755801243643295,3.1718949585451877,0.025,0.0,-0.03,0.0,1.0,0.0,0.015
10,0.3333302554337065,10,0.01190377865641128,0.0,-0.01706375497626443,0.012936245023735568,0.0020637549762644314,4.127509952528863,-0.0006236413799360846,0.0010834922259465483,2.4765059715173177,0.025,0.0,-0.03,0.0,1.0,0.0,0.015
10,0.3333302554337065,11,0.012970941250576785,0.0,-0.016428993628216107,0.013571006371783892,0.0014289936282161075,2.857987256432215,0.00061369708873966,0.000923574026202901,1.714792353859329,0.025,0.0,-0.03,0.0,1.0,0.0,0.015
10,0.3333302554337065,12,0.0140059418298368,0.0,-0.01574264140991154,0.014257358590088458,0.000742641409911541,1.4852828198230819,-0.0005654155087552253,0.0011925157070795498,0.8911696918938491,0.025,0.0,-0.03,0.0,1.0,0.0,0.015
10,0.3333302554337065,13,0.01500753379830326,0.0,-0.015008250001158562,0.014991749998841437,8.250001158562406e-06,0.016500002317124812,0.001007836452197936,0.0006677534150805142,0.009900001390274887,0.025,0.0,-0.03,0.0,1.0,0.0,0.015
10,0.3333302554337065,47,0.035518108696939915,0.0,-0.01575135887105797,0.01424864112894203,0.0007513588710579694,1.5027177421159388,0.004292050978687772,0.005469094304366357,0.9016306452695633,0.025,0.0,-0.03,0.0,1.0,0.0,0.015
11,0.3666632809770771,0,0.0,0.0,-0.02,0.009999999999999998,0.005000000000000001,10.000000000000002,0.0,0.0,6.000000000000001,0.025,0.0,-0.03,0.0,1.0,0.0,0.015
11,0.3666632809770771,1,0.0012413198850365146,0.0,-0.020006181367265702,0.009993818632734297,0.005006181367265702,10.012362734531404,-2.684201514240357e-05,0.00014689538348234402,6.007417640718843,0.025,0.0,-0.03,0.0,1.0,0.0,0.015
11,0.3666632809770771,2,0.00248108586588946,0.0,-0.0199456320207739,0.010054367979226098,0.004945632020773902,9.891264041547803,-2.2259365393848772e-05,0.00029178531691055934,5.934758424928682,0.025,0.0,-0.03,0.0,1.0,0.0,0.015
11,0.3666632809770771,3,0.003715608802504106,0.0,-0.019817468064895608,0.010182531935104391,0.004817468064895608,9.634936129791216,-0.00014021909097182693,0.0004276177950849166,5.780961677874729,0.025,0.0,-0.03,0.0,1.0,0.0,0.015
11,0.3666632809770771,4,0.004941144752408494,0.0,-0.019621339774294748,0.010378660225705251,0.0046213397742947485,9.242679548589496,-1.267749825790803e-06,0.0005696536238687965,5.545607729153698,0.025,0.0,-0.03,0.0,1.0,0.0,0.015
11,0.3666632809770771,5,0.006153854126053292,0.0,-0.019357459334382397,0.010642540665617602,0.004357459334382398,8.714918668764795,-0.0003063031841195014,0.000674366179465657,5.2289512012588775,0.025,0.0,-0.03,0.0,1.0,0.0,0.015
11,0.3666632809770771,6,0.007350058053789267,0.0,-0.019026564812841967,0.010973435187158032,0.004026564812841967,8.053129625683935,9.32723860719301e-05,0.0008069768850073642,4.831877775410361,0.025,0.0,-0.03,0.0,1.0,0.0,0.015
11,0.3666632809770771,7,0.008526110965281592,0.0,-0.01862995343406371,0.011370046565936289,0.0036299534340637103,7.259906868127421,-0.0004764521732458704,0.0008768535352740863,4.355944120876452,0.025,0.0,-0.03,0.0,1.0,0.0,0.015
11,0.3666632809770771,8,0.009678729595637665,0.0,-0.018169379252783703,0.011830620747216296,0.0031693792527837036,6.338758505567407,0.00027431077923253824,0.0009641973843233987,3.803255103340444,0.025,0.0,-0.03,0.0,1.0,0.0,0.015
11,0.3666632809770771,9,0.010804788157507994,0.0,-0.017647107657919426,0.012352892342080573,0.0026471076579194265,5.294215315838853,-0.000597105085727388,0.0010341397052302066,3.1765291895033116,0.025,0.0,-0.03,0.0,1.0,0.0,0.015
11,0.3666632809770771,10,0.011901686098144109,0.0,-0.0170657415811722,0.0129342584188278,0.0020657415811722,4.1314831623444,0.000538493591108064,0.000994487079205874,2.4788898974066402,0.025,0.0,-0.03,0.0,1.0,0.0,0.015
11,0.3666632809770771,11,0.012967081617377389,0.0,-0.016428310079167268,0.013571689920832731,0.0014283100791672686,2.856620158334537,-0.0006326366654462593,0.0011509914365026408,1.7139720950007222,0.025,0.0,-0.03,0.0,1.0,0.0,0.015
11,0.3666632809770771,12,0.013999491783157713,0.0,-0.015738369280848565,0.014261630719151434,0.0007383692808485658,1.4767385616971316,0.0008452193553858919,0.0008310330536922179,0.886043137018279,0.025,0.0,-0.03,0.0,1.0,0.0,0.015
11,0.3666632809770771,47,0.03532751147914124,0.0,-0.015601810553733102,0.014398189446266897,0.0006018105537331023,1.2036211074662044,0.004927376672958569,0.0059222792413584505,0.7221726644797226,0.025,0.0,-0.03,0.0,1.0,0.0,0.015
12,0.3999963065204478,0,0.0,0.0,-0.02,0.009999999999999998,0.005000000000000001,10.000000000000002,0.0,0.0,6.000000000000001,0.025,0.0,-0.03,0.0,1.0,0.0,0.015
12,0.3999963065204478,1,0.0012401456848074393,0.0,-0.02000759002141504,0.00999240997858496,0.005007590021415039,10.015180042830078,-0.01191427195917187,0.12867881549771504,6.009108025698047,0.025,0.0,-0.03,0.0,1.0,0.0,0.015
12,0.3999963065204478,2,0.002478489719328806,0.0,-0.019949062195709615,0.010050937804290384,0.004949062195709616,9.898124391419232,0.000667504926052149,0.12124016810977652,5.9388746348515395,0.025,0.0,-0.03,0.0,1.0,0.0,0.015
12,0.3999963065204478,3,0.0037150415675937035,0.0,-0.019822696929254573,0.010177303070745426,0.004822696929254574,9.645393858509149,-0.01708010765674979,0.07428955195470208,5.787236315105489,0.025,0.0,-0.03,0.0,1.0,0.0,0.015
12,0.3999963065204478,4,0.004938457344204854,0.0,-0.019628971675890783,0.010371028324109216,0.004628971675890783,9.257943351781567,-0.04617857294767401,0.11200243370440263,5.554766011068939,0.025,0.0,-0.03,0.0,1.0,0.0,0.015
12,0.3999963065204478,5,0.006149033605246436,0.0,-0.019367757337053874,0.010632242662946125,0.004367757337053874,8.73551467410775,0.0072426590699329685,0.1326079151245905,5.24130880446465,0.025,0.0,-0.03,0.0,1.0,0.0,0.015
12,0.3999963065204478,6,0.0073478986052385115,0.0,-0.01903791114309033,0.01096208885690967,0.0040379111430903294,8.075822286180658,-0.018174163932116596,0.02252082852288963,4.845493371708395,0.025,0.0,-0.03,0.0,1.0,0.0,0.015
12,0.3999963065204478,7,0.008524220594060671,0.0,-0.018642249343322297,0.011357750656677702,0.003642249343322298,7.2844986866445955,-0.03961581409807198,0.0874251078654985,4.370699211986757,0.025,0.0,-0.03,0.0,1.0,0.0,0.015
12,0.3999963065204478,8,0.009674004160172825,0.0,-0.018183451611120265,0.011816548388879734,0.003183451611120266,6.3669032222405315,0.09219949409713162,0.1981282200220775,3.8201419333443187,0.025,0.0,-0.03,0.0,1.0,0.0,0.015
12,0.3999963065204478,9,0.010800313874978339,0.0,-0.01766127615907183,0.01233872384092817,0.0026612761590718292,5.322552318143659,0.034836024592205986,0.01914827512513464,3.193531390886195,0.025,0.0,-0.03,0.0,1.0,0.0,0.015
12,0.3999963065204478,10,0.011898855627178821,0.0,-0.017078291744370973,0.012921708255629025,0.002078291744370974,4.156583488741948,-0.08150716610781303,0.16152428336316574,2.4939500932451684,0.025,0.0,-0.03,0.0,1.0,0.0,0.015
12,0.3999963065204478,11,0.012960332074882747,0.0,-0.01644163520794035,0.01355836479205965,0.001441635207940349,2.8832704158806983,0.10380747769402306,0.17361924377677576,1.729962249528419,0.025,0.0,-0.03,0.0,1.0,0.0,0.015
12,0.3999963065204478,12,0.013991718878474028,0.0,-0.01574989824438327,0.01425010175561673,0.0007498982443832694,1.4997964887665387,-0.0493746301645164,0.08217522801563865,0.8998778932599232,0.025,0.0,-0.03,0.0,1.0,0.0,0.015
12,0.3999963065204478,13,0.014988697932826468,0.0,-0.015007512029384154,0.014992487970615845,7.512029384154281e-06,0.015024058768308562,-0.14314041058033614,0.1787179230189696,0.009014435260985137,0.025,0.0,-0.03,0.0,1.0,0.0,0.015
12,0.3999963065204478,47,0.035200938942166464,0.0,-0.015464307682690654,0.014535692317309345,0.0004643076826906546,0.9286153653813092,0.17765855551614163,0.0616152798625498,0.5571692192287855,0.025,0.0,-0.03,0.0,1.0,0.0,0.015
13,0.43332933206381846,0,0.0,0.0,-0.02,0.009999999999999998,0.005000000000000001,10.000000000000002,0.0,0.0,6.000000000000001,0.025,0.0,-0.03,0.0,1.0,0.0,0.015
13,0.43332933206381846,1,0.0012320879048285276,0.0,-0.0200119996025228,0.009988000397477197,0.005011999602522802,10.023999205045603,-0.019307115109280397,0.229061468972346,6.014399523027362,0.025,0.0,-0.03,0.0,1.0,0.0,0.015
13,0.43332933206381846,2,0.0024828751303646182,0.0,-0.01995918834777,0.01004081165223,0.00495918834777,9.918376695540001,0.04101024678921637,0.40460545780595497,5.951026017324001,0.025,0.0,-0.03,0.0,1.0,0.0,0.015
13,0.43332933206381846,3,0.0037144027971964208,0.0,-0.019839461844709885,0.010160538155290114,0.004839461844709885,9.67892368941977,0.05224842087771072,0.12543687817092952,5.807354213651862,0.025,0.0,-0.03,0.0,1.0,0.0,0.015
13,0.43332933206381846,4,0.004939157691923576,0.0,-0.01965233115126006,0.01034766884873994,0.004652331151260059,9.304662302520118,-0.15222184378188186,0.7185296560949738,5.58279738151207,0.025,0.0,-0.03,0.0,1.0,0.0,0.015
13,0.43332933206381846,5,0.0061406420325653115,0.0,-0.019400112728537713,0.010599887271462285,0.004400112728537714,8.800225457075427,0.12483826171628254,0.5959690307859193,5.280135274245256,0.025,0.0,-0.03,0.0,1.0,0.0,0.015
13,0.43332933206381846,6,0.007346681089231653,0.0,-0.019074344674280562,0.010925655325719437,0.0040743446742805625,8.148689348561126,0.26296123667945326,0.6596650724751236,4.889213609136675,0.025,0.0,-0.03,0.0,1.0,0.0,0.015
13,0.43332933206381846,7,0.008525956299941349,0.0,-0.01868146880154336,0.01131853119845664,0.0036814688015433597,7.36293760308672,-0.3583370981695281,1.0589807125421664,4.417762561852031,0.025,0.0,-0.03,0.0,1.0,0.0,0.015
13,0.43332933206381846,8,0.009667967100000872,0.0,-0.0182272567694503,0.0117727432305497,0.0032272567694503,6.4545135389006,-0.11553174085639542,0.17642416308648387,3.87270812334036,0.025,0.0,-0.03,0.0,1.0,0.0,0.015
13,0.43332933206381846,9,0.01079871510472704,0.0,-0.01770035831821856,0.01229964168178144,0.002700358318218559,5.400716636437118,0.6226318731612889,1.204816222057018,3.240429981862271,0.025,0.0,-0.03,0.0,1.0,0.0,0.015
13,0.43332933206381846,10,0.011886214101373358,0.0,-0.017116410981087425,0.012883589018912574,0.0021164109810874257,4.232821962174851,-0.4418536102459259,0.8329602741269715,2.5396931773049105,0.025,0.0,-0.03,0.0,1.0,0.0,0.015
13,0.43332933206381846,11,0.01294373602177662,0.0,-0.01647120568220964,0.01352879431779036,0.0014712056822096392,2.9424113644192786,-0.31301142230544937,0.430186656206044,1.765446818651567,0.025,0.0,-0.03,0.0,1.0,0.0,0.015
13,0.43332933206381846,12,0.013973681577894912,0.0,-0.015763657375015255,0.014236342624984744,0.0007636573750152559,1.5273147500305118,0.5668063832915858,0.8221222020958908,0.916388850018307,0.025,0.0,-0.03,0.0,1.0,0.0,0.015
13,0.43332933206381846,13,0.014947815072798114,0.0,-0.01501716615682279,0.01498283384317721,1.716615682278988e-05,0.03433231364557976,-0.21196892752739802,0.29732173223501135,0.020599388187347856,0.025,0.0,-0.03,0.0,1.0,0.0,0.015
14,0.4666623576071891,0,0.0,0.0,-0.02,0.009999999999999998,0.005000000000000001,10.000000000000002,0.0,0.0,6.000000000000001,0.025,0.0,-0.03,0.0,1.0,0.0,0.015
14,0.4666623576071891,1,0.0012417959794609496,0.0,-0.020016721690684813,0.009983278309315186,0.005016721690684813,10.033443381369626,0.00471104227167539,0.44615250015389485,6.020066028821775,0.025,0.0,-0.03,0.0,1.0,0.0,0.015
14,0.4666623576071891,2,0.002470210538076636,0.0,-0.01996861370144583,0.010031386298554167,0.004968613701445832,9.937227402891665,-0.0755954911334312,0.6569838846662625,5.962336441734998,0.025,0.0,-0.03,0.0,1.0,0.0,0.015
14,0.4666623576071891,3,0.0037101116807436506,0.0,-0.019850527280459183,0.010149472719540815,0.004850527280459184,9.701054560918369,0.021554537807932733,0.39480585101213994,5.820632736551021,0.025,0.0,-0.03,0.0,1.0,0.0,0.015
14,0.4666623576071891,4,0.004933991694090474,0.0,-0.01966177963190811,0.010338220368091889,0.0046617796319081105,9.323559263816222,0.0824113697441023,0.3383306225668177,5.594135558289733,0.025,0.0,-0.03,0.0,1.0,0.0,0.015
14,0.4666623576071891,5,0.0061407752937712706,0.0,-0.019402027726508817,0.010597972273491182,0.004402027726508818,8.804055453017636,-0.14209357910495835,0.6389759371264769,5.282433271810581,0.025,0.0,-0.03,0.0,1.0,0.0,0.015
14,0.4666623576071891,6,0.007329420420571028,0.0,-0.019069575921204878,0.01093042407879512,0.004069575921204879,8.139151842409758,0.27862694527627974,0.7717171605769418,4.883491105445855,0.025,0.0,-0.03,0.0,1.0,0.0,0.015
14,0.4666623576071891,7,0.008506292427247673,0.0,-0.018659521806079247,0.011340478193920752,0.0036595218060792474,7.319043612158495,-0.1896540771796643,0.5392671797825034,4.391426167295097,0.025,0.0,-0.03,0.0,1.0,0.0,0.015
14,0.4666623576071891,8,0.009644299102937359,0.0,-0.01818042268328808,0.011819577316711918,0.003180422683288081,6.360845366576163,0.005704104994025346,0.05365667486199738,3.8165072199456973,0.025,0.0,-0.03,0.0,1.0,0.0,0.015
14,0.4666623576071891,9,0.010745808696656948,0.0,-0.017633007657169856,0.012366992342830143,0.0026330076571698564,5.266015314339713,0.2757570603194599,0.4671154167146324,3.159609188603828,0.025,0.0,-0.03,0.0,1.0,0.0,0.015
14,0.4666623576071891,10,0.011823529942410526,0.0,-0.017010198862550424,0.012989801137449575,0.0020101988625504247,4.02039772510085,-0.3326499927608983,0.572551066632729,2.41223863506051,0.025,0.0,-0.03,0.0,1.0,0.0,0.015
14,0.4666623576071891,11,0.012856689106748304,0.0,-0.016322737998658455,0.013677262001341544,0.0013227379986584555,2.645475997316911,-0.06454963502487489,0.07896670025547749,1.5872855983901466,0.025,0.0,-0.03,0.0,1.0,0.0,0.015
14,0.4666623576071891,12,0.013834167985977029,0.0,-0.015581661364636562,0.014418338635363437,0.0005816613646365629,1.1633227292731259,0.2846379388210698,0.3170063481826547,0.6979936375638754,0.025,0.0,-0.03,0.0,1.0,0.0,0.015
15,0.49999538315055975,0,0.0,0.0,-0.02,0.009999999999999998,0.005000000000000001,10.000000000000002,0.0,0.0,6.000000000000001,0.025,0.0,-0.03,0.0,1.0,0.0,0.015
15,0.49999538315055975,1,0.0012273592902634224,0.0,-0.020022889606321433,0.009977110393678566,0.005022889606321433,10.045779212642866,0.01719013428409161,0.3665189143161368,6.02746752758572,0.025,0.0,-0.03,0.0,1.0,0.0,0.015
15,0.49999538315055975,2,0.002485056721460938,0.0,-0.019975323009475403,0.010024676990524596,0.004975323009475403,9.950646018950806,0.18203344397992555,0.9287255757471155,5.970387611370484,0.025,0.0,-0.03,0.0,1.0,0.0,0.015
15,0.49999538315055975,3,0.0037225404065416236,0.0,-0.019852781418526966,0.010147218581473032,0.004852781418526967,9.705562837053934,-0.02376056580907545,0.6350068002769718,5.823337702232361,0.025,0.0,-0.03,0.0,1.0,0.0,0.015
15,0.49999538315055975,4,0.004918448748362967,0.0,-0.019663900105867223,0.010336099894132776,0.004663900105867223,9.327800211734447,-0.3342400489739744,1.1725592540904473,5.596680127040668,0.025,0.0,-0.03,0.0,1.0,0.0,0.015
15,0.49999538315055975,5,0.00613555669474849,0.0,-0.019394351516068487,0.010605648483931512,0.004394351516068488,8.788703032136976,0.22882806289964405,1.1791761209167524,5.273221819282186,0.025,0.0,-0.03,0.0,1.0,0.0,0.015
15,0.49999538315055975,6,0.00733373286075244,0.0,-0.019044346148277515,0.010955653851722483,0.004044346148277516,8.088692296555031,0.22490347895002938,0.5439130090887419,4.853215377933019,0.025,0.0,-0.03,0.0,1.0,0.0,0.015
15,0.49999538315055975,7,0.00847724476745346,0.0,-0.018627841509286945,0.011372158490713054,0.0036278415092869457,7.255683018573891,-0.050858222311761805,0.3721649655579266,4.353409811144335,0.025,0.0,-0.03,0.0,1.0,0.0,0.015
15,0.49999538315055975,8,0.009613046531859397,0.0,-0.018124522718293724,0.011875477281706275,0.003124522718293724,6.249045436587449,-0.11848864434758814,0.3878607250537401,3.749427261952469,0.025,0.0,-0.03,0.0,1.0,0.0,0.015
15,0.49999538315055975,9,0.010725048005614163,0.0,-0.017532676337783284,0.012467323662216714,0.002532676337783285,5.0653526755665705,0.34703373376227387,0.5730341465463321,3.039211605339942,0.025,0.0,-0.03,0.0,1.0,0.0,0.015
15,0.49999538315055975,10,0.011756167467415271,0.0,-0.01689060391489992,0.013109396085100079,0.0018906039148999208,3.7812078297998415,0.11785241575768135,0.223956568383704,2.2687246978799047,0.025,0.0,-0.03,0.0,1.0,0.0,0.015
15,0.49999538315055975,11,0.012760622136585771,0.0,-0.016171316311236143,0.013828683688763856,0.0011713163112361431,2.342632622472286,-0.5276654433308077,0.6772726671427474,1.4055795734833716,0.025,0.0,-0.03,0.0,1.0,0.0,0.015
15,0.49999538315055975,12,0.013733001852582931,0.0,-0.015366433337038436,0.014633566662961563,0.00036643333703843643,0.7328666740768729,-0.013016062288442418,0.013684943332554855,0.43972000444612375,0.025,0.0,-0.03,0.0,1.0,0.0,0.015
16,0.5333284086939304,0,0.0,0.0,-0.02,0.009999999999999998,0.005000000000000001,10.000000000000002,0.0,0.0,6.000000000000001,0.025,0.0,-0.03,0.0,1.0,0.0,0.015
16,0.5333284086939304,1,0.0012257311663312462,0.0,-0.02002126466359311,0.009978735336406887,0.005021264663593112,10.042529327186225,-0.07808437855843484,1.7460816010717497,6.025517596311735,0.025,0.0,-0.03,0.0,1.0,0.0,0.015
16,0.5333284086939304,2,0.0024824721603837812,0.0,-0.019971788487089196,0.010028211512910803,0.004971788487089197,9.943576974178393,0.08811665288931886,0.9977830993440273,5.966146184507036,0.025,0.0,-0.03,0.0,1.0,0.0,0.015
16,0.5333284086939304,3,0.0037215944118184586,0.0,-0.01984391620940611,0.010156083790593889,0.004843916209406111,9.68783241881222,0.2776321178918071,1.1007358416817814,5.812699451287332,0.025,0.0,-0.03,0.0,1.0,0.0,0.015
16,0.5333284086939304,4,0.004929245638794951,0.0,-0.019641625124259963,0.010358374875740036,0.004641625124259963,9.283250248519927,-0.40140980112479474,2.0193057954265843,5.569950149111956,0.025,0.0,-0.03,0.0,1.0,0.0,0.015
16,0.5333284086939304,5,0.006128767450592942,0.0,-0.019359705114649007,0.010640294885350992,0.0043597051146490075,8.719410229298015,0.09055636742760748,0.5143251624945906,5.231646137578809,0.025,0.0,-0.03,0.0,1.0,0.0,0.015
16,0.5333284086939304,6,0.007325002563947995,0.0,-0.018988058413621285,0.011011941586378714,0.003988058413621286,7.9761168272425715,0.5734086479729987,1.4107884831363382,4.785670096345543,0.025,0.0,-0.03,0.0,1.0,0.0,0.015
16,0.5333284086939304,7,0.00847277335957121,0.0,-0.018538939041284556,0.011461060958715442,0.003538939041284557,7.077878082569114,-0.1442745056230053,0.5625755506527089,4.246726849541468,0.025,0.0,-0.03,0.0,1.0,0.0,0.015
16,0.5333284086939304,8,0.009590434617275387,0.0,-0.018005834688688934,0.011994165311311065,0.0030058346886889346,6.011669377377869,-0.6587355559979371,1.1208056001027449,3.607001626426721,0.025,0.0,-0.03,0.0,1.0,0.0,0.015
16,0.5333284086939304,9,0.010655979686440734,0.0,-0.017400967888130607,0.012599032111869392,0.0024009678881306076,4.801935776261216,0.67286753115012,1.2467622913132335,2.8811614657567293,0.025,0.0,-0.03,0.0,1.0,0.0,0.015
16,0.5333284086939304,10,0.011690093413840428,0.0,-0.01671219804204326,0.01328780195795674,0.0017121980420432593,3.424396084086519,0.4287902571678856,0.4563883384880602,2.054637650451911,0.025,0.0,-0.03,0.0,1.0,0.0,0.015
16,0.5333284086939304,11,0.012680014161341945,0.0,-0.01594285698289453,0.014057143017105467,0.000942856982894532,1.885713965789064,-1.1106972173076775,1.34505036903427,1.1314283794734383,0.025,0.0,-0.03,0.0,1.0,0.0,0.015
16,0.5333284086939304,12,0.01358325806947965,0.0,-0.015132969238206458,0.014867030761793541,0.00013296923820645817,0.26593847641291635,0.5825935603985372,0.6759278902255659,0.1595630858477498,0.025,0.0,-0.03,0.0,1.0,0.0,0.015
17,0.5666614342373011,0,0.0,0.0,-0.02,0.009999999999999998,0.005000000000000001,10.000000000000002,0.0,0.0,6.000000000000001,0.025,0.0,-0.03,0.0,1.0,0.0,0.015
17,0.5666614342373011,1,0.0012492077882765246,0.0,-0.020022052172982165,0.009977947827017834,0.005022052172982166,10.044104345964332,-0.015357379453745365,0.3987693494207697,6.0264626075785985,0.025,0.0,-0.03,0.0,1.0,0.0,0.015
17,0.5666614342373011,2,0.002468589320268083,0.0,-0.019970748199544384,0.010029251800455614,0.004970748199544385,9.94149639908877,0.1178186634949987,1.3842964259177502,5.964897839453262,0.025,0.0,-0.03,0.0,1.0,0.0,0.015
17,0.5666614342373011,3,0.0036974783209974414,0.0,-0.019842413912153918,0.01015758608784608,0.004842413912153919,9.684827824307837,-0.08670345775800638,0.7069078379757107,5.810896694584701,0.025,0.0,-0.03,0.0,1.0,0.0,0.015
17,0.5666614342373011,4,0.004942109200338453,0.0,-0.01962422363315281,0.010375776366847188,0.004624223633152812,9.248447266305623,-0.4059844386720384,1.3400817541301104,5.549068359783374,0.025,0.0,-0.03,0.0,1.0,0.0,0.015
17,0.5666614342373011,5,0.006125116003077775,0.0,-0.019328352891894714,0.010671647108105285,0.004328352891894715,8.65670578378943,0.2130571738669255,1.2454250972222858,5.194023470273658,0.025,0.0,-0.03,0.0,1.0,0.0,0.015
17,0.5666614342373011,6,0.00728814748128118,0.0,-0.01894853125566823,0.011051468744331768,0.003948531255668231,7.897062511336463,0.35682876488612075,0.8978615458357913,4.738237506801878,0.025,0.0,-0.03,0.0,1.0,0.0,0.015
17,0.5666614342373011,7,0.00846464513985293,0.0,-0.018462689275240838,0.011537310724759161,0.0034626892752408385,6.925378550481677,-0.3438042449845436,0.8892702060155186,4.155227130289006,0.025,0.0,-0.03,0.0,1.0,0.0,0.015
17,0.5666614342373011,8,0.00955924686737586,0.0,-0.01790973356688078,0.01209026643311922,0.0029097335668807796,5.8194671337615596,-0.49196503957060334,0.7341148144624069,3.4916802802569356,0.025,0.0,-0.03,0.0,1.0,0.0,0.015
17,0.5666614342373011,9,0.010594694970544534,0.0,-0.0172912776640242,0.012708722335975798,0.0022912776640242015,4.582555328048403,0.8945701219526769,1.3629758148707147,2.7495331968290415,0.025,0.0,-0.03,0.0,1.0,0.0,0.015
17,0.5666614342373011,10,0.01163056125911427,0.0,-0.01656358347804596,0.013436416521954039,0.0015635834780459608,3.1271669560919215,0.15451197929530264,0.007519549296733048,1.8763001736551528,0.025,0.0,-0.03,0.0,1.0,0.0,0.015
17,0.5666614342373011,11,0.01259088557770391,0.0,-0.01577109595735006,0.01422890404264994,0.0007710959573500598,1.5421919147001195,-0.7510787235916971,0.9283641083879995,0.9253151488200717,0.025,0.0,-0.03,0.0,1.0,0.0,0.015
18,0.5999944597806717,0,0.0,0.0,-0.02,0.009999999999999998,0.005000000000000001,10.000000000000002,0.0,0.0,6.000000000000001,0.025,0.0,-0.03,0.0,1.0,0.0,0.015
18,0.5999944597806717,1,0.001265527704976115,0.0,-0.020020227258510853,0.009979772741489146,0.005020227258510854,10.040454517021708,0.05821168392984062,0.34390667171372996,6.024272710213024,0.025,0.0,-0.03,0.0,1.0,0.0,0.015
18,0.5999944597806717,2,0.002464998804637745,0.0,-0.019965715520334052,0.010034284479665947,0.004965715520334053,9.931431040668105,0.03345511010842135,0.3775241712043676,5.958858624400863,0.025,0.0,-0.03,0.0,1.0,0.0,0.015
18,0.5999944597806717,3,0.0036949484677429203,0.0,-0.01983209282756246,0.01016790717243754,0.004832092827562459,9.664185655124918,-0.06050105280131145,0.6527765298651906,5.798511393074951,0.025,0.0,-0.03,0.0,1.0,0.0,0.015
18,0.5999944597806717,4,0.004951700793306289,0.0,-0.019600964840113345,0.010399035159886653,0.004600964840113346,9.201929680226693,-0.043081484382492825,0.24961832033600329,5.5211578081360155,0.025,0.0,-0.03,0.0,1.0,0.0,0.015
18,0.5999944597806717,5,0.006124313807297712,0.0,-0.019295023149053108,0.01070497685094689,0.004295023149053109,8.590046298106218,0.37277145146637963,1.1636487178555872,5.154027778863731,0.025,0.0,-0.03,0.0,1.0,0.0,0.015
18,0.5999944597806717,6,0.007280144825403252,0.0,-0.01890456023538216,0.01109543976461784,0.0039045602353821596,7.809120470764319,-0.18856962799778224,0.5155211065464704,4.6854722824585915,0.025,0.0,-0.03,0.0,1.0,0.0,0.015
18,0.5999944597806717,7,0.008453118717627814,0.0,-0.018403030321338852,0.011596969678661147,0.0034030303213388527,6.806060642677705,-0.3128337087881748,0.5532298695152553,4.083636385606623,0.025,0.0,-0.03,0.0,1.0,0.0,0.015
18,0.5999944597806717,8,0.00953944429829527,0.0,-0.01783233155995903,0.012167668440040968,0.002832331559959031,5.664663119918062,0.37938915433336706,0.7665474684576885,3.3987978719508374,0.025,0.0,-0.03,0.0,1.0,0.0,0.015
18,0.5999944597806717,9,0.010558029769907497,0.0,-0.017198542461874647,0.012801457538125352,0.0021985424618746474,4.397084923749295,0.10574411805122103,0.010079278273649276,2.638250954249577,0.025,0.0,-0.03,0.0,1.0,0.0,0.015
18,0.5999944597806717,10,0.0115856635340941,0.0,-0.01644208089851387,0.01355791910148613,0.0014420808985138693,2.8841617970277387,-0.40902662431367837,0.6552470502100649,1.7304970782166431,0.025,0.0,-0.03,0.0,1.0,0.0,0.015
18,0.5999944597806717,11,0.012529265345193191,0.0,-0.015620634680357261,0.014379365319642737,0.000620634680357262,1.241269360714524,-0.2788612703876273,0.23482218151142303,0.7447616164287144,0.025,0.0,-0.03,0.0,1.0,0.0,0.015
19,0.6333274853240424,0,0.0,0.0,-0.02,0.009999999999999998,0.005000000000000001,10.000000000000002,0.0,0.0,6.000000000000001,0.025,0.0,-0.03,0.0,1.0,0.0,0.015
19,0.6333274853240424,1,0.001256531689160943,0.0,-0.020019523125876723,0.009980476874123276,0.005019523125876724,10.039046251753447,-0.062720241849873,3.1461111249056057,6.023427751052068,0.025,0.0,-0.03,0.0,1.0,0.0,0.015
19,0.6333274853240424,2,0.0024609347471910396,0.0,-0.019963916444354177,0.010036083555645822,0.004963916444354177,9.927832888708355,0.08116414121978424,1.7053166761432768,5.956699733225013,0.025,0.0,-0.03,0.0,1.0,0.0,0.015
19,0.6333274853240424,3,0.003703572016370623,0.0,-0.019822446012965,0.010177553987034998,0.004822446012965002,9.644892025930003,0.5147911253082259,1.9506264898682424,5.786935215558002,0.025,0.0,-0.03,0.0,1.0,0.0,0.015
19,0.6333274853240424,4,0.004942243602538639,0.0,-0.01958832138677349,0.010411678613226508,0.004588321386773491,9.176642773546982,-0.7621743948260621,3.3709793770966257,5.505985664128189,0.025,0.0,-0.03,0.0,1.0,0.0,0.015
19,0.6333274853240424,5,0.0061237248714201605,0.0,-0.019273298759536633,0.010726701240463366,0.004273298759536633,8.546597519073266,0.18249718309032517,0.9965351172271304,5.12795851144396,0.025,0.0,-0.03,0.0,1.0,0.0,0.015
19,0.6333274853240424,6,0.007274771598920835,0.0,-0.018872535940483822,0.011127464059516177,0.0038725359404838226,7.745071880967645,0.8157922757518629,1.7987854468046138,4.647043128580587,0.025,0.0,-0.03,0.0,1.0,0.0,0.015
19,0.6333274853240424,7,0.008435347013689032,0.0,-0.018359660812322473,0.011640339187677526,0.0033596608123224736,6.719321624644947,-0.8394117883489637,1.9129573931444637,4.031592974786968,0.025,0.0,-0.03,0.0,1.0,0.0,0.015
19,0.6333274853240424,8,0.009526412367640765,0.0,-0.01776624294457962,0.012233757055420378,0.0027662429445796215,5.5324858891592426,-0.27294457058813004,0.18740523786272528,3.3194915334955453,0.025,0.0,-0.03,0.0,1.0,0.0,0.015
19,0.6333274853240424,9,0.010536323718424147,0.0,-0.0171127649701454,0.012887235029854598,0.002112764970145401,4.225529940290802,1.0683680833894942,1.4998134966865855,2.535317964174481,0.025,0.0,-0.03,0.0,1.0,0.0,0.015
19,0.6333274853240424,10,0.011524804166047856,0.0,-0.016359458883790888,0.01364054111620911,0.0013594588837908886,2.718917767581777,-0.6260380090102404,0.9168304330906327,1.6313506605490662,0.025,0.0,-0.03,0.0,1.0,0.0,0.015
19,0.6333274853240424,11,0.01245952247953471,0.0,-0.015516397171631124,0.014483602828368875,0.0005163971716311243,1.0327943432622486,-1.0561134997195167,0.9910513814181501,0.6196766059573492,0.025,0.0,-0.03,0.0,1.0,0.0,0.015
20,0.666660510867413,0,0.0,0.0,-0.02,0.009999999999999998,0.005000000000000001,10.000000000000002,0.0,0.0,6.000000000000001,0.025,0.0,-0.03,0.0,1.0,0.0,0.015
20,0.666660510867413,1,0.0012277288324599913,0.0,-0.020024697515165276,0.009975302484834723,0.005024697515165277,10.049395030330553,-0.14230596269649573,2.275846407129747,6.029637018198332,0.025,0.0,-0.03,0.0,1.0,0.0,0.015
20,0.666660510867413,2,0.002470021951294715,0.0,-0.019967728279625493,0.010032271720374505,0.004967728279625494,9.935456559250987,0.08555770089575657,1.4065365634695333,5.961273935550592,0.025,0.0,-0.03,0.0,1.0,0.0,0.015
20,0.666660510867413,3,0.003718787473158688,0.0,-0.019817947556822518,0.010182052443177481,0.004817947556822518,9.635895113645036,0.455668065824046,1.6869078037215228,5.7815370681870215,0.025,0.0,-0.03,0.0,1.0,0.0,0.015
20,0.666660510867413,4,0.004909356444487368,0.0,-0.019587866904631074,0.010412133095368925,0.004587866904631074,9.175733809262148,-0.6170176973043509,2.4570591295083393,5.505440285557289,0.025,0.0,-0.03,0.0,1.0,0.0,0.015
20,0.666660510867413,5,0.00610185563156158,0.0,-0.019266455286419036,0.010733544713580963,0.004266455286419037,8.532910572838073,-0.08153597602009628,0.38779887599205337,5.119746343702844,0.025,0.0,-0.03,0.0,1.0,0.0,0.015
20,0.666660510867413,6,0.0072829615471615644,0.0,-0.01884476021794941,0.011155239782050588,0.003844760217949411,7.689520435898823,0.9800781057329676,2.1867367293150113,4.613712261539294,0.025,0.0,-0.03,0.0,1.0,0.0,0.015
20,0.666660510867413,7,0.00840818797038854,0.0,-0.018337892274928807,0.011662107725071192,0.0033378922749288074,6.675784549857615,-0.9037396232033181,1.9629553507665798,4.005470729914569,0.025,0.0,-0.03,0.0,1.0,0.0,0.015
20,0.666660510867413,8,0.009481004578082649,0.0,-0.017748335311665656,0.012251664688334343,0.002748335311665656,5.496670623331312,-0.1702972063399606,0.07923753195888296,3.298002373998787,0.025,0.0,-0.03,0.0,1.0,0.0,0.015
20,0.666660510867413,9,0.010519892945489872,0.0,-0.017061950300033085,0.012938049699966914,0.002061950300033085,4.12390060006617,1.4956549797790064,1.8924748562357558,2.474340360039702,0.025,0.0,-0.03,0.0,1.0,0.0,0.015
20,0.666660510867413,10,0.011496750278083343,0.0,-0.016290581007223276,0.013709418992776723,0.0012905810072232765,2.5811620144465532,-1.2183994171893169,1.6822872556279138,1.5486972086679318,0.025,0.0,-0.03,0.0,1.0,0.0,0.015
20,0.666660510867413,11,0.012392884264263175,0.0,-0.015456016312084802,0.014543983687915197,0.0004560163120848025,0.9120326241696051,-1.1690010547723093,0.9604564282906451,0.5472195745017631,0.025,0.0,-0.03,0.0,1.0,0.0,0.015
21,0.6999935364107837,0,0.0,0.0,-0.02,0.009999999999999998,0.005000000000000001,10.000000000000002,0.0,0.0,6.000000000000001,0.025,0.0,-0.03,0.0,1.0,0.0,0.015
21,0.6999935364107837,1,0.001215021048370468,0.0,-0.020021554797449725,0.009978445202550274,0.005021554797449725,10.04310959489945,-0.1571872116158698,2.685859811133703,6.02586575693967,0.025,0.0,-0.03,0.0,1.0,0.0,0.015
21,0.6999935364107837,2,0.0024857610148862922,0.0,-0.019959909282595296,0.010040090717404703,0.004959909282595296,9.919818565190592,0.060334309059993534,1.3854782139520412,5.951891139114355,0.025,0.0,-0.03,0.0,1.0,0.0,0.015
21,0.6999935364107837,3,0.003720904848412689,0.0,-0.01980932447654363,0.010190675523456368,0.004809324476543631,9.618648953087263,0.36983041793966054,1.4158842508910399,5.7711893718523575,0.025,0.0,-0.03,0.0,1.0,0.0,0.015
21,0.6999935364107837,4,0.004896455757169013,0.0,-0.019583141716079076,0.010416858283920923,0.004583141716079077,9.166283432158155,-0.4261585975062648,1.9358350958168766,5.499770059294892,0.025,0.0,-0.03,0.0,1.0,0.0,0.015
21,0.6999935364107837,5,0.006123370929979569,0.0,-0.019250318385761172,0.010749681614238827,0.0042503183857611725,8.500636771522345,-0.19638388945687962,0.2237274596883999,5.100382062913407,0.025,0.0,-0.03,0.0,1.0,0.0,0.015
21,0.6999935364107837,6,0.007295721498761238,0.0,-0.018826611362228383,0.011173388637771616,0.0038266113622283833,7.653222724456767,0.4840314327190112,1.1278208516875676,4.59193363467406,0.025,0.0,-0.03,0.0,1.0,0.0,0.015
21,0.6999935364107837,7,0.008397807901788805,0.0,-0.01832423133051635,0.011675768669483649,0.003324231330516351,6.648462661032702,0.015500270209878101,0.27072777642572443,3.989077596619621,0.025,0.0,-0.03,0.0,1.0,0.0,0.015
21,0.6999935364107837,8,0.009482461805563187,0.0,-0.017720322980491632,0.012279677019508366,0.002720322980491633,5.440645960983266,-0.27338526390218215,0.380065604703582,3.2643875765899595,0.025,0.0,-0.03,0.0,1.0,0.0,0.015
21,0.6999935364107837,9,0.010528519699886153,0.0,-0.017017465419753335,0.012982534580246664,0.002017465419753336,4.034930839506671,0.2558544472787878,0.5354613208928697,2.4209585037040027,0.025,0.0,-0.03,0.0,1.0,0.0,0.015
21,0.6999935364107837,10,0.011477347404244347,0.0,-0.016259552888645553,0.013740447111354446,0.0012595528886455536,2.519105777291107,-0.14366177416206158,0.03767233604732917,1.5114634663746642,0.025,0.0,-0.03,0.0,1.0,0.0,0.015
21,0.6999935364107837,11,0.012372022633840109,0.0,-0.015424210728958398,0.014575789271041601,0.00042421072895839837,0.8484214579167968,-0.2970814536120203,0.24360133852453555,0.5090528747500781,0.025,0.0,-0.03,0.0,1.0,0.0,0.015
22,0.7333265619541542,0,0.0,0.0,-0.02,0.009999999999999998,0.005000000000000001,10.000000000000002,0.0,0.0,6.000000000000001,0.025,0.0,-0.03,0.0,1.0,0.0,0.015
22,0.7333265619541542,1,0.0012460525817106437,0.0,-0.020021855935911295,0.009978144064088704,0.005021855935911295,10.04371187182259,0.07085187348290857,0.23348470752457245,6.026227123093554,0.025,0.0,-0.03,0.0,1.0,0.0,0.015
22,0.7333265619541542,2,0.0024679747836530343,0.0,-0.01996250193464181,0.01003749806535819,0.0049625019346418095,9.92500386928362,-0.004620359993746659,0.07139591366931718,5.955002321570172,0.025,0.0,-0.03,0.0,1.0,0.0,0.015
22,0.7333265619541542,3,0.0037081566105822174,0.0,-0.01981702076311398,0.01018297923688602,0.00481702076311398,9.63404152622796,-0.11988384984889955,0.4719278481258409,5.780424915736776,0.025,0.0,-0.03,0.0,1.0,0.0,0.015
22,0.7333265619541542,4,0.004928731296006873,0.0,-0.019582031528461274,0.010417968471538724,0.004582031528461275,9.16406305692255,0.1747161516165512,0.4007732515465507,5.49843783415353,0.025,0.0,-0.03,0.0,1.0,0.0,0.015
22,0.7333265619541542,5,0.006112414857156813,0.0,-0.019257016423964254,0.010742983576035744,0.004257016423964255,8.51403284792851,-0.1519590957460525,0.6434666775145417,5.108419708757106,0.025,0.0,-0.03,0.0,1.0,0.0,0.015
22,0.7333265619541542,6,0.007276142898822798,0.0,-0.018836942436247207,0.011163057563752792,0.003836942436247208,7.6738848724944155,0.1192293445779694,0.3275260943831047,4.604330923496649,0.025,0.0,-0.03,0.0,1.0,0.0,0.015
22,0.7333265619541542,7,0.008420034840874085,0.0,-0.018315655058319863,0.011684344941680136,0.0033156550583198635,6.631310116639727,0.24665532613279942,0.4147874220698052,3.978786069983836,0.025,0.0,-0.03,0.0,1.0,0.0,0.015
22,0.7333265619541542,8,0.0094857260374552,0.0,-0.0177197365213847,0.0122802634786153,0.0027197365213846997,5.439473042769399,-0.31222291279115655,0.4780626371977998,3.2636838256616394,0.025,0.0,-0.03,0.0,1.0,0.0,0.015
22,0.7333265619541542,9,0.010505371129298492,0.0,-0.017037706589115464,0.012962293410884534,0.002037706589115465,4.07541317823093,-0.28372847959618114,0.15157842634809762,2.4452479069385578,0.025,0.0,-0.03,0.0,1.0,0.0,0.015
22,0.7333265619541542,10,0.011492970448192487,0.0,-0.0162525860518227,0.0137474139481773,0.0012525860518226989,2.505172103645398,0.024762715403943283,0.15963333566296803,1.5031032621872387,0.025,0.0,-0.03,0.0,1.0,0.0,0.015
22,0.7333265619541542,11,0.012385538240027196,0.0,-0.015413726055289628,0.014586273944710371,0.00041372605528962846,0.8274521105792569,0.8580629945847642,0.6950588581080386,0.4964712663475541,0.025,0.0,-0.03,0.0,1.0,0.0,0.015
23,0.7666595874975249,0,0.0,0.0,-0.02,0.009999999999999998,0.005000000000000001,10.000000000000002,0.0,0.0,6.000000000000001,0.025,0.0,-0.03,0.0,1.0,0.0,0.015
23,0.7666595874975249,1,0.001239242913788463,0.0,-0.020025550083275986,0.009974449916724012,0.005025550083275987,10.051100166551974,-0.11710986497990668,0.2646149695905449,6.030660099931184,0.025,0.0,-0.03,0.0,1.0,0.0,0.015
23,0.7666595874975249,2,0.0024685749740851514,0.0,-0.01997023130326011,0.01002976869673989,0.00497023130326011,9.94046260652022,-0.024044575371955132,0.21308699554346996,5.964277563912132,0.025,0.0,-0.03,0.0,1.0,0.0,0.015
23,0.7666595874975249,3,0.0037072175827751216,0.0,-0.019824605202196175,0.010175394797803824,0.004824605202196176,9.64921040439235,0.03623496789242315,0.32074683282040894,5.78952624263541,0.025,0.0,-0.03,0.0,1.0,0.0,0.015
23,0.7666595874975249,4,0.004912102234863196,0.0,-0.019593510388433356,0.010406489611566642,0.004593510388433357,9.187020776866714,0.015268674222239965,0.1613573982350009,5.512212466120028,0.025,0.0,-0.03,0.0,1.0,0.0,0.015
23,0.7666595874975249,5,0.006112215632721284,0.0,-0.019272493766897682,0.010727506233102316,0.004272493766897683,8.544987533795366,0.11348128077022428,0.30134283439476317,5.126992520277219,0.025,0.0,-0.03,0.0,1.0,0.0,0.015
23,0.7666595874975249,6,0.0072753494347842975,0.0,-0.018862118543242483,0.011137881456757516,0.0038621185432424834,7.724237086484967,-0.057953794690402516,0.21903970946843232,4.63454225189098,0.025,0.0,-0.03,0.0,1.0,0.0,0.015
23,0.7666595874975249,7,0.00840297241671087,0.0,-0.018356414189841817,0.011643585810158182,0.003356414189841818,6.712828379683636,-0.013257438876544866,0.1326584211115546,4.027697027810182,0.025,0.0,-0.03,0.0,1.0,0.0,0.015
23,0.7666595874975249,8,0.009488466142821016,0.0,-0.01776006913417027,0.01223993086582973,0.002760069134170269,5.5201382683405384,-0.13901266260619774,0.026547329992827492,3.312082961004323,0.025,0.0,-0.03,0.0,1.0,0.0,0.015
23,0.7666595874975249,9,0.010519862788800481,0.0,-0.017080151671003335,0.012919848328996664,0.002080151671003335,4.16030334200667,0.09490617380974495,0.17396687323743004,2.496182005204002,0.025,0.0,-0.03,0.0,1.0,0.0,0.015
23,0.7666595874975249,10,0.011496658766289726,0.0,-0.01631637903832258,0.013683620961677419,0.0013163790383225807,2.6327580766451613,-0.09649155741235178,0.08818918975799994,1.5796548459870967,0.025,0.0,-0.03,0.0,1.0,0.0,0.015
23,0.7666595874975249,11,0.012409469976923146,0.0,-0.015480234041589012,0.014519765958410986,0.000480234041589013,0.960468083178026,-0.2898719467798965,0.17805901123952533,0.5762808499068156,0.025,0.0,-0.03,0.0,1.0,0.0,0.015
24,0.7999926130408956,0,0.0,0.0,-0.02,0.009999999999999998,0.005000000000000001,10.000000000000002,0.0,0.0,6.000000000000001,0.025,0.0,-0.03,0.0,1.0,0.0,0.015
24,0.7999926130408956,1,0.0012487769791446265,0.0,-0.020023899750330126,0.009976100249669873,0.005023899750330126,10.047799500660252,0.13107403105166043,0.7960456115238231,6.028679700396151,0.025,0.0,-0.03,0.0,1.0,0.0,0.015
24,0.7999926130408956,2,0.002469286345410918,0.0,-0.01997244409939463,0.010027555900605369,0.004972444099394631,9.944888198789261,0.18222430429153583,0.07934753567642258,5.966932919273557,0.025,0.0,-0.03,0.0,1.0,0.0,0.015
24,0.7999926130408956,3,0.0037042974465790164,0.0,-0.019838234845116917,0.010161765154883082,0.004838234845116918,9.676469690233835,-0.07751630327230724,1.2172169421208614,5.805881814140301,0.025,0.0,-0.03,0.0,1.0,0.0,0.015
24,0.7999926130408956,4,0.0049378505054098,0.0,-0.019610634922990137,0.010389365077009861,0.004610634922990138,9.221269845980276,0.2588890268764367,0.7354673673178109,5.532761907588165,0.025,0.0,-0.03,0.0,1.0,0.0,0.015
24,0.7999926130408956,5,0.006113764203161404,0.0,-0.01930087341633137,0.01069912658366863,0.004300873416331369,8.601746832662737,0.07323682880999469,0.0019784139460808565,5.161048099597642,0.025,0.0,-0.03,0.0,1.0,0.0,0.015
24,0.7999926130408956,6,0.007280804535513306,0.0,-0.018897589847950598,0.011102410152049401,0.0038975898479505985,7.795179695901197,0.027754662095469864,0.1555260361846488,4.677107817540718,0.025,0.0,-0.03,0.0,1.0,0.0,0.015
24,0.7999926130408956,7,0.008433284342735423,0.0,-0.01839513698201267,0.01160486301798733,0.003395136982012669,6.790273964025338,-0.07982401122041091,0.23216274511562185,4.074164378415203,0.025,0.0,-0.03,0.0,1.0,0.0,0.015
24,0.7999926130408956,8,0.009512546096608435,0.0,-0.017822464057737703,0.012177535942262296,0.0028224640577377037,5.644928115475407,-0.3669776555166086,0.42046252147385704,3.3869568692852443,0.025,0.0,-0.03,0.0,1.0,0.0,0.015
24,0.7999926130408956,9,0.01054804107641121,0.0,-0.017169984069875476,0.012830015930124523,0.0021699840698754767,4.339968139750954,0.49168313126178265,0.791059910770417,2.6039808838505722,0.025,0.0,-0.03,0.0,1.0,0.0,0.015
24,0.7999926130408956,10,0.011560353062971785,0.0,-0.016415915275888173,0.013584084724111826,0.0014159152758881736,2.8318305517763473,-0.3443903517786845,0.35408598169306454,1.6990983310658083,0.025,0.0,-0.03,0.0,1.0,0.0,0.015
24,0.7999926130408956,11,0.012489298980729174,0.0,-0.015605137350720074,0.014394862649279925,0.0006051373507200749,1.2102747014401498,-0.16447215805316515,0.12819546914388846,0.7261648208640898,0.025,0.0,-0.03,0.0,1.0,0.0,0.015
25,0.8333256385842662,0,0.0,0.0,-0.02,0.009999999999999998,0.005000000000000001,10.000000000000002,0.0,0.0,6.000000000000001,0.025,0.0,-0.03,0.0,1.0,0.0,0.015
25,0.8333256385842662,1,0.001251321500318986,0.0,-0.020021280003291786,0.009978719996708213,0.0050212800032917865,10.042560006583573,-0.15914543320075272,3.102588272775539,6.025536003950143,0.025,0.0,-0.03,0.0,1.0,0.0,0.015
25,0.8333256385842662,2,0.0024663463195573943,0.0,-0.01997396491747082,0.01002603508252918,0.004973964917470819,9.947929834941638,-0.2114872371183551,0.7031737727828333,5.968757900964983,0.025,0.0,-0.03,0.0,1.0,0.0,0.015
25,0.8333256385842662,3,0.0037019988346896114,0.0,-0.019847533732253966,0.010152466267746033,0.004847533732253967,9.695067464507934,0.4874948050093848,2.989322012127921,5.817040478704761,0.025,0.0,-0.03,0.0,1.0,0.0,0.015
25,0.8333256385842662,4,0.004945938887561247,0.0,-0.01963166459627884,0.01036833540372116,0.004631664596278839,9.263329192557679,-0.2075402579780727,1.2912800981095158,5.557997515534607,0.025,0.0,-0.03,0.0,1.0,0.0,0.015
25,0.8333256385842662,5,0.006124162361547853,0.0,-0.019344500459953607,0.010655499540046392,0.004344500459953608,8.689000919907215,-0.43677732635685473,0.9063046419238112,5.213400551944329,0.025,0.0,-0.03,0.0,1.0,0.0,0.015
25,0.8333256385842662,6,0.00729729775582433,0.0,-0.018969843496425352,0.011030156503574647,0.003969843496425353,7.939686992850706,-0.1821405021822008,0.08835914100903988,4.763812195710424,0.025,0.0,-0.03,0.0,1.0,0.0,0.015
25,0.8333256385842662,7,0.008463730956501379,0.0,-0.018498019889145133,0.011501980110854865,0.003498019889145134,6.996039778290268,0.4547261992829799,1.122002396585685,4.197623866974161,0.025,0.0,-0.03,0.0,1.0,0.0,0.015
25,0.8333256385842662,8,0.009565162301406156,0.0,-0.01795368994723794,0.01204631005276206,0.00295368994723794,5.90737989447588,0.29993360164780125,0.1531409981897089,3.5444279366855276,0.025,0.0,-0.03,0.0,1.0,0.0,0.015
25,0.8333256385842662,9,0.010624463924542226,0.0,-0.017332681552113604,0.012667318447886395,0.0023326815521136045,4.665363104227209,-0.4200601696746024,0.8719269611293737,2.7992178625363255,0.025,0.0,-0.03,0.0,1.0,0.0,0.015
25,0.8333256385842662,10,0.011649158406573374,0.0,-0.016629685555008603,0.013370314444991396,0.0016296855550086038,3.2593711100172076,-0.5917916211646436,0.681535757478252,1.9556226660103244,0.025,0.0,-0.03,0.0,1.0,0.0,0.015
25,0.8333256385842662,11,0.012614804621780475,0.0,-0.015854050908336255,0.014145949091663744,0.0008540509083362555,1.708101816672511,0.47382333818931355,0.5701093269479265,1.0248610900035067,0.025,0.0,-0.03,0.0,1.0,0.0,0.015
25,0.8333256385842662,12,0.013517400735292787,0.0,-0.015017017187876293,0.014982982812123706,1.7017187876293763e-05,0.034034375752587526,1.7574389250232914,1.6859126533147037,0.020420625451552515,0.025,0.0,-0.03,0.0,1.0,0.0,0.015
26,0.8666586641276369,0,0.0,0.0,-0.02,0.009999999999999998,0.005000000000000001,10.000000000000002,0.0,0.0,6.000000000000001,0.025,0.0,-0.03,0.0,1.0,0.0,0.015
26,0.8666586641276369,1,0.0012027375540194132,0.0,-0.020019031114651975,0.009980968885348024,0.005019031114651976,10.038062229303952,-0.002810763735740548,2.109471659692947,6.022837337582371,0.025,0.0,-0.03,0.0,1.0,0.0,0.015
26,0.8666586641276369,2,0.0024879129964758165,0.0,-0.01997127797927716,0.01002872202072284,0.004971277979277159,9.942555958554317,-0.01830737283324272,1.2200463396114951,5.96553357513259,0.025,0.0,-0.03,0.0,1.0,0.0,0.015
26,0.8666586641276369,3,0.003745710741215873,0.0,-0.019848681465232287,0.010151318534767712,0.004848681465232287,9.697362930464575,-0.41274772048640485,2.1743024058358813,5.818417758278745,0.025,0.0,-0.03,0.0,1.0,0.0,0.015
26,0.8666586641276369,4,0.004926462662477196,0.0,-0.019664612948435963,0.010335387051564036,0.004664612948435964,9.329225896871927,0.6771386180338403,3.4148334376605898,5.597535538123156,0.025,0.0,-0.03,0.0,1.0,0.0,0.015
26,0.8666586641276369,5,0.006137693884390838,0.0,-0.019402628940469097,0.010597371059530902,0.004402628940469097,8.805257880938195,-0.031073261704679687,0.9312058582721654,5.283154728562916,0.025,0.0,-0.03,0.0,1.0,0.0,0.015
26,0.8666586641276369,6,0.007346979610240948,0.0,-0.019059502522716418,0.010940497477283581,0.004059502522716418,8.119005045432836,-0.8188087714786332,2.357601566810674,4.871403027259701,0.025,0.0,-0.03,0.0,1.0,0.0,0.015
26,0.8666586641276369,7,0.00850068931299123,0.0,-0.01864998357667081,0.011350016423329189,0.003649983576670811,7.299967153341622,0.3069993611167229,1.1824090863845176,4.379980292004973,0.025,0.0,-0.03,0.0,1.0,0.0,0.015
26,0.8666586641276369,8,0.009650416249226778,0.0,-0.018153117461064,0.011846882538936,0.003153117461064,6.306234922128,0.8958061378011957,1.6273639166758298,3.7837409532767996,0.025,0.0,-0.03,0.0,1.0,0.0,0.015
26,0.8666586641276369,9,0.010740747506824369,0.0,-0.01759387051064087,0.012406129489359128,0.0025938705106408715,5.1877410212817425,-0.7885225753642875,1.7282590814879795,3.1126446127690452,0.025,0.0,-0.03,0.0,1.0,0.0,0.015
26,0.8666586641276369,10,0.01177968080725506,0.0,-0.01697776110677901,0.013022238893220989,0.0019777611067790107,3.9555222135580212,-0.6220256886553691,0.880733494734082,2.3733133281348127,0.025,0.0,-0.03,0.0,1.0,0.0,0.015
26,0.8666586641276369,11,0.01283033300322558,0.0,-0.01625944686135126,0.013740553138648737,0.001259446861351262,2.518893722702524,1.0001909490608485,1.5777897835877863,1.5113362336215144,0.025,0.0,-0.03,0.0,1.0,0.0,0.015
26,0.8666586641276369,12,0.013816512393048637,0.0,-0.015483957135370409,0.01451604286462959,0.00048395713537040946,0.9679142707408189,-0.1799510957973345,0.08401697443135517,0.5807485624444914,0.025,0.0,-0.03,0.0,1.0,0.0,0.015
27,0.8999916896710075,0,0.0,0.0,-0.02,0.009999999999999998,0.005000000000000001,10.000000000000002,0.0,0.0,6.000000000000001,0.025,0.0,-0.03,0.0,1.0,0.0,0.015
27,0.8999916896710075,1,0.0012372026459063924,0.0,-0.02000992566439708,0.009990074335602919,0.005009925664397081,10.019851328794163,0.009489273150830832,0.43804186070297135,6.011910797276498,0.025,0.0,-0.03,0.0,1.0,0.0,0.015
27,0.8999916896710075,2,0.002467829105268122,0.0,-0.019955762530162794,0.010044237469837205,0.004955762530162795,9.911525060325589,-0.00352731301404845,0.19080620879224508,5.946915036195353,0.025,0.0,-0.03,0.0,1.0,0.0,0.015
27,0.8999916896710075,3,0.00370100934874226,0.0,-0.019835987320897717,0.010164012679102281,0.004835987320897718,9.671974641795437,-0.09723977827338122,0.5700925742644921,5.803184785077262,0.025,0.0,-0.03,0.0,1.0,0.0,0.015
27,0.8999916896710075,4,0.0049167035852662865,0.0,-0.01965124723329732,0.01034875276670268,0.00465124723329732,9.30249446659464,0.19326333232156223,0.962873639189959,5.581496679956784,0.025,0.0,-0.03,0.0,1.0,0.0,0.015
27,0.8999916896710075,5,0.006136324549502685,0.0,-0.01939584049774987,0.010604159502250129,0.004395840497749871,8.79168099549974,-0.268865895022773,1.1665851979949415,5.275008597299844,0.025,0.0,-0.03,0.0,1.0,0.0,0.015
27,0.8999916896710075,6,0.00733394892601078,0.0,-0.01907279768421298,0.010927202315787019,0.004072797684212981,8.145595368425962,0.08964705863572503,0.42046997496363275,4.887357221055577,0.025,0.0,-0.03,0.0,1.0,0.0,0.015
27,0.8999916896710075,7,0.008490779910507694,0.0,-0.018690706895023494,0.011309293104976505,0.0036907068950234947,7.38141379004699,0.32001507410010854,0.7873506098566775,4.428848274028193,0.025,0.0,-0.03,0.0,1.0,0.0,0.015
27,0.8999916896710075,8,0.009645312907927564,0.0,-0.01823874344200654,0.011761256557993458,0.0032387434420065413,6.477486884013082,-0.840496566226068,1.9927438992926727,3.886492130407849,0.025,0.0,-0.03,0.0,1.0,0.0,0.015
27,0.8999916896710075,9,0.01079300019770301,0.0,-0.0177137551309461,0.0122862448690539,0.0027137551309460994,5.427510261892198,0.5947779721320888,1.3433502914282223,3.256506157135319,0.025,0.0,-0.03,0.0,1.0,0.0,0.015
27,0.8999916896710075,10,0.011864963697180268,0.0,-0.017152677445615154,0.012847322554384845,0.0021526774456151546,4.3053548912303095,0.21458295215344356,0.44479943185636733,2.5832129347381856,0.025,0.0,-0.03,0.0,1.0,0.0,0.015
27,0.8999916896710075,11,0.01293641753593559,0.0,-0.016523290612434644,0.013476709387565355,0.0015232906124346447,3.0465812248692896,-0.24014547105605938,0.32029837596865485,1.8279487349215737,0.025,0.0,-0.03,0.0,1.0,0.0,0.015
27,0.8999916896710075,12,0.013968773350060824,0.0,-0.015849764977629084,0.014150235022370915,0.0008497649776290847,1.6995299552581695,-0.6998695391561299,1.0241005934205654,1.0197179731549018,0.025,0.0,-0.03,0.0,1.0,0.0,0.015
27,0.8999916896710075,13,0.014981471881429616,0.0,-0.015123611212849882,0.014876388787150117,0.00012361121284988272,0.24722242569976544,0.8608907962548662,1.2757781799006465,0.14833345541985926,0.025,0.0,-0.03,0.0,1.0,0.0,0.015
28,0.9333247152143782,0,0.0,0.0,-0.02,0.009999999999999998,0.005000000000000001,10.000000000000002,0.0,0.0,6.000000000000001,0.025,0.0,-0.03,0.0,1.0,0.0,0.015
28,0.9333247152143782,1,0.0012334092323504613,0.0,-0.019999866009958095,0.010000133990041904,0.0049998660099580955,9.999732019916191,0.01696266717663595,0.4415562426085482,5.999839211949714,0.025,0.0,-0.03,0.0,1.0,0.0,0.015
28,0.9333247152143782,2,0.0024716890960917153,0.0,-0.019928240344686137,0.010071759655313862,0.004928240344686138,9.856480689372276,-0.06006411871208712,0.6900635430554772,5.913888413623366,0.025,0.0,-0.03,0.0,1.0,0.0,0.015
28,0.9333247152143782,3,0.0036898345458971408,0.0,-0.019787779791881142,0.010212220208118857,0.004787779791881143,9.575559583762287,0.07285828242810347,0.5431397744821049,5.745335750257372,0.025,0.0,-0.03,0.0,1.0,0.0,0.015
28,0.9333247152143782,4,0.004910677792054827,0.0,-0.019577060908155544,0.010422939091844455,0.004577060908155545,9.15412181631109,-0.14439828227219903,0.696512218789201,5.492473089786654,0.025,0.0,-0.03,0.0,1.0,0.0,0.015
28,0.9333247152143782,5,0.006114448972388797,0.0,-0.019300181808909703,0.010699818191090296,0.004300181808909703,8.600363617819406,0.04957869494297965,0.3368060624956414,5.1602181706916435,0.025,0.0,-0.03,0.0,1.0,0.0,0.015
28,0.9333247152143782,6,0.007298579807367014,0.0,-0.018961798194001858,0.01103820180599814,0.003961798194001859,7.923596388003718,0.0561514418004115,0.12623163775279708,4.754157832802231,0.025,0.0,-0.03,0.0,1.0,0.0,0.015
28,0.9333247152143782,7,0.00846982587842175,0.0,-0.01856313055481527,0.011436869445184728,0.0035631305548152713,7.126261109630542,-0.023711277373262146,0.1591781525411745,4.275756665778325,0.025,0.0,-0.03,0.0,1.0,0.0,0.015
28,0.9333247152143782,8,0.009614007957541606,0.0,-0.018111636909311387,0.011888363090688612,0.0031116369093113876,6.223273818622775,0.08185412767824,0.08869698073948855,3.7339642911736646,0.025,0.0,-0.03,0.0,1.0,0.0,0.015
28,0.9333247152143782,9,0.010751359110277234,0.0,-0.01760285966182527,0.012397140338174729,0.0026028596618252707,5.205719323650541,-0.12589166885713757,0.33788221179382055,3.1234315941903246,0.025,0.0,-0.03,0.0,1.0,0.0,0.015
28,0.9333247152143782,10,0.011851350199609324,0.0,-0.017056062900898096,0.012943937099101903,0.0020560629008980966,4.112125801796193,0.32719060162011193,0.6515759268445647,2.4672754810777158,0.025,0.0,-0.03,0.0,1.0,0.0,0.015
28,0.9333247152143782,11,0.012941875978664185,0.0,-0.01646322969500213,0.013536770304997867,0.0014632296950021322,2.9264593900042644,-0.23093579464517075,0.41618479174228834,1.7558756340025585,0.025,0.0,-0.03,0.0,1.0,0.0,0.015
28,0.9333247152143782,12,0.014005559793268967,0.0,-0.01584142432991176,0.014158575670088238,0.0008414243299117614,1.6828486598235228,-0.10533295058949493,0.13068493628305608,1.0097091958941136,0.025,0.0,-0.03,0.0,1.0,0.0,0.015
28,0.9333247152143782,13,0.015061518326542532,0.0,-0.015189918738676467,0.014810081261323532,0.00018991873867646794,0.3798374773529359,-0.27795193169579424,0.4719022731068085,0.22790248641176153,0.025,0.0,-0.03,0.0,1.0,0.0,0.015
29,0.9666577407577488,0,0.0,0.0,-0.02,0.009999999999999998,0.005000000000000001,10.000000000000002,0.0,0.0,6.000000000000001,0.025,0.0,-0.03,0.0,1.0,0.0,0.015
29,0.9666577407577488,1,0.0012333155386617931,0.0,-0.0199905603423463,0.010009439657653697,0.004990560342346302,9.981120684692604,-0.0064325801039342234,0.1373685491980819,5.988672410815562,0.025,0.0,-0.03,0.0,1.0,0.0,0.015
29,0.9666577407577488,2,0.002462819072391723,0.0,-0.019903061381087193,0.010096938618912806,0.004903061381087193,9.806122762174386,0.027756770149686003,0.26995956223532874,5.883673657304631,0.025,0.0,-0.03,0.0,1.0,0.0,0.015
29,0.9666577407577488,3,0.003686938108877006,0.0,-0.019740391588209595,0.010259608411790404,0.004740391588209596,9.480783176419191,-0.05563884541038256,0.3794015709274381,5.688469905851514,0.025,0.0,-0.03,0.0,1.0,0.0,0.015
29,0.9666577407577488,4,0.00489718527040003,0.0,-0.019507204295492717,0.010492795704507282,0.004507204295492718,9.014408590985436,0.09282639556758215,0.46018394678655244,5.4086451545912615,0.025,0.0,-0.03,0.0,1.0,0.0,0.015
29,0.9666577407577488,5,0.006095971114193139,0.0,-0.01920744860198959,0.01079255139801041,0.004207448601989589,8.414897203979178,-0.13452362444738866,0.5407413770681532,5.048938322387507,0.025,0.0,-0.03,0.0,1.0,0.0,0.015
29,0.9666577407577488,6,0.007275988481157562,0.0,-0.018847661617724748,0.011152338382275251,0.0038476616177247486,7.695323235449497,0.19337334895520011,0.6311524076371899,4.617193941269698,0.025,0.0,-0.03,0.0,1.0,0.0,0.015
29,0.9666577407577488,7,0.008439798509868115,0.0,-0.01843289424198005,0.01156710575801995,0.0034328942419800494,6.865788483960099,-0.2453800263218918,0.7187097992815996,4.119473090376059,0.025,0.0,-0.03,0.0,1.0,0.0,0.015
29,0.9666577407577488,8,0.009585953633111918,0.0,-0.01796959203057957,0.01203040796942043,0.00296959203057957,5.93918406115914,0.3062783185600139,0.7815947243797413,3.5635104366954837,0.025,0.0,-0.03,0.0,1.0,0.0,0.015
29,0.9666577407577488,9,0.010712391799530385,0.0,-0.017465441655051133,0.012534558344948866,0.0024654416550511336,4.930883310102267,-0.3521289120026118,0.8386871541806005,2.95852998606136,0.025,0.0,-0.03,0.0,1.0,0.0,0.015
29,0.9666577407577488,10,0.011827221921792726,0.0,-0.016924251803076943,0.013075748196923056,0.0019242518030769436,3.848503606153887,0.3991912462634369,0.867039629437322,2.3091021636923323,0.025,0.0,-0.03,0.0,1.0,0.0,0.015
29,0.9666577407577488,11,0.012921609127999313,0.0,-0.01635765879604722,0.01364234120395278,0.001357658796047219,2.7153175920944377,-0.42566660730138833,0.8891354998271729,1.6291905552566626,0.025,0.0,-0.03,0.0,1.0,0.0,0.015
29,0.9666577407577488,12,0.014014154943830707,0.0,-0.015766829910423327,0.014233170089576672,0.0007668299104233271,1.5336598208466543,0.4326169873243804,0.8569101996690385,0.9201958925079925,0.025,0.0,-0.03,0.0,1.0,0.0,0.015
29,0.9666577407577488,13,0.015091055644557781,0.0,-0.015169688761127294,0.014830311238872705,0.0001696887611272943,0.3393775222545886,-0.4327664924812204,0.8394271122702207,0.20362651335275317,0.025,0.0,-0.03,0.0,1.0,0.0,0.015
30,0.9999907663011195,0,0.0,0.0,-0.02,0.009999999999999998,0.005000000000000001,10.000000000000002,0.0,0.0,6.000000000000001,0.025,0.0,-0.03,0.0,1.0,0.0,0.015
30,0.9999907663011195,1,0.0012333324720294667,0.0,-0.019984464652501876,0.010015535347498123,0.004984464652501876,9.968929305003753,0.0018795755155550326,0.040070922669001904,5.981357583002252,0.025,0.0,-0.03,0.0,1.0,0.0,0.015
30,0.9999907663011195,2,0.00245988605222141,0.0,-0.01988599123669897,0.010114008763301027,0.004885991236698972,9.771982473397944,-0.00691749191326195,0.07912892032566447,5.863189484038767,0.025,0.0,-0.03,0.0,1.0,0.0,0.015
30,0.9999907663011195,3,0.0036846025534955384,0.0,-0.01970824953013067,0.01029175046986933,0.00470824953013067,9.416499060261339,0.01837505324633871,0.11674429538476175,5.649899436156804,0.025,0.0,-0.03,0.0,1.0,0.0,0.015
30,0.9999907663011195,4,0.004887459260017442,0.0,-0.019459201312698925,0.010540798687301074,0.004459201312698925,8.918402625397851,-0.030078595484126135,0.1519191045152015,5.35104157523871,0.025,0.0,-0.03,0.0,1.0,0.0,0.015
30,0.9999907663011195,5,0.006087425312229777,0.0,-0.019141071668797607,0.010858928331202392,0.004141071668797607,8.282143337595214,0.04927039801136796,0.1843368103079119,4.969286002557128,0.025,0.0,-0.03,0.0,1.0,0.0,0.015
30,0.9999907663011195,6,0.007255877323654295,0.0,-0.01876728688352372,0.011232713116476278,0.003767286883523721,7.534573767047442,-0.06336317135576945,0.21385471996960434,4.520744260228465,0.025,0.0,-0.03,0.0,1.0,0.0,0.015
30,0.9999907663011195,7,0.00842361030145175,0.0,-0.018336269595071404,0.011663730404928595,0.0033362695950714047,6.6725391901428095,0.08614359879225343,0.23931290854425624,4.0035235140856855,0.025,0.0,-0.03,0.0,1.0,0.0,0.015
30,0.9999907663011195,8,0.009555989091702227,0.0,-0.017867200860496747,0.012132799139503252,0.002867200860496747,5.734401720993494,-0.09872701276681527,0.2621573929324386,3.4406410325960963,0.025,0.0,-0.03,0.0,1.0,0.0,0.015
30,0.9999907663011195,9,0.010692744776064094,0.0,-0.017353816335152303,0.012646183664847696,0.0023538163351523034,4.707632670304607,0.12034081162382242,0.28001138168843764,2.824579602182764,0.025,0.0,-0.03,0.0,1.0,0.0,0.015
30,0.9999907663011195,10,0.011795403226690435,0.0,-0.016820275742677984,0.013179724257322015,0.0018202757426779848,3.6405514853559695,-0.12844490290444535,0.2956294799634469,2.1843308912135817,0.025,0.0,-0.03,0.0,1.0,0.0,0.015
30,0.9999907663011195,11,0.012909771344737276,0.0,-0.016256135242100025,0.013743864757899973,0.001256135242100026,2.512270484200052,0.1457842143534737,0.3055597269554781,1.5073622905200312,0.025,0.0,-0.03,0.0,1.0,0.0,0.015
30,0.9999907663011195,12,0.013995515629175325,0.0,-0.01568961789251369,0.014310382107486308,0.0006896178925136914,1.3792357850273829,-0.13816003805098687,0.30123987232645333,0.8275414710164297,0.025,0.0,-0.03,0.0,1.0,0.0,0.015
30,0.9999907663011195,13,0.01510259859581815,0.0,-0.01510983588843074,0.014890164111569258,0.00010983588843074127,0.21967177686148254,0.1416443446558001,0.2975105105507823,0.13180306611688952,0.025,0.0,-0.03,0.0,1.0,0.0,0.015
31,1.0333237918444902,0,0.0,0.0,-0.02,0.009999999999999998,0.005000000000000001,10.000000000000002,0.0,0.0,6.000000000000001,0.025,0.0,-0.03,0.0,1.0,0.0,0.015
31,1.0333237918444902,1,0.001231763845854844,0.0,-0.019980746475192677,0.010019253524807321,0.004980746475192678,9.961492950385356,-0.0008660570666029709,0.024777542243253875,5.976895770231214,0.025,0.0,-0.03,0.0,1.0,0.0,0.015
31,1.0333237918444902,2,0.0024627099250428427,0.0,-0.019874836743630088,0.010125163256369911,0.0048748367436300885,9.749673487260177,0.004663788046408246,0.04859532238009381,5.849804092356106,0.025,0.0,-0.03,0.0,1.0,0.0,0.015
31,1.0333237918444902,3,0.003678584310192234,0.0,-0.019688855310851808,0.010311144689148191,0.004688855310851808,9.377710621703617,-0.010119296460868307,0.07028555230702252,5.62662637302217,0.025,0.0,-0.03,0.0,1.0,0.0,0.015
31,1.0333237918444902,4,0.004890105555693704,0.0,-0.01942723839461781,0.010572761605382189,0.004427238394617811,8.85447678923562,0.019531395329564463,0.0896566778849641,5.312686073541372,0.025,0.0,-0.03,0.0,1.0,0.0,0.015
31,1.0333237918444902,5,0.006074672367428222,0.0,-0.019101208792412384,0.010898791207587615,0.004101208792412384,8.202417584824769,-0.026832192829515197,0.10646735230633994,4.921450550894861,0.025,0.0,-0.03,0.0,1.0,0.0,0.015
31,1.0333237918444902,6,0.007255317334617092,0.0,-0.018712690173793404,0.011287309826206595,0.0037126901737934044,7.425380347586809,0.03875219160246201,0.12035303894200072,4.455228208552085,0.025,0.0,-0.03,0.0,1.0,0.0,0.015
31,1.0333237918444902,7,0.008403482647566195,0.0,-0.018278110823308234,0.011721889176691765,0.003278110823308235,6.55622164661647,-0.045071540097665404,0.13229767316921326,3.9337329879698815,0.025,0.0,-0.03,0.0,1.0,0.0,0.015
31,1.0333237918444902,8,0.009551858825600052,0.0,-0.017795372014912863,0.012204627985087136,0.0027953720149128634,5.590744029825727,0.056874706369531555,0.14140126472364553,3.354446417895436,0.025,0.0,-0.03,0.0,1.0,0.0,0.015
31,1.0333237918444902,9,0.010667955354584525,0.0,-0.017285645096570004,0.012714354903429995,0.002285645096570005,4.57129019314001,-0.06061160460282102,0.14966244432669026,2.7427741158840058,0.025,0.0,-0.03,0.0,1.0,0.0,0.015
31,1.0333237918444902,10,0.011791375178581514,0.0,-0.016742749076472732,0.013257250923527267,0.0017427490764727327,3.4854981529454654,0.07039180964743692,0.15552729907789745,2.0912988917672792,0.025,0.0,-0.03,0.0,1.0,0.0,0.015
31,1.0333237918444902,11,0.012886907155893353,0.0,-0.016191471631460567,0.013808528368539432,0.0011914716314605674,2.3829432629211347,-0.07084910100228355,0.1610012708535846,1.4297659577526807,0.025,0.0,-0.03,0.0,1.0,0.0,0.015
31,1.0333237918444902,12,0.013998802194491834,0.0,-0.015622676197778101,0.014377323802221897,0.000622676197778102,1.245352395556204,0.07509651176026573,0.16212885622856277,0.7472114373337224,0.025,0.0,-0.03,0.0,1.0,0.0,0.015
31,1.0333237918444902,13,0.01509064780356581,0.0,-0.015065045344646496,0.014934954655353503,6.504534464649679e-05,0.13009068929299358,-0.06892954981709966,0.15764300607571075,0.07805441357579615,0.025,0.0,-0.03,0.0,1.0,0.0,0.015
31,1.0333237918444902,79,0.0064133488050810965,0.0,-0.015202953047298455,0.014797046952701544,0.0002029530472984556,0.4059060945969112,-0.3037581383758386,0.2863714028454782,0.2435436567581467,0.025,0.0,-0.03,0.0,1.0,0.0,0.015
31,1.0333237918444902,80,0.005285705301899635,0.0,-0.01570508711569307,0.01429491288430693,0.0007050871156930698,1.4101742313861396,-0.10382407998598911,0.16210249067739146,0.8461045388316838,0.025,0.0,-0.03,0.0,1.0,0.0,0.015
32,1.0666568173878608,0,0.0,0.0,-0.02,0.009999999999999998,0.005000000000000001,10.000000000000002,0.0,0.0,6.000000000000001,0.025,0.0,-0.03,0.0,1.0,0.0,0.015
32,1.0666568173878608,1,0.0012332345580379116,0.0,-0.01997879041772456,0.01002120958227544,0.00497879041772456,9.95758083544912,0.0043938650635109286,0.08427511763412342,5.974548501269472,0.025,0.0,-0.03,0.0,1.0,0.0,0.015
32,1.0666568173878608,2,0.0024614494692357138,0.0,-0.01986969399564184,0.010130306004358158,0.004869693995641841,9.739387991283682,-0.017532855930658363,0.16534280238716195,5.843632794770209,0.025,0.0,-0.03,0.0,1.0,0.0,0.015
32,1.0666568173878608,3,0.0036820671108998425,0.0,-0.019678491738036378,0.010321508261963621,0.0046784917380363784,9.356983476072758,0.03813957316312246,0.2420234490126448,5.614190085643655,0.025,0.0,-0.03,0.0,1.0,0.0,0.015
32,1.0666568173878608,4,0.004886560526759908,0.0,-0.01941293157107583,0.010587068428924169,0.004412931571075831,8.825863142151661,-0.06773360847267944,0.3107486259746071,5.295517885290996,0.025,0.0,-0.03,0.0,1.0,0.0,0.015
32,1.0666568173878608,5,0.00607837704567622,0.0,-0.01907957294860708,0.010920427051392918,0.004079572948607082,8.159145897214163,0.09792235220844066,0.3741479805396911,4.8954875383284975,0.025,0.0,-0.03,0.0,1.0,0.0,0.015
32,1.0666568173878608,6,0.0072486657884563,0.0,-0.018688559818915065,0.011311440181084934,0.003688559818915065,7.3771196378301305,-0.1353460365790466,0.4275992067717294,4.426271782698078,0.025,0.0,-0.03,0.0,1.0,0.0,0.015
32,1.0666568173878608,7,0.008406288086368159,0.0,-0.018245878650848785,0.011754121349151214,0.0032458786508487852,6.491757301697571,0.16611221553665867,0.47767675655615144,3.895054381018542,0.025,0.0,-0.03,0.0,1.0,0.0,0.015
32,1.0666568173878608,8,0.009542434393878127,0.0,-0.017763571141632215,0.012236428858367784,0.0027635711416322158,5.527142283264432,-0.20317086928860434,0.5176396474854952,3.316285369958659,0.025,0.0,-0.03,0.0,1.0,0.0,0.015
32,1.0666568173878608,9,0.010670287852825255,0.0,-0.017246335415209892,0.012753664584790107,0.002246335415209893,4.492670830419786,0.22791186567203714,0.5573987435197608,2.6956024982518714,0.025,0.0,-0.03,0.0,1.0,0.0,0.015
32,1.0666568173878608,10,0.011781005439323035,0.0,-0.016707600753359687,0.013292399246640312,0.0017076007533596872,3.4152015067193746,-0.25786461130118893,0.5872892149888236,2.0491209040316245,0.025,0.0,-0.03,0.0,1.0,0.0,0.015
32,1.0666568173878608,11,0.012890865828793667,0.0,-0.01615070358259474,0.01384929641740526,0.0011507035825947393,2.3014071651894783,0.2721106469487093,0.6189050090024936,1.380844299113687,0.025,0.0,-0.03,0.0,1.0,0.0,0.015
32,1.0666568173878608,12,0.01399055355177178,0.0,-0.015590023446790927,0.014409976553209072,0.0005900234467909275,1.1800468935818549,-0.2883981198075122,0.6415428415475193,0.7080281361491129,0.025,0.0,-0.03,0.0,1.0,0.0,0.015
32,1.0666568173878608,13,0.015099046421202396,0.0,-0.015029529931921814,0.014970470068078185,2.9529931921814384e-05,0.05905986384362877,0.2818688194425405,0.6437136842677496,0.03543591830617726,0.025,0.0,-0.03,0.0,1.0,0.0,0.015
32,1.0666568173878608,70,0.014231838522706347,0.0,-0.015575305948740537,0.014424694051259462,0.0005753059487405374,1.1506118974810748,-0.24708083912312648,0.36344533253194633,0.6903671384886448,0.025,0.0,-0.03,0.0,1.0,0.0,0.015
32,1.0666568173878608,71,0.013188804251409487,0.0,-0.016271067516759177,0.013728932483240822,0.0012710675167591778,2.5421350335183557,0.1916620462890238,0.3036300899653332,1.5252810201110134,0.025,0.0,-0.03,0.0,1.0,0.0,0.015
32,1.0666568173878608,72,0.012173295228398062,0.0,-0.016945334398502584,0.013054665601497414,0.001945334398502585,3.89066879700517,-0.3139609692989658,0.44922748341228325,2.334401278203102,0.025,0.0,-0.03,0.0,1.0,0.0,0.015
32,1.0666568173878608,73,0.011125519412061151,0.0,-0.017638646640360838,0.01236135335963916,0.0026386466403608387,5.277293280721677,0.2255522193551305,0.36922633599206306,3.166375968433006,0.025,0.0,-0.03,0.0,1.0,0.0,0.015
32,1.0666568173878608,74,0.010109694977257822,0.0,-0.018309092834666963,0.011690907165333036,0.0033090928346669636,6.618185669333927,-0.33779811253239334,0.47386588286042375,3.970911401600356,0.025,0.0,-0.03,0.0,1.0,0.0,0.015
32,1.0666568173878608,75,0.009059787408821586,0.0,-0.019001209085080226,0.010998790914919773,0.004001209085080226,8.002418170160453,0.21923100175452076,0.3739099477627423,4.8014509020962715,0.025,0.0,-0.03,0.0,1.0,0.0,0.015
32,1.0666568173878608,76,0.008043801789020663,0.0,-0.019670750363644653,0.010329249636355346,0.004670750363644654,9.341500727289308,-0.32874416383348504,0.4469855119634427,5.604900436373584,0.025,0.0,-0.03,0.0,1.0,0.0,0.015
32,1.0666568173878608,77,0.006994440721167573,0.0,-0.020363046208529453,0.009636953791470546,0.005363046208529454,10.726092417058908,0.18404043958837862,0.33363963774388133,6.435655450235345,0.025,0.0,-0.03,0.0,1.0,0.0,0.015
32,1.0666568173878608,78,0.005978538099840008,0.0,-0.021034618469654175,0.008965381530345824,0.006034618469654175,12.06923693930835,-0.296479990682376,0.38472711030723267,7.2415421635850095,0.025,0.0,-0.03,0.0,1.0,0.0,0.015
32,1.0666568173878608,79,0.004932270278733289,0.0,-0.021728365286034827,0.008271634713965172,0.006728365286034828,13.456730572069656,0.13420039435389533,0.2813830990523885,8.074038343241794,0.025,0.0,-0.03,0.0,1.0,0.0,0.015
32,1.0666568173878608,80,0.003883744695367098,0.0,-0.022376532514102536,0.007623467485897463,0.0073765325141025365,14.753065028205073,-0.2690666757478317,0.34624613172830127,8.851839016923044,0.025,0.0,-0.03,0.0,1.0,0.0,0.015
33,1.0999898429312314,0,0.0,0.0,-0.02,0.009999999999999998,0.005000000000000001,10.000000000000002,0.0,0.0,6.000000000000001,0.025,0.0,-0.03,0.0,1.0,0.0,0.015
33,1.0999898429312314,1,0.0012340975861314584,0.0,-0.01998360598680956,0.01001639401319044,0.00498360598680956,9.96721197361912,0.0018865580623762632,0.04279384493821796,5.980327184171472,0.025,0.0,-0.03,0.0,1.0,0.0,0.015
33,1.0999898429312314,2,0.002462649754818911,0.0,-0.0198836881364083,0.010116311863591698,0.004883688136408302,9.767376272816604,-0.008522117440825847,0.08364299140084437,5.860425763689962,0.025,0.0,-0.03,0.0,1.0,0.0,0.015
33,1.0999898429312314,3,0.0036866640389147964,0.0,-0.019704487657669113,0.010295512342330886,0.004704487657669114,9.408975315338228,0.017769207701371578,0.12105248716759805,5.645385189202937,0.025,0.0,-0.03,0.0,1.0,0.0,0.015
33,1.0999898429312314,4,0.004892475228866704,0.0,-0.01945320123931773,0.01054679876068227,0.004453201239317729,8.906402478635458,-0.032982429260485495,0.15347904847096314,5.343841487181275,0.025,0.0,-0.03,0.0,1.0,0.0,0.015
33,1.0999898429312314,5,0.006090419114851472,0.0,-0.019133797262802676,0.010866202737197322,0.004133797262802677,8.267594525605354,0.045460190673217674,0.1812581066191338,4.960556715363212,0.025,0.0,-0.03,0.0,1.0,0.0,0.015
33,1.0999898429312314,6,0.007262578090513056,0.0,-0.01875722347082233,0.01124277652917767,0.0037572234708223295,7.514446941644659,-0.06421730055180744,0.20305196740311962,4.508668164986795,0.025,0.0,-0.03,0.0,1.0,0.0,0.015
33,1.0999898429312314,7,0.008427292185114225,0.0,-0.01832545250838107,0.01167454749161893,0.0033254525083810695,6.650905016762139,0.07529922662688338,0.22125619162786223,3.990543010057283,0.025,0.0,-0.03,0.0,1.0,0.0,0.015
33,1.0999898429312314,8,0.00956388306900964,0.0,-0.017853088424341114,0.012146911575658885,0.0028530884243411145,5.706176848682229,-0.09331473041945576,0.23412766639567192,3.4237061092093373,0.025,0.0,-0.03,0.0,1.0,0.0,0.015
33,1.0999898429312314,9,0.01069690884811357,0.0,-0.017339313309846015,0.012660686690153983,0.002339313309846016,4.678626619692032,0.10067949139253395,0.2454271453728407,2.8071759718152194,0.025,0.0,-0.03,0.0,1.0,0.0,0.015
33,1.0999898429312314,10,0.011803901308570942,0.0,-0.01680181105438802,0.013198188945611977,0.0018018110543880222,3.6036221087760447,-0.11535050828330652,0.25309198944939804,2.162173265265627,0.025,0.0,-0.03,0.0,1.0,0.0,0.015
33,1.0999898429312314,11,0.012913944288063082,0.0,-0.01623703364453395,0.01376296635546605,0.001237033644533949,2.474067289067898,0.1200525554634658,0.26040709343315993,1.4844403734407388,0.025,0.0,-0.03,0.0,1.0,0.0,0.015
33,1.0999898429312314,12,0.014003490458698545,0.0,-0.01566545999268486,0.014334540007315138,0.0006654599926848616,1.3309199853697231,-0.12009884180617485,0.2517980060397312,0.7985519912218338,0.025,0.0,-0.03,0.0,1.0,0.0,0.015
33,1.0999898429312314,13,0.015105272241194522,0.0,-0.01508357478631739,0.014916425213682609,8.357478631739086e-05,0.16714957263478172,0.11579612819131362,0.24547222256896653,0.10028974358086903,0.025,0.0,-0.03,0.0,1.0,0.0,0.015
33,1.0999898429312314,68,0.015021074019428813,0.0,-0.015036573117730956,0.014963426882269043,3.657311773095674e-05,0.07314623546191348,-0.6662925136283155,0.8487443322102535,0.04388774127714809,0.025,0.0,-0.03,0.0,1.0,0.0,0.015
33,1.0999898429312314,69,0.014039324074688291,0.0,-0.015798590971314735,0.014201409028685264,0.0007985909713147353,1.5971819426294707,0.6694039926813977,0.8579941680109873,0.9583091655776823,0.025,0.0,-0.03,0.0,1.0,0.0,0.015
33,1.0999898429312314,70,0.013067273119098178,0.0,-0.01655275760487794,0.013447242395122058,0.0015527576048779412,3.1055152097558825,-0.731128310764761,0.9416324926194913,1.8633091258535295,0.025,0.0,-0.03,0.0,1.0,0.0,0.015
33,1.0999898429312314,71,0.012083924636314181,0.0,-0.01731484753696502,0.01268515246303498,0.0023148475369650194,4.629695073930039,0.7076798071722217,0.9212843925918508,2.7778170443580232,0.025,0.0,-0.03,0.0,1.0,0.0,0.015
33,1.0999898429312314,72,0.011111128364710822,0.0,-0.018067113415096328,0.01193288658490367,0.0030671134150963286,6.134226830192658,-0.7656178171076455,0.9782193799933837,3.6805360981155943,0.025,0.0,-0.03,0.0,1.0,0.0,0.015
33,1.0999898429312314,73,0.010125908092154306,0.0,-0.01882775431235953,0.01117224568764047,0.00382775431235953,7.65550862471906,0.7166422235108392,0.9408798429677331,4.5933051748314355,0.025,0.0,-0.03,0.0,1.0,0.0,0.015
33,1.0999898429312314,74,0.009152454348879801,0.0,-0.01957851244631175,0.010421487553688248,0.004578512446311751,9.157024892623502,-0.7639196204425591,0.9709924486388127,5.494214935574101,0.025,0.0,-0.03,0.0,1.0,0.0,0.015
33,1.0999898429312314,75,0.008166539142289628,0.0,-0.02033857696313387,0.00966142303686613,0.005338576963133869,10.677153926267739,0.6929607268136689,0.9178489679475035,6.406292355760643,0.025,0.0,-0.03,0.0,1.0,0.0,0.015
33,1.0999898429312314,76,0.007193012784279191,0.0,-0.021089219324086726,0.008910780675913273,0.006089219324086726,12.178438648173453,-0.7327201322054248,0.9234617442222282,7.307063188904071,0.025,0.0,-0.03,0.0,1.0,0.0,0.015
33,1.0999898429312314,77,0.006207650854341221,0.0,-0.02184962979863194,0.008150370201368058,0.006849629798631941,13.699259597263882,0.6416642275375213,0.8569686066493817,8.219555758358329,0.025,0.0,-0.03,0.0,1.0,0.0,0.015
33,1.0999898429312314,78,0.005234632515871389,0.0,-0.02260158067992031,0.007398419320079688,0.007601580679920311,15.203161359840623,-0.6745288480367487,0.8405161494733518,9.121896815904373,0.025,0.0,-0.03,0.0,1.0,0.0,0.015
33,1.0999898429312314,79,0.00425104959194133,0.0,-0.02336322396546853,0.0066367760345314684,0.008363223965468531,16.726447930937063,0.55862121206299,0.7671036625667346,10.035868758562238,0.025,0.0,-0.03,0.0,1.0,0.0,0.015
33,1.0999898429312314,80,0.003256060378232608,0.0,-0.02410898388205121,0.0058910161179487885,0.009108983882051211,18.217967764102422,-0.6073262076762596,0.7675423071541387,10.930780658461453,0.025,0.0,-0.03,0.0,1.0,0.0,0.015
34,1.1333228684746022,0,0.0,0.0,-0.02,0.009999999999999998,0.005000000000000001,10.000000000000002,0.0,0.0,6.000000000000001,0.025,0.0,-0.03,0.0,1.0,0.0,0.015
34,1.1333228684746022,1,0.0012335420937470312,0.0,-0.019987467368623252,0.010012532631376747,0.004987467368623252,9.974934737246505,-0.004348892508157448,0.08009672175816376,5.984960842347903,0.025,0.0,-0.03,0.0,1.0,0.0,0.015
34,1.1333228684746022,2,0.002463880509531437,0.0,-0.01989411238449059,0.010105887615509408,0.004894112384490591,9.788224768981182,0.015579759590298536,0.15742446003068405,5.87293486138871,0.025,0.0,-0.03,0.0,1.0,0.0,0.015
34,1.1333228684746022,3,0.003686429051007174,0.0,-0.019723868343323923,0.010276131656676075,0.004723868343323924,9.447736686647849,-0.03564032180064614,0.22946392665624335,5.668642011988709,0.025,0.0,-0.03,0.0,1.0,0.0,0.015
34,1.1333228684746022,4,0.004897041809162607,0.0,-0.019481583250569357,0.010518416749430642,0.004481583250569358,8.963166501138716,0.0599154816826601,0.2943395320659761,5.3778999006832295,0.025,0.0,-0.03,0.0,1.0,0.0,0.015
34,1.1333228684746022,5,0.006093048239865138,0.0,-0.019172799454827957,0.010827200545172042,0.004172799454827958,8.345598909655916,-0.09103658559545809,0.3508474803709102,5.0073593457935495,0.025,0.0,-0.03,0.0,1.0,0.0,0.015
34,1.1333228684746022,6,0.007272110752091383,0.0,-0.01880375365145104,0.01119624634854896,0.003803753651451039,7.607507302902078,0.12045313159936666,0.3991337034680407,4.564504381741246,0.025,0.0,-0.03,0.0,1.0,0.0,0.015
34,1.1333228684746022,7,0.008433660278572919,0.0,-0.018380923330655625,0.011619076669344374,0.0033809233306556254,6.7618466613112505,-0.15453467419418826,0.43879740910644777,4.05710799678675,0.025,0.0,-0.03,0.0,1.0,0.0,0.015
34,1.1333228684746022,8,0.009577292103199199,0.0,-0.017911316988518222,0.012088683011481777,0.0029113169885182227,5.822633977036445,0.18205452504397657,0.4717122483684683,3.493580386221867,0.025,0.0,-0.03,0.0,1.0,0.0,0.015
34,1.1333228684746022,9,0.010704376641782119,0.0,-0.017401793401398028,0.01259820659860197,0.0024017934013980287,4.803586802796057,-0.21257937713594652,0.4977044319280753,2.8821520816776345,0.025,0.0,-0.03,0.0,1.0,0.0,0.015
34,1.1333228684746022,10,0.01181622095965826,0.0,-0.0168596520284901,0.0131403479715099,0.001859652028490099,3.719304056980198,0.23388176494182028,0.5192902627950526,2.2315824341881187,0.025,0.0,-0.03,0.0,1.0,0.0,0.015
34,1.1333228684746022,11,0.012915725660582798,0.0,-0.016291763723036076,0.013708236276963923,0.0012917637230360768,2.5835274460721536,-0.25631742567126614,0.5367124510072565,1.5501164676432921,0.025,0.0,-0.03,0.0,1.0,0.0,0.015
34,1.1333228684746022,12,0.014005967056707593,0.0,-0.015706372449403837,0.014293627550596162,0.0007063724494038373,1.4127448988076745,0.26121976036218075,0.5336295869088564,0.8476469392846047,0.025,0.0,-0.03,0.0,1.0,0.0,0.015
34,1.1333228684746022,13,0.015091690613151246,0.0,-0.015112219979738857,0.014887780020261141,0.00011221997973885796,0.22443995947771592,-0.26865481179569817,0.5322403388807296,0.13466397568662955,0.025,0.0,-0.03,0.0,1.0,0.0,0.015
34,1.1333228684746022,68,0.01435261067919973,0.0,-0.015533854696720462,0.014466145303279537,0.0005338546967204628,1.0677093934409256,-0.48073830520674793,0.5642868956391669,0.6406256360645554,0.025,0.0,-0.03,0.0,1.0,0.0,0.015
34,1.1333228684746022,69,0.013410797549747108,0.0,-0.01632811110133044,0.013671888898669559,0.0013281111013304404,2.656222202660881,0.47268581801995274,0.557266756295559,1.5937333215965286,0.025,0.0,-0.03,0.0,1.0,0.0,0.015
34,1.1333228684746022,70,0.012461949618053391,0.0,-0.017129620411994787,0.012870379588005212,0.0021296204119947877,4.259240823989575,-0.5343593428017605,0.6296910186669025,2.5555444943937453,0.025,0.0,-0.03,0.0,1.0,0.0,0.015
34,1.1333228684746022,71,0.011521361955076451,0.0,-0.01792445440167299,0.01207554559832701,0.00292445440167299,5.84890880334598,0.5349301762153902,0.6386886384177317,3.5093452820075877,0.025,0.0,-0.03,0.0,1.0,0.0,0.015
34,1.1333228684746022,72,0.010571657555498945,0.0,-0.018726097818464273,0.011273902181535726,0.003726097818464273,7.452195636928546,-0.5977219321644198,0.7013663228133653,4.471317382157127,0.025,0.0,-0.03,0.0,1.0,0.0,0.015
34,1.1333228684746022,73,0.009630613896362812,0.0,-0.019519807932912175,0.010480192067087824,0.004519807932912175,9.03961586582435,0.58257834728869,0.6980996696554513,5.42376951949461,0.025,0.0,-0.03,0.0,1.0,0.0,0.015
34,1.1333228684746022,74,0.008680252331351924,0.0,-0.02032107147553768,0.009678928524462317,0.005321071475537682,10.642142951075364,-0.6330924039108523,0.7397157011703653,6.385285770645218,0.025,0.0,-0.03,0.0,1.0,0.0,0.015
34,1.1333228684746022,75,0.007739129577040577,0.0,-0.021114526154796295,0.008885473845203704,0.006114526154796296,12.229052309592593,0.5975660560016544,0.7198478150162965,7.337431385755555,0.025,0.0,-0.03,0.0,1.0,0.0,0.015
34,1.1333228684746022,76,0.006788945836150051,0.0,-0.02191593937396367,0.008084060626036327,0.006915939373963672,13.831878747927345,-0.6345423982304743,0.7368831074002781,8.299127248756406,0.025,0.0,-0.03,0.0,1.0,0.0,0.015
34,1.1333228684746022,77,0.005848138403069947,0.0,-0.022710048200140224,0.007289951799859775,0.007710048200140224,15.42009640028045,0.5773632426676971,0.6988847105100472,9.25205784016827,0.025,0.0,-0.03,0.0,1.0,0.0,0.015
34,1.1333228684746022,78,0.004898985136964454,0.0,-0.023512139865668493,0.006487860134331506,0.008512139865668494,17.024279731336986,-0.5998458102239588,0.6909965351687903,10.214567838802191,0.025,0.0,-0.03,0.0,1.0,0.0,0.015
34,1.1333228684746022,79,0.003958881264053784,0.0,-0.024307815422095917,0.005692184577904082,0.009307815422095918,18.615630844191834,0.5180871135418201,0.6375303963790439,11.1693785065151,0.025,0.0,-0.03,0.0,1.0,0.0,0.015
34,1.1333228684746022,80,0.0029933123689700313,0.0,-0.025109816665708114,0.004890183334291885,0.010109816665708114,20.21963333141623,-0.5454877095017547,0.6328315199457054,12.131779998849737,0.025,0.0,-0.03,0.0,1.0,0.0,0.015
35,1.1666558940179728,0,0.0,0.0,-0.02,0.009999999999999998,0.005000000000000001,10.000000000000002,0.0,0.0,6.000000000000001,0.025,0.0,-0.03,0.0,1.0,0.0,0.015
35,1.1666558940179728,1,0.001233424181015273,0.0,-0.019989970971503717,0.010010029028496282,0.004989970971503718,9.979941943007436,0.0039549371208614246,0.07583447943228427,5.987965165804462,0.025,0.0,-0.03,0.0,1.0,0.0,0.015
35,1.1666558940179728,2,0.0024639700170089583,0.0,-0.01990085960085441,0.010099140399145588,0.004900859600854412,9.801719201708824,-0.015010549508014642,0.14920476728975313,5.881031521025294,0.025,0.0,-0.03,0.0,1.0,0.0,0.015
35,1.1666558940179728,3,0.0036868983465813323,0.0,-0.019735988180026434,0.010264011819973565,0.004735988180026435,9.471976360052869,0.03277137884224886,0.2178177778980374,5.683185816031721,0.025,0.0,-0.03,0.0,1.0,0.0,0.015
35,1.1666558940179728,4,0.004898527092638218,0.0,-0.019499573222231344,0.010500426777768655,0.004499573222231344,8.999146444462689,-0.05752355352752639,0.2797279366855975,5.399487866677613,0.025,0.0,-0.03,0.0,1.0,0.0,0.015
35,1.1666558940179728,5,0.006095488982868258,0.0,-0.019196640989887388,0.01080335901011261,0.004196640989887389,8.393281979774777,0.08471812178106018,0.3341519539450153,5.035969187864866,0.025,0.0,-0.03,0.0,1.0,0.0,0.015
35,1.1666558940179728,6,0.007275964506128784,0.0,-0.01883272374646183,0.01116727625353817,0.0038327237464618295,7.665447492923659,-0.11616088388457742,0.38011606100896694,4.599268495754195,0.025,0.0,-0.03,0.0,1.0,0.0,0.015
35,1.1666558940179728,7,0.008438324087068589,0.0,-0.01841399853036478,0.011586001469635218,0.0034139985303647813,6.827997060729563,0.1454063768749933,0.4185418183740832,4.0967982364377376,0.025,0.0,-0.03,0.0,1.0,0.0,0.015
35,1.1666558940179728,8,0.009582708773963725,0.0,-0.01794671844665679,0.01205328155334321,0.002946718446656789,5.893436893313578,-0.17640842476024393,0.44901191883948177,3.536062135988147,0.025,0.0,-0.03,0.0,1.0,0.0,0.015
35,1.1666558940179728,9,0.010709247892796484,0.0,-0.017437670942166982,0.012562329057833017,0.0024376709421669827,4.875341884333966,0.2019001487657403,0.47357321135242986,2.9252051306003795,0.025,0.0,-0.03,0.0,1.0,0.0,0.015
35,1.1666558940179728,10,0.011819847944013492,0.0,-0.01689335646742884,0.013106643532571158,0.001893356467428841,3.786712934857682,-0.22715148586252568,0.49202355431350964,2.272027760914609,0.025,0.0,-0.03,0.0,1.0,0.0,0.015
35,1.1666558940179728,11,0.012916129519583514,0.0,-0.016320801293263958,0.013679198706736041,0.0013208012932639582,2.6416025865279162,0.24511751272650015,0.5066026628431213,1.5849615519167497,0.025,0.0,-0.03,0.0,1.0,0.0,0.015
35,1.1666558940179728,12,0.014001873966689752,0.0,-0.015727437861610804,0.014272562138389195,0.0007274378616108045,1.454875723221609,-0.2543227580033844,0.5027128488667714,0.8729254339329654,0.025,0.0,-0.03,0.0,1.0,0.0,0.015
35,1.1666558940179728,13,0.015080892862359491,0.0,-0.015122053878188118,0.014877946121811881,0.00012205387818811815,0.2441077563762363,0.26078108485273294,0.4995299268071775,0.14646465382574178,0.025,0.0,-0.03,0.0,1.0,0.0,0.015
35,1.1666558940179728,67,0.014898522233681022,0.0,-0.01501160376956442,0.01498839623043558,1.1603769564419789e-05,0.023207539128839577,0.2248947536603771,0.2481566958371105,0.013924523477303746,0.025,0.0,-0.03,0.0,1.0,0.0,0.015
35,1.1666558940179728,68,0.01396888327684901,0.0,-0.01583619237066427,0.01416380762933573,0.0008361923706642696,1.672384741328539,-0.22604948099291863,0.25223220129636514,1.0034308447971234,0.025,0.0,-0.03,0.0,1.0,0.0,0.015
35,1.1666558940179728,69,0.013049025587569516,0.0,-0.016652817437537874,0.013347182562462125,0.0016528174375378749,3.3056348750757496,0.2164007636777045,0.24208487150972266,1.9833809250454497,0.025,0.0,-0.03,0.0,1.0,0.0,0.015
35,1.1666558940179728,70,0.012120035236475573,0.0,-0.017479830020506345,0.012520169979493654,0.0024798300205063455,4.9596600410126905,-0.2204798760337991,0.2462870254083852,2.975796024607614,0.025,0.0,-0.03,0.0,1.0,0.0,0.015
35,1.1666558940179728,71,0.01120204505551117,0.0,-0.018298079606754506,0.011701920393245493,0.0032980796067545066,6.596159213509013,0.21943809356341742,0.24904321849625638,3.9576955281054076,0.025,0.0,-0.03,0.0,1.0,0.0,0.015
35,1.1666558940179728,72,0.010272809067022463,0.0,-0.01912595599183485,0.010874044008165148,0.004125955991834851,8.251911983669702,-0.2405043250228214,0.26603776691293324,4.951147190201821,0.025,0.0,-0.03,0.0,1.0,0.0,0.015
35,1.1666558940179728,73,0.009354907190018587,0.0,-0.019943507701254946,0.010056492298745053,0.004943507701254946,9.887015402509892,0.2315460207557456,0.26463409264363175,5.932209241505935,0.025,0.0,-0.03,0.0,1.0,0.0,0.015
35,1.1666558940179728,74,0.008425300105881944,0.0,-0.02077147332358175,0.009228526676418249,0.005771473323581751,11.542946647163502,-0.24834911805326984,0.272454342816172,6.925767988298101,0.025,0.0,-0.03,0.0,1.0,0.0,0.015
35,1.1666558940179728,75,0.007507583406997252,0.0,-0.02158902717420335,0.008410972825796649,0.0065890271742033504,13.1780543484067,0.23102194078981536,0.26627223385543514,7.90683260904402,0.025,0.0,-0.03,0.0,1.0,0.0,0.015
35,1.1666558940179728,76,0.006578325376021108,0.0,-0.022417280036580233,0.007582719963419766,0.007417280036580234,14.834560073160468,-0.24407165666912453,0.265058556112061,8.90073604389628,0.025,0.0,-0.03,0.0,1.0,0.0,0.015
35,1.1666558940179728,77,0.005660913771783757,0.0,-0.02323557449200195,0.006764425507998047,0.008235574492001952,16.471148984003904,0.2183718661541281,0.25413796306522635,9.882689390402343,0.025,0.0,-0.03,0.0,1.0,0.0,0.015
35,1.1666558940179728,78,0.004732726686002286,0.0,-0.024064315399983435,0.005935684600016564,0.009064315399983435,18.12863079996687,-0.22777397274523956,0.2440740152410893,10.877178479980122,0.025,0.0,-0.03,0.0,1.0,0.0,0.015
35,1.1666558940179728,79,0.003815748930650976,0.0,-0.02488407835783587,0.00511592164216413,0.00988407835783587,19.76815671567174,0.19335067630379285,0.22945430806620734,11.860894029403044,0.025,0.0,-0.03,0.0,1.0,0.0,0.015
35,1.1666558940179728,80,0.002874062654810834,0.0,-0.02571621675134364,0.004283783248656359,0.01071621675134364,21.43243350268728,-0.2071229408313769,0.2206734178690481,12.859460101612369,0.025,0.0,-0.03,0.0,1.0,0.0,0.015
36,1.1999889195613433,0,0.0,0.0,-0.02,0.009999999999999998,0.005000000000000001,10.000000000000002,0.0,0.0,6.000000000000001,0.025,0.0,-0.03,0.0,1.0,0.0,0.015
36,1.1999889195613433,1,0.0012332699497176432,0.0,-0.01999142601486375,0.01000857398513625,0.004991426014863749,9.982852029727498,-0.0034487718166491804,0.06661914562626543,5.989711217836499,0.025,0.0,-0.03,0.0,1.0,0.0,0.015
36,1.1999889195613433,2,0.0024644846797088607,0.0,-0.019904725859405937,0.010095274140594062,0.0049047258594059374,9.809451718811875,0.012717881621069837,0.13110336322160496,5.885671031287125,0.025,0.0,-0.03,0.0,1.0,0.0,0.015
36,1.1999889195613433,3,0.003686923437161692,0.0,-0.019743106680598588,0.010256893319401411,0.004743106680598588,9.486213361197176,-0.02883912334484873,0.19121760499759494,5.691728016718305,0.025,0.0,-0.03,0.0,1.0,0.0,0.015
36,1.1999889195613433,4,0.004900275018572782,0.0,-0.019509918411900428,0.01049008158809957,0.004509918411900429,9.019836823800857,0.04953117651766591,0.2455807073161959,5.411902094280514,0.025,0.0,-0.03,0.0,1.0,0.0,0.015
36,1.1999889195613433,5,0.006096546931651443,0.0,-0.019210721053915164,0.010789278946084835,0.004210721053915165,8.421442107830329,-0.07470639000134059,0.29282168585726615,5.052865264698197,0.025,0.0,-0.03,0.0,1.0,0.0,0.015
36,1.1999889195613433,6,0.007279455024395377,0.0,-0.018849362032153576,0.011150637967846422,0.003849362032153577,7.698724064307154,0.10056681713195009,0.3329795619056045,4.619234438584292,0.025,0.0,-0.03,0.0,1.0,0.0,0.015
36,1.1999889195613433,7,0.008440627284925497,0.0,-0.018433579716677372,0.011566420283322627,0.003433579716677373,6.867159433354746,-0.12821798297806042,0.3655224473047284,4.1202956600128475,0.025,0.0,-0.03,0.0,1.0,0.0,0.015
36,1.1999889195613433,8,0.009587388660716236,0.0,-0.017966919144700978,0.01203308085529902,0.002966919144700979,5.933838289401957,0.15316820481437865,0.39163929142675497,3.5603029736411744,0.025,0.0,-0.03,0.0,1.0,0.0,0.015
36,1.1999889195613433,9,0.010711650883048238,0.0,-0.017458877547193247,0.012541122452806752,0.0024588775471932472,4.917755094386495,-0.1777683614319348,0.411320742852815,2.950653056631897,0.025,0.0,-0.03,0.0,1.0,0.0,0.015
36,1.1999889195613433,10,0.011823619820555345,0.0,-0.016912245565678552,0.013087754434321447,0.0019122455656785525,3.824491131357105,0.19765559700290883,0.4261899247422522,2.294694678814263,0.025,0.0,-0.03,0.0,1.0,0.0,0.015
36,1.1999889195613433,11,0.012915815899523111,0.0,-0.016337736588320627,0.013662263411679372,0.0013377365883206274,2.6754731766412547,-0.21604672296712027,0.436434255727155,1.6052839059847528,0.025,0.0,-0.03,0.0,1.0,0.0,0.015
36,1.1999889195613433,12,0.014001089573782639,0.0,-0.015738395909083262,0.014261604090916737,0.0007383959090832629,1.4767918181665256,0.2214152792128387,0.4314214938619802,0.8860750908999153,0.025,0.0,-0.03,0.0,1.0,0.0,0.015
36,1.1999889195613433,13,0.015073628940981822,0.0,-0.015127386503021251,0.014872613496978748,0.00012738650302125155,0.2547730060425031,-0.22787934617138794,0.4274716876707295,0.15286380362550184,0.025,0.0,-0.03,0.0,1.0,0.0,0.015
36,1.1999889195613433,67,0.014721464245474719,0.0,-0.015126477618660254,0.014873522381339745,0.0001264776186602548,0.2529552373205096,0.031755884457029024,0.03410543931676778,0.15177314239230577,0.025,0.0,-0.03,0.0,1.0,0.0,0.015
36,1.1999889195613433,68,0.013804225306812,0.0,-0.015964948515252177,0.014035051484747822,0.0009649485152521779,1.929897030504356,-0.022870943576110237,0.025457494899544745,1.1579382183026135,0.025,0.0,-0.03,0.0,1.0,0.0,0.015
36,1.1999889195613433,69,0.012896782017243586,0.0,-0.01679556739007053,0.01320443260992947,0.0017955673900705293,3.5911347801410587,0.008345621019904291,0.00926698762614693,2.154680868084635,0.025,0.0,-0.03,0.0,1.0,0.0,0.015
36,1.1999889195613433,70,0.011980931171539984,0.0,-0.017636712905723422,0.012363287094276577,0.0026367129057234227,5.273425811446845,-0.0041363584215639,0.00463683416100092,3.164055486868107,0.025,0.0,-0.03,0.0,1.0,0.0,0.015
36,1.1999889195613433,71,0.011075782765831425,0.0,-0.018469655162005105,0.011530344837994894,0.003469655162005106,6.939310324010211,-0.004381324640705971,0.004533751202232058,4.163586194406126,0.025,0.0,-0.03,0.0,1.0,0.0,0.015
36,1.1999889195613433,72,0.010160259948206586,0.0,-0.019312202951963266,0.010687797048036733,0.004312202951963266,8.624405903926533,-0.005634448415920194,0.0039767154091313655,5.17464354235592,0.025,0.0,-0.03,0.0,1.0,0.0,0.015
36,1.1999889195613433,73,0.009255620656240306,0.0,-0.020144780521948586,0.009855219478051413,0.005144780521948587,10.289561043897173,-0.003085905307412349,0.0006460921614046506,6.173736626338304,0.025,0.0,-0.03,0.0,1.0,0.0,0.015
36,1.1999889195613433,74,0.008339899181216224,0.0,-0.02098775147061867,0.009012248529381327,0.005987751470618672,11.975502941237345,-0.008058612969810948,0.005372674598807294,7.185301764742406,0.025,0.0,-0.03,0.0,1.0,0.0,0.015
36,1.1999889195613433,75,0.007435688061957316,0.0,-0.021820450650626235,0.008179549349373764,0.006820450650626236,13.640901301252471,-0.002453315011743101,0.001412848863457129,8.184540780751483,0.025,0.0,-0.03,0.0,1.0,0.0,0.015
36,1.1999889195613433,76,0.006520358352672533,0.0,-0.022663881849249414,0.007336118150750585,0.007663881849249415,15.32776369849883,-0.00974810175787628,0.0058305029892468515,9.196658219099298,0.025,0.0,-0.03,0.0,1.0,0.0,0.015
36,1.1999889195613433,77,0.00561656400601469,0.0,-0.02349729969932385,0.006502700300676147,0.008497299699323852,16.994599398647704,-0.00244640067755406,0.002785310152429839,10.196759639188622,0.025,0.0,-0.03,0.0,1.0,0.0,0.015
36,1.1999889195613433,78,0.004702228498290262,0.0,-0.024341217875547973,0.005658782124452026,0.009341217875547973,18.682435751095948,-0.010823964387775494,0.005610739500498114,11.20946145065757,0.025,0.0,-0.03,0.0,1.0,0.0,0.015
36,1.1999889195613433,79,0.003798830262902897,0.0,-0.025175949059281673,0.004824050940718326,0.010175949059281673,20.351898118563348,-0.003080641571445133,0.003473036622992249,12.211138871138008,0.025,0.0,-0.03,0.0,1.0,0.0,0.015
36,1.1999889195613433,80,0.002872971140286595,0.0,-0.026025632264402746,0.003974367735597253,0.011025632264402747,22.051264528805493,-0.011417444699073439,0.00481493654786213,13.230758717283296,0.025,0.0,-0.03,0.0,1.0,0.0,0.015
37,1.233321945104714,0,0.0,0.0,-0.02,0.009999999999999998,0.005000000000000001,10.000000000000002,0.0,0.0,6.000000000000001,0.025,0.0,-0.03,0.0,1.0,0.0,0.015
37,1.233321945104714,1,0.0012338689789045717,0.0,-0.019992226256174195,0.010007773743825804,0.004992226256174195,9.98445251234839,0.0014535907024283217,0.031726705480651776,5.990671507409034,0.025,0.0,-0.03,0.0,1.0,0.0,0.015
37,1.233321945104714,2,0.002463425588216652,0.0,-0.019907099597737735,0.010092900402262264,0.004907099597737736,9.814199195475473,-0.005846032820194285,0.062375879072758794,5.8885195172852836,0.025,0.0,-0.03,0.0,1.0,0.0,0.015
37,1.233321945104714,3,0.003688912685710482,0.0,-0.01974691322144959,0.01025308677855041,0.00474691322144959,9.493826442899179,0.013281115501024246,0.09107587583592146,5.696295865739507,0.025,0.0,-0.03,0.0,1.0,0.0,0.015
37,1.233321945104714,4,0.004898733424529931,0.0,-0.01951641157518893,0.01048358842481107,0.004516411575188929,9.032823150377858,-0.023567800685593915,0.11685464737469012,5.419693890226715,0.025,0.0,-0.03,0.0,1.0,0.0,0.015
37,1.233321945104714,5,0.0061001837934856066,0.0,-0.019218075359338404,0.010781924640661595,0.0042180753593384045,8.436150718676808,0.03508526594251459,0.1395303539207884,5.061690431206085,0.025,0.0,-0.03,0.0,1.0,0.0,0.015
37,1.233321945104714,6,0.007277998868936071,0.0,-0.018860013556472873,0.011139986443527126,0.0038600135564728737,7.720027112945747,-0.04819032267529511,0.1584776645104143,4.632016267767448,0.025,0.0,-0.03,0.0,1.0,0.0,0.015
37,1.233321945104714,7,0.008445738249706502,0.0,-0.018443551589088555,0.011556448410911444,0.0034435515890885553,6.88710317817711,0.060682743444670006,0.17417526855776688,4.132261906906266,0.025,0.0,-0.03,0.0,1.0,0.0,0.015
37,1.233321945104714,8,0.009585997526414388,0.0,-0.01798016626221119,0.01201983373778881,0.0029801662622111896,5.9603325244223795,-0.07360072112356329,0.1862930705725161,3.576199514653428,0.025,0.0,-0.03,0.0,1.0,0.0,0.015
37,1.233321945104714,9,0.010717293004155658,0.0,-0.017469261413866913,0.012530738586133086,0.0024692614138669133,4.938522827733827,0.08454261185973466,0.19570972657625824,2.963113696640296,0.025,0.0,-0.03,0.0,1.0,0.0,0.015
37,1.233321945104714,10,0.011821332577986022,0.0,-0.01692518225765761,0.013074817742342388,0.0019251822576576115,3.850364515315223,-0.09517163124327299,0.20225896404288382,2.3102187091891335,0.025,0.0,-0.03,0.0,1.0,0.0,0.015
37,1.233321945104714,11,0.012920154106869988,0.0,-0.01634528733436635,0.013654712665633648,0.0013452873343663511,2.6905746687327023,0.10456801470726217,0.20617674742128275,1.6143448012396213,0.025,0.0,-0.03,0.0,1.0,0.0,0.015
37,1.233321945104714,12,0.013996025131060377,0.0,-0.015747040972422664,0.014252959027577335,0.0007470409724226641,1.4940819448453282,-0.10514466666128637,0.20228954484842168,0.8964491669071969,0.025,0.0,-0.03,0.0,1.0,0.0,0.015
37,1.233321945104714,13,0.015073908858950016,0.0,-0.015127975059415304,0.014872024940584695,0.00012797505941530493,0.25595011883060986,0.10688535816623919,0.19867736533131217,0.15357007129836592,0.025,0.0,-0.03,0.0,1.0,0.0,0.015
37,1.233321945104714,67,0.01462649140113328,0.0,-0.015187495754579275,0.014812504245420724,0.00018749575457927513,0.3749915091585503,-0.08866512286343393,0.09365328428661476,0.22499490549513015,0.025,0.0,-0.03,0.0,1.0,0.0,0.015
37,1.233321945104714,68,0.013717964760550129,0.0,-0.016032128407321194,0.013967871592678805,0.0010321284073211943,2.0642568146423885,0.0930855990979007,0.09786458790656734,1.2385540887854332,0.025,0.0,-0.03,0.0,1.0,0.0,0.015
37,1.233321945104714,69,0.01281582846690139,0.0,-0.01687216230819959,0.013127837691800408,0.001872162308199591,3.744324616399182,-0.10167229484745063,0.10784114611536426,2.246594769839509,0.025,0.0,-0.03,0.0,1.0,0.0,0.015
37,1.233321945104714,70,0.011909284220796767,0.0,-0.017719401371950435,0.012280598628049564,0.0027194013719504355,5.438802743900871,0.10258884564013639,0.10964326966541471,3.263281646340522,0.025,0.0,-0.03,0.0,1.0,0.0,0.015
37,1.233321945104714,71,0.011009509924843217,0.0,-0.018562359398666826,0.011437640601333173,0.0035623593986668263,7.124718797333653,-0.11451520067856208,0.12251814094220027,4.274831278400192,0.025,0.0,-0.03,0.0,1.0,0.0,0.015
37,1.233321945104714,72,0.010104002701128104,0.0,-0.019411099856491275,0.010588900143508724,0.004411099856491275,8.82219971298255,0.11652151322271276,0.125411048370363,5.293319827789531,0.025,0.0,-0.03,0.0,1.0,0.0,0.015
37,1.233321945104714,73,0.009204726714967153,0.0,-0.02025422150905548,0.009745778490944518,0.005254221509055482,10.508443018110963,-0.1252728886123024,0.13206432046170022,6.305065810866577,0.025,0.0,-0.03,0.0,1.0,0.0,0.015
37,1.233321945104714,74,0.008299363286280361,0.0,-0.021103380346014004,0.008896619653985995,0.006103380346014004,12.20676069202801,0.12290338356204086,0.1327426039593594,7.3240564152168055,0.025,0.0,-0.03,0.0,1.0,0.0,0.015
37,1.233321945104714,75,0.0074005165150204735,0.0,-0.021946854061450343,0.008053145938549656,0.006946854061450344,13.893708122900687,-0.12925406325899386,0.13542508673479134,8.336224873740411,0.025,0.0,-0.03,0.0,1.0,0.0,0.015
37,1.233321945104714,76,0.006495671030255622,0.0,-0.02279649886904854,0.007203501130951459,0.00779649886904854,15.59299773809708,0.12278811389592961,0.13320020843380442,9.355798642858248,0.025,0.0,-0.03,0.0,1.0,0.0,0.015
37,1.233321945104714,77,0.00559729913129971,0.0,-0.023640698483129306,0.006359301516870693,0.008640698483129306,17.28139696625861,-0.12633253321000312,0.13138595848283474,10.368838179755167,0.025,0.0,-0.03,0.0,1.0,0.0,0.015
37,1.233321945104714,78,0.004693337211640934,0.0,-0.024490893589365015,0.005509106410634984,0.009490893589365015,18.98178717873003,0.11535781015755435,0.12586319373498867,11.389072307238019,0.025,0.0,-0.03,0.0,1.0,0.0,0.015
37,1.233321945104714,79,0.0037954834728661413,0.0,-0.02533617520528082,0.00466382479471918,0.01033617520528082,20.672350410561638,-0.11567897783039457,0.11940019933376891,12.403410246336982,0.025,0.0,-0.03,0.0,1.0,0.0,0.015
37,1.233321945104714,80,0.002881148862198184,0.0,-0.026193831776345197,0.0038061682236548017,0.011193831776345198,22.387663552690395,0.10446559114808666,0.11543610837583075,13.432598131614236,0.025,0.0,-0.03,0.0,1.0,0.0,0.015
38,1.2666549706480847,0,0.0,0.0,-0.02,0.009999999999999998,0.005000000000000001,10.000000000000002,0.0,0.0,6.000000000000001,0.025,0.0,-0.03,0.0,1.0,0.0,0.015
38,1.2666549706480847,1,0.0012330548039380526,0.0,-0.01999275153099604,0.01000724846900396,0.004992751530996039,9.985503061992079,0.0012916339328057675,0.021063912887658093,5.991301837195247,0.025,0.0,-0.03,0.0,1.0,0.0,0.015
38,1.2666549706480847,2,0.0024650369049800803,0.0,-0.01990824264631234,0.010091757353687659,0.004908242646312341,9.816485292624682,-0.004467328392616153,0.04148005965802541,5.889891175574809,0.025,0.0,-0.03,0.0,1.0,0.0,0.015
38,1.2666549706480847,3,0.0036867235314784284,0.0,-0.01974959503079114,0.01025040496920886,0.004749595030791139,9.49919006158228,0.009324224230783648,0.060501435311508374,5.699514036949368,0.025,0.0,-0.03,0.0,1.0,0.0,0.015
38,1.2666549706480847,4,0.004902002599052311,0.0,-0.019519277402823807,0.010480722597176192,0.004519277402823808,9.038554805647616,-0.016015897540840592,0.07769035315366378,5.423132883388569,0.025,0.0,-0.03,0.0,1.0,0.0,0.015
38,1.2666549706480847,5,0.006097153787386912,0.0,-0.019223559720882553,0.010776440279117446,0.004223559720882553,8.447119441765107,0.023486050215553427,0.09257448609774421,5.068271665059064,0.025,0.0,-0.03,0.0,1.0,0.0,0.015
38,1.2666549706480847,6,0.007282783623552913,0.0,-0.018864368038213165,0.011135631961786834,0.0038643680382131652,7.728736076426331,-0.03199912200333398,0.10509081311466387,4.637241645855799,0.025,0.0,-0.03,0.0,1.0,0.0,0.015
38,1.2666549706480847,7,0.008442264158396266,0.0,-0.01845143792666242,0.011548562073337577,0.003451437926662422,6.902875853324844,0.04006853113359317,0.11518690084522885,4.141725511994906,0.025,0.0,-0.03,0.0,1.0,0.0,0.015
38,1.2666549706480847,8,0.009591788089310816,0.0,-0.017985086562044804,0.012014913437955195,0.0029850865620448044,5.970173124089609,-0.048418033340622314,0.12303810248710298,3.582103874453765,0.025,0.0,-0.03,0.0,1.0,0.0,0.015
38,1.2666549706480847,9,0.010713308327038071,0.0,-0.017478235942873604,0.012521764057126395,0.0024782359428736044,4.9564718857472085,0.05542825009621667,0.12892580271280177,2.973883131448325,0.025,0.0,-0.03,0.0,1.0,0.0,0.015
38,1.2666549706480847,10,0.011827166284671954,0.0,-0.016929165981405873,0.013070834018594126,0.0019291659814058733,3.8583319628117465,-0.06199742602545997,0.13319264399207884,2.314999177687048,0.025,0.0,-0.03,0.0,1.0,0.0,0.015
38,1.2666549706480847,11,0.012914973367746834,0.0,-0.016353308007472343,0.013646691992527656,0.0013533080074723432,2.7066160149446863,0.06516094531072997,0.13695293852525772,1.6239696089668116,0.025,0.0,-0.03,0.0,1.0,0.0,0.015
38,1.2666549706480847,12,0.01400037571977481,0.0,-0.01574817741640867,0.014251822583591329,0.0007481774164086706,1.4963548328173413,-0.07145383403892372,0.13705370395229283,0.8978128996904048,0.025,0.0,-0.03,0.0,1.0,0.0,0.015
38,1.2666549706480847,13,0.015066516921583933,0.0,-0.015132401101507301,0.014867598898492698,0.00013240110150730157,0.2648022030146031,0.07501807638184359,0.1372967261983842,0.15888132180876186,0.025,0.0,-0.03,0.0,1.0,0.0,0.015
38,1.2666549706480847,67,0.01456072596470225,0.0,-0.015233608974010758,0.01476639102598924,0.00023360897401075893,0.46721794802151784,-0.11177315057781001,0.11684148136547083,0.2803307688129107,0.025,0.0,-0.03,0.0,1.0,0.0,0.015
38,1.2666549706480847,68,0.013657369398515107,0.0,-0.016081596523168994,0.013918403476831005,0.0010815965231689949,2.1631930463379896,0.11379890581256244,0.11876698140570152,1.2979158278027938,0.025,0.0,-0.03,0.0,1.0,0.0,0.015
38,1.2666549706480847,69,0.01275825132340864,0.0,-0.016927126295950386,0.013072873704049612,0.001927126295950387,3.854252591900774,-0.12035291227990992,0.12646709318771507,2.3125515551404643,0.025,0.0,-0.03,0.0,1.0,0.0,0.015
38,1.2666549706480847,70,0.011857078168706818,0.0,-0.017777840987618275,0.012222159012381724,0.0027778409876182755,5.555681975236551,0.12022945295356777,0.12707487543494456,3.3334091851419303,0.025,0.0,-0.03,0.0,1.0,0.0,0.015
38,1.2666549706480847,71,0.010960490444646578,0.0,-0.01862646506537545,0.011373534934624549,0.0036264650653754504,7.252930130750901,-0.12928973890266163,0.13707632405468442,4.3517580784505405,0.025,0.0,-0.03,0.0,1.0,0.0,0.015
38,1.2666549706480847,72,0.010060602158525684,0.0,-0.01947877736899526,0.010521222631004738,0.004478777368995261,8.957554737990522,0.13041795284649685,0.13834089084859186,5.374532842794313,0.025,0.0,-0.03,0.0,1.0,0.0,0.015
38,1.2666549706480847,73,0.00916455748552427,0.0,-0.020327759915668504,0.009672240084331495,0.005327759915668504,10.655519831337008,-0.13635500696868053,0.14295290091146148,6.393311898802205,0.025,0.0,-0.03,0.0,1.0,0.0,0.015
38,1.2666549706480847,74,0.008264933561519578,0.0,-0.02118053044553588,0.00881946955446412,0.006180530445535879,12.361060891071759,0.1329427907060965,0.14121176113472894,7.416636534643055,0.025,0.0,-0.03,0.0,1.0,0.0,0.015
38,1.2666549706480847,75,0.007369360909465227,0.0,-0.022029936597181773,0.007970063402818226,0.007029936597181773,14.059873194363547,-0.1358507951822467,0.14182288868030682,8.435923916618128,0.025,0.0,-0.03,0.0,1.0,0.0,0.015
38,1.2666549706480847,76,0.006470278093981345,0.0,-0.022883235872289357,0.007116764127710642,0.007883235872289358,15.766471744578716,0.12871167530362487,0.13701606305578345,9.45988304674723,0.025,0.0,-0.03,0.0,1.0,0.0,0.015
38,1.2666549706480847,77,0.005575235802196209,0.0,-0.023733337994962158,0.006266662005037841,0.008733337994962159,17.466675989924315,-0.128906496658065,0.1338798381380392,10.480005593954589,0.025,0.0,-0.03,0.0,1.0,0.0,0.015
38,1.2666549706480847,78,0.004676952867016916,0.0,-0.02458723750247564,0.00541276249752436,0.00958723750247564,19.17447500495128,0.11829056348517178,0.1263008538032214,11.504685002970767,0.025,0.0,-0.03,0.0,1.0,0.0,0.015
38,1.2666549706480847,79,0.0037825009969934134,0.0,-0.02543828318265714,0.0045617168173428604,0.010438283182657139,20.87656636531428,-0.11592596417039439,0.1197837495674477,12.525939819188567,0.025,0.0,-0.03,0.0,1.0,0.0,0.015
38,1.2666549706480847,80,0.002874453978248682,0.0,-0.026300523175923927,0.0036994768240760714,0.011300523175923928,22.601046351847856,0.10656015440616384,0.11461479621090372,13.560627811108713,0.025,0.0,-0.03,0.0,1.0,0.0,0.015
39,1.2999879961914553,0,0.0,0.0,-0.02,0.009999999999999998,0.005000000000000001,10.000000000000002,0.0,0.0,6.000000000000001,0.025,0.0,-0.03,0.0,1.0,0.0,0.015
39,1.2999879961914553,1,0.0012335359008571931,0.0,-0.019993022146672482,0.010006977853327517,0.004993022146672483,9.986044293344966,-0.0030484590796983077,0.057016272693013036,5.991626576006979,0.025,0.0,-0.03,0.0,1.0,0.0,0.015
39,1.2999879961914553,2,0.0024640196270082314,0.0,-0.019909123913992008,0.010090876086007991,0.004909123913992008,9.818247827984017,0.011099460410152648,0.11222278099355242,5.89094869679041,0.025,0.0,-0.03,0.0,1.0,0.0,0.015
39,1.2999879961914553,3,0.003688189252711829,0.0,-0.01975078392789102,0.01024921607210898,0.004750783927891019,9.501567855782039,-0.024653159517547457,0.1639138788885823,5.700940713469223,0.025,0.0,-0.03,0.0,1.0,0.0,0.015
39,1.2999879961914553,4,0.004900240760054001,0.0,-0.019521725866676252,0.010478274133323747,0.004521725866676252,9.043451733352505,0.0425412648631338,0.2106077110506255,5.426071040011503,0.025,0.0,-0.03,0.0,1.0,0.0,0.015
39,1.2999879961914553,5,0.0060995751840954215,0.0,-0.01922573336233474,0.010774266637665258,0.004225733362334741,8.451466724669482,-0.06378901232119566,0.25147666373229643,5.0708800348016885,0.025,0.0,-0.03,0.0,1.0,0.0,0.015
39,1.2999879961914553,6,0.007280594551557554,0.0,-0.018868443682707892,0.011131556317292107,0.003868443682707893,7.736887365415786,0.0864997704962387,0.2859781713864119,4.642132419249472,0.025,0.0,-0.03,0.0,1.0,0.0,0.015
39,1.2999879961914553,7,0.008445438170605134,0.0,-0.018454236330270424,0.011545763669729574,0.003454236330270425,6.90847266054085,-0.10994656435735398,0.31417548089180847,4.14508359632451,0.025,0.0,-0.03,0.0,1.0,0.0,0.015
39,1.2999879961914553,8,0.00958930210286092,0.0,-0.017990266166311844,0.012009733833688155,0.0029902661663118446,5.980532332623689,0.13222809694080817,0.33635371057455105,3.588319399574213,0.025,0.0,-0.03,0.0,1.0,0.0,0.015
39,1.2999879961914553,9,0.010716789966728969,0.0,-0.017480945089191333,0.012519054910808666,0.002480945089191333,4.961890178382666,-0.1531439486946498,0.3531428909338876,2.9771341070296,0.025,0.0,-0.03,0.0,1.0,0.0,0.015
39,1.2999879961914553,10,0.011824186613807533,0.0,-0.016934459318753894,0.013065540681246105,0.0019344593187538943,3.8689186375077886,0.17108064885276478,0.36527316689407563,2.321351182504673,0.025,0.0,-0.03,0.0,1.0,0.0,0.015
39,1.2999879961914553,11,0.012918053248341993,0.0,-0.016354909944622176,0.013645090055377822,0.001354909944622177,2.709819889244354,-0.18565216348131935,0.37386897606786534,1.6258919335466124,0.025,0.0,-0.03,0.0,1.0,0.0,0.015
39,1.2999879961914553,12,0.01399644841148075,0.0,-0.01575219453317321,0.014247805466826788,0.0007521945331732116,1.5043890663464232,0.193508097520036,0.3700873266584266,0.9026334398078539,0.025,0.0,-0.03,0.0,1.0,0.0,0.015
39,1.2999879961914553,13,0.015068141198250486,0.0,-0.01513177315132712,0.014868226848672879,0.00013177315132712093,0.26354630265424184,-0.20042431662723786,0.3670521227373193,0.1581277815925451,0.025,0.0,-0.03,0.0,1.0,0.0,0.015
39,1.2999879961914553,67,0.014505364269318076,0.0,-0.015276248831263623,0.014723751168736376,0.0002762488312636237,0.5524976625272473,-0.12133688405949601,0.12623456570062022,0.33149859751634836,0.025,0.0,-0.03,0.0,1.0,0.0,0.015
39,1.2999879961914553,68,0.013605487491108658,0.0,-0.01612607501426352,0.013873924985736478,0.0011260750142635216,2.2521500285270433,0.12152203580406055,0.12620381141342127,1.3512900171162259,0.025,0.0,-0.03,0.0,1.0,0.0,0.015
39,1.2999879961914553,69,0.012708026610488669,0.0,-0.01697531248263206,0.01302468751736794,0.0019753124826320592,3.9506249652641183,-0.12635597573320254,0.13194958396602882,2.3703749791584707,0.025,0.0,-0.03,0.0,1.0,0.0,0.015
39,1.2999879961914553,70,0.011810511737761884,0.0,-0.01782794616497676,0.01217205383502324,0.0028279461649767593,5.655892329953518,0.12503346033923096,0.13135514408974314,3.393535397972111,0.025,0.0,-0.03,0.0,1.0,0.0,0.015
39,1.2999879961914553,71,0.010915643398586883,0.0,-0.018680378107292644,0.011319621892707354,0.003680378107292645,7.36075621458529,-0.13373748420995493,0.14089387902869063,4.416453728751174,0.025,0.0,-0.03,0.0,1.0,0.0,0.015
39,1.2999879961914553,72,0.010019538644920818,0.0,-0.01953460245056035,0.010465397549439648,0.004534602450560352,9.069204901120703,0.1363829580515089,0.14349077841755145,5.441522940672422,0.025,0.0,-0.03,0.0,1.0,0.0,0.015
39,1.2999879961914553,73,0.009125204941884629,0.0,-0.02038749335739139,0.009612506642608609,0.005387493357391391,10.774986714782782,-0.14312648178236503,0.14940873972715732,6.464992028869669,0.025,0.0,-0.03,0.0,1.0,0.0,0.015
39,1.2999879961914553,74,0.008229427393243763,0.0,-0.021242190671846618,0.008757809328153381,0.006242190671846618,12.484381343693236,0.14125077068987263,0.148642463794915,7.490628806215941,0.025,0.0,-0.03,0.0,1.0,0.0,0.015
39,1.2999879961914553,75,0.007335602564316177,0.0,-0.02209552383605062,0.007904476163949379,0.0070955238360506205,14.191047672101242,-0.14433798974079806,0.15021621227553997,8.514628603260745,0.025,0.0,-0.03,0.0,1.0,0.0,0.015
39,1.2999879961914553,76,0.006440343239069316,0.0,-0.022950797478415066,0.0070492025215849324,0.007950797478415067,15.901594956830134,0.13830144379089368,0.145651329071289,9.54095697409808,0.025,0.0,-0.03,0.0,1.0,0.0,0.015
39,1.2999879961914553,77,0.005547114856583807,0.0,-0.0238047660644409,0.0061952339355591,0.008804766064440899,17.6095321288818,-0.13788110144886714,0.14297221033590268,10.565719277329078,0.025,0.0,-0.03,0.0,1.0,0.0,0.015
39,1.2999879961914553,78,0.004652560274010939,0.0,-0.0246607035579112,0.0053392964420888,0.0096607035579112,19.3214071158224,0.12792908836341063,0.13489172842016203,11.592844269493439,0.025,0.0,-0.03,0.0,1.0,0.0,0.015
39,1.2999879961914553,79,0.0037600016430280594,0.0,-0.02551549004254748,0.004484509957452518,0.010515490042547482,21.030980085094964,-0.12428812526156399,0.12842841375007763,12.618588051056978,0.025,0.0,-0.03,0.0,1.0,0.0,0.015
39,1.2999879961914553,80,0.002855955243222794,0.0,-0.026380256452542036,0.0036197435474579626,0.011380256452542037,22.760512905084074,0.11571642888372327,0.12253510300763351,13.656307743050444,0.025,0.0,-0.03,0.0,1.0,0.0,0.015
40,1.333321021734826,0,0.0,0.0,-0.02,0.009999999999999998,0.005000000000000001,10.000000000000002,0.0,0.0,6.000000000000001,0.025,0.0,-0.03,0.0,1.0,0.0,0.015
40,1.333321021734826,1,0.0012336990490884215,0.0,-0.019993204376113512,0.010006795623886486,0.004993204376113513,9.986408752227026,0.0016043399310686894,0.03340416742046727,5.9918452513362155,0.025,0.0,-0.03,0.0,1.0,0.0,0.015
40,1.333321021734826,2,0.0024635856891442338,0.0,-0.01990967576208776,0.01009032423791224,0.00490967576208776,9.81935152417552,-0.006204792167093544,0.06570951719152868,5.8916109145053115,0.025,0.0,-0.03,0.0,1.0,0.0,0.015
40,1.333321021734826,3,0.003688711208934438,0.0,-0.019751598836386854,0.010248401163613145,0.004751598836386855,9.503197672773709,0.014104799478391194,0.09594658035948293,5.701918603664225,0.025,0.0,-0.03,0.0,1.0,0.0,0.015
40,1.333321021734826,4,0.004899508976201153,0.0,-0.01952319977800232,0.010476800221997679,0.004523199778002321,9.046399556004642,-0.024718571931539743,0.12317524148563427,5.427839733602785,0.025,0.0,-0.03,0.0,1.0,0.0,0.015
40,1.333321021734826,5,0.006100482385196037,0.0,-0.019227250576490277,0.010772749423509722,0.0042272505764902775,8.454501152980555,0.03707160072698448,0.14701900646870994,5.072700691788333,0.025,0.0,-0.03,0.0,1.0,0.0,0.015
40,1.333321021734826,6,0.00727970708539719,0.0,-0.018870841570572762,0.011129158429427237,0.0038708415705727625,7.741683141145525,-0.05055828270498258,0.1670282108348402,4.6450098846873145,0.025,0.0,-0.03,0.0,1.0,0.0,0.015
40,1.333321021734826,7,0.008446656709691927,0.0,-0.018456234533315335,0.011543765466684664,0.0034562345333153353,6.9124690666306705,0.06410948822693459,0.18339607536783228,4.147481439978402,0.025,0.0,-0.03,0.0,1.0,0.0,0.015
40,1.333321021734826,8,0.009588283924441382,0.0,-0.017993257848192792,0.012006742151807206,0.002993257848192793,5.986515696385586,-0.07735541780445898,0.19613538371130232,3.5919094178313515,0.025,0.0,-0.03,0.0,1.0,0.0,0.015
40,1.333321021734826,9,0.010718092919355363,0.0,-0.017482973627026346,0.012517026372973653,0.002482973627026347,4.965947254052693,0.0893743775356608,0.20577115461581613,2.979568352431616,0.025,0.0,-0.03,0.0,1.0,0.0,0.015
40,1.333321021734826,10,0.01182287429444738,0.0,-0.0169374529130791,0.013062547086920898,0.0019374529130791011,3.8749058261582023,-0.10020251641255148,0.2125569394334596,2.3249434956949213,0.025,0.0,-0.03,0.0,1.0,0.0,0.015
40,1.333321021734826,11,0.012919059241030779,0.0,-0.016356363995794043,0.013643636004205956,0.0013563639957940438,2.7127279915880873,0.11006948322714376,0.21658079753040846,1.6276367949528523,0.025,0.0,-0.03,0.0,1.0,0.0,0.015
40,1.333321021734826,12,0.013994494678780596,0.0,-0.015754419596499397,0.014245580403500602,0.0007544195964993977,1.5088391929987954,-0.11180257700666724,0.21316398530724553,0.9053035157992773,0.025,0.0,-0.03,0.0,1.0,0.0,0.015
40,1.333321021734826,13,0.015068296725346285,0.0,-0.015131850747879656,0.014868149252120343,0.00013185074787965684,0.2637014957593137,0.11461694634254763,0.21004817282555355,0.1582208974555882,0.025,0.0,-0.03,0.0,1.0,0.0,0.015
40,1.333321021734826,67,0.014456115056341815,0.0,-0.015316496579995991,0.014683503420004008,0.00031649657999599165,0.6329931599919834,-0.09333163459772781,0.09672485726790932,0.37979589599519,0.025,0.0,-0.03,0.0,1.0,0.0,0.015
40,1.333321021734826,68,0.013558638830970937,0.0,-0.01616755252550722,0.01383244747449278,0.0011675525255072199,2.3351050510144398,0.09173560002730849,0.09495391904812485,1.4010630306086638,0.025,0.0,-0.03,0.0,1.0,0.0,0.015
40,1.333321021734826,69,0.012662326583088957,0.0,-0.017019353342951318,0.012980646657048681,0.002019353342951318,4.038706685902636,-0.09475712699808723,0.09855101167247336,2.4232240115415817,0.025,0.0,-0.03,0.0,1.0,0.0,0.015
40,1.333321021734826,70,0.011767334096651079,0.0,-0.017873314507517488,0.012126685492482511,0.002873314507517488,5.746629015034976,0.09251821624598505,0.09682508219273778,3.447977409020986,0.025,0.0,-0.03,0.0,1.0,0.0,0.015
40,1.333321021734826,71,0.010873680725335384,0.0,-0.01872832645135902,0.01127167354864098,0.00372832645135902,7.45665290271804,-0.09852271635487866,0.10328896782185064,4.473991741630824,0.025,0.0,-0.03,0.0,1.0,0.0,0.015
40,1.333321021734826,72,0.009980132503066936,0.0,-0.01958385477675507,0.010416145223244928,0.004583854776755072,9.167709553510143,0.1001726862481191,0.10493197051786195,5.500625732106085,0.025,0.0,-0.03,0.0,1.0,0.0,0.015
40,1.333321021734826,73,0.009086968411238202,0.0,-0.020439394910246544,0.009560605089753454,0.005439394910246545,10.87878982049309,-0.10601072325291588,0.11018705989746491,6.527273892295853,0.025,0.0,-0.03,0.0,1.0,0.0,0.015
40,1.333321021734826,74,0.008193818578082893,0.0,-0.02129536776846152,0.00870463223153848,0.00629536776846152,12.59073553692304,0.10464382508876108,0.10962466298075982,7.554441322153823,0.025,0.0,-0.03,0.0,1.0,0.0,0.015
40,1.333321021734826,75,0.007301147301647172,0.0,-0.022151391736594406,0.007848608263405592,0.007151391736594407,14.302783473188814,-0.10786046883230901,0.11178351861216483,8.581670083913288,0.025,0.0,-0.03,0.0,1.0,0.0,0.015
40,1.333321021734826,76,0.006408529757628644,0.0,-0.02300793551525551,0.00699206448474449,0.00800793551525551,16.01587103051102,0.10342002002536826,0.10840842760438543,9.609522618306611,0.025,0.0,-0.03,0.0,1.0,0.0,0.015
40,1.333321021734826,77,0.00551646565945558,0.0,-0.023864577731258028,0.006135422268741971,0.008864577731258028,17.729155462516058,-0.10394897054325303,0.10735898244775782,10.637493277509634,0.025,0.0,-0.03,0.0,1.0,0.0,0.015
40,1.333321021734826,78,0.004624506556301535,0.0,-0.024721804128202893,0.005278195871797106,0.009721804128202893,19.44360825640579,0.09642506413484954,0.10117765659534694,11.666164953843472,0.025,0.0,-0.03,0.0,1.0,0.0,0.015
40,1.333321021734826,79,0.003733149734518938,0.0,-0.025579187947518317,0.004420812052481682,0.010579187947518318,21.158375895036635,-0.09428396377459382,0.09704639625613812,12.69502553702198,0.025,0.0,-0.03,0.0,1.0,0.0,0.015
40,1.333321021734826,80,0.0028318336482752522,0.0,-0.026445512320409734,0.0035544876795902645,0.011445512320409735,22.89102464081947,0.08756375909080195,0.09220900762293723,13.734614784491681,0.025,0.0,-0.03,0.0,1.0,0.0,0.015
41,1.3666540472781967,0,0.0,0.0,-0.02,0.009999999999999998,0.005000000000000001,10.000000000000002,0.0,0.0,6.000000000000001,0.025,0.0,-0.03,0.0,1.0,0.0,0.015
41,1.3666540472781967,1,0.0012331006778627995,0.0,-0.019993371517377696,0.010006628482622303,0.004993371517377696,9.986743034755392,0.001824524961468072,0.03235802498477911,5.992045820853235,0.025,0.0,-0.03,0.0,1.0,0.0,0.015
41,1.3666540472781967,2,0.0024646372834458436,0.0,-0.019909922485539903,0.010090077514460095,0.004909922485539904,9.819844971079808,-0.006503129218325139,0.06373741744156418,5.8919069826478845,0.025,0.0,-0.03,0.0,1.0,0.0,0.015
41,1.3666540472781967,3,0.0036870265354571187,0.0,-0.019752464097708228,0.010247535902291771,0.004752464097708228,9.504928195416456,0.014105900873860275,0.09305015511234728,5.702956917249874,0.025,0.0,-0.03,0.0,1.0,0.0,0.015
41,1.3666540472781967,4,0.004901531977846226,0.0,-0.01952368933219034,0.010476310667809657,0.004523689332190342,9.047378664380684,-0.02431722734503841,0.11963371119293097,5.42842719862841,0.025,0.0,-0.03,0.0,1.0,0.0,0.015
41,1.3666540472781967,5,0.006097966948252803,0.0,-0.01922906371431727,0.01077093628568273,0.00422906371431727,8.45812742863454,0.03619868987840987,0.14278987662322679,5.074876457180724,0.025,0.0,-0.03,0.0,1.0,0.0,0.015
41,1.3666540472781967,6,0.007282510239598254,0.0,-0.018871416147550203,0.011128583852449796,0.0038714161475502037,7.742832295100407,-0.04923147816553704,0.16244240498429,4.645699377060244,0.025,0.0,-0.03,0.0,1.0,0.0,0.015
41,1.3666540472781967,7,0.008443565784004563,0.0,-0.01845892547347218,0.01154107452652782,0.0034589254734721797,6.917850946944359,0.06231550051785017,0.17839401443589903,4.150710568166615,0.025,0.0,-0.03,0.0,1.0,0.0,0.015
41,1.3666540472781967,8,0.009591574634972346,0.0,-0.017993674537274223,0.012006325462725776,0.0029936745372742234,5.987349074548447,-0.07516836287441955,0.19100446239998048,3.5924094447290678,0.025,0.0,-0.03,0.0,1.0,0.0,0.015
41,1.3666540472781967,9,0.010714566914699372,0.0,-0.01748620660782082,0.01251379339217918,0.002486206607820819,4.972413215641638,0.08679848053112818,0.20045332087332665,2.9834479293849827,0.025,0.0,-0.03,0.0,1.0,0.0,0.015
41,1.3666540472781967,10,0.01182628477940379,0.0,-0.01693741061747953,0.01306258938252047,0.0019374106174795298,3.8748212349590596,-0.09710298402709447,0.20735216459179373,2.324892740975436,0.025,0.0,-0.03,0.0,1.0,0.0,0.015
41,1.3666540472781967,11,0.012915068956764498,0.0,-0.016359613221738793,0.013640386778261206,0.001359613221738793,2.719226443477586,0.10422582317103592,0.21258632806734695,1.6315358660865515,0.025,0.0,-0.03,0.0,1.0,0.0,0.015
41,1.3666540472781967,12,0.013997527521780642,0.0,-0.01575361619884518,0.014246383801154817,0.000753616198845182,1.5072323976903639,-0.11074515703648542,0.21120320434398943,0.9043394386142183,0.025,0.0,-0.03,0.0,1.0,0.0,0.015
41,1.3666540472781967,13,0.01506380698441321,0.0,-0.015134430885683803,0.014865569114316196,0.0001344308856838037,0.26886177136760736,0.11534740829533292,0.21012096809511446,0.1613170628205644,0.025,0.0,-0.03,0.0,1.0,0.0,0.015
41,1.3666540472781967,67,0.01441252299732911,0.0,-0.015353410488107882,0.014646589511892117,0.0003534104881078824,0.7068209762157649,-0.06337198724364576,0.0653859903420892,0.4240925857294589,0.025,0.0,-0.03,0.0,1.0,0.0,0.015
41,1.3666540472781967,68,0.013516501878792176,0.0,-0.016205688657272618,0.013794311342727381,0.0012056886572726182,2.4113773145452364,0.06151064771918587,0.06347169737122414,1.4468263887271418,0.025,0.0,-0.03,0.0,1.0,0.0,0.015
41,1.3666540472781967,69,0.01262137008972283,0.0,-0.017059103806522122,0.012940896193477876,0.002059103806522123,4.118207613044246,-0.06393101691112543,0.0662848633289475,2.4709245678265477,0.025,0.0,-0.03,0.0,1.0,0.0,0.015
41,1.3666540472781967,70,0.011727937898779227,0.0,-0.01791437796404665,0.012085622035953349,0.0029143779640466508,5.828755928093302,0.06176430709794328,0.06448257946530576,3.497253556855981,0.025,0.0,-0.03,0.0,1.0,0.0,0.015
41,1.3666540472781967,71,0.01083552639693756,0.0,-0.0187709899857617,0.011229010014238299,0.0037709899857617003,7.541979971523401,-0.06662267389778603,0.06957190461947786,4.525187982914041,0.025,0.0,-0.03,0.0,1.0,0.0,0.015
41,1.3666540472781967,72,0.009943515694612461,0.0,-0.01962781176301536,0.010372188236984638,0.004627811763015362,9.255623526030723,0.06724434844688927,0.07024331400626427,5.553374115618434,0.025,0.0,-0.03,0.0,1.0,0.0,0.015
41,1.3666540472781967,73,0.00905158156759692,0.0,-0.02048495432220719,0.009515045677792808,0.005484954322207192,10.969908644414383,-0.07180567232618483,0.07435575095421412,6.58194518664863,0.025,0.0,-0.03,0.0,1.0,0.0,0.015
41,1.3666540472781967,74,0.008159993282443956,0.0,-0.021342219930785524,0.008657780069214475,0.006342219930785525,12.684439861571049,0.0703451939540433,0.07350461275275978,7.610663916942629,0.025,0.0,-0.03,0.0,1.0,0.0,0.015
41,1.3666540472781967,75,0.00726854887399968,0.0,-0.022199860730987994,0.007800139269012005,0.007199860730987995,14.39972146197599,-0.07311883953067785,0.07548045003639225,8.639832877185594,0.025,0.0,-0.03,0.0,1.0,0.0,0.015
41,1.3666540472781967,76,0.006377499701081582,0.0,-0.023057690272166028,0.006942309727833971,0.008057690272166029,16.11538054433206,0.0695374258045345,0.07272208583190813,9.669228326599235,0.025,0.0,-0.03,0.0,1.0,0.0,0.015
41,1.3666540472781967,77,0.005486656055557538,0.0,-0.023915943898231203,0.006084056101768796,0.008915943898231204,17.831887796462407,-0.07048205619116023,0.07249194615722779,10.699132677877444,0.025,0.0,-0.03,0.0,1.0,0.0,0.015
41,1.3666540472781967,78,0.00459625087670558,0.0,-0.02477444645697853,0.005225553543021469,0.00977444645697853,19.54889291395706,0.06478489598822529,0.06784208620291433,11.729335748374236,0.025,0.0,-0.03,0.0,1.0,0.0,0.015
41,1.3666540472781967,79,0.003706108132774053,0.0,-0.025633413406939975,0.004366586593060023,0.010633413406939976,21.266826813879952,-0.06393900143111196,0.06551173020931564,12.760096088327971,0.025,0.0,-0.03,0.0,1.0,0.0,0.015
41,1.3666540472781967,80,0.002806441914521247,0.0,-0.02650113902311833,0.0034988609768816688,0.01150113902311833,23.00227804623666,0.05878797241117708,0.06179352984915144,13.801366827741996,0.025,0.0,-0.03,0.0,1.0,0.0,0.015
42,1.3999870728215673,0,0.0,0.0,-0.02,0.009999999999999998,0.005000000000000001,10.000000000000002,0.0,0.0,6.000000000000001,0.025,0.0,-0.03,0.0,1.0,0.0,0.015
42,1.3999870728215673,1,0.001233149860857314,0.0,-0.019993471195874107,0.010006528804125892,0.004993471195874108,9.986942391748215,-0.0019519176143610625,0.03889523434407432,5.992165435048929,0.025,0.0,-0.03,0.0,1.0,0.0,0.015
42,1.3999870728215673,2,0.00246442099474475,0.0,-0.019910197171822075,0.010089802828177924,0.0049101971718220755,9.820394343644152,0.007341907386905237,0.07655884015479505,5.892236606186491,0.025,0.0,-0.03,0.0,1.0,0.0,0.015
42,1.3999870728215673,3,0.0036871904147831314,0.0,-0.019752887111176537,0.010247112888823462,0.0047528871111765375,9.505774222353075,-0.016561711576703032,0.11170576730795913,5.703464533411845,0.025,0.0,-0.03,0.0,1.0,0.0,0.015
42,1.3999870728215673,4,0.004901163437932499,0.0,-0.019524408547614544,0.010475591452385455,0.004524408547614545,9.04881709522909,0.028810098808750358,0.14346571595613578,5.4292902571374535,0.025,0.0,-0.03,0.0,1.0,0.0,0.015
42,1.3999870728215673,5,0.0060982586273297485,0.0,-0.019229833285592225,0.010770166714407774,0.004229833285592226,8.459666571184451,-0.043236138355695425,0.17109242157933152,5.07579994271067,0.025,0.0,-0.03,0.0,1.0,0.0,0.015
42,1.3999870728215673,6,0.007282051749761456,0.0,-0.018872567288379733,0.011127432711620266,0.0038725672883797337,7.745134576759467,0.05877082053324022,0.19440488009362894,4.64708074605568,0.025,0.0,-0.03,0.0,1.0,0.0,0.015
42,1.3999870728215673,7,0.008443951035504738,0.0,-0.018459930716126522,0.011540069283873477,0.0034599307161265226,6.919861432253045,-0.0746219615172288,0.213271976750426,4.151916859351827,0.025,0.0,-0.03,0.0,1.0,0.0,0.015
42,1.3999870728215673,8,0.00959103210107273,0.0,-0.01799509576542507,0.01200490423457493,0.0029950957654250702,5.99019153085014,0.08983103860314495,0.22805376207918973,3.594114918510084,0.025,0.0,-0.03,0.0,1.0,0.0,0.015
42,1.3999870728215673,9,0.01071494273403147,0.0,-0.01748723710198375,0.012512762898016248,0.002487237101983751,4.974474203967502,-0.10390600734965494,0.23906452467140218,2.984684522380501,0.025,0.0,-0.03,0.0,1.0,0.0,0.015
42,1.3999870728215673,10,0.011825581752572393,0.0,-0.016938834854575088,0.013061165145424911,0.0019388348545750882,3.8776697091501764,0.11622041863899439,0.2468721897153066,2.3266018254901057,0.025,0.0,-0.03,0.0,1.0,0.0,0.015
42,1.3999870728215673,11,0.012915255564296232,0.0,-0.01636037545721751,0.013639624542782489,0.0013603754572175109,2.7207509144350217,-0.12709987101201958,0.2517398894797517,1.632450548661013,0.025,0.0,-0.03,0.0,1.0,0.0,0.015
42,1.3999870728215673,12,0.01399653672135986,0.0,-0.01575468682077391,0.014245313179226088,0.0007546868207739116,1.5093736415478232,0.1303557430258178,0.24822428623375273,0.9056241849286939,0.025,0.0,-0.03,0.0,1.0,0.0,0.015
42,1.3999870728215673,13,0.015063550345285247,0.0,-0.015134669180480786,0.014865330819519212,0.00013466918048078702,0.26933836096157404,-0.13427921157994036,0.2452198252364282,0.16160301657694442,0.025,0.0,-0.03,0.0,1.0,0.0,0.015
42,1.3999870728215673,67,0.014375096928546148,0.0,-0.015385822779289023,0.014614177220710976,0.00038582277928902314,0.7716455585780463,-0.04415175313022148,0.045404774272222254,0.46298733514682777,0.025,0.0,-0.03,0.0,1.0,0.0,0.015
42,1.3999870728215673,68,0.013480065274514424,0.0,-0.01623916652548766,0.01376083347451234,0.0012391665254876602,2.4783330509753205,0.04240978398148489,0.0436506045417827,1.4869998305851924,0.025,0.0,-0.03,0.0,1.0,0.0,0.015
42,1.3999870728215673,69,0.012585958507226257,0.0,-0.017093729892664337,0.012906270107335662,0.0020937298926643373,4.187459785328675,-0.04439665821069509,0.04591553581034871,2.512475871197205,0.025,0.0,-0.03,0.0,1.0,0.0,0.015
42,1.3999870728215673,70,0.011693619352091653,0.0,-0.017950140916256213,0.012049859083743786,0.0029501409162562137,5.9002818325124275,0.04243779473871023,0.044230686491462216,3.5401690995074566,0.025,0.0,-0.03,0.0,1.0,0.0,0.015
42,1.3999870728215673,71,0.010802282979600583,0.0,-0.01880788185763418,0.011192118142365818,0.0038078818576341815,7.615763715268363,-0.04642674678832765,0.04832997234143114,4.569458229161017,0.025,0.0,-0.03,0.0,1.0,0.0,0.015
42,1.3999870728215673,72,0.00991134162482878,0.0,-0.019665807805595667,0.010334192194404332,0.0046658078055956675,9.331615611191335,0.04655838174627051,0.04854211025668645,5.598969366714801,0.025,0.0,-0.03,0.0,1.0,0.0,0.015
42,1.3999870728215673,73,0.00902047260407814,0.0,-0.02052406838409689,0.00947593161590311,0.00552406838409689,11.04813676819378,-0.05019587282089852,0.05181643096991657,6.6288820609162675,0.025,0.0,-0.03,0.0,1.0,0.0,0.015
42,1.3999870728215673,74,0.008129965033504898,0.0,-0.021382441613271148,0.008617558386728851,0.006382441613271148,12.764883226542297,0.04878462790621172,0.05089134850262024,7.658929935925378,0.025,0.0,-0.03,0.0,1.0,0.0,0.015
42,1.3999870728215673,75,0.0072395865831250536,0.0,-0.022241205076963342,0.007758794923036657,0.0072412050769633425,14.482410153926685,-0.05112401119151215,0.05259823628749511,8.689446092356011,0.025,0.0,-0.03,0.0,1.0,0.0,0.015
42,1.3999870728215673,76,0.006349618699233338,0.0,-0.02310013835884076,0.0068998616411592405,0.008100138358840759,16.20027671768152,0.04818136232304425,0.050319740551873604,9.72016603060891,0.025,0.0,-0.03,0.0,1.0,0.0,0.015
42,1.3999870728215673,77,0.005459835062908327,0.0,-0.02395950827554848,0.006040491724451518,0.008959508275548481,17.919016551096963,-0.04923999826782962,0.050460175164064786,10.751409930658177,0.025,0.0,-0.03,0.0,1.0,0.0,0.015
42,1.3999870728215673,78,0.004570501540386084,0.0,-0.024819103045416818,0.005180896954583181,0.009819103045416819,19.638206090833638,0.0448127160471855,0.046883149261867166,11.782923654500182,0.025,0.0,-0.03,0.0,1.0,0.0,0.015
42,1.3999870728215673,79,0.0036814055629886744,0.0,-0.025679169687006544,0.004320830312993455,0.010679169687006544,21.358339374013088,-0.044656283928111655,0.04556687085552051,12.815003624407852,0.025,0.0,-0.03,0.0,1.0,0.0,0.015
42,1.3999870728215673,80,0.002782880819580995,0.0,-0.02654806094167805,0.003451939058321949,0.01154806094167805,23.0961218833561,0.040619004656997845,0.04267006583919743,13.85767313001366,0.025,0.0,-0.03,0.0,1.0,0.0,0.015
43,1.433320098364938,0,0.0,0.0,-0.02,0.009999999999999998,0.005000000000000001,10.000000000000002,0.0,0.0,6.000000000000001,0.025,0.0,-0.03,0.0,1.0,0.0,0.015
43,1.433320098364938,1,0.0012335384733729955,0.0,-0.019993528663711572,0.010006471336288427,0.004993528663711572,9.987057327423145,-0.0016033655242014212,0.0283874028052654,5.9922343964538864,0.025,0.0,-0.03,0.0,1.0,0.0,0.015
43,1.433320098364938,2,0.002463548937532769,0.0,-0.01991048010204387,0.010089519897956128,0.004910480102043872,9.820960204087744,0.005678264482737302,0.05586182568687646,5.892576122452646,0.025,0.0,-0.03,0.0,1.0,0.0,0.015
43,1.433320098364938,3,0.003688324069167128,0.0,-0.019753056982951,0.010246943017048999,0.004753056982951,9.506113965902001,-0.012385991784532728,0.08161229534829789,5.703668379541201,0.025,0.0,-0.03,0.0,1.0,0.0,0.015
43,1.433320098364938,4,0.004899554289704563,0.0,-0.01952522427784022,0.010474775722159779,0.004525224277840221,9.050448555680441,0.021257426934836902,0.1048287990027209,5.430269133408265,0.025,0.0,-0.03,0.0,1.0,0.0,0.015
43,1.433320098364938,5,0.006100025355082996,0.0,-0.019230022549342068,0.010769977450657931,0.004230022549342068,8.460045098684137,-0.031768016013996106,0.1251740764088838,5.076027059210483,0.025,0.0,-0.03,0.0,1.0,0.0,0.015
43,1.433320098364938,6,0.00727989660195712,0.0,-0.018873981364429745,0.011126018635570254,0.0038739813644297454,7.74796272885949,0.043051788808943184,0.1422747241295664,4.648777637315694,0.025,0.0,-0.03,0.0,1.0,0.0,0.015
43,1.433320098364938,7,0.00844616771005963,0.0,-0.018460010040076358,0.011539989959923641,0.0034600100400763584,6.9200200801527165,-0.05465249215124453,0.15626513595311484,4.152012048091629,0.025,0.0,-0.03,0.0,1.0,0.0,0.015
43,1.433320098364938,8,0.009588492512070989,0.0,-0.017996996571829273,0.012003003428170726,0.002996996571829273,5.993993143658546,0.06573592790411428,0.16717262144947412,3.5963958861951277,0.025,0.0,-0.03,0.0,1.0,0.0,0.015
43,1.433320098364938,9,0.010717382263627045,0.0,-0.017487067578925385,0.012512932421074614,0.002487067578925386,4.974135157850772,-0.07606889683598715,0.17542640058761838,2.984481094710463,0.025,0.0,-0.03,0.0,1.0,0.0,0.015
43,1.433320098364938,10,0.011822736208958252,0.0,-0.01694098041166444,0.013059019588335559,0.0019409804116644405,3.881960823328881,0.0849157116212748,0.1813225586439488,2.3291764939973283,0.025,0.0,-0.03,0.0,1.0,0.0,0.015
43,1.433320098364938,11,0.012917675928853475,0.0,-0.016359819576863263,0.013640180423136736,0.0013598195768632637,2.7196391537265274,-0.0912819860426789,0.18586061092577535,1.6317834922359165,0.025,0.0,-0.03,0.0,1.0,0.0,0.015
43,1.433320098364938,12,0.01399342973409699,0.0,-0.01575672668266141,0.01424327331733859,0.0007567266826614093,1.5134533653228186,0.09687032228713251,0.18456202409466538,0.9080720191936911,0.025,0.0,-0.03,0.0,1.0,0.0,0.015
43,1.433320098364938,13,0.015065609062611686,0.0,-0.015133613666250139,0.01486638633374986,0.00013361366625013957,0.26722733250027914,-0.10096969306853341,0.18362495974464915,0.16033639950016748,0.025,0.0,-0.03,0.0,1.0,0.0,0.015
43,1.433320098364938,67,0.014343207550390029,0.0,-0.015413799296454483,0.014586200703545516,0.00041379929645448364,0.8275985929089673,-0.030175594786228752,0.030952669785106742,0.49655915574538034,0.025,0.0,-0.03,0.0,1.0,0.0,0.015
43,1.433320098364938,68,0.01344892318410684,0.0,-0.016268037030027688,0.013731962969972311,0.0012680370300276883,2.536074060055377,0.028704718005070157,0.029482468892831466,1.521644436033226,0.025,0.0,-0.03,0.0,1.0,0.0,0.015
43,1.433320098364938,69,0.012555679301484633,0.0,-0.017123484412562787,0.012876515587437212,0.002123484412562788,4.246968825125576,-0.030447633578887464,0.03142473654085253,2.5481812950753455,0.025,0.0,-0.03,0.0,1.0,0.0,0.015
43,1.433320098364938,70,0.011664177268431998,0.0,-0.01798084988201564,0.012019150117984358,0.0029808498820156418,5.961699764031284,0.028795750902116262,0.02997540778019754,3.5770198584187702,0.025,0.0,-0.03,0.0,1.0,0.0,0.015
43,1.433320098364938,71,0.010773746537330637,0.0,-0.018839452445293475,0.011160547554706524,0.003839452445293476,7.678904890586952,-0.0320690277623475,0.03329542266257947,4.607342934352171,0.025,0.0,-0.03,0.0,1.0,0.0,0.015
43,1.433320098364938,72,0.009883612687855661,0.0,-0.019698303932397594,0.010301696067602405,0.004698303932397594,9.396607864795188,0.03182556316769307,0.03314476275846486,5.637964718877113,0.025,0.0,-0.03,0.0,1.0,0.0,0.015
43,1.433320098364938,73,0.008993643770730256,0.0,-0.020557407491895056,0.009442592508104943,0.005557407491895056,11.114814983790113,-0.03469043656163129,0.03570500212577046,6.668888990274068,0.025,0.0,-0.03,0.0,1.0,0.0,0.015
43,1.433320098364938,74,0.008103947164309549,0.0,-0.021416712457022497,0.008583287542977502,0.006416712457022498,12.833424914044995,0.03334647255509565,0.03476192381977343,7.700054948426997,0.025,0.0,-0.03,0.0,1.0,0.0,0.015
43,1.433320098364938,75,0.0072144715268163805,0.0,-0.022276318611474253,0.007723681388525746,0.0072763186114742535,14.552637222948507,-0.035327660649568236,0.036225871787307934,8.731582333769104,0.025,0.0,-0.03,0.0,1.0,0.0,0.015
43,1.433320098364938,76,0.006325312777548686,0.0,-0.023136180976528736,0.006863819023471263,0.008136180976528736,16.272361953057473,0.03291081221188413,0.034363144061079175,9.763417171834483,0.025,0.0,-0.03,0.0,1.0,0.0,0.015
43,1.433320098364938,77,0.005436426036471912,0.0,-0.023996387902122045,0.006003612097877954,0.008996387902122045,17.99277580424409,-0.03402481369270717,0.03473689162360379,10.795665482546454,0.025,0.0,-0.03,0.0,1.0,0.0,0.015
43,1.433320098364938,78,0.004547895187884111,0.0,-0.024856899947413077,0.005143100052586922,0.009856899947413077,19.713799894826156,0.0305771285190307,0.03200199657647724,11.828279936895694,0.025,0.0,-0.03,0.0,1.0,0.0,0.015
43,1.433320098364938,79,0.003659681140258322,0.0,-0.025717793259989376,0.004282206740010622,0.010717793259989377,21.435586519978752,-0.030876525035292403,0.03136698065437041,12.861351911987251,0.025,0.0,-0.03,0.0,1.0,0.0,0.015
43,1.433320098364938,80,0.0027620102401277654,0.0,-0.02658764667232348,0.0034123533276765178,0.011587646672323482,23.175293344646963,0.027686912569257885,0.02911530247585202,13.905176006788178,0.025,0.0,-0.03,0.0,1.0,0.0,0.015
44,1.4666531239083085,0,0.0,0.0,-0.02,0.009999999999999998,0.005000000000000001,10.000000000000002,0.0,0.0,6.000000000000001,0.025,0.0,-0.03,0.0,1.0,0.0,0.015
44,1.4666531239083085,1,0.0012334998891172244,0.0,-0.019993592975218244,0.010006407024781755,0.0049935929752182445,9.987185950436489,0.001249683812524796,0.025875871600133014,5.992311570261893,0.025,0.0,-0.03,0.0,1.0,0.0,0.015
44,1.4666531239083085,2,0.002463528093329352,0.0,-0.019910643250701146,0.010089356749298853,0.004910643250701147,9.821286501402293,-0.004804438799753964,0.05089859436058784,5.8927719008413755,0.025,0.0,-0.03,0.0,1.0,0.0,0.015
44,1.4666531239083085,3,0.0036882271261474498,0.0,-0.01975334217227155,0.010246657827728448,0.004753342172271552,9.506684344543103,0.010922659740388693,0.0742896746452668,5.704010606725862,0.025,0.0,-0.03,0.0,1.0,0.0,0.015
44,1.4666531239083085,4,0.0048995340775118005,0.0,-0.019525622045800047,0.010474377954199952,0.004525622045800048,9.051244091600095,-0.019102250225940674,0.09534397037771013,5.430746454960057,0.025,0.0,-0.03,0.0,1.0,0.0,0.015
44,1.4666531239083085,5,0.006099900064178114,0.0,-0.019230559805913497,0.010769440194086502,0.0042305598059134975,8.461119611826994,0.028671368057283986,0.11372302705577349,5.0766717670961965,0.025,0.0,-0.03,0.0,1.0,0.0,0.015
44,1.4666531239083085,6,0.007279886726753711,0.0,-0.018874588903210338,0.011125411096789661,0.003874588903210338,7.749177806420676,-0.03904625605425634,0.1291305731735507,4.6495066838524055,0.025,0.0,-0.03,0.0,1.0,0.0,0.015
44,1.4666531239083085,7,0.008446020789043024,0.0,-0.018460736884471265,0.011539263115528733,0.003460736884471266,6.921473768942532,0.04954087117338226,0.14165815541261212,4.152884261365519,0.025,0.0,-0.03,0.0,1.0,0.0,0.015
44,1.4666531239083085,8,0.00958846780159249,0.0,-0.017997715315638634,0.012002284684361365,0.0029977153156386348,5.995430631277269,-0.059701161682218944,0.15138327773727897,3.5972583787663615,0.025,0.0,-0.03,0.0,1.0,0.0,0.015
44,1.4666531239083085,9,0.010717178712583144,0.0,-0.01748785579928282,0.012512144200717178,0.002487855799282821,4.975711598565642,0.06899882178418004,0.15865338142149518,2.985426959139385,0.025,0.0,-0.03,0.0,1.0,0.0,0.015
44,1.4666531239083085,10,0.011822628582403764,0.0,-0.016941661784661787,0.013058338215338212,0.0019416617846617877,3.8833235693235753,-0.07727038535134444,0.1637344470447266,2.329994141594145,0.025,0.0,-0.03,0.0,1.0,0.0,0.015
44,1.4666531239083085,11,0.012917342580924666,0.0,-0.016360512181751004,0.013639487818248995,0.0013605121817510044,2.721024363502009,0.08485665744355515,0.16667509932129052,1.6326146181012053,0.025,0.0,-0.03,0.0,1.0,0.0,0.015
44,1.4666531239083085,12,0.013993121219913193,0.0,-0.015757208463188767,0.014242791536811232,0.0007572084631887674,1.5144169263775349,-0.08627211682465355,0.16404231502134886,0.9086501558265209,0.025,0.0,-0.03,0.0,1.0,0.0,0.015
44,1.4666531239083085,13,0.015065049109816287,0.0,-0.015133979601713005,0.014866020398286994,0.00013397960171300516,0.2679592034260103,0.08854208851641299,0.16166666601150456,0.1607755220556062,0.025,0.0,-0.03,0.0,1.0,0.0,0.015
44,1.4666531239083085,67,0.014315397631403888,0.0,-0.015438382625131362,0.014561617374868637,0.00043838262513136265,0.8767652502627253,-0.02073208773788636,0.02120465456652199,0.5260591501576352,0.025,0.0,-0.03,0.0,1.0,0.0,0.015
44,1.4666531239083085,68,0.013421727385113047,0.0,-0.016293383224941893,0.013706616775058106,0.0012933832249418936,2.586766449883787,0.01951583198551983,0.020002352080531003,1.5520598699302721,0.025,0.0,-0.03,0.0,1.0,0.0,0.015
44,1.4666531239083085,69,0.012529227440605148,0.0,-0.017149556682994234,0.012850443317005765,0.0021495566829942345,4.299113365988469,-0.021164099386075635,0.021802355814243148,2.5794680195930813,0.025,0.0,-0.03,0.0,1.0,0.0,0.015
44,1.4666531239083085,70,0.011638414865688675,0.0,-0.018007739441490853,0.011992260558509146,0.003007739441490853,6.015478882981706,0.019781140602968685,0.020569992316868225,3.609287329789024,0.025,0.0,-0.03,0.0,1.0,0.0,0.015
44,1.4666531239083085,71,0.010748758583864627,0.0,-0.018867048984262138,0.011132951015737861,0.0038670489842621385,7.734097968524277,-0.02254170718558164,0.023353423344971404,4.640458781114566,0.025,0.0,-0.03,0.0,1.0,0.0,0.015
44,1.4666531239083085,72,0.009859282752168123,0.0,-0.019726688944029326,0.010273311055970673,0.004726688944029327,9.453377888058654,0.022065715243306624,0.02297110361695015,5.672026732835192,0.025,0.0,-0.03,0.0,1.0,0.0,0.015
44,1.4666531239083085,73,0.008970082803564088,0.0,-0.0205864778782582,0.009413522121741798,0.005586477878258202,11.172955756516403,-0.024426625783264665,0.02506616774174507,6.703773453909842,0.025,0.0,-0.03,0.0,1.0,0.0,0.015
44,1.4666531239083085,74,0.008081044544480841,0.0,-0.021446576413791746,0.008553423586208253,0.006446576413791746,12.893152827583492,0.02314558664419369,0.024131570245450894,7.735891696550095,0.025,0.0,-0.03,0.0,1.0,0.0,0.015
44,1.4666531239083085,75,0.007192339595616438,0.0,-0.02230686601386903,0.00769313398613097,0.00730686601386903,14.61373202773806,-0.024904208756580684,0.02544790051639622,8.768239216642835,0.025,0.0,-0.03,0.0,1.0,0.0,0.015
44,1.4666531239083085,76,0.006303836896783128,0.0,-0.023167518717758327,0.006832481282241672,0.008167518717758327,16.335037435516654,0.022857965426295944,0.023885851192888555,9.801022461309993,0.025,0.0,-0.03,0.0,1.0,0.0,0.015
44,1.4666531239083085,77,0.005415714435028103,0.0,-0.024028404390836703,0.005971595609163296,0.009028404390836704,18.056808781673407,-0.024022644000329895,0.024424348292628482,10.834085269004044,0.025,0.0,-0.03,0.0,1.0,0.0,0.015
44,1.4666531239083085,78,0.004527835185055221,0.0,-0.02488969509210324,0.005110304907896757,0.009889695092103242,19.779390184206484,0.021234037147828008,0.022260667961958466,11.86763411052389,0.025,0.0,-0.03,0.0,1.0,0.0,0.015
44,1.4666531239083085,79,0.0036403708015088237,0.0,-0.025751260075896457,0.004248739924103542,0.010751260075896458,21.502520151792915,-0.021836734466893205,0.022072811361495855,12.901512091075748,0.025,0.0,-0.03,0.0,1.0,0.0,0.015
44,1.4666531239083085,80,0.0027433863067087786,0.0,-0.02662191754674175,0.003378082453258248,0.011621917546741752,23.243835093483504,0.019207913810767117,0.020253190047016204,13.946301056090102,0.025,0.0,-0.03,0.0,1.0,0.0,0.015
45,1.4999861494516793,0,0.0,0.0,-0.02,0.009999999999999998,0.005000000000000001,10.000000000000002,0.0,0.0,6.000000000000001,0.025,0.0,-0.03,0.0,1.0,0.0,0.015
45,1.4999861494516793,1,0.0012331667067737597,0.0,-0.019993664918072376,0.010006335081927623,0.004993664918072377,9.987329836144754,0.0019274108188698622,0.035925260639626776,5.992397901686853,0.025,0.0,-0.03,0.0,1.0,0.0,0.015
45,1.4999861494516793,2,0.002464092720370073,0.0,-0.019910724185506098,0.010089275814493901,0.004910724185506098,9.821448371012197,-0.007021382032535308,0.07072469767306584,5.892869022607318,0.025,0.0,-0.03,0.0,1.0,0.0,0.015
45,1.4999861494516793,3,0.0036872810255241567,0.0,-0.019753715033344985,0.010246284966655014,0.004753715033344985,9.50743006668997,0.015485919373885819,0.1032367774541673,5.704458040013982,0.025,0.0,-0.03,0.0,1.0,0.0,0.015
45,1.4999861494516793,4,0.00490060847293606,0.0,-0.019525737905445747,0.010474262094554251,0.004525737905445748,9.051475810891496,-0.02679781399487227,0.1326282450036037,5.430885486534898,0.025,0.0,-0.03,0.0,1.0,0.0,0.015
45,1.4999861494516793,5,0.006098468085943688,0.0,-0.019231348968032587,0.010768651031967412,0.0042313489680325875,8.462697936065174,0.040037457548731815,0.1582348606902101,5.077618761639104,0.025,0.0,-0.03,0.0,1.0,0.0,0.015
45,1.4999861494516793,6,0.007281357065687476,0.0,-0.01887465197542876,0.011125348024571238,0.003874651975428762,7.749303950857524,-0.05443215164975291,0.17984827836913977,4.649582370514514,0.025,0.0,-0.03,0.0,1.0,0.0,0.015
45,1.4999861494516793,7,0.008444239690273997,0.0,-0.01846192531708179,0.01153807468291821,0.003461925317081789,6.923850634163578,0.06899581492904687,0.19737486627545273,4.1543103804981465,0.025,0.0,-0.03,0.0,1.0,0.0,0.015
45,1.4999861494516793,8,0.009590180368818138,0.0,-0.01799763321016243,0.012002366789837567,0.002997633210162432,5.995266420324865,-0.08313903124437529,0.21111232007935316,3.5971598521949186,0.025,0.0,-0.03,0.0,1.0,0.0,0.015
45,1.4999861494516793,9,0.010715144895598036,0.0,-0.01748932073611306,0.01251067926388694,0.002489320736113059,4.978641472226118,0.09607068977781452,0.22136490856673455,2.987184883335671,0.025,0.0,-0.03,0.0,1.0,0.0,0.015
45,1.4999861494516793,10,0.011824413557765538,0.0,-0.016941348095318127,0.013058651904681872,0.0019413480953181274,3.882696190636255,-0.10745014733853307,0.22870493555773408,2.3296177143817527,0.025,0.0,-0.03,0.0,1.0,0.0,0.015
45,1.4999861494516793,11,0.012915089781041158,0.0,-0.016362063571394785,0.013637936428605214,0.0013620635713947858,2.7241271427895715,0.11626554501269198,0.23382428504295605,1.634476285673743,0.025,0.0,-0.03,0.0,1.0,0.0,0.015
45,1.4999861494516793,12,0.013994763570612653,0.0,-0.01575661108916075,0.01424338891083925,0.000756611089160749,1.513222178321498,-0.12168154242027586,0.2315112828065757,0.9079333069928988,0.025,0.0,-0.03,0.0,1.0,0.0,0.015
45,1.4999861494516793,13,0.015062634871097071,0.0,-0.015135358506889837,0.014864641493110162,0.00013535850688983775,0.2707170137796755,0.12616002743156923,0.2295700855045381,0.1624302082678053,0.025,0.0,-0.03,0.0,1.0,0.0,0.015
45,1.4999861494516793,67,0.01428987518471497,0.0,-0.015461046396819963,0.014538953603180036,0.0004610463968199637,0.9220927936399275,-0.014597996449730713,0.01492468076641837,0.5532556761839564,0.025,0.0,-0.03,0.0,1.0,0.0,0.015
45,1.4999861494516793,68,0.013396771248383142,0.0,-0.016316709918988866,0.013683290081011133,0.0013167099189888669,2.633419837977734,0.013482991525108493,0.013795883330001911,1.5800519027866402,0.025,0.0,-0.03,0.0,1.0,0.0,0.015
45,1.4999861494516793,69,0.01250493023918855,0.0,-0.01717353717511161,0.01282646282488839,0.002173537175111609,4.347074350223218,-0.015086342612969317,0.015511707761522341,2.6082446101339305,0.025,0.0,-0.03,0.0,1.0,0.0,0.015
45,1.4999861494516793,70,0.011614745518154636,0.0,-0.01803243725172696,0.011967562748273038,0.003032437251726961,6.064874503453923,0.013836209488171089,0.014371328329309674,3.6389247020723534,0.025,0.0,-0.03,0.0,1.0,0.0,0.015
45,1.4999861494516793,71,0.01072576576103169,0.0,-0.018892386194812656,0.011107613805187343,0.0038923861948126567,7.784772389625314,-0.016144757971406958,0.016696518579117536,4.670863433775188,0.025,0.0,-0.03,0.0,1.0,0.0,0.015
45,1.4999861494516793,72,0.009836884800931938,0.0,-0.019752712069578494,0.010247287930421504,0.004752712069578495,9.50542413915699,0.015447035620553912,0.016090822111263163,5.703254483494193,0.025,0.0,-0.03,0.0,1.0,0.0,0.015
45,1.4999861494516793,73,0.0089483527508168,0.0,-0.02061311812428026,0.00938688187571974,0.00561311812428026,11.22623624856052,-0.017508368484918164,0.01790352432113056,6.735741749136312,0.025,0.0,-0.03,0.0,1.0,0.0,0.015
45,1.4999861494516793,74,0.008059908956953292,0.0,-0.02147390480469024,0.008526095195309759,0.006473904804690241,12.947809609380482,0.01621608249303307,0.016931029008393536,7.768685765628288,0.025,0.0,-0.03,0.0,1.0,0.0,0.015
45,1.4999861494516793,75,0.007171871544912834,0.0,-0.022334809277832747,0.007665190722167252,0.0073348092778327476,14.669618555665496,-0.017867796403788258,0.018178580085660135,8.801771133399297,0.025,0.0,-0.03,0.0,1.0,0.0,0.015
45,1.4999861494516793,76,0.006283960781632312,0.0,-0.023196145886643836,0.006803854113356163,0.008196145886643837,16.392291773287674,0.016017534840252947,0.016779289105851608,9.835375063972604,0.025,0.0,-0.03,0.0,1.0,0.0,0.015
45,1.4999861494516793,77,0.005396499485672037,0.0,-0.024057641677006317,0.005942358322993682,0.009057641677006317,18.115283354012636,-0.01726397455378951,0.017459604588593792,10.869170012407581,0.025,0.0,-0.03,0.0,1.0,0.0,0.015
45,1.4999861494516793,78,0.004509207396091264,0.0,-0.02491960599335479,0.005080394006645207,0.009919605993354792,19.839211986709586,0.014868865435969254,0.015648053563287648,11.90352719202575,0.025,0.0,-0.03,0.0,1.0,0.0,0.015
45,1.4999861494516793,79,0.0036223920919841407,0.0,-0.025781773864478302,0.0042182261355216966,0.010781773864478303,21.563547728956607,-0.015728777697139214,0.01579344485746355,12.938128637373964,0.025,0.0,-0.03,0.0,1.0,0.0,0.015
45,1.4999861494516793,80,0.0027260138324737395,0.0,-0.026653117562816967,0.0033468824371830318,0.011653117562816968,23.306235125633936,0.013426784047522657,0.01423644395204098,13.983741075380362,0.025,0.0,-0.03,0.0,1.0,0.0,0.015
46,1.5333191749950499,0,0.0,0.0,-0.02,0.009999999999999998,0.005000000000000001,10.000000000000002,0.0,0.0,6.000000000000001,0.025,0.0,-0.03,0.0,1.0,0.0,0.015
46,1.5333191749950499,1,0.0012329948746761642,0.0,-0.01999372408356602,0.01000627591643398,0.00499372408356602,9.98744816713204,0.00022721716341689307,0.002126458202378014,5.992468900279224,0.025,0.0,-0.03,0.0,1.0,0.0,0.015
46,1.5333191749950499,2,0.0024643429582671015,0.0,-0.01991082032464139,0.01008917967535861,0.00491082032464139,9.821640649282779,-0.0006284240768672676,0.0042036254549714085,5.892984389569667,0.025,0.0,-0.03,0.0,1.0,0.0,0.015
46,1.5333191749950499,3,0.0036867965995710386,0.0,-0.019753995841243523,0.010246004158756476,0.004753995841243523,9.507991682487047,0.0011027195357278296,0.0061627567389952575,5.704795009492228,0.025,0.0,-0.03,0.0,1.0,0.0,0.015
46,1.5333191749950499,4,0.004901091866389004,0.0,-0.019525935373021996,0.010474064626978002,0.004525935373021997,9.051870746043994,-0.0017559407256365618,0.00796655658015114,5.431122447626396,0.025,0.0,-0.03,0.0,1.0,0.0,0.015
46,1.5333191749950499,5,0.00609773971488884,0.0,-0.01923191279462777,0.010768087205372229,0.004231912794627771,8.463825589255542,0.0024941065858559196,0.009554137981529069,5.078295353553325,0.025,0.0,-0.03,0.0,1.0,0.0,0.015
46,1.5333191749950499,6,0.007282024295883543,0.0,-0.01887489916316729,0.01112510083683271,0.00387489916316729,7.74979832633458,-0.0033541844268225873,0.010932159888691366,4.649878995800748,0.025,0.0,-0.03,0.0,1.0,0.0,0.015
46,1.5333191749950499,7,0.00844333244716614,0.0,-0.01846274127606713,0.01153725872393287,0.0034627412760671293,6.925482552134259,0.0041851565746041045,0.01206673215149262,4.155289531280555,0.025,0.0,-0.03,0.0,1.0,0.0,0.015
46,1.5333191749950499,8,0.00959095099101455,0.0,-0.017997851274699637,0.012002148725300362,0.0029978512746996373,5.995702549399275,-0.005061687749842068,0.012996490570970517,3.597421529639565,0.025,0.0,-0.03,0.0,1.0,0.0,0.015
46,1.5333191749950499,9,0.010714091366639047,0.0,-0.017490287617222364,0.012509712382777635,0.0024902876172223642,4.9805752344447285,0.00580838532842165,0.01370952171839454,2.988345140666837,0.025,0.0,-0.03,0.0,1.0,0.0,0.015
46,1.5333191749950499,10,0.011825185819243772,0.0,-0.01694144734044667,0.01305855265955333,0.0019414473404466698,3.8828946808933393,-0.006439049154412287,0.014308898474444354,2.3297368085360035,0.025,0.0,-0.03,0.0,1.0,0.0,0.015
46,1.5333191749950499,11,0.01291387561885808,0.0,-0.016363028757731716,0.013636971242268283,0.0013630287577317164,2.726057515463433,0.005897909347128718,0.01522902256451439,1.6356345092780595,0.025,0.0,-0.03,0.0,1.0,0.0,0.015
46,1.5333191749950499,12,0.013995411775701917,0.0,-0.0157565035066174,0.0142434964933826,0.0007565035066173995,1.513007013234799,-0.008308930531270386,0.015916499010012245,0.9078042079408793,0.025,0.0,-0.03,0.0,1.0,0.0,0.015
46,1.5333191749950499,13,0.015061247642325404,0.0,-0.0151361717042569,0.0148638282957431,0.00013617170425690023,0.27234340851380046,0.009334065221166187,0.016581470879671333,0.16340604510828027,0.025,0.0,-0.03,0.0,1.0,0.0,0.015
46,1.5333191749950499,67,0.014265661706678508,0.0,-0.015482689224878731,0.014517310775121268,0.00048268922487873164,0.9653784497574633,-0.009829899514164346,0.01005304872699012,0.579227069854478,0.025,0.0,-0.03,0.0,1.0,0.0,0.015
46,1.5333191749950499,68,0.013373093356536053,0.0,-0.016338956358143062,0.013661043641856937,0.0013389563581430626,2.677912716286125,0.008775005259311427,0.00896370504970786,1.606747629771675,0.025,0.0,-0.03,0.0,1.0,0.0,0.015
46,1.5333191749950499,69,0.012481851390456945,0.0,-0.01719640359086703,0.012803596409132968,0.002196403590867032,4.392807181734064,-0.010320213771106325,0.010590819462045462,2.635684309040438,0.025,0.0,-0.03,0.0,1.0,0.0,0.015
46,1.5333191749950499,70,0.011592261242709736,0.0,-0.018055960258247298,0.011944039741752701,0.0030559602582472985,6.111920516494597,0.009136876329772855,0.009487579242086586,3.667152309896758,0.025,0.0,-0.03,0.0,1.0,0.0,0.015
46,1.5333191749950499,71,0.010703893129816188,0.0,-0.018916517598693224,0.011083482401306775,0.003916517598693225,7.833035197386449,-0.011077647656098663,0.011424938948424588,4.69982111843187,0.025,0.0,-0.03,0.0,1.0,0.0,0.015
46,1.5333191749950499,72,0.00981558096795257,0.0,-0.01977746035772241,0.010222539642277588,0.0047774603577224115,9.554920715444823,0.010182756768986377,0.01063238058987152,5.732952429266893,0.025,0.0,-0.03,0.0,1.0,0.0,0.015
46,1.5333191749950499,73,0.008927648233050622,0.0,-0.02063845485730241,0.009361545142697589,0.005638454857302411,11.276909714604821,-0.012002816099793645,0.012213167028277103,6.766145828762893,0.025,0.0,-0.03,0.0,1.0,0.0,0.015
46,1.5333191749950499,74,0.008039773574259274,0.0,-0.0214998586958316,0.008500141304168398,0.006499858695831601,12.999717391663204,0.010687807171807855,0.011202781467436996,7.799830434997922,0.025,0.0,-0.03,0.0,1.0,0.0,0.015
46,1.5333191749950499,75,0.0071523340296683014,0.0,-0.022361349630711905,0.0076386503692880935,0.007361349630711906,14.722699261423813,-0.012254456457540436,0.012388419991773912,8.833619556854288,0.025,0.0,-0.03,0.0,1.0,0.0,0.015
46,1.5333191749950499,76,0.006264989701818912,0.0,-0.023223298967762106,0.0067767010322378925,0.008223298967762107,16.446597935524213,0.01054591535304409,0.0111119347444714,9.867958761314528,0.025,0.0,-0.03,0.0,1.0,0.0,0.015
46,1.5333191749950499,77,0.005378120507121756,0.0,-0.024085376058479827,0.005914623941520172,0.009085376058479828,18.170752116959655,-0.011859436117623629,0.011897616886349324,10.902451270175792,0.025,0.0,-0.03,0.0,1.0,0.0,0.015
46,1.5333191749950499,78,0.004491389205169339,0.0,-0.0249479442565894,0.0050520557434106,0.0099479442565894,19.8958885131788,0.00976427063291477,0.010362295772432866,11.93753310790728,0.025,0.0,-0.03,0.0,1.0,0.0,0.015
46,1.5333191749950499,79,0.003605156134486621,0.0,-0.025810685171670414,0.004189314828329585,0.010810685171670414,21.62137034334083,-0.010836194741034927,0.010768829882164137,12.972822206004496,0.025,0.0,-0.03,0.0,1.0,0.0,0.015
46,1.5333191749950499,80,0.0027093491305476215,0.0,-0.02668264030101871,0.0033173596989812884,0.011682640301018711,23.365280602037423,0.00878426969706011,0.009422682857925397,14.019168361222453,0.025,0.0,-0.03,0.0,1.0,0.0,0.015
47,1.5666522005384205,0,0.0,0.0,-0.02,0.009999999999999998,0.005000000000000001,10.000000000000002,0.0,0.0,6.000000000000001,0.025,0.0,-0.03,0.0,1.0,0.0,0.015
47,1.5666522005384205,1,0.0012330894314987694,0.0,-0.01999376558892551,0.01000623441107449,0.00499376558892551,9.98753117785102,-0.0013938359678857101,0.027701166650783943,5.992518706710611,0.025,0.0,-0.03,0.0,1.0,0.0,0.015
47,1.5666522005384205,2,0.0024640719561016943,0.0,-0.019910958441774543,0.010089041558225455,0.004910958441774544,9.821916883549088,0.005233219482964061,0.05452196339349886,5.893150130129452,0.025,0.0,-0.03,0.0,1.0,0.0,0.015
47,1.5666522005384205,3,0.0036870767049503404,0.0,-0.019754146026842234,0.010245853973157765,0.004754146026842234,9.508292053684468,-0.01178946775376401,0.07956391835129299,5.70497523221068,0.025,0.0,-0.03,0.0,1.0,0.0,0.015
47,1.5666522005384205,4,0.004900596548113212,0.0,-0.019526306328048595,0.010473693671951403,0.004526306328048596,9.052612656097192,0.020510868497677158,0.10217927494547567,5.431567593658316,0.025,0.0,-0.03,0.0,1.0,0.0,0.015
47,1.5666522005384205,5,0.006098181288287459,0.0,-0.01923214941058843,0.01076785058941157,0.004232149410588429,8.464298821176858,-0.030776424973796186,0.12186613641807005,5.078579292706114,0.025,0.0,-0.03,0.0,1.0,0.0,0.015
47,1.5666522005384205,6,0.007281362968751347,0.0,-0.01887551036648712,0.011124489633512879,0.0038755103664871206,7.751020732974241,0.04184955116817984,0.13845388942845954,4.6506124397845445,0.025,0.0,-0.03,0.0,1.0,0.0,0.015
47,1.5666522005384205,7,0.008443883110133563,0.0,-0.0184630045507479,0.011536995449252099,0.003463004550747901,6.926009101495802,-0.05313533395833499,0.15188677852955176,4.155605460897481,0.025,0.0,-0.03,0.0,1.0,0.0,0.015
47,1.5666522005384205,8,0.009590162433806998,0.0,-0.017998637791852175,0.012001362208147823,0.002998637791852176,5.997275583704352,0.06398567882999785,0.162378828149349,3.5983653502226107,0.025,0.0,-0.03,0.0,1.0,0.0,0.015
47,1.5666522005384205,9,0.010714674231799465,0.0,-0.01749049845164351,0.012509501548356488,0.0024904984516435115,4.980996903287023,-0.07400806727045645,0.17019177509172576,2.9885981419722136,0.025,0.0,-0.03,0.0,1.0,0.0,0.015
47,1.5666522005384205,10,0.011824273678538286,0.0,-0.01694229702684134,0.013057702973158659,0.0019422970268413407,3.8845940536826813,0.08279465617740923,0.17569827811738656,2.3307564322096086,0.025,0.0,-0.03,0.0,1.0,0.0,0.015
47,1.5666522005384205,11,0.012914395539351064,0.0,-0.016363094347798438,0.013636905652201561,0.001363094347798438,2.726188695596876,-0.09050339739608686,0.17912896380084528,1.6357132173581257,0.025,0.0,-0.03,0.0,1.0,0.0,0.015
47,1.5666522005384205,12,0.013994369170721827,0.0,-0.01575726404738206,0.014242735952617939,0.0007572640473820606,1.5145280947641213,0.09293610488663119,0.17664181244906504,0.9087168568584727,0.025,0.0,-0.03,0.0,1.0,0.0,0.015
47,1.5666522005384205,13,0.015061575091793731,0.0,-0.015136039719409277,0.014863960280590722,0.00013603971940927793,0.2720794388185559,-0.09578745242984717,0.17451410637374135,0.16324766329113352,0.025,0.0,-0.03,0.0,1.0,0.0,0.015
47,1.5666522005384205,67,0.014242553685326013,0.0,-0.015503445134764971,0.014496554865235028,0.0005034451347649717,1.0068902695299433,-0.006058556257079964,0.006207257600988419,0.604134161717966,0.025,0.0,-0.03,0.0,1.0,0.0,0.015
47,1.5666522005384205,68,0.013350499273350719,0.0,-0.016360271114349102,0.013639728885650897,0.0013602711143491028,2.7205422286982057,0.00504345622288428,0.0051403168719396115,1.6323253372189235,0.025,0.0,-0.03,0.0,1.0,0.0,0.015
47,1.5666522005384205,69,0.012459812305683327,0.0,-0.017218312501345097,0.012781687498654902,0.0022183125013450974,4.436625002690195,-0.006517515451533741,0.006673178568439868,2.661975001614117,0.025,0.0,-0.03,0.0,1.0,0.0,0.015
47,1.5666522005384205,70,0.01157079358220204,0.0,-0.018078478349485113,0.011921521650514886,0.0030784783494851135,6.156956698970227,0.00538356215816236,0.0055963642392048525,3.6941740193821357,0.025,0.0,-0.03,0.0,1.0,0.0,0.015
47,1.5666522005384205,71,0.010682991239341383,0.0,-0.01893961908477864,0.011060380915221359,0.003939619084778641,7.879238169557282,-0.007029117182567345,0.007219450228132783,4.727542901734369,0.025,0.0,-0.03,0.0,1.0,0.0,0.015
47,1.5666522005384205,72,0.009795226070044771,0.0,-0.01980113118162901,0.010198868818370989,0.004801131181629011,9.60226236325802,0.005983730111915603,0.006287139469373577,5.761357417954812,0.025,0.0,-0.03,0.0,1.0,0.0,0.015
47,1.5666522005384205,73,0.008907846037984725,0.0,-0.02066269023263224,0.009337309767367758,0.005662690232632241,11.325380465264482,-0.007598678532728434,0.0076710310913832205,6.795228279158689,0.025,0.0,-0.03,0.0,1.0,0.0,0.015
47,1.5666522005384205,74,0.008020518894052909,0.0,-0.021524662949700898,0.008475337050299101,0.006524662949700898,13.049325899401797,0.006270707125770742,0.006635388293452795,7.829595539641078,0.025,0.0,-0.03,0.0,1.0,0.0,0.015
47,1.5666522005384205,75,0.007133630328613621,0.0,-0.022386716522073625,0.007613283477926374,0.007386716522073625,14.77343304414725,-0.00775583198692313,0.007758036910849673,8.864059826488349,0.025,0.0,-0.03,0.0,1.0,0.0,0.015
47,1.5666522005384205,76,0.006246830637058836,0.0,-0.02324923051286376,0.006750769487136238,0.008249230512863762,16.498461025727522,0.00616609976025849,0.0065848947561418444,9.899076615436513,0.025,0.0,-0.03,0.0,1.0,0.0,0.015
47,1.5666522005384205,77,0.005360507272985289,0.0,-0.024111864810479056,0.005888135189520943,0.009111864810479056,18.223729620958114,-0.007521568827166233,0.00744276161952469,10.934237772574868,0.025,0.0,-0.03,0.0,1.0,0.0,0.015
47,1.5666522005384205,78,0.004474314420795965,0.0,-0.02497498990277181,0.005025010097228187,0.009974989902771812,19.949979805543624,0.00567420061171318,0.006135889195019661,11.969987883326175,0.025,0.0,-0.03,0.0,1.0,0.0,0.015
47,1.5666522005384205,79,0.003588618785772306,0.0,-0.02583827919091026,0.00416172080908974,0.010838279190910259,21.676558381820517,-0.006906417314791103,0.006741414640620979,13.00593502909231,0.025,0.0,-0.03,0.0,1.0,0.0,0.015
47,1.5666522005384205,80,0.0026933568671965178,0.0,-0.026710797116053345,0.0032892028839466535,0.011710797116053346,23.421594232106692,0.005063710960997149,0.005573250148657883,14.052956539264015,0.025,0.0,-0.03,0.0,1.0,0.0,0.015
48,1.5999852260817913,0,0.0,0.0,-0.02,0.009999999999999998,0.005000000000000001,10.000000000000002,0.0,0.0,6.000000000000001,0.025,0.0,-0.03,0.0,1.0,0.0,0.015
48,1.5999852260817913,1,0.00123326557850255,0.0,-0.019993799438166936,0.010006200561833063,0.004993799438166937,9.987598876333873,-0.0015528907611229979,0.02890090961824836,5.992559325800324,0.025,0.0,-0.03,0.0,1.0,0.0,0.015
48,1.5999852260817913,2,0.0024636438693023018,0.0,-0.019911106161795752,0.010088893838204247,0.004911106161795752,9.822212323591504,0.005637906781723891,0.05687795534300667,5.893327394154903,0.025,0.0,-0.03,0.0,1.0,0.0,0.015
48,1.5999852260817913,3,0.003687590916532891,0.0,-0.01975424824735044,0.010245751752649558,0.004754248247350441,9.508496494700882,-0.012464370956655575,0.08305412846282537,5.705097896820529,0.025,0.0,-0.03,0.0,1.0,0.0,0.015
48,1.5999852260817913,4,0.004899805297577093,0.0,-0.019526720269131905,0.010473279730868094,0.004526720269131906,9.05344053826381,0.02152892588969637,0.1066711571380805,5.432064322958286,0.025,0.0,-0.03,0.0,1.0,0.0,0.015
48,1.5999852260817913,5,0.006098981128337768,0.0,-0.019232272405883283,0.010767727594116715,0.004232272405883284,8.464544811766569,-0.032223426043556734,0.1273024192435322,5.078726887059941,0.025,0.0,-0.03,0.0,1.0,0.0,0.015
48,1.5999852260817913,6,0.007280298761221336,0.0,-0.018876216505799796,0.011123783494200203,0.003876216505799796,7.752433011599592,0.04375009060429643,0.1446572945241426,4.651459806959755,0.025,0.0,-0.03,0.0,1.0,0.0,0.015
48,1.5999852260817913,7,0.008444880797980739,0.0,-0.018463081195188805,0.011536918804811194,0.003463081195188806,6.926162390377612,-0.0555334079090823,0.15878418190062715,4.155697434226567,0.025,0.0,-0.03,0.0,1.0,0.0,0.015
48,1.5999852260817913,8,0.009588900580576161,0.0,-0.017999578258313532,0.012000421741686466,0.002999578258313533,5.999156516627066,0.0668484679393828,0.16979765447840178,3.5994939099762395,0.025,0.0,-0.03,0.0,1.0,0.0,0.015
48,1.5999852260817913,9,0.010715760757004996,0.0,-0.017490459398041194,0.012509540601958805,0.002490459398041194,4.980918796082388,-0.07732821064226446,0.17806150971331342,2.988551277649433,0.025,0.0,-0.03,0.0,1.0,0.0,0.015
48,1.5999852260817913,10,0.011822851239662736,0.0,-0.016943356361483357,0.013056643638516642,0.0019433563614833574,3.8867127229667147,0.08642088008869989,0.18391924825147563,2.3320276337800285,0.025,0.0,-0.03,0.0,1.0,0.0,0.015
48,1.5999852260817913,11,0.012915456246218869,0.0,-0.016362875251992346,0.013637124748007653,0.0013628752519923466,2.725750503984693,-0.09357792018654433,0.1880431397507011,1.6354503023908158,0.025,0.0,-0.03,0.0,1.0,0.0,0.015
48,1.5999852260817913,12,0.013992811697335041,0.0,-0.015758280810217663,0.014241719189782336,0.0007582808102176639,1.5165616204353278,0.0978986579921717,0.18614142831843178,0.9099369722611966,0.025,0.0,-0.03,0.0,1.0,0.0,0.015
48,1.5999852260817913,13,0.015062452255576862,0.0,-0.015135601700715881,0.014864398299284117,0.00013560170071588197,0.2712034014317639,-0.1015469109214442,0.18460156713941933,0.16272204085905834,0.025,0.0,-0.03,0.0,1.0,0.0,0.015
48,1.5999852260817913,67,0.014220487209509722,0.0,-0.0155233405820886,0.0144766594179114,0.0005233405820886002,1.0466811641772003,-0.0032212450788415324,0.003321125833363725,0.6280086985063201,0.025,0.0,-0.03,0.0,1.0,0.0,0.015
48,1.5999852260817913,68,0.013328928557903316,0.0,-0.01638068816022749,0.01361931183977251,0.001380688160227489,2.761376320454978,0.002232013384681367,0.0022602010670703804,1.6568257922729868,0.025,0.0,-0.03,0.0,1.0,0.0,0.015
48,1.5999852260817913,69,0.012438760005529462,0.0,-0.017239301051522906,0.012760698948477093,0.0022393010515229066,4.478602103045813,-0.0036152430661223504,0.003696205155701833,2.687161261827488,0.025,0.0,-0.03,0.0,1.0,0.0,0.015
48,1.5999852260817913,70,0.011550292643576555,0.0,-0.01810003542355105,0.01189996457644895,0.0031000354235510494,6.200070847102099,0.0025140220018942776,0.0026382736305669884,3.720042508261259,0.025,0.0,-0.03,0.0,1.0,0.0,0.015
48,1.5999852260817913,71,0.010663017992924049,0.0,-0.018961737883399995,0.011038262116600004,0.003961737883399995,7.92347576679999,-0.003971997869860145,0.004040900064034898,4.754085460079994,0.025,0.0,-0.03,0.0,1.0,0.0,0.015
48,1.5999852260817913,72,0.00977578179483854,0.0,-0.019823780384575537,0.010176219615424462,0.004823780384575538,9.647560769151076,0.0028277724762639884,0.0030153619665887563,5.788536461490645,0.025,0.0,-0.03,0.0,1.0,0.0,0.015
48,1.5999852260817913,73,0.008888916336993617,0.0,-0.02068588441144328,0.009314115588556719,0.005685884411443281,11.371768822886562,-0.004265220761362318,0.0042499050753371575,6.823061293731937,0.025,0.0,-0.03,0.0,1.0,0.0,0.015
48,1.5999852260817913,74,0.008002119147161646,0.0,-0.021548386482157848,0.008451613517842151,0.006548386482157848,13.096772964315697,0.002950115923648668,0.003198035078432724,7.858063778589418,0.025,0.0,-0.03,0.0,1.0,0.0,0.015
48,1.5999852260817913,75,0.007115743256064994,0.0,-0.022410983478486194,0.007589016521513805,0.007410983478486195,14.821966956972389,-0.004349717571148762,0.004269579016309667,8.893180174183433,0.025,0.0,-0.03,0.0,1.0,0.0,0.015
48,1.5999852260817913,76,0.006229470727874596,0.0,-0.023274022808479407,0.006725977191520592,0.008274022808479407,16.548045616958813,0.0028734625903315677,0.0031769890935766545,9.928827370175288,0.025,0.0,-0.03,0.0,1.0,0.0,0.015
48,1.5999852260817913,77,0.005343655426501543,0.0,-0.0241371950287164,0.005862804971283598,0.009137195028716402,18.274390057432804,-0.004234309702681905,0.0040846220213275036,10.964634034459682,0.025,0.0,-0.03,0.0,1.0,0.0,0.015
48,1.5999852260817913,78,0.004457983210133071,0.0,-0.025000838616217803,0.0049991613837821955,0.010000838616217804,20.001677232435608,0.0025987070647805043,0.002952231784308261,12.001006339461364,0.025,0.0,-0.03,0.0,1.0,0.0,0.015
48,1.5999852260817913,79,0.0035727884663296545,0.0,-0.025864656578188584,0.004135343421811415,0.010864656578188584,21.729313156377167,-0.003925153884612832,0.0037044978786203854,13.0375878938263,0.025,0.0,-0.03,0.0,1.0,0.0,0.015
48,1.5999852260817913,80,0.0026780514983704208,0.0,-0.026737698402675873,0.0032623015973241264,0.011737698402675873,23.475396805351746,0.002267749167892625,0.0026731732872293423,14.085238083211047,0.025,0.0,-0.03,0.0,1.0,0.0,0.015
49,1.6333182516251619,0,0.0,0.0,-0.02,0.009999999999999998,0.005000000000000001,10.000000000000002,0.0,0.0,6.000000000000001,0.025,0.0,-0.03,0.0,1.0,0.0,0.015
49,1.6333182516251619,1,0.001233353946718618,0.0,-0.019993832282522262,0.010006167717477737,0.004993832282522263,9.987664565044525,-0.0006135041325148762,0.009990801069022755,5.9925987390267155,0.025,0.0,-0.03,0.0,1.0,0.0,0.015
49,1.6333182516251619,2,0.002463394992986797,0.0,-0.01991122414433951,0.010088775855660488,0.004911224144339511,9.822448288679023,0.002085869323315107,0.019666781913484404,5.893468973207414,0.025,0.0,-0.03,0.0,1.0,0.0,0.015
49,1.6333182516251619,3,0.003687851986957223,0.0,-0.019754365251032396,0.010245634748967603,0.004754365251032396,9.508730502064793,-0.004438350720936088,0.02874501207761371,5.705238301238876,0.025,0.0,-0.03,0.0,1.0,0.0,0.015
49,1.6333182516251619,4,0.004899348018709244,0.0,-0.019527035252003,0.010472964747996999,0.0045270352520030005,9.054070504006,0.007543325345385713,0.036940021098813815,5.4324423024036,0.025,0.0,-0.03,0.0,1.0,0.0,0.015
49,1.6333182516251619,5,0.0060993915154635096,0.0,-0.019232451931572667,0.010767548068427332,0.004232451931572668,8.464903863145336,-0.011232176349483399,0.04412943495279533,5.0789423178872015,0.025,0.0,-0.03,0.0,1.0,0.0,0.015
49,1.6333182516251619,6,0.0072796851014249086,0.0,-0.01887673678663264,0.01112326321336736,0.0038767367866326397,7.753473573265279,0.015193129436344226,0.050180571354117666,4.652084143959168,0.025,0.0,-0.03,0.0,1.0,0.0,0.015
49,1.6333182516251619,7,0.008445392537848238,0.0,-0.018463272324045744,0.011536727675954254,0.003463272324045745,6.92654464809149,-0.0192775027773516,0.055138920184471606,4.155926788854893,0.025,0.0,-0.03,0.0,1.0,0.0,0.015
49,1.6333182516251619,8,0.009588167594284741,0.0,-0.018000251937867542,0.011999748062132456,0.003000251937867543,6.000503875735086,0.023179170035091217,0.059008765175997555,3.6003023254410516,0.025,0.0,-0.03,0.0,1.0,0.0,0.015
49,1.6333182516251619,9,0.010716306313297844,0.0,-0.017490598876684683,0.012509401123315316,0.0024905988766846833,4.981197753369367,-0.026824965390284568,0.061946777896790595,2.98871865202162,0.025,0.0,-0.03,0.0,1.0,0.0,0.015
49,1.6333182516251619,10,0.011822007210958543,0.0,-0.016944091683813188,0.01305590831618681,0.0019440916838131886,3.888183367626377,0.029903314964784492,0.06406414325060666,2.332910020575826,0.025,0.0,-0.03,0.0,1.0,0.0,0.015
49,1.6333182516251619,11,0.012915959921521093,0.0,-0.01636290191921647,0.01363709808078353,0.00136290191921647,2.72580383843294,-0.031702150218881356,0.06591497070523782,1.6354823030597638,0.025,0.0,-0.03,0.0,1.0,0.0,0.015
49,1.6333182516251619,12,0.013991848833560229,0.0,-0.01575896285335185,0.01424103714664815,0.0007589628533518494,1.5179257067036989,0.034554726732096606,0.06577879871070001,0.9107554240222193,0.025,0.0,-0.03,0.0,1.0,0.0,0.015
49,1.6333182516251619,13,0.015062812678670781,0.0,-0.015135448916578807,0.014864551083421192,0.00013544891657880746,0.27089783315761495,-0.036341577104124535,0.06578115894823039,0.16253869989456896,0.025,0.0,-0.03,0.0,1.0,0.0,0.015
49,1.6333182516251619,67,0.014199532888675639,0.0,-0.015542138604641468,0.014457861395358531,0.0005421386046414681,1.0842772092829362,-0.0012767723547462528,0.0013399123463671355,0.6505663255697617,0.025,0.0,-0.03,0.0,1.0,0.0,0.015
49,1.6333182516251619,68,0.013308314262860695,0.0,-0.016399829286626415,0.013600170713373584,0.0013998292866264153,2.7996585732528305,0.00031786683170980745,0.00029773657330497543,1.6797951439516983,0.025,0.0,-0.03,0.0,1.0,0.0,0.015
49,1.6333182516251619,69,0.012418481812706567,0.0,-0.01725882839119804,0.01274117160880196,0.00225882839119804,4.51765678239608,-0.0015765374795976728,0.001624942521505979,2.710594069437648,0.025,0.0,-0.03,0.0,1.0,0.0,0.015
49,1.6333182516251619,70,0.011530379974788799,0.0,-0.01811991845960238,0.01188008154039762,0.0031199184596023798,6.23983691920476,0.0005409915120337603,0.0005790578529281819,3.743902151522856,0.025,0.0,-0.03,0.0,1.0,0.0,0.015
49,1.6333182516251619,71,0.010643444106842195,0.0,-0.018981995557876732,0.011018004442123266,0.003981995557876733,7.9639911157534655,-0.001759642312497634,0.0017873591076214982,4.778394669452079,0.025,0.0,-0.03,0.0,1.0,0.0,0.015
49,1.6333182516251619,72,0.009756579204893277,0.0,-0.019844392705903685,0.010155607294096314,0.004844392705903686,9.688785411807372,0.0006282032324487742,0.0006850182927961353,5.8132712470844226,0.025,0.0,-0.03,0.0,1.0,0.0,0.015
49,1.6333182516251619,73,0.008870061394408171,0.0,-0.020706882929697135,0.009293117070302864,0.005706882929697135,11.413765859394271,-0.0018432768452338708,0.0018383898769878115,6.848259515636562,0.025,0.0,-0.03,0.0,1.0,0.0,0.015
49,1.6333182516251619,74,0.007983644044432957,0.0,-0.021569745767626575,0.008430254232373424,0.006569745767626575,13.13949153525315,0.0006486049523281938,0.0007370387433217671,7.883694921151889,0.025,0.0,-0.03,0.0,1.0,0.0,0.015
49,1.6333182516251619,75,0.007097619600820821,0.0,-0.022432733850361174,0.007567266149638825,0.007432733850361174,14.865467700722348,-0.001865257154030929,0.001826846282866991,8.919280620433408,0.025,0.0,-0.03,0.0,1.0,0.0,0.015
49,1.6333182516251619,76,0.006211728705088516,0.0,-0.02329613482991288,0.006703865170087118,0.008296134829912882,16.592269659825764,0.000606546195574337,0.0007250110258775339,9.955361795895458,0.025,0.0,-0.03,0.0,1.0,0.0,0.015
49,1.6333182516251619,77,0.005326263661181532,0.0,-0.02415969603735567,0.00584030396264433,0.009159696037355669,18.319392074711338,-0.0018243457736530368,0.0017508122534778594,10.991635244826803,0.025,0.0,-0.03,0.0,1.0,0.0,0.015
49,1.6333182516251619,78,0.004440968062791322,0.0,-0.0250236969438971,0.004976303056102898,0.010023696943897101,20.047393887794204,0.000502174167629698,0.0006487797479793208,12.028436332676522,0.025,0.0,-0.03,0.0,1.0,0.0,0.015
49,1.6333182516251619,79,0.0035561174391542747,0.0,-0.025887894836301745,0.004112105163698254,0.010887894836301745,21.77578967260349,-0.0017215808316469144,0.0016126559613293147,13.065473803562094,0.025,0.0,-0.03,0.0,1.0,0.0,0.015
49,1.6333182516251619,80,0.0026618030923938486,0.0,-0.026761343384293892,0.003238656615706107,0.011761343384293892,23.522686768587786,0.00038098420797583177,0.0005587048598287437,14.11361206115267,0.025,0.0,-0.03,0.0,1.0,0.0,0.015
50,1.6666512771685325,0,0.0,0.0,-0.02,0.009999999999999998,0.005000000000000001,10.000000000000002,0.0,0.0,6.000000000000001,0.025,0.0,-0.03,0.0,1.0,0.0,0.015
50,1.6666512771685325,1,0.001233319509579883,0.0,-0.019993863954376374,0.010006136045623625,0.004993863954376374,9.987727908752749,0.0004875352614966089,0.0108408339167343,5.992636745251649,0.025,0.0,-0.03,0.0,1.0,0.0,0.015
50,1.6666512771685325,2,0.002463395896197978,0.0,-0.0199112983626483,0.010088701637351698,0.004911298362648302,9.822596725296604,-0.001946297939151813,0.021323854459307696,5.893558035177962,0.025,0.0,-0.03,0.0,1.0,0.0,0.015
50,1.6666512771685325,3,0.0036877584274569238,0.0,-0.01975450142269045,0.01024549857730955,0.00475450142269045,9.5090028453809,0.004512504001802901,0.03111286444234514,5.70540170722854,0.025,0.0,-0.03,0.0,1.0,0.0,0.015
50,1.6666512771685325,4,0.00489935627035588,0.0,-0.019527207384749938,0.01047279261525006,0.004527207384749939,9.054414769499877,-0.007949948301105,0.039924837762646326,5.432648861699926,0.025,0.0,-0.03,0.0,1.0,0.0,0.015
50,1.6666512771685325,5,0.006099255191623193,0.0,-0.019232705567350003,0.010767294432649996,0.004232705567350004,8.465411134700007,0.01196712816989615,0.0476020817211125,5.079246680820004,0.025,0.0,-0.03,0.0,1.0,0.0,0.015
50,1.6666512771685325,6,0.007279699382631839,0.0,-0.018876989988840902,0.011123010011159097,0.0038769899888409023,7.753979977681805,-0.016324693098296844,0.05403796370925157,4.6523879866090825,0.025,0.0,-0.03,0.0,1.0,0.0,0.015
50,1.6666512771685325,7,0.008445220604495825,0.0,-0.018463615549617805,0.011536384450382194,0.003463615549617806,6.927231099235612,0.02072641961581853,0.05925100328545473,4.156338659541367,0.025,0.0,-0.03,0.0,1.0,0.0,0.015
50,1.6666512771685325,8,0.009588171668796627,0.0,-0.018000543132485874,0.011999456867514125,0.0030005431324858743,6.0010862649717485,-0.02498967841011068,0.06329493890432218,3.600651758983049,0.025,0.0,-0.03,0.0,1.0,0.0,0.015
50,1.6666512771685325,9,0.010716089378276051,0.0,-0.017490978437052097,0.012509021562947902,0.0024909784370520972,4.981956874104195,0.028886627242226022,0.06629378054501878,2.9891741244625165,0.025,0.0,-0.03,0.0,1.0,0.0,0.015
50,1.6666512771685325,10,0.011821969957729104,0.0,-0.016944364253245643,0.013055635746754356,0.0019443642532456437,3.8887285064912875,-0.032384713497610754,0.06836871367361536,2.3332371038947723,0.025,0.0,-0.03,0.0,1.0,0.0,0.015
50,1.6666512771685325,11,0.012915674873414796,0.0,-0.016363257402678126,0.013636742597321873,0.0013632574026781266,2.726514805356253,0.03589360169474349,0.06938185729994623,1.6359088832137518,0.025,0.0,-0.03,0.0,1.0,0.0,0.015
50,1.6666512771685325,12,0.013991722964237929,0.0,-0.015759163604060815,0.014240836395939184,0.0007591636040608155,1.5183272081216308,-0.035852256906307216,0.06803189144454969,0.9109963248729784,0.025,0.0,-0.03,0.0,1.0,0.0,0.015
50,1.6666512771685325,13,0.015062433544024655,0.0,-0.01513569762071394,0.014864302379286059,0.0001356976207139409,0.27139524142788185,0.03656981529843326,0.06678317857906887,0.1628371448567291,0.025,0.0,-0.03,0.0,1.0,0.0,0.015
50,1.6666512771685325,67,0.01417999006772697,0.0,-0.015560015574702416,0.014439984425297583,0.0005600155747024164,1.1200311494048327,-8.380060965228248e-05,0.00012064681037059431,0.6720186896428996,0.025,0.0,-0.03,0.0,1.0,0.0,0.015
50,1.6666512771685325,68,0.013288979628765024,0.0,-0.016417906841884898,0.0135820931581151,0.0014179068418848986,2.835813683769797,-0.0008607545815194845,0.0009010245198618701,1.7014882102618782,0.025,0.0,-0.03,0.0,1.0,0.0,0.015
50,1.6666512771685325,69,0.012399342652186581,0.0,-0.01727714888943818,0.01272285111056182,0.002277148889438179,4.554297778876358,-0.0002940721962443031,0.00031020154805874755,2.732578667325815,0.025,0.0,-0.03,0.0,1.0,0.0,0.015
50,1.6666512771685325,70,0.01151146412780046,0.0,-0.018138442379447433,0.011861557620552566,0.0031384423794474335,6.276884758894867,-0.0007012204092686174,0.0007160064889498236,3.76613085533692,0.025,0.0,-0.03,0.0,1.0,0.0,0.015
50,1.6666512771685325,71,0.010624714919254806,0.0,-0.01900074240776011,0.010999257592239887,0.004000742407760112,8.001484815520223,-0.00035179782845708195,0.00035111837358134336,4.800890889312134,0.025,0.0,-0.03,0.0,1.0,0.0,0.015
50,1.6666512771685325,72,0.009738071409327496,0.0,-0.019863334220302894,0.010136665779697105,0.004863334220302894,9.726668440605788,-0.0007649117966183875,0.0007652324407491023,5.836001064363473,0.025,0.0,-0.03,0.0,1.0,0.0,0.015
50,1.6666512771685325,73,0.008851743187835716,0.0,-0.020726053776219534,0.009273946223780465,0.005726053776219535,11.45210755243907,-0.0003163161837307803,0.00029445119513935584,6.871264531463442,0.025,0.0,-0.03,0.0,1.0,0.0,0.015
50,1.6666512771685325,74,0.007965551547654546,0.0,-0.021589112911429762,0.008410887088570237,0.006589112911429763,13.178225822859526,-0.0008100337827818055,0.0007912132919326307,7.906935493715715,0.025,0.0,-0.03,0.0,1.0,0.0,0.015
50,1.6666512771685325,75,0.007079717280845319,0.0,-0.022452332219781473,0.007547667780218526,0.007452332219781473,14.904664439562946,-0.0003023469209921543,0.00026025028932962673,8.942798663737767,0.025,0.0,-0.03,0.0,1.0,0.0,0.015
50,1.6666512771685325,76,0.006194051950682536,0.0,-0.023315928630505793,0.006684071369494206,0.008315928630505794,16.631857261011586,-0.0008329139196444786,0.0007942509830047446,9.979114356606951,0.025,0.0,-0.03,0.0,1.0,0.0,0.015
50,1.6666512771685325,77,0.005308775332883239,0.0,-0.02417971837172049,0.005820281628279508,0.009179718371720491,18.35943674344098,-0.00031067776643363453,0.00024919231756522165,11.015662046064588,0.025,0.0,-0.03,0.0,1.0,0.0,0.015
50,1.6666512771685325,78,0.004423700672708617,0.0,-0.025043911373281248,0.004956088626718751,0.010043911373281249,20.087822746562498,-0.000833449370310111,0.0007746913648911292,12.052693647937499,0.025,0.0,-0.03,0.0,1.0,0.0,0.015
50,1.6666512771685325,79,0.0035390344166554575,0.0,-0.025908330605267444,0.004091669394732555,0.010908330605267445,21.81666121053489,-0.00034040163825306243,0.0002603869737791754,13.089996726320933,0.025,0.0,-0.03,0.0,1.0,0.0,0.015
50,1.6666512771685325,80,0.002644967650955196,0.0,-0.026782001450649927,0.003217998549350072,0.011782001450649927,23.564002901299855,-0.0008234969780584213,0.0007439393709771682,14.138401740779912,0.025,0.0,-0.03,0.0,1.0,0.0,0.015
51,1.699984302711903,0,0.0,0.0,-0.02,0.009999999999999998,0.005000000000000001,10.000000000000002,0.0,0.0,6.000000000000001,0.025,0.0,-0.03,0.0,1.0,0.0,0.015
51,1.699984302711903,1,0.001233212062750481,0.0,-0.01999389464923343,0.01000610535076657,0.00499389464923343,9.98778929846686,0.001134547136188278,0.022326319874700195,5.992673579080115,0.025,0.0,-0.03,0.0,1.0,0.0,0.015
51,1.699984302711903,2,0.002463545426795601,0.0,-0.01991134473683028,0.01008865526316972,0.004911344736830279,9.822689473660558,-0.0042428438448930085,0.04393563766470922,5.8936136841963345,0.025,0.0,-0.03,0.0,1.0,0.0,0.015
51,1.699984302711903,3,0.003687453769275409,0.0,-0.01975464686095888,0.010245353139041118,0.004754646860958882,9.509293721917764,0.009513501256862646,0.06413441515803123,5.7055762331506585,0.025,0.0,-0.03,0.0,1.0,0.0,0.015
51,1.699984302711903,4,0.0048996414448486385,0.0,-0.01952729047692362,0.010472709523076378,0.004527290476923622,9.054580953847244,-0.01654997747977514,0.08235482156525115,5.432748572308347,0.025,0.0,-0.03,0.0,1.0,0.0,0.015
51,1.699984302711903,5,0.006098792868831476,0.0,-0.01923299854998973,0.01076700145001027,0.004232998549989729,8.465997099979457,0.02480363530158611,0.09824636754261833,5.079598259987674,0.025,0.0,-0.03,0.0,1.0,0.0,0.015
51,1.699984302711903,6,0.007280087079823818,0.0,-0.018877077989252707,0.011122922010747292,0.003877077989252707,7.754155978505414,-0.033747393429315646,0.11161036484709518,4.6524935871032485,0.025,0.0,-0.03,0.0,1.0,0.0,0.015
51,1.699984302711903,7,0.008444640386493217,0.0,-0.01846404246910956,0.011535957530890439,0.0034640424691095607,6.928084938219121,0.04282251388850474,0.12245726289629623,4.156850962931473,0.025,0.0,-0.03,0.0,1.0,0.0,0.015
51,1.699984302711903,8,0.00958861415105702,0.0,-0.01800059900343008,0.011999400996569917,0.0030005990034300822,6.0011980068601645,-0.05159725454604399,0.13091021458916927,3.6007188041160987,0.025,0.0,-0.03,0.0,1.0,0.0,0.015
51,1.699984302711903,9,0.01071541681959961,0.0,-0.01749149335087651,0.01250850664912349,0.0024914933508765093,4.982986701753019,0.059652891269725235,0.13721285024658308,2.989792021051811,0.025,0.0,-0.03,0.0,1.0,0.0,0.015
51,1.699984302711903,10,0.011822413402891549,0.0,-0.016944354029085826,0.013055645970914173,0.0019443540290858263,3.8887080581716527,-0.06675687340473464,0.14165621397340783,2.3332248349029916,0.025,0.0,-0.03,0.0,1.0,0.0,0.015
51,1.699984302711903,11,0.012914917961256284,0.0,-0.01636379994952574,0.013636200050474258,0.0013637999495257416,2.727599899051483,0.07282787818055077,0.14446292932983099,1.6365599394308898,0.025,0.0,-0.03,0.0,1.0,0.0,0.015
51,1.699984302711903,12,0.013992100125445786,0.0,-0.01575907074327114,0.01424092925672886,0.0007590707432711397,1.5181414865422793,-0.07505749375987966,0.1425684994116211,0.9108848919253676,0.025,0.0,-0.03,0.0,1.0,0.0,0.015
51,1.699984302711903,13,0.01506161085711664,0.0,-0.015136185923746033,0.014863814076253966,0.00013618592374603326,0.27237184749206655,0.07742810726250383,0.14090801991358556,0.16342310849523992,0.025,0.0,-0.03,0.0,1.0,0.0,0.015
51,1.699984302711903,67,0.014161664741627888,0.0,-0.015576969190279958,0.014423030809720041,0.0005769691902799585,1.153938380559917,0.0005253619419796813,0.0005021848264806812,0.6923630283359502,0.025,0.0,-0.03,0.0,1.0,0.0,0.015
51,1.699984302711903,68,0.013270798855045663,0.0,-0.016434995470076603,0.013565004529923395,0.001434995470076604,2.869990940153208,-0.0014537089286187895,0.0015030830742591846,1.721994564091925,0.025,0.0,-0.03,0.0,1.0,0.0,0.015
51,1.699984302711903,69,0.012381292780580705,0.0,-0.01729441158376557,0.01270558841623443,0.0022944115837655703,4.588823167531141,0.00039472776620226243,0.0003959316222377516,2.7532939005186843,0.025,0.0,-0.03,0.0,1.0,0.0,0.015
51,1.699984302711903,70,0.011493569839211432,0.0,-0.018155839122162173,0.011844160877837826,0.0031558391221621733,6.311678244324346,-0.0013556170821525978,0.0013977050494287057,3.7870069465946075,0.025,0.0,-0.03,0.0,1.0,0.0,0.015
51,1.699984302711903,71,0.010606938459671967,0.0,-0.019018290614100094,0.010981709385899905,0.0040182906141000944,8.03658122820019,0.00041470838311011233,0.0004316696939819951,4.821948736920113,0.025,0.0,-0.03,0.0,1.0,0.0,0.015
51,1.699984302711903,72,0.009720445604977023,0.0,-0.019881004998081007,0.010118995001918991,0.004881004998081008,9.762009996162016,-0.0014975258026051399,0.001525996647309843,5.85720599769721,0.025,0.0,-0.03,0.0,1.0,0.0,0.015
51,1.699984302711903,73,0.008834235993445494,0.0,-0.020743880129468123,0.009256119870531876,0.0057438801294681235,11.487760258936246,0.0005109313671487087,0.000543196799395852,6.892656155361748,0.025,0.0,-0.03,0.0,1.0,0.0,0.015
51,1.699984302711903,74,0.007948197553521386,0.0,-0.0216070618444428,0.008392938155557198,0.006607061844442801,13.214123688885602,-0.0015755485537119365,0.001590982174185954,7.928474213331361,0.025,0.0,-0.03,0.0,1.0,0.0,0.015
51,1.699984302711903,75,0.007062481352080087,0.0,-0.02247043745135701,0.007529562548642989,0.007470437451357011,14.940874902714022,0.0005419322718216942,0.0005877359316020278,8.964524941628413,0.025,0.0,-0.03,0.0,1.0,0.0,0.015
51,1.699984302711903,76,0.006176968414426212,0.0,-0.023334155044938746,0.006665844955061253,0.008334155044938747,16.668310089877494,-0.0015869170896510953,0.0015874530387748325,10.000986053926496,0.025,0.0,-0.03,0.0,1.0,0.0,0.015
51,1.699984302711903,77,0.005291808039733035,0.0,-0.024198098392428157,0.005801901607571842,0.009198098392428158,18.396196784856315,0.0005059791764234075,0.0005632623360698823,11.037718070913789,0.025,0.0,-0.03,0.0,1.0,0.0,0.015
51,1.699984302711903,78,0.004406881619617443,0.0,-0.02506240982079758,0.004937590179202419,0.01006240982079758,20.12481964159516,-0.0015315948299420628,0.0015159014220719235,12.074891784957096,0.025,0.0,-0.03,0.0,1.0,0.0,0.015
51,1.699984302711903,79,0.003522328541898728,0.0,-0.025926976637247922,0.004073023362752077,0.010926976637247923,21.853953274495844,0.00040506382784312456,0.00047237132868629543,13.112371964697505,0.025,0.0,-0.03,0.0,1.0,0.0,0.015
51,1.699984302711903,80,0.002628420878657499,0.0,-0.026800779944065475,0.0031992200559345235,0.011800779944065476,23.60155988813095,-0.00145201731155512,0.0014204067485700073,14.16093593287857,0.025,0.0,-0.03,0.0,1.0,0.0,0.015
52,1.7333173282552738,0,0.0,0.0,-0.02,0.009999999999999998,0.005000000000000001,10.000000000000002,0.0,0.0,6.000000000000001,0.025,0.0,-0.03,0.0,1.0,0.0,0.015
52,1.7333173282552738,1,0.001233095913227859,0.0,-0.019993922688427986,0.010006077311572013,0.004993922688427986,9.987845376855972,0.0012035524625197197,0.022701724407182038,5.992707226113583,0.025,0.0,-0.03,0.0,1.0,0.0,0.015
52,1.7333173282552738,2,0.0024637158564103073,0.0,-0.019911380024112288,0.010088619975887711,0.0049113800241122885,9.822760048224577,-0.004405722313133852,0.04468757398761121,5.893656028934746,0.025,0.0,-0.03,0.0,1.0,0.0,0.015
52,1.7333173282552738,3,0.003687123193952031,0.0,-0.019754781582762698,0.0102452184172373,0.004754781582762699,9.509563165525398,0.009756639358408866,0.06523602873291527,5.705737899315238,0.025,0.0,-0.03,0.0,1.0,0.0,0.015
52,1.7333173282552738,4,0.004899964759158083,0.0,-0.01952734376898384,0.010472656231016158,0.0045273437689838415,9.054687537967682,-0.016900145376465066,0.08379997783492735,5.432812522780609,0.025,0.0,-0.03,0.0,1.0,0.0,0.015
52,1.7333173282552738,5,0.006098289123741602,0.0,-0.019233273685036828,0.010766726314963171,0.0042332736850368285,8.466547370073657,0.025278917057221094,0.0999821828209716,5.079928422044194,0.025,0.0,-0.03,0.0,1.0,0.0,0.015
52,1.7333173282552738,6,0.007280525362502252,0.0,-0.0188771162769163,0.011122883723083697,0.0038771162769163023,7.754232553832605,-0.03437029953842182,0.11362307040678966,4.652539532299563,0.025,0.0,-0.03,0.0,1.0,0.0,0.015
52,1.7333173282552738,7,0.00844400730697988,0.0,-0.01846444907297077,0.01153555092702923,0.0034644490729707697,6.928898145941539,0.04359322202190592,0.12468683578159874,4.157338887564923,0.025,0.0,-0.03,0.0,1.0,0.0,0.015
52,1.7333173282552738,8,0.009589116433705316,0.0,-0.01800059035464245,0.011999409645357548,0.0030005903546424517,6.001180709284903,-0.052524454507814206,0.13333841497862553,3.600708425570942,0.025,0.0,-0.03,0.0,1.0,0.0,0.015
52,1.7333173282552738,9,0.010714686337090183,0.0,-0.017491992359499137,0.012508007640500862,0.0024919923594991372,4.983984718998275,0.06071767022979147,0.13978809952088264,2.990390831398965,0.025,0.0,-0.03,0.0,1.0,0.0,0.015
52,1.7333173282552738,10,0.011822925918886912,0.0,-0.01694427458585703,0.01305572541414297,0.0019442745858570289,3.888549171714058,-0.06791305540709526,0.14437826704021942,2.3331295030284345,0.025,0.0,-0.03,0.0,1.0,0.0,0.015
52,1.7333173282552738,11,0.012914105031821933,0.0,-0.01636433681704203,0.013635663182957967,0.001364336817042032,2.728673634084064,0.07363291328354611,0.1475030279061877,1.6372041804504385,0.025,0.0,-0.03,0.0,1.0,0.0,0.015
52,1.7333173282552738,12,0.013992560098817865,0.0,-0.015758915348872818,0.014241084651127181,0.0007589153488728184,1.5178306977456368,-0.07679844268054123,0.14592098269220494,0.9106984186473821,0.025,0.0,-0.03,0.0,1.0,0.0,0.015
52,1.7333173282552738,13,0.015060743894402314,0.0,-0.015136695664684115,0.014863304335315883,0.00013669566468411595,0.2733913293682319,0.07954791976168203,0.1445779534515461,0.16403479762093914,0.025,0.0,-0.03,0.0,1.0,0.0,0.015
52,1.7333173282552738,67,0.014144435642621826,0.0,-0.015593018387097885,0.014406981612902114,0.0005930183870978857,1.1860367741957714,0.0007054907840874871,0.0006883009423579064,0.7116220645174628,0.025,0.0,-0.03,0.0,1.0,0.0,0.015
52,1.7333173282552738,68,0.013253678718473038,0.0,-0.016451146759228836,0.013548853240771163,0.0014511467592288364,2.902293518457673,-0.001612188193447844,0.0016624478827557355,1.7413761110746038,0.025,0.0,-0.03,0.0,1.0,0.0,0.015
52,1.7333173282552738,69,0.01236427131659484,0.0,-0.017310698305060174,0.012689301694939824,0.002310698305060175,4.62139661012035,0.0006382072123146515,0.0006457381764878019,2.77283796607221,0.025,0.0,-0.03,0.0,1.0,0.0,0.015
52,1.7333173282552738,70,0.011476666520083896,0.0,-0.01817222538694889,0.011827774613051109,0.0031722253869488903,6.344450773897781,-0.0015647969678028093,0.0016163897972555211,3.8066704643386684,0.025,0.0,-0.03,0.0,1.0,0.0,0.015
52,1.7333173282552738,71,0.01059011927941695,0.0,-0.0190347893230222,0.0109652106769778,0.0040347893230222,8.0695786460444,0.0006966575556202085,0.0007191248360755249,4.84174718762664,0.025,0.0,-0.03,0.0,1.0,0.0,0.015
52,1.7333173282552738,72,0.00970373829936711,0.0,-0.01989759106662717,0.010102408933372827,0.004897591066627172,9.795182133254345,-0.0017284085824558868,0.0017667699030028384,5.877109279952607,0.025,0.0,-0.03,0.0,1.0,0.0,0.015
52,1.7333173282552738,73,0.008817612875418514,0.0,-0.0207605814637426,0.009239418536257399,0.005760581463742601,11.521162927485202,0.0008099835811420635,0.0008443104999125241,6.912697756491121,0.025,0.0,-0.03,0.0,1.0,0.0,0.015
52,1.7333173282552738,74,0.007931687878371714,0.0,-0.02162385000582764,0.008376149994172358,0.006623850005827641,13.247700011655281,-0.0018134046997830833,0.001841904080678643,7.948620006993169,0.025,0.0,-0.03,0.0,1.0,0.0,0.015
52,1.7333173282552738,75,0.007046054943444268,0.0,-0.022487340992968608,0.007512659007031391,0.007487340992968609,14.974681985937217,0.000844446112645528,0.0008887378721454713,8.984809191562329,0.025,0.0,-0.03,0.0,1.0,0.0,0.015
52,1.7333173282552738,76,0.006160654345233129,0.0,-0.02335114386484405,0.0066488561351559505,0.008351143864844049,16.7022877296881,-0.0018179722727623003,0.0018344330792896618,10.021372637812858,0.025,0.0,-0.03,0.0,1.0,0.0,0.015
52,1.7333173282552738,77,0.00527557540418417,0.0,-0.024215199998970992,0.005784800001029006,0.009215199998970993,18.430399997941986,0.0007981361501004332,0.0008499878505940072,11.058239998765192,0.025,0.0,-0.03,0.0,1.0,0.0,0.015
52,1.7333173282552738,78,0.004390757570483518,0.0,-0.02507959419041102,0.004920405809588978,0.010079594190411021,20.15918838082204,-0.0017421449904034658,0.0017449186789098062,12.095513028493224,0.025,0.0,-0.03,0.0,1.0,0.0,0.015
52,1.7333173282552738,79,0.003506283220072192,0.0,-0.025944268575313057,0.004055731424686942,0.010944268575313058,21.888537150626114,0.0006733977659512946,0.0007311968269373851,13.133122290375669,0.025,0.0,-0.03,0.0,1.0,0.0,0.015
52,1.7333173282552738,80,0.002612488210384361,0.0,-0.026818161316563324,0.0031818386834366746,0.011818161316563325,23.63632263312665,-0.0016384218483903622,0.001628216779023784,14.18179357987599,0.025,0.0,-0.03,0.0,1.0,0.0,0.015
53,1.7666503537986444,0,0.0,0.0,-0.02,0.009999999999999998,0.005000000000000001,10.000000000000002,0.0,0.0,6.000000000000001,0.025,0.0,-0.03,0.0,1.0,0.0,0.015
53,1.7666503537986444,1,0.0012330110516692355,0.0,-0.019993946882287634,0.010006053117712365,0.004993946882287634,9.987893764575269,0.0008706449069543368,0.01569631096018786,5.992736258745161,0.025,0.0,-0.03,0.0,1.0,0.0,0.015
53,1.7666503537986444,2,0.002463828040820404,0.0,-0.01991141474866468,0.010088585251335318,0.004911414748664682,9.822829497329364,-0.0031174639516289584,0.03090628223146176,5.893697698397618,0.025,0.0,-0.03,0.0,1.0,0.0,0.015
53,1.7666503537986444,3,0.003686881923117893,0.0,-0.019754892925432345,0.010245107074567654,0.0047548929254323455,9.509785850864692,0.006809760579972157,0.04512294989684027,5.705871510518815,0.025,0.0,-0.03,0.0,1.0,0.0,0.015
53,1.7666503537986444,4,0.0049001782044106644,0.0,-0.019527404095722425,0.010472595904277574,0.004527404095722425,9.05480819144485,-0.011741263527800432,0.05798458957730802,5.43288491486691,0.025,0.0,-0.03,0.0,1.0,0.0,0.015
53,1.7666503537986444,5,0.0060979211751201225,0.0,-0.019233495289937723,0.010766504710062276,0.0042334952899377234,8.466990579875446,0.017522248099080283,0.06919339276534042,5.080194347925268,0.025,0.0,-0.03,0.0,1.0,0.0,0.015
53,1.7666503537986444,6,0.007280814080795353,0.0,-0.01887717660703974,0.011122823392960259,0.003877176607039741,7.754353214079482,-0.02380758884854433,0.07866299465495592,4.652611928447689,0.025,0.0,-0.03,0.0,1.0,0.0,0.015
53,1.7666503537986444,7,0.008443542932755501,0.0,-0.018464770689089076,0.011535229310910923,0.0034647706890890764,6.929541378178153,0.030178512728393687,0.0863411149915681,4.157724826906891,0.025,0.0,-0.03,0.0,1.0,0.0,0.015
53,1.7666503537986444,8,0.009589443758093464,0.0,-0.018000623330403948,0.011999376669596051,0.003000623330403948,6.0012466608078965,-0.036362650667090324,0.09236564958141635,3.6007479964847375,0.025,0.0,-0.03,0.0,1.0,0.0,0.015
53,1.7666503537986444,9,0.010714146118723728,0.0,-0.01749238144862247,0.012507618551377529,0.002492381448622471,4.984762897244941,0.04202656883194286,0.0968576054558095,2.9908577383469646,0.025,0.0,-0.03,0.0,1.0,0.0,0.015
53,1.7666503537986444,10,0.011823252191075795,0.0,-0.016944258518377088,0.013055741481622911,0.0019442585183770886,3.8885170367541773,-0.046982174581846205,0.10008795515620218,2.333110222052506,0.025,0.0,-0.03,0.0,1.0,0.0,0.015
53,1.7666503537986444,11,0.012913496371417619,0.0,-0.01636474913977152,0.01363525086022848,0.0013647491397715192,2.7294982795430385,0.0505824067060048,0.10245703113501724,1.6376989677258231,0.025,0.0,-0.03,0.0,1.0,0.0,0.015
53,1.7666503537986444,12,0.013992840999983049,0.0,-0.01575884159432045,0.01424115840567955,0.0007588415943204502,1.5176831886409003,-0.05347086060895742,0.10163333217097727,0.9106099131845402,0.025,0.0,-0.03,0.0,1.0,0.0,0.015
53,1.7666503537986444,13,0.015060084084411902,0.0,-0.015137089166776979,0.01486291083322302,0.00013708916677697934,0.2741783335539587,0.055630815283590866,0.10096803958340551,0.1645070001323752,0.025,0.0,-0.03,0.0,1.0,0.0,0.015
53,1.7666503537986444,67,0.014128216066330941,0.0,-0.015608197062974413,0.014391802937025586,0.0006081970629744134,1.216394125948827,0.0006088716204030949,0.0005931550157675029,0.7298364755692961,0.025,0.0,-0.03,0.0,1.0,0.0,0.015
53,1.7666503537986444,68,0.01323754595076006,0.0,-0.016466410207131923,0.013533589792868075,0.001466410207131924,2.932820414263848,-0.0014871898654684314,0.0015329851895089952,1.7596922485583089,0.025,0.0,-0.03,0.0,1.0,0.0,0.015
53,1.7666503537986444,69,0.012348220438344236,0.0,-0.01732607293622873,0.012673927063771268,0.002326072936228732,4.652145872457464,0.000586383361049827,0.0005930766990248919,2.791287523474478,0.025,0.0,-0.03,0.0,1.0,0.0,0.015
53,1.7666503537986444,70,0.01146071065454597,0.0,-0.018187681646609777,0.011812318353390222,0.0031876816466097774,6.3753632932195545,-0.0014763561033835396,0.001525915877108756,3.8252179759317326,0.025,0.0,-0.03,0.0,1.0,0.0,0.015
53,1.7666503537986444,71,0.010574230551160406,0.0,-0.019050334260692053,0.010949665739307946,0.004050334260692054,8.100668521384108,0.0006543663792889287,0.0006747011726156378,4.8604011128304645,0.025,0.0,-0.03,0.0,1.0,0.0,0.015
53,1.7666503537986444,72,0.009687937664926288,0.0,-0.019913205613262392,0.010086794386737607,0.004913205613262393,9.826411226524785,-0.001623799057581555,0.0016609475703010372,5.895846735914871,0.025,0.0,-0.03,0.0,1.0,0.0,0.015
53,1.7666503537986444,73,0.008801879294057029,0.0,-0.020776286637872437,0.009223713362127562,0.005776286637872437,11.552573275744875,0.0007561033139192434,0.0007860460331489036,6.931543965446925,0.025,0.0,-0.03,0.0,1.0,0.0,0.015
53,1.7666503537986444,74,0.00791604332150768,0.0,-0.021639624170584553,0.008360375829415446,0.006639624170584554,13.279248341169108,-0.0016984005764984099,0.0017274214462525584,7.967549004701464,0.025,0.0,-0.03,0.0,1.0,0.0,0.015
53,1.7666503537986444,75,0.007030476457849008,0.0,-0.022503205532557247,0.007496794467442752,0.007503205532557247,15.006411065114495,0.000785397221816293,0.0008233237879736134,9.003846639068696,0.025,0.0,-0.03,0.0,1.0,0.0,0.015
53,1.7666503537986444,76,0.006145163650733854,0.0,-0.0233670758465397,0.006632924153460298,0.008367075846539701,16.7341516930794,-0.001699211878632671,0.0017181613215728185,10.04049101584764,0.025,0.0,-0.03,0.0,1.0,0.0,0.015
53,1.7666503537986444,77,0.005260148954967646,0.0,-0.024231219913762,0.0057687800862380005,0.009231219913761999,18.462439827523998,0.0007406421005918365,0.0007843580880271077,11.077463896514399,0.025,0.0,-0.03,0.0,1.0,0.0,0.015
53,1.7666503537986444,78,0.0043754155440655475,0.0,-0.025095679117437545,0.004904320882562454,0.010095679117437546,20.191358234875093,-0.0016263293845547922,0.0016337310390193251,12.114814940925056,0.025,0.0,-0.03,0.0,1.0,0.0,0.015
53,1.7666503537986444,79,0.00349100281032714,0.0,-0.025960436882917177,0.004039563117082822,0.010960436882917177,21.920873765834354,0.000624020473090869,0.0006720527243678687,13.152524259500613,0.025,0.0,-0.03,0.0,1.0,0.0,0.015
53,1.7666503537986444,80,0.0025972932921300433,0.0,-0.026834397627531467,0.0031656023724685317,0.011834397627531468,23.668795255062935,-0.001528552166683428,0.0015251876967104585,14.201277153037761,0.025,0.0,-0.03,0.0,1.0,0.0,0.015
54,1.799983379342015,0,0.0,0.0,-0.02,0.009999999999999998,0.005000000000000001,10.000000000000002,0.0,0.0,6.000000000000001,0.025,0.0,-0.03,0.0,1.0,0.0,0.015
54,1.799983379342015,1,0.0012329682564773496,0.0,-0.019993967157441395,0.010006032842558604,0.004993967157441395,9.987934314882791,0.000381465037026859,0.006094202126141401,5.9927605889296744,0.025,0.0,-0.03,0.0,1.0,0.0,0.015
54,1.799983379342015,2,0.002463860520986064,0.0,-0.019911452792141193,0.010088547207858806,0.004911452792141193,9.822905584282386,-0.001291137916766498,0.01200629838970472,5.893743350569432,0.025,0.0,-0.03,0.0,1.0,0.0,0.015
54,1.799983379342015,3,0.00368676114792829,0.0,-0.0197549789020367,0.010245021097963297,0.004754978902036702,9.509957804073405,0.0027160719252180194,0.017538959243732114,5.705974682444043,0.025,0.0,-0.03,0.0,1.0,0.0,0.015
54,1.799983379342015,4,0.0049002417444368816,0.0,-0.019527483861634366,0.010472516138365633,0.004527483861634367,9.054967723268733,-0.0046220839617902455,0.022557245309738485,5.43298063396124,0.025,0.0,-0.03,0.0,1.0,0.0,0.015
54,1.799983379342015,5,0.0060977372810192484,0.0,-0.01923365668647394,0.01076634331352606,0.004233656686473939,8.467313372947878,0.006852512981863316,0.02693588732958556,5.080388023768727,0.025,0.0,-0.03,0.0,1.0,0.0,0.015
54,1.799983379342015,6,0.007280899216849045,0.0,-0.018877282187172103,0.011122717812827896,0.0038772821871721035,7.7545643743442065,-0.009291618520469109,0.03065065935785753,4.652738624606524,0.025,0.0,-0.03,0.0,1.0,0.0,0.015
54,1.799983379342015,7,0.008443307885431479,0.0,-0.01846499396321231,0.011535006036787688,0.0034649939632123115,6.929987926424623,0.011758123318191323,0.033667804062483014,4.157992755854774,0.025,0.0,-0.03,0.0,1.0,0.0,0.015
54,1.799983379342015,8,0.009589532739562692,0.0,-0.018000731235725934,0.011999268764274065,0.003000731235725935,6.00146247145187,-0.014168666665943862,0.03605201984727918,3.6008774828711214,0.025,0.0,-0.03,0.0,1.0,0.0,0.015
54,1.799983379342015,9,0.010713864111063806,0.0,-0.017492639629772797,0.012507360370227202,0.0024926396297727978,4.985279259545596,0.016366036633394962,0.037835591295439376,2.9911675557273574,0.025,0.0,-0.03,0.0,1.0,0.0,0.015
54,1.799983379342015,10,0.011823322804525256,0.0,-0.01694434599710039,0.013055654002899608,0.001944345997100392,3.888691994200784,-0.018268025447426173,0.03915321209423386,2.33321519652047,0.025,0.0,-0.03,0.0,1.0,0.0,0.015
54,1.799983379342015,11,0.012913163131040425,0.0,-0.016365009122101176,0.013634990877898823,0.0013650091221011768,2.7300182442023537,0.019263247969457033,0.040309488602747544,1.638010946521412,0.025,0.0,-0.03,0.0,1.0,0.0,0.015
54,1.799983379342015,12,0.013992869564751995,0.0,-0.015758891922529168,0.01424110807747083,0.0007588919225291688,1.5177838450583376,-0.02117820232557182,0.040298067852938074,0.9106703070350025,0.025,0.0,-0.03,0.0,1.0,0.0,0.015
54,1.799983379342015,13,0.015059699805282182,0.0,-0.015137329081912915,0.014862670918087083,0.00013732908191291596,0.2746581638258319,0.022307282861926066,0.04033452484254831,0.16479489829549915,0.025,0.0,-0.03,0.0,1.0,0.0,0.015
54,1.799983379342015,67,0.014112935325795505,0.0,-0.015622545519833244,0.014377454480166755,0.0006225455198332445,1.2450910396664892,0.00037198918001029,0.00035549296960745797,0.7470546237998935,0.025,0.0,-0.03,0.0,1.0,0.0,0.015
54,1.799983379342015,68,0.013222337064891659,0.0,-0.016480833810586577,0.013519166189413422,0.0014808338105865779,2.961667621173156,-0.0012155499328122487,0.001254170507104258,1.7770005727038936,0.025,0.0,-0.03,0.0,1.0,0.0,0.015
54,1.799983379342015,69,0.012333084271124813,0.0,-0.017340591119912548,0.012659408880087451,0.002340591119912548,4.681182239825096,0.0003766275170352378,0.00037875561676864743,2.8087093438950577,0.025,0.0,-0.03,0.0,1.0,0.0,0.015
54,1.799983379342015,70,0.011445653907623754,0.0,-0.01820227172796916,0.01179772827203084,0.0032022717279691602,6.40454345593832,-0.0012270861802840425,0.001268344951204686,3.842726073562992,0.025,0.0,-0.03,0.0,1.0,0.0,0.015
54,1.799983379342015,71,0.010559232137361742,0.0,-0.019064997237616753,0.010935002762383246,0.004064997237616753,8.129994475233508,0.0004360504806649053,0.00045009177445897347,4.877996685140104,0.025,0.0,-0.03,0.0,1.0,0.0,0.015
54,1.799983379342015,72,0.009673011437640428,0.0,-0.019927929007912352,0.010072070992087647,0.004927929007912352,9.855858015824705,-0.0013387735243115722,0.001368951256151341,5.913514809494822,0.025,0.0,-0.03,0.0,1.0,0.0,0.015
54,1.799983379342015,73,0.008787011424948636,0.0,-0.020791084229646706,0.009208915770353293,0.005791084229646706,11.582168459293413,0.0005115828582941663,0.0005336560976560142,6.949301075576048,0.025,0.0,-0.03,0.0,1.0,0.0,0.015
54,1.799983379342015,74,0.007901248113167055,0.0,-0.021654481659383152,0.008345518340616847,0.0066544816593831525,13.308963318766304,-0.0013943446480792498,0.001417402546092327,7.985377991259782,0.025,0.0,-0.03,0.0,1.0,0.0,0.015
54,1.799983379342015,75,0.007015738693469521,0.0,-0.022518136724818495,0.007481863275181504,0.007518136724818495,15.03627344963699,0.0005316844542180192,0.0005606110520106768,9.021764069782193,0.025,0.0,-0.03,0.0,1.0,0.0,0.015
54,1.799983379342015,76,0.00613049726714014,0.0,-0.023382065448342766,0.006617934551657233,0.008382065448342767,16.764130896685533,-0.0013935119416282826,0.0014080166021769342,10.05847853801132,0.025,0.0,-0.03,0.0,1.0,0.0,0.015
54,1.799983379342015,77,0.005245538204997459,0.0,-0.024246280950995944,0.005753719049004055,0.009246280950995944,18.492561901991888,0.0004952633789366008,0.0005293413094166237,11.095537141195132,0.025,0.0,-0.03,0.0,1.0,0.0,0.015
54,1.799983379342015,78,0.00436087317347674,0.0,-0.025110796156013578,0.004889203843986421,0.010110796156013579,20.22159231202716,-0.0013364071497241543,0.0013413013576064297,12.132955387216295,0.025,0.0,-0.03,0.0,1.0,0.0,0.015
54,1.799983379342015,79,0.00347651341146132,0.0,-0.025975621386434618,0.004024378613565381,0.010975621386434618,21.951242772869236,0.0004040490789638574,0.00044209764763264756,13.170745663721542,0.025,0.0,-0.03,0.0,1.0,0.0,0.015
54,1.799983379342015,80,0.0025828720376621494,0.0,-0.026849639127454517,0.0031503608725454817,0.011849639127454518,23.699278254909036,-0.0012607498245306287,0.0012567285574607012,14.21956695294542,0.025,0.0,-0.03,0.0,1.0,0.0,0.015
55,1.8333164048853856,0,0.0,0.0,-0.02,0.009999999999999998,0.005000000000000001,10.000000000000002,0.0,0.0,6.000000000000001,0.025,0.0,-0.03,0.0,1.0,0.0,0.015
55,1.8333164048853856,1,0.0012329600000334246,0.0,-0.019993984200994675,0.010006015799005324,0.004993984200994676,9.98796840198935,-7.957667103466535e-05,0.002657594131568024,5.99278104119361,0.025,0.0,-0.03,0.0,1.0,0.0,0.015
55,1.8333164048853856,2,0.002463827934589537,0.0,-0.019911493832660596,0.010088506167339403,0.004911493832660596,9.822987665321193,0.00040125054897597803,0.005223193670162668,5.893792599192715,0.025,0.0,-0.03,0.0,1.0,0.0,0.015
55,1.8333164048853856,3,0.0036867393777596006,0.0,-0.019755044336072763,0.010244955663927236,0.004755044336072763,9.510088672145526,-0.0010402471739741016,0.007609464970679836,5.706053203287316,0.025,0.0,-0.03,0.0,1.0,0.0,0.015
55,1.8333164048853856,4,0.004900182934960218,0.0,-0.019527580181531515,0.010472419818468484,0.004527580181531515,9.055160363063031,0.0018881417952171609,0.009749991452740112,5.433096217837819,0.025,0.0,-0.03,0.0,1.0,0.0,0.015
55,1.8333164048853856,5,0.006097704794482923,0.0,-0.01923376948521337,0.010766230514786628,0.004233769485213371,8.467538970426743,-0.002889792777514493,0.011605093805990235,5.080523382256046,0.025,0.0,-0.03,0.0,1.0,0.0,0.015
55,1.8333164048853856,6,0.007280818264110364,0.0,-0.018877425866857547,0.011122574133142452,0.003877425866857548,7.754851733715096,0.0039552087349378155,0.013150005349728718,4.652911040229058,0.025,0.0,-0.03,0.0,1.0,0.0,0.015
55,1.8333164048853856,7,0.008443261734622096,0.0,-0.018465137806394957,0.011534862193605042,0.003465137806394958,6.930275612789916,-0.005046192129366602,0.014392684224167491,4.158165367673949,0.025,0.0,-0.03,0.0,1.0,0.0,0.015
55,1.8333164048853856,8,0.00958942733896095,0.0,-0.018000901808803007,0.011999098191196992,0.0030009018088030075,6.001803617606015,0.006077574143520942,0.015342372767327354,3.601082170563609,0.025,0.0,-0.03,0.0,1.0,0.0,0.015
55,1.8333164048853856,9,0.010713794994161726,0.0,-0.01749279178841687,0.012507208211583128,0.002492791788416871,4.985583576833743,-0.007040674948357849,0.01604043046664604,2.9913501461002454,0.025,0.0,-0.03,0.0,1.0,0.0,0.015
55,1.8333164048853856,10,0.01182318482855845,0.0,-0.01694451939127263,0.013055480608727368,0.001944519391272631,3.889038782545262,0.007913165971314853,0.016487235676391484,2.3334232695271573,0.025,0.0,-0.03,0.0,1.0,0.0,0.015
55,1.8333164048853856,11,0.012913057278472423,0.0,-0.016365145730529728,0.01363485426947027,0.0013651457305297286,2.730291461059457,-0.009153944520865995,0.016518571275835458,1.6381748766356743,0.025,0.0,-0.03,0.0,1.0,0.0,0.015
55,1.8333164048853856,12,0.013992691209670054,0.0,-0.015759044781964434,0.014240955218035565,0.0007590447819644346,1.5180895639288692,0.008400713313338266,0.015894900467324436,0.9108537383573214,0.025,0.0,-0.03,0.0,1.0,0.0,0.015
55,1.8333164048853856,13,0.015059543426788249,0.0,-0.015137441765738868,0.014862558234261131,0.00013744176573886845,0.2748835314777369,-0.008313849930365255,0.01532329212381956,0.16493011888664214,0.025,0.0,-0.03,0.0,1.0,0.0,0.015
55,1.8333164048853856,67,0.01409853171875794,0.0,-0.015636106215207536,0.014363893784792463,0.0006361062152075367,1.2722124304150735,0.0001015882954041736,8.363563612471403e-05,0.763327458249044,0.025,0.0,-0.03,0.0,1.0,0.0,0.015
55,1.8333164048853856,68,0.01320799471988753,0.0,-0.016494463739539708,0.01350553626046029,0.0014944637395397087,2.9889274790794174,-0.0009054612595728616,0.0009363084338542924,1.7933564874476504,0.025,0.0,-0.03,0.0,1.0,0.0,0.015
55,1.8333164048853856,69,0.012318809129845199,0.0,-0.01735430361939064,0.012645696380609358,0.0023543036193906415,4.708607238781283,0.00011871348614857647,0.00011523947330485948,2.82516434326877,0.025,0.0,-0.03,0.0,1.0,0.0,0.015
55,1.8333164048853856,70,0.011431447093063892,0.0,-0.018216050358887882,0.011783949641112117,0.0032160503588878828,6.432100717775765,-0.0009272895308249524,0.0009580868548294834,3.8592604306654588,0.025,0.0,-0.03,0.0,1.0,0.0,0.015
55,1.8333164048853856,71,0.010545078778250516,0.0,-0.01907883769930088,0.01092116230069912,0.0040788376993008794,8.157675398601759,0.00016101142495558853,0.00016756294955452543,4.894605239161055,0.025,0.0,-0.03,0.0,1.0,0.0,0.015
55,1.8333164048853856,72,0.009658919055848583,0.0,-0.019941824793336463,0.010058175206663536,0.004941824793336463,9.883649586672927,-0.0009984125996166605,0.0010197422735873038,5.9301897520037565,0.025,0.0,-0.03,0.0,1.0,0.0,0.015
55,1.8333164048853856,73,0.008772972700071283,0.0,-0.020805042662813054,0.009194957337186945,0.005805042662813054,11.610085325626109,0.00020688015673518738,0.00022032972331185977,6.966051195375665,0.025,0.0,-0.03,0.0,1.0,0.0,0.015
55,1.8333164048853856,74,0.007887270510622987,0.0,-0.02166849504529862,0.00833150495470138,0.006668495045298619,13.336990090597238,-0.0010333771965976746,0.0010482328597263566,8.002194054358343,0.025,0.0,-0.03,0.0,1.0,0.0,0.015
55,1.8333164048853856,75,0.007001813940964086,0.0,-0.02253221210724502,0.007467787892754978,0.007532212107245022,15.064424214490044,0.0002173028523394232,0.00023693126540081432,9.038654528694027,0.025,0.0,-0.03,0.0,1.0,0.0,0.015
55,1.8333164048853856,76,0.006116632356685043,0.0,-0.023396194377776472,0.006603805622223527,0.008396194377776472,16.792388755552945,-0.0010323090886973116,0.0010398319417527291,10.075433253331767,0.025,0.0,-0.03,0.0,1.0,0.0,0.015
55,1.8333164048853856,77,0.0052317243611922646,0.0,-0.024260469782332084,0.005739530217667915,0.009260469782332085,18.520939564664168,0.00019171200541391698,0.00021637949215055048,11.112563738798501,0.025,0.0,-0.03,0.0,1.0,0.0,0.015
55,1.8333164048853856,78,0.004347116500610471,0.0,-0.025125036136742822,0.004874963863257177,0.010125036136742822,20.250072273485646,-0.0009953400628297867,0.0009949517039288865,12.150043364091387,0.025,0.0,-0.03,0.0,1.0,0.0,0.015
55,1.8333164048853856,79,0.003462805092131838,0.0,-0.025989917796580667,0.004010082203419332,0.010989917796580668,21.979835593161337,0.00013128418542933732,0.00016013949538347717,13.187901355896802,0.025,0.0,-0.03,0.0,1.0,0.0,0.015
55,1.8333164048853856,80,0.002569220127760854,0.0,-0.026863986546457982,0.0031360134535420164,0.011863986546457983,23.727973092915967,-0.0009468926855769669,0.0009391409934951952,14.23678385574958,0.025,0.0,-0.03,0.0,1.0,0.0,0.015
56,1.8666494304287564,0,0.0,0.0,-0.02,0.009999999999999998,0.005000000000000001,10.000000000000002,0.0,0.0,6.000000000000001,0.025,0.0,-0.03,0.0,1.0,0.0,0.015
56,1.8666494304287564,1,0.001232972536852321,0.0,-0.01999399893322392,0.010006001066776078,0.004993998933223921,9.987997866447843,-0.00042112379296034623,0.008944168590612608,5.992798719868706,0.025,0.0,-0.03,0.0,1.0,0.0,0.015
56,1.8666494304287564,2,0.002463757183494679,0.0,-0.019911535913692345,0.010088464086307654,0.004911535913692346,9.823071827384691,0.0016357383667949922,0.01760002359448477,5.893843096430815,0.025,0.0,-0.03,0.0,1.0,0.0,0.015
56,1.8666494304287564,3,0.003686777195274783,0.0,-0.01975509614231401,0.010244903857685988,0.004755096142314012,9.510192284628022,-0.0037557025395602126,0.025678771586568245,5.706115370776813,0.025,0.0,-0.03,0.0,1.0,0.0,0.015
56,1.8666494304287564,4,0.004900052289440086,0.0,-0.019527684528048497,0.010472315471951502,0.004527684528048498,9.055369056096996,0.006578571296373252,0.03296579906772522,5.433221433658198,0.025,0.0,-0.03,0.0,1.0,0.0,0.015
56,1.8666494304287564,5,0.00609776346822065,0.0,-0.019233851006225284,0.010766148993774715,0.0042338510062252845,8.46770201245057,-0.009899793929615885,0.039306711567571775,5.080621207470341,0.025,0.0,-0.03,0.0,1.0,0.0,0.015
56,1.8666494304287564,6,0.0072806397880274,0.0,-0.01887758949622976,0.01112241050377024,0.0038775894962297594,7.755178992459519,0.013480577814289763,0.04463682737023914,4.653107395475711,0.025,0.0,-0.03,0.0,1.0,0.0,0.015
56,1.8666494304287564,7,0.008443329497800871,0.0,-0.018465231375573286,0.011534768624426713,0.003465231375573287,6.930462751146574,-0.01712720124574131,0.048949541514389114,4.158277650687944,0.025,0.0,-0.03,0.0,1.0,0.0,0.015
56,1.8666494304287564,8,0.009589207982314935,0.0,-0.018001106476319955,0.011998893523680044,0.0030011064763199556,6.002212952639911,0.020631250132695934,0.052302680973586674,3.6013277715839465,0.025,0.0,-0.03,0.0,1.0,0.0,0.015
56,1.8666494304287564,9,0.010713854680090618,0.0,-0.017492877629683625,0.012507122370316374,0.0024928776296836257,4.985755259367251,-0.023866260242277643,0.05479392709542581,2.9914531556203507,0.025,0.0,-0.03,0.0,1.0,0.0,0.015
56,1.8666494304287564,10,0.011822925007233446,0.0,-0.01694474066578898,0.01305525933421102,0.0019447406657889799,3.8894813315779597,0.0267244873776617,0.056521147248447964,2.333688798946776,0.025,0.0,-0.03,0.0,1.0,0.0,0.015
56,1.8666494304287564,11,0.012913089899657743,0.0,-0.016365206324339222,0.013634793675660777,0.001365206324339223,2.730412648678446,-0.029477544975645108,0.05746244184114807,1.6382475892070676,0.025,0.0,-0.03,0.0,1.0,0.0,0.015
56,1.8666494304287564,12,0.01399239232709058,0.0,-0.015759256143538642,0.014240743856461357,0.0007592561435386426,1.5185122870772851,0.029746004763814254,0.056454617156912204,0.9111073722463711,0.025,0.0,-0.03,0.0,1.0,0.0,0.015
56,1.8666494304287564,13,0.015059527367043872,0.0,-0.015137475537209004,0.014862524462790995,0.00013747553720900446,0.2749510744180089,-0.030477779324838188,0.055569573903702416,0.16497064465080535,0.025,0.0,-0.03,0.0,1.0,0.0,0.015
56,1.8666494304287564,67,0.014084949592872688,0.0,-0.015648921565522486,0.014351078434477513,0.0006489215655224867,1.2978431310449734,-0.00013218461392077073,0.00015130007431143528,0.778705878626984,0.025,0.0,-0.03,0.0,1.0,0.0,0.015
56,1.8666494304287564,68,0.013194466210685322,0.0,-0.016507344039380905,0.013492655960619094,0.0015073440393809055,3.014688078761811,-0.0006291170424755159,0.000653014275183029,1.8088128472570864,0.025,0.0,-0.03,0.0,1.0,0.0,0.015
56,1.8666494304287564,69,0.012305343887341526,0.0,-0.017367257566358853,0.012632742433641146,0.0023672575663588533,4.734515132717706,-0.00011301580430183356,0.00012135235698229266,2.840709079630624,0.025,0.0,-0.03,0.0,1.0,0.0,0.015
56,1.8666494304287564,70,0.01141804209764002,0.0,-0.018229066422281708,0.01177093357771829,0.003229066422281709,6.458132844563417,-0.0006524641324249362,0.0006734344206209429,3.8748797067380503,0.025,0.0,-0.03,0.0,1.0,0.0,0.015
56,1.8666494304287564,71,0.010531724042086105,0.0,-0.01909190765548447,0.010908092344515528,0.004091907655484471,8.183815310968942,-8.92610117017091e-05,8.934011963121134e-05,4.910289186581365,0.025,0.0,-0.03,0.0,1.0,0.0,0.015
56,1.8666494304287564,72,0.009645617249022588,0.0,-0.019954946736160415,0.010045053263839584,0.004954946736160416,9.909893472320832,-0.0006880285402180913,0.0007011446950624499,5.945936083392499,0.025,0.0,-0.03,0.0,1.0,0.0,0.015
56,1.8666494304287564,73,0.008759721507540888,0.0,-0.020818218974902877,0.009181781025097122,0.005818218974902877,11.636437949805755,-6.922154410245947e-05,6.322075204333599e-05,6.981862769883453,0.025,0.0,-0.03,0.0,1.0,0.0,0.015
56,1.8666494304287564,74,0.007874072170952694,0.0,-0.02168172310768331,0.008318276892316689,0.006681723107683311,13.363446215366622,-0.0007053954218967943,0.0007125087839581773,8.018067729219974,0.025,0.0,-0.03,0.0,1.0,0.0,0.015
56,1.8666494304287564,75,0.006988665511199309,0.0,-0.022545493796556577,0.0074545062034434215,0.007545493796556578,15.090987593113155,-6.679375494850436e-05,5.505470759023753e-05,9.054592555867893,0.025,0.0,-0.03,0.0,1.0,0.0,0.015
56,1.8666494304287564,76,0.006103535527813101,0.0,-0.023409526495009467,0.0065904735049905315,0.008409526495009468,16.819052990018935,-0.0007048781044561537,0.0007056295462865593,10.091431794011362,0.025,0.0,-0.03,0.0,1.0,0.0,0.015
56,1.8666494304287564,77,0.005218675700599322,0.0,-0.024273853591623342,0.005726146408376657,0.009273853591623343,18.547707183246686,-8.212632249186922e-05,6.52944186648323e-05,11.12862430994801,0.025,0.0,-0.03,0.0,1.0,0.0,0.015
56,1.8666494304287564,78,0.004334117048239502,0.0,-0.02513846800545479,0.004861531994545209,0.01013846800545479,20.27693601090958,-0.0006865804427406626,0.0006808086871899596,12.166161606545748,0.025,0.0,-0.03,0.0,1.0,0.0,0.015
56,1.8666494304287564,79,0.003449851077041994,0.0,-0.026003398289656022,0.003996601710343977,0.011003398289656022,22.006796579312045,-0.00011455510400366326,9.319152199825747e-05,13.204077947587226,0.025,0.0,-0.03,0.0,1.0,0.0,0.015
56,1.8666494304287564,80,0.0025563143777750713,0.0,-0.026877514314013605,0.003122485685986394,0.011877514314013606,23.755028628027212,-0.0006629194834476239,0.0006510250033736858,14.253017176816327,0.025,0.0,-0.03,0.0,1.0,0.0,0.015
57,1.899982455972127,0,0.0,0.0,-0.02,0.009999999999999998,0.005000000000000001,10.000000000000002,0.0,0.0,6.000000000000001,0.025,0.0,-0.03,0.0,1.0,0.0,0.015
57,1.899982455972127,1,0.00123299338601451,0.0,-0.019994012160570486,0.010005987839429513,0.0049940121605704865,9.988024321140973,-0.0006246587793521498,0.012527956957911354,5.992814592684583,0.025,0.0,-0.03,0.0,1.0,0.0,0.015
57,1.899982455972127,2,0.0024636726873227726,0.0,-0.019911577056437552,0.010088422943562447,0.004911577056437553,9.823154112875105,0.0023554620338267656,0.024655668059970423,5.893892467725063,0.025,0.0,-0.03,0.0,1.0,0.0,0.015
57,1.899982455972127,3,0.0036868387784323117,0.0,-0.019755140367220085,0.010244859632779914,0.004755140367220086,9.51028073444017,-0.005318390018254303,0.03598351383088022,5.7061684406641024,0.025,0.0,-0.03,0.0,1.0,0.0,0.015
57,1.899982455972127,4,0.004899895650556961,0.0,-0.019527788710015793,0.010472211289984205,0.004527788710015794,9.055577420031588,0.009264222100557952,0.0462071395360596,5.433346452018952,0.025,0.0,-0.03,0.0,1.0,0.0,0.015
57,1.899982455972127,5,0.006097858483393728,0.0,-0.01923391645892021,0.010766083541079788,0.004233916458920212,8.467832917840424,-0.013906155991650815,0.055112768879236496,5.080699750704254,0.025,0.0,-0.03,0.0,1.0,0.0,0.015
57,1.899982455972127,6,0.007280426000160518,0.0,-0.01887775590422923,0.01112224409577077,0.0038777559042292298,7.7555118084584596,0.018918833468312104,0.0626058688656069,4.653307085075076,0.025,0.0,-0.03,0.0,1.0,0.0,0.015
57,1.899982455972127,7,0.008443442873443611,0.0,-0.018465300411441808,0.01153469958855819,0.0034653004114418087,6.930600822883617,-0.024022798214999017,0.06867803455407033,4.158360493730171,0.025,0.0,-0.03,0.0,1.0,0.0,0.015
57,1.899982455972127,8,0.009588947655219024,0.0,-0.018001318456325556,0.011998681543674443,0.0030013184563255565,6.002636912651113,0.028936261075805953,0.0734080097750452,3.6015821475906673,0.025,0.0,-0.03,0.0,1.0,0.0,0.015
57,1.899982455972127,9,0.010713966539213712,0.0,-0.017492932419670284,0.012507067580329715,0.0024929324196702844,4.985864839340569,-0.03346810749100803,0.07693106535027956,2.9915189036043413,0.025,0.0,-0.03,0.0,1.0,0.0,0.015
57,1.899982455972127,10,0.011822622160383149,0.0,-0.016944974512179432,0.013055025487820567,0.001944974512179433,3.8899490243588657,0.03745185482980634,0.07939892151326743,2.333969414615319,0.025,0.0,-0.03,0.0,1.0,0.0,0.015
57,1.899982455972127,11,0.012913179904519779,0.0,-0.01636523302932976,0.013634766970670238,0.0013652330293297613,2.7304660586595224,-0.04098726658694779,0.08090768361433359,1.6382796351957134,0.025,0.0,-0.03,0.0,1.0,0.0,0.015
57,1.899982455972127,12,0.013992051938141284,0.0,-0.015759485325571716,0.014240514674428283,0.0007594853255717161,1.5189706511434322,0.04199736148865822,0.07974221165503563,0.9113823906860593,0.025,0.0,-0.03,0.0,1.0,0.0,0.015
57,1.899982455972127,13,0.015059571649280632,0.0,-0.015137474537272912,0.014862525462727087,0.0001374745372729122,0.2749490745458244,-0.04325534828595574,0.07873873668617472,0.16496944472749464,0.025,0.0,-0.03,0.0,1.0,0.0,0.015
57,1.899982455972127,67,0.014072137970159316,0.0,-0.01566103279248664,0.014338967207513358,0.0006610327924866412,1.3220655849732823,-0.00029478178865606454,0.00031431017238418374,0.7932393509839694,0.025,0.0,-0.03,0.0,1.0,0.0,0.015
57,1.899982455972127,68,0.013181702677711817,0.0,-0.016519516514619116,0.013480483485380883,0.0015195165146191167,3.0390330292382335,-0.0004232038252758022,0.0004417017351864791,1.82341981754294,0.025,0.0,-0.03,0.0,1.0,0.0,0.015
57,1.899982455972127,69,0.01229264021509112,0.0,-0.017379496982884896,0.012620503017115103,0.0023794969828848968,4.758993965769793,-0.00027964126363499384,0.0002912132611176179,2.855396379461876,0.025,0.0,-0.03,0.0,1.0,0.0,0.015
57,1.899982455972127,70,0.011405392757859836,0.0,-0.018241364567612325,0.011758635432387674,0.0032413645676123252,6.48272913522465,-0.0004428852761953511,0.0004561823039970539,3.88963748113479,0.025,0.0,-0.03,0.0,1.0,0.0,0.015
57,1.899982455972127,71,0.010519122308793932,0.0,-0.019104253981197902,0.010895746018802097,0.004104253981197903,8.208507962395807,-0.00027139324269975394,0.0002761662895348383,4.925104777437483,0.025,0.0,-0.03,0.0,1.0,0.0,0.015
57,1.899982455972127,72,0.009633062680729226,0.0,-0.019967342283124828,0.01003265771687517,0.004967342283124829,9.934684566249658,-0.00045279191695048204,0.00045962808937482537,5.960810739749794,0.025,0.0,-0.03,0.0,1.0,0.0,0.015
57,1.899982455972127,73,0.008747214992736365,0.0,-0.020830662966827212,0.009169337033172787,0.005830662966827212,11.661325933654425,-0.00026978114842336255,0.0002690622229202138,6.996795560192655,0.025,0.0,-0.03,0.0,1.0,0.0,0.015
57,1.899982455972127,74,0.007861612616705758,0.0,-0.021694216175036866,0.008305783824963133,0.006694216175036866,13.388432350073733,-0.00045773639298465804,0.0004589590551784301,8.03305941004424,0.025,0.0,-0.03,0.0,1.0,0.0,0.015
57,1.899982455972127,75,0.006976253384177427,0.0,-0.02255803453066633,0.0074419654693336675,0.007558034530666332,15.116069061332665,-0.00027273162867819844,0.000266606021297195,9.069641436799598,0.025,0.0,-0.03,0.0,1.0,0.0,0.015
57,1.899982455972127,76,0.006091169156348455,0.0,-0.02342211505878745,0.006577884941212548,0.008422115058787451,16.844230117574902,-0.00045805447635811257,0.0004536613940666637,10.106538070544941,0.025,0.0,-0.03,0.0,1.0,0.0,0.015
57,1.899982455972127,77,0.005206355072334319,0.0,-0.024286488027193995,0.005713511972806003,0.009286488027193996,18.572976054387993,-0.0002801233355977025,0.0002688775874008345,11.143785632632795,0.025,0.0,-0.03,0.0,1.0,0.0,0.015
57,1.899982455972127,78,0.004321840004067665,0.0,-0.02515114796239082,0.00484885203760918,0.010151147962390819,20.30229592478164,-0.0004538083741596727,0.0004439345472284917,12.181377554868982,0.025,0.0,-0.03,0.0,1.0,0.0,0.015
57,1.899982455972127,79,0.003437617081976691,0.0,-0.026016121361451476,0.003983878638548523,0.011016121361451477,22.032242722902954,-0.0002916837764640418,0.00027566597306449765,13.219345633741773,0.025,0.0,-0.03,0.0,1.0,0.0,0.015
57,1.899982455972127,80,0.0025441229781448366,0.0,-0.02689028178275547,0.003109718217244529,0.01189028178275547,23.780563565510942,-0.0004485419002417874,0.0004334712106427825,14.268338139306564,0.025,0.0,-0.03,0.0,1.0,0.0,0.015
58,1.9333154815154976,0,0.0,0.0,-0.02,0.009999999999999998,0.005000000000000001,10.000000000000002,0.0,0.0,6.000000000000001,0.025,0.0,-0.03,0.0,1.0,0.0,0.015
58,1.9333154815154976,1,0.001233014137446183,0.0,-0.019994024445958894,0.010005975554041105,0.0049940244459588945,9.988048891917789,-0.0007116401530644937,0.013895981080378204,5.992829335150673,0.025,0.0,-0.03,0.0,1.0,0.0,0.015
58,1.9333154815154976,2,0.002463590854449292,0.0,-0.019911615914254346,0.010088384085745652,0.004911615914254347,9.823231828508694,0.0026470563166157844,0.027349156462305582,5.893939097105217,0.025,0.0,-0.03,0.0,1.0,0.0,0.015
58,1.9333154815154976,3,0.00368689998111057,0.0,-0.019755181116657524,0.010244818883342475,0.004755181116657525,9.51036223331505,-0.005930365811901142,0.03992126877998048,5.7062173399890295,0.025,0.0,-0.03,0.0,1.0,0.0,0.015
58,1.9333154815154976,4,0.004899743829295483,0.0,-0.0195278872110874,0.0104721127889126,0.004527887211087399,9.055774422174798,0.010301941142622902,0.0512690407145598,5.4334646533048785,0.025,0.0,-0.03,0.0,1.0,0.0,0.015
58,1.9333154815154976,5,0.0060979528692312514,0.0,-0.019233976106899517,0.010766023893100482,0.004233976106899517,8.467952213799034,-0.01544618878487192,0.0611612868134522,5.08077132827942,0.025,0.0,-0.03,0.0,1.0,0.0,0.015
58,1.9333154815154976,6,0.007280218720371339,0.0,-0.018877913534251035,0.011122086465748963,0.003877913534251036,7.755827068502072,0.021003519591876345,0.06948581104893799,4.653496241101243,0.025,0.0,-0.03,0.0,1.0,0.0,0.015
58,1.9333154815154976,7,0.008443555767718037,0.0,-0.0184653622567983,0.011534637743201698,0.003465362256798301,6.930724513596602,-0.0266640295252535,0.0762391556885153,4.158434708157961,0.025,0.0,-0.03,0.0,1.0,0.0,0.015
58,1.9333154815154976,8,0.009588695425549467,0.0,-0.01800151972082665,0.01199848027917335,0.0030015197208266495,6.003039441653299,0.03211555558041241,0.08150207581517709,3.6018236649919793,0.025,0.0,-0.03,0.0,1.0,0.0,0.015
58,1.9333154815154976,9,0.01071407882189528,0.0,-0.017492979914266477,0.012507020085733522,0.002492979914266478,4.985959828532955,-0.03714396802969809,0.08542890716325659,2.9915758971197732,0.025,0.0,-0.03,0.0,1.0,0.0,0.015
58,1.9333154815154976,10,0.011822329291005797,0.0,-0.016945197181113383,0.013054802818886616,0.001945197181113384,3.890394362226768,0.04155076465844389,0.08819103129799712,2.3342366173360607,0.025,0.0,-0.03,0.0,1.0,0.0,0.015
58,1.9333154815154976,11,0.01291327242970301,0.0,-0.01636525409732617,0.013634745902673828,0.0013652540973261712,2.7305081946523426,-0.04530075575493024,0.08996767071243694,1.6383049167914054,0.025,0.0,-0.03,0.0,1.0,0.0,0.015
58,1.9333154815154976,12,0.013991723351057342,0.0,-0.015759704869166353,0.014240295130833646,0.0007597048691663534,1.5194097383327068,0.046761479442277314,0.08880657625034974,0.911645842999624,0.025,0.0,-0.03,0.0,1.0,0.0,0.015
58,1.9333154815154976,13,0.015059621965387592,0.0,-0.015137468784441999,0.014862531215558,0.00013746878444199917,0.27493756888399834,-0.04828292160827522,0.08782124477138564,0.164962541330399,0.025,0.0,-0.03,0.0,1.0,0.0,0.015
58,1.9333154815154976,67,0.014060049802170712,0.0,-0.01567247933618778,0.01432752066381222,0.0006724793361877791,1.3449586723755582,-0.0003804108564614072,0.00039953217300711446,0.8069752034253349,0.025,0.0,-0.03,0.0,1.0,0.0,0.015
58,1.9333154815154976,68,0.013169658597494263,0.0,-0.016531020743903467,0.013468979256096532,0.0015310207439034676,3.062041487806935,-0.0002953224265155271,0.0003101210036002121,1.837224892684161,0.025,0.0,-0.03,0.0,1.0,0.0,0.015
58,1.9333154815154976,69,0.012280652676740124,0.0,-0.017391063055349914,0.012608936944650085,0.0023910630553499145,4.782126110699829,-0.00037164670884241196,0.0003846581632118684,2.869275666419897,0.025,0.0,-0.03,0.0,1.0,0.0,0.015
58,1.9333154815154976,70,0.01139345520555911,0.0,-0.01825298611766238,0.01174701388233762,0.0032529861176623792,6.505972235324759,-0.0003092790747473258,0.0003175153939007487,3.903583341194855,0.025,0.0,-0.03,0.0,1.0,0.0,0.015
58,1.9333154815154976,71,0.010507229763345312,0.0,-0.019115919600284074,0.010884080399715924,0.004115919600284075,8.23183920056815,-0.000373890930090306,0.00038117488924596405,4.93910352034089,0.025,0.0,-0.03,0.0,1.0,0.0,0.015
58,1.9333154815154976,72,0.009621213195446317,0.0,-0.019979054419156848,0.010020945580843151,0.004979054419156848,9.958108838313697,-0.0003043371941331908,0.00030717198455262423,5.974865302988218,0.025,0.0,-0.03,0.0,1.0,0.0,0.015
58,1.9333154815154976,73,0.008735410986816376,0.0,-0.02084241932953491,0.009157580670465088,0.005842419329534911,11.684838659069822,-0.0003827048922908078,0.00038492215644438257,7.010903195441893,0.025,0.0,-0.03,0.0,1.0,0.0,0.015
58,1.9333154815154976,74,0.007849851413362101,0.0,-0.02170601895122264,0.00829398104877736,0.00670601895122264,13.41203790244528,-0.0003022862525527033,0.0002998565103738669,8.047222741467166,0.025,0.0,-0.03,0.0,1.0,0.0,0.015
58,1.9333154815154976,75,0.006964537084249595,0.0,-0.022569880762153296,0.007430119237846703,0.007569880762153296,15.139761524306593,-0.00038840697705347333,0.0003855057344887956,9.083856914583956,0.025,0.0,-0.03,0.0,1.0,0.0,0.015
58,1.9333154815154976,76,0.006079494512342488,0.0,-0.023434006525775306,0.006565993474224693,0.008434006525775306,16.868013051550612,-0.0003033896463604226,0.0002958962243265386,10.120807830930367,0.025,0.0,-0.03,0.0,1.0,0.0,0.015
58,1.9333154815154976,77,0.005194723719223784,0.0,-0.02429842127378876,0.005701578726211239,0.00929842127378876,18.59684254757752,-0.0003907477367477082,0.0003828032674240632,11.158105528546512,0.025,0.0,-0.03,0.0,1.0,0.0,0.015
58,1.9333154815154976,78,0.00431024830384712,0.0,-0.0251631242273827,0.004836875772617297,0.010163124227382702,20.326248454765405,-0.0003076674291129566,0.0002954107945288575,12.195749072859243,0.025,0.0,-0.03,0.0,1.0,0.0,0.015
58,1.9333154815154976,79,0.0034260660699734413,0.0,-0.026028136876818816,0.003971863123181183,0.011028136876818816,22.056273753637633,-0.0003897003551941147,0.00037693131974526667,13.23376425218258,0.025,0.0,-0.03,0.0,1.0,0.0,0.015
58,1.9333154815154976,80,0.002532610625568417,0.0,-0.026902339048131503,0.003097660951868496,0.011902339048131504,23.804678096263007,-0.0003133755738666008,0.00029656367515435914,14.282806857757803,0.025,0.0,-0.03,0.0,1.0,0.0,0.015
59,1.9666485070588684,0,0.0,0.0,-0.02,0.009999999999999998,0.005000000000000001,10.000000000000002,0.0,0.0,6.000000000000001,0.025,0.0,-0.03,0.0,1.0,0.0,0.015
59,1.9666485070588684,1,0.0012330304314468426,0.0,-0.019994036117127207,0.010005963882872792,0.0049940361171272075,9.988072234254416,-0.0007172157686164475,0.013758694516685651,5.992843340552649,0.025,0.0,-0.03,0.0,1.0,0.0,0.015
59,1.9666485070588684,2,0.002463520123773596,0.0,-0.019911651838433356,0.010088348161566642,0.004911651838433357,9.823303676866715,0.002643822525967903,0.02707943362401425,5.893982206120029,0.025,0.0,-0.03,0.0,1.0,0.0,0.015
59,1.9666485070588684,3,0.0036869482852489935,0.0,-0.019755220635878742,0.010244779364121256,0.004755220635878743,9.510441271757486,-0.00589276341111836,0.039532532447628776,5.706264763054492,0.025,0.0,-0.03,0.0,1.0,0.0,0.015
59,1.9666485070588684,4,0.004899612684337664,0.0,-0.019527977322376298,0.010472022677623701,0.004527977322376298,9.055954644752596,0.010217309372218158,0.050772901643049526,5.433572786851557,0.025,0.0,-0.03,0.0,1.0,0.0,0.015
59,1.9666485070588684,5,0.0060980274528917395,0.0,-0.01923403545460624,0.010765964545393757,0.004234035454606242,8.468070909212484,-0.015308121853855678,0.06057737389301388,5.08084254552749,0.025,0.0,-0.03,0.0,1.0,0.0,0.015
59,1.9666485070588684,6,0.007280039485619867,0.0,-0.018878056638075062,0.011121943361924937,0.003878056638075063,7.756113276150126,0.020808122058247575,0.06882790629562704,4.653667965690075,0.025,0.0,-0.03,0.0,1.0,0.0,0.015
59,1.9666485070588684,7,0.008443644258164367,0.0,-0.01846542612937001,0.011534573870629988,0.003465426129370012,6.930852258740024,-0.026412843558420558,0.07552716379455941,4.1585113552440145,0.025,0.0,-0.03,0.0,1.0,0.0,0.015
59,1.9666485070588684,8,0.009588476562991215,0.0,-0.018001701220623785,0.011998298779376214,0.0030017012206237856,6.003402441247571,0.03181081717047893,0.0807484630083568,3.6020414647485426,0.025,0.0,-0.03,0.0,1.0,0.0,0.015
59,1.9666485070588684,9,0.010714164631112817,0.0,-0.01749303266370875,0.012506967336291249,0.0024930326637087503,4.986065327417501,-0.03679142830608781,0.08464972534384502,2.9916391964505005,0.025,0.0,-0.03,0.0,1.0,0.0,0.015
59,1.9666485070588684,10,0.011822073677025279,0.0,-0.016945396671819348,0.01305460332818065,0.0019453966718193487,3.8907933436386974,0.04114595228659831,0.0874004944862147,2.3344760061832184,0.025,0.0,-0.03,0.0,1.0,0.0,0.015
59,1.9666485070588684,11,0.012913338844023618,0.0,-0.01636528427539798,0.01363471572460202,0.00136528427539798,2.7305685507959603,-0.04474466953733669,0.08922911804327423,1.6383411304775761,0.025,0.0,-0.03,0.0,1.0,0.0,0.015
59,1.9666485070588684,12,0.013991434056716717,0.0,-0.015759900720449263,0.014240099279550736,0.0007599007204492636,1.5198014408985272,0.04641838107796385,0.08816707720835346,0.9118808645391163,0.025,0.0,-0.03,0.0,1.0,0.0,0.015
59,1.9666485070588684,13,0.015059649747538654,0.0,-0.015137474125003667,0.014862525874996332,0.00013747412500366742,0.2749482500073348,-0.04800975543269886,0.087277527587699,0.16496895000440087,0.025,0.0,-0.03,0.0,1.0,0.0,0.015
59,1.9666485070588684,67,0.014048641491512028,0.0,-0.01568329859458679,0.014316701405413208,0.0006832985945867918,1.3665971891735837,-0.000402105733577937,0.00042016858629117273,0.8199583135041503,0.025,0.0,-0.03,0.0,1.0,0.0,0.015
59,1.9666485070588684,68,0.013158291416842927,0.0,-0.01654189415637572,0.01345810584362428,0.00154189415637572,3.08378831275144,-0.00023367168112745456,0.0002462299761646096,1.850272987650864,0.025,0.0,-0.03,0.0,1.0,0.0,0.015
59,1.9666485070588684,69,0.012269338702599969,0.0,-0.017401994332781553,0.012598005667218446,0.0024019943327815534,4.803988665563106,-0.00039946415022547386,0.0004124215587893253,2.8823931993378635,0.025,0.0,-0.03,0.0,1.0,0.0,0.015
59,1.9666485070588684,70,0.011382187957273398,0.0,-0.018263969624808495,0.011736030375191504,0.003263969624808495,6.52793924961699,-0.00024206492696782802,0.0002475783074694994,3.916763549770194,0.025,0.0,-0.03,0.0,1.0,0.0,0.015
59,1.9666485070588684,71,0.010496004853353886,0.0,-0.019126944168171713,0.010873055831828286,0.004126944168171713,8.253888336343426,-0.00040711343448997077,0.0004150470665690429,4.952333001806055,0.025,0.0,-0.03,0.0,1.0,0.0,0.015
59,1.9666485070588684,72,0.009610028388267838,0.0,-0.019990122732975624,0.010009877267024375,0.004990122732975624,9.98024546595125,-0.00023135406003942845,0.00023218004170500063,5.988147279570749,0.025,0.0,-0.03,0.0,1.0,0.0,0.015
59,1.9666485070588684,73,0.008724268964352844,0.0,-0.020853528829233147,0.009146471170766852,0.005853528829233148,11.707057658466296,-0.0004196885513545514,0.00042287358847764025,7.024234595079777,0.025,0.0,-0.03,0.0,1.0,0.0,0.015
59,1.9666485070588684,74,0.007838749234977394,0.0,-0.021717172097992458,0.008282827902007541,0.006717172097992458,13.434344195984917,-0.00022675478008298008,0.00022264017722995594,8.06060651759095,0.025,0.0,-0.03,0.0,1.0,0.0,0.015
59,1.9666485070588684,75,0.0069534771428108,0.0,-0.022581074358739853,0.0074189256412601455,0.007581074358739854,15.162148717479708,-0.0004260655304535959,0.0004244060604153745,9.097289230487824,0.025,0.0,-0.03,0.0,1.0,0.0,0.015
59,1.9666485070588684,76,0.006068473332067211,0.0,-0.023445242651693496,0.006554757348306503,0.008445242651693496,16.890485303386992,-0.00022842362499994004,0.00021964439237250416,10.134291182032195,0.025,0.0,-0.03,0.0,1.0,0.0,0.015
59,1.9666485070588684,77,0.005183743244640461,0.0,-0.024309696275122007,0.005690303724877992,0.009309696275122008,18.619392550244015,-0.00042597413778646266,0.0004194577918053461,11.171635530146409,0.025,0.0,-0.03,0.0,1.0,0.0,0.015
59,1.9666485070588684,78,0.004299304714188659,0.0,-0.025174439655154025,0.004825560344845974,0.010174439655154025,20.34887931030805,-0.0002363465188713184,0.00022325964758414116,12.209327586184829,0.025,0.0,-0.03,0.0,1.0,0.0,0.015
59,1.9666485070588684,79,0.0034151607155884123,0.0,-0.02603948881481545,0.003960511185184548,0.011039488814815451,22.078977629630902,-0.000419502357955379,0.00040828854635721596,13.24738657777854,0.025,0.0,-0.03,0.0,1.0,0.0,0.015
59,1.9666485070588684,80,0.0025217411628506935,0.0,-0.026913730121932784,0.0030862698780672153,0.011913730121932784,23.82746024386557,-0.0002465857756013665,0.00022936005741982046,14.29647614631934,0.025,0.0,-0.03,0.0,1.0,0.0,0.015
60,1.999981532602239,0,0.0,0.0,-0.02,0.009999999999999998,0.005000000000000001,10.000000000000002,0.0,0.0,6.000000000000001,0.025,0.0,-0.03,0.0,1.0,0.0,0.015
60,1.999981532602239,1,0.0012330408275646322,0.0,-0.01999404733032934,0.010005952669670658,0.004994047330329342,9.988094660658684,-0.0006750325267988476,0.012770790742971773,5.99285679639521,0.025,0.0,-0.03,0.0,1.0,0.0,0.015
60,1.999981532602239,2,0.0024634631937984906,0.0,-0.01991168469961052,0.010088315300389478,0.004911684699610522,9.823369399221043,0.002470833947875079,0.02513541219088995,5.8940216395326255,0.025,0.0,-0.03,0.0,1.0,0.0,0.015
60,1.999981532602239,3,0.0036869795567891143,0.0,-0.019755259835944023,0.010244740164055976,0.004755259835944024,9.510519671888048,-0.0054851725480286355,0.03669820949070697,5.706311803132828,0.025,0.0,-0.03,0.0,1.0,0.0,0.015
60,1.999981532602239,4,0.00489950730225711,0.0,-0.0195280583858456,0.0104719416141544,0.0045280583858456,9.0561167716912,0.009496199010755204,0.04713494556963772,5.433670063014719,0.025,0.0,-0.03,0.0,1.0,0.0,0.015
60,1.999981532602239,5,0.006098075900990956,0.0,-0.01923409660095973,0.01076590339904027,0.00423409660095973,8.468193201919458,-0.01421976854026807,0.05624283292084705,5.080915921151675,0.025,0.0,-0.03,0.0,1.0,0.0,0.015
60,1.999981532602239,6,0.007279895217595183,0.0,-0.018878183692589263,0.011121816307410735,0.003878183692589264,7.756367385178528,0.019322814049407923,0.06390697308800466,4.653820431107117,0.025,0.0,-0.03,0.0,1.0,0.0,0.015
60,1.999981532602239,7,0.008443700425336502,0.0,-0.018465495428612245,0.011534504571387754,0.0034654954286122454,6.930990857224491,-0.024525510425431846,0.07013460603197946,4.158594514334695,0.025,0.0,-0.03,0.0,1.0,0.0,0.015
60,1.999981532602239,8,0.00958829918412042,0.0,-0.018001860424352804,0.011998139575647195,0.003001860424352805,6.00372084870561,0.029535818825967,0.07498849771793227,3.602232509223366,0.025,0.0,-0.03,0.0,1.0,0.0,0.015
60,1.999981532602239,9,0.01071421501515257,0.0,-0.01749309518246356,0.01250690481753644,0.002493095182463559,4.9861903649271175,-0.0341605426840002,0.0786195231516397,2.9917142189562704,0.025,0.0,-0.03,0.0,1.0,0.0,0.015
60,1.999981532602239,10,0.011821864043143731,0.0,-0.016945569491439296,0.013054430508560703,0.0019455694914392967,3.8911389828785934,0.03819563725608457,0.08118426837876117,2.334683389727156,0.025,0.0,-0.03,0.0,1.0,0.0,0.015
60,1.999981532602239,11,0.012913369482470204,0.0,-0.016365328654773494,0.013634671345226505,0.0013653286547734948,2.7306573095469897,-0.041452097756024646,0.08293310757472212,1.6383943857281937,0.025,0.0,-0.03,0.0,1.0,0.0,0.015
60,1.999981532602239,12,0.013991192856711082,0.0,-0.01576006855171822,0.01423993144828178,0.0007600685517182189,1.5201371034364377,0.043172931540818554,0.08201146218712135,0.9120822620618626,0.025,0.0,-0.03,0.0,1.0,0.0,0.015
60,1.999981532602239,13,0.015059645090370131,0.0,-0.01513749612118654,0.014862503878813459,0.0001374961211865408,0.2749922423730816,-0.044713005727521245,0.08124958055867348,0.16499534542384897,0.025,0.0,-0.03,0.0,1.0,0.0,0.015
60,1.999981532602239,67,0.014037872530691345,0.0,-0.015693525856153034,0.014306474143846965,0.0006935258561530343,1.3870517123060686,-0.00038148948378683085,0.00039811136314794654,0.8322310273836412,0.025,0.0,-0.03,0.0,1.0,0.0,0.015
60,1.999981532602239,68,0.013147561279931401,0.0,-0.016552172124018914,0.013447827875981085,0.0015521721240189142,3.1043442480378283,-0.00021723577697234335,0.00022858326418108272,1.8626065488226968,0.025,0.0,-0.03,0.0,1.0,0.0,0.015
60,1.999981532602239,69,0.012258658479688489,0.0,-0.017412326909882016,0.012587673090117983,0.0024123269098820163,4.824653819764032,-0.0003833303452126132,0.00039525935633328386,2.8947922918584195,0.025,0.0,-0.03,0.0,1.0,0.0,0.015
60,1.999981532602239,70,0.011371551889647197,0.0,-0.01827435122883329,0.011725648771166709,0.003274351228833291,6.5487024576665815,-0.000221434646867844,0.0002259081687373087,3.9292214745999487,0.025,0.0,-0.03,0.0,1.0,0.0,0.015
60,1.999981532602239,71,0.010485408444029705,0.0,-0.019137364520801357,0.010862635479198642,0.004137364520801358,8.274729041602717,-0.00039238851907632947,0.00039971041410152895,4.96483742496163,0.025,0.0,-0.03,0.0,1.0,0.0,0.015
60,1.999981532602239,72,0.009599469845441404,0.0,-0.020000584052419362,0.009999415947580637,0.005000584052419363,10.001168104838726,-0.00021106548045823545,0.00021128095512415161,6.000700862903235,0.025,0.0,-0.03,0.0,1.0,0.0,0.015
60,1.999981532602239,73,0.008713750470977997,0.0,-0.020864029032970802,0.009135970967029197,0.005864029032970803,11.728058065941607,-0.00040428618699320706,0.0004071139481726457,7.036834839564964,0.025,0.0,-0.03,0.0,1.0,0.0,0.015
60,1.999981532602239,74,0.007828268377373881,0.0,-0.021727713152530505,0.008272286847469494,0.006727713152530505,13.45542630506101,-0.000206838953082276,0.00020241596767116705,8.073255783036606,0.025,0.0,-0.03,0.0,1.0,0.0,0.015
60,1.999981532602239,75,0.006943035802061864,0.0,-0.022591653611565555,0.007408346388434444,0.007591653611565555,15.183307223131111,-0.0004100343266756937,0.00040828587379593755,9.109984333878666,0.025,0.0,-0.03,0.0,1.0,0.0,0.015
60,1.999981532602239,76,0.006058068608594786,0.0,-0.0234558616927279,0.006544138307272098,0.008455861692727901,16.911723385455804,-0.00020881166785737193,0.00020001584989773796,10.147034031273483,0.025,0.0,-0.03,0.0,1.0,0.0,0.015
60,1.999981532602239,77,0.00517337659270017,0.0,-0.024320352027686853,0.005679647972313146,0.009320352027686853,18.640704055373707,-0.00040940554913731966,0.00040306393536962935,11.184422433224224,0.025,0.0,-0.03,0.0,1.0,0.0,0.015
60,1.999981532602239,78,0.00428897290213214,0.0,-0.02518513321902082,0.004814866780979178,0.010185133219020821,20.370266438041643,-0.00021694687556237527,0.00020411915540708865,12.222159862824986,0.025,0.0,-0.03,0.0,1.0,0.0,0.015
60,1.999981532602239,79,0.003404864658775493,0.0,-0.026050216847593788,0.003949783152406211,0.011050216847593788,22.100433695187576,-0.00040250864386949883,0.000391721437736955,13.260260217112545,0.025,0.0,-0.03,0.0,1.0,0.0,0.015
60,1.999981532602239,80,0.002511478951437889,0.0,-0.026924494721684615,0.003075505278315384,0.011924494721684616,23.84898944336923,-0.000227249335957717,0.00021054536341466164,14.309393666021538,0.025,0.0,-0.03,0.0,1.0,0.0,0.015
