frame_idx,time,node_idx,node_x,node_y,node_z,radial_dist,overlap,normal_force,normal_velocity,tangential_speed,friction_force,cyl_center_x,cyl_center_y,cyl_center_z,cyl_axis_x,cyl_axis_y,cyl_axis_z,cyl_radius
0,0.0,0,0.0,0.0,-0.02,0.009999999999999998,0.005000000000000001,10.000000000000002,0.0,0.0,6.000000000000001,0.025,0.0,-0.03,0.0,1.0,0.0,0.015
0,0.0,1,0.00125,0.0,-0.02,0.009999999999999998,0.005000000000000001,10.000000000000002,0.0,0.0,6.000000000000001,0.025,0.0,-0.03,0.0,1.0,0.0,0.015
0,0.0,2,0.0025,0.0,-0.02,0.009999999999999998,0.005000000000000001,10.000000000000002,0.0,0.0,6.000000000000001,0.025,0.0,-0.03,0.0,1.0,0.0,0.015
0,0.0,3,0.00375,0.0,-0.02,0.009999999999999998,0.005000000000000001,10.000000000000002,0.0,0.0,6.000000000000001,0.025,0.0,-0.03,0.0,1.0,0.0,0.015
0,0.0,4,0.005,0.0,-0.02,0.009999999999999998,0.005000000000000001,10.000000000000002,0.0,0.0,6.000000000000001,0.025,0.0,-0.03,0.0,1.0,0.0,0.015
0,0.0,5,0.00625,0.0,-0.02,0.009999999999999998,0.005000000000000001,10.000000000000002,0.0,0.0,6.000000000000001,0.025,0.0,-0.03,0.0,1.0,0.0,0.015
0,0.0,6,0.0075,0.0,-0.02,0.009999999999999998,0.005000000000000001,10.000000000000002,0.0,0.0,6.000000000000001,0.025,0.0,-0.03,0.0,1.0,0.0,0.015
0,0.0,7,0.00875,0.0,-0.02,0.009999999999999998,0.005000000000000001,10.000000000000002,0.0,0.0,6.000000000000001,0.025,0.0,-0.03,0.0,1.0,0.0,0.015
0,0.0,8,0.01,0.0,-0.02,0.009999999999999998,0.005000000000000001,10.000000000000002,0.0,0.0,6.000000000000001,0.025,0.0,-0.03,0.0,1.0,0.0,0.015
0,0.0,9,0.01125,0.0,-0.02,0.009999999999999998,0.005000000000000001,10.000000000000002,0.0,0.0,6.000000000000001,0.025,0.0,-0.03,0.0,1.0,0.0,0.015
0,0.0,10,0.0125,0.0,-0.02,0.009999999999999998,0.005000000000000001,10.000000000000002,0.0,0.0,6.000000000000001,0.025,0.0,-0.03,0.0,1.0,0.0,0.015
0,0.0,11,0.01375,0.0,-0.02,0.009999999999999998,0.005000000000000001,10.000000000000002,0.0,0.0,6.000000000000001,0.025,0.0,-0.03,0.0,1.0,0.0,0.015
0,0.0,12,0.015,0.0,-0.02,0.009999999999999998,0.005000000000000001,10.000000000000002,0.0,0.0,6.000000000000001,0.025,0.0,-0.03,0.0,1.0,0.0,0.015
0,0.0,13,0.01625,0.0,-0.02,0.009999999999999998,0.005000000000000001,10.000000000000002,0.0,0.0,6.000000000000001,0.025,0.0,-0.03,0.0,1.0,0.0,0.015
0,0.0,14,0.0175,0.0,-0.02,0.009999999999999998,0.005000000000000001,10.000000000000002,0.0,0.0,6.000000000000001,0.025,0.0,-0.03,0.0,1.0,0.0,0.015
0,0.0,15,0.01875,0.0,-0.02,0.009999999999999998,0.005000000000000001,10.000000000000002,0.0,0.0,6.000000000000001,0.025,0.0,-0.03,0.0,1.0,0.0,0.015
0,0.0,16,0.02,0.0,-0.02,0.009999999999999998,0.005000000000000001,10.000000000000002,0.0,0.0,6.000000000000001,0.025,0.0,-0.03,0.0,1.0,0.0,0.015
0,0.0,17,0.02125,0.0,-0.02,0.009999999999999998,0.005000000000000001,10.000000000000002,0.0,0.0,6.000000000000001,0.025,0.0,-0.03,0.0,1.0,0.0,0.015
0,0.0,18,0.0225,0.0,-0.02,0.009999999999999998,0.005000000000000001,10.000000000000002,0.0,0.0,6.000000000000001,0.025,0.0,-0.03,0.0,1.0,0.0,0.015
0,0.0,19,0.02375,0.0,-0.02,0.009999999999999998,0.005000000000000001,10.000000000000002,0.0,0.0,6.000000000000001,0.025,0.0,-0.03,0.0,1.0,0.0,0.015
0,0.0,20,0.025,0.0,-0.02,0.009999999999999998,0.005000000000000001,10.000000000000002,0.0,0.0,6.000000000000001,0.025,0.0,-0.03,0.0,1.0,0.0,0.015
0,0.0,21,0.02625,0.0,-0.02,0.009999999999999998,0.005000000000000001,10.000000000000002,0.0,0.0,6.000000000000001,0.025,0.0,-0.03,0.0,1.0,0.0,0.015
0,0.0,22,0.0275,0.0,-0.02,0.009999999999999998,0.005000000000000001,10.000000000000002,0.0,0.0,6.000000000000001,0.025,0.0,-0.03,0.0,1.0,0.0,0.015
0,0.0,23,0.02875,0.0,-0.02,0.009999999999999998,0.005000000000000001,10.000000000000002,0.0,0.0,6.000000000000001,0.025,0.0,-0.03,0.0,1.0,0.0,0.015
0,0.0,24,0.03,0.0,-0.02,0.009999999999999998,0.005000000000000001,10.000000000000002,0.0,0.0,6.000000000000001,0.025,0.0,-0.03,0.0,1.0,0.0,0.015
0,0.0,25,0.03125,0.0,-0.02,0.009999999999999998,0.005000000000000001,10.000000000000002,0.0,0.0,6.000000000000001,0.025,0.0,-0.03,0.0,1.0,0.0,0.015
0,0.0,26,0.0325,0.0,-0.02,0.009999999999999998,0.005000000000000001,10.000000000000002,0.0,0.0,6.000000000000001,0.025,0.0,-0.03,0.0,1.0,0.0,0.015
0,0.0,27,0.03375,0.0,-0.02,0.009999999999999998,0.005000000000000001,10.000000000000002,0.0,0.0,6.000000000000001,0.025,0.0,-0.03,0.0,1.0,0.0,0.015
0,0.0,28,0.035,0.0,-0.02,0.009999999999999998,0.005000000000000001,10.000000000000002,0.0,0.0,6.000000000000001,0.025,0.0,-0.03,0.0,1.0,0.0,0.015
0,0.0,29,0.03625,0.0,-0.02,0.009999999999999998,0.005000000000000001,10.000000000000002,0.0,0.0,6.000000000000001,0.025,0.0,-0.03,0.0,1.0,0.0,0.015
0,0.0,30,0.0375,0.0,-0.02,0.009999999999999998,0.005000000000000001,10.000000000000002,0.0,0.0,6.000000000000001,0.025,0.0,-0.03,0.0,1.0,0.0,0.015
0,0.0,31,0.03875,0.0,-0.02,0.009999999999999998,0.005000000000000001,10.000000000000002,0.0,0.0,6.000000000000001,0.025,0.0,-0.03,0.0,1.0,0.0,0.015
0,0.0,32,0.04,0.0,-0.02,0.009999999999999998,0.005000000000000001,10.000000000000002,0.0,0.0,6.000000000000001,0.025,0.0,-0.03,0.0,1.0,0.0,0.015
0,0.0,33,0.04125,0.0,-0.02,0.009999999999999998,0.005000000000000001,10.000000000000002,0.0,0.0,6.000000000000001,0.025,0.0,-0.03,0.0,1.0,0.0,0.015
0,0.0,34,0.0425,0.0,-0.02,0.009999999999999998,0.005000000000000001,10.000000000000002,0.0,0.0,6.000000000000001,0.025,0.0,-0.03,0.0,1.0,0.0,0.015
0,0.0,35,0.043750000000000004,0.0,-0.02,0.009999999999999998,0.005000000000000001,10.000000000000002,0.0,0.0,6.000000000000001,0.025,0.0,-0.03,0.0,1.0,0.0,0.015
0,0.0,36,0.045,0.0,-0.02,0.009999999999999998,0.005000000000000001,10.000000000000002,0.0,0.0,6.000000000000001,0.025,0.0,-0.03,0.0,1.0,0.0,0.015
0,0.0,37,0.04625,0.0,-0.02,0.009999999999999998,0.005000000000000001,10.000000000000002,0.0,0.0,6.000000000000001,0.025,0.0,-0.03,0.0,1.0,0.0,0.015
0,0.0,38,0.0475,0.0,-0.02,0.009999999999999998,0.005000000000000001,10.000000000000002,0.0,0.0,6.000000000000001,0.025,0.0,-0.03,0.0,1.0,0.0,0.015
0,0.0,39,0.04875,0.0,-0.02,0.009999999999999998,0.005000000000000001,10.000000000000002,0.0,0.0,6.000000000000001,0.025,0.0,-0.03,0.0,1.0,0.0,0.015
0,0.0,40,0.05,0.0,-0.02,0.009999999999999998,0.005000000000000001,10.000000000000002,0.0,0.0,6.000000000000001,0.025,0.0,-0.03,0.0,1.0,0.0,0.015
0,0.0,41,0.051250000000000004,0.0,-0.02,0.009999999999999998,0.005000000000000001,10.000000000000002,0.0,0.0,6.000000000000001,0.025,0.0,-0.03,0.0,1.0,0.0,0.015
0,0.0,42,0.0525,0.0,-0.02,0.009999999999999998,0.005000000000000001,10.000000000000002,0.0,0.0,6.000000000000001,0.025,0.0,-0.03,0.0,1.0,0.0,0.015
0,0.0,43,0.05375,0.0,-0.02,0.009999999999999998,0.005000000000000001,10.000000000000002,0.0,0.0,6.000000000000001,0.025,0.0,-0.03,0.0,1.0,0.0,0.015
0,0.0,44,0.055,0.0,-0.02,0.009999999999999998,0.005000000000000001,10.000000000000002,0.0,0.0,6.000000000000001,0.025,0.0,-0.03,0.0,1.0,0.0,0.015
0,0.0,45,0.05625,0.0,-0.02,0.009999999999999998,0.005000000000000001,10.000000000000002,0.0,0.0,6.000000000000001,0.025,0.0,-0.03,0.0,1.0,0.0,0.015
0,0.0,46,0.0575,0.0,-0.02,0.009999999999999998,0.005000000000000001,10.000000000000002,0.0,0.0,6.000000000000001,0.025,0.0,-0.03,0.0,1.0,0.0,0.015
0,0.0,47,0.058750000000000004,0.0,-0.02,0.009999999999999998,0.005000000000000001,10.000000000000002,0.0,0.0,6.000000000000001,0.025,0.0,-0.03,0.0,1.0,0.0,0.015
0,0.0,48,0.06,0.0,-0.02,0.009999999999999998,0.005000000000000001,10.000000000000002,0.0,0.0,6.000000000000001,0.025,0.0,-0.03,0.0,1.0,0.0,0.015
0,0.0,49,0.06125,0.0,-0.02,0.009999999999999998,0.005000000000000001,10.000000000000002,0.0,0.0,6.000000000000001,0.025,0.0,-0.03,0.0,1.0,0.0,0.015
0,0.0,50,0.0625,0.0,-0.02,0.009999999999999998,0.005000000000000001,10.000000000000002,0.0,0.0,6.000000000000001,0.025,0.0,-0.03,0.0,1.0,0.0,0.015
0,0.0,51,0.06375,0.0,-0.02,0.009999999999999998,0.005000000000000001,10.000000000000002,0.0,0.0,6.000000000000001,0.025,0.0,-0.03,0.0,1.0,0.0,0.015
0,0.0,52,0.065,0.0,-0.02,0.009999999999999998,0.005000000000000001,10.000000000000002,0.0,0.0,6.000000000000001,0.025,0.0,-0.03,0.0,1.0,0.0,0.015
0,0.0,53,0.06625,0.0,-0.02,0.009999999999999998,0.005000000000000001,10.000000000000002,0.0,0.0,6.000000000000001,0.025,0.0,-0.03,0.0,1.0,0.0,0.015
0,0.0,54,0.0675,0.0,-0.02,0.009999999999999998,0.005000000000000001,10.000000000000002,0.0,0.0,6.000000000000001,0.025,0.0,-0.03,0.0,1.0,0.0,0.015
0,0.0,55,0.06875,0.0,-0.02,0.009999999999999998,0.005000000000000001,10.000000000000002,0.0,0.0,6.000000000000001,0.025,0.0,-0.03,0.0,1.0,0.0,0.015
0,0.0,56,0.07,0.0,-0.02,0.009999999999999998,0.005000000000000001,10.000000000000002,0.0,0.0,6.000000000000001,0.025,0.0,-0.03,0.0,1.0,0.0,0.015
0,0.0,57,0.07125000000000001,0.0,-0.02,0.009999999999999998,0.005000000000000001,10.000000000000002,0.0,0.0,6.000000000000001,0.025,0.0,-0.03,0.0,1.0,0.0,0.015
0,0.0,58,0.0725,0.0,-0.02,0.009999999999999998,0.005000000000000001,10.000000000000002,0.0,0.0,6.000000000000001,0.025,0.0,-0.03,0.0,1.0,0.0,0.015
0,0.0,59,0.07375,0.0,-0.02,0.009999999999999998,0.005000000000000001,10.000000000000002,0.0,0.0,6.000000000000001,0.025,0.0,-0.03,0.0,1.0,0.0,0.015
0,0.0,60,0.075,0.0,-0.02,0.009999999999999998,0.005000000000000001,10.000000000000002,0.0,0.0,6.000000000000001,0.025,0.0,-0.03,0.0,1.0,0.0,0.015
0,0.0,61,0.07625,0.0,-0.02,0.009999999999999998,0.005000000000000001,10.000000000000002,0.0,0.0,6.000000000000001,0.025,0.0,-0.03,0.0,1.0,0.0,0.015
0,0.0,62,0.0775,0.0,-0.02,0.009999999999999998,0.005000000000000001,10.000000000000002,0.0,0.0,6.000000000000001,0.025,0.0,-0.03,0.0,1.0,0.0,0.015
0,0.0,63,0.07875,0.0,-0.02,0.009999999999999998,0.005000000000000001,10.000000000000002,0.0,0.0,6.000000000000001,0.025,0.0,-0.03,0.0,1.0,0.0,0.015
0,0.0,64,0.08,0.0,-0.02,0.009999999999999998,0.005000000000000001,10.000000000000002,0.0,0.0,6.000000000000001,0.025,0.0,-0.03,0.0,1.0,0.0,0.015
0,0.0,65,0.08125,0.0,-0.02,0.009999999999999998,0.005000000000000001,10.000000000000002,0.0,0.0,6.000000000000001,0.025,0.0,-0.03,0.0,1.0,0.0,0.015
0,0.0,66,0.0825,0.0,-0.02,0.009999999999999998,0.005000000000000001,10.000000000000002,0.0,0.0,6.000000000000001,0.025,0.0,-0.03,0.0,1.0,0.0,0.015
0,0.0,67,0.08375,0.0,-0.02,0.009999999999999998,0.005000000000000001,10.000000000000002,0.0,0.0,6.000000000000001,0.025,0.0,-0.03,0.0,1.0,0.0,0.015
0,0.0,68,0.085,0.0,-0.02,0.009999999999999998,0.005000000000000001,10.000000000000002,0.0,0.0,6.000000000000001,0.025,0.0,-0.03,0.0,1.0,0.0,0.015
0,0.0,69,0.08625000000000001,0.0,-0.02,0.009999999999999998,0.005000000000000001,10.000000000000002,0.0,0.0,6.000000000000001,0.025,0.0,-0.03,0.0,1.0,0.0,0.015
0,0.0,70,0.08750000000000001,0.0,-0.02,0.009999999999999998,0.005000000000000001,10.000000000000002,0.0,0.0,6.000000000000001,0.025,0.0,-0.03,0.0,1.0,0.0,0.015
0,0.0,71,0.08875,0.0,-0.02,0.009999999999999998,0.005000000000000001,10.000000000000002,0.0,0.0,6.000000000000001,0.025,0.0,-0.03,0.0,1.0,0.0,0.015
0,0.0,72,0.09,0.0,-0.02,0.009999999999999998,0.005000000000000001,10.000000000000002,0.0,0.0,6.000000000000001,0.025,0.0,-0.03,0.0,1.0,0.0,0.015
0,0.0,73,0.09125,0.0,-0.02,0.009999999999999998,0.005000000000000001,10.000000000000002,0.0,0.0,6.000000000000001,0.025,0.0,-0.03,0.0,1.0,0.0,0.015
0,0.0,74,0.0925,0.0,-0.02,0.009999999999999998,0.005000000000000001,10.000000000000002,0.0,0.0,6.000000000000001,0.025,0.0,-0.03,0.0,1.0,0.0,0.015
0,0.0,75,0.09375,0.0,-0.02,0.009999999999999998,0.005000000000000001,10.000000000000002,0.0,0.0,6.000000000000001,0.025,0.0,-0.03,0.0,1.0,0.0,0.015
0,0.0,76,0.095,0.0,-0.02,0.009999999999999998,0.005000000000000001,10.000000000000002,0.0,0.0,6.000000000000001,0.025,0.0,-0.03,0.0,1.0,0.0,0.015
0,0.0,77,0.09625,0.0,-0.02,0.009999999999999998,0.005000000000000001,10.000000000000002,0.0,0.0,6.000000000000001,0.025,0.0,-0.03,0.0,1.0,0.0,0.015
0,0.0,78,0.0975,0.0,-0.02,0.009999999999999998,0.005000000000000001,10.000000000000002,0.0,0.0,6.000000000000001,0.025,0.0,-0.03,0.0,1.0,0.0,0.015
0,0.0,79,0.09875,0.0,-0.02,0.009999999999999998,0.005000000000000001,10.000000000000002,0.0,0.0,6.000000000000001,0.025,0.0,-0.03,0.0,1.0,0.0,0.015
0,0.0,80,0.1,0.0,-0.02,0.009999999999999998,0.005000000000000001,10.000000000000002,0.0,0.0,6.000000000000001,0.025,0.0,-0.03,0.0,1.0,0.0,0.015
1,0.033332683012502744,0,0.0,0.0,-0.02,0.009999999999999998,0.005000000000000001,10.000000000000002,0.0,0.0,6.000000000000001,0.025,0.0,-0.03,0.0,1.0,0.0,0.015
1,0.033332683012502744,1,0.001243798574253281,0.0,-0.019978140605675175,0.010021859394324824,0.004978140605675176,9.956281211350351,-1.1322104705850257e-05,0.00020853274563912845,5.973768726810211,0.025,0.0,-0.03,0.0,1.0,0.0,0.015
1,0.033332683012502744,2,0.0024842764964845784,0.0,-0.01987872959350056,0.01012127040649944,0.0048787295935005595,9.75745918700112,3.1622576222876485e-05,0.00040615401998409195,5.854475512200671,0.025,0.0,-0.03,0.0,1.0,0.0,0.015
1,0.033332683012502744,3,0.0037173098560213114,0.0,-0.019707240083562116,0.010292759916437882,0.004707240083562117,9.414480167124234,-9.626507666585638e-05,0.0005994844276631069,5.64868810027454,0.025,0.0,-0.03,0.0,1.0,0.0,0.015
1,0.033332683012502744,4,0.00493975050149598,0.0,-0.01946951637103992,0.010530483628960079,0.004469516371039921,8.939032742079842,0.00013211710360448332,0.0007666809411321076,5.363419645247905,0.025,0.0,-0.03,0.0,1.0,0.0,0.015
1,0.033332683012502744,5,0.006149357670274521,0.0,-0.01917164980846002,0.010828350191539979,0.004171649808460021,8.343299616920042,-0.0002466644434509797,0.0009269571383460204,5.005979770152025,0.025,0.0,-0.03,0.0,1.0,0.0,0.015
1,0.033332683012502744,6,0.007344800929416954,0.0,-0.018819858518017558,0.011180141481982441,0.0038198585180175583,7.639717036035116,0.0002717442625949378,0.0010598550978708986,4.58383022162107,0.025,0.0,-0.03,0.0,1.0,0.0,0.015
1,0.033332683012502744,7,0.008525531977213887,0.0,-0.018420411508693415,0.011579588491306584,0.0034204115086934155,6.840823017386831,-0.00042239198003919963,0.0011827175158140382,4.104493810432098,0.025,0.0,-0.03,0.0,1.0,0.0,0.015
1,0.033332683012502744,8,0.009691770645516863,0.0,-0.017979543883337373,0.012020456116662626,0.002979543883337373,5.959087766674746,0.0004186595290270583,0.0012881051004022478,3.5754526600048475,0.025,0.0,-0.03,0.0,1.0,0.0,0.015
1,0.033332683012502744,9,0.01084435285778433,0.0,-0.017503429209876922,0.012496570790123077,0.002503429209876923,5.006858419753845,-0.0005931959443125626,0.0013784584349542074,3.004115051852307,0.025,0.0,-0.03,0.0,1.0,0.0,0.015
1,0.033332683012502744,10,0.011984699622861963,0.0,-0.016998132003461692,0.013001867996538307,0.0019981320034616924,3.996264006923385,0.000552408598092601,0.0014668748105789167,2.3977584041540307,0.025,0.0,-0.03,0.0,1.0,0.0,0.015
1,0.033332683012502744,11,0.013114947544258534,0.0,-0.01647011814600998,0.013529881853990018,0.0014701181460099813,2.9402362920199625,-0.0007374063280500088,0.001533817295114623,1.7641417752119775,0.025,0.0,-0.03,0.0,1.0,0.0,0.015
1,0.033332683012502744,12,0.014237996395800366,0.0,-0.015926416668833356,0.014073583331166643,0.0009264166688333561,1.8528333376667123,0.0006656912410080903,0.001630095158589601,1.1117000026000274,0.025,0.0,-0.03,0.0,1.0,0.0,0.015
1,0.033332683012502744,13,0.015356766660473347,0.0,-0.015373575509757648,0.014626424490242351,0.00037357550975764854,0.747151019515297,-0.0008798661011222795,0.0017097561826709803,0.4482906117091782,0.025,0.0,-0.03,0.0,1.0,0.0,0.015
2,0.06666536602500549,0,0.0,0.0,-0.02,0.009999999999999998,0.005000000000000001,10.000000000000002,0.0,0.0,6.000000000000001,0.025,0.0,-0.03,0.0,1.0,0.0,0.015
2,0.06666536602500549,1,0.0012438010891388813,0.0,-0.019978212967263227,0.010021787032736772,0.004978212967263227,9.956425934526454,-1.4208531777367517e-05,0.0002806688875779265,5.973855560715872,0.025,0.0,-0.03,0.0,1.0,0.0,0.015
2,0.06666536602500549,2,0.0024842883325806465,0.0,-0.01987892589845316,0.010121074101546838,0.004878925898453162,9.757851796906323,4.702265259958999e-05,0.0005486929238780501,5.854711078143794,0.025,0.0,-0.03,0.0,1.0,0.0,0.015
2,0.06666536602500549,3,0.003717341452028062,0.0,-0.019707594796975245,0.010292405203024754,0.004707594796975245,9.41518959395049,-0.00011917549753376231,0.0007910348352331512,5.649113756370294,0.025,0.0,-0.03,0.0,1.0,0.0,0.015
2,0.06666536602500549,4,0.004939812675262229,0.0,-0.019470046690458705,0.010529953309541294,0.004470046690458706,8.940093380917412,0.00018411501078718128,0.001002710635880015,5.364056028550447,0.025,0.0,-0.03,0.0,1.0,0.0,0.015
2,0.06666536602500549,5,0.006149457810476152,0.0,-0.01917235624857634,0.010827643751423657,0.004172356248576342,8.344712497152685,-0.00029353656510885316,0.0011716745891158487,5.006827498291611,0.025,0.0,-0.03,0.0,1.0,0.0,0.015
2,0.06666536602500549,6,0.00734494284755233,0.0,-0.018820725003328757,0.011179274996671242,0.003820725003328758,7.641450006657516,0.0003555712715898717,0.0013066738491831662,4.584870003994509,0.025,0.0,-0.03,0.0,1.0,0.0,0.015
2,0.06666536602500549,7,0.008525709495789652,0.0,-0.01842140740362567,0.01157859259637433,0.003421407403625669,6.8428148072513375,-0.0004676798933308324,0.0013911442146631449,4.105688884350802,0.025,0.0,-0.03,0.0,1.0,0.0,0.015
2,0.06666536602500549,8,0.009691973800100938,0.0,-0.017980622507043555,0.012019377492956444,0.002980622507043555,5.96124501408711,0.0005012008340605036,0.0014471432846088243,3.576747008452266,0.025,0.0,-0.03,0.0,1.0,0.0,0.015
2,0.06666536602500549,9,0.01084455566645048,0.0,-0.017504532412721815,0.012495467587278184,0.0025045324127218153,5.00906482544363,-0.0005860500869060548,0.0014529519111098294,3.005438895266178,0.025,0.0,-0.03,0.0,1.0,0.0,0.015
2,0.06666536602500549,10,0.011984875618769724,0.0,-0.016999184824855785,0.013000815175144214,0.0019991848248557854,3.998369649711571,0.000579066115914485,0.0014361954000111604,2.3990217898269424,0.025,0.0,-0.03,0.0,1.0,0.0,0.015
2,0.06666536602500549,11,0.013115050817043875,0.0,-0.01647103886860914,0.013528961131390859,0.0014710388686091404,2.942077737218281,-0.0006344663753046096,0.0014206399301839323,1.7652466423309685,0.025,0.0,-0.03,0.0,1.0,0.0,0.015
2,0.06666536602500549,12,0.014237984986820875,0.0,-0.0159271056478487,0.0140728943521513,0.0009271056478486993,1.8542112956973986,0.0006350319755104791,0.0014133826265567576,1.112526777418439,0.025,0.0,-0.03,0.0,1.0,0.0,0.015
2,0.06666536602500549,13,0.015356578040969833,0.0,-0.015373921529623054,0.014626078470376945,0.00037392152962305476,0.7478430592461095,-0.0006654357768794811,0.001417588742312845,0.4487058355476657,0.025,0.0,-0.03,0.0,1.0,0.0,0.015
3,0.09999804903750822,0,0.0,0.0,-0.02,0.009999999999999998,0.005000000000000001,10.000000000000002,0.0,0.0,6.000000000000001,0.025,0.0,-0.03,0.0,1.0,0.0,0.015
3,0.09999804903750822,1,0.0012438029949564926,0.0,-0.0199782366011704,0.010021763398829597,0.004978236601170402,9.956473202340804,-2.4804352204060335e-05,0.0004763729702270523,5.973883921404482,0.025,0.0,-0.03,0.0,1.0,0.0,0.015
3,0.09999804903750822,2,0.002484289999295897,0.0,-0.019878989434949687,0.010121010565050312,0.004878989434949688,9.757978869899375,8.969348554374189e-05,0.0009357038407574562,5.854787321939625,0.025,0.0,-0.03,0.0,1.0,0.0,0.015
3,0.09999804903750822,3,0.0037173545435148824,0.0,-0.019707707735805154,0.010292292264194845,0.004707707735805155,9.41541547161031,-0.0001999153654483078,0.0013622999007990753,5.649249282966186,0.025,0.0,-0.03,0.0,1.0,0.0,0.015
3,0.09999804903750822,4,0.0049398282796956775,0.0,-0.01947021559738577,0.01052978440261423,0.004470215597385769,8.940431194771538,0.00033677062686942433,0.0017457573090024407,5.364258716862922,0.025,0.0,-0.03,0.0,1.0,0.0,0.015
3,0.09999804903750822,5,0.006149493470817691,0.0,-0.019172577388753224,0.010827422611246775,0.004172577388753224,8.34515477750645,-0.000503021235430771,0.002078068505222005,5.00709286650387,0.025,0.0,-0.03,0.0,1.0,0.0,0.015
3,0.09999804903750822,6,0.007344981213225914,0.0,-0.018820996681903877,0.011179003318096122,0.0038209966819038772,7.641993363807755,0.0006657287237882032,0.0023592693451819006,4.585196018284653,0.025,0.0,-0.03,0.0,1.0,0.0,0.015
3,0.09999804903750822,7,0.008525768396788277,0.0,-0.01842171303461765,0.01157828696538235,0.003421713034617649,6.8434260692352975,-0.0008404974378130766,0.002586035264877106,4.106055641541178,0.025,0.0,-0.03,0.0,1.0,0.0,0.015
3,0.09999804903750822,8,0.009692027710425571,0.0,-0.017980953123518596,0.012019046876481403,0.002980953123518596,5.961906247037192,0.0009876911966567824,0.0027659350887310704,3.577143748222315,0.025,0.0,-0.03,0.0,1.0,0.0,0.015
3,0.09999804903750822,9,0.010844618268887813,0.0,-0.017504860197141384,0.012495139802858615,0.002504860197141384,5.009720394282768,-0.0011341841582342602,0.00289725437082065,3.0058322365696606,0.025,0.0,-0.03,0.0,1.0,0.0,0.015
3,0.09999804903750822,10,0.011984914879806092,0.0,-0.016999493613684066,0.013000506386315933,0.001999493613684067,3.9989872273681337,0.0012418540282910977,0.0029895661204795126,2.3993923364208802,0.025,0.0,-0.03,0.0,1.0,0.0,0.015
3,0.09999804903750822,11,0.01311507365987765,0.0,-0.01647129201187345,0.01352870798812655,0.0014712920118734492,2.9425840237468983,-0.0012934902701381523,0.0029571958868773005,1.7655504142481389,0.025,0.0,-0.03,0.0,1.0,0.0,0.015
3,0.09999804903750822,12,0.014237956039006499,0.0,-0.01592727930410837,0.01407272069589163,0.00092727930410837,1.85455860821674,0.0013188110751526825,0.0029109287339612777,1.1127351649300439,0.025,0.0,-0.03,0.0,1.0,0.0,0.015
3,0.09999804903750822,13,0.015356496003224024,0.0,-0.015373970289429082,0.014626029710570917,0.00037397028942908264,0.7479405788581652,-0.001334536419721487,0.002856966879511903,0.4487643473148991,0.025,0.0,-0.03,0.0,1.0,0.0,0.015
4,0.13333073205001097,0,0.0,0.0,-0.02,0.009999999999999998,0.005000000000000001,10.000000000000002,0.0,0.0,6.000000000000001,0.025,0.0,-0.03,0.0,1.0,0.0,0.015
4,0.13333073205001097,1,0.0012438047154985778,0.0,-0.01997824108547454,0.010021758914525458,0.004978241085474542,9.956482170949084,-1.892916176364865e-06,4.0753133778661605e-05,5.97388930256945,0.025,0.0,-0.03,0.0,1.0,0.0,0.015
4,0.13333073205001097,2,0.002484286943984709,0.0,-0.019879001984519005,0.010120998015480994,0.004879001984519005,9.758003969038011,-5.65809059171901e-07,7.874963001261628e-05,5.8548023814228065,0.025,0.0,-0.03,0.0,1.0,0.0,0.015
4,0.13333073205001097,3,0.0037173609624746346,0.0,-0.019707728779695535,0.010292271220304464,0.004707728779695535,9.41545755939107,1.0340106295026582e-05,0.00011154818669650843,5.649274535634642,0.025,0.0,-0.03,0.0,1.0,0.0,0.015
4,0.13333073205001097,4,0.00493982480150469,0.0,-0.019470249133271823,0.010529750866728176,0.004470249133271823,8.940498266543646,-2.3199667760243967e-05,0.00013816316068477832,5.364298959926187,0.025,0.0,-0.03,0.0,1.0,0.0,0.015
4,0.13333073205001097,5,0.006149506363696155,0.0,-0.019172618092690514,0.010827381907309485,0.0041726180926905145,8.34523618538103,3.6198513541829464e-05,0.00015790743595186797,5.007141711228617,0.025,0.0,-0.03,0.0,1.0,0.0,0.015
4,0.13333073205001097,6,0.007344979434282994,0.0,-0.01882105100934203,0.01117894899065797,0.0038210510093420295,7.642102018684059,-4.883963255344778e-05,0.0001706056220450963,4.585261211210435,0.025,0.0,-0.03,0.0,1.0,0.0,0.015
4,0.13333073205001097,7,0.008525787437661133,0.0,-0.018421768665045867,0.011578231334954132,0.0034217686650458677,6.843537330091736,5.8840805736854216e-05,0.00017620602653467147,4.106122398055041,0.025,0.0,-0.03,0.0,1.0,0.0,0.015
4,0.13333073205001097,8,0.009692026717254058,0.0,-0.017981020054563434,0.012018979945436565,0.0029810200545634345,5.962040109126869,-6.670310528108587e-05,0.00017501511295035682,3.5772240654761216,0.025,0.0,-0.03,0.0,1.0,0.0,0.015
4,0.13333073205001097,9,0.0108446393966531,0.0,-0.01750491901065284,0.012495080989347158,0.002504919010652841,5.009838021305682,7.126938967441964e-05,0.0001669272616101164,3.005902812783409,0.025,0.0,-0.03,0.0,1.0,0.0,0.015
4,0.13333073205001097,10,0.011984909365840051,0.0,-0.01699955792382401,0.01300044207617599,0.0019995579238240094,3.9991158476480186,-8.28730826433391e-05,0.00014864049681656658,2.399469508588811,0.025,0.0,-0.03,0.0,1.0,0.0,0.015
4,0.13333073205001097,11,0.013115088059021332,0.0,-0.01647133623117639,0.013528663768823609,0.0014713362311763907,2.9426724623527813,3.495472358421363e-05,7.18454427896148e-05,1.7656034774116687,0.025,0.0,-0.03,0.0,1.0,0.0,0.015
4,0.13333073205001097,12,0.014237937156052483,0.0,-0.015927319266825297,0.014072680733174702,0.0009273192668252973,1.8546385336505946,-6.50266411310413e-06,1.0987702789936764e-05,1.1127831201903566,0.025,0.0,-0.03,0.0,1.0,0.0,0.015
4,0.13333073205001097,13,0.015356490938086444,0.0,-0.015373976190925983,0.014626023809074016,0.0003739761909259832,0.7479523818519663,-1.330710421105937e-05,3.23987013132856e-05,0.4487714291111798,0.025,0.0,-0.03,0.0,1.0,0.0,0.015
5,0.16666341506251373,0,0.0,0.0,-0.02,0.009999999999999998,0.005000000000000001,10.000000000000002,0.0,0.0,6.000000000000001,0.025,0.0,-0.03,0.0,1.0,0.0,0.015
5,0.16666341506251373,1,0.0012438025396077587,0.0,-0.019978239969554903,0.010021760030445095,0.004978239969554904,9.956479939109808,2.5102869988397513e-05,0.0005167155596434628,5.973887963465885,0.025,0.0,-0.03,0.0,1.0,0.0,0.015
5,0.16666341506251373,2,0.0024842901783453993,0.0,-0.019878998359193805,0.010121001640806194,0.004878998359193806,9.757996718387611,-9.540768983051068e-05,0.001015429472997067,5.8547980310325665,0.025,0.0,-0.03,0.0,1.0,0.0,0.015
5,0.16666341506251373,3,0.003717354290929616,0.0,-0.019707723627112605,0.010292276372887394,0.004707723627112605,9.41544725422521,0.00021375328837484558,0.0014797973045974511,5.649268352535126,0.025,0.0,-0.03,0.0,1.0,0.0,0.015
5,0.16666341506251373,4,0.004939830137297595,0.0,-0.01947023886833958,0.010529761131660417,0.004470238868339582,8.940477736679163,-0.0003671651028406723,0.0018987586566477613,5.364286642007498,0.025,0.0,-0.03,0.0,1.0,0.0,0.015
5,0.16666341506251373,5,0.006149495189642343,0.0,-0.01917260832520203,0.01082739167479797,0.00417260832520203,8.34521665040406,0.0005454926990327025,0.0022653566000999403,5.0071299902424355,0.025,0.0,-0.03,0.0,1.0,0.0,0.015
5,0.16666341506251373,6,0.007344985666308665,0.0,-0.018821033811211436,0.011178966188788563,0.0038210338112114363,7.642067622422872,-0.0007314044899846521,0.002577988849191856,4.585240573453723,0.025,0.0,-0.03,0.0,1.0,0.0,0.015
5,0.16666341506251373,7,0.008525772447200541,0.0,-0.01842175569422519,0.01157824430577481,0.0034217556942251898,6.84351138845038,0.0009194360498478217,0.0028362566677252485,4.1061068330702275,0.025,0.0,-0.03,0.0,1.0,0.0,0.015
5,0.16666341506251373,8,0.009692033514221531,0.0,-0.017980998297819854,0.012019001702180145,0.002980998297819854,5.961996595639708,-0.0010933350599537967,0.003044534124744476,3.577197957383825,0.025,0.0,-0.03,0.0,1.0,0.0,0.015
5,0.16666341506251373,9,0.010844622361884569,0.0,-0.01750490620260333,0.012495093797396668,0.002504906202603331,5.009812405206662,0.0012534177445730837,0.003205310696547142,3.005887443123997,0.025,0.0,-0.03,0.0,1.0,0.0,0.015
5,0.16666341506251373,10,0.011984917812552462,0.0,-0.01699953635451887,0.013000463645481127,0.0019995363545188723,3.9990727090377445,-0.0013907209991411232,0.0033233077728611797,2.3994436254226468,0.025,0.0,-0.03,0.0,1.0,0.0,0.015
5,0.16666341506251373,11,0.013115072635884104,0.0,-0.01647132853115525,0.01352867146884475,0.0014713285311552492,2.942657062310498,0.0014480939892217088,0.003315050294371346,1.765594237386299,0.025,0.0,-0.03,0.0,1.0,0.0,0.015
5,0.16666341506251373,12,0.014237948874220835,0.0,-0.015927305388342746,0.014072694611657253,0.0009273053883427466,1.8546107766854933,-0.0015006979325568328,0.0033053031842998136,1.112766466011296,0.025,0.0,-0.03,0.0,1.0,0.0,0.015
5,0.16666341506251373,13,0.015356481586365486,0.0,-0.015373980731397589,0.01462601926860241,0.0003739807313975895,0.747961462795179,0.0015429081259233106,0.003300466621593576,0.44877687767710744,0.025,0.0,-0.03,0.0,1.0,0.0,0.015
6,0.19999609807501645,0,0.0,0.0,-0.02,0.009999999999999998,0.005000000000000001,10.000000000000002,0.0,0.0,6.000000000000001,0.025,0.0,-0.03,0.0,1.0,0.0,0.015
6,0.19999609807501645,1,0.0012438008494602428,0.0,-0.019978237393650455,0.010021762606349544,0.004978237393650456,9.956474787300913,1.6500655826600523e-05,0.0002936485327846327,5.973884872380547,0.025,0.0,-0.03,0.0,1.0,0.0,0.015
6,0.19999609807501645,2,0.00248429219058801,0.0,-0.019878990927766956,0.010121009072233043,0.004878990927766957,9.757981855533913,-5.804778528708776e-05,0.0005776248206117784,5.854789113320348,0.025,0.0,-0.03,0.0,1.0,0.0,0.015
6,0.19999609807501645,3,0.0037173485472395715,0.0,-0.019707711340841403,0.010292288659158596,0.0047077113408414036,9.415422681682807,0.00012518084979909965,0.0008429809251360193,5.649253609009684,0.025,0.0,-0.03,0.0,1.0,0.0,0.015
6,0.19999609807501645,4,0.004939832419293573,0.0,-0.0194702186679236,0.0105297813320764,0.0044702186679236,8.9404373358472,-0.00021118142398839776,0.0010835002929448674,5.36426240150832,0.025,0.0,-0.03,0.0,1.0,0.0,0.015
6,0.19999609807501645,5,0.0061494845054410096,0.0,-0.019172584395008813,0.010827415604991186,0.004172584395008814,8.345168790017627,0.00031307810488468996,0.0012948167140431391,5.0071012740105765,0.025,0.0,-0.03,0.0,1.0,0.0,0.015
6,0.19999609807501645,6,0.007344986666087603,0.0,-0.018821000810240452,0.011178999189759547,0.0038210008102404526,7.642001620480905,-0.0004180583884676313,0.0014764164648101278,4.585200972288543,0.025,0.0,-0.03,0.0,1.0,0.0,0.015
6,0.19999609807501645,7,0.008525757260902291,0.0,-0.018421722893822753,0.011578277106177245,0.003421722893822754,6.843445787645508,0.0005269136715529279,0.0016273031194860624,4.106067472587305,0.025,0.0,-0.03,0.0,1.0,0.0,0.015
6,0.19999609807501645,8,0.009692033513693117,0.0,-0.01798095754076498,0.012019042459235019,0.0029809575407649808,5.961915081529962,-0.0006258309524388944,0.001750751606445231,3.577149048917977,0.025,0.0,-0.03,0.0,1.0,0.0,0.015
6,0.19999609807501645,9,0.01084460545499635,0.0,-0.017504871675056724,0.012495128324943275,0.0025048716750567246,5.00974335011345,0.000719439527243166,0.00184728660901079,3.0058460100680695,0.025,0.0,-0.03,0.0,1.0,0.0,0.015
6,0.19999609807501645,10,0.011984919877484962,0.0,-0.016999497493513687,0.013000502506486312,0.0019994974935136876,3.998994987027375,-0.0007926340937085985,0.0019225493776884018,2.399396992216425,0.025,0.0,-0.03,0.0,1.0,0.0,0.015
6,0.19999609807501645,11,0.01311505968202218,0.0,-0.016471303385317253,0.013528696614682745,0.001471303385317254,2.942606770634508,0.0008489822182219877,0.0019471404930119444,1.7655640623807047,0.025,0.0,-0.03,0.0,1.0,0.0,0.015
6,0.19999609807501645,12,0.014237958787706704,0.0,-0.015927282128863296,0.014072717871136703,0.0009272821288632965,1.854564257726593,-0.0008885722303516497,0.001959914709634323,1.1127385546359558,0.025,0.0,-0.03,0.0,1.0,0.0,0.015
6,0.19999609807501645,13,0.015356480691292378,0.0,-0.01537398012412666,0.01462601987587334,0.0003739801241266598,0.7479602482533196,0.0009166810471016153,0.0019634348436647444,0.44877614895199175,0.025,0.0,-0.03,0.0,1.0,0.0,0.015
7,0.2333287810875192,0,0.0,0.0,-0.02,0.009999999999999998,0.005000000000000001,10.000000000000002,0.0,0.0,6.000000000000001,0.025,0.0,-0.03,0.0,1.0,0.0,0.015
7,0.2333287810875192,1,0.0012438004199550271,0.0,-0.019978234586725627,0.010021765413274372,0.004978234586725628,9.956469173451255,-6.40012339057764e-06,0.00017458205495653415,5.973881504070753,0.025,0.0,-0.03,0.0,1.0,0.0,0.015
7,0.2333287810875192,2,0.0024842917616706714,0.0,-0.019878983257225154,0.010121016742774845,0.004878983257225154,9.757966514450308,2.901879688319181e-05,0.00034318518206344573,5.854779908670184,0.025,0.0,-0.03,0.0,1.0,0.0,0.015
7,0.2333287810875192,3,0.003717346343033761,0.0,-0.01970769772425321,0.01029230227574679,0.00470769772425321,9.41539544850642,-6.893240133410753e-05,0.0005006856858582948,5.6492372691038515,0.025,0.0,-0.03,0.0,1.0,0.0,0.015
7,0.2333287810875192,4,0.00493983008677553,0.0,-0.019470198126052194,0.010529801873947805,0.004470198126052195,8.940396252104389,0.00012344578187562479,0.0006435306148938771,5.364237751262633,0.025,0.0,-0.03,0.0,1.0,0.0,0.015
7,0.2333287810875192,5,0.006149479080024375,0.0,-0.019172557564621922,0.010827442435378077,0.0041725575646219225,8.345115129243846,-0.00018378408492036513,0.0007706109113315658,5.007069077546308,0.025,0.0,-0.03,0.0,1.0,0.0,0.015
7,0.2333287810875192,6,0.007344981367302387,0.0,-0.018820967586906406,0.011179032413093593,0.003820967586906407,7.641935173812814,0.000251437105014323,0.0008805985686868371,4.585161104287688,0.025,0.0,-0.03,0.0,1.0,0.0,0.015
7,0.2333287810875192,7,0.008525748460211816,0.0,-0.018421685716565307,0.011578314283434692,0.003421685716565308,6.843371433130615,-0.0003158694316914928,0.0009753045208538833,4.106022859878369,0.025,0.0,-0.03,0.0,1.0,0.0,0.015
7,0.2333287810875192,8,0.00969202616475633,0.0,-0.017980916936130614,0.012019083063869385,0.002980916936130614,5.961833872261228,0.0003823782148534501,0.001054336851994715,3.5771003233567367,0.025,0.0,-0.03,0.0,1.0,0.0,0.015
7,0.2333287810875192,9,0.010844595624638853,0.0,-0.01750483185878206,0.012495168141217938,0.002504831858782062,5.009663717564123,-0.0004403173758479428,0.0011209122275222287,3.005798230538474,0.025,0.0,-0.03,0.0,1.0,0.0,0.015
7,0.2333287810875192,10,0.011984914285008837,0.0,-0.01699945950628409,0.01300054049371591,0.0019994595062840896,3.9989190125681793,0.0005046023035125125,0.0011718148457854063,2.3993514075409075,0.025,0.0,-0.03,0.0,1.0,0.0,0.015
7,0.2333287810875192,11,0.013115054053464598,0.0,-0.016471273087422973,0.013528726912577026,0.0014712730874229737,2.9425461748459476,-0.0004961484437032747,0.0011341120671909321,1.7655277049075686,0.025,0.0,-0.03,0.0,1.0,0.0,0.015
7,0.2333287810875192,12,0.014237961885256976,0.0,-0.015927260685668413,0.014072739314331586,0.0009272606856684136,1.8545213713368272,0.000501877943395393,0.0011031511041438812,1.1127128228020962,0.025,0.0,-0.03,0.0,1.0,0.0,0.015
7,0.2333287810875192,13,0.015356487480574152,0.0,-0.015373975616779039,0.01462602438322096,0.00037397561677903965,0.7479512335580794,-0.0005065732056640561,0.0010831187286149816,0.4487707401348476,0.025,0.0,-0.03,0.0,1.0,0.0,0.015
8,0.26666146410002195,0,0.0,0.0,-0.02,0.009999999999999998,0.005000000000000001,10.000000000000002,0.0,0.0,6.000000000000001,0.025,0.0,-0.03,0.0,1.0,0.0,0.015
8,0.26666146410002195,1,0.0012438015081665593,0.0,-0.0199782318518415,0.0100217681481585,0.0049782318518415,9.956463703683,-1.013293727461738e-05,0.00020409192503191562,5.973878222209799,0.025,0.0,-0.03,0.0,1.0,0.0,0.015
8,0.26666146410002195,2,0.0024842884399111816,0.0,-0.019878976306272614,0.010121023693727384,0.004878976306272615,9.75795261254523,3.850882444580137e-05,0.00040070720139804623,5.854771567527138,0.025,0.0,-0.03,0.0,1.0,0.0,0.015
8,0.26666146410002195,3,0.0037173485706732657,0.0,-0.01970768422852454,0.01029231577147546,0.00470768422852454,9.41536845704908,-8.421243235388442e-05,0.0005832638583112456,5.649221074229448,0.025,0.0,-0.03,0.0,1.0,0.0,0.015
8,0.26666146410002195,4,0.004939822375824593,0.0,-0.019470179808429546,0.010529820191570453,0.004470179808429547,8.940359616859093,0.00014545595407150727,0.000746659560239992,5.364215770115456,0.025,0.0,-0.03,0.0,1.0,0.0,0.015
8,0.26666146410002195,5,0.006149480643281587,0.0,-0.019172530620859912,0.010827469379140087,0.004172530620859913,8.345061241719826,-0.00021306200727904602,0.0008885946407505577,5.007036745031895,0.025,0.0,-0.03,0.0,1.0,0.0,0.015
8,0.26666146410002195,6,0.007344968766601675,0.0,-0.018820938382179266,0.011179061617820733,0.003820938382179267,7.641876764358534,0.0002869429223186369,0.0010070628251674968,4.58512605861512,0.025,0.0,-0.03,0.0,1.0,0.0,0.015
8,0.26666146410002195,7,0.008525748689478946,0.0,-0.018421647860411502,0.011578352139588497,0.0034216478604115023,6.843295720823004,-0.0003559832409944406,0.0011033362893433775,4.105977432493803,0.025,0.0,-0.03,0.0,1.0,0.0,0.015
8,0.26666146410002195,8,0.009692010048443013,0.0,-0.017980881895975343,0.012019118104024656,0.0029808818959753437,5.961763791950688,0.00042383464148493494,0.0011769422428341706,3.5770582751704123,0.025,0.0,-0.03,0.0,1.0,0.0,0.015
8,0.26666146410002195,9,0.010844596258074036,0.0,-0.01750479041046628,0.012495209589533717,0.0025047904104662823,5.009580820932564,-0.0004790168982951005,0.0012311631795098323,3.0057484925595386,0.025,0.0,-0.03,0.0,1.0,0.0,0.015
8,0.26666146410002195,10,0.011984898658825105,0.0,-0.016999427915422458,0.013000572084577541,0.001999427915422458,3.9988558308449162,0.0005276556347400023,0.001266060408522757,2.3993134985069497,0.025,0.0,-0.03,0.0,1.0,0.0,0.015
8,0.26666146410002195,11,0.013115059486143015,0.0,-0.016471239780274892,0.013528760219725107,0.0014712397802748925,2.942479560549785,-0.000555817053444776,0.00127623545940282,1.7654877363298709,0.025,0.0,-0.03,0.0,1.0,0.0,0.015
8,0.26666146410002195,12,0.01423795392453877,0.0,-0.015927245336341964,0.014072754663658035,0.0009272453363419648,1.8544906726839296,0.0005846504266311624,0.0012856292141992507,1.1126944036103577,0.025,0.0,-0.03,0.0,1.0,0.0,0.015
8,0.26666146410002195,13,0.015356505096845635,0.0,-0.01537396605322872,0.01462603394677128,0.0003739660532287199,0.7479321064574398,-0.0006062534315287791,0.001296329767053297,0.44875926387446385,0.025,0.0,-0.03,0.0,1.0,0.0,0.015
9,0.2999941471125247,0,0.0,0.0,-0.02,0.009999999999999998,0.005000000000000001,10.000000000000002,0.0,0.0,6.000000000000001,0.025,0.0,-0.03,0.0,1.0,0.0,0.015
9,0.2999941471125247,1,0.0012438014034090999,0.0,-0.019978229396345682,0.010021770603654317,0.004978229396345683,9.956458792691365,-9.107134335456244e-06,0.00017963266879689576,5.973875275614819,0.025,0.0,-0.03,0.0,1.0,0.0,0.015
9,0.2999941471125247,2,0.0024842875747486106,0.0,-0.019878969723504496,0.010121030276495503,0.004878969723504496,9.757939447008992,3.426658630851102e-05,0.00035304853262050305,5.854763668205395,0.025,0.0,-0.03,0.0,1.0,0.0,0.015
9,0.2999941471125247,3,0.003717347422908491,0.0,-0.01970767230935085,0.01029232769064915,0.00470767230935085,9.4153446187017,-7.45621018022145e-05,0.0005147858617834777,5.64920677122102,0.025,0.0,-0.03,0.0,1.0,0.0,0.015
9,0.2999941471125247,4,0.004939819446696278,0.0,-0.019470162201062197,0.010529837798937802,0.004470162201062198,8.940324402124396,0.00012882652356117143,0.0006605826073818085,5.364194641274637,0.025,0.0,-0.03,0.0,1.0,0.0,0.015
9,0.2999941471125247,5,0.006149477087835996,0.0,-0.019172507106819708,0.010827492893180291,0.004172507106819708,8.345014213639416,-0.00018907722779875442,0.0007886186783264252,5.00700852818365,0.025,0.0,-0.03,0.0,1.0,0.0,0.015
9,0.2999941471125247,6,0.007344962989305032,0.0,-0.018820909947832434,0.011179090052167565,0.003820909947832435,7.64181989566487,0.00025558059302907364,0.0008972447110438679,4.585091937398922,0.025,0.0,-0.03,0.0,1.0,0.0,0.015
9,0.2999941471125247,7,0.008525742441961909,0.0,-0.018421615228587075,0.011578384771412924,0.0034216152285870757,6.843230457174151,-0.0003184972098112608,0.0009877211987441763,4.10593827430449,0.025,0.0,-0.03,0.0,1.0,0.0,0.015
9,0.2999941471125247,8,0.009692002370882843,0.0,-0.01798084719534282,0.01201915280465718,0.00298084719534282,5.96169439068564,0.0003814221026855011,0.0010596567295957197,3.577016634411384,0.025,0.0,-0.03,0.0,1.0,0.0,0.015
9,0.2999941471125247,9,0.010844589190765351,0.0,-0.017504755379516835,0.012495244620483164,0.0025047553795168355,5.009510759033671,-0.00043416866263918963,0.0011160145783872942,3.0057064554202024,0.025,0.0,-0.03,0.0,1.0,0.0,0.015
9,0.2999941471125247,10,0.011984892510999132,0.0,-0.016999395491527985,0.013000604508472013,0.001999395491527986,3.9987909830559722,0.00048353041676063726,0.0011563968509777786,2.3992745898335834,0.025,0.0,-0.03,0.0,1.0,0.0,0.015
9,0.2999941471125247,11,0.013115056177834263,0.0,-0.016471212838116495,0.013528787161883504,0.0014712128381164959,2.942425676232992,-0.0005004339958032422,0.0011491311461182777,1.765455405739795,0.025,0.0,-0.03,0.0,1.0,0.0,0.015
9,0.2999941471125247,12,0.014237955075824503,0.0,-0.015927227403855812,0.014072772596144187,0.0009272274038558126,1.8544548077116252,0.0005162899407326678,0.0011366986960125549,1.1126728846269751,0.025,0.0,-0.03,0.0,1.0,0.0,0.015
9,0.2999941471125247,13,0.015356512654117476,0.0,-0.015373961272755844,0.014626038727244155,0.00037396127275584473,0.7479225455116895,-0.0005236478583138771,0.0011214189440732659,0.4487535273070137,0.025,0.0,-0.03,0.0,1.0,0.0,0.015
10,0.33332683012502745,0,0.0,0.0,-0.02,0.009999999999999998,0.005000000000000001,10.000000000000002,0.0,0.0,6.000000000000001,0.025,0.0,-0.03,0.0,1.0,0.0,0.015
10,0.33332683012502745,1,0.001243801826058974,0.0,-0.019978227130483483,0.010021772869516516,0.004978227130483483,9.956454260966966,-2.4417372299295396e-06,2.3537484522782927e-05,5.973872556580179,0.025,0.0,-0.03,0.0,1.0,0.0,0.015
10,0.33332683012502745,2,0.002484285762118962,0.0,-0.019878963828798547,0.010121036171201452,0.004878963828798547,9.757927657597094,6.9749236806399066e-06,4.6378964433255664e-05,5.854756594558256,0.025,0.0,-0.03,0.0,1.0,0.0,0.015
10,0.33332683012502745,3,0.00371734789038794,0.0,-0.019707661225877984,0.010292338774122015,0.004707661225877985,9.41532245175597,-1.148228230312006e-05,6.798058301852953e-05,5.649193471053581,0.025,0.0,-0.03,0.0,1.0,0.0,0.015
10,0.33332683012502745,4,0.004939814805699086,0.0,-0.019470146545143917,0.010529853454856082,0.004470146545143917,8.940293090287835,1.8650854264632177e-05,8.73822785945712e-05,5.364175854172701,0.025,0.0,-0.03,0.0,1.0,0.0,0.015
10,0.33332683012502745,5,0.0061494762563663215,0.0,-0.01917248510136251,0.010827514898637487,0.004172485101362512,8.344970202725024,-2.5031984676856e-05,0.00010453475914203038,5.006982121635015,0.025,0.0,-0.03,0.0,1.0,0.0,0.015
10,0.33332683012502745,6,0.0073449549154425905,0.0,-0.018820884840961595,0.011179115159038404,0.0038208848409615956,7.641769681923191,3.428118430279419e-05,0.0001184891424901352,4.585061809153914,0.025,0.0,-0.03,0.0,1.0,0.0,0.015
10,0.33332683012502745,7,0.008525739945205621,0.0,-0.018421584462698495,0.011578415537301504,0.003421584462698496,6.843168925396991,-4.044000913660206e-05,0.00013011128569990652,4.105901355238195,0.025,0.0,-0.03,0.0,1.0,0.0,0.015
10,0.33332683012502745,8,0.009691991822461339,0.0,-0.017980816855394592,0.012019183144605407,0.0029808168553945927,5.961633710789186,4.925280352357068e-05,0.00013818965166441575,3.5769802264735113,0.025,0.0,-0.03,0.0,1.0,0.0,0.015
10,0.33332683012502745,9,0.010844586658309624,0.0,-0.017504721937987244,0.012495278062012755,0.002504721937987245,5.0094438759744895,-5.302360099143733e-05,0.00014436263455709923,3.0056663255846936,0.025,0.0,-0.03,0.0,1.0,0.0,0.015
10,0.33332683012502745,10,0.011984882667697656,0.0,-0.016999367718721917,0.013000632281278082,0.001999367718721917,3.9987354374438344,5.5157143294896084e-05,0.00014868620100320042,2.3992412624663007,0.025,0.0,-0.03,0.0,1.0,0.0,0.015
10,0.33332683012502745,11,0.013115057547401431,0.0,-0.016471186377209106,0.013528813622790892,0.001471186377209107,2.942372754418214,-7.305577509450998e-05,0.00017216065656356388,1.7654236526509284,0.025,0.0,-0.03,0.0,1.0,0.0,0.015
10,0.33332683012502745,12,0.014237951619312426,0.0,-0.01592721310271211,0.01407278689728789,0.0009272131027121093,1.8544262054242187,8.606152332099677e-05,0.00018934185167313129,1.112655723254531,0.025,0.0,-0.03,0.0,1.0,0.0,0.015
10,0.33332683012502745,13,0.015356524170413314,0.0,-0.015373954750716281,0.014626045249283718,0.0003739547507162818,0.7479095014325636,-9.287484747828916e-05,0.00019975216450332913,0.4487457008595382,0.025,0.0,-0.03,0.0,1.0,0.0,0.015
11,0.3666595131375302,0,0.0,0.0,-0.02,0.009999999999999998,0.005000000000000001,10.000000000000002,0.0,0.0,6.000000000000001,0.025,0.0,-0.03,0.0,1.0,0.0,0.015
11,0.3666595131375302,1,0.001243801334487101,0.0,-0.01997822511271026,0.010021774887289739,0.004978225112710261,9.956450225420522,4.07200244424744e-06,9.723673513816634e-05,5.973870135252313,0.025,0.0,-0.03,0.0,1.0,0.0,0.015
11,0.3666595131375302,2,0.002484285838533775,0.0,-0.019878958300127602,0.010121041699872397,0.0048789583001276025,9.757916600255205,-1.6532835694040126e-05,0.00019056955219692393,5.854749960153123,0.025,0.0,-0.03,0.0,1.0,0.0,0.015
11,0.3666595131375302,3,0.0037173457922000932,0.0,-0.019707651507572848,0.010292348492427151,0.0047076515075728485,9.415303015145698,3.9105797741930544e-05,0.0002763807281947607,5.649181809087419,0.025,0.0,-0.03,0.0,1.0,0.0,0.015
11,0.3666595131375302,4,0.004939813837598722,0.0,-0.019470131667906686,0.010529868332093312,0.004470131667906687,8.940263335813373,-6.713965867859242e-05,0.00035247782323349024,5.364158001488024,0.025,0.0,-0.03,0.0,1.0,0.0,0.015
11,0.3666595131375302,5,0.00614947159171271,0.0,-0.019172466020189204,0.010827533979810795,0.004172466020189204,8.344932040378408,0.00010053708211922879,0.0004170354655006353,5.006959224227045,0.025,0.0,-0.03,0.0,1.0,0.0,0.015
11,0.3666595131375302,6,0.007344952053251604,0.0,-0.01882086072201314,0.01117913927798686,0.003820860722013139,7.641721444026278,-0.0001327857891138783,0.00047003915997405023,4.585032866415767,0.025,0.0,-0.03,0.0,1.0,0.0,0.015
11,0.3666595131375302,7,0.008525732691393674,0.0,-0.018421558082863537,0.011578441917136462,0.003421558082863537,6.843116165727074,0.0001664485265954551,0.0005105969181730485,4.105869699436244,0.025,0.0,-0.03,0.0,1.0,0.0,0.015
11,0.3666595131375302,8,0.009691987635878979,0.0,-0.01798078730433445,0.012019212695665547,0.002980787304334452,5.961574608668904,-0.0001938658559922826,0.0005402523493330862,3.5769447652013424,0.025,0.0,-0.03,0.0,1.0,0.0,0.015
11,0.3666595131375302,9,0.01084457857795944,0.0,-0.017504693765446694,0.012495306234553305,0.0025046937654466944,5.009387530893389,0.00021997586752741204,0.0005583270276313154,3.0056325185360335,0.025,0.0,-0.03,0.0,1.0,0.0,0.015
11,0.3666595131375302,10,0.011984879797258208,0.0,-0.01699933990243095,0.013000660097569047,0.001999339902430952,3.9986798048619043,-0.0002389938865960389,0.0005661766267002143,2.3992078829171426,0.025,0.0,-0.03,0.0,1.0,0.0,0.015
11,0.3666595131375302,11,0.013115052634281829,0.0,-0.016471164986960784,0.013528835013039215,0.0014711649869607844,2.9423299739215687,0.00024165261088519735,0.0005506250858739284,1.7653979843529413,0.025,0.0,-0.03,0.0,1.0,0.0,0.015
11,0.3666595131375302,12,0.014237954703909211,0.0,-0.015927197260908507,0.014072802739091492,0.0009271972609085077,1.8543945218170155,-0.00024451167551158817,0.0005384151551497316,1.1126367130902093,0.025,0.0,-0.03,0.0,1.0,0.0,0.015
11,0.3666595131375302,13,0.015356528338042049,0.0,-0.015373951761164066,0.014626048238835933,0.00037395176116406664,0.7479035223281333,0.00024864783561273494,0.0005306421453311626,0.44874211339687997,0.025,0.0,-0.03,0.0,1.0,0.0,0.015
12,0.3999921961500329,0,0.0,0.0,-0.02,0.009999999999999998,0.005000000000000001,10.000000000000002,0.0,0.0,6.000000000000001,0.025,0.0,-0.03,0.0,1.0,0.0,0.015
12,0.3999921961500329,1,0.0012438006611725212,0.0,-0.019978223287334763,0.010021776712665235,0.004978223287334764,9.956446574669528,1.2569254772003547e-05,0.0002510685102664438,5.973867944801716,0.025,0.0,-0.03,0.0,1.0,0.0,0.015
12,0.3999921961500329,2,0.0024842863499174935,0.0,-0.019878953230520875,0.010121046769479124,0.004878953230520875,9.75790646104175,-4.6993981352107834e-05,0.0004939562178319773,5.85474387662505,0.025,0.0,-0.03,0.0,1.0,0.0,0.015
12,0.3999921961500329,3,0.003717343245548567,0.0,-0.019707642757293947,0.010292357242706052,0.004707642757293948,9.415285514587895,0.00010480708015352165,0.0007212035926830598,5.649171308752737,0.025,0.0,-0.03,0.0,1.0,0.0,0.015
12,0.3999921961500329,4,0.004939813764159736,0.0,-0.019470117978990543,0.010529882021009455,0.004470117978990544,8.940235957981088,-0.0001796411238090842,0.0009278472703765676,5.364141574788652,0.025,0.0,-0.03,0.0,1.0,0.0,0.015
12,0.3999921961500329,5,0.0061494664025957164,0.0,-0.01917244888803714,0.01082755111196286,0.004172448888037139,8.344897776074278,0.0002678296654714024,0.001110676655205635,5.006938665644567,0.025,0.0,-0.03,0.0,1.0,0.0,0.015
12,0.3999921961500329,6,0.007344950499933327,0.0,-0.018820838483467786,0.011179161516532213,0.0038208384834677867,7.641676966935574,-0.0003599145952048402,0.0012692907222413656,4.585006180161344,0.025,0.0,-0.03,0.0,1.0,0.0,0.015
12,0.3999921961500329,7,0.008525724971491688,0.0,-0.018421534446886587,0.011578465553113412,0.003421534446886587,6.843068893773174,0.0004550803605367019,0.001403375452586282,4.105841336263905,0.025,0.0,-0.03,0.0,1.0,0.0,0.015
12,0.3999921961500329,8,0.009691984984850181,0.0,-0.017980760005797975,0.012019239994202024,0.0029807600057979756,5.961520011595951,-0.000543689445674299,0.0015154589282250037,3.5769120069575706,0.025,0.0,-0.03,0.0,1.0,0.0,0.015
12,0.3999921961500329,9,0.010844570066457273,0.0,-0.01750466859017194,0.012495331409828059,0.0025046685901719407,5.0093371803438815,0.0006280897142004124,0.0016064134171522553,3.005602308206329,0.025,0.0,-0.03,0.0,1.0,0.0,0.015
12,0.3999921961500329,10,0.011984878315812518,0.0,-0.0169993141185347,0.013000685881465298,0.0019993141185347015,3.998628237069403,-0.0007019449698835408,0.0016788647961299883,2.399176942241642,0.025,0.0,-0.03,0.0,1.0,0.0,0.015
12,0.3999921961500329,11,0.013115047166680986,0.0,-0.016471145964264716,0.013528854035735283,0.0014711459642647168,2.9422919285294338,0.000732396099875345,0.0016770624769757202,1.7653751571176601,0.025,0.0,-0.03,0.0,1.0,0.0,0.015
12,0.3999921961500329,12,0.014237958363115021,0.0,-0.015927182462016472,0.014072817537983527,0.0009271824620164723,1.8543649240329447,-0.0007582376607200086,0.0016717342819427866,1.1126189544197669,0.025,0.0,-0.03,0.0,1.0,0.0,0.015
12,0.3999921961500329,13,0.015356531432488222,0.0,-0.015373949366339512,0.014626050633660487,0.0003739493663395127,0.7478987326790254,0.0007781811959380436,0.001666419828609723,0.44873923960741524,0.025,0.0,-0.03,0.0,1.0,0.0,0.015
13,0.43332487916253565,0,0.0,0.0,-0.02,0.009999999999999998,0.005000000000000001,10.000000000000002,0.0,0.0,6.000000000000001,0.025,0.0,-0.03,0.0,1.0,0.0,0.015
13,0.43332487916253565,1,0.0012437997936452915,0.0,-0.019978221647643693,0.010021778352356306,0.004978221647643694,9.956443295287388,2.0028165554802763e-06,1.3012872081803225e-05,5.973865977172433,0.025,0.0,-0.03,0.0,1.0,0.0,0.015
13,0.43332487916253565,2,0.0024842873212632508,0.0,-0.019878948555655092,0.010121051444344907,0.004878948555655092,9.757897111310184,-4.625523738464053e-06,2.547607164142506e-05,5.85473826678611,0.025,0.0,-0.03,0.0,1.0,0.0,0.015
13,0.43332487916253565,3,0.0037173401790696107,0.0,-0.019707634918098,0.010292365081902,0.004707634918097999,9.415269836195998,7.458381157035038e-06,3.674250629149211e-05,5.649161901717599,0.025,0.0,-0.03,0.0,1.0,0.0,0.015
13,0.43332487916253565,4,0.004939814679644084,0.0,-0.019470105327059433,0.010529894672940566,0.004470105327059434,8.940210654118868,-9.806087448596454e-06,4.629388733633621e-05,5.364126392471321,0.025,0.0,-0.03,0.0,1.0,0.0,0.015
13,0.43332487916253565,5,0.006149460479591859,0.0,-0.019172433596395064,0.010827566403604934,0.004172433596395065,8.34486719279013,1.377415899366743e-05,5.328860582958268e-05,5.006920315674077,0.025,0.0,-0.03,0.0,1.0,0.0,0.015
13,0.43332487916253565,6,0.007344950496717218,0.0,-0.018820817851640158,0.011179182148359841,0.0038208178516401584,7.641635703280317,-1.566184001346993e-05,5.790892595186423e-05,4.58498142196819,0.025,0.0,-0.03,0.0,1.0,0.0,0.015
13,0.43332487916253565,7,0.008525716341902495,0.0,-0.01842151346202185,0.01157848653797815,0.003421513462021849,6.843026924043698,1.9034934137667214e-05,5.9219465308160576e-05,4.105816154426218,0.025,0.0,-0.03,0.0,1.0,0.0,0.015
13,0.43332487916253565,8,0.00969198436745706,0.0,-0.017980734533665874,0.012019265466334125,0.002980734533665874,5.961469067331748,-1.870184668426786e-05,5.80489525306759e-05,3.576881440399049,0.025,0.0,-0.03,0.0,1.0,0.0,0.015
13,0.43332487916253565,9,0.010844560345900867,0.0,-0.017504646447201892,0.012495353552798107,0.002504646447201893,5.009292894403786,1.914390533791141e-05,5.342620728940959e-05,3.0055757366422715,0.025,0.0,-0.03,0.0,1.0,0.0,0.015
13,0.43332487916253565,10,0.01198487913367063,0.0,-0.01699928980292551,0.013000710197074487,0.001999289802925512,3.9985796058510243,-1.084332151800706e-05,4.806296683095251e-05,2.3991477635106144,0.025,0.0,-0.03,0.0,1.0,0.0,0.015
13,0.43332487916253565,11,0.013115039754487247,0.0,-0.016471129714317256,0.013528870285682743,0.0014711297143172562,2.9422594286345123,3.025535241552533e-05,7.113889432557304e-05,1.7653556571807074,0.025,0.0,-0.03,0.0,1.0,0.0,0.015
13,0.43332487916253565,12,0.014237964378644758,0.0,-0.01592716778128618,0.014072832218713818,0.0009271677812861812,1.8543355625723623,-3.990831590369812e-05,8.907961774018056e-05,1.1126013375434174,0.025,0.0,-0.03,0.0,1.0,0.0,0.015
13,0.43332487916253565,13,0.015356531331585602,0.0,-0.015373948546045155,0.014626051453954843,0.00037394854604515596,0.7478970920903119,4.689926977377253e-05,0.00010074220412055097,0.4487382552541871,0.025,0.0,-0.03,0.0,1.0,0.0,0.015
14,0.4666575621750384,0,0.0,0.0,-0.02,0.009999999999999998,0.005000000000000001,10.000000000000002,0.0,0.0,6.000000000000001,0.025,0.0,-0.03,0.0,1.0,0.0,0.015
14,0.4666575621750384,1,0.0012438000669682872,0.0,-0.019978220100640296,0.010021779899359703,0.004978220100640297,9.956440201280593,-3.3149359021187873e-06,8.02302451032758e-05,5.973864120768355,0.025,0.0,-0.03,0.0,1.0,0.0,0.015
14,0.4666575621750384,2,0.0024842861125513025,0.0,-0.019878944506975388,0.010121055493024611,0.004878944506975388,9.757889013950777,1.3983239793074606e-05,0.00015729648575980997,5.854733408370466,0.025,0.0,-0.03,0.0,1.0,0.0,0.015
14,0.4666575621750384,3,0.003717340450012701,0.0,-0.019707627339233348,0.01029237266076665,0.004707627339233349,9.415254678466697,-3.195219570735281e-05,0.0002284528765053265,5.649152807080018,0.025,0.0,-0.03,0.0,1.0,0.0,0.015
14,0.4666575621750384,4,0.004939811566514194,0.0,-0.01947009458610157,0.010529905413898429,0.004470094586101571,8.940189172203143,5.6291096851009966e-05,0.000291618216523603,5.364113503321885,0.025,0.0,-0.03,0.0,1.0,0.0,0.015
14,0.4666575621750384,5,0.006149459829586539,0.0,-0.0191724185433669,0.010827581456633099,0.004172418543366901,8.3448370867338,-8.253327069548464e-05,0.000345959702386791,5.00690225204028,0.025,0.0,-0.03,0.0,1.0,0.0,0.015
14,0.4666575621750384,6,0.007344945060676947,0.0,-0.01882080062712113,0.011179199372878867,0.003820800627121132,7.641601254242264,0.0001114766362670333,0.0003905182145047057,4.584960752545358,0.025,0.0,-0.03,0.0,1.0,0.0,0.015
14,0.4666575621750384,7,0.008525714525914762,0.0,-0.018421492418573156,0.011578507581426842,0.003421492418573157,6.842984837146314,-0.00013756275807133578,0.0004259723828424151,4.105790902287788,0.025,0.0,-0.03,0.0,1.0,0.0,0.015
14,0.4666575621750384,8,0.00969197725797434,0.0,-0.017980713713039685,0.012019286286960314,0.0029807137130396857,5.961427426079371,0.00016353332981447263,0.0004518429691024684,3.5768564556476226,0.025,0.0,-0.03,0.0,1.0,0.0,0.015
14,0.4666575621750384,9,0.010844558487156588,0.0,-0.01750462358016597,0.012495376419834028,0.0025046235801659718,5.0092471603319435,-0.00018353735437020286,0.00046962320589018756,3.005548296199166,0.025,0.0,-0.03,0.0,1.0,0.0,0.015
14,0.4666575621750384,10,0.011984872525702035,0.0,-0.016999270741881713,0.013000729258118286,0.0019992707418817132,3.9985414837634266,0.00020300228252422318,0.00047834322063725017,2.3991248902580558,0.025,0.0,-0.03,0.0,1.0,0.0,0.015
14,0.4666575621750384,11,0.013115040524798238,0.0,-0.01647111165610211,0.013528888343897889,0.0014711116561021108,2.9422233122042214,-0.00020453647735339797,0.00046868972785792194,1.7653339873225329,0.025,0.0,-0.03,0.0,1.0,0.0,0.015
14,0.4666575621750384,12,0.014237962185007528,0.0,-0.015927157905434947,0.014072842094565052,0.0009271579054349471,1.8543158108698943,0.00021011068772244763,0.0004613226180226152,1.1125894865219366,0.025,0.0,-0.03,0.0,1.0,0.0,0.015
14,0.4666575621750384,13,0.015356539065237117,0.0,-0.01537394414473169,0.014626055855268308,0.00037394414473169123,0.7478882894633825,-0.0002141822165870217,0.00045738067744445683,0.4487329736780295,0.025,0.0,-0.03,0.0,1.0,0.0,0.015
15,0.49999024518754115,0,0.0,0.0,-0.02,0.009999999999999998,0.005000000000000001,10.000000000000002,0.0,0.0,6.000000000000001,0.025,0.0,-0.03,0.0,1.0,0.0,0.015
15,0.49999024518754115,1,0.0012438003703829725,0.0,-0.01997821869105199,0.01002178130894801,0.0049782186910519895,9.95643738210398,-8.939349980419273e-06,0.00017894992870526294,5.973862429262388,0.025,0.0,-0.03,0.0,1.0,0.0,0.015
15,0.49999024518754115,2,0.0024842849077099036,0.0,-0.019878940833422364,0.010121059166577635,0.004878940833422364,9.757881666844728,3.380666287129888e-05,0.00035201067509444555,5.854729000106837,0.025,0.0,-0.03,0.0,1.0,0.0,0.015
15,0.49999024518754115,3,0.003717340844095923,0.0,-0.019707620424601672,0.010292379575398327,0.004707620424601672,9.415240849203345,-7.44018501321471e-05,0.0005139703486189415,5.6491445095220065,0.025,0.0,-0.03,0.0,1.0,0.0,0.015
15,0.49999024518754115,4,0.004939808555925192,0.0,-0.019470084849384138,0.01052991515061586,0.004470084849384139,8.940169698768278,0.00012861239764704459,0.0006609750202040025,5.364101819260966,0.025,0.0,-0.03,0.0,1.0,0.0,0.015
15,0.49999024518754115,5,0.006149459434505067,0.0,-0.01917240480418799,0.010827595195812008,0.004172404804187992,8.344809608375984,-0.00019006906499813802,0.000791240835576557,5.00688576502559,0.025,0.0,-0.03,0.0,1.0,0.0,0.015
15,0.49999024518754115,6,0.007344939917027304,0.0,-0.018820785014295377,0.011179214985704622,0.0038207850142953775,7.641570028590755,0.00025719154446356997,0.0009036351640071586,4.584942017154453,0.025,0.0,-0.03,0.0,1.0,0.0,0.015
15,0.49999024518754115,7,0.008525713059270773,0.0,-0.01842147321746206,0.01157852678253794,0.00342147321746206,6.84294643492412,-0.0003228701709509074,0.0009991030619834888,4.105767860954472,0.025,0.0,-0.03,0.0,1.0,0.0,0.015
15,0.49999024518754115,8,0.009691970635434439,0.0,-0.01798069482848636,0.012019305171513638,0.002980694828486362,5.961389656972724,0.00038785583082886354,0.0010779525387416915,3.576833794183634,0.025,0.0,-0.03,0.0,1.0,0.0,0.015
15,0.49999024518754115,9,0.010844556905135442,0.0,-0.017504602737102082,0.012495397262897917,0.0025046027371020824,5.0092054742041645,-0.00044539103194720276,0.0011425500901017362,3.0055232845224986,0.025,0.0,-0.03,0.0,1.0,0.0,0.015
15,0.49999024518754115,10,0.011984866470203422,0.0,-0.016999253423770087,0.013000746576229912,0.001999253423770088,3.9985068475401757,0.0004992860246583367,0.0011931317821017259,2.399104108524105,0.025,0.0,-0.03,0.0,1.0,0.0,0.015
15,0.49999024518754115,11,0.01311504116700353,0.0,-0.01647109525436498,0.01352890474563502,0.0014710952543649791,2.9421905087299582,-0.0005214305246167063,0.0011962827343923235,1.765314305237975,0.025,0.0,-0.03,0.0,1.0,0.0,0.015
15,0.49999024518754115,12,0.014237960363385158,0.0,-0.015927148842365638,0.014072851157634361,0.0009271488423656382,1.8542976847312764,0.000543419012788978,0.0011968393568390907,1.1125786108387659,0.025,0.0,-0.03,0.0,1.0,0.0,0.015
15,0.49999024518754115,13,0.015356545798229575,0.0,-0.015373940282028988,0.014626059717971011,0.0003739402820289884,0.7478805640579768,-0.0005591312634928365,0.0011973744142049362,0.44872833843478604,0.025,0.0,-0.03,0.0,1.0,0.0,0.015
16,0.5333229282000439,0,0.0,0.0,-0.02,0.009999999999999998,0.005000000000000001,10.000000000000002,0.0,0.0,6.000000000000001,0.025,0.0,-0.03,0.0,1.0,0.0,0.015
16,0.5333229282000439,1,0.0012438006066326428,0.0,-0.01997821740526118,0.01002178259473882,0.004978217405261179,9.956434810522358,-1.2715804476117576e-06,1.2264610882829325e-05,5.973860886313415,0.025,0.0,-0.03,0.0,1.0,0.0,0.015
16,0.5333229282000439,2,0.002484283888283141,0.0,-0.019878937494636276,0.010121062505363723,0.004878937494636276,9.757874989272553,3.6037302168329424e-06,2.38055910632274e-05,5.854724993563532,0.025,0.0,-0.03,0.0,1.0,0.0,0.015
16,0.5333229282000439,3,0.003717341094904202,0.0,-0.019707614142169535,0.010292385857830464,0.004707614142169535,9.41522828433907,-5.740085810658877e-06,3.400979547728897e-05,5.649136970603442,0.025,0.0,-0.03,0.0,1.0,0.0,0.015
16,0.5333229282000439,4,0.004939805949851267,0.0,-0.01947007597258315,0.01052992402741685,0.00447007597258315,8.9401519451663,9.020741863438209e-06,4.207508656316909e-05,5.3640911670997795,0.025,0.0,-0.03,0.0,1.0,0.0,0.015
16,0.5333229282000439,5,0.006149458925018997,0.0,-0.019172392340202096,0.010827607659797903,0.004172392340202096,8.344784680404192,-1.1324640175289653e-05,4.775744648425457e-05,5.006870808242515,0.025,0.0,-0.03,0.0,1.0,0.0,0.015
16,0.5333229282000439,6,0.007344935398953408,0.0,-0.01882077076707223,0.01117922923292777,0.0038207707670722298,7.6415415341444595,1.4562124075752082e-05,5.034512026367235e-05,4.584924920486675,0.025,0.0,-0.03,0.0,1.0,0.0,0.015
16,0.5333229282000439,7,0.008525711561156234,0.0,-0.01842145580735411,0.011578544192645888,0.003421455807354111,6.842911614708222,-1.5209820497357576e-05,5.0191241973808016e-05,4.105746968824933,0.025,0.0,-0.03,0.0,1.0,0.0,0.015
16,0.5333229282000439,8,0.009691964771752815,0.0,-0.017980677588257533,0.012019322411742465,0.002980677588257534,5.961355176515068,1.640238940719871e-05,4.64999606765691e-05,3.5768131059090407,0.025,0.0,-0.03,0.0,1.0,0.0,0.015
16,0.5333229282000439,9,0.01084455531690911,0.0,-0.017504583845586907,0.012495416154413092,0.0025045838455869072,5.009167691173815,-1.3678951108233313e-05,4.011425206923409e-05,3.005500614704289,0.025,0.0,-0.03,0.0,1.0,0.0,0.015
16,0.5333229282000439,10,0.011984861085652462,0.0,-0.01699923758358103,0.013000762416418968,0.0019992375835810317,3.9984751671620633,8.673309764911124e-06,3.109139530618673e-05,2.399085100297238,0.025,0.0,-0.03,0.0,1.0,0.0,0.015
16,0.5333229282000439,11,0.013115041805144763,0.0,-0.016471080317255193,0.013528919682744805,0.001471080317255194,2.9421606345103877,-1.5512179897365413e-05,3.8164201372784884e-05,1.7652963807062325,0.025,0.0,-0.03,0.0,1.0,0.0,0.015
16,0.5333229282000439,12,0.014237958485861839,0.0,-0.01592714069776792,0.01407285930223208,0.0009271406977679197,1.8542813955358395,1.90448042851803e-05,4.156054056020748e-05,1.1125688373215037,0.025,0.0,-0.03,0.0,1.0,0.0,0.015
16,0.5333229282000439,13,0.015356552293296272,0.0,-0.01537393659605034,0.014626063403949658,0.0003739365960503411,0.7478731921006821,-1.8944822784431428e-05,4.066492233992032e-05,0.4487239152604093,0.025,0.0,-0.03,0.0,1.0,0.0,0.015
17,0.5666556112125466,0,0.0,0.0,-0.02,0.009999999999999998,0.005000000000000001,10.000000000000002,0.0,0.0,6.000000000000001,0.025,0.0,-0.03,0.0,1.0,0.0,0.015
17,0.5666556112125466,1,0.001243800472612389,0.0,-0.019978216255795326,0.010021783744204673,0.0049782162557953265,9.956432511590654,3.5236515351185406e-08,1.3152869997885415e-05,5.973859506954392,0.025,0.0,-0.03,0.0,1.0,0.0,0.015
17,0.5666556112125466,2,0.002484283647322075,0.0,-0.019878934387512794,0.010121065612487205,0.004878934387512794,9.757868775025589,-1.1579433753467097e-06,2.535891410813631e-05,5.854721265015353,0.025,0.0,-0.03,0.0,1.0,0.0,0.015
17,0.5666556112125466,3,0.003717340321548127,0.0,-0.019707608577136503,0.010292391422863496,0.004707608577136504,9.415217154273007,4.360290998747981e-06,3.5707967251522836e-05,5.649130292563804,0.025,0.0,-0.03,0.0,1.0,0.0,0.015
17,0.5666556112125466,4,0.004939804866303721,0.0,-0.01947006764608801,0.010529932353911989,0.004470067646088011,8.940135292176022,-7.6017844944277555e-06,4.3776081486675876e-05,5.364081175305613,0.025,0.0,-0.03,0.0,1.0,0.0,0.015
17,0.5666556112125466,5,0.006149456924113629,0.0,-0.019172381374933902,0.010827618625066097,0.004172381374933903,8.344762749867805,1.178824870890391e-05,4.896963962869258e-05,5.006857649920683,0.025,0.0,-0.03,0.0,1.0,0.0,0.015
17,0.5666556112125466,6,0.007344933041504706,0.0,-0.018820757310388726,0.011179242689611273,0.003820757310388726,7.6415146207774525,-1.4177169309126442e-05,5.1412111832425416e-05,4.584908772466472,0.025,0.0,-0.03,0.0,1.0,0.0,0.015
17,0.5666556112125466,7,0.008525708268241722,0.0,-0.018421440595666583,0.011578559404333416,0.0034214405956665833,6.842881191333166,1.7063477148871178e-05,5.0491444764273135e-05,4.105728714799899,0.025,0.0,-0.03,0.0,1.0,0.0,0.015
17,0.5666556112125466,8,0.009691961513115663,0.0,-0.01798066116408885,0.01201933883591115,0.002980661164088849,5.961322328177698,-1.682336817279352e-05,4.680752569872474e-05,3.576793396906619,0.025,0.0,-0.03,0.0,1.0,0.0,0.015
17,0.5666556112125466,9,0.010844551684512264,0.0,-0.01750456751151374,0.01249543248848626,0.0025045675115137403,5.009135023027481,1.6843749900876677e-05,3.9594691761806163e-05,3.0054810138164885,0.025,0.0,-0.03,0.0,1.0,0.0,0.015
17,0.5666556112125466,10,0.011984858465318476,0.0,-0.016999222247032587,0.013000777752967412,0.0019992222470325872,3.9984444940651747,-1.433650303751688e-05,2.9184958531118363e-05,2.3990666964391045,0.025,0.0,-0.03,0.0,1.0,0.0,0.015
17,0.5666556112125466,11,0.013115039971674767,0.0,-0.016471067780906953,0.013528932219093046,0.0014710677809069532,2.9421355618139065,7.493398558169068e-06,1.4969260939637936e-05,1.7652813370883438,0.025,0.0,-0.03,0.0,1.0,0.0,0.015
17,0.5666556112125466,12,0.014237959328524374,0.0,-0.015927132130977222,0.014072867869022777,0.0009271321309772228,1.8542642619544456,-1.8427374040314085e-06,3.7338154712746615e-06,1.1125585571726673,0.025,0.0,-0.03,0.0,1.0,0.0,0.015
17,0.5666556112125466,13,0.015356555513473723,0.0,-0.01537393449976353,0.01462606550023647,0.0003739344997635303,0.7478689995270605,-1.5312408331143078e-06,4.4711577968381165e-06,0.4487213997162363,0.025,0.0,-0.03,0.0,1.0,0.0,0.015
18,0.5999882942250494,0,0.0,0.0,-0.02,0.009999999999999998,0.005000000000000001,10.000000000000002,0.0,0.0,6.000000000000001,0.025,0.0,-0.03,0.0,1.0,0.0,0.015
18,0.5999882942250494,1,0.001243800026516236,0.0,-0.019978215223806328,0.01002178477619367,0.004978215223806329,9.956430447612657,7.686135942135769e-06,0.0001552557985951437,5.973858268567594,0.025,0.0,-0.03,0.0,1.0,0.0,0.015
18,0.5999882942250494,2,0.0024842840648675703,0.0,-0.019878931505693725,0.010121068494306273,0.004878931505693726,9.757863011387451,-2.8923272191809755e-05,0.00030546197652714266,5.854717806832471,0.025,0.0,-0.03,0.0,1.0,0.0,0.015
18,0.5999882942250494,3,0.0037173386909873842,0.0,-0.01970760364591229,0.01029239635408771,0.00470760364591229,9.415207291824581,6.469437397733655e-05,0.0004460249065902511,5.649124375094749,0.025,0.0,-0.03,0.0,1.0,0.0,0.015
18,0.5999882942250494,4,0.004939805069347825,0.0,-0.019470059845350943,0.010529940154649056,0.004470059845350944,8.940119690701888,-0.00011107828522466716,0.0005738976187379799,5.364071814421132,0.025,0.0,-0.03,0.0,1.0,0.0,0.015
18,0.5999882942250494,5,0.006149453687093037,0.0,-0.01917237174132748,0.01082762825867252,0.00417237174132748,8.344743482654959,0.00016566872436018934,0.0006871441087138099,5.006846089592975,0.025,0.0,-0.03,0.0,1.0,0.0,0.015
18,0.5999882942250494,6,0.007344932508698655,0.0,-0.01882074461407515,0.01117925538592485,0.0038207446140751493,7.641489228150299,-0.00022281471704799154,0.0007855136609833781,4.584893536890179,0.025,0.0,-0.03,0.0,1.0,0.0,0.015
18,0.5999882942250494,7,0.00852570350140256,0.0,-0.018421427334847213,0.011578572665152786,0.0034214273348472136,6.842854669694427,0.00028179811694341056,0.0008688792446381305,4.105712801816656,0.025,0.0,-0.03,0.0,1.0,0.0,0.015
18,0.5999882942250494,8,0.00969196044963996,0.0,-0.01798064554128508,0.01201935445871492,0.0029806455412850798,5.96129108257016,-0.00033694801590742186,0.0009387752395874768,3.5767746495420956,0.025,0.0,-0.03,0.0,1.0,0.0,0.015
18,0.5999882942250494,9,0.010844546381641285,0.0,-0.017504553440692298,0.012495446559307701,0.0025045534406922983,5.0091068813845965,0.00038944058634546986,0.0009958245000044014,3.005464128830758,0.025,0.0,-0.03,0.0,1.0,0.0,0.015
18,0.5999882942250494,10,0.011984858147697956,0.0,-0.0169992074131045,0.013000792586895498,0.0019992074131045014,3.998414826209003,-0.0004357417870425305,0.001041586058192095,2.3990488957254015,0.025,0.0,-0.03,0.0,1.0,0.0,0.015
18,0.5999882942250494,11,0.013115036377169285,0.0,-0.016471057222731036,0.013528942777268963,0.0014710572227310363,2.9421144454620727,0.00045561046409750116,0.0010432966809042986,1.7652686672772435,0.025,0.0,-0.03,0.0,1.0,0.0,0.015
18,0.5999882942250494,12,0.014237961876004686,0.0,-0.015927123531785006,0.014072876468214993,0.0009271235317850068,1.8542470635700137,-0.0004735149265743614,0.0010438535776017834,1.1125482381420082,0.025,0.0,-0.03,0.0,1.0,0.0,0.015
18,0.5999882942250494,13,0.01535655680717248,0.0,-0.015373933355899915,0.014626066644100084,0.00037393335589991535,0.7478667117998307,0.0004882519088362381,0.0010454907316813271,0.4487200270798984,0.025,0.0,-0.03,0.0,1.0,0.0,0.015
19,0.6333209772375521,0,0.0,0.0,-0.02,0.009999999999999998,0.005000000000000001,10.000000000000002,0.0,0.0,6.000000000000001,0.025,0.0,-0.03,0.0,1.0,0.0,0.015
19,0.6333209772375521,1,0.0012437996367543652,0.0,-0.019978214289942814,0.010021785710057185,0.0049782142899428145,9.956428579885628,2.0369892708272496e-06,3.080951604660514e-05,5.973857147931377,0.025,0.0,-0.03,0.0,1.0,0.0,0.015
19,0.6333209772375521,2,0.0024842844138171487,0.0,-0.019878928877781803,0.010121071122218196,0.004878928877781803,9.757857755563606,-6.523286898751897e-06,6.0359440418224e-05,5.8547146533381635,0.025,0.0,-0.03,0.0,1.0,0.0,0.015
19,0.6333209772375521,3,0.003717337251921739,0.0,-0.0197075991628749,0.010292400837125099,0.004707599162874901,9.415198325749802,1.3475443618754057e-05,8.743471690069489e-05,5.649118995449881,0.025,0.0,-0.03,0.0,1.0,0.0,0.015
19,0.6333209772375521,4,0.004939805198429822,0.0,-0.019470052756129206,0.010529947243870793,0.0044700527561292065,8.940105512258413,-2.1758793315266137e-05,0.00011117372742842518,5.364063307355047,0.025,0.0,-0.03,0.0,1.0,0.0,0.015
19,0.6333209772375521,5,0.006149450809726555,0.0,-0.019172362966187503,0.010827637033812496,0.004172362966187504,8.344725932375008,3.1855294282149856e-05,0.00013076421618566798,5.006835559425005,0.025,0.0,-0.03,0.0,1.0,0.0,0.015
19,0.6333209772375521,6,0.00734493194675475,0.0,-0.01882073308912796,0.011179266910872038,0.0038207330891279617,7.641466178255923,-4.1039738619890075e-05,0.00014616161721016076,4.584879706953553,0.025,0.0,-0.03,0.0,1.0,0.0,0.015
19,0.6333209772375521,7,0.008525699254499117,0.0,-0.018421415242982717,0.011578584757017282,0.003421415242982718,6.842830485965436,5.077626479012614e-05,0.00015683750413540977,4.1056982915792615,0.025,0.0,-0.03,0.0,1.0,0.0,0.015
19,0.6333209772375521,8,0.009691959382229175,0.0,-0.017980631373861668,0.012019368626138331,0.0029806313738616683,5.961262747723336,-5.7668168299081666e-05,0.0001633642512517122,3.576757648634002,0.025,0.0,-0.03,0.0,1.0,0.0,0.015
19,0.6333209772375521,9,0.010844541671205271,0.0,-0.017504540589586438,0.012495459410413561,0.0025045405895864382,5.009081179172877,6.3975476793403e-05,0.00016532395970723584,3.0054487075037257,0.025,0.0,-0.03,0.0,1.0,0.0,0.015
19,0.6333209772375521,10,0.011984857740754714,0.0,-0.016999194009368317,0.013000805990631682,0.001999194009368318,3.9983880187366356,-6.493156846931351e-05,0.00016407021726374426,2.399032811241981,0.025,0.0,-0.03,0.0,1.0,0.0,0.015
19,0.6333209772375521,11,0.01311503305900623,0.0,-0.01647104763562022,0.01352895236437978,0.0014710476356202193,2.9420952712404387,7.26179016700869e-05,0.00016683700309497895,1.7652571627442633,0.025,0.0,-0.03,0.0,1.0,0.0,0.015
19,0.6333209772375521,12,0.014237964396973894,0.0,-0.015927115618272942,0.014072884381727057,0.0009271156182729424,1.8542312365458848,-7.54387582777209e-05,0.00016679974565312982,1.1125387419275308,0.025,0.0,-0.03,0.0,1.0,0.0,0.015
19,0.6333209772375521,13,0.015356557640531015,0.0,-0.01537393247552565,0.014626067524474349,0.00037393247552565054,0.7478649510513011,7.644018371379111e-05,0.00016370838782514782,0.44871897063078064,0.025,0.0,-0.03,0.0,1.0,0.0,0.015
20,0.6666536602500549,0,0.0,0.0,-0.02,0.009999999999999998,0.005000000000000001,10.000000000000002,0.0,0.0,6.000000000000001,0.025,0.0,-0.03,0.0,1.0,0.0,0.015
20,0.6666536602500549,1,0.0012437994513357573,0.0,-0.019978213430714358,0.01002178656928564,0.004978213430714359,9.956426861428717,1.751901735748066e-07,1.0663764207043793e-05,5.97385611685723,0.025,0.0,-0.03,0.0,1.0,0.0,0.015
20,0.6666536602500549,2,0.0024842843999261697,0.0,-0.019878926522192485,0.010121073477807514,0.004878926522192486,9.757853044384971,8.070122046732683e-07,2.0564732391691837e-05,5.854711826630982,0.025,0.0,-0.03,0.0,1.0,0.0,0.015
20,0.6666536602500549,3,0.003717336423551531,0.0,-0.01970759501392264,0.01029240498607736,0.004707595013922639,9.415190027845279,-3.074938890717546e-06,2.90806886274503e-05,5.649114016707167,0.025,0.0,-0.03,0.0,1.0,0.0,0.015
20,0.6666536602500549,4,0.004939804704313699,0.0,-0.019470046429104194,0.010529953570895804,0.004470046429104195,8.94009285820839,6.446358320220261e-06,3.573464762110762e-05,5.364055714925033,0.025,0.0,-0.03,0.0,1.0,0.0,0.015
20,0.6666536602500549,5,0.006149448914594516,0.0,-0.019172354811349466,0.010827645188650533,0.004172354811349466,8.344709622698932,-9.157695943077366e-06,4.0442149894039635e-05,5.006825773619359,0.025,0.0,-0.03,0.0,1.0,0.0,0.015
20,0.6666536602500549,6,0.007344930626606239,0.0,-0.01882072283772038,0.011179277162279618,0.0038207228377203813,7.641445675440763,1.2449180863750985e-05,4.278585850469403e-05,4.584867405264458,0.025,0.0,-0.03,0.0,1.0,0.0,0.015
20,0.6666536602500549,7,0.008525696265851255,0.0,-0.018421403964186303,0.011578596035813696,0.0034214039641863037,6.842807928372608,-1.3882143600438906e-05,4.307757617795945e-05,4.105684757023565,0.025,0.0,-0.03,0.0,1.0,0.0,0.015
20,0.6666536602500549,8,0.00969195749604132,0.0,-0.017980618816701602,0.012019381183298396,0.002980618816701603,5.961237633403206,1.561795237435913e-05,4.083059433273587e-05,3.5767425800419237,0.025,0.0,-0.03,0.0,1.0,0.0,0.015
20,0.6666536602500549,9,0.010844538323507078,0.0,-0.017504528540576228,0.012495471459423771,0.0025045285405762285,5.0090570811524575,-1.4906566744530821e-05,3.656478473660819e-05,3.0054342486914742,0.025,0.0,-0.03,0.0,1.0,0.0,0.015
20,0.6666536602500549,10,0.011984856430976399,0.0,-0.016999182194603082,0.013000817805396917,0.0019991821946030823,3.9983643892061647,1.5849784201993355e-05,2.912839764687084e-05,2.3990186335236987,0.025,0.0,-0.03,0.0,1.0,0.0,0.015
20,0.6666536602500549,11,0.01311503106567738,0.0,-0.016471038471926353,0.013528961528073646,0.001471038471926353,2.9420769438527063,-5.959631290487891e-06,1.2844542738677156e-05,1.7652461663116237,0.025,0.0,-0.03,0.0,1.0,0.0,0.015
20,0.6666536602500549,12,0.014237965578240978,0.0,-0.015927108927305377,0.014072891072694622,0.0009271089273053777,1.8542178546107555,-1.8798032191526264e-08,1.0483181633845895e-06,1.1125307127664532,0.025,0.0,-0.03,0.0,1.0,0.0,0.015
20,0.6666536602500549,13,0.015356559599297015,0.0,-0.015373931111976488,0.014626068888023511,0.00037393111197648807,0.7478622239529762,5.322644623633349e-06,1.2225612205745987e-05,0.4487173343717857,0.025,0.0,-0.03,0.0,1.0,0.0,0.015
21,0.6999863432625576,0,0.0,0.0,-0.02,0.009999999999999998,0.005000000000000001,10.000000000000002,0.0,0.0,6.000000000000001,0.025,0.0,-0.03,0.0,1.0,0.0,0.015
21,0.6999863432625576,1,0.0012437998160137317,0.0,-0.01997821262450549,0.010021787375494508,0.004978212624505492,9.956425249010984,-6.079793939947368e-06,0.0001217634898267967,5.97385514940659,0.025,0.0,-0.03,0.0,1.0,0.0,0.015
21,0.6999863432625576,2,0.0024842833374017145,0.0,-0.01987892447706446,0.010121075522935539,0.004878924477064461,9.75784895412892,2.2985619470218642e-05,0.0002395622582193729,5.854709372477353,0.025,0.0,-0.03,0.0,1.0,0.0,0.015
21,0.6999863432625576,3,0.0037173372050115835,0.0,-0.019707591020998647,0.010292408979001352,0.004707591020998648,9.415182041997296,-5.067307008337243e-05,0.00034988110295933325,5.649109225198377,0.025,0.0,-0.03,0.0,1.0,0.0,0.015
21,0.6999863432625576,4,0.004939802276871892,0.0,-0.019470041057413595,0.010529958942586404,0.004470041057413596,8.940082114827192,8.757241511045616e-05,0.0004501509430889413,5.364049268896315,0.025,0.0,-0.03,0.0,1.0,0.0,0.015
21,0.6999863432625576,5,0.00614944956559353,0.0,-0.019172346824671983,0.010827653175328016,0.004172346824671984,8.344693649343968,-0.00012958905504877535,0.0005391575338083417,5.006816189606381,0.025,0.0,-0.03,0.0,1.0,0.0,0.015
21,0.6999863432625576,6,0.007344926703438335,0.0,-0.018820714288561347,0.011179285711438652,0.003820714288561348,7.641428577122696,0.00017536482301489775,0.0006162035654068729,4.584857146273618,0.025,0.0,-0.03,0.0,1.0,0.0,0.015
21,0.6999863432625576,7,0.008525696571911006,0.0,-0.018421392727314197,0.011578607272685802,0.0034213927273141972,6.842785454628395,-0.00022046543248001375,0.0006818818771097077,4.105671272777037,0.025,0.0,-0.03,0.0,1.0,0.0,0.015
21,0.6999863432625576,8,0.00969195249838018,0.0,-0.017980608578334657,0.012019391421665342,0.002980608578334657,5.961217156669314,0.0002649681171360259,0.0007365050824589592,3.5767302940015884,0.025,0.0,-0.03,0.0,1.0,0.0,0.015
21,0.6999863432625576,9,0.01084453878098756,0.0,-0.01750451621199568,0.01249548378800432,0.0025045162119956797,5.00903242399136,-0.00030476697634918394,0.0007815984205622472,3.005419454394816,0.025,0.0,-0.03,0.0,1.0,0.0,0.015
21,0.6999863432625576,10,0.01198485155702639,0.0,-0.01699917300811952,0.01300082699188048,0.001999173008119519,3.998346016239038,0.00034183396509343734,0.0008174853065497781,2.3990076097434225,0.025,0.0,-0.03,0.0,1.0,0.0,0.015
21,0.6999863432625576,11,0.013115032858455524,0.0,-0.016471028563124893,0.013528971436875106,0.0014710285631248932,2.9420571262497863,-0.0003591126709424296,0.0008238417005173746,1.7652342757498718,0.025,0.0,-0.03,0.0,1.0,0.0,0.015
21,0.6999863432625576,12,0.014237963132824492,0.0,-0.01592710443849493,0.01407289556150507,0.0009271044384949294,1.8542088769898588,0.0003764721793378046,0.00082915820765252,1.1125253261939152,0.025,0.0,-0.03,0.0,1.0,0.0,0.015
21,0.6999863432625576,13,0.015356564815460551,0.0,-0.015373928269445785,0.014626071730554214,0.00037392826944578593,0.7478565388915719,-0.0003900325218835787,0.0008351890456215486,0.44871392333494314,0.025,0.0,-0.03,0.0,1.0,0.0,0.015
22,0.7333190262750604,0,0.0,0.0,-0.02,0.009999999999999998,0.005000000000000001,10.000000000000002,0.0,0.0,6.000000000000001,0.025,0.0,-0.03,0.0,1.0,0.0,0.015
22,0.7333190262750604,1,0.0012437998620354821,0.0,-0.019978211901244543,0.010021788098755455,0.004978211901244544,9.956423802489088,-1.5057986453509652e-06,2.5808484269277234e-05,5.973854281493453,0.025,0.0,-0.03,0.0,1.0,0.0,0.015
22,0.7333190262750604,2,0.0024842829343395285,0.0,-0.019878922571260834,0.010121077428739165,0.004878922571260835,9.757845142521669,5.296753106010001e-06,5.052106275883411e-05,5.8547070855130015,0.025,0.0,-0.03,0.0,1.0,0.0,0.015
22,0.7333190262750604,3,0.003717337090129681,0.0,-0.01970758750323974,0.010292412496760259,0.004707587503239741,9.415175006479481,-1.0831199299053608e-05,7.317719287735168e-05,5.649105003887689,0.025,0.0,-0.03,0.0,1.0,0.0,0.015
22,0.7333190262750604,4,0.004939801138412896,0.0,-0.019470035969047995,0.010529964030952004,0.004470035969047995,8.94007193809599,1.835349716110543e-05,9.291429532479564e-05,5.364043162857594,0.025,0.0,-0.03,0.0,1.0,0.0,0.015
22,0.7333190262750604,5,0.006149448865722727,0.0,-0.019172339871028937,0.010827660128971062,0.004172339871028937,8.344679742057874,-2.6139502275316304e-05,0.00010936393624059706,5.006807845234724,0.025,0.0,-0.03,0.0,1.0,0.0,0.015
22,0.7333190262750604,6,0.007344924630427513,0.0,-0.018820706088934668,0.01117929391106533,0.0038207060889346688,7.641412177869338,3.4799688663149825e-05,0.00012203666840174753,4.584847306721603,0.025,0.0,-0.03,0.0,1.0,0.0,0.015
22,0.7333190262750604,7,0.008525695171576595,0.0,-0.018421383054878747,0.011578616945121252,0.0034213830548787474,6.842766109757495,-4.192633988516647e-05,0.00013115880803452553,4.105659665854497,0.025,0.0,-0.03,0.0,1.0,0.0,0.015
22,0.7333190262750604,8,0.00969194980038886,0.0,-0.017980598599424077,0.012019401400575922,0.0029805985994240773,5.961197198848154,4.895099861538175e-05,0.00013638395226146758,3.5767183193088923,0.025,0.0,-0.03,0.0,1.0,0.0,0.015
22,0.7333190262750604,9,0.010844537195804865,0.0,-0.017504505790796182,0.012495494209203817,0.0025045057907961826,5.0090115815923655,-5.313710495147775e-05,0.00013831717416528937,3.0054069489554194,0.025,0.0,-0.03,0.0,1.0,0.0,0.015
22,0.7333190262750604,10,0.01198484926247077,0.0,-0.016999163726113316,0.013000836273886682,0.001999163726113317,3.998327452226634,5.585089175127266e-05,0.00013689132211060432,2.3989964713359804,0.025,0.0,-0.03,0.0,1.0,0.0,0.015
22,0.7333190262750604,11,0.013115032459563145,0.0,-0.016471020442367052,0.013528979557632947,0.0014710204423670527,2.9420408847341055,-5.825001956623293e-05,0.0001346093946928214,1.7652245308404633,0.025,0.0,-0.03,0.0,1.0,0.0,0.015
22,0.7333190262750604,12,0.014237962836625024,0.0,-0.015927099482225242,0.014072900517774756,0.000927099482225243,1.8541989644504862,5.9145510905503766e-05,0.00013012203208327756,1.1125193786702916,0.025,0.0,-0.03,0.0,1.0,0.0,0.015
22,0.7333190262750604,13,0.015356567716461551,0.0,-0.015373926543836427,0.014626073456163572,0.0003739265438364274,0.7478530876728549,-5.7614758316050945e-05,0.00012342982743694355,0.4487118526037129,0.025,0.0,-0.03,0.0,1.0,0.0,0.015
23,0.7666517092875631,0,0.0,0.0,-0.02,0.009999999999999998,0.005000000000000001,10.000000000000002,0.0,0.0,6.000000000000001,0.025,0.0,-0.03,0.0,1.0,0.0,0.015
23,0.7666517092875631,1,0.0012438000041552412,0.0,-0.019978211239849785,0.010021788760150214,0.004978211239849786,9.95642247969957,-4.334115172271737e-07,2.882128541314252e-06,5.973853487819742,0.025,0.0,-0.03,0.0,1.0,0.0,0.015
23,0.7666517092875631,2,0.0024842823682009628,0.0,-0.019878920854999517,0.010121079145000482,0.0048789208549995175,9.757841709999035,6.040941805984576e-07,5.393708731851704e-06,5.85470502599942,0.025,0.0,-0.03,0.0,1.0,0.0,0.015
23,0.7666517092875631,3,0.0037173372829606,0.0,-0.01970758426315162,0.01029241573684838,0.004707584263151619,9.415168526303239,2.431086952009408e-07,7.176760773487947e-06,5.649101115781943,0.025,0.0,-0.03,0.0,1.0,0.0,0.015
23,0.7666517092875631,4,0.0049397997096784635,0.0,-0.019470031417254674,0.010529968582745325,0.0044700314172546746,8.94006283450935,-8.589316935262704e-07,8.15052541499552e-06,5.36403770070561,0.025,0.0,-0.03,0.0,1.0,0.0,0.015
23,0.7666517092875631,5,0.006149448718137062,0.0,-0.019172333430493956,0.010827666569506043,0.004172333430493957,8.344666860987914,1.847402903249264e-06,8.086478366780404e-06,5.006800116592748,0.025,0.0,-0.03,0.0,1.0,0.0,0.015
23,0.7666517092875631,6,0.007344922160922128,0.0,-0.01882069879912179,0.011179301200878209,0.0038206987991217904,7.6413975982435804,-1.7910391713374429e-06,7.114311091803616e-06,4.5848385589461484,0.025,0.0,-0.03,0.0,1.0,0.0,0.015
23,0.7666517092875631,7,0.008525694579828621,0.0,-0.01842137403752818,0.01157862596247182,0.00342137403752818,6.84274807505636,2.114160512657599e-06,4.9126871829250945e-06,4.105648845033816,0.025,0.0,-0.03,0.0,1.0,0.0,0.015
23,0.7666517092875631,8,0.00969194656509444,0.0,-0.017980589808081437,0.012019410191918562,0.0029805898080814373,5.961179616162875,-8.831231709461608e-07,1.8180422095559049e-06,3.576707769697725,0.025,0.0,-0.03,0.0,1.0,0.0,0.015
23,0.7666517092875631,9,0.01084453664098965,0.0,-0.01750449596429112,0.012495504035708878,0.0025044959642911216,5.008991928582243,1.8148347658258727e-07,2.6497673134469835e-06,3.0053951571493456,0.025,0.0,-0.03,0.0,1.0,0.0,0.015
23,0.7666517092875631,10,0.011984846182851073,0.0,-0.016999155718727607,0.013000844281272392,0.0019991557187276077,3.9983114374552153,7.156034435444272e-07,8.65436841573683e-06,2.398986862473129,0.025,0.0,-0.03,0.0,1.0,0.0,0.015
23,0.7666517092875631,11,0.013115033040040696,0.0,-0.016471012644419074,0.013528987355580925,0.0014710126444190744,2.9420252888381486,-9.620905533616694e-06,2.3873807553221695e-05,1.7652151733028891,0.025,0.0,-0.03,0.0,1.0,0.0,0.015
23,0.7666517092875631,12,0.014237961678004714,0.0,-0.015927095377132692,0.014072904622867307,0.0009270953771326924,1.8541907542653848,1.671350012993896e-05,3.696158943438669e-05,1.1125144525592308,0.025,0.0,-0.03,0.0,1.0,0.0,0.015
23,0.7666517092875631,13,0.015356571191759068,0.0,-0.015373924586070698,0.014626075413929301,0.00037392458607069835,0.7478491721413967,-2.2001733032035088e-05,4.772380579369678e-05,0.448709503284838,0.025,0.0,-0.03,0.0,1.0,0.0,0.015
24,0.7999843923000658,0,0.0,0.0,-0.02,0.009999999999999998,0.005000000000000001,10.000000000000002,0.0,0.0,6.000000000000001,0.025,0.0,-0.03,0.0,1.0,0.0,0.015
24,0.7999843923000658,1,0.0012437995719148426,0.0,-0.019978210665081368,0.01002178933491863,0.004978210665081369,9.956421330162737,4.214530348324338e-06,8.345802779513157e-05,5.973852798097642,0.025,0.0,-0.03,0.0,1.0,0.0,0.015
24,0.7999843923000658,2,0.002484282959607043,0.0,-0.019878919191180597,0.010121080808819401,0.004878919191180598,9.757838382361196,-1.5689986195538175e-05,0.00016416146525612013,5.854703029416718,0.025,0.0,-0.03,0.0,1.0,0.0,0.015
24,0.7999843923000658,3,0.003717335839024279,0.0,-0.01970758154971216,0.01029241845028784,0.00470758154971216,9.415163099424321,3.488369489748506e-05,0.00023959940353897034,5.649097859654592,0.025,0.0,-0.03,0.0,1.0,0.0,0.015
24,0.7999843923000658,4,0.00493980050126598,0.0,-0.019470026873665048,0.010529973126334951,0.0044700268736650485,8.940053747330097,-5.9711005300668126e-05,0.0003080864750002948,5.3640322483980585,0.025,0.0,-0.03,0.0,1.0,0.0,0.015
24,0.7999843923000658,5,0.006149446068234136,0.0,-0.01917232817909621,0.01082767182090379,0.0041723281790962095,8.344656358192418,8.890805999287381e-05,0.0003685342322433196,5.006793814915451,0.025,0.0,-0.03,0.0,1.0,0.0,0.015
24,0.7999843923000658,6,0.007344922808286399,0.0,-0.01882069134815987,0.01117930865184013,0.00382069134815987,7.64138269631974,-0.00011935297366047082,0.0004207845710410623,4.5848296177918435,0.025,0.0,-0.03,0.0,1.0,0.0,0.015
24,0.7999843923000658,7,0.008525690817164602,0.0,-0.0184213668829057,0.011578633117094297,0.003421366882905702,6.8427337658114045,0.00015070160363882016,0.00046473073307761896,4.105640259486843,0.025,0.0,-0.03,0.0,1.0,0.0,0.015
24,0.7999843923000658,8,0.0096919471377118,0.0,-0.017980580549347997,0.012019419450652002,0.0029805805493479977,5.961161098695995,-0.0001797937175020423,0.0005011946016162823,3.576696659217597,0.025,0.0,-0.03,0.0,1.0,0.0,0.015
24,0.7999843923000658,9,0.01084453236846226,0.0,-0.017504488503568696,0.012495511496431303,0.0025044885035686963,5.008977007137393,0.000207284532572373,0.0005304930060250032,3.0053862042824355,0.025,0.0,-0.03,0.0,1.0,0.0,0.015
24,0.7999843923000658,10,0.011984847367863186,0.0,-0.016999146755112007,0.013000853244887992,0.001999146755112008,3.998293510224016,-0.00023068467066261202,0.0005536681399969793,2.3989761061344095,0.025,0.0,-0.03,0.0,1.0,0.0,0.015
24,0.7999843923000658,11,0.013115029620757022,0.0,-0.016471007277376017,0.013528992722623982,0.0014710072773760179,2.9420145547520358,0.0002442652004689819,0.000559601348924393,1.7652087328512214,0.025,0.0,-0.03,0.0,1.0,0.0,0.015
24,0.7999843923000658,12,0.014237964526000327,0.0,-0.01592708987495544,0.014072910125044559,0.0009270898749554404,1.8541797499108807,-0.00025645449188547287,0.000565226126215986,1.1125078499465284,0.025,0.0,-0.03,0.0,1.0,0.0,0.015
24,0.7999843923000658,13,0.015356570491344437,0.0,-0.01537392460676169,0.014626075393238309,0.0003739246067616907,0.7478492135233814,0.00026701395968940837,0.0005715932422545349,0.4487095281140288,0.025,0.0,-0.03,0.0,1.0,0.0,0.015
25,0.8333170753125686,0,0.0,0.0,-0.02,0.009999999999999998,0.005000000000000001,10.000000000000002,0.0,0.0,6.000000000000001,0.025,0.0,-0.03,0.0,1.0,0.0,0.015
25,0.8333170753125686,1,0.0012437995027539698,0.0,-0.019978210128951755,0.010021789871048244,0.004978210128951756,9.956420257903511,1.9765991683654814e-06,3.766483836455796e-05,5.973852154742107,0.025,0.0,-0.03,0.0,1.0,0.0,0.015
25,0.8333170753125686,2,0.0024842828580862973,0.0,-0.01987891773457367,0.01012108226542633,0.004878917734573669,9.757835469147338,-7.159054293467091e-06,7.395768834038308e-05,5.854701281488403,0.025,0.0,-0.03,0.0,1.0,0.0,0.015
25,0.8333170753125686,3,0.003717335464949073,0.0,-0.01970757895002868,0.010292421049971318,0.004707578950028681,9.415157900057363,1.577746745394664e-05,0.00010760558823186657,5.649094740034418,0.025,0.0,-0.03,0.0,1.0,0.0,0.015
25,0.8333170753125686,4,0.004939800002745666,0.0,-0.01947002297635442,0.010529977023645578,0.0044700229763544215,8.940045952708843,-2.6655790148589185e-05,0.00013775009369370328,5.364027571625305,0.025,0.0,-0.03,0.0,1.0,0.0,0.015
25,0.8333170753125686,5,0.006149445134685033,0.0,-0.019172323049446067,0.010827676950553932,0.004172323049446067,8.344646098892134,3.9541486542523026e-05,0.00016374097261790736,5.006787659335281,0.025,0.0,-0.03,0.0,1.0,0.0,0.015
25,0.8333170753125686,6,0.007344921684807528,0.0,-0.018820685060142936,0.011179314939857063,0.0038206850601429365,7.641370120285873,-5.243175501377112e-05,0.00018550503964240766,4.584822072171524,0.025,0.0,-0.03,0.0,1.0,0.0,0.015
25,0.8333170753125686,7,0.008525689324577491,0.0,-0.018421359750635392,0.011578640249364607,0.003421359750635393,6.8427195012707855,6.575078894450365e-05,0.000202808179808118,4.105631700762471,0.025,0.0,-0.03,0.0,1.0,0.0,0.015
25,0.8333170753125686,8,0.009691945529656408,0.0,-0.01798057289871257,0.012019427101287429,0.0029805728987125704,5.961145797425141,-7.724685175672486e-05,0.0002161150122159453,3.5766874784550846,0.025,0.0,-0.03,0.0,1.0,0.0,0.015
25,0.8333170753125686,9,0.01084453079880252,0.0,-0.01750448080938528,0.012495519190614719,0.002504480809385281,5.008961618770562,8.8009927594255e-05,0.00022534768693089396,3.0053769712623373,0.025,0.0,-0.03,0.0,1.0,0.0,0.015
25,0.8333170753125686,10,0.011984845959141576,0.0,-0.016999139667839,0.013000860332161,0.001999139667839,3.9982793356779998,-9.598842068286576e-05,0.00023112590504796335,2.3989676014067998,0.025,0.0,-0.03,0.0,1.0,0.0,0.015
25,0.8333170753125686,11,0.013115028954735526,0.0,-0.01647100132816591,0.013528998671834089,0.0014710013281659107,2.9420026563318213,9.896106120186716e-05,0.0002265830796710128,1.7652015937990928,0.025,0.0,-0.03,0.0,1.0,0.0,0.015
25,0.8333170753125686,12,0.01423796471177682,0.0,-0.01592708596189243,0.014072914038107568,0.0009270859618924314,1.8541719237848628,-9.986570499168795e-05,0.0002204575611478336,1.1125031542709176,0.025,0.0,-0.03,0.0,1.0,0.0,0.015
25,0.8333170753125686,13,0.015356572232565459,0.0,-0.015373923516376717,0.014626076483623282,0.0003739235163767174,0.7478470327534348,9.945597158849828e-05,0.00021307947562899712,0.44870821965206087,0.025,0.0,-0.03,0.0,1.0,0.0,0.015
26,0.8666497583250713,0,0.0,0.0,-0.02,0.009999999999999998,0.005000000000000001,10.000000000000002,0.0,0.0,6.000000000000001,0.025,0.0,-0.03,0.0,1.0,0.0,0.015
26,0.8666497583250713,1,0.0012437991959428994,0.0,-0.01997820965365112,0.01002179034634888,0.00497820965365112,9.956419307302241,1.982384823663031e-07,7.439084902478616e-06,5.973851584381344,0.025,0.0,-0.03,0.0,1.0,0.0,0.015
26,0.8666497583250713,2,0.0024842832486220547,0.0,-0.019878916363967256,0.010121083636032743,0.004878916363967256,9.757832727934513,4.2501793308036775e-07,1.4468597151140628e-05,5.854699636760707,0.025,0.0,-0.03,0.0,1.0,0.0,0.015
26,0.8666497583250713,3,0.003717334412393724,0.0,-0.019707576689689508,0.010292423310310491,0.004707576689689508,9.415153379379017,-2.1171609806594763e-06,2.076466003389169e-05,5.64909202762741,0.025,0.0,-0.03,0.0,1.0,0.0,0.015
26,0.8666497583250713,4,0.004939800479443107,0.0,-0.019470019251890226,0.010529980748109773,0.004470019251890226,8.940038503780452,4.636703185735562e-06,2.6123382110305413e-05,5.364023102268271,0.025,0.0,-0.03,0.0,1.0,0.0,0.015
26,0.8666497583250713,5,0.006149443150969318,0.0,-0.01917231865881757,0.010827681341182428,0.004172318658817571,8.344637317635142,-6.964583913361962e-06,3.056085436066662e-05,5.006782390581085,0.025,0.0,-0.03,0.0,1.0,0.0,0.015
26,0.8666497583250713,6,0.007344921990892357,0.0,-0.018820678964896673,0.011179321035103326,0.003820678964896674,7.641357929793348,9.818647539128703e-06,3.3898515325538684e-05,4.584814757876009,0.025,0.0,-0.03,0.0,1.0,0.0,0.015
26,0.8666497583250713,7,0.00852568645729507,0.0,-0.01842135375515126,0.01157864624484874,0.0034213537551512595,6.842707510302519,-1.184220300274933e-05,3.6365996822152865e-05,4.1056245061815115,0.025,0.0,-0.03,0.0,1.0,0.0,0.015
26,0.8666497583250713,8,0.00969194575224866,0.0,-0.017980565335946965,0.012019434664053034,0.0029805653359469657,5.961130671893931,1.4284251330716175e-05,3.773624703846276e-05,3.5766784031363588,0.025,0.0,-0.03,0.0,1.0,0.0,0.015
26,0.8666497583250713,9,0.010844527517249434,0.0,-0.017504474539042806,0.012495525460957193,0.0025044745390428065,5.008949078085613,-1.5676896363289678e-05,3.832393388918274e-05,3.005369446851368,0.025,0.0,-0.03,0.0,1.0,0.0,0.015
26,0.8666497583250713,10,0.011984846697170716,0.0,-0.016999132370430232,0.013000867629569767,0.0019991323704302323,3.998264740860465,1.906503874268165e-05,3.722602177053293e-05,2.3989588445162786,0.025,0.0,-0.03,0.0,1.0,0.0,0.015
26,0.8666497583250713,11,0.013115026318427718,0.0,-0.016470996805125343,0.013529003194874656,0.0014709968051253436,2.9419936102506874,-1.0484944907921721e-05,2.3124082706864423e-05,1.7651961661504123,0.025,0.0,-0.03,0.0,1.0,0.0,0.015
26,0.8666497583250713,12,0.014237966917460813,0.0,-0.015927081481224712,0.014072918518775287,0.0009270814812247126,1.8541629624494251,5.044232665404845e-06,1.0642802900555343e-05,1.112497777469655,0.025,0.0,-0.03,0.0,1.0,0.0,0.015
26,0.8666497583250713,13,0.0153565717719458,0.0,-0.015373923476846,0.014626076523154,0.00037392347684600015,0.7478469536920003,-2.569719650670683e-07,2.2018889031956993e-07,0.44870817221520015,0.025,0.0,-0.03,0.0,1.0,0.0,0.015
27,0.8999824413375741,0,0.0,0.0,-0.02,0.009999999999999998,0.005000000000000001,10.000000000000002,0.0,0.0,6.000000000000001,0.025,0.0,-0.03,0.0,1.0,0.0,0.015
27,0.8999824413375741,1,0.0012437995201548635,0.0,-0.019978209191729476,0.010021790808270523,0.004978209191729477,9.956418383458953,-2.8255963497019e-06,5.581927801691105e-05,5.973851030075371,0.025,0.0,-0.03,0.0,1.0,0.0,0.015
27,0.8999824413375741,2,0.0024842824148077636,0.0,-0.01987891523066893,0.01012108476933107,0.004878915230668929,9.757830461337859,1.0607265493342397e-05,0.00010972081078930313,5.854698276802715,0.025,0.0,-0.03,0.0,1.0,0.0,0.015
27,0.8999824413375741,3,0.0037173351969734644,0.0,-0.019707574382289875,0.010292425617710124,0.004707574382289876,9.415148764579753,-2.322151459790939e-05,0.00016000365992997068,5.649089258747852,0.025,0.0,-0.03,0.0,1.0,0.0,0.015
27,0.8999824413375741,4,0.004939798662051923,0.0,-0.01947001630213721,0.010529983697862788,0.004470016302137211,8.940032604274423,4.001306695740642e-05,0.00020539195224244435,5.364019562564653,0.025,0.0,-0.03,0.0,1.0,0.0,0.015
27,0.8999824413375741,5,0.006149444058575738,0.0,-0.019172314013745962,0.010827685986254037,0.004172314013745963,8.344628027491925,-5.8941917297056425e-05,0.000245271562207132,5.006776816495155,0.025,0.0,-0.03,0.0,1.0,0.0,0.015
27,0.8999824413375741,6,0.00734491914716323,0.0,-0.018820674310232124,0.011179325689767875,0.0038206743102321243,7.641348620464249,7.948963047776948e-05,0.0002792383980602559,4.584809172278549,0.025,0.0,-0.03,0.0,1.0,0.0,0.015
27,0.8999824413375741,7,0.008525687335387246,0.0,-0.018421347174513377,0.011578652825486622,0.0034213471745133776,6.842694349026755,-9.93673053977618e-05,0.0003075542821028113,4.105616609416053,0.025,0.0,-0.03,0.0,1.0,0.0,0.015
27,0.8999824413375741,8,0.009691942149333338,0.0,-0.017980559827795475,0.012019440172204524,0.002980559827795475,5.9611196555909505,0.00011879790744751106,0.0003302793982731969,3.57667179335457,0.025,0.0,-0.03,0.0,1.0,0.0,0.015
27,0.8999824413375741,9,0.01084452862129487,0.0,-0.017504467239700065,0.012495532760299934,0.002504467239700065,5.00893447940013,-0.00013556523420535626,0.00034814837937137687,3.0053606876400782,0.025,0.0,-0.03,0.0,1.0,0.0,0.015
27,0.8999824413375741,10,0.011984843032911722,0.0,-0.016999127556794117,0.013000872443205882,0.0019991275567941176,3.998255113588235,0.00015042104632726695,0.00036138919457165197,2.398953068152941,0.025,0.0,-0.03,0.0,1.0,0.0,0.015
27,0.8999824413375741,11,0.01311502827160707,0.0,-0.01647099079395826,0.013529009206041737,0.0014709907939582621,2.941981587916524,-0.0001598627860275695,0.0003669927169433943,1.7651889527499145,0.025,0.0,-0.03,0.0,1.0,0.0,0.015
27,0.8999824413375741,12,0.014237964564444592,0.0,-0.015927079383833496,0.014072920616166502,0.000927079383833497,1.854158767666994,0.0001691851717708597,0.0003724032182746572,1.1124952606001963,0.025,0.0,-0.03,0.0,1.0,0.0,0.015
27,0.8999824413375741,13,0.015356575724257599,0.0,-0.015373921401505496,0.014626078598494503,0.00037392140150549653,0.747842803010993,-0.00017675696398386493,0.00037826228715233856,0.4487056818065958,0.025,0.0,-0.03,0.0,1.0,0.0,0.015
28,0.9333151243500768,0,0.0,0.0,-0.02,0.009999999999999998,0.005000000000000001,10.000000000000002,0.0,0.0,6.000000000000001,0.025,0.0,-0.03,0.0,1.0,0.0,0.015
28,0.9333151243500768,1,0.0012437994653794239,0.0,-0.01997820878784077,0.01002179121215923,0.00497820878784077,9.95641757568154,-2.1306307529702196e-06,4.252288902860643e-05,5.973850545408924,0.025,0.0,-0.03,0.0,1.0,0.0,0.015
28,0.9333151243500768,2,0.0024842823468936817,0.0,-0.019878914136649255,0.010121085863350743,0.004878914136649256,9.757828273298513,8.045875099231572e-06,8.359737443681153e-05,5.854696963979108,0.025,0.0,-0.03,0.0,1.0,0.0,0.015
28,0.9333151243500768,3,0.0037173348962689827,0.0,-0.019707572429587376,0.010292427570412623,0.004707572429587376,9.415144859174752,-1.76417476782593e-05,0.0001219427199543408,5.649086915504851,0.025,0.0,-0.03,0.0,1.0,0.0,0.015
28,0.9333151243500768,4,0.004939798325974104,0.0,-0.019470013365532415,0.010529986634467584,0.004470013365532415,8.94002673106483,3.0470719587914965e-05,0.0001565925866750042,5.364016038638898,0.025,0.0,-0.03,0.0,1.0,0.0,0.015
28,0.9333151243500768,5,0.006149443288792238,0.0,-0.01917231017416968,0.010827689825830319,0.004172310174169681,8.344620348339362,-4.4893981467383045e-05,0.00018710149599021573,5.006772209003617,0.025,0.0,-0.03,0.0,1.0,0.0,0.015
28,0.9333151243500768,6,0.007344918411903666,0.0,-0.01882066955154195,0.01117933044845805,0.0038206695515419498,7.641339103083899,6.065130934883533e-05,0.00021314858740315558,4.584803461850339,0.025,0.0,-0.03,0.0,1.0,0.0,0.015
28,0.9333151243500768,7,0.008525686049555514,0.0,-0.018421341867511782,0.011578658132488217,0.0034213418675117825,6.842683735023565,-7.585042617986859e-05,0.00023496731276856817,4.105610241014139,0.025,0.0,-0.03,0.0,1.0,0.0,0.015
28,0.9333151243500768,8,0.009691941173314563,0.0,-0.017980553990904476,0.012019446009095523,0.002980553990904477,5.961107981808953,9.085915838134403e-05,0.00025257061892604353,3.5766647890853718,0.025,0.0,-0.03,0.0,1.0,0.0,0.015
28,0.9333151243500768,9,0.010844527124482138,0.0,-0.017504461583023136,0.012495538416976863,0.002504461583023136,5.008923166046272,-0.00010384093704402993,0.0002665465007525782,3.0053538996277633,0.025,0.0,-0.03,0.0,1.0,0.0,0.015
28,0.9333151243500768,10,0.011984842387945371,0.0,-0.016999122042266945,0.013000877957733054,0.001999122042266946,3.9982440845338916,0.00011605167920230478,0.00027683685936530714,2.398946450720335,0.025,0.0,-0.03,0.0,1.0,0.0,0.015
28,0.9333151243500768,11,0.013115027351973514,0.0,-0.016470986505949615,0.013529013494050383,0.001470986505949616,2.941973011899232,-0.00011891868235590796,0.0002728913025135208,1.7651838071395394,0.025,0.0,-0.03,0.0,1.0,0.0,0.015
28,0.9333151243500768,12,0.014237965131903948,0.0,-0.015927076249156517,0.014072923750843482,0.0009270762491565172,1.8541524983130344,0.00012141037015971602,0.00026754757001948607,1.1124914989878205,0.025,0.0,-0.03,0.0,1.0,0.0,0.015
28,0.9333151243500768,13,0.015356576588605413,0.0,-0.015373920787601369,0.01462607921239863,0.00037392078760136935,0.7478415752027388,-0.00012197102546134857,0.000261405831581862,0.4487049451216432,0.025,0.0,-0.03,0.0,1.0,0.0,0.015
29,0.9666478073625796,0,0.0,0.0,-0.02,0.009999999999999998,0.005000000000000001,10.000000000000002,0.0,0.0,6.000000000000001,0.025,0.0,-0.03,0.0,1.0,0.0,0.015
29,0.9666478073625796,1,0.0012437996719783795,0.0,-0.019978208406897666,0.010021791593102333,0.004978208406897666,9.956416813795332,3.2386069709987157e-07,1.5342200964675117e-05,5.973850088277199,0.025,0.0,-0.03,0.0,1.0,0.0,0.015
29,0.9666478073625796,2,0.0024842817778050184,0.0,-0.019878913192108976,0.010121086807891023,0.004878913192108977,9.757826384217953,-2.041890641955305e-06,3.0149597012716697e-05,5.854695830530772,0.025,0.0,-0.03,0.0,1.0,0.0,0.015
29,0.9666478073625796,3,0.003717335370784438,0.0,-0.019707570544161068,0.010292429455838931,0.004707570544161068,9.415141088322136,5.756789615314424e-06,4.393590319167952e-05,5.649084652993281,0.025,0.0,-0.03,0.0,1.0,0.0,0.015
29,0.9666478073625796,4,0.004939797045321451,0.0,-0.019470010885985482,0.010529989114014517,0.004470010885985483,8.940021771970965,-1.0460431465558587e-05,5.650068075788473e-05,5.364013063182579,0.025,0.0,-0.03,0.0,1.0,0.0,0.015
29,0.9666478073625796,5,0.006149443776507029,0.0,-0.01917230639640494,0.010827693603595059,0.004172306396404941,8.344612792809881,1.6202325579848226e-05,6.766536505602859e-05,5.0067676756859285,0.025,0.0,-0.03,0.0,1.0,0.0,0.015
29,0.9666478073625796,6,0.007344916357343529,0.0,-0.018820665619250873,0.011179334380749126,0.0038206656192508737,7.641331238501747,-2.1932681225569447e-05,7.753450655805732e-05,4.584798743101048,0.025,0.0,-0.03,0.0,1.0,0.0,0.015
29,0.9666478073625796,7,0.008525686452371907,0.0,-0.01842133653303189,0.01157866346696811,0.00342133653303189,6.84267306606378,2.824227404914345e-05,8.602070699876162e-05,4.105603839638268,0.025,0.0,-0.03,0.0,1.0,0.0,0.015
29,0.9666478073625796,8,0.009691938538099125,0.0,-0.017980549311983143,0.012019450688016856,0.002980549311983143,5.961098623966286,-3.3864514481272824e-05,9.344996909649476e-05,3.5766591743797718,0.025,0.0,-0.03,0.0,1.0,0.0,0.015
29,0.9666478073625796,9,0.010844527680044087,0.0,-0.017504455691684698,0.012495544308315301,0.0025044556916846983,5.008911383369396,3.989474329170138e-05,9.96900878740208e-05,3.0053468300216375,0.025,0.0,-0.03,0.0,1.0,0.0,0.015
29,0.9666478073625796,10,0.011984839721635922,0.0,-0.016999117899081376,0.013000882100918622,0.001999117899081377,3.998235798162754,-4.649194076738911e-05,0.00010453599718391238,2.3989414788976524,0.025,0.0,-0.03,0.0,1.0,0.0,0.015
29,0.9666478073625796,11,0.013115028648968022,0.0,-0.016470981677241963,0.013529018322758036,0.0014709816772419636,2.941963354483927,4.151365072537993e-05,9.380821144893183e-05,1.7651780126903562,0.025,0.0,-0.03,0.0,1.0,0.0,0.015
29,0.9666478073625796,12,0.014237963466842382,0.0,-0.015927074387475523,0.014072925612524476,0.0009270743874755238,1.8541487749510477,-3.826729703119073e-05,8.43802660896689e-05,1.1124892649706286,0.025,0.0,-0.03,0.0,1.0,0.0,0.015
29,0.9666478073625796,13,0.015356579603877712,0.0,-0.015373919190456574,0.014626080809543425,0.00037391919045657446,0.7478383809131489,3.593071980186094e-05,7.679754323307e-05,0.44870302854788935,0.025,0.0,-0.03,0.0,1.0,0.0,0.015
30,0.9999804903750823,0,0.0,0.0,-0.02,0.009999999999999998,0.005000000000000001,10.000000000000002,0.0,0.0,6.000000000000001,0.025,0.0,-0.03,0.0,1.0,0.0,0.015
30,0.9999804903750823,1,0.0012437993556820746,0.0,-0.01997820808638874,0.010021791913611258,0.004978208086388741,9.956416172777482,1.495225747196209e-06,2.904626823477261e-05,5.973849703666489,0.025,0.0,-0.03,0.0,1.0,0.0,0.015
30,0.9999804903750823,2,0.0024842822543679707,0.0,-0.019878912237123073,0.010121087762876926,0.004878912237123074,9.757824474246148,-5.480368922751307e-06,5.699432651048912e-05,5.854694684547688,0.025,0.0,-0.03,0.0,1.0,0.0,0.015
30,0.9999804903750823,3,0.003717334345511093,0.0,-0.019707569042329343,0.010292430957670656,0.004707569042329343,9.415138084658686,1.2110445306079504e-05,8.283212831125051e-05,5.649082850795211,0.025,0.0,-0.03,0.0,1.0,0.0,0.015
30,0.9999804903750823,4,0.004939797764550836,0.0,-0.01947000826502733,0.010529991734972668,0.004470008265027331,8.940016530054661,-2.0505750468176204e-05,0.00010586682121648218,5.364009918032797,0.025,0.0,-0.03,0.0,1.0,0.0,0.015
30,0.9999804903750823,5,0.006149441949680434,0.0,-0.019172303508825695,0.010827696491174304,0.004172303508825696,8.344607017651391,3.033426043910775e-05,0.00012559549482279506,5.006764210590835,0.025,0.0,-0.03,0.0,1.0,0.0,0.015
30,0.9999804903750823,6,0.007344917105171394,0.0,-0.018820661300269756,0.011179338699730243,0.0038206613002697565,7.641322600539513,-4.0186326298948355e-05,0.000141923698990922,4.584793560323708,0.025,0.0,-0.03,0.0,1.0,0.0,0.015
30,0.9999804903750823,7,0.008525683896416211,0.0,-0.01842133262929833,0.011578667370701668,0.0034213326292983313,6.8426652585966625,5.0178067578695826e-05,0.00015469600908385662,4.105599155157997,0.025,0.0,-0.03,0.0,1.0,0.0,0.015
30,0.9999804903750823,8,0.009691939335216313,0.0,-0.017980543910460965,0.012019456089539034,0.0029805439104609657,5.961087820921931,-5.8782504658798034e-05,0.0001642194920505622,3.5766526925531585,0.025,0.0,-0.03,0.0,1.0,0.0,0.015
30,0.9999804903750823,9,0.01084452475188543,0.0,-0.01750445167556811,0.01249554832443189,0.0025044516755681097,5.00890335113622,6.654352272020661e-05,0.0001704919275210399,3.0053420106817317,0.025,0.0,-0.03,0.0,1.0,0.0,0.015
30,0.9999804903750823,10,0.011984840943675969,0.0,-0.016999112607368316,0.013000887392631683,0.001999112607368316,3.998225214736632,-7.177427911286088e-05,0.00017407775407831517,2.398935128841979,0.025,0.0,-0.03,0.0,1.0,0.0,0.015
30,0.9999804903750823,11,0.013115026125142645,0.0,-0.016470978901855365,0.013529021098144633,0.001470978901855366,2.941957803710732,7.744297688056455e-05,0.00017744511410847937,1.7651746822264391,0.025,0.0,-0.03,0.0,1.0,0.0,0.015
30,0.9999804903750823,12,0.014237965706973242,0.0,-0.015927070992067034,0.014072929007932965,0.0009270709920670347,1.8541419841340696,-8.217002834858325e-05,0.00018096194878952954,1.1124851904804418,0.025,0.0,-0.03,0.0,1.0,0.0,0.015
30,0.9999804903750823,13,0.015356578537190748,0.0,-0.015373919515161065,0.014626080484838934,0.0003739195151610652,0.7478390303221304,8.646032469835227e-05,0.00018479248322812245,0.44870341819327825,0.025,0.0,-0.03,0.0,1.0,0.0,0.015
31,1.033313173387585,0,0.0,0.0,-0.02,0.009999999999999998,0.005000000000000001,10.000000000000002,0.0,0.0,6.000000000000001,0.025,0.0,-0.03,0.0,1.0,0.0,0.015
31,1.033313173387585,1,0.0012437993480490302,0.0,-0.01997820778095421,0.01002179221904579,0.004978207780954209,9.956415561908418,2.3700431057308634e-06,4.739654464719809e-05,5.973849337145051,0.025,0.0,-0.03,0.0,1.0,0.0,0.015
31,1.033313173387585,2,0.002484282134647168,0.0,-0.019878911421830948,0.010121088578169051,0.004878911421830948,9.757822843661897,-8.874616567915896e-06,9.327926441070297e-05,5.854693706197138,0.025,0.0,-0.03,0.0,1.0,0.0,0.015
31,1.033313173387585,3,0.003717334226452879,0.0,-0.019707567558672475,0.010292432441327524,0.004707567558672476,9.415135117344951,1.97924035864672e-05,0.00013627112333648657,5.649081070406971,0.025,0.0,-0.03,0.0,1.0,0.0,0.015
31,1.033313173387585,4,0.004939797362126571,0.0,-0.019470006087520208,0.010529993912479791,0.004470006087520208,8.940012175040417,-3.3974184309543644e-05,0.00017545607640921348,5.36400730502425,0.025,0.0,-0.03,0.0,1.0,0.0,0.015
31,1.033313173387585,5,0.006149441569825376,0.0,-0.019172300574515685,0.010827699425484314,0.004172300574515685,8.344601149031371,5.068240955716833e-05,0.00021025855025052077,5.006760689418822,0.025,0.0,-0.03,0.0,1.0,0.0,0.015
31,1.033313173387585,6,0.007344916297637074,0.0,-0.018820657796785104,0.011179342203214895,0.0038206577967851048,7.6413155935702095,-6.823472593500935e-05,0.00024060724162367904,4.584789356142125,0.025,0.0,-0.03,0.0,1.0,0.0,0.015
31,1.033313173387585,7,0.008525683249610557,0.0,-0.01842132853626972,0.011578671463730279,0.003421328536269721,6.842657072539442,8.638651864697389e-05,0.00026647776358722296,4.105594243523665,0.025,0.0,-0.03,0.0,1.0,0.0,0.015
31,1.033313173387585,8,0.009691938207673308,0.0,-0.01798053966584939,0.012019460334150609,0.0029805396658493903,5.96107933169878,-0.00010346138556390194,0.0002883358938033664,3.576647599019268,0.025,0.0,-0.03,0.0,1.0,0.0,0.015
31,1.033313173387585,9,0.01084452410583364,0.0,-0.017504447235895393,0.012495552764104606,0.0025044472358953934,5.008894471790787,0.00011979306901767686,0.00030638171386578885,3.005336683074472,0.025,0.0,-0.03,0.0,1.0,0.0,0.015
31,1.033313173387585,10,0.011984839884454533,0.0,-0.016999108706910515,0.013000891293089484,0.0019991087069105157,3.998217413821031,-0.0001345077401362648,0.0003210245242274253,2.3989304482926186,0.025,0.0,-0.03,0.0,1.0,0.0,0.015
31,1.033313173387585,11,0.013115026054125397,0.0,-0.0164709754083887,0.013529024591611299,0.0014709754083887007,2.9419508167774016,0.0001391114638497291,0.0003185803503104748,1.765170490066441,0.025,0.0,-0.03,0.0,1.0,0.0,0.015
31,1.033313173387585,12,0.014237965465638137,0.0,-0.01592706893827569,0.01407293106172431,0.0009270689382756894,1.8541378765513787,-0.00014282602637912754,0.00031507930119183586,1.1124827259308272,0.025,0.0,-0.03,0.0,1.0,0.0,0.015
31,1.033313173387585,13,0.015356579907354274,0.0,-0.015373918718697336,0.014626081281302663,0.0003739187186973369,0.7478374373946738,0.00014522875527823547,0.0003112499780773615,0.4487024624368043,0.025,0.0,-0.03,0.0,1.0,0.0,0.015
32,1.0666458564000878,0,0.0,0.0,-0.02,0.009999999999999998,0.005000000000000001,10.000000000000002,0.0,0.0,6.000000000000001,0.025,0.0,-0.03,0.0,1.0,0.0,0.015
32,1.0666458564000878,1,0.0012437991333518915,0.0,-0.019978207515408967,0.010021792484591032,0.004978207515408967,9.956415030817935,-6.540788978104078e-07,2.0220429873996252e-05,5.97384901849076,0.025,0.0,-0.03,0.0,1.0,0.0,0.015
32,1.0666458564000878,2,0.002484282436911452,0.0,-0.019878910638096974,0.010121089361903025,0.004878910638096975,9.75782127619395,3.2059709315160557e-06,3.982664276691849e-05,5.854692765716369,0.025,0.0,-0.03,0.0,1.0,0.0,0.015
32,1.0666458564000878,3,0.003717333512053835,0.0,-0.01970756630046962,0.010292433699530378,0.004707566300469621,9.415132600939243,-7.90945927219494e-06,5.829772163859017e-05,5.649079560563545,0.025,0.0,-0.03,0.0,1.0,0.0,0.015
32,1.0666458564000878,4,0.004939797786366455,0.0,-0.01947000395242198,0.010529996047578018,0.004470003952421982,8.940007904843963,1.4358340627900098e-05,7.531205360814678e-05,5.364004742906378,0.025,0.0,-0.03,0.0,1.0,0.0,0.015
32,1.0666458564000878,5,0.0061494402625164625,0.0,-0.019172298139502504,0.010827701860497495,0.004172298139502505,8.344596279005009,-2.164788513203904e-05,9.079890117594366e-05,5.006757767403005,0.025,0.0,-0.03,0.0,1.0,0.0,0.015
32,1.0666458564000878,6,0.007344916685267978,0.0,-0.018820654292273416,0.011179345707726582,0.003820654292273417,7.641308584546834,2.9883543070606492e-05,0.00010467741596682221,4.5847851507281,0.025,0.0,-0.03,0.0,1.0,0.0,0.015
32,1.0666458564000878,7,0.008525681390520005,0.0,-0.018421325226313432,0.011578674773686567,0.0034213252263134326,6.842650452626866,-3.803711853323225e-05,0.00011717372107463828,4.105590271576119,0.025,0.0,-0.03,0.0,1.0,0.0,0.015
32,1.0666458564000878,8,0.009691938593926122,0.0,-0.01798053530050857,0.01201946469949143,0.002980535300508569,5.961070601017138,4.6596601856406664e-05,0.0001283087178010088,3.5766423606102826,0.025,0.0,-0.03,0.0,1.0,0.0,0.015
32,1.0666458564000878,9,0.010844521973004116,0.0,-0.01750444380083715,0.012495556199162847,0.002504443800837152,5.008887601674304,-5.458949121358299e-05,0.00013842808580995816,3.005332561004582,0.025,0.0,-0.03,0.0,1.0,0.0,0.015
32,1.0666458564000878,10,0.011984840597549319,0.0,-0.01699910446707756,0.013000895532922437,0.001999104467077562,3.9982089341551243,6.40154589541985e-05,0.0001470397798887152,2.3989253604930747,0.025,0.0,-0.03,0.0,1.0,0.0,0.015
32,1.0666458564000878,11,0.013115024229401848,0.0,-0.01647097299838974,0.01352902700161026,0.0014709729983897399,2.94194599677948,-6.139319851951035e-05,0.00014010040715421235,1.765167598067688,0.025,0.0,-0.03,0.0,1.0,0.0,0.015
32,1.0666458564000878,12,0.014237967085381971,0.0,-0.015927066237253023,0.014072933762746976,0.0009270662372530235,1.854132474506047,6.0901054733947326e-05,0.00013405535304660774,1.1124794847036281,0.025,0.0,-0.03,0.0,1.0,0.0,0.015
32,1.0666458564000878,13,0.015356579235881103,0.0,-0.015373918888369803,0.014626081111630196,0.00037391888836980393,0.7478377767396078,-6.049608904346301e-05,0.00012955906337339592,0.4487026660437647,0.025,0.0,-0.03,0.0,1.0,0.0,0.015
33,1.0999785394125905,0,0.0,0.0,-0.02,0.009999999999999998,0.005000000000000001,10.000000000000002,0.0,0.0,6.000000000000001,0.025,0.0,-0.03,0.0,1.0,0.0,0.015
33,1.0999785394125905,1,0.0012437993076382353,0.0,-0.019978207254139586,0.010021792745860413,0.004978207254139586,9.956414508279172,-5.859869239027367e-07,1.2067641868033864e-05,5.973848704967503,0.025,0.0,-0.03,0.0,1.0,0.0,0.015
33,1.0999785394125905,2,0.0024842819832192583,0.0,-0.019878909997661287,0.010121090002338712,0.004878909997661288,9.757819995322576,2.2497638827605857e-06,2.3544712879906206e-05,5.854691997193545,0.025,0.0,-0.03,0.0,1.0,0.0,0.015
33,1.0999785394125905,3,0.0037173339302465623,0.0,-0.019707564999490473,0.010292435000509526,0.004707564999490474,9.415129998980948,-4.861963958754123e-06,3.390965641607064e-05,5.6490779993885685,0.025,0.0,-0.03,0.0,1.0,0.0,0.015
33,1.0999785394125905,4,0.004939796791619235,0.0,-0.01947000228077032,0.010529997719229679,0.004470002280770321,8.940004561540642,8.325511810415207e-06,4.273394834884482e-05,5.364002736924385,0.025,0.0,-0.03,0.0,1.0,0.0,0.015
33,1.0999785394125905,5,0.006149440737391309,0.0,-0.019172295524242138,0.01082770447575786,0.004172295524242139,8.344591048484277,-1.1891522688384288e-05,4.980253403740123e-05,5.006754629090566,0.025,0.0,-0.03,0.0,1.0,0.0,0.015
33,1.0999785394125905,6,0.007344915121830438,0.0,-0.018820651650780847,0.011179348349219152,0.003820651650780847,7.6413033015616945,1.5652813662159288e-05,5.489037426085654e-05,4.5847819809370165,0.025,0.0,-0.03,0.0,1.0,0.0,0.015
33,1.0999785394125905,7,0.008525681839325895,0.0,-0.01842132152458238,0.01157867847541762,0.003421321524582379,6.842643049164758,-1.8656371906279657e-05,5.80502962403389e-05,4.105585829498855,0.025,0.0,-0.03,0.0,1.0,0.0,0.015
33,1.0999785394125905,8,0.009691936609505182,0.0,-0.017980532170098637,0.012019467829901362,0.0029805321700986376,5.961064340197275,2.1314428230207685e-05,5.9152472567093136e-05,3.576638604118365,0.025,0.0,-0.03,0.0,1.0,0.0,0.015
33,1.0999785394125905,9,0.010844522543055042,0.0,-0.01750443969990185,0.01249556030009815,0.002504439699901849,5.008879399803698,-2.2591680896135557e-05,5.8412806581833146e-05,3.0053276398822186,0.025,0.0,-0.03,0.0,1.0,0.0,0.015
33,1.0999785394125905,10,0.01198483858218955,0.0,-0.016999101718911315,0.013000898281088684,0.0019991017189113156,3.998203437822631,2.2859588978223552e-05,5.583720977560563e-05,2.3989220626935785,0.025,0.0,-0.03,0.0,1.0,0.0,0.015
33,1.0999785394125905,11,0.013115025313491636,0.0,-0.01647096961204352,0.01352903038795648,0.001470969612043519,2.9419392240870383,-2.448648663018906e-05,5.638698895596538e-05,1.765163534452223,0.025,0.0,-0.03,0.0,1.0,0.0,0.015
33,1.0999785394125905,12,0.014237965739837622,0.0,-0.015927065060029288,0.014072934939970711,0.0009270650600292883,1.8541301200585767,2.610421888655861e-05,5.714737074697901e-05,1.112478072035146,0.025,0.0,-0.03,0.0,1.0,0.0,0.015
33,1.0999785394125905,13,0.01535658151991617,0.0,-0.015373917691763899,0.0146260823082361,0.0003739176917638993,0.7478353835277985,-2.7292913368034663e-05,5.808191011100374e-05,0.4487012301166791,0.025,0.0,-0.03,0.0,1.0,0.0,0.015
34,1.1333112224250932,0,0.0,0.0,-0.02,0.009999999999999998,0.005000000000000001,10.000000000000002,0.0,0.0,6.000000000000001,0.025,0.0,-0.03,0.0,1.0,0.0,0.015
34,1.1333112224250932,1,0.0012437993131506895,0.0,-0.01997820702514499,0.010021792974855007,0.004978207025144992,9.956414050289984,-2.403660278175103e-06,4.7840848010622073e-05,5.97384843017399,0.025,0.0,-0.03,0.0,1.0,0.0,0.015
34,1.1333112224250932,2,0.002484281873171067,0.0,-0.01987890938485209,0.010121090615147908,0.004878909384852092,9.757818769704183,9.054342849597057e-06,9.420480617401201e-05,5.85469126182251,0.025,0.0,-0.03,0.0,1.0,0.0,0.015
34,1.1333112224250932,3,0.003717333865047735,0.0,-0.01970756388279377,0.01029243611720623,0.00470756388279377,9.41512776558754,-1.9982555606409238e-05,0.00013778040424385524,5.649076659352524,0.025,0.0,-0.03,0.0,1.0,0.0,0.015
34,1.1333112224250932,4,0.004939796466997897,0.0,-0.019470000647282045,0.010529999352717954,0.004470000647282046,8.940001294564091,3.454679295601209e-05,0.00017762774453662796,5.364000776738455,0.025,0.0,-0.03,0.0,1.0,0.0,0.015
34,1.1333112224250932,5,0.006149440464458446,0.0,-0.019172293317016177,0.010827706682983822,0.004172293317016178,8.344586634032355,-5.129381799217414e-05,0.00021330407116943486,5.006751980419413,0.025,0.0,-0.03,0.0,1.0,0.0,0.015
34,1.1333112224250932,6,0.007344914520650049,0.0,-0.01882064901570358,0.01117935098429642,0.0038206490157035797,7.6412980314071595,6.957762344706047e-05,0.0002446002884360351,4.5847788188442955,0.025,0.0,-0.03,0.0,1.0,0.0,0.015
34,1.1333112224250932,7,0.008525681320035191,0.0,-0.01842131845953906,0.01157868154046094,0.003421318459539059,6.842636919078118,-8.78891868774675e-05,0.0002717458729167666,4.105582151446871,0.025,0.0,-0.03,0.0,1.0,0.0,0.015
34,1.1333112224250932,8,0.00969193583269806,0.0,-0.01798052895512894,0.012019471044871059,0.002980528955128941,5.961057910257882,0.00010606607720416416,0.00029493344057712187,3.576634746154729,0.025,0.0,-0.03,0.0,1.0,0.0,0.015
34,1.1333112224250932,9,0.010844521939284093,0.0,-0.017504436408632928,0.012495563591367071,0.0025044364086329284,5.008872817265857,-0.0001227924303106739,0.0003147249990896376,3.005323690359514,0.025,0.0,-0.03,0.0,1.0,0.0,0.015
34,1.1333112224250932,10,0.011984837963614896,0.0,-0.016999098717815665,0.013000901282184334,0.0019990987178156658,3.9981974356313317,0.00013883401755627938,0.00033122551795881233,2.398918461378799,0.025,0.0,-0.03,0.0,1.0,0.0,0.015
34,1.1333112224250932,11,0.013115025012828112,0.0,-0.016470967093468923,0.013529032906531076,0.0014709670934689237,2.9419341869378473,-0.000144547728377566,0.0003315191126733163,1.7651605121627083,0.025,0.0,-0.03,0.0,1.0,0.0,0.015
34,1.1333112224250932,12,0.014237965876711674,0.0,-0.01592706337256798,0.014072936627432017,0.0009270633725679822,1.8541267451359644,0.00015009424574183297,0.0003308519368679032,1.1124760470815787,0.025,0.0,-0.03,0.0,1.0,0.0,0.015
34,1.1333112224250932,13,0.01535658215841121,0.0,-0.015373917274993236,0.014626082725006763,0.00037391727499323617,0.7478345499864724,-0.0001539752382121624,0.000330015593708584,0.44870072999188343,0.025,0.0,-0.03,0.0,1.0,0.0,0.015
35,1.166643905437596,0,0.0,0.0,-0.02,0.009999999999999998,0.005000000000000001,10.000000000000002,0.0,0.0,6.000000000000001,0.025,0.0,-0.03,0.0,1.0,0.0,0.015
35,1.166643905437596,1,0.0012437994033422158,0.0,-0.019978206810480036,0.010021793189519963,0.004978206810480036,9.956413620960072,9.094965483454361e-07,2.2745440913459284e-05,5.9738481725760435,0.025,0.0,-0.03,0.0,1.0,0.0,0.015
35,1.166643905437596,2,0.0024842816040684616,0.0,-0.01987890884787792,0.010121091152122078,0.004878908847877922,9.757817695755843,-3.856218484810903e-06,4.4854920337242784e-05,5.854690617453506,0.025,0.0,-0.03,0.0,1.0,0.0,0.015
35,1.166643905437596,3,0.0037173340561775362,0.0,-0.019707562827822895,0.010292437172177104,0.0047075628278228955,9.415125655645792,9.234193248266068e-06,6.575736985200413e-05,5.649075393387474,0.025,0.0,-0.03,0.0,1.0,0.0,0.015
35,1.166643905437596,4,0.004939795843681815,0.0,-0.019469999228250916,0.010530000771749082,0.004469999228250917,8.939998456501835,-1.6281975305302176e-05,8.514802496989245e-05,5.363999073901101,0.025,0.0,-0.03,0.0,1.0,0.0,0.015
35,1.166643905437596,5,0.006149440618286285,0.0,-0.019172291212255433,0.010827708787744566,0.0041722912122554336,8.344582424510866,2.4746467476460553e-05,0.00010284723888253161,5.00674945470652,0.025,0.0,-0.03,0.0,1.0,0.0,0.015
35,1.166643905437596,6,0.007344913502186393,0.0,-0.018820646754402568,0.01117935324559743,0.0038206467544025687,7.641293508805138,-3.3768155912034726e-05,0.0001189251022798861,4.584776105283082,0.025,0.0,-0.03,0.0,1.0,0.0,0.015
35,1.166643905437596,7,0.008525681386403276,0.0,-0.01842131549925829,0.011578684500741707,0.003421315499258292,6.842630998516584,4.344644313322566e-05,0.00013341173303406016,4.1055785991099505,0.025,0.0,-0.03,0.0,1.0,0.0,0.015
35,1.166643905437596,8,0.009691934523876919,0.0,-0.017980526247134723,0.012019473752865276,0.002980526247134723,5.961052494269446,-5.286861779209454e-05,0.00014661854508300908,3.5766314965616677,0.025,0.0,-0.03,0.0,1.0,0.0,0.015
35,1.166643905437596,9,0.010844522055721841,0.0,-0.01750443315997063,0.012495566840029369,0.002504433159970631,5.008866319941261,6.250288939315462e-05,0.0001586228455525653,3.0053197919647565,0.025,0.0,-0.03,0.0,1.0,0.0,0.015
35,1.166643905437596,10,0.011984836671056388,0.0,-0.016999096281480844,0.013000903718519155,0.0019990962814808444,3.998192562961689,-7.247707735499889e-05,0.00016940658366657176,2.3989155377770133,0.025,0.0,-0.03,0.0,1.0,0.0,0.015
35,1.166643905437596,11,0.013115025562190706,0.0,-0.016470964447106596,0.013529035552893403,0.0014709644471065965,2.941928894213193,7.29020779787993e-05,0.00016638707916023966,1.7651573365279158,0.025,0.0,-0.03,0.0,1.0,0.0,0.015
35,1.166643905437596,12,0.01423796508943894,0.0,-0.015927062251820168,0.014072937748179831,0.0009270622518201682,1.8541245036403364,-7.439879236196058e-05,0.00016405925179914944,1.1124747021842019,0.025,0.0,-0.03,0.0,1.0,0.0,0.015
35,1.166643905437596,13,0.015356583736549084,0.0,-0.015373916430858808,0.01462608356914119,0.0003739164308588089,0.7478328617176178,7.610383285964343e-05,0.0001630378444852763,0.44869971703057066,0.025,0.0,-0.03,0.0,1.0,0.0,0.015
36,1.1999765884500988,0,0.0,0.0,-0.02,0.009999999999999998,0.005000000000000001,10.000000000000002,0.0,0.0,6.000000000000001,0.025,0.0,-0.03,0.0,1.0,0.0,0.015
36,1.1999765884500988,1,0.0012437992897235727,0.0,-0.019978206626871362,0.010021793373128637,0.004978206626871363,9.956413253742726,3.5883174323798554e-08,1.8189944938085e-06,5.973847952245635,0.025,0.0,-0.03,0.0,1.0,0.0,0.015
36,1.1999765884500988,2,0.002484281745012984,0.0,-0.019878908319632176,0.010121091680367823,0.004878908319632176,9.757816639264352,-1.9698558946084334e-07,3.3769173104347953e-06,5.854689983558611,0.025,0.0,-0.03,0.0,1.0,0.0,0.015
36,1.1999765884500988,3,0.0037173336651219586,0.0,-0.019707561953354387,0.010292438046645612,0.0047075619533543875,9.415123906708775,5.692186313045846e-07,4.423783365979639e-06,5.649074344025265,0.025,0.0,-0.03,0.0,1.0,0.0,0.015
36,1.1999765884500988,4,0.004939796006499011,0.0,-0.01946999779466919,0.010530002205330808,0.004469997794669191,8.939995589338382,-8.135116330170457e-07,4.790800323010902e-06,5.363997353603029,0.025,0.0,-0.03,0.0,1.0,0.0,0.015
36,1.1999765884500988,5,0.0061494398806014,0.0,-0.019172289510986238,0.01082771048901376,0.004172289510986239,8.344579021972477,1.0328393429793675e-06,4.296039889757321e-06,5.0067474131834855,0.025,0.0,-0.03,0.0,1.0,0.0,0.015
36,1.1999765884500988,6,0.007344913584627697,0.0,-0.018820644411855568,0.011179355588144431,0.0038206444118555685,7.641288823711137,-7.187973490889768e-07,2.890669781736341e-06,4.584773294226682,0.025,0.0,-0.03,0.0,1.0,0.0,0.015
36,1.1999765884500988,7,0.008525680324300948,0.0,-0.01842131317076132,0.011578686829238679,0.0034213131707613205,6.842626341522641,1.9191949411025225e-07,4.1747770761397125e-07,4.105575804913585,0.025,0.0,-0.03,0.0,1.0,0.0,0.015
36,1.1999765884500988,8,0.00969193455507577,0.0,-0.017980523347841674,0.012019476652158325,0.0029805233478416744,5.961046695683349,1.1930364631513208e-06,3.0720893362242664e-06,3.5766280174100094,0.025,0.0,-0.03,0.0,1.0,0.0,0.015
36,1.1999765884500988,9,0.010844520855349739,0.0,-0.017504430713444485,0.012495569286555513,0.002504430713444486,5.008861426888972,-2.945965672118569e-06,7.734877196801344e-06,3.005316856133383,0.025,0.0,-0.03,0.0,1.0,0.0,0.015
36,1.1999765884500988,10,0.011984836877624883,0.0,-0.01699909350123557,0.013000906498764429,0.001999093501235571,3.9981870024711417,5.867099212824848e-06,1.34229446231262e-05,2.398912201482685,0.025,0.0,-0.03,0.0,1.0,0.0,0.015
36,1.1999765884500988,11,0.013115024596839255,0.0,-0.016470962678213696,0.013529037321786303,0.0014709626782136963,2.9419253564273924,-6.7512371393250175e-06,1.5691910410433808e-05,1.7651552138564355,0.025,0.0,-0.03,0.0,1.0,0.0,0.015
36,1.1999765884500988,12,0.014237965918934718,0.0,-0.015927060531590705,0.014072939468409294,0.0009270605315907059,1.8541210631814118,7.930232580507659e-06,1.7625708363664544e-05,1.112472637908847,0.025,0.0,-0.03,0.0,1.0,0.0,0.015
36,1.1999765884500988,13,0.01535658354661539,0.0,-0.015373916422024455,0.014626083577975544,0.0003739164220244555,0.747832844048911,-8.888893997524403e-06,1.93882843521061e-05,0.4486997064293466,0.025,0.0,-0.03,0.0,1.0,0.0,0.015
37,1.2333092714626015,0,0.0,0.0,-0.02,0.009999999999999998,0.005000000000000001,10.000000000000002,0.0,0.0,6.000000000000001,0.025,0.0,-0.03,0.0,1.0,0.0,0.015
37,1.2333092714626015,1,0.0012437991969982104,0.0,-0.019978206458096063,0.010021793541903936,0.0049782064580960635,9.956412916192127,2.2274027801821417e-06,4.33159712574987e-05,5.973847749715276,0.025,0.0,-0.03,0.0,1.0,0.0,0.015
37,1.2333092714626015,2,0.0024842818517369133,0.0,-0.019878907843834556,0.010121092156165443,0.004878907843834556,9.757815687669112,-8.244887473689797e-06,8.532809205435103e-05,5.854689412601467,0.025,0.0,-0.03,0.0,1.0,0.0,0.015
37,1.2333092714626015,3,0.0037173333423372074,0.0,-0.0197075611515377,0.010292438848462298,0.0047075611515377015,9.415122303075403,1.8225266409483018e-05,0.00012485634967238183,5.649073381845242,0.025,0.0,-0.03,0.0,1.0,0.0,0.015
37,1.2333092714626015,4,0.004939796109973247,0.0,-0.0194699965014582,0.010530003498541798,0.004469996501458202,8.939993002916404,-3.1298762979238495e-05,0.00016110414393272524,5.363995801749843,0.025,0.0,-0.03,0.0,1.0,0.0,0.015
37,1.2333092714626015,5,0.006149439266807032,0.0,-0.019172287949776594,0.010827712050223405,0.004172287949776594,8.344575899553188,4.669390192570593e-05,0.0001936086970859807,5.006745539731913,0.025,0.0,-0.03,0.0,1.0,0.0,0.015
37,1.2333092714626015,6,0.007344913589776464,0.0,-0.01882064230226098,0.01117935769773902,0.0038206423022609792,7.6412846045219585,-6.311425786601502e-05,0.00022230697137800616,4.584770762713175,0.025,0.0,-0.03,0.0,1.0,0.0,0.015
37,1.2333092714626015,7,0.008525679442179931,0.0,-0.01842131102714582,0.01157868897285418,0.00342131102714582,6.84262205429164,8.01145555814556e-05,0.00024725008315211873,4.105573232574984,0.025,0.0,-0.03,0.0,1.0,0.0,0.015
37,1.2333092714626015,8,0.009691934485377291,0.0,-0.017980520746286702,0.012019479253713296,0.002980520746286703,5.961041492573406,-9.648725629419416e-05,0.0002688281280392893,3.5766248955440436,0.025,0.0,-0.03,0.0,1.0,0.0,0.015
37,1.2333092714626015,9,0.01084451987796921,0.0,-0.017504428446991946,0.012495571553008053,0.0025044284469919464,5.008856893983893,0.00011220447119599987,0.0002873199264026537,3.0053141363903357,0.025,0.0,-0.03,0.0,1.0,0.0,0.015
37,1.2333092714626015,10,0.011984836932163564,0.0,-0.016999091019195854,0.013000908980804145,0.0019990910191958547,3.9981820383917093,-0.00012660526134186683,0.00030313607605874596,2.3989092230350253,0.025,0.0,-0.03,0.0,1.0,0.0,0.015
37,1.2333092714626015,11,0.01311502392484403,0.0,-0.0164709609818818,0.013529039018118198,0.0014709609818818019,2.941921963763604,0.0001334148644239591,0.00030580352266928903,1.7651531782581622,0.025,0.0,-0.03,0.0,1.0,0.0,0.015
37,1.2333092714626015,12,0.014237966393398443,0.0,-0.015927059094912623,0.014072940905087376,0.0009270590949126238,1.8541181898252477,-0.0001395391129331719,0.0003077345246696384,1.1124709138951485,0.025,0.0,-0.03,0.0,1.0,0.0,0.015
37,1.2333092714626015,13,0.015356583728632377,0.0,-0.015373916248092926,0.014626083751907073,0.0003739162480929266,0.7478324961858531,0.0001444675328113312,0.0003096080007577475,0.44869949771151185,0.025,0.0,-0.03,0.0,1.0,0.0,0.015
38,1.2666419544751042,0,0.0,0.0,-0.02,0.009999999999999998,0.005000000000000001,10.000000000000002,0.0,0.0,6.000000000000001,0.025,0.0,-0.03,0.0,1.0,0.0,0.015
38,1.2666419544751042,1,0.0012437991567876953,0.0,-0.019978206304671512,0.010021793695328487,0.004978206304671513,9.956412609343026,-8.651650144107187e-07,1.9947443744479354e-05,5.973847565605816,0.025,0.0,-0.03,0.0,1.0,0.0,0.015
38,1.2666419544751042,2,0.0024842818624776068,0.0,-0.01987890741553177,0.010121092584468229,0.0048789074155317705,9.757814831063541,3.5492496494992233e-06,3.9358095929086714e-05,5.854688898638124,0.025,0.0,-0.03,0.0,1.0,0.0,0.015
38,1.2666419544751042,3,0.0037173331738417107,0.0,-0.019707560407801177,0.010292439592198822,0.004707560407801178,9.415120815602355,-8.182016080585853e-06,5.776779011294397e-05,5.649072489361413,0.025,0.0,-0.03,0.0,1.0,0.0,0.015
38,1.2666419544751042,4,0.004939796044702976,0.0,-0.019469995354458935,0.010530004645541064,0.004469995354458935,8.93999070891787,1.446896551488922e-05,7.487612694654108e-05,5.363994425350722,0.025,0.0,-0.03,0.0,1.0,0.0,0.015
38,1.2666419544751042,5,0.006149438897866651,0.0,-0.019172286486047494,0.010827713513952505,0.004172286486047495,8.344572972094989,-2.174249278269963e-05,9.059281698893861e-05,5.006743783256993,0.025,0.0,-0.03,0.0,1.0,0.0,0.015
38,1.2666419544751042,6,0.0073449133803661585,0.0,-0.018820640445121353,0.011179359554878646,0.003820640445121353,7.641280890242706,2.99027213206067e-05,0.00010487721321588423,4.584768534145623,0.025,0.0,-0.03,0.0,1.0,0.0,0.015
38,1.2666419544751042,7,0.008525678874759456,0.0,-0.018421309001453473,0.011578690998546526,0.0034213090014534736,6.842618002906947,-3.8227575229150674e-05,0.00011790365701579184,4.105570801744168,0.025,0.0,-0.03,0.0,1.0,0.0,0.015
38,1.2666419544751042,8,0.009691934171252522,0.0,-0.01798051847320185,0.012019481526798149,0.0029805184732018507,5.961036946403701,4.6870742395793336e-05,0.00012976039576299733,3.5766221678422205,0.025,0.0,-0.03,0.0,1.0,0.0,0.015
38,1.2666419544751042,9,0.010844519252239697,0.0,-0.017504426279945133,0.012495573720054866,0.0025044262799451336,5.008852559890268,-5.5170140299325416e-05,0.00014074168803979948,3.0053115359341604,0.025,0.0,-0.03,0.0,1.0,0.0,0.015
38,1.2666419544751042,10,0.01198483671375552,0.0,-0.01699908889052074,0.01300091110947926,0.00199908889052074,3.99817778104148,6.407271538603309e-05,0.00015071296987815246,2.398906668624888,0.025,0.0,-0.03,0.0,1.0,0.0,0.015
38,1.2666419544751042,11,0.013115023500550415,0.0,-0.016470959355849153,0.013529040644150846,0.001470959355849153,2.9419187116983063,-6.596625916699186e-05,0.0001510261863935177,1.7651512270189837,0.025,0.0,-0.03,0.0,1.0,0.0,0.015
38,1.2666419544751042,12,0.014237966717287318,0.0,-0.015927057837394076,0.014072942162605923,0.0009270578373940762,1.8541156747881524,6.891287584738823e-05,0.00015180511313010584,1.1124694048728914,0.025,0.0,-0.03,0.0,1.0,0.0,0.015
38,1.2666419544751042,13,0.015356583926737392,0.0,-0.01537391607482111,0.014626083925178888,0.0003739160748211113,0.7478321496422226,-7.167227901678651e-05,0.00015356101736064081,0.4486992897853335,0.025,0.0,-0.03,0.0,1.0,0.0,0.015
39,1.299974637487607,0,0.0,0.0,-0.02,0.009999999999999998,0.005000000000000001,10.000000000000002,0.0,0.0,6.000000000000001,0.025,0.0,-0.03,0.0,1.0,0.0,0.015
39,1.299974637487607,1,0.0012437991507201298,0.0,-0.019978206161969388,0.010021793838030611,0.004978206161969388,9.956412323938777,1.6960231199262245e-07,1.0883161269294614e-06,5.973847394363266,0.025,0.0,-0.03,0.0,1.0,0.0,0.015
39,1.299974637487607,2,0.002484281812452544,0.0,-0.01987890703490845,0.01012109296509155,0.004878907034908449,9.757814069816899,-4.1308836977659386e-07,2.3252899653008135e-06,5.854688441890139,0.025,0.0,-0.03,0.0,1.0,0.0,0.015
39,1.299974637487607,3,0.0037173331074433487,0.0,-0.01970755971651889,0.01029244028348111,0.004707559716518889,9.415119433037779,7.515966219357863e-07,3.838123965676129e-06,5.649071659822667,0.025,0.0,-0.03,0.0,1.0,0.0,0.015
39,1.299974637487607,4,0.0049397958750764205,0.0,-0.019469994334778962,0.010530005665221037,0.004469994334778963,8.939988669557925,-1.2102673259919887e-06,5.7418083872008475e-06,5.363993201734755,0.025,0.0,-0.03,0.0,1.0,0.0,0.015
39,1.299974637487607,5,0.006149438691973177,0.0,-0.019172285123342486,0.010827714876657513,0.004172285123342487,8.344570246684974,2.067677581475176e-06,8.096741273915546e-06,5.006742148010984,0.025,0.0,-0.03,0.0,1.0,0.0,0.015
39,1.299974637487607,6,0.007344913046011977,0.0,-0.018820638797635778,0.011179361202364221,0.003820638797635778,7.641277595271556,-3.1157778522026992e-06,1.102342611652791e-05,4.584766557162934,0.025,0.0,-0.03,0.0,1.0,0.0,0.015
39,1.299974637487607,7,0.008525678512376459,0.0,-0.01842130711097528,0.01157869288902472,0.0034213071109752795,6.842614221950559,4.752975880650994e-06,1.4526188341471204e-05,4.105568533170335,0.025,0.0,-0.03,0.0,1.0,0.0,0.015
39,1.299974637487607,8,0.009691933727741225,0.0,-0.017980516461771887,0.012019483538228112,0.002980516461771887,5.961032923543774,-6.624643645584181e-06,1.874219256286732e-05,3.5766197541262645,0.025,0.0,-0.03,0.0,1.0,0.0,0.015
39,1.299974637487607,9,0.010844518841117834,0.0,-0.017504424251599336,0.012495575748400663,0.0025044242515993367,5.008848503198673,9.190805302388227e-06,2.3640298360692087e-05,3.0053091019192038,0.025,0.0,-0.03,0.0,1.0,0.0,0.015
39,1.299974637487607,10,0.011984836359459069,0.0,-0.016999087006375226,0.013000912993624773,0.001999087006375227,3.9981740127504537,-1.1930376567843322e-05,2.940195819531601e-05,2.398904407650272,0.025,0.0,-0.03,0.0,1.0,0.0,0.015
39,1.299974637487607,11,0.013115023337585262,0.0,-0.0164709577823824,0.013529042217617599,0.0014709577823824004,2.9419155647648005,1.4712230396921841e-05,3.383454329817839e-05,1.7651493388588804,0.025,0.0,-0.03,0.0,1.0,0.0,0.015
39,1.299974637487607,12,0.014237966723035013,0.0,-0.015927056825644645,0.014072943174355354,0.0009270568256446454,1.8541136512892908,-1.7121125986105538e-05,3.7970496055805635e-05,1.1124681907735745,0.025,0.0,-0.03,0.0,1.0,0.0,0.015
39,1.299974637487607,13,0.015356584458994911,0.0,-0.015373915752266471,0.014626084247733527,0.00037391575226647204,0.7478315045329441,1.944787124301258e-05,4.191736086339495e-05,0.4486989027197665,0.025,0.0,-0.03,0.0,1.0,0.0,0.015
40,1.3333073205001098,0,0.0,0.0,-0.02,0.009999999999999998,0.005000000000000001,10.000000000000002,0.0,0.0,6.000000000000001,0.025,0.0,-0.03,0.0,1.0,0.0,0.015
40,1.3333073205001098,1,0.0012437992680418982,0.0,-0.019978206027353906,0.010021793972646093,0.004978206027353906,9.956412054707812,-1.8448942875032022e-06,3.504827528459199e-05,5.973847232824687,0.025,0.0,-0.03,0.0,1.0,0.0,0.015
40,1.3333073205001098,2,0.0024842815249875518,0.0,-0.019878906709747724,0.010121093290252275,0.004878906709747725,9.757813419495449,6.78321505179544e-06,6.904588569421671e-05,5.854688051697269,0.025,0.0,-0.03,0.0,1.0,0.0,0.015
40,1.3333073205001098,3,0.0037173334012472106,0.0,-0.0197075590385854,0.010292440961414597,0.004707559038585402,9.415118077170805,-1.4790102817259017e-05,0.00010105620597167872,5.649070846302482,0.025,0.0,-0.03,0.0,1.0,0.0,0.015
40,1.3333073205001098,4,0.004939795263444038,0.0,-0.019469993495307435,0.010530006504692564,0.004469993495307436,8.939986990614871,2.5442931850185385e-05,0.0001304010640845832,5.363992194368922,0.025,0.0,-0.03,0.0,1.0,0.0,0.015
40,1.3333073205001098,5,0.006149439055583013,0.0,-0.019172283752526362,0.010827716247473636,0.004172283752526363,8.344567505052726,-3.7756658996584985e-05,0.00015675349725857187,5.006740503031636,0.025,0.0,-0.03,0.0,1.0,0.0,0.015
40,1.3333073205001098,6,0.00734491210785765,0.0,-0.018820637480059712,0.011179362519940287,0.0038206374800597125,7.641274960119425,5.119448055687164e-05,0.00017997669447166278,4.5847649760716545,0.025,0.0,-0.03,0.0,1.0,0.0,0.015
40,1.3333073205001098,7,0.008525678891041161,0.0,-0.01842130516246521,0.011578694837534789,0.003421305162465211,6.842610324930422,-6.475011854941677e-05,0.0002002255485528102,4.105566194958253,0.025,0.0,-0.03,0.0,1.0,0.0,0.015
40,1.3333073205001098,8,0.009691932550978439,0.0,-0.017980514912326766,0.012019485087673233,0.0029805149123267663,5.961029824653533,7.819803292034e-05,0.00021766601519758284,3.5766178947921197,0.025,0.0,-0.03,0.0,1.0,0.0,0.015
40,1.3333073205001098,9,0.010844519298853671,0.0,-0.01750442208036872,0.012495577919631278,0.0025044220803687213,5.008844160737443,-9.066321380575942e-05,0.00023270032957483999,3.0053064964424654,0.025,0.0,-0.03,0.0,1.0,0.0,0.015
40,1.3333073205001098,10,0.011984835156891204,0.0,-0.01699908567313859,0.013000914326861408,0.001999085673138591,3.998171346277182,0.00010227012197731774,0.0002455638202802109,2.398902807766309,0.025,0.0,-0.03,0.0,1.0,0.0,0.015
40,1.3333073205001098,11,0.013115024016248592,0.0,-0.01647095598969963,0.013529044010300369,0.0014709559896996308,2.9419119793992614,-0.00010893671334175294,0.0002500350607123557,1.7651471876395568,0.025,0.0,-0.03,0.0,1.0,0.0,0.015
40,1.3333073205001098,12,0.014237965957405084,0.0,-0.015927056255012867,0.014072943744987132,0.0009270562550128675,1.854112510025735,0.00011519089717812834,0.0002538870862640918,1.112467506015441,0.025,0.0,-0.03,0.0,1.0,0.0,0.015
40,1.3333073205001098,13,0.01535658565889108,0.0,-0.015373915125496828,0.01462608487450317,0.0003739151254968289,0.7478302509936579,-0.00012022963777845547,0.00025764000975173485,0.4486981505961947,0.025,0.0,-0.03,0.0,1.0,0.0,0.015
41,1.3666400035126125,0,0.0,0.0,-0.02,0.009999999999999998,0.005000000000000001,10.000000000000002,0.0,0.0,6.000000000000001,0.025,0.0,-0.03,0.0,1.0,0.0,0.015
41,1.3666400035126125,1,0.0012437992169583103,0.0,-0.019978205911019925,0.010021794088980074,0.004978205911019926,9.95641182203985,6.467460488317051e-07,1.3760160064470623e-05,5.9738470932239105,0.025,0.0,-0.03,0.0,1.0,0.0,0.015
41,1.3666400035126125,2,0.00248428157445479,0.0,-0.019878906387724462,0.010121093612275537,0.0048789063877244625,9.757812775448924,-2.5112047783941646e-06,2.7167751165899392e-05,5.8546876652693545,0.025,0.0,-0.03,0.0,1.0,0.0,0.015
41,1.3666400035126125,3,0.0037173332132924256,0.0,-0.019707558485560737,0.010292441514439261,0.004707558485560738,9.415116971121476,5.75111278779939e-06,3.9904399968990514e-05,5.649070182672886,0.025,0.0,-0.03,0.0,1.0,0.0,0.015
41,1.3666400035126125,4,0.004939795295475422,0.0,-0.01946999261972831,0.01053000738027169,0.004469992619728309,8.939985239456618,-1.0006893603115188e-05,5.178899296800069e-05,5.363991143673971,0.025,0.0,-0.03,0.0,1.0,0.0,0.015
41,1.3666400035126125,5,0.0061494386774033905,0.0,-0.019172282676132246,0.010827717323867753,0.004172282676132247,8.344565352264494,1.514291358644752e-05,6.271724039641765e-05,5.006739211358696,0.025,0.0,-0.03,0.0,1.0,0.0,0.015
41,1.3666400035126125,6,0.007344912071971221,0.0,-0.01882063604996791,0.011179363950032089,0.0038206360499679105,7.641272099935821,-2.0664767231815833e-05,7.273203520455595e-05,4.584763259961493,0.025,0.0,-0.03,0.0,1.0,0.0,0.015
41,1.3666400035126125,7,0.008525678321704856,0.0,-0.01842130368786308,0.01157869631213692,0.0034213036878630795,6.842607375726159,2.6618572026716137e-05,8.185729975388114e-05,4.105564425435695,0.025,0.0,-0.03,0.0,1.0,0.0,0.015
41,1.3666400035126125,8,0.009691932480953059,0.0,-0.01798051314255603,0.01201948685744397,0.00298051314255603,5.961026285112061,-3.247656450270688e-05,9.027954454084394e-05,3.576615771067236,0.025,0.0,-0.03,0.0,1.0,0.0,0.015
41,1.3666400035126125,9,0.01084451863805999,0.0,-0.017504420530643144,0.012495579469356855,0.0025044205306431443,5.008841061286288,3.8462844834698434e-05,9.806592352930624e-05,3.005304636771773,0.025,0.0,-0.03,0.0,1.0,0.0,0.015
41,1.3666400035126125,10,0.01198483520680034,0.0,-0.016999083968073647,0.013000916031926352,0.0019990839680736477,3.9981679361472953,-4.4342453292675094e-05,0.0001053429437400027,2.398900761688377,0.025,0.0,-0.03,0.0,1.0,0.0,0.015
41,1.3666400035126125,11,0.013115023545681176,0.0,-0.016470954836471884,0.013529045163528115,0.0014709548364718848,2.9419096729437695,4.7099362255283067e-05,0.00010778151416948385,1.7651458037662617,0.025,0.0,-0.03,0.0,1.0,0.0,0.015
41,1.3666400035126125,12,0.014237966293969142,0.0,-0.01592705526812747,0.014072944731872528,0.0009270552681274712,1.8541105362549424,-5.01800677252571e-05,0.00011061727808045988,1.1124663217529653,0.025,0.0,-0.03,0.0,1.0,0.0,0.015
41,1.3666400035126125,13,0.015356585766783656,0.0,-0.01537391501402202,0.014626084985977979,0.00037391501402202036,0.7478300280440408,5.329706853231762e-05,0.00011415786214501687,0.44869801682642446,0.025,0.0,-0.03,0.0,1.0,0.0,0.015
42,1.3999726865251152,0,0.0,0.0,-0.02,0.009999999999999998,0.005000000000000001,10.000000000000002,0.0,0.0,6.000000000000001,0.025,0.0,-0.03,0.0,1.0,0.0,0.015
42,1.3999726865251152,1,0.0012437992664710927,0.0,-0.01997820580173576,0.010021794198264239,0.0049782058017357605,9.95641160347152,-8.147796568617214e-08,1.176315987799496e-06,5.973846962082912,0.025,0.0,-0.03,0.0,1.0,0.0,0.015
42,1.3999726865251152,2,0.00248428142969492,0.0,-0.019878906110833105,0.010121093889166894,0.004878906110833105,9.75781222166621,5.8989099757223124e-08,2.1807352671745513e-06,5.854687332999726,0.025,0.0,-0.03,0.0,1.0,0.0,0.015
42,1.3999726865251152,3,0.0037173333218791546,0.0,-0.019707557944118347,0.010292442055881652,0.004707557944118347,9.415115888236695,2.0798668750249298e-07,2.8532759658094393e-06,5.649069532942017,0.025,0.0,-0.03,0.0,1.0,0.0,0.015
42,1.3999726865251152,4,0.0049397949603632125,0.0,-0.019469991893272427,0.010530008106727572,0.004469991893272428,8.939983786544856,-4.2643130062496313e-07,3.1047716639717303e-06,5.363990271926913,0.025,0.0,-0.03,0.0,1.0,0.0,0.015
42,1.3999726865251152,5,0.006149438777468304,0.0,-0.01917228159118359,0.010827718408816408,0.004172281591183592,8.344563182367184,6.265006055115375e-07,2.8391709774446228e-06,5.00673790942031,0.025,0.0,-0.03,0.0,1.0,0.0,0.015
42,1.3999726865251152,6,0.007344911520644486,0.0,-0.018820634897440337,0.011179365102559662,0.003820634897440337,7.6412697948806745,-5.158326816329611e-07,2.034139318332682e-06,4.584761876928405,0.025,0.0,-0.03,0.0,1.0,0.0,0.015
42,1.3999726865251152,7,0.008525678393616865,0.0,-0.01842130215557354,0.011578697844426458,0.0034213021555735412,6.842604311147083,2.7365769655728144e-07,6.061892803570133e-07,4.10556258668825,0.025,0.0,-0.03,0.0,1.0,0.0,0.015
42,1.3999726865251152,8,0.009691931760029259,0.0,-0.017980511771330046,0.012019488228669953,0.0029805117713300466,5.961023542660094,4.60761445634254e-07,1.4118148022373184e-06,3.576614125596056,0.025,0.0,-0.03,0.0,1.0,0.0,0.015
42,1.3999726865251152,9,0.010844518760310038,0.0,-0.01750441883654764,0.012495581163452358,0.0025044188365476415,5.008837673095283,-1.3701867428430923e-06,4.1190244275001506e-06,3.00530260385717,0.025,0.0,-0.03,0.0,1.0,0.0,0.015
42,1.3999726865251152,10,0.011984834467235429,0.0,-0.01699908275862883,0.01300091724137117,0.001999082758628829,3.9981655172576582,2.517366891015023e-06,7.589047531826236e-06,2.398899310354595,0.025,0.0,-0.03,0.0,1.0,0.0,0.015
42,1.3999726865251152,11,0.013115023863683257,0.0,-0.01647095346115094,0.013529046538849059,0.0014709534611509409,2.941906922301882,-5.5421521604472285e-06,1.3104326479382742e-05,1.7651441533811292,0.025,0.0,-0.03,0.0,1.0,0.0,0.015
42,1.3999726865251152,12,0.01423796589361411,0.0,-0.015927054690766905,0.014072945309233094,0.0009270546907669056,1.854109381533811,8.294790018161896e-06,1.8337314206257645e-05,1.1124656289202866,0.025,0.0,-0.03,0.0,1.0,0.0,0.015
42,1.3999726865251152,13,0.015356586535177399,0.0,-0.015373914600685028,0.01462608539931497,0.000373914600685029,0.747829201370058,-1.0793488023001129e-05,2.3291253224104735e-05,0.4486975208220348,0.025,0.0,-0.03,0.0,1.0,0.0,0.015
43,1.433305369537618,0,0.0,0.0,-0.02,0.009999999999999998,0.005000000000000001,10.000000000000002,0.0,0.0,6.000000000000001,0.025,0.0,-0.03,0.0,1.0,0.0,0.015
43,1.433305369537618,1,0.0012437991003244604,0.0,-0.019978205712110213,0.010021794287889785,0.004978205712110214,9.956411424220429,1.3257035560685195e-06,2.4064205993044378e-05,5.973846854532257,0.025,0.0,-0.03,0.0,1.0,0.0,0.015
43,1.433305369537618,2,0.002484281714532667,0.0,-0.01987890582079365,0.010121094179206348,0.004878905820793651,9.757811641587303,-4.73856424547843e-06,4.740024355876509e-05,5.854686984952381,0.025,0.0,-0.03,0.0,1.0,0.0,0.015
43,1.433305369537618,3,0.0037173328099630153,0.0,-0.019707557539272624,0.010292442460727375,0.004707557539272624,9.415115078545249,1.0255595180622097e-05,6.934587577366383e-05,5.649069047127149,0.025,0.0,-0.03,0.0,1.0,0.0,0.015
43,1.433305369537618,4,0.004939795446122039,0.0,-0.019469991080165443,0.010530008919834556,0.004469991080165443,8.939982160330887,-1.746340975703763e-05,8.943541653191668e-05,5.363989296198532,0.025,0.0,-0.03,0.0,1.0,0.0,0.015
43,1.433305369537618,5,0.006149437914193645,0.0,-0.019172280834303387,0.010827719165696612,0.004172280834303387,8.344561668606774,2.5944914372429312e-05,0.00010739161590557704,5.006737001164065,0.025,0.0,-0.03,0.0,1.0,0.0,0.015
43,1.433305369537618,6,0.007344912121412394,0.0,-0.018820633536409635,0.011179366463590364,0.003820633536409636,7.6412670728192715,-3.4967820360854036e-05,0.00012316481101746273,4.584760243691563,0.025,0.0,-0.03,0.0,1.0,0.0,0.015
43,1.433305369537618,7,0.008525677224393038,0.0,-0.018421301162921185,0.011578698837078814,0.003421301162921185,6.84260232584237,4.4277464536866435e-05,0.00013677043795719997,4.105561395505422,0.025,0.0,-0.03,0.0,1.0,0.0,0.015
43,1.433305369537618,8,0.009691932458416088,0.0,-0.017980510037245056,0.012019489962754943,0.0029805100372450564,5.961020074490113,-5.318497577215717e-05,0.0001484171361230847,3.576612044694068,0.025,0.0,-0.03,0.0,1.0,0.0,0.015
43,1.433305369537618,9,0.010844517409949248,0.0,-0.01750441786920811,0.01249558213079189,0.00250441786920811,5.00883573841622,6.163471321608533e-05,0.00015826414411999567,3.005301443049732,0.025,0.0,-0.03,0.0,1.0,0.0,0.015
43,1.433305369537618,10,0.011984835352213037,0.0,-0.016999080998422293,0.013000919001577706,0.001999080998422293,3.998161996844586,-6.888964389929633e-05,0.00016668210783278852,2.3988971981067517,0.025,0.0,-0.03,0.0,1.0,0.0,0.015
43,1.433305369537618,11,0.013115022620172447,0.0,-0.016470952880526395,0.013529047119473604,0.001470952880526396,2.9419057610527917,7.483795700489544e-05,0.000171773796735394,1.765143456631675,0.025,0.0,-0.03,0.0,1.0,0.0,0.015
43,1.433305369537618,12,0.014237967034694505,0.0,-0.015927053483696444,0.014072946516303555,0.0009270534836964446,1.8541069673928892,-8.002973760373146e-05,0.00017643823147150823,1.1124641804357334,0.025,0.0,-0.03,0.0,1.0,0.0,0.015
43,1.433305369537618,13,0.015356585754037698,0.0,-0.01537391491474599,0.01462608508525401,0.00037391491474599026,0.7478298294919805,8.446891513581326e-05,0.00018095716882073233,0.4486978976951883,0.025,0.0,-0.03,0.0,1.0,0.0,0.015
44,1.4666380525501208,0,0.0,0.0,-0.02,0.009999999999999998,0.005000000000000001,10.000000000000002,0.0,0.0,6.000000000000001,0.025,0.0,-0.03,0.0,1.0,0.0,0.015
44,1.4666380525501208,1,0.001243799173886792,0.0,-0.019978205620579927,0.010021794379420072,0.004978205620579927,9.956411241159854,-2.7213884900650654e-07,5.3078877844859955e-06,5.973846744695912,0.025,0.0,-0.03,0.0,1.0,0.0,0.015
44,1.4666380525501208,2,0.0024842815305034386,0.0,-0.01987890559736482,0.01012109440263518,0.00487890559736482,9.75781119472964,1.0290039634781402e-06,1.0492773208251082e-05,5.854686716837784,0.025,0.0,-0.03,0.0,1.0,0.0,0.015
44,1.4666380525501208,3,0.0037173329941746574,0.0,-0.019707557078676774,0.010292442921323225,0.0047075570786767745,9.41511415735355,-2.2515887968513636e-06,1.5451088987031978e-05,5.64906849441213,0.025,0.0,-0.03,0.0,1.0,0.0,0.015
44,1.4666380525501208,4,0.00493979504671691,0.0,-0.01946999050320324,0.01053000949679676,0.00446999050320324,8.939981006406478,3.946269047630526e-06,2.0105183223924156e-05,5.363988603843887,0.025,0.0,-0.03,0.0,1.0,0.0,0.015
44,1.4666380525501208,5,0.006149438145057813,0.0,-0.019172279902065777,0.010827720097934222,0.004172279902065777,8.344559804131555,-5.8866857197914315e-06,2.4445949229791067e-05,5.0067358824789325,0.025,0.0,-0.03,0.0,1.0,0.0,0.015
44,1.4666380525501208,6,0.0073449114941044205,0.0,-0.018820632632789495,0.011179367367210504,0.0038206326327894953,7.6412652655789906,8.142697424398644e-06,2.8453333912617378e-05,4.584759159347394,0.025,0.0,-0.03,0.0,1.0,0.0,0.015
44,1.4666380525501208,7,0.008525677476944238,0.0,-0.018421299833679947,0.011578700166320052,0.003421299833679947,6.842599667359894,-1.0415747612702376e-05,3.2197907392843735e-05,4.105559800415937,0.025,0.0,-0.03,0.0,1.0,0.0,0.015
44,1.4666380525501208,8,0.009691931649741812,0.0,-0.01798050898098673,0.01201949101901327,0.002980508980986729,5.961017961973458,1.2880216921324684e-05,3.5681257648904246e-05,3.576610777184075,0.025,0.0,-0.03,0.0,1.0,0.0,0.015
44,1.4666380525501208,9,0.010844517742161792,0.0,-0.01750441637800971,0.01249558362199029,0.0025044163780097092,5.008832756019419,-1.5196799312420005e-05,3.9022280224363686e-05,3.005299653611651,0.025,0.0,-0.03,0.0,1.0,0.0,0.015
44,1.4666380525501208,10,0.011984834493106047,0.0,-0.01699908010514392,0.013000919894856078,0.0019990801051439216,3.9981602102878435,1.756292169559567e-05,4.2241927164676487e-05,2.398896126172706,0.025,0.0,-0.03,0.0,1.0,0.0,0.015
44,1.4666380525501208,11,0.013115023130707382,0.0,-0.0164709516354002,0.0135290483645998,0.0014709516354001993,2.9419032708003985,-1.982210962350706e-05,4.555151187593576e-05,1.7651419624802391,0.025,0.0,-0.03,0.0,1.0,0.0,0.015
44,1.4666380525501208,12,0.014237966454029628,0.0,-0.015927053119979412,0.014072946880020587,0.0009270531199794124,1.8541062399588248,2.2360906471973607e-05,4.9179495437913545e-05,1.112463743975295,0.025,0.0,-0.03,0.0,1.0,0.0,0.015
44,1.4666380525501208,13,0.015356586644059174,0.0,-0.015373914453990898,0.014626085546009101,0.0003739144539908982,0.7478289079817964,-2.4874485873796935e-05,5.3230074196446123e-05,0.4486973447890778,0.025,0.0,-0.03,0.0,1.0,0.0,0.015
45,1.4999707355626235,0,0.0,0.0,-0.02,0.009999999999999998,0.005000000000000001,10.000000000000002,0.0,0.0,6.000000000000001,0.025,0.0,-0.03,0.0,1.0,0.0,0.015
45,1.4999707355626235,1,0.001243799074188235,0.0,-0.01997820554507594,0.010021794454924057,0.004978205545075942,9.956411090151885,-1.5418948340065242e-07,6.187836124742038e-06,5.973846654091131,0.025,0.0,-0.03,0.0,1.0,0.0,0.015
45,1.4999707355626235,2,0.0024842816923280726,0.0,-0.019878905363881896,0.010121094636118103,0.004878905363881896,9.757810727763792,8.872976632066967e-07,1.2098552393070503e-05,5.854686436658275,0.025,0.0,-0.03,0.0,1.0,0.0,0.015
45,1.4999707355626235,3,0.0037173326775276558,0.0,-0.019707556729333414,0.010292443270666585,0.004707556729333415,9.415113458666829,-2.294072693395947e-06,1.7490911574948193e-05,5.6490680752000975,0.025,0.0,-0.03,0.0,1.0,0.0,0.015
45,1.4999707355626235,4,0.00493979531303015,0.0,-0.019469989856965735,0.010530010143034264,0.004469989856965735,8.93997971393147,4.170407921914775e-06,2.2204686383344763e-05,5.363987828358882,0.025,0.0,-0.03,0.0,1.0,0.0,0.015
45,1.4999707355626235,5,0.006149437590720567,0.0,-0.019172279238487022,0.010827720761512977,0.004172279238487023,8.344558476974045,-6.193768970043738e-06,2.616606074061697e-05,5.006735086184427,0.025,0.0,-0.03,0.0,1.0,0.0,0.015
45,1.4999707355626235,6,0.007344911812563621,0.0,-0.01882063155847784,0.011179368441522158,0.0038206315584778418,7.641263116955684,8.343807462905671e-06,2.9310216470244015e-05,4.58475787017341,0.025,0.0,-0.03,0.0,1.0,0.0,0.015
45,1.4999707355626235,7,0.008525676702527263,0.0,-0.018421298951037484,0.011578701048962515,0.0034212989510374846,6.842597902074969,-1.0276912240114775e-05,3.167171446705905e-05,4.105558741244981,0.025,0.0,-0.03,0.0,1.0,0.0,0.015
45,1.4999707355626235,8,0.00969193202615541,0.0,-0.01798050762027571,0.01201949237972429,0.0029805076202757096,5.961015240551419,1.2097889478424434e-05,3.3232492860638216e-05,3.5766091443308516,0.025,0.0,-0.03,0.0,1.0,0.0,0.015
45,1.4999707355626235,9,0.010844516831038242,0.0,-0.017504415497963288,0.012495584502036711,0.002504415497963288,5.008830995926576,-1.3509333351163785e-05,3.406844958130133e-05,3.005298597555946,0.025,0.0,-0.03,0.0,1.0,0.0,0.015
45,1.4999707355626235,10,0.011984835020460197,0.0,-0.016999078737709998,0.01300092126229,0.0019990787377099986,3.998157475419997,1.5176630822446695e-05,3.3976382964538826e-05,2.398894485251998,0.025,0.0,-0.03,0.0,1.0,0.0,0.015
45,1.4999707355626235,11,0.013115022293167869,0.0,-0.01647095107216002,0.01352904892783998,0.0014709510721600191,2.9419021443200384,-1.2605616227233184e-05,2.8594559686806467e-05,1.765141286592023,0.025,0.0,-0.03,0.0,1.0,0.0,0.015
45,1.4999707355626235,12,0.014237967219932413,0.0,-0.015927052202964476,0.014072947797035523,0.0009270522029644762,1.8541044059289524,1.064941197612963e-05,2.339567715439115e-05,1.1124626435573715,0.025,0.0,-0.03,0.0,1.0,0.0,0.015
45,1.4999707355626235,13,0.015356586163981474,0.0,-0.015373914635971857,0.014626085364028141,0.000373914635971858,0.7478292719437161,-8.686369949655118e-06,1.853590204464143e-05,0.4486975631662296,0.025,0.0,-0.03,0.0,1.0,0.0,0.015
46,1.5333034185751262,0,0.0,0.0,-0.02,0.009999999999999998,0.005000000000000001,10.000000000000002,0.0,0.0,6.000000000000001,0.025,0.0,-0.03,0.0,1.0,0.0,0.015
46,1.5333034185751262,1,0.0012437992281669006,0.0,-0.019978205464429934,0.010021794535570065,0.004978205464429935,9.956410928859869,-7.603535619098404e-07,1.2827870834190302e-05,5.973846557315921,0.025,0.0,-0.03,0.0,1.0,0.0,0.015
46,1.5333034185751262,2,0.002484281356824642,0.0,-0.01987890519737334,0.01012109480262666,0.004878905197373339,9.757810394746679,2.635539275520067e-06,2.5242058670522443e-05,5.854686236848007,0.025,0.0,-0.03,0.0,1.0,0.0,0.015
46,1.5333034185751262,3,0.0037173330977869033,0.0,-0.019707556309284335,0.010292443690715664,0.004707556309284336,9.415112618568672,-5.5199244539826395e-06,3.687111846378757e-05,5.649067571141203,0.025,0.0,-0.03,0.0,1.0,0.0,0.015
46,1.5333034185751262,4,0.004939794637856882,0.0,-0.019469989447456794,0.010530010552543205,0.0044699894474567944,8.939978894913589,9.340129853814793e-06,4.74209077632486e-05,5.363987336948153,0.025,0.0,-0.03,0.0,1.0,0.0,0.015
46,1.5333034185751262,5,0.006149438195055118,0.0,-0.01917227836833102,0.01082772163166898,0.00417227836833102,8.34455673666204,-1.3696375842489274e-05,5.674038050419372e-05,5.006734041997224,0.025,0.0,-0.03,0.0,1.0,0.0,0.015
46,1.5333034185751262,6,0.007344910821098587,0.0,-0.01882063094606772,0.01117936905393228,0.003820630946067719,7.6412618921354385,1.841885394451072e-05,6.474321540977786e-05,4.584757135281263,0.025,0.0,-0.03,0.0,1.0,0.0,0.015
46,1.5333034185751262,7,0.00852567743496677,0.0,-0.01842129768308762,0.011578702316912378,0.0034212976830876214,6.842595366175243,-2.3054451806244476e-05,7.147445933091652e-05,4.105557219705146,0.025,0.0,-0.03,0.0,1.0,0.0,0.015
46,1.5333034185751262,8,0.009691930791630953,0.0,-0.01798050695044172,0.01201949304955828,0.002980506950441719,5.961013900883438,2.7568835507704036e-05,7.696325695324208e-05,3.576608340530063,0.025,0.0,-0.03,0.0,1.0,0.0,0.015
46,1.5333034185751262,9,0.010844517706847008,0.0,-0.017504414031423353,0.012495585968576646,0.0025044140314233534,5.008828062846707,-3.150919310733794e-05,8.137138899475094e-05,3.005296837708024,0.025,0.0,-0.03,0.0,1.0,0.0,0.015
46,1.5333034185751262,10,0.011984833680539101,0.0,-0.016999078260649024,0.013000921739350975,0.0019990782606490246,3.998156521298049,3.4621379801570246e-05,8.490785552160273e-05,2.398893912778829,0.025,0.0,-0.03,0.0,1.0,0.0,0.015
46,1.5333034185751262,11,0.013115023357199218,0.0,-0.0164709497633811,0.013529050236618899,0.0014709497633811006,2.9418995267622012,-3.8899258724548616e-05,8.953752518844579e-05,1.7651397160573208,0.025,0.0,-0.03,0.0,1.0,0.0,0.015
46,1.5333034185751262,12,0.014237966087667144,0.0,-0.015927052198339644,0.014072947801660355,0.0009270521983396444,1.854104396679289,4.262201631094766e-05,9.386750715036683e-05,1.1124626380075733,0.025,0.0,-0.03,0.0,1.0,0.0,0.015
46,1.5333034185751262,13,0.01535658756137177,0.0,-0.015373913946238525,0.014626086053761474,0.00037391394623852506,0.7478278924770501,-4.5758623966140256e-05,9.797258690504486e-05,0.44869673548623,0.025,0.0,-0.03,0.0,1.0,0.0,0.015
47,1.566636101587629,0,0.0,0.0,-0.02,0.009999999999999998,0.005000000000000001,10.000000000000002,0.0,0.0,6.000000000000001,0.025,0.0,-0.03,0.0,1.0,0.0,0.015
47,1.566636101587629,1,0.0012437991323320332,0.0,-0.019978205402473775,0.010021794597526223,0.004978205402473776,9.956410804947552,-1.2388420692180518e-07,3.1330504029578316e-06,5.973846482968531,0.025,0.0,-0.03,0.0,1.0,0.0,0.015
47,1.566636101587629,2,0.0024842815171068067,0.0,-0.01987890500227548,0.010121094997724518,0.004878905002275481,9.757810004550963,5.37490339649245e-07,6.162948093535865e-06,5.854686002730578,0.025,0.0,-0.03,0.0,1.0,0.0,0.015
47,1.566636101587629,3,0.003717332797078989,0.0,-0.019707556025919858,0.010292443974080141,0.004707556025919858,9.415112051839717,-1.245976400935947e-06,9.001686147718157e-06,5.64906723110383,0.025,0.0,-0.03,0.0,1.0,0.0,0.015
47,1.566636101587629,4,0.00493979490867997,0.0,-0.01946998890370051,0.010530011096299488,0.004469988903700511,8.939977807401023,2.2245499147260085e-06,1.1584300408833898e-05,5.363986684440614,0.025,0.0,-0.03,0.0,1.0,0.0,0.015
47,1.566636101587629,5,0.006149437675284825,0.0,-0.01917227783472607,0.010827722165273928,0.0041722778347260715,8.344555669452143,-3.300318984041782e-06,1.3893417410384168e-05,5.006733401671286,0.025,0.0,-0.03,0.0,1.0,0.0,0.015
47,1.566636101587629,6,0.007344911156088565,0.0,-0.01882063003771401,0.011179369962285989,0.003820630037714011,7.641260075428022,4.528464009168119e-06,1.5900546215772543e-05,4.584756045256813,0.025,0.0,-0.03,0.0,1.0,0.0,0.015
47,1.566636101587629,7,0.008525676713650402,0.0,-0.018421296980164596,0.011578703019835403,0.003421296980164596,6.842593960329192,-5.687355021321705e-06,1.7643764117324594e-05,4.105556376197515,0.025,0.0,-0.03,0.0,1.0,0.0,0.015
47,1.566636101587629,8,0.009691931193013174,0.0,-0.01798050579313893,0.012019494206861069,0.002980505793138931,5.961011586277862,6.913582572991856e-06,1.91074631463923e-05,3.576606951766717,0.025,0.0,-0.03,0.0,1.0,0.0,0.015
47,1.566636101587629,9,0.010844516854930533,0.0,-0.017504413343179072,0.012495586656820927,0.0025044133431790724,5.0088266863581445,-7.983425552260678e-06,2.0354063056765588e-05,3.005296011814887,0.025,0.0,-0.03,0.0,1.0,0.0,0.015
47,1.566636101587629,10,0.01198483422347372,0.0,-0.016999077084581215,0.013000922915418784,0.0019990770845812154,3.9981541691624307,9.308405414149273e-06,2.1275839535473765e-05,2.3988925014974583,0.025,0.0,-0.03,0.0,1.0,0.0,0.015
47,1.566636101587629,11,0.01311502255461373,0.0,-0.01647094934625851,0.013529050653741489,0.0014709493462585106,2.941898692517021,-8.036715765250888e-06,1.8366586990200746e-05,1.7651392155102126,0.025,0.0,-0.03,0.0,1.0,0.0,0.015
47,1.566636101587629,12,0.014237966836151965,0.0,-0.015927051387940153,0.014072948612059846,0.0009270513879401539,1.8541027758803077,6.838705473129484e-06,1.5134956247165511e-05,1.1124616655281845,0.025,0.0,-0.03,0.0,1.0,0.0,0.015
47,1.566636101587629,13,0.015356587041752114,0.0,-0.015373914154123149,0.01462608584587685,0.0003739141541231495,0.747828308246299,-5.402008577417598e-06,1.1677692804639014e-05,0.4486969849477794,0.025,0.0,-0.03,0.0,1.0,0.0,0.015
48,1.5999687846001316,0,0.0,0.0,-0.02,0.009999999999999998,0.005000000000000001,10.000000000000002,0.0,0.0,6.000000000000001,0.025,0.0,-0.03,0.0,1.0,0.0,0.015
48,1.5999687846001316,1,0.0012437992206766272,0.0,-0.01997820533731146,0.01002179466268854,0.0049782053373114594,9.95641067462292,4.454732367365821e-07,1.1630087736360529e-05,5.973846404773751,0.025,0.0,-0.03,0.0,1.0,0.0,0.015
48,1.5999687846001316,2,0.002484281316112129,0.0,-0.019878904858199053,0.010121095141800946,0.004878904858199053,9.757809716398107,-1.9339186347350487e-06,2.2867630005249402e-05,5.854685829838864,0.025,0.0,-0.03,0.0,1.0,0.0,0.015
48,1.5999687846001316,3,0.003717333033666959,0.0,-0.019707555694143168,0.01029244430585683,0.004707555694143169,9.415111388286338,4.64235811043699e-06,3.3360986636677935e-05,5.649066832971802,0.025,0.0,-0.03,0.0,1.0,0.0,0.015
48,1.5999687846001316,4,0.004939794492045988,0.0,-0.019469988538291162,0.010530011461708837,0.004469988538291163,8.939977076582325,-8.179297054876405e-06,4.289874348715669e-05,5.363986245949395,0.025,0.0,-0.03,0.0,1.0,0.0,0.015
48,1.5999687846001316,5,0.006149438007107859,0.0,-0.019172277155699864,0.010827722844300135,0.004172277155699865,8.34455431139973,1.2315044247876003e-05,5.135596902684843e-05,5.006732586839838,0.025,0.0,-0.03,0.0,1.0,0.0,0.015
48,1.5999687846001316,6,0.0073449105260129785,0.0,-0.018820629477836654,0.011179370522163345,0.0038206294778366547,7.641258955673309,-1.6663872575412844e-05,5.8720528814775295e-05,4.584755373403985,0.025,0.0,-0.03,0.0,1.0,0.0,0.015
48,1.5999687846001316,7,0.008525677112530805,0.0,-0.018421295999278258,0.01157870400072174,0.0034212959992782586,6.842591998556517,2.113447003294414e-05,6.50010014563032e-05,4.10555519913391,0.025,0.0,-0.03,0.0,1.0,0.0,0.015
48,1.5999687846001316,8,0.00969193039194574,0.0,-0.017980505160441765,0.012019494839558234,0.0029805051604417654,5.961010320883531,-2.5364401385413225e-05,7.03092828273685e-05,3.5766061925301185,0.025,0.0,-0.03,0.0,1.0,0.0,0.015
48,1.5999687846001316,9,0.010844517350926288,0.0,-0.01750441222079797,0.012495587779202028,0.002504412220797971,5.008824441595943,2.9437114855505325e-05,7.469319442821544e-05,3.0052946649575656,0.025,0.0,-0.03,0.0,1.0,0.0,0.015
48,1.5999687846001316,10,0.011984833348142111,0.0,-0.0169990765907873,0.0130009234092127,0.0019990765907873,3.9981531815746,-3.359659167619222e-05,7.807818179107206e-05,2.39889190894476,0.025,0.0,-0.03,0.0,1.0,0.0,0.015
48,1.5999687846001316,11,0.013115023215838188,0.0,-0.016470948360237988,0.013529051639762011,0.0014709483602379884,2.941896720475977,3.2373776528393375e-05,7.382546620884977e-05,1.765138032285586,0.025,0.0,-0.03,0.0,1.0,0.0,0.015
48,1.5999687846001316,12,0.014237966105366913,0.0,-0.015927051290998296,0.014072948709001703,0.0009270512909982966,1.854102581996593,-3.160402234700777e-05,6.969137474015256e-05,1.1124615491979557,0.025,0.0,-0.03,0.0,1.0,0.0,0.015
48,1.5999687846001316,13,0.015356588003450583,0.0,-0.015373913674467912,0.014626086325532087,0.0003739136744679121,0.7478273489358243,3.078855752589661e-05,6.595243872288198e-05,0.4486964093614945,0.025,0.0,-0.03,0.0,1.0,0.0,0.015
49,1.6333014676126345,0,0.0,0.0,-0.02,0.009999999999999998,0.005000000000000001,10.000000000000002,0.0,0.0,6.000000000000001,0.025,0.0,-0.03,0.0,1.0,0.0,0.015
49,1.6333014676126345,1,0.0012437990794860602,0.0,-0.019978205289539475,0.010021794710460524,0.004978205289539475,9.95641057907895,2.5870060359028283e-07,3.1267360499356926e-06,5.9738463474473695,0.025,0.0,-0.03,0.0,1.0,0.0,0.015
49,1.6333014676126345,2,0.0024842815705209183,0.0,-0.01987890468471567,0.01012109531528433,0.0048789046847156695,9.757809369431339,-7.598199779297727e-07,6.110324451325675e-06,5.8546856216588035,0.025,0.0,-0.03,0.0,1.0,0.0,0.015
49,1.6333014676126345,3,0.0037173326071140624,0.0,-0.01970755548627899,0.010292444513721008,0.0047075554862789915,9.415110972557983,1.4344994524217783e-06,8.813989507259886e-06,5.64906658353479,0.025,0.0,-0.03,0.0,1.0,0.0,0.015
49,1.6333014676126345,4,0.0049397949447641835,0.0,-0.01946998804416156,0.010530011955838438,0.004469988044161561,8.939976088323123,-2.24155186136754e-06,1.1122032782343695e-05,5.363985652993874,0.025,0.0,-0.03,0.0,1.0,0.0,0.015
49,1.6333014676126345,5,0.006149437303779067,0.0,-0.019172276780759057,0.010827723219240942,0.004172276780759057,8.344553561518115,3.1708818477006033e-06,1.2940292792669556e-05,5.006732136910869,0.025,0.0,-0.03,0.0,1.0,0.0,0.015
49,1.6333014676126345,6,0.007344911115209125,0.0,-0.018820628638418876,0.011179371361581123,0.0038206286384188763,7.641257276837752,-4.01376457206006e-06,1.4236009755075888e-05,4.5847543661026515,0.025,0.0,-0.03,0.0,1.0,0.0,0.015
49,1.6333014676126345,7,0.008525676171683249,0.0,-0.01842129552979116,0.01157870447020884,0.00342129552979116,6.84259105958232,4.805213661170259e-06,1.4961530325227756e-05,4.1055546357493915,0.025,0.0,-0.03,0.0,1.0,0.0,0.015
49,1.6333014676126345,8,0.009691931094891717,0.0,-0.017980504070958726,0.012019495929041273,0.002980504070958727,5.961008141917453,-5.304507446518311e-06,1.5142749581764596e-05,3.576604885150472,0.025,0.0,-0.03,0.0,1.0,0.0,0.015
49,1.6333014676126345,9,0.01084451625446068,0.0,-0.01750441180457748,0.01249558819542252,0.002504411804577479,5.008823609154958,5.574153416445077e-06,1.4766185316701968e-05,3.0052941654929746,0.025,0.0,-0.03,0.0,1.0,0.0,0.015
49,1.6333014676126345,10,0.011984834205936695,0.0,-0.01699907545021116,0.01300092454978884,0.0019990754502111595,3.998150900422319,-4.980209154788861e-06,1.4049408302114355e-05,2.398890540253391,0.025,0.0,-0.03,0.0,1.0,0.0,0.015
49,1.6333014676126345,11,0.01311502213207592,0.0,-0.016470948198569566,0.013529051801430433,0.0014709481985695667,2.9418963971391334,7.447231300925706e-06,1.7301431198277526e-05,1.76513783828348,0.025,0.0,-0.03,0.0,1.0,0.0,0.015
49,1.6333014676126345,12,0.014237967154409472,0.0,-0.01592705042591215,0.014072949574087848,0.0009270504259121515,1.854100851824303,-9.277285607414227e-06,2.0400867866104653e-05,1.1124605110945818,0.025,0.0,-0.03,0.0,1.0,0.0,0.015
49,1.6333014676126345,13,0.015356587134353597,0.0,-0.0153739140515659,0.014626085948434099,0.00037391405156590035,0.7478281031318007,1.0898738242570968e-05,2.3245193150012835e-05,0.4486968618790804,0.025,0.0,-0.03,0.0,1.0,0.0,0.015
50,1.6666341506251372,0,0.0,0.0,-0.02,0.009999999999999998,0.005000000000000001,10.000000000000002,0.0,0.0,6.000000000000001,0.025,0.0,-0.03,0.0,1.0,0.0,0.015
50,1.6666341506251372,1,0.0012437991469613928,0.0,-0.019978205236079672,0.010021794763920327,0.004978205236079673,9.956410472159344,4.6382318202938715e-07,9.76437446302012e-06,5.9738462832956065,0.025,0.0,-0.03,0.0,1.0,0.0,0.015
50,1.6666341506251372,2,0.0024842814153010063,0.0,-0.019878904564404117,0.010121095435595882,0.004878904564404117,9.757809128808233,-1.7900741100748946e-06,1.9255496837632228e-05,5.8546854772849395,0.025,0.0,-0.03,0.0,1.0,0.0,0.015
50,1.6666341506251372,3,0.003717332786754389,0.0,-0.01970755521454676,0.010292444785453238,0.004707555214546761,9.415110429093522,4.062825314101945e-06,2.8227163541085645e-05,5.649066257456113,0.025,0.0,-0.03,0.0,1.0,0.0,0.015
50,1.6666341506251372,4,0.004939794620826518,0.0,-0.019469987738139717,0.010530012261860282,0.004469987738139718,8.939975476279436,-7.053735232282098e-06,3.6526168208974766e-05,5.3639852857676615,0.025,0.0,-0.03,0.0,1.0,0.0,0.015
50,1.6666341506251372,5,0.006149437553726356,0.0,-0.019172276225445123,0.010827723774554876,0.0041722762254451234,8.344552450890246,1.0610040163309077e-05,4.406704607498539e-05,5.006731470534148,0.025,0.0,-0.03,0.0,1.0,0.0,0.015
50,1.6666341506251372,6,0.007344910622046997,0.0,-0.018820628167949237,0.011179371832050762,0.0038206281679492374,7.641256335898475,-1.4432519383408813e-05,5.085536684864173e-05,4.584753801539085,0.025,0.0,-0.03,0.0,1.0,0.0,0.015
50,1.6666341506251372,7,0.008525676471159635,0.0,-0.018421294728814323,0.011578705271185676,0.003421294728814323,6.842589457628646,1.8461610322891833e-05,5.6910973282125706e-05,4.1055536745771875,0.025,0.0,-0.03,0.0,1.0,0.0,0.015
50,1.6666341506251372,8,0.009691930465036788,0.0,-0.017980503536676233,0.012019496463323766,0.0029805035366762336,5.961007073352468,-2.2408633666162825e-05,6.233786041918156e-05,3.5766042440114805,0.025,0.0,-0.03,0.0,1.0,0.0,0.015
50,1.6666341506251372,9,0.010844516630791492,0.0,-0.017504410889931047,0.012495589110068952,0.0025044108899310476,5.008821779862095,2.633399183297884e-05,6.719243278181566e-05,3.005293067917257,0.025,0.0,-0.03,0.0,1.0,0.0,0.015
50,1.6666341506251372,10,0.011984833516973069,0.0,-0.016999075027975798,0.013000924972024201,0.0019990750279757982,3.9981500559515966,-3.028698477517456e-05,7.14887090463137e-05,2.3988900335709578,0.025,0.0,-0.03,0.0,1.0,0.0,0.015
50,1.6666341506251372,11,0.013115022647973274,0.0,-0.016470947396946236,0.013529052603053763,0.0014709473969462365,2.941894793892473,3.0509465998608393e-05,6.980284739988553e-05,1.7651368763354838,0.025,0.0,-0.03,0.0,1.0,0.0,0.015
50,1.6666341506251372,12,0.014237966575612025,0.0,-0.015927050334528393,0.014072949665471606,0.0009270503345283933,1.8541006690567865,-3.071183523622543e-05,6.78170382311949e-05,1.1124604014340718,0.025,0.0,-0.03,0.0,1.0,0.0,0.015
50,1.6666341506251372,13,0.015356587910895858,0.0,-0.015373913663514748,0.014626086336485251,0.0003739136635147484,0.7478273270294967,3.063452424455983e-05,6.575426467576025e-05,0.448696396217698,0.025,0.0,-0.03,0.0,1.0,0.0,0.015
51,1.69996683363764,0,0.0,0.0,-0.02,0.009999999999999998,0.005000000000000001,10.000000000000002,0.0,0.0,6.000000000000001,0.025,0.0,-0.03,0.0,1.0,0.0,0.015
51,1.69996683363764,1,0.0012437990741992506,0.0,-0.019978205194818244,0.010021794805181755,0.004978205194818244,9.956410389636488,-6.682396239270693e-07,1.5465087921074428e-05,5.9738462337818925,0.025,0.0,-0.03,0.0,1.0,0.0,0.015
51,1.69996683363764,2,0.0024842815392624867,0.0,-0.019878904428535616,0.010121095571464383,0.004878904428535617,9.757808857071232,2.729671406398395e-06,3.045888795003827e-05,5.854685314242739,0.025,0.0,-0.03,0.0,1.0,0.0,0.015
51,1.69996683363764,3,0.003717332559955367,0.0,-0.01970755502514536,0.01029244497485464,0.00470755502514536,9.415110050290721,-6.306885414685873e-06,4.45655595669229e-05,5.649066030174432,0.025,0.0,-0.03,0.0,1.0,0.0,0.015
51,1.69996683363764,4,0.004939794833664527,0.0,-0.019469987360679022,0.010530012639320976,0.004469987360679023,8.939974721358046,1.1078076229730954e-05,5.751488458934743e-05,5.363984832814828,0.025,0.0,-0.03,0.0,1.0,0.0,0.015
51,1.69996683363764,5,0.006149437165024611,0.0,-0.019172275869431536,0.010827724130568463,0.004172275869431537,8.344551738863073,-1.660159506943252e-05,6.918438440200707e-05,5.006731043317844,0.025,0.0,-0.03,0.0,1.0,0.0,0.015
51,1.69996683363764,6,0.007344910889685012,0.0,-0.01882062753653211,0.011179372463467889,0.0038206275365321105,7.641255073064221,2.2625598861285104e-05,7.953551365438753e-05,4.584753043838532,0.025,0.0,-0.03,0.0,1.0,0.0,0.015
51,1.69996683363764,7,0.008525675935234043,0.0,-0.018421294262406247,0.011578705737593752,0.003421294262406248,6.842588524812496,-2.8745254594388188e-05,8.864645186792084e-05,4.105553114887497,0.025,0.0,-0.03,0.0,1.0,0.0,0.015
51,1.69996683363764,8,0.00969193078618277,0.0,-0.017980502730006506,0.012019497269993493,0.002980502730006506,5.961005460013012,3.48436810585325e-05,9.660767989903061e-05,3.576603276007807,0.025,0.0,-0.03,0.0,1.0,0.0,0.015
51,1.69996683363764,9,0.010844515998772205,0.0,-0.017504410438234776,0.012495589561765223,0.002504410438234777,5.008820876469554,-4.063064742087568e-05,0.00010358025436486415,3.0052925258817322,0.025,0.0,-0.03,0.0,1.0,0.0,0.015
51,1.69996683363764,10,0.011984833941475348,0.0,-0.016999074206886226,0.013000925793113773,0.001999074206886227,3.9981484137724537,4.662333595765136e-05,0.0001094797465511665,2.398889048263472,0.025,0.0,-0.03,0.0,1.0,0.0,0.015
51,1.69996683363764,11,0.013115022025187127,0.0,-0.01647094714388144,0.013529052856118558,0.0014709471438814417,2.9418942877628833,-4.677949793982415e-05,0.0001070039765373526,1.76513657265773,0.025,0.0,-0.03,0.0,1.0,0.0,0.015
51,1.69996683363764,12,0.014237967180741459,0.0,-0.015927049738452114,0.014072950261547885,0.0009270497384521147,1.8540994769042294,4.743395164346531e-05,0.00010456084490292055,1.1124596861425375,0.025,0.0,-0.03,0.0,1.0,0.0,0.015
51,1.69996683363764,13,0.015356587444841115,0.0,-0.015373913857338644,0.014626086142661355,0.00037391385733864455,0.7478277146772891,-4.782911503435606e-05,0.00010250570365693508,0.44869662880637345,0.025,0.0,-0.03,0.0,1.0,0.0,0.015
52,1.7332995166501426,0,0.0,0.0,-0.02,0.009999999999999998,0.005000000000000001,10.000000000000002,0.0,0.0,6.000000000000001,0.025,0.0,-0.03,0.0,1.0,0.0,0.015
52,1.7332995166501426,1,0.001243799164200292,0.0,-0.01997820514864906,0.010021794851350938,0.004978205148649061,9.956410297298122,1.1195297879252795e-07,3.511587132161477e-06,5.973846178378873,0.025,0.0,-0.03,0.0,1.0,0.0,0.015
52,1.7332995166501426,2,0.002484281343732143,0.0,-0.019878904336028912,0.010121095663971087,0.004878904336028913,9.757808672057825,-5.495761119745542e-07,6.9846924950775e-06,5.854685203234695,0.025,0.0,-0.03,0.0,1.0,0.0,0.015
52,1.7332995166501426,3,0.0037173328063438023,0.0,-0.019707554785967356,0.010292445214032643,0.004707554785967356,9.415109571934712,1.4206309316031921e-06,1.0387194600479142e-05,5.649065743160827,0.025,0.0,-0.03,0.0,1.0,0.0,0.015
52,1.7332995166501426,4,0.004939794440535565,0.0,-0.019469987132374838,0.010530012867625161,0.0044699871323748384,8.939974264749678,-2.6015384260902033e-06,1.3727952592720914e-05,5.363984558849807,0.025,0.0,-0.03,0.0,1.0,0.0,0.015
52,1.7332995166501426,5,0.006149437520786581,0.0,-0.01917227537448307,0.01082772462551693,0.004172275374483069,8.344550748966139,4.0928869162900095e-06,1.7023112215396205e-05,5.006730449379683,0.025,0.0,-0.03,0.0,1.0,0.0,0.015
52,1.7332995166501426,6,0.007344910313071495,0.0,-0.01882062719571385,0.011179372804286148,0.0038206271957138514,7.641254391427703,-5.7789367315249845e-06,2.0322493426675773e-05,4.584752634856621,0.025,0.0,-0.03,0.0,1.0,0.0,0.015
52,1.7332995166501426,7,0.008525676367680337,0.0,-0.018421293540749117,0.011578706459250881,0.003421293540749118,6.842587081498236,7.729511441626077e-06,2.365558345326987e-05,4.105552248898941,0.025,0.0,-0.03,0.0,1.0,0.0,0.015
52,1.7332995166501426,8,0.009691930068591747,0.0,-0.01798050235894909,0.012019497641050907,0.002980502358949092,5.961004717898184,-9.808026803895812e-06,2.709827869299884e-05,3.5766028307389104,0.025,0.0,-0.03,0.0,1.0,0.0,0.015
52,1.7332995166501426,9,0.01084451651541777,0.0,-0.017504409602645158,0.01249559039735484,0.0025044096026451586,5.008819205290317,1.2156664381368973e-05,3.066909374978326e-05,3.0052915231741903,0.025,0.0,-0.03,0.0,1.0,0.0,0.015
52,1.7332995166501426,10,0.011984833160764874,0.0,-0.016999073944008437,0.013000926055991562,0.001999073944008438,3.998147888016876,-1.4996554490136584e-05,3.4299764527177045e-05,2.3988887328101254,0.025,0.0,-0.03,0.0,1.0,0.0,0.015
52,1.7332995166501426,11,0.013115022671369015,0.0,-0.016470946385817017,0.013529053614182981,0.001470946385817018,2.941892771634036,1.4430882205065913e-05,3.2863644165167144e-05,1.7651356629804216,0.025,0.0,-0.03,0.0,1.0,0.0,0.015
52,1.7332995166501426,12,0.014237966474973992,0.0,-0.015927049766183497,0.014072950233816502,0.0009270497661834978,1.8540995323669955,-1.4244109756006685e-05,3.149471276076848e-05,1.1124597194201973,0.025,0.0,-0.03,0.0,1.0,0.0,0.015
52,1.7332995166501426,13,0.01535658832081117,0.0,-0.015373913427195228,0.01462608657280477,0.00037391342719522887,0.7478268543904577,1.412833724260785e-05,3.0384749816044116e-05,0.4486961126342746,0.025,0.0,-0.03,0.0,1.0,0.0,0.015
53,1.7666321996626455,0,0.0,0.0,-0.02,0.009999999999999998,0.005000000000000001,10.000000000000002,0.0,0.0,6.000000000000001,0.025,0.0,-0.03,0.0,1.0,0.0,0.015
53,1.7666321996626455,1,0.001243799125538357,0.0,-0.01997820511340148,0.010021794886598517,0.004978205113401482,9.956410226802964,-6.659317996728967e-07,1.339625493180001e-05,5.973846136081778,0.025,0.0,-0.03,0.0,1.0,0.0,0.015
53,1.7666321996626455,2,0.0024842814038463167,0.0,-0.019878904227921962,0.010121095772078037,0.004878904227921962,9.757808455843925,2.5245547917346113e-06,2.6428230490081074e-05,5.854685073506355,0.025,0.0,-0.03,0.0,1.0,0.0,0.015
53,1.7666321996626455,3,0.0037173326809480374,0.0,-0.019707554620339726,0.010292445379660273,0.004707554620339727,9.415109240679453,-5.617703825607992e-06,3.8773269322865865e-05,5.649065544407671,0.025,0.0,-0.03,0.0,1.0,0.0,0.015
53,1.7666321996626455,4,0.004939794536234049,0.0,-0.01946998683605996,0.01053001316394004,0.0044699868360599596,8.939973672119919,9.756805320074057e-06,5.021256008032433e-05,5.363984203271952,0.025,0.0,-0.03,0.0,1.0,0.0,0.015
53,1.7666321996626455,5,0.00614943729617344,0.0,-0.019172275056992177,0.010827724943007822,0.004172275056992178,8.344550113984356,-1.4596113096333385e-05,6.0651364223373195e-05,5.006730068390613,0.025,0.0,-0.03,0.0,1.0,0.0,0.015
53,1.7666321996626455,6,0.007344910423005574,0.0,-0.01882062670548463,0.01117937329451537,0.0038206267054846296,7.641253410969259,1.9930707556118944e-05,7.006677005507769e-05,4.584752046581555,0.025,0.0,-0.03,0.0,1.0,0.0,0.015
53,1.7666321996626455,7,0.008525676048947219,0.0,-0.018421293115152924,0.011578706884847075,0.0034212931151529243,6.842586230305849,-2.5427337161455258e-05,7.853324665607339e-05,4.105551738183509,0.025,0.0,-0.03,0.0,1.0,0.0,0.015
53,1.7666321996626455,8,0.009691930198478523,0.0,-0.01798050174091933,0.01201949825908067,0.0029805017409193293,5.961003481838659,3.0987842260819506e-05,8.613683115360264e-05,3.576602089103195,0.025,0.0,-0.03,0.0,1.0,0.0,0.015
53,1.7666321996626455,9,0.010844516138603667,0.0,-0.017504409172616555,0.012495590827383444,0.0025044091726165556,5.008818345233111,-3.6352885774765764e-05,9.302922295343327e-05,3.0052910071398666,0.025,0.0,-0.03,0.0,1.0,0.0,0.015
53,1.7666321996626455,10,0.011984833357385153,0.0,-0.0169990733300608,0.013000926669939197,0.001999073330060802,3.9981466601216042,4.177640150567432e-05,9.922396319474272e-05,2.3988879960729625,0.025,0.0,-0.03,0.0,1.0,0.0,0.015
53,1.7666321996626455,11,0.013115022308684934,0.0,-0.016470946110407943,0.013529053889592055,0.001470946110407944,2.941892220815888,-4.3265774278897725e-05,9.916971854042433e-05,1.7651353324895327,0.025,0.0,-0.03,0.0,1.0,0.0,0.015
53,1.7666321996626455,12,0.014237966826615442,0.0,-0.0159270493407844,0.0140729506592156,0.0009270493407843999,1.8540986815687999,4.4796073405769496e-05,9.881567874360606e-05,1.11245920894128,0.025,0.0,-0.03,0.0,1.0,0.0,0.015
53,1.7666321996626455,13,0.015356588079603235,0.0,-0.01537391352035422,0.01462608647964578,0.0003739135203542198,0.7478270407084396,-4.589250946181769e-05,9.844560997670281e-05,0.4486962244250638,0.025,0.0,-0.03,0.0,1.0,0.0,0.015
54,1.7999648826751482,0,0.0,0.0,-0.02,0.009999999999999998,0.005000000000000001,10.000000000000002,0.0,0.0,6.000000000000001,0.025,0.0,-0.03,0.0,1.0,0.0,0.015
54,1.7999648826751482,1,0.001243799151794413,0.0,-0.019978205077320496,0.010021794922679503,0.004978205077320497,9.956410154640993,7.72853163021114e-07,1.663380542670059e-05,5.973846092784596,0.025,0.0,-0.03,0.0,1.0,0.0,0.015
54,1.7999648826751482,2,0.0024842813369339014,0.0,-0.019878904143017136,0.010121095856982863,0.004878904143017136,9.757808286034273,-3.0253192733327433e-06,3.278669387224058e-05,5.854684971620563,0.025,0.0,-0.03,0.0,1.0,0.0,0.015
54,1.7999648826751482,3,0.0037173327462974716,0.0,-0.01970755444224779,0.01029244555775221,0.00470755444224779,9.415108884495579,6.8880321160546675e-06,4.802893646371946e-05,5.649065330697347,0.025,0.0,-0.03,0.0,1.0,0.0,0.015
54,1.7999648826751482,4,0.004939794389338528,0.0,-0.019469986613148915,0.010530013386851084,0.004469986613148916,8.939973226297832,-1.199550878042049e-05,6.208697357232209e-05,5.363983935778699,0.025,0.0,-0.03,0.0,1.0,0.0,0.015
54,1.7999648826751482,5,0.006149437376808632,0.0,-0.01917227469918238,0.010827725300817617,0.004172274699182382,8.344549398364764,1.8006770650570302e-05,7.48196281632471e-05,5.006729639018858,0.025,0.0,-0.03,0.0,1.0,0.0,0.015
54,1.7999648826751482,6,0.007344910190759539,0.0,-0.018820626354400235,0.011179373645599764,0.0038206263544002354,7.6412527088004705,-2.450229260832998e-05,8.62164915668862e-05,4.5847516252802825,0.025,0.0,-0.03,0.0,1.0,0.0,0.015
54,1.7999648826751482,7,0.00852567613547969,0.0,-0.01842129260663286,0.011578707393367138,0.0034212926066328614,6.842585213265723,3.125255554602698e-05,9.633015469366584e-05,4.105551127959433,0.025,0.0,-0.03,0.0,1.0,0.0,0.015
54,1.7999648826751482,8,0.009691929898861024,0.0,-0.017980501328518604,0.012019498671481395,0.0029805013285186047,5.961002657037209,-3.7902865639368126e-05,0.00010530747777648182,3.5766015942223253,0.025,0.0,-0.03,0.0,1.0,0.0,0.015
54,1.7999648826751482,9,0.010844516253215551,0.0,-0.01750440860462991,0.012495591395370088,0.0025044086046299117,5.008817209259823,4.438404302021964e-05,0.00011327852546244113,3.005290325555894,0.025,0.0,-0.03,0.0,1.0,0.0,0.015
54,1.7999648826751482,10,0.011984833039744854,0.0,-0.016999072973560587,0.013000927026439412,0.0019990729735605874,3.998145947121175,-5.083141414405105e-05,0.00012027587000278918,2.3988875682727047,0.025,0.0,-0.03,0.0,1.0,0.0,0.015
54,1.7999648826751482,11,0.01311502252286429,0.0,-0.016470945623805515,0.013529054376194484,0.0014709456238055155,2.941891247611031,5.229922416613639e-05,0.000119703586069747,1.7651347485666185,0.025,0.0,-0.03,0.0,1.0,0.0,0.015
54,1.7999648826751482,12,0.014237966555816503,0.0,-0.015927049221923152,0.014072950778076847,0.0009270492219231527,1.8540984438463055,-5.40239036064448e-05,0.00011912624452145885,1.1124590663077834,0.025,0.0,-0.03,0.0,1.0,0.0,0.015
54,1.7999648826751482,13,0.015356588497136857,0.0,-0.015373913307931268,0.01462608669206873,0.00037391330793126905,0.7478266158625381,5.547507815559737e-05,0.00011889732815367182,0.44869596951752283,0.025,0.0,-0.03,0.0,1.0,0.0,0.015
55,1.833297565687651,0,0.0,0.0,-0.02,0.009999999999999998,0.005000000000000001,10.000000000000002,0.0,0.0,6.000000000000001,0.025,0.0,-0.03,0.0,1.0,0.0,0.015
55,1.833297565687651,1,0.0012437991061810525,0.0,-0.019978205049066076,0.010021794950933922,0.004978205049066077,9.956410098132155,-3.0221711068183263e-07,6.517253833089458e-06,5.9738460588792925,0.025,0.0,-0.03,0.0,1.0,0.0,0.015
55,1.833297565687651,2,0.0024842814133114407,0.0,-0.019878904050784293,0.010121095949215706,0.004878904050784293,9.757808101568587,1.197368371782716e-06,1.2910824945539603e-05,5.854684860941152,0.025,0.0,-0.03,0.0,1.0,0.0,0.015
55,1.833297565687651,3,0.0037173326041360817,0.0,-0.019707554311233156,0.010292445688766843,0.0047075543112331565,9.415108622466313,-2.7348748266785354e-06,1.907524315520853e-05,5.649065173479788,0.025,0.0,-0.03,0.0,1.0,0.0,0.015
55,1.833297565687651,4,0.004939794517116274,0.0,-0.01946998635865405,0.01053001364134595,0.00446998635865405,8.9399727173081,4.838964372969865e-06,2.4951648130442628e-05,5.36398363038486,0.025,0.0,-0.03,0.0,1.0,0.0,0.015
55,1.833297565687651,5,0.006149437134322192,0.0,-0.01917227445054373,0.010827725549456269,0.004172274450543731,8.344548901087462,-7.34862985406474e-06,3.053715465618837e-05,5.006729340652477,0.025,0.0,-0.03,0.0,1.0,0.0,0.015
55,1.833297565687651,6,0.007344910344474646,0.0,-0.01882062593145822,0.011179374068541779,0.0038206259314582207,7.641251862916441,1.0218876625397141e-05,3.584914144998871e-05,4.584751117749865,0.025,0.0,-0.03,0.0,1.0,0.0,0.015
55,1.833297565687651,7,0.008525675805445351,0.0,-0.018421292276331415,0.011578707723668584,0.0034212922763314155,6.842584552662831,-1.3285983705907051e-05,4.095512552141283e-05,4.105550731597698,0.025,0.0,-0.03,0.0,1.0,0.0,0.015
55,1.833297565687651,8,0.009691930074351384,0.0,-0.017980500793536684,0.012019499206463315,0.002980500793536685,5.96100158707337,1.6563605004454254e-05,4.591062574203399e-05,3.576600952244022,0.025,0.0,-0.03,0.0,1.0,0.0,0.015
55,1.833297565687651,9,0.010844515874291574,0.0,-0.0175044082751423,0.012495591724857699,0.002504408275142301,5.008816550284602,-1.991605668722263e-05,5.0811280904531656e-05,3.005289930170761,0.025,0.0,-0.03,0.0,1.0,0.0,0.015
55,1.833297565687651,10,0.011984833267361248,0.0,-0.01699907244078501,0.01300092755921499,0.0019990724407850102,3.9981448815700205,2.3643152377158892e-05,5.562024457587258e-05,2.3988869289420123,0.025,0.0,-0.03,0.0,1.0,0.0,0.015
55,1.833297565687651,11,0.013115022153482708,0.0,-0.016470945426353207,0.013529054573646792,0.0014709454263532075,2.941890852706415,-2.4453930485869945e-05,5.600137732488751e-05,1.765134511623849,0.025,0.0,-0.03,0.0,1.0,0.0,0.015
55,1.833297565687651,12,0.01423796692002865,0.0,-0.015927048836881678,0.014072951163118321,0.0009270488368816783,1.8540976737633565,2.5552919437530748e-05,5.637875599714996e-05,1.1124586042580138,0.025,0.0,-0.03,0.0,1.0,0.0,0.015
55,1.833297565687651,13,0.015356588220954667,0.0,-0.015373913420922862,0.014626086579077137,0.00037391342092286256,0.7478268418457251,-2.653805602939015e-05,5.6963777313549244e-05,0.4486961051074351,0.025,0.0,-0.03,0.0,1.0,0.0,0.015
56,1.8666302487001536,0,0.0,0.0,-0.02,0.009999999999999998,0.005000000000000001,10.000000000000002,0.0,0.0,6.000000000000001,0.025,0.0,-0.03,0.0,1.0,0.0,0.015
56,1.8666302487001536,1,0.0012437990969399464,0.0,-0.019978205020882215,0.010021794979117784,0.0049782050208822155,9.956410041764432,7.109019205253178e-07,1.3663984011006518e-05,5.973846025058659,0.025,0.0,-0.03,0.0,1.0,0.0,0.015
56,1.8666302487001536,2,0.002484281419041659,0.0,-0.019878903974629675,0.010121096025370323,0.004878903974629676,9.757807949259352,-2.624340561886914e-06,2.6963583499400018e-05,5.854684769555611,0.025,0.0,-0.03,0.0,1.0,0.0,0.015
56,1.8666302487001536,3,0.003717332568643863,0.0,-0.01970755417716912,0.01029244582283088,0.004707554177169119,9.415108354338237,5.788554887641557e-06,3.9571497506702445e-05,5.649065012602942,0.025,0.0,-0.03,0.0,1.0,0.0,0.015
56,1.8666302487001536,4,0.004939794511545867,0.0,-0.019469986151870133,0.010530013848129866,0.004469986151870133,8.939972303740266,-9.979920019148839e-06,5.127001207154335e-05,5.363983382244159,0.025,0.0,-0.03,0.0,1.0,0.0,0.015
56,1.8666302487001536,5,0.006149437061217218,0.0,-0.019172274188530108,0.010827725811469891,0.004172274188530108,8.344548377060217,1.4944561738439916e-05,6.194819049479927e-05,5.006729026236131,0.025,0.0,-0.03,0.0,1.0,0.0,0.015
56,1.8666302487001536,6,0.007344910313752174,0.0,-0.018820625595513663,0.011179374404486336,0.003820625595513664,7.641251191027328,-2.0347955752549816e-05,7.16021523647039e-05,4.584750714616397,0.025,0.0,-0.03,0.0,1.0,0.0,0.015
56,1.8666302487001536,7,0.008525675696626467,0.0,-0.018421291914443978,0.01157870808555602,0.003421291914443979,6.842583828887958,2.60095230298949e-05,8.027834706207293e-05,4.105550297332774,0.025,0.0,-0.03,0.0,1.0,0.0,0.015
56,1.8666302487001536,8,0.009691930024096596,0.0,-0.01798050038187183,0.01201949961812817,0.00298050038187183,5.96100076374366,-3.164113463108102e-05,8.810077414847936e-05,3.5766004582461957,0.025,0.0,-0.03,0.0,1.0,0.0,0.015
56,1.8666302487001536,9,0.010844515756452835,0.0,-0.017504407888679414,0.012495592111320585,0.002504407888679415,5.00881577735883,3.717041092165663e-05,9.518621940223652e-05,3.005289466415298,0.025,0.0,-0.03,0.0,1.0,0.0,0.015
56,1.8666302487001536,10,0.01198483323099372,0.0,-0.016999072051541497,0.013000927948458502,0.001999072051541498,3.9981441030829954,-4.252235416964338e-05,0.00010164225067058643,2.398886461849797,0.025,0.0,-0.03,0.0,1.0,0.0,0.015
56,1.8666302487001536,11,0.013115022103647195,0.0,-0.016470945123122752,0.013529054876877247,0.0014709451231227529,2.9418902462455057,4.496734533171598e-05,0.00010310064218724937,1.7651341477473033,0.025,0.0,-0.03,0.0,1.0,0.0,0.015
56,1.8666302487001536,12,0.01423796692259868,0.0,-0.01592704863608413,0.01407295136391587,0.0009270486360841296,1.8540972721682591,-4.727830774069737e-05,0.00010429574019260391,1.1124583633009555,0.025,0.0,-0.03,0.0,1.0,0.0,0.015
56,1.8666302487001536,13,0.015356588340743162,0.0,-0.015373913350356021,0.014626086649643977,0.000373913350356022,0.747826700712044,4.9190161673376e-05,0.00010548696099428979,0.4486960204272264,0.025,0.0,-0.03,0.0,1.0,0.0,0.015
57,1.8999629317126563,0,0.0,0.0,-0.02,0.009999999999999998,0.005000000000000001,10.000000000000002,0.0,0.0,6.000000000000001,0.025,0.0,-0.03,0.0,1.0,0.0,0.015
57,1.8999629317126563,1,0.001243799107424837,0.0,-0.01997820499534795,0.01002179500465205,0.00497820499534795,9.9564099906959,-7.280236419313484e-07,1.4900607542251643e-05,5.973845994417539,0.025,0.0,-0.03,0.0,1.0,0.0,0.015
57,1.8999629317126563,2,0.0024842813872875133,0.0,-0.01987890390707569,0.01012109609292431,0.004878903907075689,9.757807814151379,2.7827262197770278e-06,2.9381327577174827e-05,5.854684688490827,0.025,0.0,-0.03,0.0,1.0,0.0,0.015
57,1.8999629317126563,3,0.003717332589912537,0.0,-0.019707554049092406,0.010292445950907593,0.0047075540490924064,9.415108098184813,-6.2257605027532815e-06,4.306937354565743e-05,5.649064858910887,0.025,0.0,-0.03,0.0,1.0,0.0,0.015
57,1.8999629317126563,4,0.004939794438189085,0.0,-0.019469985976089545,0.010530014023910454,0.004469985976089545,8.939971952179091,1.0814900797570042e-05,5.571466745703919e-05,5.363983171307455,0.025,0.0,-0.03,0.0,1.0,0.0,0.015
57,1.8999629317126563,5,0.006149437075854735,0.0,-0.019172273931363278,0.01082772606863672,0.004172273931363279,8.344547862726557,-1.617799609818717e-05,6.720206694002515e-05,5.0067287176359345,0.025,0.0,-0.03,0.0,1.0,0.0,0.015
57,1.8999629317126563,6,0.007344910193897173,0.0,-0.018820625316172315,0.011179374683827684,0.003820625316172315,7.64125063234463,2.2049409674225965e-05,7.750572649944198e-05,4.584750379406778,0.025,0.0,-0.03,0.0,1.0,0.0,0.015
57,1.8999629317126563,7,0.00852567569855935,0.0,-0.01842129155239689,0.011578708447603107,0.003421291552396892,6.842583104793784,-2.8090885418682827e-05,8.669743624070087e-05,4.10554986287627,0.025,0.0,-0.03,0.0,1.0,0.0,0.015
57,1.8999629317126563,8,0.009691929870371895,0.0,-0.017980500047351404,0.012019499952648595,0.0029805000473514046,5.9610000947028094,3.414236285562298e-05,9.48785865809959e-05,3.5766000568216856,0.025,0.0,-0.03,0.0,1.0,0.0,0.015
57,1.8999629317126563,9,0.01084451576282563,0.0,-0.01750440749118523,0.012495592508814768,0.0025044074911852315,5.008814982370463,-3.995572638069087e-05,0.00010220676932068851,3.005288989422278,0.025,0.0,-0.03,0.0,1.0,0.0,0.015
57,1.8999629317126563,10,0.011984833082107306,0.0,-0.016999071753842628,0.01300092824615737,0.0019990717538426288,3.9981435076852576,4.57031207272694e-05,0.00010872795446356616,2.3988861046111545,0.025,0.0,-0.03,0.0,1.0,0.0,0.015
57,1.8999629317126563,11,0.013115022132051521,0.0,-0.016470944814148916,0.013529055185851083,0.0014709448141489168,2.9418896282978335,-4.790155209313694e-05,0.00010977896594318177,1.7651337769787,0.025,0.0,-0.03,0.0,1.0,0.0,0.015
57,1.8999629317126563,12,0.014237966893062115,0.0,-0.015927048467841178,0.01407295153215882,0.0009270484678411788,1.8540969356823576,5.026240986767326e-05,0.00011079690163502405,1.1124581614094144,0.025,0.0,-0.03,0.0,1.0,0.0,0.015
57,1.8999629317126563,13,0.015356588441044913,0.0,-0.015373913290376415,0.014626086709623584,0.00037391329037641564,0.7478265807528313,-5.2295645769156566e-05,0.00011207660990342418,0.44869594845169875,0.025,0.0,-0.03,0.0,1.0,0.0,0.015
58,1.9332956147251592,0,0.0,0.0,-0.02,0.009999999999999998,0.005000000000000001,10.000000000000002,0.0,0.0,6.000000000000001,0.025,0.0,-0.03,0.0,1.0,0.0,0.015
58,1.9332956147251592,1,0.0012437991013201737,0.0,-0.01997820497188811,0.010021795028111888,0.004978204971888112,9.956409943776222,3.230878977178809e-07,6.133112807463066e-06,5.973845966265733,0.025,0.0,-0.03,0.0,1.0,0.0,0.015
58,1.9332956147251592,2,0.002484281389224096,0.0,-0.019878903844568255,0.010121096155431743,0.004878903844568256,9.757807689136513,-1.189409160874973e-06,1.2149071073811784e-05,5.854684613481908,0.025,0.0,-0.03,0.0,1.0,0.0,0.015
58,1.9332956147251592,3,0.003717332564132806,0.0,-0.01970755393766355,0.010292446062336449,0.004707553937663551,9.415107875327102,2.635756325360378e-06,1.7943534448455622e-05,5.649064725196261,0.025,0.0,-0.03,0.0,1.0,0.0,0.015
58,1.9332956147251592,4,0.004939794430025118,0.0,-0.019469985805953414,0.010530014194046585,0.004469985805953414,8.939971611906829,-4.574870901157115e-06,2.3456915761358702e-05,5.363982967144097,0.025,0.0,-0.03,0.0,1.0,0.0,0.015
58,1.9332956147251592,5,0.006149437018086007,0.0,-0.019172273714195696,0.010827726285804303,0.004172273714195696,8.344547428391392,6.9316837039545705e-06,2.8668063014456314e-05,5.006728457034835,0.025,0.0,-0.03,0.0,1.0,0.0,0.015
58,1.9332956147251592,6,0.007344910167836774,0.0,-0.018820625038675876,0.011179374961324123,0.003820625038675876,7.641250077351752,-9.560251813549096e-06,3.3603095307563955e-05,4.584750046411051,0.025,0.0,-0.03,0.0,1.0,0.0,0.015
58,1.9332956147251592,7,0.008525675606165685,0.0,-0.018421291254241624,0.011578708745758375,0.003421291254241624,6.842582508483249,1.2427721828853019e-05,3.829774752291437e-05,4.105549505089949,0.025,0.0,-0.03,0.0,1.0,0.0,0.015
58,1.9332956147251592,8,0.00969192983567417,0.0,-0.017980499704520845,0.012019500295479154,0.0029804997045208455,5.960999409041691,-1.5393996463564213e-05,4.282936856441461e-05,3.5765996454250146,0.025,0.0,-0.03,0.0,1.0,0.0,0.015
58,1.9332956147251592,9,0.010844515652966628,0.0,-0.01750440717697137,0.012495592823028628,0.0025044071769713717,5.008814353942744,1.847508040021612e-05,4.7256728616085105e-05,3.005288612365646,0.025,0.0,-0.03,0.0,1.0,0.0,0.015
58,1.9332956147251592,10,0.011984833071245971,0.0,-0.016999071422987563,0.013000928577012436,0.001999071422987563,3.9981428459751265,-2.16374768436765e-05,5.163711012746511e-05,2.398885707585076,0.025,0.0,-0.03,0.0,1.0,0.0,0.015
58,1.9332956147251592,11,0.013115022072045983,0.0,-0.016470944571888867,0.013529055428111132,0.001470944571888868,2.9418891437777357,2.329576908876062e-05,5.3407693204072695e-05,1.7651334862666415,0.025,0.0,-0.03,0.0,1.0,0.0,0.015
58,1.9332956147251592,12,0.014237966913938534,0.0,-0.01592704829347053,0.01407295170652947,0.0009270482934705289,1.8540965869410577,-2.4997819260032337e-05,5.5156631101335936e-05,1.1124579521646345,0.025,0.0,-0.03,0.0,1.0,0.0,0.015
58,1.9332956147251592,13,0.015356588520745614,0.0,-0.015373913240931151,0.014626086759068848,0.0003739132409311518,0.7478264818623036,2.658837564310799e-05,5.704082567877518e-05,0.4486958891173822,0.025,0.0,-0.03,0.0,1.0,0.0,0.015
59,1.966628297737662,0,0.0,0.0,-0.02,0.009999999999999998,0.005000000000000001,10.000000000000002,0.0,0.0,6.000000000000001,0.025,0.0,-0.03,0.0,1.0,0.0,0.015
59,1.966628297737662,1,0.0012437991430738233,0.0,-0.019978204949006675,0.010021795050993324,0.004978204949006675,9.95640989801335,-6.052595354718922e-07,1.1054223895921844e-05,5.97384593880801,0.025,0.0,-0.03,0.0,1.0,0.0,0.015
59,1.966628297737662,2,0.0024842812977030936,0.0,-0.019878903795206914,0.010121096204793085,0.004878903795206915,9.75780759041383,2.1833308226430773e-06,2.1816959295826517e-05,5.854684554248298,0.025,0.0,-0.03,0.0,1.0,0.0,0.015
59,1.966628297737662,3,0.0037173326774755703,0.0,-0.01970755381773636,0.010292446182263638,0.004707553817736361,9.415107635472722,-4.726480328446886e-06,3.202799054512061e-05,5.649064581283633,0.025,0.0,-0.03,0.0,1.0,0.0,0.015
59,1.966628297737662,4,0.0049397942454159575,0.0,-0.01946998568488711,0.010530014315112888,0.0044699856848871115,8.939971369774224,8.119991285445211e-06,4.150247963201151e-05,5.363982821864534,0.025,0.0,-0.03,0.0,1.0,0.0,0.015
59,1.966628297737662,5,0.006149437179847881,0.0,-0.01917227346557047,0.010827726534429528,0.004172273465570472,8.344546931140943,-1.210377327890424e-05,5.015565774824464e-05,5.006728158684566,0.025,0.0,-0.03,0.0,1.0,0.0,0.015
59,1.966628297737662,6,0.007344909896038432,0.0,-0.0188206248569273,0.011179375143072698,0.0038206248569273016,7.641249713854603,1.6490486306218046e-05,5.796830714039246e-05,4.584749828312762,0.025,0.0,-0.03,0.0,1.0,0.0,0.015
59,1.966628297737662,7,0.008525675801135706,0.0,-0.01842129089246743,0.01157870910753257,0.0034212908924674303,6.84258178493486,-2.102736887503695e-05,6.499486358020424e-05,4.105549070960916,0.025,0.0,-0.03,0.0,1.0,0.0,0.015
59,1.966628297737662,8,0.009691929496856717,0.0,-0.017980499504089427,0.012019500495910572,0.0029804995040894275,5.960999008178855,2.56021280976068e-05,7.131006869859992e-05,3.576599404907313,0.025,0.0,-0.03,0.0,1.0,0.0,0.015
59,1.966628297737662,9,0.010844515886531972,0.0,-0.017504406759475483,0.012495593240524516,0.002504406759475483,5.008813518950967,-3.000676605222136e-05,7.703954257089305e-05,3.00528811137058,0.025,0.0,-0.03,0.0,1.0,0.0,0.015
59,1.966628297737662,10,0.011984832705011468,0.0,-0.016999071278386756,0.013000928721613243,0.001999071278386756,3.9981425567735123,3.4199727397820765e-05,8.228993851902667e-05,2.398885534064107,0.025,0.0,-0.03,0.0,1.0,0.0,0.015
59,1.966628297737662,11,0.013115022342445907,0.0,-0.016470944208936703,0.013529055791063296,0.001470944208936703,2.941888417873406,-3.6936778887626535e-05,8.48036210110443e-05,1.7651330507240437,0.025,0.0,-0.03,0.0,1.0,0.0,0.015
59,1.966628297737662,12,0.014237966639898044,0.0,-0.015927048267587136,0.014072951732412863,0.0009270482675871362,1.8540965351742724,3.949653698212328e-05,8.709204296518016e-05,1.1124579211045633,0.025,0.0,-0.03,0.0,1.0,0.0,0.015
59,1.966628297737662,13,0.01535658885553497,0.0,-0.015373913073924427,0.014626086926075572,0.00037391307392442737,0.7478261478488547,-4.166923301704465e-05,8.933940636594402e-05,0.4486956887093128,0.025,0.0,-0.03,0.0,1.0,0.0,0.015
60,1.9999609807501646,0,0.0,0.0,-0.02,0.009999999999999998,0.005000000000000001,10.000000000000002,0.0,0.0,6.000000000000001,0.025,0.0,-0.03,0.0,1.0,0.0,0.015
60,1.9999609807501646,1,0.0012437990951908997,0.0,-0.019978204931645517,0.010021795068354482,0.004978204931645518,9.956409863291036,5.621914185813977e-07,1.0870879639079022e-05,5.9738459179746215,0.025,0.0,-0.03,0.0,1.0,0.0,0.015
60,1.9999609807501646,2,0.0024842813836964354,0.0,-0.019878903735687743,0.010121096264312256,0.004878903735687744,9.757807471375488,-2.0816628797054417e-06,2.144010100430568e-05,5.854684482825292,0.025,0.0,-0.03,0.0,1.0,0.0,0.015
60,1.9999609807501646,3,0.0037173325326484933,0.0,-0.019707553743410103,0.010292446256589895,0.004707553743410104,9.415107486820208,4.59514435260233e-06,3.1436794734458346e-05,5.6490644920921245,0.025,0.0,-0.03,0.0,1.0,0.0,0.015
60,1.9999609807501646,4,0.004939794398136352,0.0,-0.01946998551342001,0.010530014486579989,0.004469985513420011,8.939971026840022,-7.919076163941737e-06,4.067907766955123e-05,5.363982616104013,0.025,0.0,-0.03,0.0,1.0,0.0,0.015
60,1.9999609807501646,5,0.006149436940259794,0.0,-0.019172273332264615,0.010827726667735384,0.004172273332264616,8.344546664529231,1.1840352165332257e-05,4.9072567904091375e-05,5.006727998717539,0.025,0.0,-0.03,0.0,1.0,0.0,0.015
60,1.9999609807501646,6,0.007344910095079144,0.0,-0.018820624564887367,0.011179375435112632,0.0038206245648873677,7.641249129774735,-1.6092794046116952e-05,5.660787221074842e-05,4.5847494778648406,0.025,0.0,-0.03,0.0,1.0,0.0,0.015
60,1.9999609807501646,7,0.008525675478968726,0.0,-0.018421290725760563,0.011578709274239436,0.003421290725760563,6.842581451521126,2.0519545495676022e-05,6.331916243074722e-05,4.105548870912676,0.025,0.0,-0.03,0.0,1.0,0.0,0.015
60,1.9999609807501646,8,0.009691929736040942,0.0,-0.017980499124367968,0.012019500875632031,0.0029804991243679683,5.960998248735937,-2.4895035474536145e-05,6.930012917701265e-05,3.576598949241562,0.025,0.0,-0.03,0.0,1.0,0.0,0.015
60,1.9999609807501646,9,0.010844515508635967,0.0,-0.017504406612164545,0.012495593387835454,0.0025044066121645454,5.008813224329091,2.914241150691829e-05,7.464491510137346e-05,3.0052879345974546,0.025,0.0,-0.03,0.0,1.0,0.0,0.015
60,1.9999609807501646,10,0.01198483299970603,0.0,-0.01699907087704741,0.01300092912295259,0.001999070877047409,3.998141754094818,-3.315021676948973e-05,7.945876690616426e-05,2.3988850524568908,0.025,0.0,-0.03,0.0,1.0,0.0,0.015
60,1.9999609807501646,11,0.013115021988602878,0.0,-0.01647094414157911,0.013529055858420888,0.0014709441415791114,2.9418882831582227,3.554869569693422e-05,8.151962793473611e-05,1.7651329698949336,0.025,0.0,-0.03,0.0,1.0,0.0,0.015
60,1.9999609807501646,12,0.01423796696208819,0.0,-0.01592704798513441,0.014072952014865588,0.0009270479851344118,1.8540959702688236,-3.790562081409813e-05,8.355951886934929e-05,1.112457582161294,0.025,0.0,-0.03,0.0,1.0,0.0,0.015
60,1.9999609807501646,13,0.015356588614851016,0.0,-0.015373913176150042,0.014626086823849957,0.0003739131761500425,0.747826352300085,4.002719468143382e-05,8.576468984408896e-05,0.448695811380051,0.025,0.0,-0.03,0.0,1.0,0.0,0.015
