frame_idx,time,node_idx,node_x,node_y,node_z,radial_dist,overlap,normal_force,normal_velocity,tangential_speed,friction_force,cyl_center_x,cyl_center_y,cyl_center_z,cyl_axis_x,cyl_axis_y,cyl_axis_z,cyl_radius
3,0.09999913898234475,78,0.05830108807669171,0.0,-0.02084805323957409,0.009151946760425907,0.0008480532395740929,1.6961064791481857,-0.16985750398948676,0.09842985512332729,1.0176638874889115,0.025,0.0,-0.03,0.0,1.0,0.0,0.01
3,0.09999913898234475,79,0.05903460654392128,0.0,-0.021848579044563873,0.008151420955436126,0.0018485790445638747,3.697158089127749,-0.173357010631496,0.10755025437583317,2.2182948534766496,0.025,0.0,-0.03,0.0,1.0,0.0,0.01
3,0.09999913898234475,80,0.05980341434687297,0.0,-0.022834450854625224,0.007165549145374775,0.0028344508546252253,5.66890170925045,-0.18452187366077005,0.11091824335770786,3.4013410255502703,0.025,0.0,-0.03,0.0,1.0,0.0,0.01
4,0.133332185309793,73,0.05209930315339839,0.0,-0.02089901253786865,0.009100987462131348,0.0008990125378686518,1.7980250757373035,-0.14261973224313554,0.08476101380610145,1.0788150454423822,0.025,0.0,-0.03,0.0,1.0,0.0,0.01
4,0.133332185309793,74,0.05264248459034639,0.0,-0.022014490609577143,0.007985509390422856,0.0020144906095771447,4.028981219154289,-0.16270843309301222,0.08462974402426299,2.4173887314925735,0.025,0.0,-0.03,0.0,1.0,0.0,0.01
4,0.133332185309793,75,0.05317009734928943,0.0,-0.023137396541421457,0.0068626034585785416,0.0031373965414214586,6.274793082842917,-0.15303569398043607,0.09904406482753328,3.76487584970575,0.025,0.0,-0.03,0.0,1.0,0.0,0.01
4,0.133332185309793,76,0.053682659208499996,0.0,-0.024267379407871582,0.0057326205921284165,0.004267379407871584,8.534758815743167,-0.16639768493475018,0.10251986862187716,5.1208552894459,0.025,0.0,-0.03,0.0,1.0,0.0,0.01
4,0.133332185309793,77,0.0541806168562925,0.0,-0.02540371729326273,0.0045962827067372695,0.005403717293262731,10.807434586525462,-0.1632492219903229,0.11359587643511108,6.484460751915277,0.025,0.0,-0.03,0.0,1.0,0.0,0.01
4,0.133332185309793,78,0.054664766542551216,0.0,-0.02654626551090512,0.003453734489094879,0.006546265510905121,13.092531021810242,-0.17168520481090796,0.11951905663946716,7.8555186130861445,0.025,0.0,-0.03,0.0,1.0,0.0,0.01
4,0.133332185309793,79,0.05513564563736821,0.0,-0.02769408648908786,0.0023059135109121387,0.0076940864890878615,15.388172978175723,-0.17055215193639164,0.12958033377975636,9.232903786905434,0.025,0.0,-0.03,0.0,1.0,0.0,0.01
4,0.133332185309793,80,0.05564247804976955,0.0,-0.028836882373517295,0.0011631176264827042,0.008836882373517296,17.673764747034593,-0.1785892585216806,0.1357921365670801,10.604258848220756,0.025,0.0,-0.03,0.0,1.0,0.0,0.01
5,0.16666523163724123,69,0.047715271256508256,0.0,-0.021025376489403072,0.008974623510596927,0.0010253764894030733,2.0507529788061465,-0.13106768623600992,0.07106555115381348,1.2304517872836878,0.025,0.0,-0.03,0.0,1.0,0.0,0.01
5,0.16666523163724123,70,0.048060045222679856,0.0,-0.02221705306517918,0.00778294693482082,0.00221705306517918,4.4341061303583595,-0.12717595066284731,0.08098550859813183,2.6604636782150157,0.025,0.0,-0.03,0.0,1.0,0.0,0.01
5,0.16666523163724123,71,0.048386677313174066,0.0,-0.02341403182229786,0.006585968177702139,0.0034140318222978614,6.828063644595723,-0.13080636871320125,0.08864574430725636,4.0968381867574335,0.025,0.0,-0.03,0.0,1.0,0.0,0.01
5,0.16666523163724123,72,0.04869525569532951,0.0,-0.024615650107214365,0.005384349892785634,0.0046156501072143665,9.231300214428733,-0.1354435439253321,0.09613379332530886,5.53878012865724,0.025,0.0,-0.03,0.0,1.0,0.0,0.01
5,0.16666523163724123,73,0.04898612649417177,0.0,-0.02582180435491517,0.0041781956450848284,0.005821804354915172,11.643608709830344,-0.13228390633237214,0.10554812296221629,6.9861652258982065,0.025,0.0,-0.03,0.0,1.0,0.0,0.01
5,0.16666523163724123,74,0.04925962539232135,0.0,-0.02703196413215063,0.0029680358678493696,0.007031964132150631,14.06392826430126,-0.14027635356906443,0.11230883373627144,8.438356958580757,0.025,0.0,-0.03,0.0,1.0,0.0,0.01
5,0.16666523163724123,75,0.049516251042580506,0.0,-0.02824585468039673,0.0017541453196032696,0.00824585468039673,16.49170936079346,-0.1364694547739574,0.12175314639953777,9.895025616476076,0.025,0.0,-0.03,0.0,1.0,0.0,0.01
5,0.16666523163724123,76,0.04975657358311028,0.0,-0.029463112861845983,0.0005368871381540158,0.009463112861845984,18.926225723691967,-0.1418546500276676,0.1292002029125935,11.35573543421518,0.025,0.0,-0.03,0.0,1.0,0.0,0.01
5,0.16666523163724123,77,0.04998124661750058,0.0,-0.030683329983215196,0.0006833299832151966,0.009316670016784804,18.633340033569606,0.14161720155967822,0.13781558913943798,11.180004020141764,0.025,0.0,-0.03,0.0,1.0,0.0,0.01
5,0.16666523163724123,78,0.05019104297137801,0.0,-0.03190627398515022,0.0019062739851502183,0.008093726014849782,16.187452029699564,0.14320048244271102,0.14605555550074398,9.712471217819738,0.025,0.0,-0.03,0.0,1.0,0.0,0.01
5,0.16666523163724123,79,0.050386777790009614,0.0,-0.03313150102197414,0.0031315010219741396,0.006868498978025861,13.736997956051722,0.1456393749951797,0.15414766063834928,8.242198773631033,0.025,0.0,-0.03,0.0,1.0,0.0,0.01
5,0.16666523163724123,80,0.050617306506806896,0.0,-0.03436009135866444,0.004360091358664442,0.005639908641335558,11.279817282671116,0.14522204797412389,0.16287437745899835,6.76789036960267,0.025,0.0,-0.03,0.0,1.0,0.0,0.01
6,0.1999982779646895,66,0.04484152436616949,0.0,-0.021027126270155048,0.008972873729844951,0.001027126270155049,2.0542525403100984,-0.08297314728573614,0.04852229085338601,1.232551524186059,0.025,0.0,-0.03,0.0,1.0,0.0,0.01
6,0.1999982779646895,67,0.044978906534531855,0.0,-0.02226022539870072,0.007739774601299279,0.002260225398700721,4.520450797401442,-0.09552229506613202,0.05483590652176584,2.7122704784408653,0.025,0.0,-0.03,0.0,1.0,0.0,0.01
6,0.1999982779646895,68,0.04509700842159552,0.0,-0.023495143388270218,0.006504856611729781,0.003495143388270219,6.9902867765404375,-0.08477129805731502,0.06359582446622329,4.1941720659242625,0.025,0.0,-0.03,0.0,1.0,0.0,0.01
6,0.1999982779646895,69,0.04519582695447024,0.0,-0.024731914385017248,0.005268085614982751,0.004731914385017249,9.463828770034498,-0.09586639469226643,0.0704078333255917,5.678297262020698,0.025,0.0,-0.03,0.0,1.0,0.0,0.01
6,0.1999982779646895,70,0.045275407267694585,0.0,-0.025969968806908102,0.0040300311930918965,0.005969968806908104,11.939937613816207,-0.08735409698677657,0.07869610228284796,7.163962568289724,0.025,0.0,-0.03,0.0,1.0,0.0,0.01
6,0.1999982779646895,71,0.045335935723198884,0.0,-0.027209170092148266,0.002790829907851733,0.007209170092148267,14.418340184296534,-0.09497648375191123,0.0860227059837184,8.65100411057792,0.025,0.0,-0.03,0.0,1.0,0.0,0.01
6,0.1999982779646895,72,0.045377683641409164,0.0,-0.028449157241873295,0.001550842758126704,0.008449157241873296,16.898314483746592,-0.08990795804508152,0.09393855612808191,10.138988690247954,0.025,0.0,-0.03,0.0,1.0,0.0,0.01
6,0.1999982779646895,73,0.04540102977478972,0.0,-0.029689587376495224,0.0003104126235047751,0.009689587376495225,19.37917475299045,-0.09340230075974501,0.10158071574982508,11.62750485179427,0.025,0.0,-0.03,0.0,1.0,0.0,0.01
6,0.1999982779646895,74,0.04540645406525544,0.0,-0.030930344908255945,0.0009303449082559458,0.009069655091744054,18.13931018348811,0.09203499935673834,0.10933171379593827,10.883586110092866,0.025,0.0,-0.03,0.0,1.0,0.0,0.01
6,0.1999982779646895,75,0.04539453034391711,0.0,-0.032170931914664684,0.002170931914664685,0.007829068085335315,15.65813617067063,0.09157840858789662,0.11705258126477004,9.394881702402378,0.025,0.0,-0.03,0.0,1.0,0.0,0.01
6,0.1999982779646895,76,0.04536592365792721,0.0,-0.03341143276676632,0.003411432766766323,0.006588567233233677,13.177134466467354,0.09322069918283335,0.12482823481723329,7.906280679880412,0.025,0.0,-0.03,0.0,1.0,0.0,0.01
6,0.1999982779646895,77,0.04532139629263459,0.0,-0.03465130313932966,0.004651303139329661,0.005348696860670339,10.697393721340678,0.09021592910412025,0.13246922118349835,6.418436232804407,0.025,0.0,-0.03,0.0,1.0,0.0,0.01
6,0.1999982779646895,78,0.04526177694720749,0.0,-0.03589074030822024,0.0058907403082202395,0.004109259691779761,8.21851938355952,0.09286357927548498,0.1403236134374875,4.931111630135712,0.025,0.0,-0.03,0.0,1.0,0.0,0.01
6,0.1999982779646895,79,0.04518799731604524,0.0,-0.037129259054072064,0.007129259054072065,0.002870740945927935,5.74148189185587,0.08956841756203308,0.14791134942506026,3.444889135113522,0.025,0.0,-0.03,0.0,1.0,0.0,0.01
6,0.1999982779646895,80,0.045145417538363444,0.0,-0.03837861618224319,0.008378616182243191,0.001621383817756809,3.242767635513618,0.09185564013304305,0.1558895735703791,1.9456605813081707,0.025,0.0,-0.03,0.0,1.0,0.0,0.01
7,0.23333132429213774,64,0.04359598837284577,0.0,-0.02064810947492887,0.00935189052507113,0.0006481094749288697,1.2962189498577394,-0.04179488739230314,0.024795198339813265,0.7777313699146436,0.025,0.0,-0.03,0.0,1.0,0.0,0.01
7,0.23333132429213774,65,0.043537806902705936,0.0,-0.02188744695999934,0.00811255304000066,0.0018874469599993397,3.7748939199986795,-0.04562112659707071,0.03133042116787451,2.2649363519992076,0.025,0.0,-0.03,0.0,1.0,0.0,0.01
7,0.23333132429213774,66,0.04345995017733795,0.0,-0.023125545151785904,0.006874454848214095,0.0031255451517859054,6.251090303571811,-0.03983857112793161,0.03735564295933962,3.7506541821430863,0.025,0.0,-0.03,0.0,1.0,0.0,0.01
7,0.23333132429213774,67,0.04336225555400204,0.0,-0.02436243017390825,0.005637569826091749,0.004362430173908251,8.724860347816502,-0.045354201804156564,0.044200197912119564,5.234916208689901,0.025,0.0,-0.03,0.0,1.0,0.0,0.01
7,0.23333132429213774,68,0.043244722793507294,0.0,-0.0255973860960792,0.004402613903920799,0.005597386096079201,11.194772192158402,-0.03867137900934967,0.05001717919320204,6.716863315295041,0.025,0.0,-0.03,0.0,1.0,0.0,0.01
7,0.23333132429213774,69,0.04310739058744846,0.0,-0.026830502888555124,0.0031694971114448744,0.006830502888555126,13.661005777110251,-0.04356358862273196,0.05702656461045336,8.19660346626615,0.025,0.0,-0.03,0.0,1.0,0.0,0.01
7,0.23333132429213774,70,0.04295048092745925,0.0,-0.028061117226985045,0.0019388827730149535,0.008061117226985047,16.122234453970094,-0.03812930074051543,0.06284826046887351,9.673340672382055,0.025,0.0,-0.03,0.0,1.0,0.0,0.01
7,0.23333132429213774,71,0.042774245425366154,0.0,-0.029289258529879077,0.0007107414701209222,0.009289258529879078,18.578517059758155,-0.0403143198356456,0.06968042524769796,11.147110235854893,0.025,0.0,-0.03,0.0,1.0,0.0,0.01
7,0.23333132429213774,72,0.042579103378329444,0.0,-0.030514462943261315,0.0005144629432613165,0.009485537056738684,18.971074113477368,0.038242085500075455,0.07592375952614784,11.38264446808642,0.025,0.0,-0.03,0.0,1.0,0.0,0.01
7,0.23333132429213774,73,0.04236552637891154,0.0,-0.031736647761216784,0.001736647761216785,0.008263352238783215,16.52670447756643,0.03558548946795718,0.08203316323959492,9.916022686539858,0.025,0.0,-0.03,0.0,1.0,0.0,0.01
7,0.23333132429213774,74,0.04213410695547058,0.0,-0.03295558986258636,0.002955589862586358,0.007044410137413642,14.088820274827285,0.03903463114730452,0.0893044210659694,8.45329216489637,0.025,0.0,-0.03,0.0,1.0,0.0,0.01
7,0.23333132429213774,75,0.041885525059921644,0.0,-0.03417114709151324,0.0041711470915132415,0.005828852908486759,11.657705816973518,0.02960075073906947,0.094022287494464,6.994623490184111,0.025,0.0,-0.03,0.0,1.0,0.0,0.01
7,0.23333132429213774,76,0.04162053244146511,0.0,-0.035383288297593934,0.005383288297593936,0.004616711702406065,9.233423404812129,0.03973596206194278,0.10285735424441231,5.540054042887277,0.025,0.0,-0.03,0.0,1.0,0.0,0.01
7,0.23333132429213774,77,0.041339990133973326,0.0,-0.03659190021148333,0.006591900211483329,0.0034080997885166716,6.816199577033343,0.02390240180240976,0.10592923723730972,4.0897197462200054,0.025,0.0,-0.03,0.0,1.0,0.0,0.01
7,0.23333132429213774,78,0.04104479761643259,0.0,-0.037797086196320336,0.007797086196320337,0.0022029138036796635,4.405827607359327,0.038782387394890906,0.11615668304512967,2.643496564415596,0.025,0.0,-0.03,0.0,1.0,0.0,0.01
7,0.23333132429213774,79,0.04073596548911754,0.0,-0.038998821619043215,0.008998821619043217,0.0010011783809567836,2.002356761913567,0.01947965698120799,0.11817055060431393,1.2014140571481402,0.025,0.0,-0.03,0.0,1.0,0.0,0.01
8,0.266664370619586,61,0.04063566034884588,0.0,-0.020094000906063274,0.009905999093936725,9.400090606327509e-05,0.18800181212655018,-0.01817010760589549,0.013129636609087742,0.1128010872759301,0.025,0.0,-0.03,0.0,1.0,0.0,0.01
8,0.266664370619586,62,0.041857558768621385,0.0,-0.02030924112077111,0.009690758879228888,0.0003092411207711119,0.6184822415422238,-0.02024670341903835,0.013558164669177244,0.37108934492533424,0.025,0.0,-0.03,0.0,1.0,0.0,0.01
8,0.266664370619586,63,0.043079129994521126,0.0,-0.020526322230270285,0.009473677769729714,0.0005263222302702864,1.052644460540573,-0.02370772328224112,0.014154160079162191,0.6315866763243437,0.025,0.0,-0.03,0.0,1.0,0.0,0.01
8,0.266664370619586,64,0.04285447874575225,0.0,-0.021746423013549294,0.008253576986450704,0.0017464230135492958,3.4928460270985915,-0.01873342448386271,0.01819082435909955,2.095707616259155,0.025,0.0,-0.03,0.0,1.0,0.0,0.01
8,0.266664370619586,65,0.04260987859082359,0.0,-0.022962750757125186,0.007037249242874813,0.0029627507571251873,5.925501514250374,-0.02541109072641496,0.0245889902089273,3.5553009085502247,0.025,0.0,-0.03,0.0,1.0,0.0,0.01
8,0.266664370619586,66,0.04234522647004711,0.0,-0.0241747659930866,0.005825234006913399,0.004174765993086601,8.349531986173202,-0.01342408689792703,0.027009274203982667,5.009719191703922,0.025,0.0,-0.03,0.0,1.0,0.0,0.01
8,0.266664370619586,67,0.04206044408867864,0.0,-0.02538234058337067,0.004617659416629328,0.005382340583370672,10.764681166741344,-0.02606245423239107,0.03511557092336541,6.4588087000448065,0.025,0.0,-0.03,0.0,1.0,0.0,0.01
8,0.266664370619586,68,0.04175567195363512,0.0,-0.026584895572537324,0.003415104427462675,0.006584895572537325,13.169791145074651,-0.00882894685252263,0.03589513998760591,7.90187468704479,0.025,0.0,-0.03,0.0,1.0,0.0,0.01
8,0.266664370619586,69,0.04143103871751451,0.0,-0.02778237500230014,0.002217624997699858,0.007782375002300142,15.564750004600285,-0.02494131192165084,0.04543889046597989,9.33885000276017,0.025,0.0,-0.03,0.0,1.0,0.0,0.01
8,0.266664370619586,70,0.04108689641429348,0.0,-0.028974302192662758,0.0010256978073372412,0.008974302192662759,17.948604385325517,-0.005655951224404874,0.045141970688444444,10.769162631195309,0.025,0.0,-0.03,0.0,1.0,0.0,0.01
8,0.266664370619586,71,0.04072360001061861,0.0,-0.030160612205381528,0.0001606122053815287,0.009839387794618472,19.678775589236942,0.021530622744785666,0.055218488591343706,11.807265353542165,0.025,0.0,-0.03,0.0,1.0,0.0,0.01
8,0.266664370619586,72,0.040341672227662856,0.0,-0.03134104165956141,0.0013410416595614136,0.008658958340438587,17.317916680877172,0.0041528733650687865,0.05498602190079511,10.390750008526302,0.025,0.0,-0.03,0.0,1.0,0.0,0.01
8,0.266664370619586,73,0.03994170013670657,0.0,-0.03251548807234733,0.0025154880723473327,0.0074845119276526675,14.969023855305334,0.015897705122531743,0.06424891341938979,8.9814143131832,0.025,0.0,-0.03,0.0,1.0,0.0,0.01
8,0.266664370619586,74,0.03952434862328459,0.0,-0.03368393043637635,0.0036839304363763536,0.0063160695636236466,12.632139127247292,0.004039262026933984,0.06549071836273242,7.579283476348375,0.025,0.0,-0.03,0.0,1.0,0.0,0.01
8,0.266664370619586,75,0.039090415265196306,0.0,-0.03484627345612027,0.004846273456120272,0.0051537265438797285,10.307453087759457,0.008603569505189236,0.07253468971820075,6.184471852655674,0.025,0.0,-0.03,0.0,1.0,0.0,0.01
8,0.266664370619586,76,0.03864069653747369,0.0,-0.03600269897846628,0.006002698978466281,0.003997301021533719,7.994602043067438,0.004531444634645321,0.07646384234514723,4.796761225840463,0.025,0.0,-0.03,0.0,1.0,0.0,0.01
8,0.266664370619586,77,0.0381761599777527,0.0,-0.037153191263729665,0.007153191263729666,0.002846808736270334,5.693617472540668,0.0008543117815418857,0.08043189437259372,3.4161704835244007,0.025,0.0,-0.03,0.0,1.0,0.0,0.01
8,0.266664370619586,78,0.03769772898701018,0.0,-0.03829807988775735,0.008298079887757354,0.0017019201122426466,3.403840224485293,0.004091543972564835,0.08727565182303443,2.0423041346911757,0.025,0.0,-0.03,0.0,1.0,0.0,0.01
8,0.266664370619586,79,0.03720649907145435,0.0,-0.03943747849600331,0.009437478496003314,0.0005625215039966863,1.1250430079933724,-0.005511648488290462,0.0887757209432184,0.6750258047960235,0.025,0.0,-0.03,0.0,1.0,0.0,0.01
9,0.29999741694703425,60,0.039021400942463175,0.0,-0.020266555435546587,0.009733444564453412,0.0002665554355465883,0.5331108710931766,0.0014465638899581836,0.007813512768631757,0.3198665226559059,0.025,0.0,-0.03,0.0,1.0,0.0,0.01
9,0.29999741694703425,61,0.040232634857997995,0.0,-0.020536424277915778,0.00946357572208422,0.0005364242779157796,1.072848555831559,0.0014067367074847364,0.008014019625740432,0.6437091334989354,0.025,0.0,-0.03,0.0,1.0,0.0,0.01
9,0.29999741694703425,62,0.04144341771338992,0.0,-0.020808298527868568,0.009191701472131431,0.000808298527868569,1.616597055737138,0.0015481537664056321,0.007710243281426992,0.9699582334422828,0.025,0.0,-0.03,0.0,1.0,0.0,0.01
9,0.29999741694703425,63,0.04265358032230717,0.0,-0.021082903726011785,0.008917096273988213,0.0010829037260117868,2.1658074520235737,0.0005985813704763903,0.008209910768818997,1.2994844712141442,0.025,0.0,-0.03,0.0,1.0,0.0,0.01
9,0.29999741694703425,64,0.04229979414875602,0.0,-0.02227193818026228,0.00772806181973772,0.00227193818026228,4.5438763605245605,0.0038645876569463446,0.00680551411867448,2.7263258163147364,0.025,0.0,-0.03,0.0,1.0,0.0,0.01
9,0.29999741694703425,65,0.04192586369038985,0.0,-0.023454811124193273,0.006545188875806726,0.003454811124193274,6.909622248386548,-0.0017489058466331063,0.00832911354605864,4.145773349031929,0.025,0.0,-0.03,0.0,1.0,0.0,0.01
9,0.29999741694703425,66,0.04153173256818797,0.0,-0.024631060044815543,0.0053689399551844555,0.004631060044815545,9.26212008963109,0.004947058136964784,0.005790272715398506,5.557272053778654,0.025,0.0,-0.03,0.0,1.0,0.0,0.01
9,0.29999741694703425,67,0.041117409227491915,0.0,-0.025800397267439386,0.004199602732560613,0.005800397267439387,11.600794534878775,-0.0027515483882412303,0.008276327657903539,6.960476720927264,0.025,0.0,-0.03,0.0,1.0,0.0,0.01
9,0.29999741694703425,68,0.0406830725311805,0.0,-0.026962403035011018,0.003037596964988981,0.006962403035011019,13.924806070022038,0.005330903397487074,0.005030623589003371,8.354883642013222,0.025,0.0,-0.03,0.0,1.0,0.0,0.01
9,0.29999741694703425,69,0.04022895092093157,0.0,-0.028116866621798655,0.0018831333782013439,0.008116866621798656,16.233733243597314,-0.002781567326329715,0.008020335109614378,9.740239946158388,0.025,0.0,-0.03,0.0,1.0,0.0,0.01
9,0.29999741694703425,70,0.03975543190298716,0.0,-0.029263484731523504,0.0007365152684764946,0.009263484731523506,18.52696946304701,0.004103039333752023,0.005048651799711501,11.116181677828205,0.025,0.0,-0.03,0.0,1.0,0.0,0.01
9,0.29999741694703425,71,0.03926296187440103,0.0,-0.03040211940592263,0.0004021194059226317,0.009597880594077369,19.195761188154737,0.00048279991380898373,0.006873653431393876,11.517456712892843,0.025,0.0,-0.03,0.0,1.0,0.0,0.01
9,0.29999741694703425,72,0.038752103143632616,0.0,-0.03153264178130737,0.0015326417813073742,0.008467358218692626,16.93471643738525,-0.0007209851182245133,0.006283915340359384,10.16082986243115,0.025,0.0,-0.03,0.0,1.0,0.0,0.01
9,0.29999741694703425,73,0.038223518811125776,0.0,-0.0326549717721008,0.002654971772100799,0.007345028227899201,14.690056455798402,-0.003328047922988667,0.004977247436205434,8.81403387347904,0.025,0.0,-0.03,0.0,1.0,0.0,0.01
9,0.29999741694703425,74,0.03767791430418288,0.0,-0.03376918684889262,0.0037691868488926236,0.006230813151107377,12.461626302214754,0.003008254035539642,0.008080551918851387,7.476975781328852,0.025,0.0,-0.03,0.0,1.0,0.0,0.01
9,0.29999741694703425,75,0.03711613615276447,0.0,-0.034875307233210744,0.004875307233210745,0.0051246927667892555,10.249385533578511,-0.006846765748171286,0.0030977309871232793,6.1496313201471065,0.025,0.0,-0.03,0.0,1.0,0.0,0.01
9,0.29999741694703425,76,0.036538840763161405,0.0,-0.035973518134515436,0.0059735181345154376,0.004026481865484563,8.052963730969125,0.00546151073268691,0.009608730957450528,4.831778238581475,0.025,0.0,-0.03,0.0,1.0,0.0,0.01
9,0.29999741694703425,77,0.0359468914624751,0.0,-0.037063931481199706,0.0070639314811997075,0.0029360685188002927,5.872137037600585,-0.008934946239921852,0.002013741130368143,3.523282222560351,0.025,0.0,-0.03,0.0,1.0,0.0,0.01
9,0.29999741694703425,78,0.03534153763227508,0.0,-0.03814708976067729,0.008147089760677288,0.001852910239322712,3.705820478645424,0.007757214017885927,0.01131503387687654,2.2234922871872542,0.025,0.0,-0.03,0.0,1.0,0.0,0.01
9,0.29999741694703425,79,0.034724207643922395,0.0,-0.03922342576568648,0.00922342576568648,0.0007765742343135203,1.5531484686270407,-0.010917678314420263,0.0009872301540924725,0.9318890811762244,0.025,0.0,-0.03,0.0,1.0,0.0,0.01
10,0.33333046327448246,60,0.03876870736360067,0.0,-0.020188427108934662,0.009811572891065337,0.00018842710893466307,0.37685421786932616,0.0028708148841553767,0.007318082703730098,0.22611253072159568,0.025,0.0,-0.03,0.0,1.0,0.0,0.01
10,0.33333046327448246,61,0.03998041112436328,0.0,-0.020456526518172397,0.009543473481827602,0.00045652651817239785,0.9130530363447957,0.003018300381182883,0.007468749217043059,0.5478318218068774,0.025,0.0,-0.03,0.0,1.0,0.0,0.01
10,0.33333046327448246,62,0.04119170774935225,0.0,-0.020726450653379844,0.009273549346620155,0.000726450653379845,1.45290130675969,0.003116408914501267,0.007302526235734566,0.871740784055814,0.025,0.0,-0.03,0.0,1.0,0.0,0.01
10,0.33333046327448246,63,0.04240245114953951,0.0,-0.02099883595517675,0.009001164044823248,0.000998835955176752,1.9976719103535039,0.003068945556015492,0.007409846856629471,1.1986031462121023,0.025,0.0,-0.03,0.0,1.0,0.0,0.01
10,0.33333046327448246,64,0.04206604559152179,0.0,-0.022193088372574044,0.007806911627425955,0.0021930883725740456,4.3861767451480915,0.003507592154184083,0.006635924805604148,2.631706047088855,0.025,0.0,-0.03,0.0,1.0,0.0,0.01
10,0.33333046327448246,65,0.0417095518375195,0.0,-0.023381500975712236,0.006618499024287763,0.0033815009757122375,6.763001951424475,0.002183116565490917,0.006419516304164519,4.057801170854685,0.025,0.0,-0.03,0.0,1.0,0.0,0.01
10,0.33333046327448246,66,0.0413328755126002,0.0,-0.024563649553096173,0.005436350446903826,0.004563649553096174,9.127299106192348,0.0036591305089201036,0.005312067701449828,5.476379463715409,0.025,0.0,-0.03,0.0,1.0,0.0,0.01
10,0.33333046327448246,67,0.04093601549844418,0.0,-0.02573919602904668,0.004260803970953318,0.005739196029046682,11.478392058093364,0.0013124421677132379,0.005469767377682561,6.887035234856018,0.025,0.0,-0.03,0.0,1.0,0.0,0.01
10,0.33333046327448246,68,0.04051910886109353,0.0,-0.026907755088554083,0.003092244911445916,0.006907755088554084,13.815510177108168,0.0036986186777240347,0.003968792552518832,8.2893061062649,0.025,0.0,-0.03,0.0,1.0,0.0,0.01
10,0.33333046327448246,69,0.040082365476075583,0.0,-0.028069083395908898,0.0019309166040911013,0.008069083395908899,16.1381667918178,0.00047779685533124984,0.00452519982135927,9.682900075090679,0.025,0.0,-0.03,0.0,1.0,0.0,0.01
10,0.33333046327448246,70,0.03962614459419282,0.0,-0.02922286591664867,0.0007771340833513281,0.009222865916648672,18.445731833297344,0.003603038972827166,0.0026303744938576843,11.067439099978406,0.025,0.0,-0.03,0.0,1.0,0.0,0.01
10,0.33333046327448246,71,0.039150853906170006,0.0,-0.03036897749265877,0.0003689774926587709,0.00963102250734123,19.26204501468246,0.0002984400364743825,0.00357227731753313,11.557227008809475,0.025,0.0,-0.03,0.0,1.0,0.0,0.01
10,0.33333046327448246,72,0.03865705848225008,0.0,-0.031507202125777116,0.001507202125777117,0.008492797874222883,16.985595748445768,-0.003357934249542744,0.0013208493621284815,10.19135744906746,0.025,0.0,-0.03,0.0,1.0,0.0,0.01
10,0.33333046327448246,73,0.0381453457171589,0.0,-0.032637550671321916,0.002637550671321917,0.007362449328678083,14.724898657356166,0.0009999876215174973,0.0025985899059751873,8.8349391944137,0.025,0.0,-0.03,0.0,1.0,0.0,0.01
10,0.33333046327448246,74,0.03761646434430302,0.0,-0.033759929848016894,0.003759929848016895,0.006240070151983105,12.48014030396621,-0.002955330048323356,5.6184399385407595e-05,7.488084182379726,0.025,0.0,-0.03,0.0,1.0,0.0,0.01
10,0.33333046327448246,75,0.03707102960025678,0.0,-0.034874428854729606,0.004874428854729607,0.005125571145270394,10.251142290540788,0.0015674871919924647,0.0015686709170447037,6.150685374324472,0.025,0.0,-0.03,0.0,1.0,0.0,0.01
10,0.33333046327448246,76,0.03650976207115771,0.0,-0.035980992647907974,0.005980992647907975,0.0040190073520920255,8.03801470418405,-0.0023588894817327655,0.001081443133589593,4.82280882251043,0.025,0.0,-0.03,0.0,1.0,0.0,0.01
10,0.33333046327448246,77,0.03593364710975051,0.0,-0.037079969982524566,0.007079969982524567,0.002920030017475433,5.8400600349508665,0.002111421676439037,0.0005247695898962526,3.5040360209705197,0.025,0.0,-0.03,0.0,1.0,0.0,0.01
10,0.33333046327448246,78,0.03534412271594433,0.0,-0.038171772050707035,0.008171772050707037,0.0018282279492929637,3.6564558985859272,-0.0017137786513857507,0.0021901429930192952,2.1938735391515563,0.025,0.0,-0.03,0.0,1.0,0.0,0.01
10,0.33333046327448246,79,0.03474253112058887,0.0,-0.03925705363570279,0.00925705363570279,0.00074294636429721,1.48589272859442,0.0025555191053004645,0.0005746302989982873,0.891535637156652,0.025,0.0,-0.03,0.0,1.0,0.0,0.01
11,0.3666635096019307,60,0.03852340145881262,0.0,-0.020077031153577434,0.009922968846422565,7.703115357743547e-05,0.15406230715487093,0.0038157556063233575,0.0072166319376632945,0.09243738429292256,0.025,0.0,-0.03,0.0,1.0,0.0,0.01
11,0.3666635096019307,61,0.0397363492900698,0.0,-0.02033949089569337,0.00966050910430663,0.00033949089569336975,0.6789817913867395,0.0040944720715192845,0.007360685098909337,0.40738907483204373,0.025,0.0,-0.03,0.0,1.0,0.0,0.01
11,0.3666635096019307,62,0.04094891529952837,0.0,-0.02060369996650382,0.009396300033496178,0.0006036999665038224,1.2073999330076448,0.004283876365515439,0.007180241283328014,0.7244399598045869,0.025,0.0,-0.03,0.0,1.0,0.0,0.01
11,0.3666635096019307,63,0.042160974854028484,0.0,-0.020870216525946218,0.009129783474053781,0.0008702165259462189,1.7404330518924378,0.00472922570621285,0.007142936424475973,1.0442598311354627,0.025,0.0,-0.03,0.0,1.0,0.0,0.01
11,0.3666635096019307,64,0.041844208835151726,0.0,-0.022069990388789255,0.007930009611210743,0.0020699903887892567,4.139980777578513,0.003925189607384598,0.006683912641846759,2.4839884665471077,0.025,0.0,-0.03,0.0,1.0,0.0,0.01
11,0.3666635096019307,65,0.041507402603716395,0.0,-0.02326427642065772,0.006735723579342278,0.003264276420657722,6.528552841315444,0.004944616530977864,0.005726089305074658,3.9171317047892664,0.025,0.0,-0.03,0.0,1.0,0.0,0.01
11,0.3666635096019307,66,0.04115043401159052,0.0,-0.024452700006190556,0.005547299993809443,0.004452700006190557,8.905400012381115,0.0030172070804926837,0.005639061893545375,5.343240007428669,0.025,0.0,-0.03,0.0,1.0,0.0,0.01
11,0.3666635096019307,67,0.04077330690486133,0.0,-0.02563485921042136,0.004365140789578639,0.005634859210421362,11.269718420842723,0.0050684790372041225,0.004299777051190175,6.7618310525056335,0.025,0.0,-0.03,0.0,1.0,0.0,0.01
11,0.3666635096019307,68,0.04037611231875277,0.0,-0.026810451855596405,0.0031895481444035936,0.006810451855596407,13.620903711192813,0.002127816540001088,0.004610066311854856,8.172542226715688,0.025,0.0,-0.03,0.0,1.0,0.0,0.01
11,0.3666635096019307,69,0.03995907705519639,0.0,-0.02797912737643808,0.0020208726235619173,0.007979127376438083,15.958254752876165,0.005068475266488835,0.002866327997878578,9.5749528517257,0.025,0.0,-0.03,0.0,1.0,0.0,0.01
11,0.3666635096019307,70,0.03952249612677057,0.0,-0.029140681443804252,0.000859318556195747,0.009140681443804253,18.281362887608505,0.001283466915665567,0.003586051692394776,10.968817732565103,0.025,0.0,-0.03,0.0,1.0,0.0,0.01
11,0.3666635096019307,71,0.03906680750130918,0.0,-0.030294844343278213,0.00029484434327821385,0.009705155656721786,19.41031131344357,-0.00492381199902978,0.0014481320648401111,11.646186788066142,0.025,0.0,-0.03,0.0,1.0,0.0,0.01
11,0.3666635096019307,72,0.038592495393290134,0.0,-0.03144153091863932,0.0014415309186393208,0.00855846908136068,17.116938162721357,-0.0005053993234352825,0.002552701583345429,10.270162897632813,0.025,0.0,-0.03,0.0,1.0,0.0,0.01
11,0.3666635096019307,73,0.03810019083895076,0.0,-0.03258057814092187,0.0025805781409218714,0.007419421859078129,14.838843718156257,-0.004621729555369554,6.870430763797153e-05,8.903306230893755,0.025,0.0,-0.03,0.0,1.0,0.0,0.01
11,0.3666635096019307,74,0.03759054817353638,0.0,-0.03371203539675286,0.003712035396752862,0.006287964603247138,12.575929206494276,0.00018760391023696008,0.0015028808490180942,7.545557523896566,0.025,0.0,-0.03,0.0,1.0,0.0,0.01
11,0.3666635096019307,75,0.0370641878642908,0.0,-0.03483574728257598,0.004835747282575978,0.005164252717424022,10.328505434848045,-0.0041036434044089505,0.0012181690543819157,6.197103260908827,0.025,0.0,-0.03,0.0,1.0,0.0,0.01
11,0.3666635096019307,76,0.036521721720605485,0.0,-0.03595177336296521,0.005951773362965214,0.004048226637034786,8.096453274069573,0.000715229680355246,0.0003659042440325453,4.857871964441744,0.025,0.0,-0.03,0.0,1.0,0.0,0.01
11,0.3666635096019307,77,0.035964328559772024,0.0,-0.03706033076710789,0.007060330767107888,0.0029396692328921125,5.879338465784225,-0.003496436921712672,0.0024360977204369123,3.527603079470535,0.025,0.0,-0.03,0.0,1.0,0.0,0.01
11,0.3666635096019307,78,0.03539339498703658,0.0,-0.038162021576414594,0.008162021576414595,0.0018379784235854051,3.67595684717081,0.0012358698322243401,0.0007701637748322748,2.205574108302486,0.025,0.0,-0.03,0.0,1.0,0.0,0.01
11,0.3666635096019307,79,0.03481031566031278,0.0,-0.03925730803280191,0.009257308032801913,0.0007426919671980874,1.4853839343961748,-0.0027406580106186075,0.0035748107005747396,0.8912303606377049,0.025,0.0,-0.03,0.0,1.0,0.0,0.01
12,0.399996555929379,61,0.03949534334227062,0.0,-0.020172538400887157,0.009827461599112842,0.0001725384008871584,0.34507680177431677,0.006814144033916341,0.007184862944375751,0.20704608106459005,0.025,0.0,-0.03,0.0,1.0,0.0,0.01
12,0.399996555929379,62,0.04071034335545725,0.0,-0.020425414897772436,0.009574585102227563,0.00042541489777243695,0.8508297955448739,0.007323738033696968,0.006855683217255741,0.5104978773269243,0.025,0.0,-0.03,0.0,1.0,0.0,0.01
12,0.399996555929379,63,0.04192487960104002,0.0,-0.020680499694906422,0.009319500305093577,0.0006804996949064234,1.3609993898128467,0.007637420131955887,0.006926380351013624,0.8165996338877081,0.025,0.0,-0.03,0.0,1.0,0.0,0.01
12,0.399996555929379,64,0.04162991105407771,0.0,-0.021885899792416355,0.008114100207583644,0.0018858997924163564,3.7717995848327126,0.008261304062927766,0.005958848832814632,2.2630797508996277,0.025,0.0,-0.03,0.0,1.0,0.0,0.01
12,0.399996555929379,65,0.04131490451675346,0.0,-0.02308621417950023,0.0069137858204997675,0.0030862141795002327,6.172428359000466,0.0065487716329481385,0.005654366870028225,3.7034570154002795,0.025,0.0,-0.03,0.0,1.0,0.0,0.01
12,0.399996555929379,66,0.04097973186388674,0.0,-0.024281042993447764,0.005718957006552235,0.0042810429934477656,8.56208598689553,0.008560955225594502,0.004305381056214512,5.137251592137318,0.025,0.0,-0.03,0.0,1.0,0.0,0.01
12,0.399996555929379,67,0.04062436856729217,0.0,-0.025470027228000056,0.004529972771999943,0.005470027228000057,10.940054456000114,0.005477397543493348,0.004456370878040053,6.564032673600068,0.025,0.0,-0.03,0.0,1.0,0.0,0.01
12,0.399996555929379,68,0.040248906548106735,0.0,-0.026652808668312582,0.0033471913316874165,0.006652808668312584,13.305617336625167,0.008731203621031296,0.00263278167146145,7.983370401975099,0.025,0.0,-0.03,0.0,1.0,0.0,0.01
12,0.399996555929379,69,0.03985353352219043,0.0,-0.0278290974025738,0.0021709025974261976,0.007829097402573803,15.658194805147605,0.004454501214619641,0.003282874443996111,9.394916883088563,0.025,0.0,-0.03,0.0,1.0,0.0,0.01
12,0.399996555929379,70,0.03943855389545784,0.0,-0.028998605532532137,0.0010013944674678622,0.008998605532532138,17.997211065064278,0.008735979764506286,0.0009700346205422816,10.798326639038565,0.025,0.0,-0.03,0.0,1.0,0.0,0.01
12,0.399996555929379,71,0.03900435658707662,0.0,-0.030161137533762806,0.00016113753376280696,0.009838862466237193,19.677724932474387,-0.003514987517962226,0.002112970107285709,11.806634959484631,0.025,0.0,-0.03,0.0,1.0,0.0,0.01
12,0.399996555929379,72,0.03855144443902013,0.0,-0.03131650187423031,0.0013165018742303108,0.00868349812576969,17.36699625153938,-0.008551076066087817,0.0006551660912154328,10.420197750923627,0.025,0.0,-0.03,0.0,1.0,0.0,0.01
12,0.399996555929379,73,0.03808039120848817,0.0,-0.03246461816630951,0.0024646181663095096,0.007535381833690491,15.070763667380982,-0.002680984597883504,0.0009260065288272094,9.04245820042859,0.025,0.0,-0.03,0.0,1.0,0.0,0.01
12,0.399996555929379,74,0.037591878742612356,0.0,-0.0336054126553973,0.003605412655397301,0.006394587344602699,12.789174689205398,-0.008164565553839332,0.002222220692622543,7.673504813523238,0.025,0.0,-0.03,0.0,1.0,0.0,0.01
12,0.399996555929379,75,0.037086428423181744,0.0,-0.03473878369131898,0.004738783691318978,0.0052612163086810226,10.522432617362044,-0.0019512852191113186,0.0002936661376279302,6.313459570417226,0.025,0.0,-0.03,0.0,1.0,0.0,0.01
12,0.399996555929379,76,0.03656467763253943,0.0,-0.035864627339768744,0.005864627339768745,0.004135372660231255,8.27074532046251,-0.007610091204639587,0.0036971192802843712,4.962447192277506,0.025,0.0,-0.03,0.0,1.0,0.0,0.01
12,0.399996555929379,77,0.036027826215291596,0.0,-0.03698330389065804,0.006983303890658044,0.0030166961093419566,6.033392218683913,-0.0013306567649523913,0.0015659338444940231,3.6200353312103477,0.025,0.0,-0.03,0.0,1.0,0.0,0.01
12,0.399996555929379,78,0.03547734864357969,0.0,-0.0380953246213898,0.008095324621389802,0.0019046753786101985,3.809350757220397,-0.006849454194023149,0.005067573106414108,2.285610454332238,0.025,0.0,-0.03,0.0,1.0,0.0,0.01
12,0.399996555929379,79,0.03491457586835391,0.0,-0.03920121418143707,0.009201214181437073,0.0007987858185629273,1.5975716371258546,-0.0008581622813017657,0.0029228140245129894,0.9585429822755127,0.025,0.0,-0.03,0.0,1.0,0.0,0.01
13,0.4333296022568272,62,0.04047066529548758,0.0,-0.020167345293451672,0.009832654706548326,0.00016734529345167372,0.3346905869033474,0.007528381715783431,0.007490874412137832,0.20081435214200843,0.025,0.0,-0.03,0.0,1.0,0.0,0.01
13,0.4333296022568272,63,0.041689089583105354,0.0,-0.020403254807172023,0.009596745192827976,0.0004032548071720241,0.8065096143440482,0.008327380169095863,0.007391687845316439,0.4839057686064289,0.025,0.0,-0.03,0.0,1.0,0.0,0.01
13,0.4333296022568272,64,0.04141926005280928,0.0,-0.021614540635809008,0.008385459364190991,0.001614540635809009,3.229081271618018,0.007409590722142807,0.006778560849308042,1.9374487629708108,0.025,0.0,-0.03,0.0,1.0,0.0,0.01
13,0.4333296022568272,65,0.04112934829122916,0.0,-0.022821172583583616,0.007178827416416383,0.0028211725835836175,5.642345167167235,0.008624469525574151,0.005662124369349691,3.385407100300341,0.025,0.0,-0.03,0.0,1.0,0.0,0.01
13,0.4333296022568272,66,0.04081921129512278,0.0,-0.02402275307281106,0.005977246927188939,0.0040227530728110614,8.045506145622124,0.006387976681837398,0.005429971720996902,4.827303687373274,0.025,0.0,-0.03,0.0,1.0,0.0,0.01
13,0.4333296022568272,67,0.04048880974926894,0.0,-0.02521892478979031,0.004781075210209689,0.005218924789790311,10.437849579580622,0.008822507324549901,0.003922549661384941,6.262709747748373,0.025,0.0,-0.03,0.0,1.0,0.0,0.01
13,0.4333296022568272,68,0.04013822113490117,0.0,-0.02640932543599276,0.0035906745640072388,0.006409325435992761,12.818650871985524,0.005378582828670013,0.004112965887391114,7.691190523191314,0.025,0.0,-0.03,0.0,1.0,0.0,0.01
13,0.4333296022568272,69,0.03976761897584677,0.0,-0.027593662274620488,0.0024063377253795114,0.007593662274620489,15.187324549240978,0.008885674036235119,0.002175392303860239,9.112394729544587,0.025,0.0,-0.03,0.0,1.0,0.0,0.01
13,0.4333296022568272,70,0.03937729454354446,0.0,-0.0287716372819621,0.0012283627180379002,0.0087716372819621,17.5432745639242,0.004412035457146182,0.0028158285432729542,10.525964738354519,0.025,0.0,-0.03,0.0,1.0,0.0,0.01
13,0.4333296022568272,71,0.03896762396573181,0.0,-0.029943047438046298,5.6952561953701325e-05,0.009943047438046299,19.8860948760926,0.008790130034459097,0.00044249461562266345,11.93165692565556,0.025,0.0,-0.03,0.0,1.0,0.0,0.01
13,0.4333296022568272,72,0.03853909901367584,0.0,-0.03110768557291237,0.001107685572912371,0.00889231442708763,17.78462885417526,-0.003512166385391623,0.0015223744795511262,10.670777312505155,0.025,0.0,-0.03,0.0,1.0,0.0,0.01
13,0.4333296022568272,73,0.03809228269621469,0.0,-0.03226545944195659,0.0022654594419565938,0.0077345405580434064,15.469081116086812,-0.008519337206798677,0.0012523346929965205,9.281448669652088,0.025,0.0,-0.03,0.0,1.0,0.0,0.01
13,0.4333296022568272,74,0.03762784866383429,0.0,-0.03341627455888655,0.003416274558886552,0.006583725441113448,13.167450882226897,-0.0027008780765068034,0.0002155115412649174,7.900470529336138,0.025,0.0,-0.03,0.0,1.0,0.0,0.01
13,0.4333296022568272,75,0.0371462842314166,0.0,-0.0345600034371542,0.004560003437154202,0.0054399965628457985,10.879993125691596,-0.008066497440489357,0.0028830342117187467,6.527995875414958,0.025,0.0,-0.03,0.0,1.0,0.0,0.01
13,0.4333296022568272,76,0.036648208631170784,0.0,-0.03569651157820589,0.005696511578205894,0.004303488421794106,8.606976843588212,-0.001988689751763839,0.0011271992512141963,5.164186106152927,0.025,0.0,-0.03,0.0,1.0,0.0,0.01
13,0.4333296022568272,77,0.036134875152216195,0.0,-0.03682617038773703,0.0068261703877370294,0.0031738296122629708,6.347659224525941,-0.007421177559482429,0.004420005896379418,3.8085955347155647,0.025,0.0,-0.03,0.0,1.0,0.0,0.01
13,0.4333296022568272,78,0.03560779422958891,0.0,-0.03794946803987959,0.007949468039879594,0.0020505319601204063,4.101063920240812,-0.0014062179096117678,0.0025327954131172197,2.4606383521444872,0.025,0.0,-0.03,0.0,1.0,0.0,0.01
13,0.4333296022568272,79,0.0350682883394991,0.0,-0.03906689545684053,0.009066895456840529,0.0009331045431594711,1.8662090863189422,-0.0065660741279652025,0.005843072664008597,1.1197254517913653,0.025,0.0,-0.03,0.0,1.0,0.0,0.01
14,0.4666626485842755,63,0.04143012266522111,0.0,-0.020139357374854897,0.009860642625145102,0.00013935737485489853,0.27871474970979704,0.007554382282278138,0.008136112200897147,0.1672288498258782,0.025,0.0,-0.03,0.0,1.0,0.0,0.01
14,0.4666626485842755,64,0.04118672115236748,0.0,-0.021356245566083263,0.008643754433916736,0.0013562455660832643,2.712491132166529,0.007981022599462657,0.007170831754511232,1.6274946792999172,0.025,0.0,-0.03,0.0,1.0,0.0,0.01
14,0.4666626485842755,65,0.04092321773709508,0.0,-0.022568920808974886,0.0074310791910251126,0.0025689208089748877,5.137841617949776,0.006764201585816031,0.006589545421072518,3.0827049707698655,0.025,0.0,-0.03,0.0,1.0,0.0,0.01
14,0.4666626485842755,66,0.04063944226718499,0.0,-0.023777022495174358,0.006222977504825641,0.0037770224951743595,7.554044990348719,0.007925115324775602,0.005448620487489683,4.5324269942092315,0.025,0.0,-0.03,0.0,1.0,0.0,0.01
14,0.4666626485842755,67,0.040335347837989644,0.0,-0.024980145932011665,0.005019854067988334,0.004980145932011666,9.96029186402333,0.0061260167512797795,0.005041706199754022,5.976175118413998,0.025,0.0,-0.03,0.0,1.0,0.0,0.01
14,0.4666626485842755,68,0.04001097717207903,0.0,-0.026177985496582342,0.003822014503417657,0.006177985496582343,12.355970993164687,0.007769658459349326,0.0037200136861542154,7.413582595898812,0.025,0.0,-0.03,0.0,1.0,0.0,0.01
14,0.4666626485842755,69,0.039666504504577246,0.0,-0.027370173325337987,0.002629826674662012,0.007370173325337988,14.740346650675976,0.0053451533177959355,0.003548015290796052,8.844207990405586,0.025,0.0,-0.03,0.0,1.0,0.0,0.01
14,0.4666626485842755,70,0.039302179688389956,0.0,-0.02855648139430142,0.0014435186056985794,0.00855648139430142,17.112962788602843,0.007623276262983807,0.001965357167787999,10.267777673161705,0.025,0.0,-0.03,0.0,1.0,0.0,0.01
14,0.4666626485842755,71,0.0389183896765277,0.0,-0.029736606315092094,0.00026339368490790535,0.009736606315092095,19.47321263018419,0.004513126352073581,0.0020909619720159566,11.683927578110513,0.025,0.0,-0.03,0.0,1.0,0.0,0.01
14,0.4666626485842755,72,0.03851557753794481,0.0,-0.03091042501022117,0.0009104250102211706,0.00908957498977883,18.17914997955766,-0.007393026473565952,0.00021816478306138586,10.907489987734596,0.025,0.0,-0.03,0.0,1.0,0.0,0.01
14,0.4666626485842755,73,0.03809432884262675,0.0,-0.03207772137307807,0.002077721373078073,0.007922278626921927,15.844557253843854,-0.0037274577068171534,0.0006354315687475794,9.506734352306312,0.025,0.0,-0.03,0.0,1.0,0.0,0.01
14,0.4666626485842755,74,0.037655236281592404,0.0,-0.03323847877239199,0.0032384787723919936,0.006761521227608007,13.523042455216013,-0.006908013936426945,0.0014430231169963981,8.113825473129607,0.025,0.0,-0.03,0.0,1.0,0.0,0.01
14,0.4666626485842755,75,0.03719880086900844,0.0,-0.034392424657731756,0.004392424657731757,0.005607575342268243,11.215150684536487,-0.0031347268731302673,0.0008632108312726556,6.729090410721892,0.025,0.0,-0.03,0.0,1.0,0.0,0.01
14,0.4666626485842755,76,0.036725612502216065,0.0,-0.03553953670618314,0.005539536706183144,0.004460463293816856,8.920926587633712,-0.006236507720972736,0.0030161991362598517,5.352555952580227,0.025,0.0,-0.03,0.0,1.0,0.0,0.01
14,0.4666626485842755,77,0.03623705250982329,0.0,-0.03668008426977145,0.006680084269771451,0.003319915730228549,6.639831460457098,-0.002565813464490403,0.0023722207667184166,3.983898876274259,0.025,0.0,-0.03,0.0,1.0,0.0,0.01
14,0.4666626485842755,78,0.03573461643447771,0.0,-0.03781465423321466,0.00781465423321466,0.00218534576678534,4.37069153357068,-0.005500110092525028,0.004553150546633292,2.622414920142408,0.025,0.0,-0.03,0.0,1.0,0.0,0.01
14,0.4666626485842755,79,0.03521965450428348,0.0,-0.0389435700514902,0.008943570051490199,0.0010564299485098013,2.1128598970196024,-0.0019417051141354844,0.0038819017457114133,1.2677159382117613,0.025,0.0,-0.03,0.0,1.0,0.0,0.01
15,0.4999956949117237,64,0.04093516312917918,0.0,-0.021115347433666765,0.008884652566333234,0.0011153474336667666,2.230694867333533,0.006707971575612677,0.007855822939982644,1.33841692040012,0.025,0.0,-0.03,0.0,1.0,0.0,0.01
15,0.4999956949117237,65,0.04069939179124339,0.0,-0.02233374775922054,0.007666252240779457,0.002333747759220543,4.667495518441086,0.006949485843989623,0.006924316158700974,2.800497311064652,0.025,0.0,-0.03,0.0,1.0,0.0,0.01
15,0.4999956949117237,66,0.04044333493996115,0.0,-0.023548023435111615,0.006451976564888384,0.003548023435111616,7.0960468702232316,0.006365348973363028,0.006164231823120128,4.257628122133939,0.025,0.0,-0.03,0.0,1.0,0.0,0.01
15,0.4999956949117237,67,0.040166906093536285,0.0,-0.02475784267834307,0.0052421573216569275,0.004757842678343073,9.515685356686145,0.006438209459822754,0.0052569201773289085,5.709411214011687,0.025,0.0,-0.03,0.0,1.0,0.0,0.01
15,0.4999956949117237,68,0.03987014720572092,0.0,-0.025962806551324265,0.004037193448675733,0.005962806551324267,11.925613102648533,0.006166731197978347,0.004426482120300579,7.15536786158912,0.025,0.0,-0.03,0.0,1.0,0.0,0.01
15,0.4999956949117237,69,0.03955318201587719,0.0,-0.027162648550215697,0.002837351449784302,0.007162648550215698,14.325297100431397,0.00586414383268068,0.003603599609901138,8.595178260258837,0.025,0.0,-0.03,0.0,1.0,0.0,0.01
15,0.4999956949117237,70,0.03921627242623673,0.0,-0.0283570088685427,0.0016429911314572998,0.0083570088685427,16.7140177370854,0.005684685162264402,0.0027498871292169188,10.02841064225124,0.025,0.0,-0.03,0.0,1.0,0.0,0.01
15,0.4999956949117237,71,0.038859743687835215,0.0,-0.02954570999233287,0.0004542900076671304,0.00954570999233287,19.09141998466574,0.005540239877281631,0.0018772192013351478,11.454851990799444,0.025,0.0,-0.03,0.0,1.0,0.0,0.01
15,0.4999956949117237,72,0.038484066670149565,0.0,-0.030728460223712888,0.0007284602237128887,0.009271539776287111,18.543079552574223,-0.004987708977514487,0.0011367661042676015,11.125847731544534,0.025,0.0,-0.03,0.0,1.0,0.0,0.01
15,0.4999956949117237,73,0.038089753781788034,0.0,-0.031905191488419325,0.0019051914884193263,0.008094808511580674,16.189617023161347,-0.005067939743669437,0.00019718236735748358,9.713770213896808,0.025,0.0,-0.03,0.0,1.0,0.0,0.01
15,0.4999956949117237,74,0.037677380611582566,0.0,-0.033075656851872,0.0030756568518719996,0.006924343148128001,13.848686296256002,-0.004507047429346105,0.0005392860066558686,8.309211777753601,0.025,0.0,-0.03,0.0,1.0,0.0,0.01
15,0.4999956949117237,75,0.03724737195374604,0.0,-0.03423974910247855,0.004239749102478554,0.005760250897521446,11.520501795042891,-0.004298842525842063,0.001386372123692384,6.9123010770257345,0.025,0.0,-0.03,0.0,1.0,0.0,0.01
15,0.4999956949117237,76,0.03680047384838027,0.0,-0.03539729030292996,0.005397290302929958,0.004602709697070042,9.205419394140085,-0.004044241196977329,0.0022137185689115896,5.5232516364840505,0.025,0.0,-0.03,0.0,1.0,0.0,0.01
15,0.4999956949117237,77,0.03633804491752329,0.0,-0.03654872841938703,0.006548728419387029,0.0034512715806129714,6.9025431612259425,-0.0036110433255003363,0.0029824121838733816,4.1415258967355655,0.025,0.0,-0.03,0.0,1.0,0.0,0.01
15,0.4999956949117237,78,0.035861662070486106,0.0,-0.03769442900638598,0.007694429006385978,0.0023055709936140225,4.611141987228045,-0.003365329266948134,0.0038214688898852273,2.7666851923368267,0.025,0.0,-0.03,0.0,1.0,0.0,0.01
15,0.4999956949117237,79,0.035372590143087475,0.0,-0.038834851988276915,0.008834851988276916,0.0011651480117230838,2.330296023446168,-0.002954090344905213,0.004590082850299537,1.3981776140677007,0.025,0.0,-0.03,0.0,1.0,0.0,0.01
15,0.4999956949117237,80,0.0348829213792981,0.0,-0.03998492202384351,0.00998492202384351,1.5077976156489467e-05,0.030155952312978934,-0.0026811061277045227,0.005423020265867294,0.01809357138778736,0.025,0.0,-0.03,0.0,1.0,0.0,0.01
16,0.533328741239172,64,0.040666733581942366,0.0,-0.020898280129348527,0.009101719870651472,0.000898280129348528,1.796560258697056,0.005929804654544721,0.008380225384598126,1.0779361552182336,0.025,0.0,-0.03,0.0,1.0,0.0,0.01
16,0.533328741239172,65,0.04045950690686712,0.0,-0.022121867593201935,0.007878132406798063,0.0021218675932019367,4.243735186403874,0.0063336350073711035,0.007411189816676613,2.546241111842324,0.025,0.0,-0.03,0.0,1.0,0.0,0.01
16,0.533328741239172,66,0.04023199953125931,0.0,-0.02334185062885319,0.00665814937114681,0.0033418506288531904,6.683701257706381,0.00517167224095775,0.006732745069421412,4.010220754623829,0.025,0.0,-0.03,0.0,1.0,0.0,0.01
16,0.533328741239172,67,0.03998411482107509,0.0,-0.024557837009705184,0.005442162990294815,0.004557837009705185,9.11567401941037,0.006517359640218842,0.0055459423293156875,5.469404411646222,0.025,0.0,-0.03,0.0,1.0,0.0,0.01
16,0.533328741239172,68,0.039715852568436315,0.0,-0.0257695098645991,0.004230490135400899,0.0057695098645991014,11.539019729198204,0.004299993234027396,0.005128213170203866,6.923411837518922,0.025,0.0,-0.03,0.0,1.0,0.0,0.01
16,0.533328741239172,69,0.03942733780206243,0.0,-0.02697649529214068,0.0030235047078593195,0.006976495292140681,13.95299058428136,0.006492474858369721,0.003685674263028689,8.371794350568816,0.025,0.0,-0.03,0.0,1.0,0.0,0.01
16,0.533328741239172,70,0.03911877838582753,0.0,-0.02817854700872457,0.0018214529912754275,0.008178547008724573,16.357094017449146,0.003658421116244806,0.0034873323309491198,9.814256410469488,0.025,0.0,-0.03,0.0,1.0,0.0,0.01
16,0.533328741239172,71,0.03879051447111966,0.0,-0.02937533911093333,0.0006246608890666701,0.00937533911093333,18.75067822186666,0.006114858025745851,0.0018907933977925049,11.250406933119995,0.025,0.0,-0.03,0.0,1.0,0.0,0.01
16,0.533328741239172,72,0.038442952158122504,0.0,-0.030566715748101433,0.0005667157481014339,0.009433284251898566,18.866568503797133,-0.003121280673632238,0.001826226582302858,11.31994110227828,0.025,0.0,-0.03,0.0,1.0,0.0,0.01
16,0.533328741239172,73,0.03807663263657478,0.0,-0.031752430283857026,0.0017524302838570274,0.008247569716142973,16.495139432285946,-0.0057011207447245,9.092603422276461e-05,9.897083659371567,0.025,0.0,-0.03,0.0,1.0,0.0,0.01
16,0.533328741239172,74,0.03769199836469682,0.0,-0.03293235546797817,0.0029323554679781677,0.0070676445320218325,14.135289064043665,-0.002380123648805809,0.00023461107213687627,8.481173438426199,0.025,0.0,-0.03,0.0,1.0,0.0,0.01
16,0.533328741239172,75,0.03728952364971695,0.0,-0.034106192178814346,0.004106192178814347,0.005893807821185653,11.787615642371307,-0.005381159567040175,0.0017175808950625057,7.072569385422784,0.025,0.0,-0.03,0.0,1.0,0.0,0.01
16,0.533328741239172,76,0.03686998821578665,0.0,-0.0352739767087297,0.0052739767087297,0.004726023291270301,9.452046582540602,-0.0016142105363225153,0.0013377169812359652,5.6712279495243605,0.025,0.0,-0.03,0.0,1.0,0.0,0.01
16,0.533328741239172,77,0.03643483602685531,0.0,-0.036435945227607534,0.0064359452276075355,0.0035640547723924648,7.128109544784929,-0.0047952233786356996,0.0034440618194670107,4.276865726870957,0.025,0.0,-0.03,0.0,1.0,0.0,0.01
16,0.533328741239172,78,0.035985557387385625,0.0,-0.037592596014743185,0.007592596014743186,0.0024074039852568143,4.814807970513629,-0.0011099766841579902,0.002995792339092716,2.888884782308177,0.025,0.0,-0.03,0.0,1.0,0.0,0.01
16,0.533328741239172,79,0.03552349736463322,0.0,-0.0387441763219373,0.008744176321937303,0.0012558236780626977,2.5116473561253954,-0.003932298047331307,0.005051380088084006,1.5069884136752372,0.025,0.0,-0.03,0.0,1.0,0.0,0.01
16,0.533328741239172,80,0.03506097478300966,0.0,-0.03990548049335992,0.009905480493359924,9.451950664007662e-05,0.18903901328015324,-0.0006224157479998113,0.0046985516874115405,0.11342340796809194,0.025,0.0,-0.03,0.0,1.0,0.0,0.01
17,0.5666617875666202,64,0.040378137707964855,0.0,-0.020702313665997393,0.009297686334002606,0.0007023136659973939,1.404627331994788,0.006915334248971169,0.008608105477862706,0.8427763991968727,0.025,0.0,-0.03,0.0,1.0,0.0,0.01
17,0.5666617875666202,65,0.040200591289854225,0.0,-0.021930589202779897,0.008069410797220102,0.0019305892027798987,3.8611784055597975,0.005450286405922985,0.007902519584293864,2.3167070433358785,0.025,0.0,-0.03,0.0,1.0,0.0,0.01
17,0.5666617875666202,66,0.04000280391149831,0.0,-0.02315575831752199,0.006844241682478009,0.003155758317521991,6.311516635043982,0.007248001805074912,0.006668325754776281,3.786909981026389,0.025,0.0,-0.03,0.0,1.0,0.0,0.01
17,0.5666617875666202,67,0.039784646705757085,0.0,-0.024377463984748493,0.005622536015251506,0.004377463984748494,8.754927969496988,0.004573218248994716,0.006213297672388935,5.252956781698193,0.025,0.0,-0.03,0.0,1.0,0.0,0.01
17,0.5666617875666202,68,0.03954610212525128,0.0,-0.025595344871161056,0.004404655128838943,0.005595344871161057,11.190689742322114,0.007416926945786566,0.0047048238829015855,6.714413845393268,0.025,0.0,-0.03,0.0,1.0,0.0,0.01
17,0.5666617875666202,69,0.03928725578779862,0.0,-0.026809081125670087,0.0031909188743299115,0.006809081125670089,13.618162251340177,0.0037283112923823148,0.00454360565428771,8.170897350804106,0.025,0.0,-0.03,0.0,1.0,0.0,0.01
17,0.5666617875666202,70,0.03900830584625159,0.0,-0.028018348538394883,0.001981651461605116,0.008018348538394884,16.036697076789768,0.007454031651092913,0.0027274796645558146,9.62201824607386,0.025,0.0,-0.03,0.0,1.0,0.0,0.01
17,0.5666617875666202,71,0.038709546144091146,0.0,-0.02922289127826732,0.0007771087217326791,0.009222891278267321,18.445782556534642,0.002889652794541935,0.0028957176838844386,11.067469533920784,0.025,0.0,-0.03,0.0,1.0,0.0,0.01
17,0.5666617875666202,72,0.038391381478583154,0.0,-0.030422450132919332,0.0004224501329193331,0.009577549867080667,19.155099734161332,-0.007342196250401628,0.000755759231219346,11.4930598404968,0.025,0.0,-0.03,0.0,1.0,0.0,0.01
17,0.5666617875666202,73,0.03805430232598971,0.0,-0.03161685476860565,0.0016168547686056522,0.008383145231394348,16.766290462788696,-0.0021027676558767316,0.001259850098205549,10.059774277673217,0.025,0.0,-0.03,0.0,1.0,0.0,0.01
17,0.5666617875666202,74,0.03769869259001096,0.0,-0.03280582874724244,0.002805828747242438,0.007194171252757562,14.388342505515125,-0.007054442980187627,0.0011802039516204646,8.633005503309075,0.025,0.0,-0.03,0.0,1.0,0.0,0.01
17,0.5666617875666202,75,0.037324971184259,0.0,-0.033989152601187914,0.003989152601187915,0.0060108473988120855,12.021694797624171,-0.0014001283084948437,0.00039375701599935544,7.213016878574503,0.025,0.0,-0.03,0.0,1.0,0.0,0.01
17,0.5666617875666202,76,0.0369340656622402,0.0,-0.035166793742555935,0.005166793742555936,0.004833206257444064,9.666412514888128,-0.006550329057301229,0.003038558055282953,5.799847508932877,0.025,0.0,-0.03,0.0,1.0,0.0,0.01
17,0.5666617875666202,77,0.03652741409821229,0.0,-0.036339071125322336,0.0063390711253223375,0.0036609288746776627,7.321857749355325,-0.0008342662502684081,0.0020853825225506605,4.393114649613195,0.025,0.0,-0.03,0.0,1.0,0.0,0.01
17,0.5666617875666202,78,0.03610652080371966,0.0,-0.037506319819607635,0.007506319819607636,0.002493680180392364,4.987360360784728,-0.005809133542609194,0.004819565783692345,2.9924162164708368,0.025,0.0,-0.03,0.0,1.0,0.0,0.01
17,0.5666617875666202,79,0.03567269934628777,0.0,-0.038668863524028,0.008668863524028,0.0013311364759719998,2.6622729519439994,-0.0003874695036953756,0.003840829041999819,1.5973637711663995,0.025,0.0,-0.03,0.0,1.0,0.0,0.01
17,0.5666617875666202,80,0.03523854778507135,0.0,-0.03984103896220984,0.009841038962209843,0.00015896103779015729,0.3179220755803146,-0.004987021793376877,0.0065267656143619245,0.19075324534818874,0.025,0.0,-0.03,0.0,1.0,0.0,0.01
18,0.5999948338940685,64,0.04009254944705503,0.0,-0.020496149138618077,0.009503850861381922,0.0004961491386180784,0.9922982772361567,0.005156407129111739,0.00851022921205492,0.595378966341694,0.025,0.0,-0.03,0.0,1.0,0.0,0.01
18,0.5999948338940685,65,0.0399448877537413,0.0,-0.021728394998037998,0.008271605001962001,0.0017283949980379989,3.456789996075998,0.006405144303264992,0.007462410022939555,2.0740739976455984,0.025,0.0,-0.03,0.0,1.0,0.0,0.01
18,0.5999948338940685,66,0.03977702814930613,0.0,-0.022958038058589418,0.007041961941410581,0.0029580380585894194,5.9160761171788385,0.004360256254209349,0.006859503145612138,3.549645670307303,0.025,0.0,-0.03,0.0,1.0,0.0,0.01
18,0.5999948338940685,67,0.03958881697396214,0.0,-0.02418473477361988,0.0058152652263801195,0.004184734773619881,8.369469547239762,0.006658282306680727,0.00560115569915765,5.021681728343856,0.025,0.0,-0.03,0.0,1.0,0.0,0.01
18,0.5999948338940685,68,0.0393802137362812,0.0,-0.02540811499305907,0.004591885006940927,0.005408114993059073,10.816229986118145,0.003625578920599544,0.005222391778816344,6.489737991670887,0.025,0.0,-0.03,0.0,1.0,0.0,0.01
18,0.5999948338940685,69,0.039151278309471425,0.0,-0.02662786705527793,0.003372132944722068,0.006627867055277932,13.255734110555865,0.006747707334714557,0.00372525389748747,7.953440466333519,0.025,0.0,-0.03,0.0,1.0,0.0,0.01
18,0.5999948338940685,70,0.03890218615557109,0.0,-0.027843650358707037,0.0021563496412929616,0.007843650358707039,15.687300717414077,0.002907402608768544,0.0036016561358358915,9.412380430448446,0.025,0.0,-0.03,0.0,1.0,0.0,0.01
18,0.5999948338940685,71,0.038633205696056834,0.0,-0.029055210543440294,0.0009447894565597047,0.009055210543440296,18.110421086880592,0.00672346128133923,0.001840269232061866,10.866252652128354,0.025,0.0,-0.03,0.0,1.0,0.0,0.01
18,0.5999948338940685,72,0.038344720619124174,0.0,-0.03026226420196557,0.0002622642019655709,0.00973773579803443,19.475471596068857,-0.0021834368879631067,0.0019999733332645804,11.685282957641315,0.025,0.0,-0.03,0.0,1.0,0.0,0.01
18,0.5999948338940685,73,0.0380371968480635,0.0,-0.03146463759646078,0.0014646375964607813,0.008535362403539219,17.070724807078438,-0.006570407356795357,3.716817282697211e-05,10.242434884247062,0.025,0.0,-0.03,0.0,1.0,0.0,0.01
18,0.5999948338940685,74,0.03771094832656115,0.0,-0.03266200083327026,0.002662000833270263,0.007337999166729737,14.675998333459475,-0.0015102198945800669,0.00040085594576976256,8.805599000075684,0.025,0.0,-0.03,0.0,1.0,0.0,0.01
18,0.5999948338940685,75,0.03736635998598704,0.0,-0.033854126901721175,0.0038541269017211763,0.006145873098278824,12.291746196557648,-0.006222904157036776,0.0018627865111542896,7.375047717934589,0.025,0.0,-0.03,0.0,1.0,0.0,0.01
18,0.5999948338940685,76,0.03700446347564155,0.0,-0.035040990798368914,0.005040990798368915,0.004959009201631085,9.91801840326217,-0.000965847258838582,0.0012243531966459546,5.950811041957302,0.025,0.0,-0.03,0.0,1.0,0.0,0.01
18,0.5999948338940685,77,0.03662672533088886,0.0,-0.03622290643236056,0.006222906432360564,0.003777093567639436,7.554187135278871,-0.005631350571752079,0.0036108856536243472,4.532512281167323,0.025,0.0,-0.03,0.0,1.0,0.0,0.01
18,0.5999948338940685,78,0.03623462199655383,0.0,-0.037400134117973244,0.007400134117973245,0.0025998658820267553,5.19973176405351,-0.0005617371272325267,0.0029032505573816265,3.119839058432106,0.025,0.0,-0.03,0.0,1.0,0.0,0.01
18,0.5999948338940685,79,0.03582946750977785,0.0,-0.03857297977499855,0.008572979774998553,0.0014270202250014474,2.854040450002895,-0.004851758529658677,0.005278416076390192,1.712424270001737,0.025,0.0,-0.03,0.0,1.0,0.0,0.01
18,0.5999948338940685,80,0.03542430574533953,0.0,-0.039755485152203465,0.009755485152203466,0.00024451484779653386,0.48902969559306775,-0.00015376254917105487,0.004632381240350311,0.29341781735584066,0.025,0.0,-0.03,0.0,1.0,0.0,0.01
19,0.6333278802215166,64,0.039819535340424095,0.0,-0.02031761659692225,0.009682383403077748,0.0003176165969222527,0.6352331938445054,0.005220403353301212,0.007875784309889822,0.38113991630670324,0.025,0.0,-0.03,0.0,1.0,0.0,0.01
19,0.6333278802215166,65,0.039700074522676425,0.0,-0.021552906945476524,0.008447093054523475,0.001552906945476525,3.10581389095305,0.0046565591796567446,0.007112947026181353,1.8634883345718298,0.025,0.0,-0.03,0.0,1.0,0.0,0.01
19,0.6333278802215166,66,0.03956046796917063,0.0,-0.022786088756930688,0.007213911243069311,0.002786088756930689,5.572177513861378,0.005261483761872663,0.00621118397805477,3.343306508316827,0.025,0.0,-0.03,0.0,1.0,0.0,0.01
19,0.6333278802215166,67,0.03940054502047958,0.0,-0.024016776830698423,0.0059832231693015756,0.004016776830698425,8.03355366139685,0.0042665665212813985,0.005513161411465863,4.8201321968381095,0.025,0.0,-0.03,0.0,1.0,0.0,0.01
19,0.6333278802215166,68,0.03922023331583417,0.0,-0.025244663530823958,0.004755336469176041,0.0052446635308239595,10.48932706164792,0.005215101739107433,0.0045337293873007,6.293596236988752,0.025,0.0,-0.03,0.0,1.0,0.0,0.01
19,0.6333278802215166,69,0.03901958092734156,0.0,-0.026469362821046595,0.003530637178953404,0.006469362821046596,12.938725642093193,0.0038502047480542664,0.003920673926983596,7.763235385255915,0.025,0.0,-0.03,0.0,1.0,0.0,0.01
19,0.6333278802215166,70,0.038798725542865994,0.0,-0.027690614158972726,0.0023093858410272727,0.0076906141589727275,15.381228317945455,0.005087512154891473,0.002851870696477902,9.228736990767272,0.025,0.0,-0.03,0.0,1.0,0.0,0.01
19,0.6333278802215166,71,0.03855793095781795,0.0,-0.028908060329307293,0.0010919396706927063,0.008908060329307294,17.816120658614587,0.0034025702206521968,0.0023383670844092635,10.689672395168751,0.025,0.0,-0.03,0.0,1.0,0.0,0.01
19,0.6333278802215166,72,0.038297537529371393,0.0,-0.03012151130663755,0.00012151130663754992,0.00987848869336245,19.756977386724902,-0.004882510431678683,0.0011724971096691815,11.854186432034941,0.025,0.0,-0.03,0.0,1.0,0.0,0.01
19,0.6333278802215166,73,0.038018015278958206,0.0,-0.03133066671455387,0.0013306667145538686,0.008669333285446132,17.33866657089226,-0.002932212549706802,0.0007630051449212885,10.403199942535357,0.025,0.0,-0.03,0.0,1.0,0.0,0.01
19,0.6333278802215166,74,0.03771958484680882,0.0,-0.032535284291377406,0.002535284291377407,0.007464715708622593,14.929431417245187,-0.004577842851188261,0.00048798096398210985,8.957658850347112,0.025,0.0,-0.03,0.0,1.0,0.0,0.01
19,0.6333278802215166,75,0.0374026237896019,0.0,-0.033734995079883,0.003734995079883001,0.006265004920116999,12.530009840234,-0.0024720530875859503,0.0007952602042182069,7.5180059041403995,0.025,0.0,-0.03,0.0,1.0,0.0,0.01
19,0.6333278802215166,76,0.03706822695272768,0.0,-0.0349299236762046,0.004929923676204602,0.005070076323795398,10.140152647590796,-0.004164884495679364,0.0021180987807514645,6.084091588554477,0.025,0.0,-0.03,0.0,1.0,0.0,0.01
19,0.6333278802215166,77,0.036717937544833615,0.0,-0.036120227408012684,0.006120227408012685,0.003879772591987315,7.75954518397463,-0.002033492890141071,0.0023658157499642342,4.655727110384778,0.025,0.0,-0.03,0.0,1.0,0.0,0.01
19,0.6333278802215166,78,0.0363531534241186,0.0,-0.0373062394738396,0.007306239473839599,0.0026937605261604016,5.387521052320803,-0.0036465750711413536,0.0037111338736916166,3.2325126313924817,0.025,0.0,-0.03,0.0,1.0,0.0,0.01
19,0.6333278802215166,79,0.03597523002467349,0.0,-0.038488106557613457,0.008488106557613458,0.0015118934423865426,3.0237868847730853,-0.0016051936501214118,0.003946759212706105,1.8142721308638512,0.025,0.0,-0.03,0.0,1.0,0.0,0.01
19,0.6333278802215166,80,0.03559769635180547,0.0,-0.03967975320987568,0.009679753209875679,0.0003202467901243216,0.6404935802486432,-0.0030805619339473386,0.005291464403532433,0.38429614814918595,0.025,0.0,-0.03,0.0,1.0,0.0,0.01
20,0.6666609265489649,64,0.03957141265840132,0.0,-0.020165541423075316,0.009834458576924682,0.0001655414230753178,0.33108284615063555,0.004262716417883049,0.006937081752100299,0.19864970769038132,0.025,0.0,-0.03,0.0,1.0,0.0,0.01
20,0.6666609265489649,65,0.039477874946668205,0.0,-0.02140302891756946,0.00859697108243054,0.0014030289175694603,2.8060578351389207,0.0037592538278734683,0.006240017945274688,1.6836347010833523,0.025,0.0,-0.03,0.0,1.0,0.0,0.01
20,0.6666609265489649,66,0.03936424758295357,0.0,-0.0226388131771008,0.007361186822899199,0.0026388131771008013,5.277626354201603,0.004349036075308725,0.0054444608401031415,3.1665758125209615,0.025,0.0,-0.03,0.0,1.0,0.0,0.01
20,0.6666609265489649,67,0.03923032531414885,0.0,-0.023872574046653633,0.006127425953346366,0.0038725740466536342,7.745148093307268,0.003417929125188376,0.004804135480487397,4.647088855984361,0.025,0.0,-0.03,0.0,1.0,0.0,0.01
20,0.6666609265489649,68,0.03907601790206788,0.0,-0.025103926934059623,0.0048960730659403755,0.005103926934059625,10.20785386811925,0.004365715017409905,0.003938926730028583,6.1247123208715495,0.025,0.0,-0.03,0.0,1.0,0.0,0.01
20,0.6666609265489649,69,0.03890133295292637,0.0,-0.026332578968051707,0.003667421031948292,0.006332578968051708,12.665157936103418,0.0030540234872648824,0.0033781242020201434,7.59909476166205,0.025,0.0,-0.03,0.0,1.0,0.0,0.01
20,0.6666609265489649,70,0.03870639901905377,0.0,-0.02755815415167205,0.0024418458483279476,0.007558154151672053,15.116308303344105,0.0043020450142876535,0.0024306507348720086,9.069784982006462,0.025,0.0,-0.03,0.0,1.0,0.0,0.01
20,0.6666609265489649,71,0.03849143328739053,0.0,-0.028780411465078988,0.0012195885349210109,0.00878041146507899,17.56082293015798,0.002678286553036623,0.001964797596801567,10.536493758094787,0.025,0.0,-0.03,0.0,1.0,0.0,0.01
20,0.6666609265489649,72,0.03825677778768415,0.0,-0.02999901300925482,9.869907451783013e-07,0.009999013009254822,19.998026018509645,0.004149926036163473,0.0009243589323706872,11.998815611105787,0.025,0.0,-0.03,0.0,1.0,0.0,0.01
20,0.6666609265489649,73,0.038002793741585474,0.0,-0.031213770002786207,0.0012137700027862082,0.008786229997213792,17.572459994427582,-0.0022879260990504306,0.0005673824224785937,10.543475996656548,0.025,0.0,-0.03,0.0,1.0,0.0,0.01
20,0.6666609265489649,74,0.037729700246378534,0.0,-0.03242427857224111,0.0024242785722411106,0.00757572142775889,15.151442855517779,-0.0038666844369098685,0.0005284467356480218,9.090865713310667,0.025,0.0,-0.03,0.0,1.0,0.0,0.01
20,0.6666609265489649,75,0.037437890578811424,0.0,-0.03363035558484752,0.0036303555848475194,0.006369644415152481,12.739288830304961,-0.002010674878593548,0.0008377643393227829,7.643573298182976,0.025,0.0,-0.03,0.0,1.0,0.0,0.01
20,0.6666609265489649,76,0.03712861302799693,0.0,-0.03483197150334419,0.00483197150334419,0.00516802849665581,10.33605699331162,-0.0035131330741431962,0.001960635735789808,6.201634195986972,0.025,0.0,-0.03,0.0,1.0,0.0,0.01
20,0.6666609265489649,77,0.03680339664231972,0.0,-0.03602941289236226,0.006029412892362258,0.003970587107637742,7.941174215275484,-0.001628683949514102,0.0022239137539764534,4.76470452916529,0.025,0.0,-0.03,0.0,1.0,0.0,0.01
20,0.6666609265489649,78,0.03646362235857597,0.0,-0.03722278648951689,0.007222786489516894,0.002777213510483106,5.554427020966212,-0.003093552803386732,0.0033890988593297602,3.332656212579727,0.025,0.0,-0.03,0.0,1.0,0.0,0.01
20,0.6666609265489649,79,0.036110600041281,0.0,-0.03841237149220929,0.008412371492209289,0.0015876285077907112,3.175257015581422,-0.0012694153939351396,0.003627074835299607,1.9051542093488532,0.025,0.0,-0.03,0.0,1.0,0.0,0.01
20,0.6666609265489649,80,0.035758484171085236,0.0,-0.03961173316845193,0.00961173316845193,0.00038826683154806994,0.7765336630961399,-0.002626578488799473,0.004803264088948411,0.4659201978576839,0.025,0.0,-0.03,0.0,1.0,0.0,0.01
21,0.6999939728764132,64,0.039350972225048526,0.0,-0.020043268487517734,0.009956731512482265,4.3268487517735335e-05,0.08653697503547067,0.002911937811342846,0.006288032428505099,0.0519221850212824,0.025,0.0,-0.03,0.0,1.0,0.0,0.01
21,0.6999939728764132,65,0.03928051606384684,0.0,-0.021282230931659873,0.008717769068340125,0.0012822309316598748,2.5644618633197496,0.0037660881476210997,0.005580448447441149,1.5386771179918497,0.025,0.0,-0.03,0.0,1.0,0.0,0.01
21,0.6999939728764132,66,0.03919002298864493,0.0,-0.022519889689856933,0.007480110310143066,0.0025198896898569346,5.0397793797138695,0.0024243615728361647,0.0050266786677219625,3.0238676278283214,0.025,0.0,-0.03,0.0,1.0,0.0,0.01
21,0.6999939728764132,67,0.039079263145811775,0.0,-0.0237558836312356,0.0062441163687643984,0.0037558836312356018,7.511767262471204,0.004049488190914315,0.004215735549930418,4.507060357482722,0.025,0.0,-0.03,0.0,1.0,0.0,0.01
21,0.6999939728764132,68,0.03894811134923983,0.0,-0.024989888718178796,0.005010111281821203,0.004989888718178797,9.979777436357594,0.0019353597672884919,0.0037823848801994023,5.987866461814556,0.025,0.0,-0.03,0.0,1.0,0.0,0.01
21,0.6999939728764132,69,0.03879655597475348,0.0,-0.026221538615853992,0.003778461384146007,0.006221538615853993,12.443077231707987,0.004237007633906734,0.0028324680778501563,7.465846339024791,0.025,0.0,-0.03,0.0,1.0,0.0,0.01
21,0.6999939728764132,70,0.03862468680560746,0.0,-0.027450536354835103,0.0025494636451648955,0.007450536354835105,14.90107270967021,0.0014648653813133948,0.002555784282233643,8.940643625802126,0.025,0.0,-0.03,0.0,1.0,0.0,0.01
21,0.6999939728764132,71,0.03843270936518687,0.0,-0.028676539102399472,0.0013234608976005272,0.008676539102399473,17.353078204798948,0.00431107360354258,0.001444836592153562,10.411846922879368,0.025,0.0,-0.03,0.0,1.0,0.0,0.01
21,0.6999939728764132,72,0.03822092335276011,0.0,-0.029899302154541566,0.00010069784545843272,0.009899302154541567,19.798604309083135,0.0010309997116857983,0.0013489385429783993,11.879162585449881,0.025,0.0,-0.03,0.0,1.0,0.0,0.01
21,0.6999939728764132,73,0.03798960533174924,0.0,-0.03111848281407016,0.0011184828140701625,0.008881517185929838,17.763034371859675,-0.004271440346895063,7.188139091808249e-05,10.657820623115805,0.025,0.0,-0.03,0.0,1.0,0.0,0.01
21,0.6999939728764132,74,0.03773892537851907,0.0,-0.03233379455628737,0.0023337945562873705,0.00766620544371263,15.33241088742526,-0.0007064766996361001,0.00013323893698733138,9.199446532455156,0.025,0.0,-0.03,0.0,1.0,0.0,0.01
21,0.6999939728764132,75,0.037469402644101264,0.0,-0.0335449688052991,0.0035449688052991007,0.0064550311947008995,12.9100623894018,-0.003978761649919271,0.0012368679460696373,7.74603743364108,0.025,0.0,-0.03,0.0,1.0,0.0,0.01
21,0.6999939728764132,76,0.037182378817835385,0.0,-0.03475210914139074,0.004752109141390744,0.0052478908586092565,10.495781717218513,-0.000409878083475626,0.001081245377400498,6.297469030331108,0.025,0.0,-0.03,0.0,1.0,0.0,0.01
21,0.6999939728764132,77,0.036879434073352875,0.0,-0.03595534525749601,0.005955345257496011,0.004044654742503989,8.089309485007977,-0.0036724963484545997,0.0025434054157703187,4.853585691004786,0.025,0.0,-0.03,0.0,1.0,0.0,0.01
21,0.6999939728764132,78,0.03656184800428079,0.0,-0.03715484699529668,0.007154846995296678,0.0028451530047033224,5.690306009406645,-0.00014270184734951625,0.0023082629361559103,3.414183605643987,0.025,0.0,-0.03,0.0,1.0,0.0,0.01
21,0.6999939728764132,79,0.03623096388464155,0.0,-0.0383507471811256,0.0083507471811256,0.001649252818874401,3.298505637748802,-0.0032304128326314215,0.003804001849663233,1.979103382649281,0.025,0.0,-0.03,0.0,1.0,0.0,0.01
21,0.6999939728764132,80,0.03590142700438989,0.0,-0.03955653890447309,0.00955653890447309,0.0004434610955269102,0.8869221910538204,0.0001073503120001215,0.0035844287823443757,0.5321533146322922,0.025,0.0,-0.03,0.0,1.0,0.0,0.01
22,0.7333270192038615,65,0.03910454960089222,0.0,-0.021189253864971613,0.008810746135028386,0.0011892538649716147,2.3785077299432293,0.0017964792102181928,0.004962272148908648,1.4271046379659376,0.025,0.0,-0.03,0.0,1.0,0.0,0.01
22,0.7333270192038615,66,0.03903457987771039,0.0,-0.02242819641152883,0.00757180358847117,0.0024281964115288306,4.856392823057662,0.003206553281745668,0.004297854916864546,2.913835693834597,0.025,0.0,-0.03,0.0,1.0,0.0,0.01
22,0.7333270192038615,67,0.03894438731091498,0.0,-0.023665827278088865,0.006334172721911134,0.003665827278088866,7.331654556177733,0.0012944566492094503,0.00386328891244736,4.398992733706639,0.025,0.0,-0.03,0.0,1.0,0.0,0.01
22,0.7333270192038615,68,0.03883382620735925,0.0,-0.024901797458589735,0.0050982025414102634,0.004901797458589737,9.803594917179474,0.0035180222815443547,0.0030756153316604425,5.882156950307684,0.025,0.0,-0.03,0.0,1.0,0.0,0.01
22,0.7333270192038615,69,0.03870285852666947,0.0,-0.026135774619678462,0.003864225380321537,0.006135774619678463,12.271549239356926,0.0008128450304100075,0.002780918317402598,7.362929543614155,0.025,0.0,-0.03,0.0,1.0,0.0,0.01
22,0.7333270192038615,70,0.03855155667164458,0.0,-0.027367420049670313,0.002632579950329686,0.007367420049670314,14.734840099340628,0.0037209797167011382,0.0018342085648307448,8.840904059604377,0.025,0.0,-0.03,0.0,1.0,0.0,0.01
22,0.7333270192038615,71,0.03838009861598558,0.0,-0.028596430315273785,0.0014035696847262136,0.008596430315273787,17.192860630547575,0.00037205939579497356,0.001711033037079861,10.315716378328544,0.025,0.0,-0.03,0.0,1.0,0.0,0.01
22,0.7333270192038615,72,0.03818877110140528,0.0,-0.029822504528083188,0.00017749547191681092,0.00982250452808319,19.64500905616638,0.003797754856054776,0.0005861651072497345,11.787005433699827,0.025,0.0,-0.03,0.0,1.0,0.0,0.01
22,0.7333270192038615,73,0.03797776282490403,0.0,-0.031045327884983452,0.0010453278849834532,0.008954672115016547,17.909344230033096,-7.127385503472002e-05,0.0006327110819816925,10.745606538019857,0.025,0.0,-0.03,0.0,1.0,0.0,0.01
22,0.7333270192038615,74,0.03774723880186527,0.0,-0.032264562709974305,0.0022645627099743063,0.007735437290025694,15.470874580051388,-0.003595420430960197,0.0006122196011555089,9.282524748030832,0.025,0.0,-0.03,0.0,1.0,0.0,0.01
22,0.7333270192038615,75,0.03749779466972839,0.0,-0.03348002359347928,0.0034800235934792784,0.006519976406520722,13.039952813041443,0.00015160582904020316,0.00046069551310411844,7.823971687824866,0.025,0.0,-0.03,0.0,1.0,0.0,0.01
22,0.7333270192038615,76,0.03723083198383147,0.0,-0.03469173601879468,0.004691736018794683,0.005308263981205317,10.616527962410634,-0.0033598971301013044,0.0018038283492888961,6.36991677744638,0.025,0.0,-0.03,0.0,1.0,0.0,0.01
22,0.7333270192038615,77,0.03694790537993742,0.0,-0.035899851671631726,0.005899851671631727,0.004100148328368273,8.200296656736546,0.0004012395758282358,0.0015484727962453825,4.920177994041928,0.025,0.0,-0.03,0.0,1.0,0.0,0.01
22,0.7333270192038615,78,0.03665028327850054,0.0,-0.03710444608978558,0.007104446089785582,0.002895553910214418,5.791107820428836,-0.0030277239515067306,0.0029678199649311285,3.4746646922573015,0.025,0.0,-0.03,0.0,1.0,0.0,0.01
22,0.7333270192038615,79,0.03633929380824067,0.0,-0.038305688610979556,0.008305688610979557,0.001694311389020443,3.388622778040886,0.0005793597981126684,0.002671346764003899,2.0331736668245317,0.025,0.0,-0.03,0.0,1.0,0.0,0.01
22,0.7333270192038615,80,0.036030036378623786,0.0,-0.039516825199630484,0.009516825199630485,0.00048317480036951486,0.9663496007390298,-0.0026306204459464167,0.004100121116146764,0.5798097604434178,0.025,0.0,-0.03,0.0,1.0,0.0,0.01
23,0.7666600655313097,65,0.038951676040650945,0.0,-0.021117701330303447,0.008882298669696552,0.0011177013303034482,2.2354026606068964,0.0023980113514927882,0.0042649397787474,1.3412415963641378,0.025,0.0,-0.03,0.0,1.0,0.0,0.01
23,0.7666600655313097,66,0.03889953544162734,0.0,-0.022357484488627104,0.0076425155113728944,0.0023574844886271058,4.714968977254212,0.00120129077723673,0.003822436409871202,2.828981386352527,0.025,0.0,-0.03,0.0,1.0,0.0,0.01
23,0.7666600655313097,67,0.03882722679581519,0.0,-0.023596251217003112,0.006403748782996887,0.0035962512170031134,7.192502434006227,0.00270080572280417,0.003227238106772833,4.315501460403736,0.025,0.0,-0.03,0.0,1.0,0.0,0.01
23,0.7666600655313097,68,0.03873458611953724,0.0,-0.024833655302270632,0.005166344697729367,0.004833655302270633,9.667310604541266,0.00080755755537916,0.0028702547979547748,5.800386362724759,0.025,0.0,-0.03,0.0,1.0,0.0,0.01
23,0.7666600655313097,69,0.0386215574004406,0.0,-0.026069366565229384,0.003930633434770615,0.0060693665652293855,12.138733130458771,0.0029226217418822295,0.002167379138738347,7.283239878275262,0.025,0.0,-0.03,0.0,1.0,0.0,0.01
23,0.7666600655313097,70,0.038488195252573534,0.0,-0.02730304439179881,0.002696955608201188,0.007303044391798812,14.606088783597624,0.00043710930506028116,0.0019304206404767434,8.763653270158574,0.025,0.0,-0.03,0.0,1.0,0.0,0.01
23,0.7666600655313097,71,0.03833466050581004,0.0,-0.028534383391985153,0.0014656166080148463,0.008534383391985154,17.068766783970307,0.0030464509110312726,0.0010963665311877753,10.241260070382184,0.025,0.0,-0.03,0.0,1.0,0.0,0.01
23,0.7666600655313097,72,0.03816122341812075,0.0,-0.029763076296501514,0.00023692370349848516,0.009763076296501515,19.52615259300303,0.00010536488380339333,0.0009993037814580192,11.715691555801817,0.025,0.0,-0.03,0.0,1.0,0.0,0.01
23,0.7666600655313097,73,0.03796801318945041,0.0,-0.030988805011684734,0.0009888050116847354,0.009011194988315265,18.022389976630528,-0.003006372628201588,3.761748453395342e-05,10.813433985978316,0.025,0.0,-0.03,0.0,1.0,0.0,0.01
23,0.7666600655313097,74,0.037755184529917316,0.0,-0.03221123454238034,0.0022112345423803415,0.007788765457619659,15.577530915239317,8.425094224102315e-05,5.502660740713035e-05,9.346518549143589,0.025,0.0,-0.03,0.0,1.0,0.0,0.01
23,0.7666600655313097,75,0.03752340995376211,0.0,-0.033430181208715985,0.0034301812087159864,0.006569818791284014,13.139637582568028,-0.0028419146646707356,0.0009956534469072029,7.8837825495408165,0.025,0.0,-0.03,0.0,1.0,0.0,0.01
23,0.7666600655313097,76,0.03727409647359354,0.0,-0.03464564833814116,0.004645648338141163,0.005354351661858837,10.708703323717675,0.0002903517005224079,0.0008894569331355973,6.425221994230605,0.025,0.0,-0.03,0.0,1.0,0.0,0.01
23,0.7666600655313097,77,0.03700876895918473,0.0,-0.035857749232031284,0.0058577492320312854,0.004142250767968715,8.28450153593743,-0.002624270488061599,0.0020213258953792946,4.970700921562458,0.025,0.0,-0.03,0.0,1.0,0.0,0.01
23,0.7666600655313097,78,0.03672869173215128,0.0,-0.0370665439099157,0.0070665439099157,0.0029334560900843003,5.866912180168601,0.0004613427194987205,0.0018475783280716559,3.5201473081011607,0.025,0.0,-0.03,0.0,1.0,0.0,0.01
23,0.7666600655313097,79,0.03643519188065302,0.0,-0.038272177485864624,0.008272177485864625,0.0017278225141353753,3.4556450282707507,-0.002300995448091897,0.003008802684977655,2.0733870169624504,0.025,0.0,-0.03,0.0,1.0,0.0,0.01
23,0.7666600655313097,80,0.03614382364355832,0.0,-0.0394877427037768,0.009487742703776801,0.0005122572962231991,1.024514592446398,0.0006136715180610677,0.002843458054465142,0.6147087554678389,0.025,0.0,-0.03,0.0,1.0,0.0,0.01
24,0.799993111858758,65,0.03881855725654455,0.0,-0.021061882214991515,0.008938117785008484,0.001061882214991516,2.123764429983032,0.0011030220131759,0.003708563706767477,1.274258657989819,0.025,0.0,-0.03,0.0,1.0,0.0,0.01
24,0.799993111858758,66,0.03878186434544151,0.0,-0.022302188512169693,0.007697811487830306,0.002302188512169694,4.604377024339388,0.0019351849008549386,0.003250398952069823,2.7626262146036327,0.025,0.0,-0.03,0.0,1.0,0.0,0.01
24,0.799993111858758,67,0.03872505672631086,0.0,-0.02354172365940059,0.006458276340599409,0.0035417236594005915,7.083447318801183,0.0008204782620877354,0.0028755806324599394,4.25006839128071,0.025,0.0,-0.03,0.0,1.0,0.0,0.01
24,0.799993111858758,68,0.03864795323439443,0.0,-0.02478016453313194,0.005219835466868057,0.004780164533131943,9.560329066263886,0.002127215694541345,0.0023577371295389316,5.736197439758332,0.025,0.0,-0.03,0.0,1.0,0.0,0.01
24,0.799993111858758,69,0.03855048349520597,0.0,-0.02601715855513294,0.003982841444867057,0.006017158555132943,12.034317110265887,0.0005437878278765835,0.0020513401438177954,7.220590266159531,0.025,0.0,-0.03,0.0,1.0,0.0,0.01
24,0.799993111858758,70,0.03843268401543584,0.0,-0.02725239248027615,0.00274760751972385,0.00725239248027615,14.5047849605523,0.00224986488985981,0.0014514505277139938,8.70287097633138,0.025,0.0,-0.03,0.0,1.0,0.0,0.01
24,0.799993111858758,71,0.03829470346073312,0.0,-0.028485527325899183,0.0015144726741008162,0.008485527325899184,16.97105465179837,0.00028504472799549416,0.0012344478870937145,10.18263279107902,0.025,0.0,-0.03,0.0,1.0,0.0,0.01
24,0.799993111858758,72,0.03813679334455288,0.0,-0.029716285916959316,0.00028371408304068285,0.009716285916959317,19.432571833918633,0.0022926081003839098,0.0005411281961278028,11.65954310035118,0.025,0.0,-0.03,0.0,1.0,0.0,0.01
24,0.799993111858758,73,0.037959036723422185,0.0,-0.030944311532536364,0.0009443115325363655,0.009055688467463635,18.111376934927268,-8.428115341431195e-05,0.0004179363868739734,10.86682616095636,0.025,0.0,-0.03,0.0,1.0,0.0,0.01
24,0.799993111858758,74,0.03776156911935361,0.0,-0.032169307832481474,0.002169307832481475,0.007830692167518525,15.66138433503705,-0.0021964911961165653,0.000352005736274581,9.39683060102223,0.025,0.0,-0.03,0.0,1.0,0.0,0.01
24,0.799993111858758,75,0.037545137664586704,0.0,-0.03339105734532672,0.0033910573453267215,0.006608942654673279,13.217885309346558,7.946286804423493e-05,0.0004000536601801298,7.930731185607934,0.025,0.0,-0.03,0.0,1.0,0.0,0.01
24,0.799993111858758,76,0.03731115352956542,0.0,-0.03460957686478734,0.004609576864787343,0.005390423135212657,10.780846270425315,-0.0020504827086581284,0.001235420131836649,6.4685077622551885,0.025,0.0,-0.03,0.0,1.0,0.0,0.01
24,0.799993111858758,77,0.037061117635771954,0.0,-0.03582491486878421,0.005824914868784212,0.0041750851312157885,8.350170262431577,0.0002413846474768358,0.0012226648477953988,5.010102157458946,0.025,0.0,-0.03,0.0,1.0,0.0,0.01
24,0.799993111858758,78,0.036796284387482316,0.0,-0.037037149017464036,0.007037149017464037,0.0029628509825359636,5.925701965071927,-0.0018331052866902696,0.002101939411259248,3.5554211790431562,0.025,0.0,-0.03,0.0,1.0,0.0,0.01
24,0.799993111858758,79,0.03651798598830156,0.0,-0.038246372907615026,0.008246372907615027,0.0017536270923849736,3.507254184769947,0.0003646670510414125,0.002062423762136686,2.1043525108619683,0.025,0.0,-0.03,0.0,1.0,0.0,0.01
24,0.799993111858758,80,0.036242164077900936,0.0,-0.03946556814338382,0.00946556814338382,0.0005344318566161809,1.0688637132323617,-0.0015747496716494078,0.0029524854871847816,0.6413182279394171,0.025,0.0,-0.03,0.0,1.0,0.0,0.01
25,0.8333261581862061,65,0.038705488953594915,0.0,-0.021019339045675312,0.008980660954324687,0.0010193390456753135,2.038678091350627,0.0013831190288063032,0.003020237093111904,1.2232068548103763,0.025,0.0,-0.03,0.0,1.0,0.0,0.01
25,0.8333261581862061,66,0.038681856136560014,0.0,-0.022259934613770332,0.007740065386229667,0.002259934613770333,4.519869227540666,0.0008084059274013865,0.002685729633260679,2.7119215365244,0.025,0.0,-0.03,0.0,1.0,0.0,0.01
25,0.8333261581862061,67,0.038638159619939216,0.0,-0.023499984733217832,0.006500015266782167,0.003499984733217833,6.999969466435666,0.0015356033865348189,0.002305517495130174,4.199981679861399,0.025,0.0,-0.03,0.0,1.0,0.0,0.01
25,0.8333261581862061,68,0.0385742058794272,0.0,-0.024739142574153983,0.005260857425846015,0.004739142574153985,9.47828514830797,0.000617293973706746,0.0020030527686567376,5.686971088984782,0.025,0.0,-0.03,0.0,1.0,0.0,0.01
25,0.8333261581862061,69,0.03848990897499846,0.0,-0.025977090035261698,0.004022909964738301,0.005977090035261699,11.954180070523398,0.0016420645279485726,0.0015766114229462146,7.172508042314038,0.025,0.0,-0.03,0.0,1.0,0.0,0.01
25,0.8333261581862061,70,0.038385294805672134,0.0,-0.02721347577449398,0.0027865242255060187,0.0072134757744939815,14.426951548987963,0.000430078415571344,0.0013246540559477937,8.656170929392777,0.025,0.0,-0.03,0.0,1.0,0.0,0.01
25,0.8333261581862061,71,0.03826049491765741,0.0,-0.028448002112601282,0.0015519978873987164,0.008448002112601284,16.896004225202567,0.0016938326203025278,0.0008397375386730436,10.13760253512154,0.025,0.0,-0.03,0.0,1.0,0.0,0.01
25,0.8333261581862061,72,0.03811575304541765,0.0,-0.02968034160914014,0.0003196583908598588,0.009680341609140141,19.360683218280283,0.00025427179356014216,0.0006487105851200286,11.61640993096817,0.025,0.0,-0.03,0.0,1.0,0.0,0.01
25,0.8333261581862061,73,0.037951103910214536,0.0,-0.0309101857632019,0.0009101857632019018,0.009089814236798098,18.179628473596196,-0.0016702636495308542,0.00010502824252985499,10.907777084157717,0.025,0.0,-0.03,0.0,1.0,0.0,0.01
25,0.8333261581862061,74,0.037766674797494765,0.0,-0.032137187344103195,0.002137187344103196,0.007862812655896804,15.725625311793609,-0.00012119977195486403,2.581555047732856e-05,9.435375187076165,0.025,0.0,-0.03,0.0,1.0,0.0,0.01
25,0.8333261581862061,75,0.03756326465960559,0.0,-0.03336118089480579,0.0033611808948057903,0.00663881910519421,13.27763821038842,-0.0015805767578161928,0.0006204795810559115,7.966582926233051,0.025,0.0,-0.03,0.0,1.0,0.0,0.01
25,0.8333261581862061,76,0.037342304083221214,0.0,-0.03458211587712301,0.004582115877123011,0.005417884122876989,10.835768245753979,1.052589299374731e-05,0.000703932310795559,6.5014609474523875,0.025,0.0,-0.03,0.0,1.0,0.0,0.01
25,0.8333261581862061,77,0.037105255122033755,0.0,-0.035800066069197056,0.005800066069197057,0.004199933930802943,8.399867861605886,-0.0014442764586902494,0.0013384435576501053,5.039920716963532,0.025,0.0,-0.03,0.0,1.0,0.0,0.01
25,0.8333261581862061,78,0.03685337813781875,0.0,-0.037015045069376064,0.007015045069376065,0.0029849549306239353,5.969909861247871,0.00012472454313806476,0.0013887783368674651,3.5819459167487224,0.025,0.0,-0.03,0.0,1.0,0.0,0.01
25,0.8333261581862061,79,0.036587992435016384,0.0,-0.038227180327547544,0.008227180327547545,0.001772819672452455,3.54563934490491,-0.0012501884660111168,0.0020386133286097023,2.1273836069429457,0.025,0.0,-0.03,0.0,1.0,0.0,0.01
25,0.8333261581862061,80,0.03632543381726512,0.0,-0.03944928839817912,0.009449288398179122,0.0005507116018208785,1.1014232036417568,0.00023421052781486356,0.0020980280576831057,0.6608539221850541,0.025,0.0,-0.03,0.0,1.0,0.0,0.01
26,0.8666592045136544,65,0.0386179405735941,0.0,-0.020985102881226944,0.009014897118773055,0.0009851028812269454,1.970205762453891,0.0007345006327075599,0.0022601297885365395,1.1821234574723345,0.025,0.0,-0.03,0.0,1.0,0.0,0.01
26,0.8666592045136544,66,0.03860446347164989,0.0,-0.022225838576473145,0.007774161423526854,0.002225838576473146,4.451677152946292,0.001098194637301892,0.0019908303400291306,2.671006291767775,0.025,0.0,-0.03,0.0,1.0,0.0,0.01
26,0.8666592045136544,67,0.0385709689139561,0.0,-0.023466181920297497,0.006533818079702502,0.0034661819202974984,6.932363840594997,0.0006158133753738466,0.0017422001051536982,4.159418304356998,0.025,0.0,-0.03,0.0,1.0,0.0,0.01
26,0.8666592045136544,68,0.03851725215790915,0.0,-0.024705816901526723,0.005294183098473276,0.004705816901526725,9.41163380305345,0.001184336161192976,0.0014501172475667589,5.64698028183207,0.025,0.0,-0.03,0.0,1.0,0.0,0.01
26,0.8666592045136544,69,0.03844321871068291,0.0,-0.025944393087862026,0.004055606912137973,0.005944393087862028,11.888786175724055,0.0004943929254592716,0.001226522338986312,7.133271705434433,0.025,0.0,-0.03,0.0,1.0,0.0,0.01
26,0.8666592045136544,70,0.03834888158286616,0.0,-0.027181599033579792,0.0028184009664202064,0.007181599033579794,14.363198067159587,0.0012354565498878826,0.0009015636199409447,8.617918840295753,0.025,0.0,-0.03,0.0,1.0,0.0,0.01
26,0.8666592045136544,71,0.03823436583737441,0.0,-0.028417091659823868,0.0015829083401761312,0.008417091659823869,16.83418331964774,0.00037545480726089187,0.0007130610647397142,10.100509991788643,0.025,0.0,-0.03,0.0,1.0,0.0,0.01
26,0.8666592045136544,72,0.03809990054727558,0.0,-0.02965059022081753,0.00034940977918247046,0.00965059022081753,19.301180441635058,0.001246848443006022,0.00035071879478585277,11.580708264981034,0.025,0.0,-0.03,0.0,1.0,0.0,0.01
26,0.8666592045136544,73,0.03794549657227851,0.0,-0.030881733510000054,0.0008817335100000552,0.009118266489999945,18.23653297999989,-0.0002676449809777244,0.00020094050356489284,10.941919787999934,0.025,0.0,-0.03,0.0,1.0,0.0,0.01
26,0.8666592045136544,74,0.03777126076598126,0.0,-0.032110228175183594,0.0021102281751835955,0.007889771824816405,15.77954364963281,-0.001207382289419578,0.00019797353198404584,9.467726189779686,0.025,0.0,-0.03,0.0,1.0,0.0,0.01
26,0.8666592045136544,75,0.037578043281218984,0.0,-0.03333585513860557,0.00333585513860557,0.00666414486139443,13.32828972278886,-0.0001697578257010407,0.00030927759844285517,7.996973833673316,0.025,0.0,-0.03,0.0,1.0,0.0,0.01
26,0.8666592045136544,76,0.03736727480936026,0.0,-0.03455860397151909,0.004558603971519089,0.0054413960284809115,10.882792056961822,-0.0011289685245236209,0.0007405623347510066,6.529675234177093,0.025,0.0,-0.03,0.0,1.0,0.0,0.01
26,0.8666592045136544,77,0.037140400123843294,0.0,-0.03577847613664303,0.005778476136643028,0.004221523863356972,8.443047726713944,-7.895189006158911e-05,0.0008253083716205702,5.065828636028367,0.025,0.0,-0.03,0.0,1.0,0.0,0.01
26,0.8666592045136544,78,0.03689866559690275,0.0,-0.03699552667092565,0.00699552667092565,0.00300447332907435,6.0089466581487,-0.0010103532013485059,0.0012753539076908065,3.6053679948892197,0.025,0.0,-0.03,0.0,1.0,0.0,0.01
26,0.8666592045136544,79,0.03664339682821295,0.0,-0.03820981903922711,0.008209819039227108,0.0017901809607728924,3.580361921545785,-2.050491750032737e-06,0.0013470888134522762,2.148217152927471,0.025,0.0,-0.03,0.0,1.0,0.0,0.01
26,0.8666592045136544,80,0.03639131893159784,0.0,-0.03943414464406013,0.00943414464406013,0.0005658553559398701,1.1317107118797403,-0.0008703859805765155,0.0018080893964637066,0.6790264271278441,0.025,0.0,-0.03,0.0,1.0,0.0,0.01
27,0.8999922508411027,65,0.0385531279631081,0.0,-0.020959616752927596,0.009040383247072403,0.000959616752927597,1.919233505855194,0.0007544021411969688,0.0016748982095411839,1.1515401035131163,0.025,0.0,-0.03,0.0,1.0,0.0,0.01
27,0.8999922508411027,66,0.03854719803450467,0.0,-0.022200386971687178,0.007799613028312821,0.002200386971687179,4.400773943374358,0.0005177364096029197,0.0014828265140751629,2.6404643660246148,0.025,0.0,-0.03,0.0,1.0,0.0,0.01
27,0.8999922508411027,67,0.038521285588924925,0.0,-0.023440898892366183,0.006559101107633816,0.003440898892366184,6.881797784732368,0.0008211364923205313,0.0012787491372771092,4.12907867083942,0.025,0.0,-0.03,0.0,1.0,0.0,0.01
27,0.8999922508411027,68,0.038475178980008774,0.0,-0.024680812660562004,0.005319187339437995,0.004680812660562006,9.361625321124011,0.00044059849134912203,0.001097497639327003,5.616975192674406,0.025,0.0,-0.03,0.0,1.0,0.0,0.01
27,0.8999922508411027,69,0.038408774647718316,0.0,-0.025919810864945127,0.0040801891350548715,0.005919810864945129,11.839621729890258,0.0008656462907224485,0.0008758532485153838,7.103773037934155,0.025,0.0,-0.03,0.0,1.0,0.0,0.01
27,0.8999922508411027,70,0.03832208020979676,0.0,-0.027157545559021185,0.0028424544409788137,0.0071575455590211865,14.315091118042373,0.0003616965940012469,0.0007135148764446471,8.589054670825423,0.025,0.0,-0.03,0.0,1.0,0.0,0.01
27,0.8999922508411027,71,0.038215210208225506,0.0,-0.02839371462252009,0.0016062853774799074,0.008393714622520093,16.787429245040187,0.0008842740975847154,0.00046923350834142093,10.072457547024111,0.025,0.0,-0.03,0.0,1.0,0.0,0.01
27,0.8999922508411027,72,0.03808839067147317,0.0,-0.02962799027449336,0.0003720097255066404,0.00962799027449336,19.25598054898672,0.0002840599825562456,0.00032990450553413436,11.553588329392031,0.025,0.0,-0.03,0.0,1.0,0.0,0.01
27,0.8999922508411027,73,0.037941606521980045,0.0,-0.030860060982996856,0.0008600609829968568,0.009139939017003143,18.279878034006288,-0.0008753777222380903,6.25103624153265e-05,10.967926820403772,0.025,0.0,-0.03,0.0,1.0,0.0,0.01
27,0.8999922508411027,74,0.03777495985300013,0.0,-0.03208958471722381,0.0020895847172238136,0.007910415282776187,15.820830565552374,-0.00020885894551844286,4.8902902781351656e-05,9.492498339331425,0.025,0.0,-0.03,0.0,1.0,0.0,0.01
27,0.8999922508411027,75,0.037589325725687774,0.0,-0.033316392273181034,0.0033163922731810347,0.0066836077268189655,13.36721545363793,-0.0008361697754738599,0.0003414385169204232,8.020329272182758,0.025,0.0,-0.03,0.0,1.0,0.0,0.01
27,0.8999922508411027,76,0.037386149113680586,0.0,-0.03454041226527846,0.0045404122652784595,0.005459587734721541,10.919175469443081,-0.0001398819921827524,0.000430574818998373,6.551505281665849,0.025,0.0,-0.03,0.0,1.0,0.0,0.01
27,0.8999922508411027,77,0.03716684630358458,0.0,-0.03576168084948063,0.00576168084948063,0.00423831915051937,8.47663830103874,-0.0007659799523900709,0.0007396653253375187,5.0859829806232435,0.025,0.0,-0.03,0.0,1.0,0.0,0.01
27,0.8999922508411027,78,0.03693266885913034,0.0,-0.03698019489127106,0.006980194891271059,0.003019805108728941,6.0396102174578825,-7.90770668950558e-05,0.0008151110360915022,3.6237661304747295,0.025,0.0,-0.03,0.0,1.0,0.0,0.01
27,0.8999922508411027,79,0.03668493011029546,0.0,-0.03819605780732751,0.00819605780732751,0.0018039421926724902,3.6078843853449802,-0.0006688334450600854,0.0011308373667834536,2.164730631206988,0.025,0.0,-0.03,0.0,1.0,0.0,0.01
27,0.8999922508411027,80,0.03644068076232508,0.0,-0.039421957177634186,0.009421957177634187,0.0005780428223658134,1.1560856447316268,-1.8565634538002284e-05,0.001211220319342952,0.6936513868389761,0.025,0.0,-0.03,0.0,1.0,0.0,0.01
28,0.933325297168551,65,0.038503220066908206,0.0,-0.02094054304822038,0.009059456951779617,0.0009405430482203828,1.8810860964407656,0.00042888867810248274,0.00132962356968072,1.1286516578644594,0.025,0.0,-0.03,0.0,1.0,0.0,0.01
28,0.933325297168551,66,0.038503091584636,0.0,-0.022181318315613083,0.007818681684386916,0.002181318315613084,4.362636631226168,0.0005878724311681512,0.0011738967564168768,2.617581978735701,0.025,0.0,-0.03,0.0,1.0,0.0,0.01
28,0.933325297168551,67,0.03848300830485015,0.0,-0.023421918880946833,0.006578081119053166,0.003421918880946834,6.843837761893668,0.0003800775192822669,0.0010233090721785544,4.106302657136201,0.025,0.0,-0.03,0.0,1.0,0.0,0.01
28,0.933325297168551,68,0.03844275184923945,0.0,-0.024662029686140088,0.005337970313859911,0.004662029686140089,9.324059372280178,0.0006252369454656053,0.0008583500574096186,5.594435623368107,0.025,0.0,-0.03,0.0,1.0,0.0,0.01
28,0.933325297168551,69,0.0383822135513604,0.0,-0.02590130637207102,0.00409869362792898,0.00590130637207102,11.80261274414204,0.00032735408093648215,0.0007172536223629749,7.081567646485224,0.025,0.0,-0.03,0.0,1.0,0.0,0.01
28,0.933325297168551,70,0.03830139313019012,0.0,-0.027139433836966455,0.0028605661630335434,0.007139433836966457,14.278867673932913,0.0006448999647085167,0.000538899193813579,8.567320604359747,0.025,0.0,-0.03,0.0,1.0,0.0,0.01
28,0.933325297168551,71,0.03820040164075351,0.0,-0.028376072902563956,0.0016239270974360426,0.008376072902563958,16.752145805127917,0.00027285392803680407,0.00041187810211308265,10.05128748307675,0.025,0.0,-0.03,0.0,1.0,0.0,0.01
28,0.933325297168551,72,0.03807945584422233,0.0,-0.02961093481416481,0.00038906518583518845,0.009610934814164812,19.221869628329625,0.0006449201169801205,0.00021882963885020603,11.533121776997774,0.025,0.0,-0.03,0.0,1.0,0.0,0.01
28,0.933325297168551,73,0.03793852820957385,0.0,-0.030843665738208573,0.0008436657382085745,0.009156334261791426,18.31266852358285,-0.0002151434640431089,0.00010799590130120485,10.98760111414971,0.025,0.0,-0.03,0.0,1.0,0.0,0.01
28,0.933325297168551,74,0.03777770585244284,0.0,-0.032073968602024806,0.0020739686020248074,0.007926031397975193,15.852062795950385,-0.0006290901683893261,0.00010225467865318108,9.51123767757023,0.025,0.0,-0.03,0.0,1.0,0.0,0.01
28,0.933325297168551,75,0.03759789461181716,0.0,-0.03330162917826908,0.0033016291782690804,0.00669837082173092,13.396741643461839,-0.00015842594659686905,0.00019308303306656276,8.038044986077104,0.025,0.0,-0.03,0.0,1.0,0.0,0.01
28,0.933325297168551,76,0.037400540262660535,0.0,-0.03452661254510125,0.004526612545101248,0.005473387454898752,10.946774909797504,-0.0005870909646968478,0.0004190675633565174,6.568064945878502,0.025,0.0,-0.03,0.0,1.0,0.0,0.01
28,0.933325297168551,77,0.03718705093309498,0.0,-0.035748899125634906,0.005748899125634907,0.004251100874365093,8.502201748730187,-0.00010847125779810293,0.0004983874618646096,5.101321049238112,0.025,0.0,-0.03,0.0,1.0,0.0,0.01
28,0.933325297168551,78,0.03695866854963602,0.0,-0.036968523587280075,0.006968523587280076,0.003031476412719924,6.062952825439848,-0.0005229694730608705,0.0007320415450144502,3.6377716952639085,0.025,0.0,-0.03,0.0,1.0,0.0,0.01
28,0.933325297168551,79,0.036716712464820805,0.0,-0.038185539206880614,0.008185539206880615,0.0018144607931193848,3.6289215862387696,-6.285081050030243e-05,0.0008052855961874623,2.1773529517432615,0.025,0.0,-0.03,0.0,1.0,0.0,0.01
28,0.933325297168551,80,0.036478426659183445,0.0,-0.039412622320590576,0.009412622320590577,0.0005873776794094229,1.1747553588188457,-0.0004483934453013098,0.0010444101921728193,0.7048532152913074,0.025,0.0,-0.03,0.0,1.0,0.0,0.01
29,0.9666583434959992,65,0.038463795410749485,0.0,-0.020926098880022604,0.009073901119977395,0.0009260988800226053,1.8521977600452106,0.00042425069831938435,0.0010457259791187346,1.1113186560271264,0.025,0.0,-0.03,0.0,1.0,0.0,0.01
29,0.9666583434959992,66,0.03846824402883446,0.0,-0.02216685162199049,0.007833148378009507,0.002166851621990493,4.333703243980986,0.0003126914954033066,0.0009249568657207681,2.600221946388592,0.025,0.0,-0.03,0.0,1.0,0.0,0.01
29,0.9666583434959992,67,0.03845276013887983,0.0,-0.023407512294289067,0.006592487705710932,0.0034075122942890685,6.815024588578137,0.0004574079182250379,0.0008001854634830385,4.0890147531468815,0.025,0.0,-0.03,0.0,1.0,0.0,0.01
29,0.9666583434959992,68,0.038417120847509645,0.0,-0.02464774749043763,0.00535225250956237,0.00464774749043763,9.295494980875262,0.00027654480682719033,0.0006836783742254835,5.577296988525156,0.025,0.0,-0.03,0.0,1.0,0.0,0.01
29,0.9666583434959992,69,0.038361211730353895,0.0,-0.025887237760823145,0.004112762239176854,0.005887237760823146,11.774475521646291,0.0004781689638990328,0.000550872611996435,7.064685312987774,0.025,0.0,-0.03,0.0,1.0,0.0,0.01
29,0.9666583434959992,70,0.038285029008155474,0.0,-0.027125640323564633,0.002874359676435366,0.007125640323564634,14.251280647129269,0.00023763700932603407,0.0004426689200856892,8.550768388277561,0.025,0.0,-0.03,0.0,1.0,0.0,0.01
29,0.9666583434959992,71,0.0381886768846367,0.0,-0.028362647169114817,0.0016373528308851817,0.008362647169114818,16.725294338229638,0.0004847696393688642,0.0002995086892764567,10.035176602937783,0.025,0.0,-0.03,0.0,1.0,0.0,0.01
29,0.9666583434959992,72,0.038072370244680916,0.0,-0.029597934138404686,0.0004020658615953125,0.009597934138404688,19.195868276809374,0.00019735304245336398,0.00020137387480411253,11.517520966085625,0.025,0.0,-0.03,0.0,1.0,0.0,0.01
29,0.9666583434959992,73,0.037936064719258526,0.0,-0.030831184956281746,0.0008311849562817469,0.009168815043718253,18.337630087436505,-0.000479883970715854,4.768039391450654e-05,11.002578052461903,0.025,0.0,-0.03,0.0,1.0,0.0,0.01
29,0.9666583434959992,74,0.03777984341931282,0.0,-0.032062064970379466,0.0020620649703794666,0.007937935029620534,15.875870059241068,-0.00015048504229789897,3.565578911952864e-05,9.52552203554464,0.025,0.0,-0.03,0.0,1.0,0.0,0.01
29,0.9666583434959992,75,0.037604627596705686,0.0,-0.03329039757791476,0.003290397577914758,0.006709602422085242,13.419204844170483,-0.00045896725538408526,0.00020321392248410388,8.05152290650229,0.025,0.0,-0.03,0.0,1.0,0.0,0.01
29,0.9666583434959992,76,0.0374118743763188,0.0,-0.034516103365335275,0.004516103365335276,0.005483896634664724,10.967793269329448,-0.000109313697324051,0.00027475549843499457,6.580675961597668,0.025,0.0,-0.03,0.0,1.0,0.0,0.01
29,0.9666583434959992,77,0.03720297366511605,0.0,-0.03573919215041756,0.005739192150417564,0.004260807849582436,8.521615699164872,-0.00041742461117262635,0.0004502209682551872,5.112969419498923,0.025,0.0,-0.03,0.0,1.0,0.0,0.01
29,0.9666583434959992,78,0.036979171907080916,0.0,-0.03695965555650455,0.006959655556504553,0.0030403444434954473,6.080688886990894,-7.226572828488399e-05,0.0005152944517070288,3.6484133321945365,0.025,0.0,-0.03,0.0,1.0,0.0,0.01
29,0.9666583434959992,79,0.03674178030780326,0.0,-0.03817757895793095,0.008177578957930948,0.0018224210420690525,3.644842084138105,-0.00036138773297939426,0.0006939790598606477,2.1869052504828628,0.025,0.0,-0.03,0.0,1.0,0.0,0.01
29,0.9666583434959992,80,0.03650820992057839,0.0,-0.039405559211948084,0.009405559211948085,0.0005944407880519153,1.1888815761038305,-3.443022548508524e-05,0.0007618926821465255,0.7133289456622983,0.025,0.0,-0.03,0.0,1.0,0.0,0.01
30,0.9999913898234474,65,0.03843289824918523,0.0,-0.020915120673137482,0.009084879326862517,0.0009151206731374834,1.830241346274967,0.0002485786918190267,0.0008165109608122303,1.09814480776498,0.025,0.0,-0.03,0.0,1.0,0.0,0.01
30,0.9999913898234474,66,0.038440933711362237,0.0,-0.02215585016805414,0.007844149831945858,0.0021558501680541426,4.311700336108285,0.0003371490253984641,0.0007215062307120583,2.5870202016649713,0.025,0.0,-0.03,0.0,1.0,0.0,0.01
30,0.9999913898234474,67,0.038429054614567255,0.0,-0.023396537898719,0.006603462101280998,0.003396537898719002,6.793075797438004,0.00022315790977672578,0.0006280650026189151,4.075845478462802,0.025,0.0,-0.03,0.0,1.0,0.0,0.01
30,0.9999913898234474,68,0.038397033913983164,0.0,-0.024636868378527486,0.0053631316214725125,0.004636868378527488,9.273736757054975,0.00035822079498516626,0.000528184556636551,5.5642420542329845,0.025,0.0,-0.03,0.0,1.0,0.0,0.01
30,0.9999913898234474,69,0.03834475393477547,0.0,-0.02587650248235429,0.004123497517645708,0.005876502482354292,11.753004964708584,0.00019498626341332096,0.0004395167860667715,7.05180297882515,0.025,0.0,-0.03,0.0,1.0,0.0,0.01
30,0.9999913898234474,70,0.03827220593439512,0.0,-0.02711512136306043,0.0028848786369395675,0.007115121363060433,14.230242726120865,0.00036891181615544323,0.0003325487897086655,8.53814563567252,0.025,0.0,-0.03,0.0,1.0,0.0,0.01
30,0.9999913898234474,71,0.0381794919656223,0.0,-0.02835239012898304,0.0016476098710169577,0.008352390128983042,16.704780257966085,0.00016515699958638845,0.00025120876367696764,10.022868154779651,0.025,0.0,-0.03,0.0,1.0,0.0,0.01
30,0.9999913898234474,72,0.03806682095731136,0.0,-0.02958801320662722,0.00041198679337278027,0.00958801320662722,19.17602641325444,0.00036822171528231814,0.0001366948699362406,11.505615847952663,0.025,0.0,-0.03,0.0,1.0,0.0,0.01
30,0.9999913898234474,73,0.037934140832119094,0.0,-0.030821643721019927,0.0008216437210199282,0.009178356278980072,18.356712557960144,-0.00013081641650612399,6.396477089016851e-05,11.014027534776085,0.025,0.0,-0.03,0.0,1.0,0.0,0.01
30,0.9999913898234474,74,0.03778152462170526,0.0,-0.03205297965833052,0.0020529796583305185,0.007947020341669482,15.894040683338963,-0.0003616063330329066,6.051218674014796e-05,9.536424410003377,0.025,0.0,-0.03,0.0,1.0,0.0,0.01
30,0.9999913898234474,75,0.0376099139512458,0.0,-0.03328181127456573,0.003281811274565734,0.006718188725434266,13.436377450868532,-9.605082137843927e-05,0.0001211571708035067,8.061826470521119,0.025,0.0,-0.03,0.0,1.0,0.0,0.01
30,0.9999913898234474,76,0.037420766492096545,0.0,-0.034508086831032694,0.0045080868310326955,0.005491913168967305,10.983826337934609,-0.0003373866747764938,0.00025494227254138494,6.590295802760765,0.025,0.0,-0.03,0.0,1.0,0.0,0.01
30,0.9999913898234474,77,0.037215466844809364,0.0,-0.03573177672712084,0.005731776727120844,0.004268223272879157,8.536446545758313,-6.677324708902385e-05,0.00030934394249087507,5.121867927454987,0.025,0.0,-0.03,0.0,1.0,0.0,0.01
30,0.9999913898234474,78,0.036995254795163156,0.0,-0.03695290098114987,0.006952900981149868,0.0030470990188501326,6.094198037700265,-0.0002995008931261111,0.0004471789672812146,3.656518822620159,0.025,0.0,-0.03,0.0,1.0,0.0,0.01
30,0.9999913898234474,79,0.03676144580938709,0.0,-0.03817150904574378,0.008171509045743784,0.001828490954256216,3.656981908512432,-3.944271292314528e-05,0.0004981273930153699,2.194189145107459,0.025,0.0,-0.03,0.0,1.0,0.0,0.01
30,0.9999913898234474,80,0.03653157337595601,0.0,-0.03940019466455802,0.00940019466455802,0.0005998053354419799,1.1996106708839598,-0.0002555793400737354,0.0006394808780726261,0.7197664025303758,0.025,0.0,-0.03,0.0,1.0,0.0,0.01
31,1.0333244361508958,65,0.038409005223750646,0.0,-0.020907182132657902,0.009092817867342097,0.0009071821326579032,1.8143642653158063,0.00022555444895606977,0.0006282139606027936,1.0886185591894837,0.025,0.0,-0.03,0.0,1.0,0.0,0.01
31,1.0333244361508958,66,0.03841988829184608,0.0,-0.02214788204789236,0.007852117952107638,0.002147882047892362,4.295764095784724,0.00015141926236649205,0.0005530459625244799,2.5774584574708346,0.025,0.0,-0.03,0.0,1.0,0.0,0.01
31,1.0333244361508958,67,0.03841086850749121,0.0,-0.02338859220158819,0.006611407798411809,0.0033885922015881916,6.777184403176383,0.0002486240450223777,0.0004761288931387576,4.0663106419058295,0.025,0.0,-0.03,0.0,1.0,0.0,0.01
31,1.0333244361508958,68,0.038381714837882545,0.0,-0.02462898380459415,0.0053710161954058505,0.00462898380459415,9.257967609188299,0.00012788617650854448,0.00040378219548867076,5.554780565512979,0.025,0.0,-0.03,0.0,1.0,0.0,0.01
31,1.0333244361508958,69,0.03833230491872254,0.0,-0.02586873530212176,0.00413126469787824,0.00586873530212176,11.73747060424352,0.0002638597108515994,0.00032197533806683793,7.042482362546111,0.025,0.0,-0.03,0.0,1.0,0.0,0.01
31,1.0333244361508958,70,0.0382626267128853,0.0,-0.027107507874016917,0.0028924921259830816,0.007107507874016919,14.215015748033837,0.00010292816836166104,0.0002552678008857329,8.529009448820302,0.025,0.0,-0.03,0.0,1.0,0.0,0.01
31,1.0333244361508958,71,0.03817277683818643,0.0,-0.028344988670372648,0.001655011329627351,0.008344988670372649,16.689977340745298,0.00027014654340180703,0.00016797286309906583,10.013986404447179,0.025,0.0,-0.03,0.0,1.0,0.0,0.01
31,1.0333244361508958,72,0.03806295032980668,0.0,-0.029580853646980723,0.0004191463530192757,0.009580853646980724,19.16170729396145,7.928719016826186e-05,0.00010849043291108628,11.497024376376869,0.025,0.0,-0.03,0.0,1.0,0.0,0.01
31,1.0333244361508958,73,0.03793308894296639,0.0,-0.03081478315925017,0.0008147831592501716,0.009185216840749829,18.37043368149966,-0.000268171857440264,1.3818000599137768e-05,11.022260208899795,0.025,0.0,-0.03,0.0,1.0,0.0,0.01
31,1.0333244361508958,74,0.03778328189101167,0.0,-0.03204645228948084,0.0020464522894808393,0.007953547710519161,15.907095421038322,-4.979627673875724e-05,3.5242128155509966e-05,9.544257252622993,0.025,0.0,-0.03,0.0,1.0,0.0,0.01
31,1.0333244361508958,75,0.03761448316008481,0.0,-0.03327567868761765,0.0032756786876176544,0.006724321312382346,13.448642624764691,-0.0002575385260703092,0.00013877565718851004,8.069185574858814,0.025,0.0,-0.03,0.0,1.0,0.0,0.01
31,1.0333244361508958,76,0.03742815589125116,0.0,-0.03450237883758895,0.004502378837588951,0.005497621162411049,10.9952423248221,-2.503267188176132e-05,0.0001804381764826385,6.59714539489326,0.025,0.0,-0.03,0.0,1.0,0.0,0.01
31,1.0333244361508958,77,0.03722566960978154,0.0,-0.03572654435905476,0.005726544359054758,0.004273455640945242,8.546911281890484,-0.00023302303834972477,0.00028939689194368957,5.128146769134291,0.025,0.0,-0.03,0.0,1.0,0.0,0.01
31,1.0333244361508958,78,0.037008267483386564,0.0,-0.036948164989068485,0.0069481649890684866,0.0030518350109315136,6.103670021863027,-3.546212317465272e-06,0.0003268370256574078,3.662202013117816,0.025,0.0,-0.03,0.0,1.0,0.0,0.01
31,1.0333244361508958,79,0.03677725958347488,0.0,-0.038167313809915566,0.008167313809915568,0.0018326861900844326,3.6653723801688654,-0.00019909351734518632,0.0004381254910946746,2.199223428101319,0.025,0.0,-0.03,0.0,1.0,0.0,0.01
31,1.0333244361508958,80,0.03655028392694377,0.0,-0.03939653130507,0.009396531305070004,0.0006034686949299966,1.206937389859993,1.8185997973673186e-05,0.0004773867419126437,0.7241624339159959,0.025,0.0,-0.03,0.0,1.0,0.0,0.01
32,1.066657482478344,65,0.03839056876129702,0.0,-0.020901539997240166,0.009098460002759833,0.000901539997240167,1.803079994480334,0.00014568601194578932,0.00048319740842961287,1.0818479966882004,0.025,0.0,-0.03,0.0,1.0,0.0,0.01
32,1.066657482478344,66,0.03840365711829189,0.0,-0.022142217455584104,0.007857782544415895,0.0021422174555841052,4.28443491116821,0.00016614828985397033,0.00042522812300283946,2.5706609467009263,0.025,0.0,-0.03,0.0,1.0,0.0,0.01
32,1.066657482478344,67,0.038396851784463004,0.0,-0.02338293533111053,0.0066170646688894705,0.0033829353311105297,6.76587066222106,0.0001407292901789897,0.0003675736774143765,4.0595223973326355,0.025,0.0,-0.03,0.0,1.0,0.0,0.01
32,1.066657482478344,68,0.03836991816554726,0.0,-0.02462337717723347,0.0053766228227665296,0.004623377177233471,9.246754354466942,0.00016995562014497843,0.00030836720543873177,5.5480526126801655,0.025,0.0,-0.03,0.0,1.0,0.0,0.01
32,1.066657482478344,69,0.038322730844621816,0.0,-0.02586320753184817,0.00413679246815183,0.00586320753184817,11.72641506369634,0.00013262115674182316,0.00025162839882059346,7.035849038217804,0.025,0.0,-0.03,0.0,1.0,0.0,0.01
32,1.066657482478344,70,0.03825527368255904,0.0,-0.02710210408754445,0.0028978959124555496,0.0071021040875444506,14.204208175088901,0.00016924239369142286,0.00019105478707762415,8.52252490505334,0.025,0.0,-0.03,0.0,1.0,0.0,0.01
32,1.066657482478344,71,0.03816764100682267,0.0,-0.028339735039390756,0.001660264960609243,0.008339735039390757,16.679470078781513,0.00012148432256028225,0.00013547065101445274,10.007682047268908,0.025,0.0,-0.03,0.0,1.0,0.0,0.01
32,1.066657482478344,72,0.03806001232529376,0.0,-0.029575794933297688,0.00042420506670231076,0.00957579493329769,19.15158986659538,0.00016960225763768477,7.374403961402848e-05,11.490953919957228,0.025,0.0,-0.03,0.0,1.0,0.0,0.01
32,1.066657482478344,73,0.03793232883979771,0.0,-0.03080994269279579,0.0008099426927957905,0.00919005730720421,18.38011461440842,-9.757538888608001e-05,2.321566763247759e-05,11.028068768645051,0.025,0.0,-0.03,0.0,1.0,0.0,0.01
32,1.066657482478344,74,0.03778469018194709,0.0,-0.03204187713716047,0.002041877137160468,0.007958122862839532,15.916245725679065,-0.00016679613429563918,4.263691628771904e-05,9.549747435407438,0.025,0.0,-0.03,0.0,1.0,0.0,0.01
32,1.066657482478344,75,0.03761806582477234,0.0,-0.03327139375940316,0.003271393759403163,0.006728606240596837,13.457212481193675,-7.662582345538876e-05,8.840428161195969e-05,8.074327488716206,0.025,0.0,-0.03,0.0,1.0,0.0,0.01
32,1.066657482478344,76,0.03743391726879776,0.0,-0.03449842850053967,0.004498428500539671,0.005501571499460329,11.003142998920659,-0.0001527220076654962,0.00015822693990735323,6.601885799352395,0.025,0.0,-0.03,0.0,1.0,0.0,0.01
32,1.066657482478344,77,0.03723360792649144,0.0,-0.03572294636229825,0.0057229463622982535,0.004277053637701747,8.554107275403494,-5.9572832731402725e-05,0.0002023246352932665,5.132464365242096,0.025,0.0,-0.03,0.0,1.0,0.0,0.01
32,1.066657482478344,78,0.03701837672291693,0.0,-0.03694495690696065,0.0069449569069606545,0.0030550430930393457,6.110086186078691,-0.00013142606939605493,0.00027297935907186503,3.6660517116472144,0.025,0.0,-0.03,0.0,1.0,0.0,0.01
32,1.066657482478344,79,0.036789536738549775,0.0,-0.03816450897716112,0.008164508977161124,0.0018354910228388765,3.670982045677753,-4.16893660162465e-05,0.000315960169480689,2.202589227406652,0.025,0.0,-0.03,0.0,1.0,0.0,0.01
32,1.066657482478344,80,0.03656480283959082,0.0,-0.03939414360973225,0.009394143609732251,0.0006058563902677488,1.2117127805354975,-0.00010744099486038766,0.00038867820590075244,0.7270276683212985,0.025,0.0,-0.03,0.0,1.0,0.0,0.01
33,1.099990528805792,65,0.03837644377124686,0.0,-0.020896830812883665,0.009103169187116334,0.0008968308128836661,1.7936616257673323,0.00011863708206873009,0.0003688321443737671,1.0761969754603993,0.025,0.0,-0.03,0.0,1.0,0.0,0.01
33,1.099990528805792,66,0.0383912278085079,0.0,-0.02213748400080216,0.00786251599919784,0.0021374840008021607,4.274968001604321,0.00014295823697512311,0.0003247541957838068,2.564980800962593,0.025,0.0,-0.03,0.0,1.0,0.0,0.01
33,1.099990528805792,67,0.03838612495696246,0.0,-0.023378208798104025,0.006621791201895974,0.003378208798104026,6.756417596208053,0.00011233802849415024,0.0002802407698718263,4.053850557724831,0.025,0.0,-0.03,0.0,1.0,0.0,0.01
33,1.099990528805792,68,0.03836089816382652,0.0,-0.024618680224230246,0.005381319775769753,0.004618680224230247,9.237360448460494,0.00014840342957192287,0.00023483990407295623,5.542416269076297,0.025,0.0,-0.03,0.0,1.0,0.0,0.01
33,1.099990528805792,69,0.03831541918247966,0.0,-0.02585857402695257,0.004141425973047428,0.005858574026952572,11.717148053905145,0.00010429262618066882,0.000191599254808739,7.0302888323430865,0.025,0.0,-0.03,0.0,1.0,0.0,0.01
33,1.099990528805792,70,0.03824966986004221,0.0,-0.02709755515149295,0.00290244484850705,0.00709755515149295,14.195110302985901,0.00014957655368274826,0.00014437824459456833,8.51706618179154,0.025,0.0,-0.03,0.0,1.0,0.0,0.01
33,1.099990528805792,71,0.038163741250018944,0.0,-0.02833530586967152,0.0016646941303284785,0.008335305869671522,16.670611739343045,9.488930783313053e-05,0.00010371351976817175,10.002367043605826,0.025,0.0,-0.03,0.0,1.0,0.0,0.01
33,1.099990528805792,72,0.038057803653212326,0.0,-0.029571504564743292,0.00042849543525670664,0.009571504564743294,19.143009129486586,0.0001397941279657612,5.4873510046790035e-05,11.485805477691951,0.025,0.0,-0.03,0.0,1.0,0.0,0.01
33,1.099990528805792,73,0.0379317950157621,0.0,-0.030805826514190386,0.0008058265141903873,0.009194173485809613,18.388346971619224,-9.562255327783228e-05,1.5020678724250653e-05,11.033008182971534,0.025,0.0,-0.03,0.0,1.0,0.0,0.01
33,1.099990528805792,74,0.03778582586511472,0.0,-0.03203795431201174,0.0020379543120117444,0.007962045687988256,15.924091375976511,-0.00012353085594843618,3.243782389238453e-05,9.554454825585907,0.025,0.0,-0.03,0.0,1.0,0.0,0.01
33,1.099990528805792,75,0.0376208734605324,0.0,-0.033267700138411856,0.0032677001384118567,0.0067322998615881435,13.464599723176287,-8.908437665881001e-05,7.306530576594717e-05,8.078759833905771,0.025,0.0,-0.03,0.0,1.0,0.0,0.01
33,1.099990528805792,76,0.03743840242152938,0.0,-0.034494981136022534,0.004494981136022536,0.005505018863977465,11.010037727954929,-0.00010969716641563555,0.00012046508587641895,6.606022636772957,0.025,0.0,-0.03,0.0,1.0,0.0,0.01
33,1.099990528805792,77,0.037239766735066994,0.0,-0.035719775851115354,0.005719775851115355,0.004280224148884645,8.56044829776929,-7.514418065702657e-05,0.00016001956268729532,5.136268978661573,0.025,0.0,-0.03,0.0,1.0,0.0,0.01
33,1.099990528805792,78,0.037026207319453074,0.0,-0.036942075380132625,0.006942075380132626,0.0030579246198673745,6.115849239734749,-9.47896996465848e-05,0.00020846995149890666,3.6695095438408494,0.025,0.0,-0.03,0.0,1.0,0.0,0.01
33,1.099990528805792,79,0.03679903399755148,0.0,-0.038161943083434985,0.008161943083434986,0.0018380569165650142,3.6761138331300285,-5.9972904565903106e-05,0.00024738357352599585,2.205668299878017,0.025,0.0,-0.03,0.0,1.0,0.0,0.01
33,1.099990528805792,80,0.036576026731765174,0.0,-0.03939188802943834,0.009391888029438342,0.0006081119705616585,1.216223941123317,-7.776788327915761e-05,0.00029733926634607576,0.7297343646739902,0.025,0.0,-0.03,0.0,1.0,0.0,0.01
34,1.1333235751332404,65,0.03836567735156362,0.0,-0.02089293386782363,0.009107066132176368,0.0008929338678236327,1.7858677356472654,0.0001234513499208093,0.00028108276814164555,1.0715206413883591,0.025,0.0,-0.03,0.0,1.0,0.0,0.01
34,1.1333235751332404,66,0.03838175980301694,0.0,-0.022133568894947532,0.007866431105052467,0.0021335688949475334,4.267137789895067,8.171834072291229e-05,0.0002467055951077228,2.56028267393704,0.025,0.0,-0.03,0.0,1.0,0.0,0.01
34,1.1333235751332404,67,0.038377960400528106,0.0,-0.023374293496622664,0.006625706503377335,0.0033742934966226653,6.748586993245331,0.00013646560870867773,0.00021237852483751873,4.049152195947198,0.025,0.0,-0.03,0.0,1.0,0.0,0.01
34,1.1333235751332404,68,0.03835404012939175,0.0,-0.024614789452625067,0.0053852105473749315,0.004614789452625069,9.229578905250138,6.94886537448142e-05,0.00017959900412975414,5.537747343150083,0.025,0.0,-0.03,0.0,1.0,0.0,0.01
34,1.1333235751332404,69,0.03830986903721425,0.0,-0.025854724944147988,0.004145275055852011,0.005854724944147989,11.709449888295978,0.0001454050574485834,0.00014263921945682916,7.0256699329775865,0.025,0.0,-0.03,0.0,1.0,0.0,0.01
34,1.1333235751332404,70,0.03824542675128579,0.0,-0.027093773931780692,0.0029062260682193065,0.007093773931780694,14.187547863561388,5.725301265191562e-05,0.0001130123012945181,8.512528718136833,0.025,0.0,-0.03,0.0,1.0,0.0,0.01
34,1.1333235751332404,71,0.03816080305419559,0.0,-0.028331608357719404,0.001668391642280595,0.008331608357719405,16.66321671543881,0.00014956030716470404,7.217659404569486e-05,9.997930029263285,0.025,0.0,-0.03,0.0,1.0,0.0,0.01
34,1.1333235751332404,72,0.03805615991828055,0.0,-0.029567917340751624,0.00043208265924837494,0.009567917340751625,19.13583468150325,5.1675690936247936e-05,4.662773500211554e-05,11.48150080890195,0.025,0.0,-0.03,0.0,1.0,0.0,0.01
34,1.1333235751332404,73,0.03793143492021334,0.0,-0.03080236465657181,0.0008023646565718107,0.00919763534342819,18.395270686856378,-0.0001378256362322891,4.176145862323928e-06,11.037162412113826,0.025,0.0,-0.03,0.0,1.0,0.0,0.01
34,1.1333235751332404,74,0.03778674417518599,0.0,-0.032034645005515804,0.0020346450055158047,0.007965354994484196,15.930709988968392,-4.875944038793152e-05,1.961633754230997e-05,9.558425993381034,0.025,0.0,-0.03,0.0,1.0,0.0,0.01
34,1.1333235751332404,75,0.03762307353493573,0.0,-0.0332645585806837,0.0032645585806837032,0.006735441419316297,13.470882838632594,-0.0001265825425309086,6.322879785456068e-05,8.082529703179556,0.025,0.0,-0.03,0.0,1.0,0.0,0.01
34,1.1333235751332404,76,0.03744188677843723,0.0,-0.034492032885250504,0.004492032885250505,0.005507967114749495,11.01593422949899,-4.014885349815431e-05,8.563945664680934e-05,6.609560537699394,0.025,0.0,-0.03,0.0,1.0,0.0,0.01
34,1.1333235751332404,77,0.03724453429838163,0.0,-0.03571703190085163,0.005717031900851634,0.0042829680991483664,8.565936198296733,-0.0001162963769562943,0.00013177042951704248,5.139561718978039,0.025,0.0,-0.03,0.0,1.0,0.0,0.01
34,1.1333235751332404,78,0.03703225469510295,0.0,-0.036939557353723736,0.006939557353723737,0.0030604426462762634,6.120885292552527,-3.0041862736138127e-05,0.0001518193211743295,3.6725311755315158,0.025,0.0,-0.03,0.0,1.0,0.0,0.01
34,1.1333235751332404,79,0.036806359337738744,0.0,-0.03815965935507841,0.00815965935507841,0.0018403406449215894,3.6806812898431787,-0.00010204393469926078,0.0001989368193924517,2.2084087739059073,0.025,0.0,-0.03,0.0,1.0,0.0,0.01
34,1.1333235751332404,80,0.036584674551972465,0.0,-0.03938984622578642,0.009389846225786418,0.0006101537742135826,1.220307548427165,-1.98753512272941e-05,0.00021990446779451112,0.732184529056299,0.025,0.0,-0.03,0.0,1.0,0.0,0.01
35,1.1666566214606886,65,0.03835750234330494,0.0,-0.020889761753016652,0.009110238246983347,0.0008897617530166536,1.7795235060333072,6.564922475921246e-05,0.00021242451595009104,1.0677141036199842,0.025,0.0,-0.03,0.0,1.0,0.0,0.01
35,1.1666566214606886,66,0.038374574681558526,0.0,-0.022130379853207795,0.007869620146792204,0.002130379853207796,4.260759706415592,0.00011271701778990457,0.00018705975639600722,2.556455823849355,0.025,0.0,-0.03,0.0,1.0,0.0,0.01
35,1.1666566214606886,67,0.038371768869006465,0.0,-0.023371105290475758,0.006628894709524241,0.003371105290475759,6.742210580951518,5.198068192131594e-05,0.00016145465463028501,4.045326348570911,0.025,0.0,-0.03,0.0,1.0,0.0,0.01
35,1.1666566214606886,68,0.038348844516951835,0.0,-0.02461161582895077,0.00538838417104923,0.00461161582895077,9.223231657901541,0.0001255516190237783,0.0001339802897136077,5.533938994740924,0.025,0.0,-0.03,0.0,1.0,0.0,0.01
35,1.1666566214606886,69,0.03830567014978235,0.0,-0.02585158502317084,0.004148414976829159,0.005851585023170841,11.703170046341683,3.866993462484383e-05,0.00011107916867263437,7.02190202780501,0.025,0.0,-0.03,0.0,1.0,0.0,0.01
35,1.1666566214606886,70,0.03824222425149375,0.0,-0.027090680755983212,0.0029093192440167864,0.007090680755983214,14.181361511966427,0.00013425220234826685,8.008603934485862e-05,8.508816907179856,0.025,0.0,-0.03,0.0,1.0,0.0,0.01
35,1.1666566214606886,71,0.03815859490097446,0.0,-0.028328581676497298,0.0016714183235027012,0.008328581676497299,16.657163352994598,2.6475167261471973e-05,6.151987212143165e-05,9.994298011796758,0.025,0.0,-0.03,0.0,1.0,0.0,0.01
35,1.1666566214606886,72,0.038054939046709875,0.0,-0.029564969269026086,0.0004350307309739128,0.009564969269026087,19.129938538052176,0.0001329037652002081,2.6546848266561515e-05,11.477963122831305,0.025,0.0,-0.03,0.0,1.0,0.0,0.01
35,1.1666566214606886,73,0.03793119262575266,0.0,-0.030799515320488684,0.0007995153204886848,0.009200484679511315,18.400969359022632,-2.5222741137303204e-05,1.138141350331643e-05,11.04058161541358,0.025,0.0,-0.03,0.0,1.0,0.0,0.01
35,1.1666566214606886,74,0.03778747751627389,0.0,-0.032031906648159844,0.0020319066481598452,0.007968093351840155,15.93618670368031,-0.0001248506494698095,2.5603611152264987e-05,9.561712022208186,0.025,0.0,-0.03,0.0,1.0,0.0,0.01
35,1.1666566214606886,75,0.03762478400689955,0.0,-0.03326195156486243,0.0032619515648624337,0.0067380484351375666,13.476096870275134,-2.072890016958141e-05,3.860739629263419e-05,8.08565812216508,0.025,0.0,-0.03,0.0,1.0,0.0,0.01
35,1.1666566214606886,76,0.037444577418967506,0.0,-0.03448956801309731,0.004489568013097314,0.005510431986902686,11.020863973805373,-0.00011736574683051086,7.799571525877201e-05,6.612518384283224,0.025,0.0,-0.03,0.0,1.0,0.0,0.01
35,1.1666566214606886,77,0.03724820301996367,0.0,-0.03571472628966432,0.005714726289664324,0.004285273710335677,8.570547420671353,-1.292896072330052e-05,8.811596667282724e-05,5.142328452402812,0.025,0.0,-0.03,0.0,1.0,0.0,0.01
35,1.1666566214606886,78,0.03703690030657652,0.0,-0.03693741884986989,0.0069374188498698905,0.0030625811501301097,6.12516230026022,-0.00010740719957719147,0.00012995713900395338,3.6750973801561315,0.025,0.0,-0.03,0.0,1.0,0.0,0.01
35,1.1666566214606886,79,0.036811978998450734,0.0,-0.03815770279073661,0.008157702790736611,0.0018422972092633893,3.6845944185267787,-6.697783236959299e-06,0.00013862783589630156,2.2107566511160672,0.025,0.0,-0.03,0.0,1.0,0.0,0.01
35,1.1666566214606886,80,0.03659130408217985,0.0,-0.03938806924499803,0.009388069244998028,0.0006119307550019725,1.223861510003945,-9.519845725884691e-05,0.00018159638146713952,0.734316906002367,0.025,0.0,-0.03,0.0,1.0,0.0,0.01
36,1.199989667788137,65,0.03835131498929157,0.0,-0.020887210492585503,0.009112789507414495,0.0008872104925855048,1.7744209851710095,8.691896891447778e-05,0.00016115732689559646,1.0646525911026057,0.025,0.0,-0.03,0.0,1.0,0.0,0.01
36,1.199989667788137,66,0.03836913928098382,0.0,-0.02212781610105092,0.00787218389894908,0.0021278161010509205,4.255632202101841,4.320359988373726e-05,0.00014113064898887666,2.553379321261105,0.025,0.0,-0.03,0.0,1.0,0.0,0.01
36,1.199989667788137,67,0.03836708814340773,0.0,-0.023368539856657877,0.006631460143342122,0.0033685398566578786,6.737079713315757,0.00010033919060473836,0.00012121120753359704,4.0422478279894545,0.025,0.0,-0.03,0.0,1.0,0.0,0.01
36,1.199989667788137,68,0.03834492011841883,0.0,-0.024609062502745666,0.005390937497254333,0.004609062502745667,9.218125005491334,3.0763211405772205e-05,0.0001029092486505267,5.5308750032948,0.025,0.0,-0.03,0.0,1.0,0.0,0.01
36,1.199989667788137,69,0.03830250277183247,0.0,-0.025849054348672493,0.0041509456513275055,0.005849054348672495,11.69810869734499,0.00011060916577983574,8.03454501941404e-05,7.018865218406994,0.025,0.0,-0.03,0.0,1.0,0.0,0.01
36,1.199989667788137,70,0.038239813427555246,0.0,-0.027088187178892907,0.0029118128211070918,0.007088187178892908,14.176374357785816,1.9274208772234515e-05,6.528454126506649e-05,8.50582461467149,0.025,0.0,-0.03,0.0,1.0,0.0,0.01
36,1.199989667788137,71,0.03815693941422158,0.0,-0.028326135156577392,0.0016738648434226067,0.008326135156577394,16.652270313154787,0.00011702863162308671,3.88633417230639e-05,9.991362187892872,0.025,0.0,-0.03,0.0,1.0,0.0,0.01
36,1.199989667788137,72,0.038054033307844355,0.0,-0.02956258447603804,0.0004374155239619572,0.009562584476038043,19.125168952076088,1.3463072905559863e-05,2.78944300223561e-05,11.475101371245652,0.025,0.0,-0.03,0.0,1.0,0.0,0.01
36,1.199989667788137,73,0.03793103075417268,0.0,-0.030797202016279668,0.0007972020162796689,0.009202797983720331,18.40559596744066,-0.00011184505316657624,1.2820303504600993e-06,11.043357580464397,0.025,0.0,-0.03,0.0,1.0,0.0,0.01
36,1.199989667788137,74,0.03778805676594824,0.0,-0.03202967994011229,0.002029679940112293,0.007970320059887707,15.940640119775415,-1.0738861272184447e-05,9.508983803189534e-06,9.564384071865248,0.025,0.0,-0.03,0.0,1.0,0.0,0.01
36,1.199989667788137,75,0.037626106193549946,0.0,-0.0332598211949259,0.003259821194925898,0.006740178805074102,13.480357610148205,-0.00010612498486284536,4.100475702010734e-05,8.088214566088922,0.025,0.0,-0.03,0.0,1.0,0.0,0.01
36,1.199989667788137,76,0.03744664403013553,0.0,-0.03448754804933549,0.004487548049335488,0.005512451950664512,11.024903901329024,-5.4824627384480785e-06,4.6920742522367314e-05,6.614942340797414,0.025,0.0,-0.03,0.0,1.0,0.0,0.01
36,1.199989667788137,77,0.03725101333867551,0.0,-0.03571282389896934,0.005712823898969342,0.004287176101030658,8.574352202061316,-0.00010006126815055794,8.120132104054385e-05,5.144611321236789,0.025,0.0,-0.03,0.0,1.0,0.0,0.01
36,1.199989667788137,78,0.03704045251606199,0.0,-0.036935645777548154,0.006935645777548155,0.003064354222451845,6.12870844490369,-5.710396487922987e-07,8.468507468674222e-05,3.677225066942214,0.025,0.0,-0.03,0.0,1.0,0.0,0.01
36,1.199989667788137,79,0.03681627190119123,0.0,-0.03815606466195672,0.008156064661956723,0.001843935338043277,3.687870676086554,-9.036473578436508e-05,0.00012017287125523171,2.2127224056519323,0.025,0.0,-0.03,0.0,1.0,0.0,0.01
36,1.199989667788137,80,0.03659636419982363,0.0,-0.039386569758907856,0.009386569758907858,0.0006134302410921427,1.2268604821842852,3.7929035363251334e-06,0.0001240642440454959,0.7361162893105712,0.025,0.0,-0.03,0.0,1.0,0.0,0.01
37,1.2333227141155851,65,0.03834664481200038,0.0,-0.020885179733915897,0.009114820266084102,0.0008851797339158984,1.7703594678317967,3.784196037715292e-05,0.00012089693106641108,1.062215680699078,0.025,0.0,-0.03,0.0,1.0,0.0,0.01
37,1.2333227141155851,66,0.03836503855439763,0.0,-0.022125774661777602,0.007874225338222397,0.0021257746617776036,4.251549323555207,7.634601932252857e-05,0.00010650084341546284,2.5509295941331245,0.025,0.0,-0.03,0.0,1.0,0.0,0.01
37,1.2333227141155851,67,0.0383635588626185,0.0,-0.02336649759674963,0.00663350240325037,0.00336649759674963,6.73299519349926,2.6978454285222292e-05,9.186775438872367e-05,4.039797116099556,0.025,0.0,-0.03,0.0,1.0,0.0,0.01
37,1.2333227141155851,68,0.03834196351711247,0.0,-0.02460702776839861,0.00539297223160139,0.00460702776839861,9.21405553679722,8.662272997215854e-05,7.580015108307571e-05,5.528433322078332,0.025,0.0,-0.03,0.0,1.0,0.0,0.01
37,1.2333227141155851,69,0.0383001192744189,0.0,-0.02584703760370828,0.004152962396291718,0.005847037603708282,11.694075207416565,1.678124576244746e-05,6.334309546895561e-05,7.016445124449939,0.025,0.0,-0.03,0.0,1.0,0.0,0.01
37,1.2333227141155851,70,0.038238002801884365,0.0,-0.02708619652596601,0.0029138034740339887,0.0070861965259660115,14.172393051932023,9.399578717116028e-05,4.449082226331801e-05,8.503435831159214,0.025,0.0,-0.03,0.0,1.0,0.0,0.01
37,1.2333227141155851,71,0.0381557005710347,0.0,-0.02832418128462041,0.001675818715379588,0.008324181284620412,16.648362569240824,7.820774853100258e-06,3.537770198396127e-05,9.989017541544493,0.025,0.0,-0.03,0.0,1.0,0.0,0.01
37,1.2333227141155851,72,0.03805336239238251,0.0,-0.029560675140186413,0.00043932485981358627,0.009560675140186414,19.121350280372827,9.478626770849607e-05,1.3296966766316298e-05,11.472810168223695,0.025,0.0,-0.03,0.0,1.0,0.0,0.01
37,1.2333227141155851,73,0.03793092314808727,0.0,-0.03079534820622424,0.0007953482062242404,0.00920465179377576,18.40930358755152,-6.1184081036929695e-06,7.137418149457135e-06,11.045582152530912,0.025,0.0,-0.03,0.0,1.0,0.0,0.01
37,1.2333227141155851,74,0.037788510836659184,0.0,-0.03202788953399463,0.0020278895339946312,0.007972110466005369,15.944220932010738,-9.095528941654303e-05,1.711782840387569e-05,9.566532559206443,0.025,0.0,-0.03,0.0,1.0,0.0,0.01
37,1.2333227141155851,75,0.03762712286397234,0.0,-0.03325810529601705,0.0032581052960170484,0.006741894703982952,13.483789407965904,-3.106388547803097e-06,2.10877616031629e-05,8.090273644779542,0.025,0.0,-0.03,0.0,1.0,0.0,0.01
37,1.2333227141155851,76,0.03744822488988196,0.0,-0.034485913617521326,0.004485913617521327,0.005514086382478673,11.028172764957347,-8.686245842443793e-05,4.757651410964072e-05,6.616903658974408,0.025,0.0,-0.03,0.0,1.0,0.0,0.01
37,1.2333227141155851,77,0.037253157308759804,0.0,-0.03571128008184345,0.005711280081843448,0.004288719918156552,8.577439836313104,1.159738792145162e-06,4.9177663615852096e-05,5.146463901787862,0.025,0.0,-0.03,0.0,1.0,0.0,0.01
37,1.2333227141155851,78,0.03704315880803465,0.0,-0.03693419779331549,0.006934197793315493,0.0030658022066845075,6.131604413369015,-8.063805422685595e-05,7.763511798970755e-05,3.678962648021409,0.025,0.0,-0.03,0.0,1.0,0.0,0.01
37,1.2333227141155851,79,0.036819539004184686,0.0,-0.03815472036368603,0.00815472036368603,0.0018452796363139703,3.6905592726279406,3.819968046684928e-06,7.806602002686239e-05,2.214335563576764,0.025,0.0,-0.03,0.0,1.0,0.0,0.01
37,1.2333227141155851,80,0.03660021298675222,0.0,-0.03938532847726891,0.00938532847726891,0.00061467152273109,1.2293430454621799,-7.283984580915066e-05,0.00010724914538224001,0.737605827277308,0.025,0.0,-0.03,0.0,1.0,0.0,0.01
38,1.2666557604430333,65,0.03834312800789287,0.0,-0.020883576083179076,0.009116423916820923,0.000883576083179077,1.767152166358154,5.5401702639336614e-05,9.141284475254695e-05,1.0602912998148923,0.025,0.0,-0.03,0.0,1.0,0.0,0.01
38,1.2666557604430333,66,0.03836195187678406,0.0,-0.02212416306449755,0.00787583693550245,0.0021241630644975498,4.2483261289950995,2.5145018917311034e-05,7.994235661257184e-05,2.5489956773970595,0.025,0.0,-0.03,0.0,1.0,0.0,0.01
38,1.2666557604430333,67,0.03836090377185107,0.0,-0.023364884524212627,0.006635115475787372,0.0033648845242126284,6.729769048425257,6.48984363811983e-05,6.855814599460454e-05,4.0378614290551536,0.025,0.0,-0.03,0.0,1.0,0.0,0.01
38,1.2666557604430333,68,0.038339740893155366,0.0,-0.024605420744646302,0.0053945792553536966,0.004605420744646304,9.210841489292607,1.63657430147943e-05,5.8277579062939395e-05,5.526504893575564,0.025,0.0,-0.03,0.0,1.0,0.0,0.01
38,1.2666557604430333,69,0.03829832946007695,0.0,-0.025845443079379152,0.004154556920620847,0.005845443079379153,11.690886158758307,7.237988255535404e-05,4.506929490329607e-05,7.014531695254984,0.025,0.0,-0.03,0.0,1.0,0.0,0.01
38,1.2666557604430333,70,0.03823664554384413,0.0,-0.027084622278810328,0.0029153777211896707,0.0070846222788103295,14.16924455762066,8.401921033412921e-06,3.7048949771059334e-05,8.501546734572395,0.025,0.0,-0.03,0.0,1.0,0.0,0.01
38,1.2666557604430333,71,0.03815477516750647,0.0,-0.02832263354379933,0.0016773664562006706,0.00832263354379933,16.645267087598658,7.734463030500327e-05,2.1179650100834088e-05,9.987160252559194,0.025,0.0,-0.03,0.0,1.0,0.0,0.01
38,1.2666557604430333,72,0.038052865871463844,0.0,-0.029559161778621515,0.00044083822137848394,0.009559161778621516,19.118323557243034,4.095537689762251e-06,1.6006680632220027e-05,11.47099413434582,0.025,0.0,-0.03,0.0,1.0,0.0,0.01
38,1.2666557604430333,73,0.037930852313853985,0.0,-0.030793875473061377,0.0007938754730613777,0.009206124526938623,18.412249053877247,-7.517847713915909e-05,2.040410258243991e-06,11.047349432326348,0.025,0.0,-0.03,0.0,1.0,0.0,0.01
38,1.2666557604430333,74,0.03778886427632673,0.0,-0.032026465583655246,0.0020264655836552473,0.007973534416344753,15.947068832689506,-2.006064266392083e-06,5.05551355814945e-06,9.568241299613703,0.025,0.0,-0.03,0.0,1.0,0.0,0.01
38,1.2666557604430333,75,0.03762790152892422,0.0,-0.033256736335633474,0.0032567363356334755,0.006743263664366525,13.486527328733048,-7.2289601560175e-05,2.4994509334344898e-05,8.091916397239828,0.025,0.0,-0.03,0.0,1.0,0.0,0.01
38,1.2666557604430333,76,0.037449429659253866,0.0,-0.03448460715582661,0.00448460715582661,0.00551539284417339,11.03078568834678,1.1434386997880591e-06,2.6182395533775056e-05,6.618471413008068,0.025,0.0,-0.03,0.0,1.0,0.0,0.01
38,1.2666557604430333,77,0.0372547876990439,0.0,-0.03571004078738529,0.0057100407873852885,0.004289959212614712,8.579918425229424,-6.881370552213497e-05,4.8121976158357904e-05,5.147951055137654,0.025,0.0,-0.03,0.0,1.0,0.0,0.01
38,1.2666557604430333,78,0.03704521387627334,0.0,-0.036933031828013864,0.006933031828013865,0.003066968171986135,6.1339363439722705,3.6712368282510113e-06,4.759470936969823e-05,3.6803618063833623,0.025,0.0,-0.03,0.0,1.0,0.0,0.01
38,1.2666557604430333,79,0.03682201797445331,0.0,-0.038153631494824966,0.008153631494824967,0.001846368505175033,3.692737010350066,-6.282729117164521e-05,7.042948911428937e-05,2.2156422062100396,0.025,0.0,-0.03,0.0,1.0,0.0,0.01
38,1.2666557604430333,80,0.03660313137226039,0.0,-0.03938431830751407,0.009384318307514072,0.0006156816924859278,1.2313633849718557,5.690962614183938e-06,7.009108290272637e-05,0.7388180309831134,0.025,0.0,-0.03,0.0,1.0,0.0,0.01
39,1.2999888067704817,65,0.038340485066730184,0.0,-0.02088231862703996,0.00911768137296004,0.0008823186270399599,1.7646372540799198,2.3186751797301216e-05,6.827320877609087e-05,1.0587823524479518,0.025,0.0,-0.03,0.0,1.0,0.0,0.01
39,1.2999888067704817,66,0.03835963309290386,0.0,-0.022122899207785065,0.007877100792214934,0.002122899207785066,4.245798415570133,4.7158814518831626e-05,6.0105618808964365e-05,2.5474790493420794,0.025,0.0,-0.03,0.0,1.0,0.0,0.01
39,1.2999888067704817,67,0.03835891021238078,0.0,-0.023363619656234767,0.006636380343765232,0.003363619656234768,6.7272393124695355,1.6241563992397495e-05,5.180505391246031e-05,4.0363435874817215,0.025,0.0,-0.03,0.0,1.0,0.0,0.01
39,1.2999888067704817,68,0.03833807320617845,0.0,-0.02460415989157896,0.0053958401084210385,0.004604159891578962,9.208319783157924,5.377060242646953e-05,4.262163832384587e-05,5.524991869894754,0.025,0.0,-0.03,0.0,1.0,0.0,0.01
39,1.2999888067704817,69,0.038296987866952584,0.0,-0.025844191865594657,0.0041558081344053414,0.005844191865594659,11.688383731189317,9.765690998479771e-06,3.568715963019516e-05,7.01303023871359,0.025,0.0,-0.03,0.0,1.0,0.0,0.01
39,1.2999888067704817,70,0.03823562988859566,0.0,-0.027083385689624886,0.0029166143103751124,0.007083385689624888,14.166771379249775,5.862048840347597e-05,2.4754655458984815e-05,8.500062827549865,0.025,0.0,-0.03,0.0,1.0,0.0,0.01
39,1.2999888067704817,71,0.03815408487287617,0.0,-0.02832141724681343,0.00167858275318657,0.00832141724681343,16.64283449362686,4.124617822600289e-06,1.9900058758359956e-05,9.985700696176115,0.025,0.0,-0.03,0.0,1.0,0.0,0.01
39,1.2999888067704817,72,0.03805249883365523,0.0,-0.0295579706644645,0.0004420293355354987,0.009557970664464501,19.115941328929004,5.970080556692878e-05,6.9094481331282335e-06,11.469564797357402,0.025,0.0,-0.03,0.0,1.0,0.0,0.01
39,1.2999888067704817,73,0.03793080609776544,0.0,-0.030792715408472136,0.0007927154084721375,0.009207284591527863,18.414569183055725,-2.5606218680297726e-06,4.030320891682079e-06,11.048741509833436,0.025,0.0,-0.03,0.0,1.0,0.0,0.01
39,1.2999888067704817,74,0.03778913797347695,0.0,-0.032025341561113675,0.0020253415611136763,0.007974658438886324,15.949316877772647,-5.7999659217016185e-05,1.052981353398192e-05,9.569590126663588,0.025,0.0,-0.03,0.0,1.0,0.0,0.01
39,1.2999888067704817,75,0.037628495703538774,0.0,-0.03325565427313217,0.0032556542731321733,0.006744345726867827,13.488691453735655,-5.55649752039005e-07,1.1852921305370298e-05,8.093214872241392,0.025,0.0,-0.03,0.0,1.0,0.0,0.01
39,1.2999888067704817,76,0.03745034512152215,0.0,-0.034483571483050514,0.004483571483050515,0.005516428516949485,11.03285703389897,-5.581696614032143e-05,2.7951220078476348e-05,6.619714220339382,0.025,0.0,-0.03,0.0,1.0,0.0,0.01
39,1.2999888067704817,77,0.03725602390639164,0.0,-0.035709056265673084,0.005709056265673085,0.0042909437343269154,8.58188746865383,1.8371883267863705e-06,2.773662500499476e-05,5.149132481192298,0.025,0.0,-0.03,0.0,1.0,0.0,0.01
39,1.2999888067704817,78,0.03704677031294623,0.0,-0.036932101874035325,0.006932101874035326,0.003067898125964674,6.135796251929348,-5.2162359394572384e-05,4.509792881646507e-05,3.6814777511576082,0.025,0.0,-0.03,0.0,1.0,0.0,0.01
39,1.2999888067704817,79,0.03682389385537746,0.0,-0.03815276014682624,0.00815276014682624,0.0018472398531737596,3.694479706347519,3.109788989004461e-06,4.412172560274753e-05,2.2166878238085115,0.025,0.0,-0.03,0.0,1.0,0.0,0.01
39,1.2999888067704817,80,0.036605338665936654,0.0,-0.03938350561833002,0.00938350561833002,0.0006164943816699808,1.2329887633399614,-4.752245807014203e-05,6.192385510965481e-05,0.7397932580039769,0.025,0.0,-0.03,0.0,1.0,0.0,0.01
40,1.3333218530979298,65,0.03833850233057836,0.0,-0.02088133824936802,0.00911866175063198,0.0008813382493680199,1.7626764987360397,3.339083941467913e-05,5.146009433772401e-05,1.0576058992416237,0.025,0.0,-0.03,0.0,1.0,0.0,0.01
40,1.3333218530979298,66,0.03835789417752616,0.0,-0.022121913994840748,0.007878086005159251,0.0021219139948407493,4.243827989681499,1.5760566093192252e-05,4.4953211841342504e-05,2.5462967938088994,0.025,0.0,-0.03,0.0,1.0,0.0,0.01
40,1.3333218530979298,67,0.03835741589715495,0.0,-0.023362633437552613,0.006637366562447386,0.0033626334375526142,6.725266875105229,3.876958174845666e-05,3.851731665166581e-05,4.035160125063137,0.025,0.0,-0.03,0.0,1.0,0.0,0.01
40,1.3333218530979298,68,0.03833682395687096,0.0,-0.024603176725306958,0.005396823274693041,0.004603176725306959,9.206353450613918,1.0813954651810433e-05,3.270607209590817e-05,5.523812070368351,0.025,0.0,-0.03,0.0,1.0,0.0,0.01
40,1.3333218530979298,69,0.038295983849313125,0.0,-0.025843215652044074,0.004156784347955925,0.0058432156520440755,11.686431304088151,4.300727887617053e-05,2.5228990953670405e-05,7.01185878245289,0.025,0.0,-0.03,0.0,1.0,0.0,0.01
40,1.3333218530979298,70,0.03823487096573887,0.0,-0.027082420553229618,0.002917579446770381,0.007082420553229619,14.164841106459239,6.326283135361616e-06,2.070503996408396e-05,8.498904663875543,0.025,0.0,-0.03,0.0,1.0,0.0,0.01
40,1.3333218530979298,71,0.03815357063986042,0.0,-0.028320467033287274,0.0016795329667127247,0.008320467033287276,16.64093406657455,4.582780340382169e-05,1.1731260728509705e-05,9.984560439944731,0.025,0.0,-0.03,0.0,1.0,0.0,0.01
40,1.3333218530979298,72,0.03805222771674309,0.0,-0.029557039520861396,0.000442960479138603,0.009557039520861397,19.114079041722796,3.670135222247883e-06,8.827917633556359e-06,11.468447425033677,0.025,0.0,-0.03,0.0,1.0,0.0,0.01
40,1.3333218530979298,73,0.03793077636023887,0.0,-0.030791807266283992,0.0007918072662839934,0.009208192733716007,18.416385467432015,-4.502644461469846e-05,1.4716152229686535e-06,11.049831280459209,0.025,0.0,-0.03,0.0,1.0,0.0,0.01
40,1.3333218530979298,74,0.0377893488989216,0.0,-0.03202446073555365,0.0020244607355536515,0.007975539264446349,15.951078528892698,-2.183736696519979e-06,3.036507726853213e-06,9.570647117335618,0.025,0.0,-0.03,0.0,1.0,0.0,0.01
40,1.3333218530979298,75,0.03762894777896426,0.0,-0.03325480466291047,0.0032548046629104696,0.006745195337089531,13.49039067417906,-4.3607954453340904e-05,1.4526339695623026e-05,8.094234404507436,0.025,0.0,-0.03,0.0,1.0,0.0,0.01
40,1.3333218530979298,76,0.03745103886513737,0.0,-0.034482757009457146,0.004482757009457147,0.005517242990542853,11.034485981085705,-3.4528637976198733e-07,1.4966885068465071e-05,6.620691588651423,0.025,0.0,-0.03,0.0,1.0,0.0,0.01
40,1.3333218530979298,77,0.037256958997159154,0.0,-0.03570827992556709,0.005708279925567092,0.004291720074432908,8.583440148865817,-4.1604588139245154e-05,2.761370398172744e-05,5.15006408931949,0.025,0.0,-0.03,0.0,1.0,0.0,0.01
40,1.3333218530979298,78,0.037047946273348696,0.0,-0.03693136681566303,0.0069313668156630315,0.0030686331843369687,6.137266368673937,1.0232078934133529e-06,2.7076615526792604e-05,3.6823598212043622,0.025,0.0,-0.03,0.0,1.0,0.0,0.01
40,1.3333218530979298,79,0.03682531018924695,0.0,-0.03815206884533898,0.008152068845338978,0.0018479311546610224,3.695862309322045,-3.815486600321323e-05,4.024342192628231e-05,2.2175173855932266,0.025,0.0,-0.03,0.0,1.0,0.0,0.01
40,1.3333218530979298,80,0.03660700432979873,0.0,-0.03938285866332044,0.009382858663320441,0.0006171413366795591,1.2342826733591181,2.104877260066127e-06,3.9812269713156334e-05,0.7405696040154709,0.025,0.0,-0.03,0.0,1.0,0.0,0.01
41,1.3666548994253782,65,0.03833701717775196,0.0,-0.020880577767780645,0.009119422232219353,0.0008805777677806468,1.7611555355612936,1.435605941072703e-05,3.828853079542815e-05,1.0566933213367762,0.025,0.0,-0.03,0.0,1.0,0.0,0.01
41,1.3666548994253782,66,0.038356592103762376,0.0,-0.022121149784581837,0.007878850215418162,0.002121149784581838,4.242299569163676,2.768916467903111e-05,3.370057787103842e-05,2.5453797414982056,0.025,0.0,-0.03,0.0,1.0,0.0,0.01
41,1.3666548994253782,67,0.03835629747061745,0.0,-0.023361868424640574,0.006638131575359425,0.003361868424640575,6.72373684928115,1.0725762555573992e-05,2.9014575292507477e-05,4.03424210956869,0.025,0.0,-0.03,0.0,1.0,0.0,0.01
41,1.3666548994253782,68,0.03833588951616532,0.0,-0.024602413894351294,0.005397586105648704,0.004602413894351296,9.204827788702591,3.1150172796025276e-05,2.385798317377532e-05,5.522896673221554,0.025,0.0,-0.03,0.0,1.0,0.0,0.01
41,1.3666548994253782,69,0.038295233508834035,0.0,-0.02584245800383896,0.00415754199616104,0.00584245800383896,11.684916007677922,7.346842754264853e-06,1.990900258116177e-05,7.010949604606753,0.025,0.0,-0.03,0.0,1.0,0.0,0.01
41,1.3666548994253782,70,0.03823430462436605,0.0,-0.027081671101244247,0.0029183288987557517,0.0070816711012442485,14.163342202488497,3.3645793654069263e-05,1.3819150149507332e-05,8.498005321493098,0.025,0.0,-0.03,0.0,1.0,0.0,0.01
41,1.3666548994253782,71,0.03815318799228418,0.0,-0.028319728756942372,0.0016802712430576267,0.008319728756942374,16.639457513884746,4.396314016486313e-06,1.0965594702450428e-05,9.983674508330848,0.025,0.0,-0.03,0.0,1.0,0.0,0.01
41,1.3666548994253782,72,0.038052027616441185,0.0,-0.029556315434153557,0.00044368456584644236,0.009556315434153558,19.112630868307114,3.42761585828008e-05,3.783756361810793e-06,11.467578520984269,0.025,0.0,-0.03,0.0,1.0,0.0,0.01
41,1.3666548994253782,73,0.03793075752752445,0.0,-0.03079110046908308,0.0007911004690830808,0.00920889953091692,18.41779906183384,-3.312165832080027e-06,2.0249048371297434e-06,11.050679437100303,0.025,0.0,-0.03,0.0,1.0,0.0,0.01
41,1.3666548994253782,74,0.03778951082896481,0.0,-0.03202377432091924,0.0020237743209192416,0.007976225679080759,15.952451358161516,-3.34763138805017e-05,6.054797540221098e-06,9.571470814896909,0.025,0.0,-0.03,0.0,1.0,0.0,0.01
41,1.3666548994253782,75,0.037629290811265766,0.0,-0.03325414174886336,0.0032541417488633623,0.006745858251136638,13.491716502273276,-2.088975329091597e-06,6.9252714184648405e-06,8.095029901363965,0.025,0.0,-0.03,0.0,1.0,0.0,0.01
41,1.3666548994253782,76,0.03745156340571599,0.0,-0.03448212035510457,0.00448212035510457,0.00551787964489543,11.03575928979086,-3.225062201334471e-05,1.586541468318169e-05,6.621455573874516,0.025,0.0,-0.03,0.0,1.0,0.0,0.01
41,1.3666548994253782,77,0.037257664777856185,0.0,-0.035707671972940606,0.0057076719729406075,0.004292328027059393,8.584656054118785,-7.946535013978434e-07,1.591766918177908e-05,5.150793632471271,0.025,0.0,-0.03,0.0,1.0,0.0,0.01
41,1.3666548994253782,78,0.03704883296549286,0.0,-0.03693078974117096,0.006930789741170965,0.0030692102588290356,6.138420517658071,-3.0168324934891683e-05,2.551860704895885e-05,3.6830523105948423,0.025,0.0,-0.03,0.0,1.0,0.0,0.01
41,1.3666548994253782,79,0.036826377390142204,0.0,-0.03815152469036661,0.008151524690366611,0.0018484753096333888,3.6969506192667776,-7.559176812607672e-08,2.5166454371346194e-05,2.2181703715600665,0.025,0.0,-0.03,0.0,1.0,0.0,0.01
41,1.3666548994253782,80,0.03660825882775245,0.0,-0.039382347697771714,0.009382347697771715,0.0006176523022282856,1.2353046044565712,-2.757244216224428e-05,3.50101729618768e-05,0.7411827626739427,0.025,0.0,-0.03,0.0,1.0,0.0,0.01
42,1.3999879457528264,65,0.038335906263800415,0.0,-0.02087999043324758,0.009120009566752418,0.0008799904332475825,1.759980866495165,1.9069223362844584e-05,2.8765699057836963e-05,1.055988519897099,0.025,0.0,-0.03,0.0,1.0,0.0,0.01
42,1.3999879457528264,66,0.0383556184493167,0.0,-0.02212055958427907,0.007879440415720928,0.0021205595842790723,4.241119168558145,1.0402814661569122e-05,2.5140000843104266e-05,2.5446715011348866,0.025,0.0,-0.03,0.0,1.0,0.0,0.01
42,1.3999879457528264,67,0.03835546149043723,0.0,-0.02336127760079696,0.006638722399203038,0.003361277600796962,6.722555201593924,2.197876267916684e-05,2.1525431484570524e-05,4.033533120956354,0.025,0.0,-0.03,0.0,1.0,0.0,0.01
42,1.3999879457528264,68,0.03833519145559745,0.0,-0.0246018246256409,0.005398175374359097,0.004601824625640903,9.203649251281806,7.722191916721176e-06,1.8233091752218175e-05,5.522189550769084,0.025,0.0,-0.03,0.0,1.0,0.0,0.01
42,1.3999879457528264,69,0.03829467344671469,0.0,-0.025841872607290314,0.004158127392709685,0.005841872607290315,11.68374521458063,2.4293499981415555e-05,1.4085130750046686e-05,7.010247128748378,0.025,0.0,-0.03,0.0,1.0,0.0,0.01
42,1.3999879457528264,70,0.038233882486185124,0.0,-0.027081091760103128,0.002918908239896871,0.007081091760103129,14.16218352020626,5.256607552243112e-06,1.146203611978828e-05,8.497310112123754,0.025,0.0,-0.03,0.0,1.0,0.0,0.01
42,1.3999879457528264,71,0.03815290354644935,0.0,-0.02831915778690995,0.0016808422130900474,0.008319157786909953,16.638315573819906,2.585125396999266e-05,6.538180441541683e-06,9.982989344291942,0.025,0.0,-0.03,0.0,1.0,0.0,0.01
42,1.3999879457528264,72,0.03805188003000787,0.0,-0.029555755019644487,0.00044424498035551194,0.009555755019644488,19.111510039288977,3.696671783991684e-06,4.76774085389161e-06,11.466906023573385,0.025,0.0,-0.03,0.0,1.0,0.0,0.01
42,1.3999879457528264,73,0.03793074585975107,0.0,-0.030790553008988766,0.0007905530089887675,0.009209446991011233,18.418893982022464,-2.5553875439019034e-05,8.824665571125024e-07,11.051336389213478,0.025,0.0,-0.03,0.0,1.0,0.0,0.01
42,1.3999879457528264,74,0.0377896347175632,0.0,-0.032023242097575726,0.0020232420975757268,0.007976757902424273,15.953515804848546,-2.7548148077974276e-06,1.9093992281894356e-06,9.572109482909127,0.025,0.0,-0.03,0.0,1.0,0.0,0.01
42,1.3999879457528264,75,0.037629550504583546,0.0,-0.03325362714019011,0.0032536271401901115,0.006746372859809889,13.492745719619778,-2.4828299730207288e-05,8.221685381473843e-06,8.095647431771866,0.025,0.0,-0.03,0.0,1.0,0.0,0.01
42,1.3999879457528264,76,0.03745195920369466,0.0,-0.03448162540740887,0.0044816254074088735,0.005518374592591127,11.036749185182254,-1.681420522030136e-06,8.630096725295119e-06,6.622049511109352,0.025,0.0,-0.03,0.0,1.0,0.0,0.01
42,1.3999879457528264,77,0.03725819647706161,0.0,-0.03570719854129732,0.005707198541297323,0.004292801458702677,8.585602917405355,-2.3740375830104637e-05,1.5561391780617245e-05,5.151361750443213,0.025,0.0,-0.03,0.0,1.0,0.0,0.01
42,1.3999879457528264,78,0.03704950032387478,0.0,-0.03693033943336748,0.006930339433367481,0.0030696605666325188,6.139321133265038,-8.706216025987627e-07,1.544616231483263e-05,3.6835926799590224,0.025,0.0,-0.03,0.0,1.0,0.0,0.01
42,1.3999879457528264,79,0.03682718010159967,0.0,-0.03815109906125078,0.008151099061250784,0.001848900938749216,3.6978018774984323,-2.1851797104217085e-05,2.266138038633649e-05,2.2186811264990594,0.025,0.0,-0.03,0.0,1.0,0.0,0.01
42,1.3999879457528264,80,0.03660920200771331,0.0,-0.0393819469285907,0.0093819469285907,0.0006180530714093007,1.2361061428186013,-2.248424804291613e-07,2.260449551038828e-05,0.7416636856911608,0.025,0.0,-0.03,0.0,1.0,0.0,0.01
43,1.4333209920802745,65,0.0383350763099275,0.0,-0.020879538536154298,0.009120461463845701,0.0008795385361542989,1.7590770723085978,9.247597844084107e-06,2.139108626978639e-05,1.0554462433851586,0.025,0.0,-0.03,0.0,1.0,0.0,0.01
43,1.4333209920802745,66,0.03835489126293971,0.0,-0.02212010555108238,0.00787989444891762,0.00212010555108238,4.24021110216476,1.543941357555016e-05,1.879275988601097e-05,2.5441266612988556,0.025,0.0,-0.03,0.0,1.0,0.0,0.01
43,1.4333209920802745,67,0.03835483737313076,0.0,-0.023360823016253935,0.006639176983746064,0.0033608230162539363,6.721646032507873,7.478255474032517e-06,1.6163284641596718e-05,4.032987619504723,0.025,0.0,-0.03,0.0,1.0,0.0,0.01
43,1.4333209920802745,68,0.03833467058363772,0.0,-0.024601371237186465,0.005398628762813534,0.004601371237186467,9.202742474372933,1.714516998175887e-05,1.330615373380385e-05,5.521645484623759,0.025,0.0,-0.03,0.0,1.0,0.0,0.01
43,1.4333209920802745,69,0.0382942558787327,0.0,-0.025841422012260525,0.004158577987739474,0.0058414220122605266,11.682844024521053,5.797219668296487e-06,1.1025619644263999e-05,7.009706414712632,0.025,0.0,-0.03,0.0,1.0,0.0,0.01
43,1.4333209920802745,70,0.03823356815871129,0.0,-0.02708064574834111,0.002919354251658887,0.007080645748341113,14.161291496682226,1.836843904959468e-05,7.72223500807107e-06,8.496774898009335,0.025,0.0,-0.03,0.0,1.0,0.0,0.01
43,1.4333209920802745,71,0.03815269229797735,0.0,-0.02831871792052094,0.001681282079479058,0.008318717920520942,16.637435841041885,4.292395200950194e-06,5.963406242865093e-06,9.98246150462513,0.025,0.0,-0.03,0.0,1.0,0.0,0.01
43,1.4333209920802745,72,0.038051771237036396,0.0,-0.029555323115675443,0.00044467688432455604,0.009555323115675444,19.110646231350888,1.8751068123087616e-05,2.1326174669509403e-06,11.466387738810532,0.025,0.0,-0.03,0.0,1.0,0.0,0.01
43,1.4333209920802745,73,0.037930738850809116,0.0,-0.03079013070060517,0.0007901307006051711,0.009209869299394829,18.419738598789657,-3.5222051384142945e-06,9.382844841857547e-07,11.051843159273794,0.025,0.0,-0.03,0.0,1.0,0.0,0.01
43,1.4333209920802745,74,0.0377897292133523,0.0,-0.032022831257007285,0.0020228312570072862,0.007977168742992714,15.954337485985429,-1.843645788470997e-05,3.3694411120930397e-06,9.572602491591256,0.025,0.0,-0.03,0.0,1.0,0.0,0.01
43,1.4333209920802745,75,0.03762974670562138,0.0,-0.03325322940578947,0.003253229405789468,0.006746770594210532,13.493541188421064,-2.7412633584768814e-06,4.089303947605082e-06,8.096124713052639,0.025,0.0,-0.03,0.0,1.0,0.0,0.01
43,1.4333209920802745,76,0.037452257311829044,0.0,-0.03448124245583176,0.0044812424558317646,0.005518757544168236,11.037515088336471,-1.7795460175036174e-05,8.849595123420761e-06,6.622509053001883,0.025,0.0,-0.03,0.0,1.0,0.0,0.01
43,1.4333209920802745,77,0.03725859636049092,0.0,-0.03570683162044199,0.005706831620441992,0.004293168379558008,8.586336759116017,-1.9956843778801326e-06,9.160277059238763e-06,5.15180205546961,0.025,0.0,-0.03,0.0,1.0,0.0,0.01
43,1.4333209920802745,78,0.03705000177944666,0.0,-0.03692998988752128,0.006929989887521283,0.003070010112478717,6.140020224957434,-1.6670458840298392e-05,1.424634856364452e-05,3.68401213497446,0.025,0.0,-0.03,0.0,1.0,0.0,0.01
43,1.4333209920802745,79,0.03682778292330666,0.0,-0.03815076791727408,0.00815076791727408,0.0018492320827259209,3.6984641654518415,-1.532164717484164e-06,1.4351354171935034e-05,2.219078499271105,0.025,0.0,-0.03,0.0,1.0,0.0,0.01
43,1.4333209920802745,80,0.0366099100168767,0.0,-0.03938163445757631,0.00938163445757631,0.0006183655424236902,1.2367310848473805,-1.527123959245557e-05,1.9572267212710707e-05,0.7420386509084282,0.025,0.0,-0.03,0.0,1.0,0.0,0.01
44,1.466654038407723,65,0.038334456953075316,0.0,-0.020879192058510996,0.009120807941489003,0.0008791920585109973,1.7583841170219945,1.0784330316322426e-05,1.6023961696964944e-05,1.0550304702131967,0.025,0.0,-0.03,0.0,1.0,0.0,0.01
44,1.466654038407723,66,0.038354348752716406,0.0,-0.02211975740974594,0.00788024259025406,0.00211975740974594,4.23951481949188,6.807078027727933e-06,1.3993086983693834e-05,2.543708891695128,0.025,0.0,-0.03,0.0,1.0,0.0,0.01
44,1.466654038407723,67,0.03835437192945291,0.0,-0.0233604745019059,0.0066395254980940975,0.0033604745019059027,6.720949003811805,1.1970039255433918e-05,1.1979436126549615e-05,4.032569402287083,0.025,0.0,-0.03,0.0,1.0,0.0,0.01
44,1.466654038407723,68,0.03833428233534923,0.0,-0.02460102352246282,0.00539897647753718,0.0046010235224628205,9.20204704492564,5.735295206261987e-06,1.0105017889342462e-05,5.521228226955384,0.025,0.0,-0.03,0.0,1.0,0.0,0.01
44,1.466654038407723,69,0.038293944862682526,0.0,-0.025841076451507992,0.004158923548492007,0.005841076451507993,11.682152903015986,1.2868423680792221e-05,7.860796857301804e-06,7.009291741809592,0.025,0.0,-0.03,0.0,1.0,0.0,0.01
44,1.466654038407723,70,0.03823333433426007,0.0,-0.027080303495861872,0.0029196965041381265,0.007080303495861874,14.160606991723748,4.722200214646193e-06,6.268686577121474e-06,8.496364195034248,0.025,0.0,-0.03,0.0,1.0,0.0,0.01
44,1.466654038407723,71,0.03815253553340855,0.0,-0.028318380349042285,0.0016816196509577136,0.008318380349042287,16.636760698084572,1.3420564299207634e-05,3.7064108401666615e-06,9.982056418850743,0.025,0.0,-0.03,0.0,1.0,0.0,0.01
44,1.466654038407723,72,0.0380516910921675,0.0,-0.029554991370084105,0.00044500862991589396,0.009554991370084106,19.109982740168213,3.96526259035385e-06,2.4730532358741223e-06,11.465989644100928,0.025,0.0,-0.03,0.0,1.0,0.0,0.01
44,1.466654038407723,73,0.037930734816629175,0.0,-0.03078980622073696,0.0007898062207369605,0.00921019377926304,18.42038755852608,-1.3321915746104687e-05,4.084444185404472e-07,11.052232535115648,0.025,0.0,-0.03,0.0,1.0,0.0,0.01
44,1.466654038407723,74,0.03778980110794705,0.0,-0.03202251524182786,0.002022515241827859,0.007977484758172141,15.954969516344283,-3.387706245396126e-06,1.296209123081769e-06,9.57298170980657,0.025,0.0,-0.03,0.0,1.0,0.0,0.01
44,1.466654038407723,75,0.03762989465422928,0.0,-0.03325292328399616,0.0032529232839961578,0.0067470767160038424,13.494153432007685,-1.2953416007191024e-05,4.485195942784542e-06,8.09649205920461,0.025,0.0,-0.03,0.0,1.0,0.0,0.01
44,1.466654038407723,76,0.03745248148710586,0.0,-0.03448094728582441,0.004480947285824412,0.0055190527141755884,11.038105428351177,-2.79981388658836e-06,5.094643085003967e-06,6.622863257010706,0.025,0.0,-0.03,0.0,1.0,0.0,0.01
44,1.466654038407723,77,0.037258896636020444,0.0,-0.0357065485320931,0.0057065485320931045,0.004293451467906896,8.586902935813791,-1.2317001828933066e-05,8.543047401686616e-06,5.1521417614882745,0.025,0.0,-0.03,0.0,1.0,0.0,0.01
44,1.466654038407723,78,0.037050378034201886,0.0,-0.036929719690770434,0.006929719690770435,0.0030702803092295654,6.140560618459131,-2.3276707438991984e-06,8.937410766797852e-06,3.6843363710754784,0.025,0.0,-0.03,0.0,1.0,0.0,0.01
44,1.466654038407723,79,0.03682823497113765,0.0,-0.03815051157151556,0.008150511571515563,0.001849488428484437,3.698976856968874,-1.1327687341447829e-05,1.2500942816866037e-05,2.2193861141813245,0.025,0.0,-0.03,0.0,1.0,0.0,0.01
44,1.466654038407723,80,0.03661044075765303,0.0,-0.03938139198085978,0.009381391980859778,0.000618608019140222,1.237216038280444,-1.8945475900571585e-06,1.2939658249640467e-05,0.7423296229682664,0.025,0.0,-0.03,0.0,1.0,0.0,0.01
45,1.499987084735171,65,0.038333995227375225,0.0,-0.020878927179879277,0.009121072820120722,0.000878927179879278,1.7578543597585559,5.765742284669013e-06,1.1884247537850867e-05,1.0547126158551334,0.025,0.0,-0.03,0.0,1.0,0.0,0.01
45,1.499987084735171,66,0.03835394442653323,0.0,-0.022119491319050024,0.007880508680949975,0.0021194913190500254,4.238982638100051,8.455821957735681e-06,1.0437176310686198e-05,2.5433895828600304,0.025,0.0,-0.03,0.0,1.0,0.0,0.01
45,1.499987084735171,67,0.03835402516253219,0.0,-0.02336020806046624,0.006639791939533759,0.0033602080604662413,6.720416120932483,5.1289534268617855e-06,8.964279314540612e-06,4.032249672559489,0.025,0.0,-0.03,0.0,1.0,0.0,0.01
45,1.499987084735171,68,0.03833399321928847,0.0,-0.024600757735525305,0.005399242264474694,0.004600757735525306,9.201515471050612,9.076249222253809e-06,7.399151375746789e-06,5.520909282630368,0.025,0.0,-0.03,0.0,1.0,0.0,0.01
45,1.499987084735171,69,0.038293713427137055,0.0,-0.025840812176237325,0.004159187823762674,0.005840812176237326,11.681624352474651,4.502710835790659e-06,6.0661401103317475e-06,7.008974611484791,0.025,0.0,-0.03,0.0,1.0,0.0,0.01
45,1.499987084735171,70,0.038233160540766614,0.0,-0.027080041771018682,0.002919958228981317,0.007080041771018683,14.160083542037366,9.47826196669365e-06,4.3264337353066165e-06,8.49605012522242,0.025,0.0,-0.03,0.0,1.0,0.0,0.01
45,1.499987084735171,71,0.038152419295892394,0.0,-0.02831812200337295,0.00168187799662705,0.00831812200337295,16.6362440067459,3.9130563341470916e-06,3.192958262876397e-06,9.98174640404754,0.025,0.0,-0.03,0.0,1.0,0.0,0.01
45,1.499987084735171,72,0.038051632073061545,0.0,-0.029554737468976265,0.00044526253102373375,0.009554737468976266,19.109474937952534,9.577927309017673e-06,1.2537075603594016e-06,11.46568496277152,0.025,0.0,-0.03,0.0,1.0,0.0,0.01
45,1.499987084735171,73,0.03793073266303079,0.0,-0.03078955763416223,0.0007895576341622294,0.00921044236583777,18.420884731675542,-3.4841893985306203e-06,3.549249055549798e-07,11.052530839005325,0.025,0.0,-0.03,0.0,1.0,0.0,0.01
45,1.499987084735171,74,0.03778985566689869,0.0,-0.032022273073149456,0.0020222730731494568,0.007977726926850543,15.955453853701087,-9.402941186524671e-06,1.7824257944034793e-06,9.573272312220652,0.025,0.0,-0.03,0.0,1.0,0.0,0.01
45,1.499987084735171,75,0.037630006041493365,0.0,-0.033252688401669415,0.0032526884016694166,0.006747311598330584,13.494623196661168,-3.051031797127418e-06,2.480947866587995e-06,8.0967739179967,0.025,0.0,-0.03,0.0,1.0,0.0,0.01
45,1.499987084735171,76,0.03745264980339198,0.0,-0.03448072068137258,0.004480720681372584,0.005519279318627416,11.038558637254832,-9.027912528933815e-06,4.805681298418097e-06,6.623135182352899,0.025,0.0,-0.03,0.0,1.0,0.0,0.01
45,1.499987084735171,77,0.03725912181572843,0.0,-0.0357063308498486,0.005706330849848604,0.0042936691501513965,8.587338300302793,-2.6485452912763477e-06,5.3479868089966985e-06,5.152402980181676,0.025,0.0,-0.03,0.0,1.0,0.0,0.01
45,1.499987084735171,78,0.03705065995588346,0.0,-0.03692951173404876,0.006929511734048759,0.0030704882659512416,6.140976531902483,-8.425896217399042e-06,7.792382185890524e-06,3.68458591914149,0.025,0.0,-0.03,0.0,1.0,0.0,0.01
45,1.499987084735171,79,0.036828573528239233,0.0,-0.03815031386300583,0.008150313863005833,0.0018496861369941674,3.699372273988335,-2.327219769716477e-06,8.25515304562525e-06,2.219623364393001,0.025,0.0,-0.03,0.0,1.0,0.0,0.01
45,1.499987084735171,80,0.03661083809024389,0.0,-0.03938120472338842,0.009381204723388423,0.0006187952766115775,1.237590553223155,-7.710613284991061e-06,1.0766587604516217e-05,0.742554331933893,0.025,0.0,-0.03,0.0,1.0,0.0,0.01
46,1.5333201310626194,65,0.03833365133958912,0.0,-0.020878725267195104,0.009121274732804895,0.0008787252671951049,1.7574505343902098,5.8234668294166945e-06,8.871951124682425e-06,1.054470320634126,0.025,0.0,-0.03,0.0,1.0,0.0,0.01
46,1.5333201310626194,66,0.038353643366907976,0.0,-0.022119288451513796,0.007880711548486203,0.0021192884515137973,4.238576903027594,4.47354254194324e-06,7.761107668126382e-06,2.5431461418165564,0.025,0.0,-0.03,0.0,1.0,0.0,0.01
46,1.5333201310626194,67,0.0383537670476758,0.0,-0.02336000497439195,0.00663999502560805,0.0033600049743919506,6.720009948783901,6.370150781804309e-06,6.641929432049924e-06,4.03200596927034,0.025,0.0,-0.03,0.0,1.0,0.0,0.01
46,1.5333201310626194,68,0.03833377811660654,0.0,-0.024600555065382772,0.005399444934617227,0.004600555065382773,9.201110130765546,3.97955264701619e-06,5.5792884121575236e-06,5.520666078459327,0.025,0.0,-0.03,0.0,1.0,0.0,0.01
46,1.5333201310626194,69,0.03829354135374623,0.0,-0.025840610697186052,0.004159389302813947,0.005840610697186053,11.681221394372107,6.782304107372334e-06,4.369573756413458e-06,7.008732836623264,0.025,0.0,-0.03,0.0,1.0,0.0,0.01
46,1.5333201310626194,70,0.03823303147396695,0.0,-0.027079842104149005,0.0029201578958509937,0.0070798421041490065,14.159684208298014,3.4925869535902674e-06,3.421943874088955e-06,8.495810524978808,0.025,0.0,-0.03,0.0,1.0,0.0,0.01
46,1.5333201310626194,71,0.03815233316209,0.0,-0.02831792493675351,0.0016820750632464895,0.00831792493675351,16.63584987350702,7.0277256471712015e-06,2.082808746160903e-06,9.981509924104211,0.025,0.0,-0.03,0.0,1.0,0.0,0.01
46,1.5333201310626194,72,0.038051588638549155,0.0,-0.02955454361905683,0.0004454563809431697,0.00955454361905683,19.109087238113663,3.1031300954452687e-06,1.2863778947964741e-06,11.465452342868197,0.025,0.0,-0.03,0.0,1.0,0.0,0.01
46,1.5333201310626194,73,0.03793073165447878,0.0,-0.030789367833374992,0.0007893678333749932,0.009210632166625007,18.421264333250015,-6.96793006654808e-06,1.8900710932186354e-07,11.052758599950009,0.025,0.0,-0.03,0.0,1.0,0.0,0.01
46,1.5333201310626194,74,0.03778989699140856,0.0,-0.032022087968715536,0.002022087968715537,0.007977912031284463,15.955824062568926,-2.7882044413981145e-06,8.326422291390379e-07,9.573494437541354,0.025,0.0,-0.03,0.0,1.0,0.0,0.01
46,1.5333201310626194,75,0.037630089764082005,0.0,-0.033252508819903256,0.0032525088199032576,0.006747491180096743,13.494982360193486,-6.7563225504714355e-06,2.4411564894522513e-06,8.096989416116092,0.025,0.0,-0.03,0.0,1.0,0.0,0.01
46,1.5333201310626194,76,0.03745277602010793,0.0,-0.034480547187389986,0.004480547187389987,0.005519452812610013,11.038905625220027,-2.45782697453477e-06,2.965943639547307e-06,6.623343375132015,0.025,0.0,-0.03,0.0,1.0,0.0,0.01
46,1.5333201310626194,77,0.03725929045262205,0.0,-0.03570616409953374,0.005706164099533742,0.004293835900466258,8.587671800932517,-6.4224203469274795e-06,4.68432936490697e-06,5.15260308055951,0.025,0.0,-0.03,0.0,1.0,0.0,0.01
46,1.5333201310626194,78,0.03705087094958759,0.0,-0.03692935215355757,0.006929352153557569,0.003070647846442431,6.141295692884862,-2.1610430579397606e-06,5.116140964045095e-06,3.6847774157309168,0.025,0.0,-0.03,0.0,1.0,0.0,0.01
46,1.5333201310626194,79,0.036828826770926075,0.0,-0.03815016201163444,0.008150162011634439,0.0018498379883655613,3.6996759767311227,-5.918731150679961e-06,6.8845522245349755e-06,2.2198055860386736,0.025,0.0,-0.03,0.0,1.0,0.0,0.01
46,1.5333201310626194,80,0.03661113521197205,0.0,-0.039381060589024484,0.009381060589024486,0.0006189394109755147,1.2378788219510293,-1.8786707684127672e-06,7.34291240531817e-06,0.7427272931706176,0.025,0.0,-0.03,0.0,1.0,0.0,0.01
47,1.5666531773900676,65,0.03833339543940848,0.0,-0.02087857170344708,0.009121428296552919,0.0008785717034470817,1.7571434068941634,3.7717883172121266e-06,6.600399079306852e-06,1.054286044136498,0.025,0.0,-0.03,0.0,1.0,0.0,0.01
47,1.5666531773900676,66,0.038353419392590585,0.0,-0.022119134204409367,0.007880865795590632,0.002119134204409368,4.238268408818736,4.389201153761855e-06,5.7725047780098836e-06,2.5429610452912415,0.025,0.0,-0.03,0.0,1.0,0.0,0.01
47,1.5666531773900676,67,0.038353575083709915,0.0,-0.023359850513609594,0.006640149486390405,0.003359850513609595,6.71970102721919,3.5184165995718707e-06,4.9536077562823e-06,4.031820616331514,0.025,0.0,-0.03,0.0,1.0,0.0,0.01
47,1.5666531773900676,68,0.03833361821052884,0.0,-0.024600400961787512,0.005399599038212487,0.0046004009617875135,9.200801923575026,4.6536362504345455e-06,4.102204328115184e-06,5.520481154145016,0.025,0.0,-0.03,0.0,1.0,0.0,0.01
47,1.5666531773900676,69,0.038293413520387676,0.0,-0.02584045741326892,0.004159542586731079,0.005840457413268921,11.680914826537842,3.23379280558551e-06,3.325020079387125e-06,7.008548895922705,0.025,0.0,-0.03,0.0,1.0,0.0,0.01
47,1.5666531773900676,70,0.03823293569055502,0.0,-0.02707969023363289,0.002920309766367108,0.007079690233632892,14.159380467265784,4.832375328883309e-06,2.415376558280721e-06,8.49562828035947,0.025,0.0,-0.03,0.0,1.0,0.0,0.01
47,1.5666531773900676,71,0.03815226938254747,0.0,-0.028317774922605864,0.0016822250773941352,0.008317774922605865,16.63554984521173,2.9359234279884105e-06,1.7068929495613803e-06,9.981329907127039,0.025,0.0,-0.03,0.0,1.0,0.0,0.01
47,1.5666531773900676,72,0.03805155668070773,0.0,-0.02955439607477826,0.0004456039252217388,0.009554396074778261,19.10879214955652,4.90508143288912e-06,7.255259208435458e-07,11.465275289733912,0.025,0.0,-0.03,0.0,1.0,0.0,0.01
47,1.5666531773900676,73,0.037930731332615084,0.0,-0.030789223226558884,0.0007892232265588849,0.009210776773441115,18.42155354688223,-2.6469384996488175e-06,1.1844200013913622e-07,11.052932128129337,0.025,0.0,-0.03,0.0,1.0,0.0,0.01
47,1.5666531773900676,74,0.0377899282225137,0.0,-0.03202194693641635,0.002021946936416351,0.00797805306358365,15.956106127167299,-4.8516236250008274e-06,9.505061226068777e-07,9.573663676300379,0.025,0.0,-0.03,0.0,1.0,0.0,0.01
47,1.5666531773900676,75,0.037630152613682494,0.0,-0.033252371827775025,0.003252371827775026,0.006747628172224974,13.495256344449949,-2.3710533664467316e-06,1.4669871594804307e-06,8.097153806669969,0.025,0.0,-0.03,0.0,1.0,0.0,0.01
47,1.5666531773900676,76,0.03745287053898645,0.0,-0.03448041480815734,0.004480414808157342,0.0055195851918426585,11.039170383685317,-4.674739141786079e-06,2.6204772842656383e-06,6.62350223021119,0.025,0.0,-0.03,0.0,1.0,0.0,0.01
47,1.5666531773900676,77,0.03725941660735163,0.0,-0.03570603667161767,0.005706036671617669,0.004293963328382331,8.587926656764663,-2.1131851310415553e-06,3.070294553590192e-06,5.152755994058798,0.025,0.0,-0.03,0.0,1.0,0.0,0.01
47,1.5666531773900676,78,0.03705102866960258,0.0,-0.03692923014368841,0.00692923014368841,0.0030707698563115903,6.141539712623181,-4.3801165848614145e-06,4.274919641148159e-06,3.6849238275739085,0.025,0.0,-0.03,0.0,1.0,0.0,0.01
47,1.5666531773900676,79,0.036829016000172944,0.0,-0.038150045691268133,0.008150045691268135,0.0018499543087318656,3.699908617463731,-1.8905181112780778e-06,4.6870441261313845e-06,2.2199451704782387,0.025,0.0,-0.03,0.0,1.0,0.0,0.01
47,1.5666531773900676,80,0.036611357144289584,0.0,-0.03938095009072829,0.009380950090728292,0.0006190499092717083,1.2380998185434164,-4.017494795786835e-06,5.93050935485216e-06,0.7428598911260499,0.025,0.0,-0.03,0.0,1.0,0.0,0.01
48,1.599986223717516,65,0.03833320517006734,0.0,-0.020878455195568458,0.009121544804431541,0.0008784551955684592,1.7569103911369184,3.2696516545595783e-06,4.913714551337663e-06,1.054146234682151,0.025,0.0,-0.03,0.0,1.0,0.0,0.01
48,1.599986223717516,66,0.03835325290009253,0.0,-0.022119017157071423,0.007880982842928576,0.0021190171570714244,4.2380343141428485,2.793788215600649e-06,4.288101772670464e-06,2.542820588485709,0.025,0.0,-0.03,0.0,1.0,0.0,0.01
48,1.599986223717516,67,0.03835343242958191,0.0,-0.02335973333766893,0.006640266662331067,0.003359733337668933,6.719466675337866,3.313442081454591e-06,3.6717017592726375e-06,4.03168000520272,0.025,0.0,-0.03,0.0,1.0,0.0,0.01
48,1.599986223717516,68,0.03833349942998258,0.0,-0.02460028400451339,0.005399715995486609,0.004600284004513391,9.200568009026782,2.7753626453560423e-06,3.066434590636607e-06,5.520340805416069,0.025,0.0,-0.03,0.0,1.0,0.0,0.01
48,1.599986223717516,69,0.03829331862123066,0.0,-0.025840341112553223,0.004159658887446776,0.005840341112553224,11.680682225106448,3.2984109017557627e-06,2.4318317648649835e-06,7.0084093350638685,0.025,0.0,-0.03,0.0,1.0,0.0,0.01
48,1.599986223717516,70,0.03823286466014664,0.0,-0.02707957492384773,0.0029204250761522693,0.007079574923847731,14.159149847695462,2.7327008044911746e-06,1.8430842001643513e-06,8.495489908617277,0.025,0.0,-0.03,0.0,1.0,0.0,0.01
48,1.599986223717516,71,0.03815222217982957,0.0,-0.028317661053977896,0.001682338946022103,0.008317661053977897,16.635322107955794,3.230870739385296e-06,1.1970205613363912e-06,9.981193264773475,0.025,0.0,-0.03,0.0,1.0,0.0,0.01
48,1.599986223717516,72,0.038051533181907536,0.0,-0.02955428397602242,0.0004457160239775791,0.009554283976022421,19.108567952044844,2.607737351161797e-06,6.2870049934618e-07,11.465140771226906,0.025,0.0,-0.03,0.0,1.0,0.0,0.01
48,1.599986223717516,73,0.03793073139081722,0.0,-0.030789113378237618,0.0007891133782376193,0.009210886621762381,18.42177324352476,-3.208769002908824e-06,4.084114429730919e-08,11.053063946114856,0.025,0.0,-0.03,0.0,1.0,0.0,0.01
48,1.599986223717516,74,0.03778995179078856,0.0,-0.03202183968352524,0.002021839683525241,0.00797816031647476,15.956320632949518,-2.422177857787795e-06,5.677359313591182e-07,9.57379237976971,0.025,0.0,-0.03,0.0,1.0,0.0,0.01
48,1.599986223717516,75,0.03763019972521683,0.0,-0.033252267648177444,0.0032522676481774454,0.006747732351822555,13.49546470364511,-3.1017519031850257e-06,1.2725444056426118e-06,8.097278822187066,0.025,0.0,-0.03,0.0,1.0,0.0,0.01
48,1.599986223717516,76,0.037452941247579016,0.0,-0.03448031399874715,0.004480313998747154,0.005519686001252846,11.039372002505692,-2.2559441526940143e-06,1.7738531130978373e-06,6.623623201503415,0.025,0.0,-0.03,0.0,1.0,0.0,0.01
48,1.599986223717516,77,0.037259510869457606,0.0,-0.03570593961463324,0.00570593961463324,0.00429406038536676,8.58812077073352,-2.8877030838631577e-06,2.490410078244363e-06,5.152872462440111,0.025,0.0,-0.03,0.0,1.0,0.0,0.01
48,1.599986223717516,78,0.03705114645294747,0.0,-0.03692913705754277,0.006929137057542771,0.003070862942457229,6.141725884914458,-2.090417722993933e-06,2.985094230232906e-06,3.685035530948675,0.025,0.0,-0.03,0.0,1.0,0.0,0.01
48,1.599986223717516,79,0.036829157241875826,0.0,-0.03814995690459046,0.008149956904590458,0.0018500430954095422,3.7000861908190843,-2.6389937219224024e-06,3.702557675582704e-06,2.2200517144914507,0.025,0.0,-0.03,0.0,1.0,0.0,0.01
48,1.599986223717516,80,0.03661152275706209,0.0,-0.03938086557982787,0.009380865579827868,0.0006191344201721318,1.2382688403442637,-1.896367186366732e-06,4.220190245140515e-06,0.7429613042065581,0.025,0.0,-0.03,0.0,1.0,0.0,0.01
49,1.6333192700449641,65,0.03833306380730978,0.0,-0.02087836696614659,0.00912163303385341,0.00087836696614659,1.75673393229318,2.244971585097476e-06,3.637067546637106e-06,1.054040359375908,0.025,0.0,-0.03,0.0,1.0,0.0,0.01
49,1.6333192700449641,66,0.03835312923059041,0.0,-0.022118928543336056,0.007881071456663943,0.0021189285433360575,4.237857086672115,2.347259884849562e-06,3.185194553886855e-06,2.5427142520032686,0.025,0.0,-0.03,0.0,1.0,0.0,0.01
49,1.6333192700449641,67,0.03835332649799189,0.0,-0.023359644598636615,0.006640355401363384,0.003359644598636616,6.719289197273232,2.2701303610799692e-06,2.728463526019164e-06,4.031573518363939,0.025,0.0,-0.03,0.0,1.0,0.0,0.01
49,1.6333192700449641,68,0.03833341126097991,0.0,-0.024600195457981644,0.005399804542018355,0.004600195457981645,9.20039091596329,2.3351906766723622e-06,2.268788735292049e-06,5.520234549577974,0.025,0.0,-0.03,0.0,1.0,0.0,0.01
49,1.6333192700449641,69,0.038293248222054634,0.0,-0.02584025301309772,0.0041597469869022775,0.005840253013097723,11.680506026195445,2.262373850263615e-06,1.8133151821292817e-06,7.008303615717267,0.025,0.0,-0.03,0.0,1.0,0.0,0.01
49,1.6333192700449641,70,0.03823281201773413,0.0,-0.027079487602247574,0.002920512397752425,0.007079487602247575,14.158975204495151,2.296828428298231e-06,1.3527560584395617e-06,8.49538512269709,0.025,0.0,-0.03,0.0,1.0,0.0,0.01
49,1.6333192700449641,71,0.038152187269130354,0.0,-0.028317574753690896,0.0016824252463091029,0.008317574753690897,16.635149507381794,2.2211705473538883e-06,8.966696782712851e-07,9.981089704429076,0.025,0.0,-0.03,0.0,1.0,0.0,0.01
49,1.6333192700449641,72,0.03805151590527624,0.0,-0.029554199040277965,0.00044580095972203415,0.009554199040277966,19.108398080555933,2.258100089445108e-06,4.387626040377724e-07,11.46503884833356,0.025,0.0,-0.03,0.0,1.0,0.0,0.01
49,1.6333192700449641,73,0.03793073164999433,0.0,-0.03078903006481766,0.0007890300648176612,0.009210969935182339,18.421939870364678,-2.1004612047166e-06,2.6619299765470107e-09,11.053163922218806,0.025,0.0,-0.03,0.0,1.0,0.0,0.01
49,1.6333192700449641,74,0.03778996954142435,0.0,-0.0320217583510682,0.002021758351068201,0.0079782416489318,15.956483297863599,-2.196889150942274e-06,4.7013636701037997e-07,9.573889978718158,0.025,0.0,-0.03,0.0,1.0,0.0,0.01
49,1.6333192700449641,75,0.037630235003550214,0.0,-0.03325218855155864,0.003252188551558642,0.006747811448441358,13.495622896882717,-1.9724780209539866e-06,8.988465299024447e-07,8.09737373812963,0.025,0.0,-0.03,0.0,1.0,0.0,0.01
49,1.6333192700449641,76,0.037452994079771595,0.0,-0.034480237460853186,0.004480237460853187,0.005519762539146813,11.039525078293627,-2.0779822828207437e-06,1.3769471778854618e-06,6.623715046976176,0.025,0.0,-0.03,0.0,1.0,0.0,0.01
49,1.6333192700449641,77,0.03725958123779099,0.0,-0.03570586581806133,0.005705865818061331,0.004294134181938669,8.588268363877338,-1.840369821922292e-06,1.8042218064042479e-06,5.152961018326403,0.025,0.0,-0.03,0.0,1.0,0.0,0.01
49,1.6333192700449641,78,0.03705123431758484,0.0,-0.03692906626592352,0.006929066265923524,0.0030709337340764763,6.141867468152952,-1.9242350772973867e-06,2.2808819759735386e-06,3.6851204808917712,0.025,0.0,-0.03,0.0,1.0,0.0,0.01
49,1.6333192700449641,79,0.03682926257253632,0.0,-0.03814988926361479,0.00814988926361479,0.00185011073638521,3.70022147277042,-1.6883191583084416e-06,2.7050155098489402e-06,2.220132883662252,0.025,0.0,-0.03,0.0,1.0,0.0,0.01
49,1.6333192700449641,80,0.03661164621784327,0.0,-0.039380801168106994,0.009380801168106995,0.0006191988318930055,1.238397663786011,-1.7542830929269388e-06,3.1984706379076433e-06,0.7430385982716066,0.025,0.0,-0.03,0.0,1.0,0.0,0.01
50,1.6666523163724123,65,0.03833295885634835,0.0,-0.020878300290682633,0.009121699709317366,0.0008783002906826345,1.756600581365269,1.7046913315743605e-06,2.6996361331496945e-06,1.0539603488191613,0.025,0.0,-0.03,0.0,1.0,0.0,0.01
50,1.6666523163724123,66,0.038353037435052154,0.0,-0.022118861563794393,0.007881138436205606,0.0021188615637943945,4.237723127588789,1.7594673346571217e-06,2.363878629150822e-06,2.5426338765532734,0.025,0.0,-0.03,0.0,1.0,0.0,0.01
50,1.6666523163724123,67,0.038353247890485484,0.0,-0.02335957754429507,0.006640422455704929,0.0033595775442950716,6.719155088590143,1.7296790359462012e-06,2.0232360980723928e-06,4.031493053154086,0.025,0.0,-0.03,0.0,1.0,0.0,0.01
50,1.6666523163724123,68,0.038333345859802796,0.0,-0.02460012852041437,0.005399871479585629,0.0046001285204143715,9.200257040828744,1.7454495248421908e-06,1.6833023232869204e-06,5.520154224497246,0.025,0.0,-0.03,0.0,1.0,0.0,0.01
50,1.6666523163724123,69,0.038293196030833594,0.0,-0.025840186433637256,0.004159813566362743,0.005840186433637257,11.680372867274514,1.7282467271835262e-06,1.342673651488899e-06,7.008223720364708,0.025,0.0,-0.03,0.0,1.0,0.0,0.01
50,1.6666523163724123,70,0.038232773029107534,0.0,-0.027079421568114655,0.0029205784318853435,0.007079421568114657,14.158843136229313,1.7135856448872029e-06,1.0027684171299574e-06,8.495305881737588,0.025,0.0,-0.03,0.0,1.0,0.0,0.01
50,1.6666523163724123,71,0.038152161460871026,0.0,-0.028317509510378553,0.0016824904896214458,0.008317509510378554,16.63501902075711,1.7007400695092083e-06,6.642684496111229e-07,9.981011412454265,0.025,0.0,-0.03,0.0,1.0,0.0,0.01
50,1.6666523163724123,72,0.038051503211004416,0.0,-0.029554134774741447,0.00044586522525855155,0.009554134774741449,19.1082695494829,1.6498428705331e-06,3.26684227446164e-07,11.464961729689739,0.025,0.0,-0.03,0.0,1.0,0.0,0.01
50,1.6666523163724123,73,0.037930731991964214,0.0,-0.03078896703952981,0.0007889670395298115,0.009211032960470189,18.422065920940376,-1.67016858175588e-06,1.4008527608969111e-08,11.053239552564225,0.025,0.0,-0.03,0.0,1.0,0.0,0.01
50,1.6666523163724123,74,0.037789982894650374,0.0,-0.03202169676261721,0.002021696762617209,0.007978303237382791,15.956606474765582,-1.5623180872323366e-06,3.412352217029414e-07,9.57396388485935,0.025,0.0,-0.03,0.0,1.0,0.0,0.01
50,1.6666523163724123,75,0.03763026138646618,0.0,-0.033252128660856375,0.0032521286608563765,0.006747871339143624,13.495742678287247,-1.5998112349665103e-06,6.887968198359696e-07,8.097445606972348,0.025,0.0,-0.03,0.0,1.0,0.0,0.01
50,1.6666523163724123,76,0.037453033520630834,0.0,-0.03448017943708779,0.00448017943708779,0.00551982056291221,11.039641125824419,-1.4680635926524032e-06,1.0123870016265662e-06,6.623784675494651,0.025,0.0,-0.03,0.0,1.0,0.0,0.01
50,1.6666523163724123,77,0.03725963371324342,0.0,-0.03570580986795143,0.005705809867951432,0.004294190132048568,8.588380264097136,-1.4959889908649894e-06,1.3602675396187474e-06,5.153028158458281,0.025,0.0,-0.03,0.0,1.0,0.0,0.01
50,1.6666523163724123,78,0.03705129980899419,0.0,-0.036929012515429606,0.006929012515429607,0.003070987484570393,6.1419749691407866,-1.3612737849604102e-06,1.6834080229522553e-06,3.685184981484472,0.025,0.0,-0.03,0.0,1.0,0.0,0.01
50,1.6666523163724123,79,0.03682934104597632,0.0,-0.03814983788939565,0.008149837889395654,0.0018501621106043458,3.7003242212086915,-1.3742212538124736e-06,2.0302929419372267e-06,2.220194532725215,0.025,0.0,-0.03,0.0,1.0,0.0,0.01
50,1.6666523163724123,80,0.03661173817969856,0.0,-0.03938075216259843,0.009380752162598434,0.0006192478374015663,1.2384956748031326,-1.242047995767346e-06,2.365577341912129e-06,0.7430974048818796,0.025,0.0,-0.03,0.0,1.0,0.0,0.01
51,1.6999853626998607,65,0.03833288099130005,0.0,-0.020878249980251794,0.009121750019748204,0.0008782499802517958,1.7564999605035916,1.4724586254534418e-06,2.015548153235354e-06,1.0538999763021548,0.025,0.0,-0.03,0.0,1.0,0.0,0.01
51,1.6999853626998607,66,0.03835296934444479,0.0,-0.022118811038258197,0.007881188961741802,0.0021188110382581987,4.237622076516398,1.152794567517289e-06,1.7502704617650417e-06,2.5425732459098387,0.025,0.0,-0.03,0.0,1.0,0.0,0.01
51,1.6999853626998607,67,0.03835318959787313,0.0,-0.0233595269464546,0.006640473053545398,0.003359526946454602,6.719053892909204,1.4596965375645282e-06,1.4992068152415675e-06,4.031432335745523,0.025,0.0,-0.03,0.0,1.0,0.0,0.01
51,1.6999853626998607,68,0.03833329737799338,0.0,-0.024600078025997143,0.005399921974002856,0.004600078025997144,9.200156051994288,1.1802607896993181e-06,1.250111347920186e-06,5.5200936311965725,0.025,0.0,-0.03,0.0,1.0,0.0,0.01
51,1.6999853626998607,69,0.03829315736330277,0.0,-0.02584013618317029,0.004159863816829708,0.005840136183170292,11.680272366340585,1.4165276475547949e-06,9.904084581986746e-07,7.008163419804351,0.025,0.0,-0.03,0.0,1.0,0.0,0.01
51,1.6999853626998607,70,0.03823274416846243,0.0,-0.027079371744226335,0.002920628255773664,0.007079371744226336,14.158743488452671,1.20119680266939e-06,7.469954237591799e-07,8.495246093071602,0.025,0.0,-0.03,0.0,1.0,0.0,0.01
51,1.6999853626998607,71,0.03815214239344098,0.0,-0.028317460247746392,0.0016825397522536069,0.008317460247746393,16.634920495492786,1.3511550443308056e-06,4.829619166461919e-07,9.980952297295671,0.025,0.0,-0.03,0.0,1.0,0.0,0.01
51,1.6999853626998607,72,0.038051493884616115,0.0,-0.029554086263044,0.00044591373695599887,0.009554086263044001,19.108172526088,1.21205656657999e-06,2.4287397509388685e-07,11.4649035156528,0.025,0.0,-0.03,0.0,1.0,0.0,0.01
51,1.6999853626998607,73,0.03793073235448307,0.0,-0.030788919422609813,0.0007889194226098142,0.009211080577390186,18.422161154780373,-1.264661118428541e-06,1.3532463555440267e-08,11.053296692868223,0.025,0.0,-0.03,0.0,1.0,0.0,0.01
51,1.6999853626998607,74,0.03778999292268962,0.0,-0.032021650238672754,0.002021650238672755,0.007978349761327245,15.95669952265449,-1.1951431818184215e-06,2.586879085839161e-07,9.574019713592694,0.025,0.0,-0.03,0.0,1.0,0.0,0.01
51,1.6999853626998607,75,0.03763028109961544,0.0,-0.033252083372319996,0.003252083372319997,0.006747916627680003,13.495833255360006,-1.1801947656442186e-06,5.084094026010332e-07,8.097499953216003,0.025,0.0,-0.03,0.0,1.0,0.0,0.01
51,1.6999853626998607,76,0.03745306293282076,0.0,-0.03448013556151546,0.004480135561515462,0.005519864438484538,11.039728876969075,-1.14898339104766e-06,7.603087843582389e-07,6.623837326181445,0.025,0.0,-0.03,0.0,1.0,0.0,0.01
51,1.6999853626998607,77,0.037259672814551205,0.0,-0.03570576750742768,0.005705767507427684,0.0042942324925723165,8.588464985144633,-1.0832858622256858e-06,1.0059157967113174e-06,5.15307899108678,0.025,0.0,-0.03,0.0,1.0,0.0,0.01
51,1.6999853626998607,78,0.037051348577622024,0.0,-0.03692897181439203,0.006928971814392032,0.003071028185607968,6.142056371215936,-1.0828845350219426e-06,1.261527740925864e-06,3.6852338227295616,0.025,0.0,-0.03,0.0,1.0,0.0,0.01
51,1.6999853626998607,79,0.03682939946498424,0.0,-0.038149798929577795,0.008149798929577796,0.0018502010704222038,3.7004021408444077,-9.862318256733301e-07,1.501616867978596e-06,2.2202412845066446,0.025,0.0,-0.03,0.0,1.0,0.0,0.01
51,1.6999853626998607,80,0.03661180661777624,0.0,-0.039380714986474566,0.009380714986474567,0.0006192850135254332,1.2385700270508664,-9.959895653527964e-07,1.7692261271435024e-06,0.7431420162305198,0.025,0.0,-0.03,0.0,1.0,0.0,0.01
52,1.7333184090273088,65,0.03833282325940125,0.0,-0.02087821208616763,0.00912178791383237,0.0008782120861676301,1.75642417233526,9.721414742212624e-07,1.4897596563763559e-06,1.053854503401156,0.025,0.0,-0.03,0.0,1.0,0.0,0.01
52,1.7333184090273088,66,0.03835291886958972,0.0,-0.022118772975912773,0.007881227024087226,0.002118772975912774,4.237545951825548,1.052030737424245e-06,1.2985068054913032e-06,2.5425275710953286,0.025,0.0,-0.03,0.0,1.0,0.0,0.01
52,1.7333184090273088,67,0.038353146397160816,0.0,-0.023359488839808592,0.006640511160191407,0.003359488839808593,6.718977679617186,8.69238202106976e-07,1.1125744106748624e-06,4.031386607770312,0.025,0.0,-0.03,0.0,1.0,0.0,0.01
52,1.7333184090273088,68,0.03833326146094589,0.0,-0.024600039982059577,0.005399960017940422,0.004600039982059578,9.200079964119157,1.1586921617634402e-06,9.193808353346326e-07,5.520047978471494,0.025,0.0,-0.03,0.0,1.0,0.0,0.01
52,1.7333184090273088,69,0.038293128731532906,0.0,-0.025840098334884622,0.0041599016651153765,0.005840098334884624,11.680196669769247,7.598190890704257e-07,7.453434227178985e-07,7.008118001861548,0.025,0.0,-0.03,0.0,1.0,0.0,0.01
52,1.7333184090273088,70,0.0382327228178392,0.0,-0.027079334193815155,0.002920665806184844,0.007079334193815156,14.158668387630312,1.241548873646385e-06,5.334409644862808e-07,8.495201032578187,0.025,0.0,-0.03,0.0,1.0,0.0,0.01
52,1.7333184090273088,71,0.038152128311702595,0.0,-0.028317423132762594,0.001682576867237405,0.008317423132762595,16.63484626552519,6.555018473890959e-07,3.848605173500807e-07,9.980907759315114,0.025,0.0,-0.03,0.0,1.0,0.0,0.01
52,1.7333184090273088,72,0.038051487036592675,0.0,-0.029554049683909893,0.000445950316090106,0.009554049683909894,19.10809936781979,1.2392779305106987e-06,1.4918065039605968e-07,11.464859620691874,0.025,0.0,-0.03,0.0,1.0,0.0,0.01
52,1.7333184090273088,73,0.03793073269854174,0.0,-0.030788883528181182,0.0007888835281811835,0.009211116471818817,18.422232943637635,-6.560490140883622e-07,1.870038948432705e-08,11.05333976618258,0.025,0.0,-0.03,0.0,1.0,0.0,0.01
52,1.7333184090273088,74,0.037790000446162486,0.0,-0.032021615134343255,0.002021615134343256,0.007978384865656744,15.956769731313488,-1.174711714415864e-06,2.2575661273543937e-07,9.574061838788092,0.025,0.0,-0.03,0.0,1.0,0.0,0.01
52,1.7333184090273088,75,0.03763029581199357,0.0,-0.03325204920627819,0.003252049206278189,0.006747950793721811,13.495901587443623,-6.320406769932546e-07,3.480667346766028e-07,8.097540952466174,0.025,0.0,-0.03,0.0,1.0,0.0,0.01
52,1.7333184090273088,76,0.037453084849740186,0.0,-0.034480102423336635,0.004480102423336636,0.005519897576663364,11.039795153326727,-1.125334109646931e-06,6.03638713665348e-07,6.623877091996036,0.025,0.0,-0.03,0.0,1.0,0.0,0.01
52,1.7333184090273088,77,0.037259701922544124,0.0,-0.035705735515392745,0.005705735515392746,0.004294264484607254,8.588528969214508,-5.616372477442333e-07,7.080554458446495e-07,5.153117381528705,0.025,0.0,-0.03,0.0,1.0,0.0,0.01
52,1.7333184090273088,78,0.03705138486712041,0.0,-0.03692894103352467,0.00692894103352467,0.00307105896647533,6.1421179329506606,-1.0678603658088467e-06,9.806834459068692e-07,3.685270759770396,0.025,0.0,-0.03,0.0,1.0,0.0,0.01
52,1.7333184090273088,79,0.03682944291650803,0.0,-0.03814976946191392,0.008149769461913918,0.0018502305380860822,3.7004610761721644,-5.047945747533979e-07,1.0741818923849805e-06,2.2202766457032985,0.025,0.0,-0.03,0.0,1.0,0.0,0.01
52,1.7333184090273088,80,0.03661185751257963,0.0,-0.03938068682347108,0.009380686823471082,0.000619313176528918,1.238626353057836,-9.887560513670612e-07,1.3567396069691715e-06,0.7431758118347016,0.025,0.0,-0.03,0.0,1.0,0.0,0.01
53,1.7666514553547572,65,0.03833278048136918,0.0,-0.020878183582452935,0.009121816417547064,0.000878183582452936,1.7563671649058719,7.58402387446949e-07,1.095973657368775e-06,1.053820298943523,0.025,0.0,-0.03,0.0,1.0,0.0,0.01
53,1.7666514553547572,66,0.038352881475943366,0.0,-0.022118744351314574,0.007881255648685425,0.002118744351314575,4.23748870262915,6.784435789241378e-07,9.62044432867987e-07,2.54249322157749,0.025,0.0,-0.03,0.0,1.0,0.0,0.01
53,1.7666514553547572,67,0.038353114400360135,0.0,-0.0233594601749869,0.0066405398250131,0.0033594601749869,6.7189203499738,8.494075544362357e-07,8.215502519172934e-07,4.03135220998428,0.025,0.0,-0.03,0.0,1.0,0.0,0.01
53,1.7666514553547572,68,0.03833323486764454,0.0,-0.024600011371607902,0.005399988628392097,0.0046000113716079035,9.200022743215808,5.934571795614762e-07,6.8773027884217e-07,5.520013645929485,0.025,0.0,-0.03,0.0,1.0,0.0,0.01
53,1.7666514553547572,69,0.03829310754332798,0.0,-0.025840069858546352,0.004159930141453647,0.005840069858546354,11.680139717092707,9.253601235084554e-07,5.367759691508888e-07,7.008083830255624,0.025,0.0,-0.03,0.0,1.0,0.0,0.01
53,1.7666514553547572,70,0.03823270703066115,0.0,-0.02707930594971342,0.0029206940502865784,0.007079305949713422,14.158611899426843,5.08641729952228e-07,4.185311644084877e-07,8.495167139656106,0.025,0.0,-0.03,0.0,1.0,0.0,0.01
53,1.7666514553547572,71,0.038152117917969075,0.0,-0.028317395197592445,0.0016826048024075543,0.008317395197592446,16.634790395184893,9.800162125446916e-07,2.477476373311896e-07,9.980874237110935,0.025,0.0,-0.03,0.0,1.0,0.0,0.01
53,1.7666514553547572,72,0.03805148200861297,0.0,-0.029554022159977884,0.00044597784002211455,0.009554022159977886,19.10804431995577,4.5173219010882726e-07,1.5221996637740178e-07,11.46482659197346,0.025,0.0,-0.03,0.0,1.0,0.0,0.01
53,1.7666514553547572,73,0.03793073300852687,0.0,-0.03078885649717078,0.0007888564971707812,0.009211143502829219,18.422287005658436,-9.681741592200408e-07,3.628818289225134e-08,11.053372203395062,0.025,0.0,-0.03,0.0,1.0,0.0,0.01
53,1.7666514553547572,74,0.037790006081901584,0.0,-0.032021588704317344,0.0020215887043173453,0.007978411295682655,15.95682259136531,-4.131288990260283e-07,1.1362541703870282e-07,9.574093554819186,0.025,0.0,-0.03,0.0,1.0,0.0,0.01
53,1.7666514553547572,75,0.03763030678399174,0.0,-0.0332520234571946,0.0032520234571946013,0.006747976542805399,13.495953085610799,-9.448714922511431e-07,3.185863826171183e-07,8.097571851366478,0.025,0.0,-0.03,0.0,1.0,0.0,0.01
53,1.7666514553547572,76,0.03745310116543882,0.0,-0.03448007745225482,0.004480077452254823,0.005519922547745177,11.039845095490355,-3.6317968404411185e-07,3.795113706880051e-07,6.623907057294213,0.025,0.0,-0.03,0.0,1.0,0.0,0.01
53,1.7666514553547572,77,0.037259723576390597,0.0,-0.03570571137932098,0.00570571137932098,0.004294288620679021,8.588577241358042,-9.134521887522056e-07,6.032492863791607e-07,5.153146344814825,0.025,0.0,-0.03,0.0,1.0,0.0,0.01
53,1.7666514553547572,78,0.03705141184722436,0.0,-0.03692891781134831,0.006928917811348308,0.0030710821886516925,6.142164377303385,-3.18951536347776e-07,6.474076955633691e-07,3.685298626382031,0.025,0.0,-0.03,0.0,1.0,0.0,0.01
53,1.7666514553547572,79,0.03682947521342688,0.0,-0.038149747199297576,0.008149747199297577,0.001850252800702423,3.7005056014048456,-8.53695141398195e-07,8.802087535266486e-07,2.2203033608429075,0.025,0.0,-0.03,0.0,1.0,0.0,0.01
53,1.7666514553547572,80,0.03661189533031229,0.0,-0.039380665543358846,0.009380665543358847,0.0006193344566411529,1.2386689132823057,-2.8279265597027714e-07,9.26521988648639e-07,0.7432013479693834,0.025,0.0,-0.03,0.0,1.0,0.0,0.01
54,1.7999845016822054,65,0.03833274880256196,0.0,-0.020878162175051767,0.009121837824948232,0.0008781621750517683,1.7563243501035366,4.654375951982462e-07,8.103564464507952e-07,1.0537946100621218,0.025,0.0,-0.03,0.0,1.0,0.0,0.01
54,1.7999845016822054,66,0.03835285378945637,0.0,-0.022118722849717592,0.007881277150282407,0.002118722849717593,4.237445699435186,6.523861825153536e-07,7.126822893356082e-07,2.542467419661112,0.025,0.0,-0.03,0.0,1.0,0.0,0.01
54,1.7999845016822054,67,0.03835309071530102,0.0,-0.02335943864785005,0.006640561352149948,0.0033594386478500524,6.718877295700105,4.57215636934676e-07,6.098131402753149e-07,4.031326377420063,0.025,0.0,-0.03,0.0,1.0,0.0,0.01
54,1.7999845016822054,68,0.03833321518891772,0.0,-0.02459998987886405,0.005400010121135949,0.0045999898788640515,9.199979757728103,6.60200983041123e-07,5.032820472473829e-07,5.519987854636862,0.025,0.0,-0.03,0.0,1.0,0.0,0.01
54,1.7999845016822054,69,0.03829309187172029,0.0,-0.025840048470727274,0.004159951529272725,0.005840048470727275,11.68009694145455,4.486156119646767e-07,4.0700066306365506e-07,7.00805816487273,0.025,0.0,-0.03,0.0,1.0,0.0,0.01
54,1.7999845016822054,70,0.03823269536364818,0.0,-0.027079284727097974,0.0029207152729020247,0.0070792847270979755,14.15856945419595,6.555825720587927e-07,2.9370751352231273e-07,8.495141672517569,0.025,0.0,-0.03,0.0,1.0,0.0,0.01
54,1.7999845016822054,71,0.03815211024919563,0.0,-0.028317374210417103,0.0016826257895828957,0.008317374210417105,16.63474842083421,4.383667048671712e-07,2.04808863748607e-07,9.980849052500526,0.025,0.0,-0.03,0.0,1.0,0.0,0.01
54,1.7999845016822054,72,0.038051478318870534,0.0,-0.029554001470047404,0.00044599852995259523,0.009554001470047405,19.10800294009481,6.40896123582975e-07,8.525469356613834e-08,11.464801764056885,0.025,0.0,-0.03,0.0,1.0,0.0,0.01
54,1.7999845016822054,73,0.03793073327630046,0.0,-0.03078883617995492,0.0007888361799549201,0.00921116382004508,18.42232764009016,-4.219052200968277e-07,3.310798914955194e-09,11.053396584054095,0.025,0.0,-0.03,0.0,1.0,0.0,0.01
54,1.7999845016822054,74,0.03779001029988617,0.0,-0.032021568824844075,0.0020215688248440764,0.007978431175155924,15.956862350311848,-6.195549468069289e-07,1.2118370109093561e-07,9.574117410187108,0.025,0.0,-0.03,0.0,1.0,0.0,0.01
54,1.7999845016822054,75,0.03763031495808647,0.0,-0.0332520040904718,0.0032520040904717995,0.006747995909528201,13.495991819056401,-3.976741144670562e-07,1.9745570257436338e-07,8.09759509143384,0.025,0.0,-0.03,0.0,1.0,0.0,0.01
54,1.7999845016822054,76,0.037453113303115126,0.0,-0.034480058654526934,0.004480058654526935,0.0055199413454730655,11.039882690946131,-5.875294287591581e-07,3.272947895245902e-07,6.623929614567678,0.025,0.0,-0.03,0.0,1.0,0.0,0.01
54,1.7999845016822054,77,0.03725973967127601,0.0,-0.03570569320854989,0.00570569320854989,0.00429430679145011,8.58861358290022,-3.7550925879709836e-07,3.99625019251857e-07,5.153168149740131,0.025,0.0,-0.03,0.0,1.0,0.0,0.01
54,1.7999845016822054,78,0.03705143189290926,0.0,-0.03692890031064393,0.006928900310643929,0.0030710996893560712,6.142199378712142,-5.449184265453184e-07,5.31632840530972e-07,3.685319627227285,0.025,0.0,-0.03,0.0,1.0,0.0,0.01
54,1.7999845016822054,79,0.03682949920042196,0.0,-0.038149730417441845,0.008149730417441846,0.0018502695825581544,3.7005391651163086,-3.493783805850142e-07,6.026226037149222e-07,2.220323499069785,0.025,0.0,-0.03,0.0,1.0,0.0,0.01
54,1.7999845016822054,80,0.03661192341265131,0.0,-0.03938064948300387,0.00938064948300387,0.0006193505169961293,1.2387010339922586,-5.005505110566217e-07,7.378965861492185e-07,0.7432206203953552,0.025,0.0,-0.03,0.0,1.0,0.0,0.01
55,1.8333175480096535,65,0.03833272535628871,0.0,-0.020878146115217176,0.009121853884782823,0.0008781461152171776,1.7562922304343551,5.131677730151544e-07,6.093264004063883e-07,1.053775338260613,0.025,0.0,-0.03,0.0,1.0,0.0,0.01
55,1.8333175480096535,66,0.038352833301656106,0.0,-0.022118706722770012,0.007881293277229987,0.0021187067227700137,4.237413445540027,3.2337248555135596e-07,5.255211119911936e-07,2.5424480673240164,0.025,0.0,-0.03,0.0,1.0,0.0,0.01
55,1.8333175480096535,67,0.03835307319251158,0.0,-0.023359422498245273,0.006640577501754726,0.003359422498245274,6.718844996490548,5.071714225601598e-07,4.497190112980925e-07,4.031306997894329,0.025,0.0,-0.03,0.0,1.0,0.0,0.01
55,1.8333175480096535,68,0.03833320063459994,0.0,-0.024599973758065902,0.0054000262419340965,0.004599973758065904,9.199947516131807,3.3387388932010146e-07,3.7595453050004187e-07,5.519968509679084,0.025,0.0,-0.03,0.0,1.0,0.0,0.01
55,1.8333175480096535,69,0.03829308028658825,0.0,-0.025840032423411628,0.004159967576588371,0.005840032423411629,11.680064846823258,4.923438046600446e-07,2.9462818087662055e-07,7.008038908093955,0.025,0.0,-0.03,0.0,1.0,0.0,0.01
55,1.8333175480096535,70,0.038232686745476606,0.0,-0.027079268805937914,0.002920731194062085,0.007079268805937915,14.15853761187583,3.4179404820058864e-07,2.252413730644103e-07,8.495122567125499,0.025,0.0,-0.03,0.0,1.0,0.0,0.01
55,1.8333175480096535,71,0.038152104593770206,0.0,-0.028317358459119406,0.0016826415408805924,0.008317358459119408,16.634716918238816,4.715027674567246e-07,1.4009781315986135e-07,9.980830150943289,0.025,0.0,-0.03,0.0,1.0,0.0,0.01
55,1.8333175480096535,72,0.038051475611556966,0.0,-0.02955398594302521,0.0004460140569747875,0.009553985943025213,19.107971886050425,3.435488761557687e-07,7.433465844420908e-08,11.464783131630254,0.025,0.0,-0.03,0.0,1.0,0.0,0.01
55,1.8333175480096535,73,0.037930733502186745,0.0,-0.030788820924552717,0.0007888209245527182,0.009211179075447282,18.422358150894564,-4.4918649351779595e-07,1.1690892288714651e-08,11.053414890536738,0.025,0.0,-0.03,0.0,1.0,0.0,0.01
55,1.8333175480096535,74,0.03779001345279044,0.0,-0.03202155389810086,0.00202155389810086,0.00797844610189914,15.956892203798281,-3.3554415365334846e-07,7.563287738974081e-08,9.574135322278968,0.025,0.0,-0.03,0.0,1.0,0.0,0.01
55,1.8333175480096535,75,0.0376303210433664,0.0,-0.03325198953929414,0.003251989539294141,0.006748010460705859,13.496020921411718,-4.257325376703787e-07,1.6299087549398332e-07,8.09761255284703,0.025,0.0,-0.03,0.0,1.0,0.0,0.01
55,1.8333175480096535,76,0.03745312232508401,0.0,-0.03448004452932639,0.004480044529326391,0.0055199554706736095,11.03991094134722,-3.216358027707154e-07,2.2604881449239725e-07,6.623946564808332,0.025,0.0,-0.03,0.0,1.0,0.0,0.01
55,1.8333175480096535,77,0.03725975162644465,0.0,-0.03570567954374792,0.00570567954374792,0.00429432045625208,8.588640912504161,-3.9442179445606303e-07,3.1425054841792905e-07,5.153184547502496,0.025,0.0,-0.03,0.0,1.0,0.0,0.01
55,1.8333175480096535,78,0.03705144677523677,0.0,-0.036928887146468234,0.006928887146468235,0.003071112853531765,6.14222570706353,-3.04324609112299e-07,3.769395752642953e-07,3.6853354242381178,0.025,0.0,-0.03,0.0,1.0,0.0,0.01
55,1.8333175480096535,79,0.03682951700420368,0.0,-0.038149717782077035,0.008149717782077036,0.0018502822179229644,3.7005644358459286,-3.6169822129094446e-07,4.6439441329499184e-07,2.220338661507557,0.025,0.0,-0.03,0.0,1.0,0.0,0.01
55,1.8333175480096535,80,0.03661194425089563,0.0,-0.03938063738610185,0.009380637386101849,0.0006193626138981511,1.2387252277963021,-2.809409342436958e-07,5.30592446470645e-07,0.7432351366777813,0.025,0.0,-0.03,0.0,1.0,0.0,0.01
56,1.866650594337102,65,0.03833270801254745,0.0,-0.020878134083180806,0.009121865916819193,0.0008781340831808069,1.7562681663616138,2.645549162707896e-07,4.454602773858672e-07,1.0537608998169683,0.025,0.0,-0.03,0.0,1.0,0.0,0.01
56,1.866650594337102,66,0.03835281814892949,0.0,-0.022118694639643416,0.007881305360356583,0.002118694639643417,4.237389279286834,3.869919557584126e-07,3.8975349190812834e-07,2.5424335675721004,0.025,0.0,-0.03,0.0,1.0,0.0,0.01
56,1.866650594337102,67,0.038353060235519,0.0,-0.023359410399933944,0.006640589600066055,0.0033594103999339455,6.718820799867891,2.1260587328533896e-07,3.339071195047477e-07,4.031292479920735,0.025,0.0,-0.03,0.0,1.0,0.0,0.01
56,1.866650594337102,68,0.03833318987589456,0.0,-0.02459996167832265,0.005400038321677347,0.004599961678322653,9.199923356645305,4.363352226973758e-07,2.7328871475060336e-07,5.519954013987183,0.025,0.0,-0.03,0.0,1.0,0.0,0.01
56,1.866650594337102,69,0.03829307172649154,0.0,-0.025840020400985025,0.004159979599014974,0.005840020400985026,11.680040801970051,1.663695075540633e-07,2.2576301308082735e-07,7.008024481182031,0.025,0.0,-0.03,0.0,1.0,0.0,0.01
56,1.866650594337102,70,0.038232680382620954,0.0,-0.02707925687295631,0.002920743127043688,0.007079256872956312,14.158513745912625,4.710150181446322e-07,1.5416450036024154e-07,8.495108247547575,0.025,0.0,-0.03,0.0,1.0,0.0,0.01
56,1.866650594337102,71,0.03815210042459005,0.0,-0.028317346655915433,0.0016826533440845656,0.008317346655915435,16.63469331183087,1.2869266434513413e-07,1.200757968820703e-07,9.980815987098522,0.025,0.0,-0.03,0.0,1.0,0.0,0.01
56,1.866650594337102,72,0.038051473626001524,0.0,-0.029553974301190535,0.00044602569880946435,0.009553974301190536,19.10794860238107,4.6854488206735856e-07,3.5940532029176156e-08,11.464769161428643,0.025,0.0,-0.03,0.0,1.0,0.0,0.01
56,1.866650594337102,73,0.0379307336886094,0.0,-0.030788809488281877,0.0007888094882818782,0.009211190511718122,18.422381023436245,-1.369632832703308e-07,1.1354520328911877e-08,11.053428614061746,0.025,0.0,-0.03,0.0,1.0,0.0,0.01
56,1.866650594337102,74,0.03779001580764597,0.0,-0.03202154270058962,0.002021542700589622,0.007978457299410378,15.956914598820756,-4.416762950935204e-07,7.861427682276449e-08,9.574148759292454,0.025,0.0,-0.03,0.0,1.0,0.0,0.01
56,1.866650594337102,75,0.03763032556952066,0.0,-0.033251978624479664,0.003251978624479665,0.006748021375520335,13.49604275104067,-1.3648187455856308e-07,9.811544976874146e-08,8.097625650624401,0.025,0.0,-0.03,0.0,1.0,0.0,0.01
56,1.866650594337102,76,0.037453129026872374,0.0,-0.03448003392539833,0.004480033925398329,0.0055199660746016715,11.039932149203343,-4.2103195330004003e-07,1.937400320036838e-07,6.623959289522006,0.025,0.0,-0.03,0.0,1.0,0.0,0.01
56,1.866650594337102,77,0.03725976049995505,0.0,-0.03570566928543848,0.005705669285438482,0.004294330714561518,8.588661429123036,-1.2074876722107504e-07,2.056690258885044e-07,5.153196857473821,0.025,0.0,-0.03,0.0,1.0,0.0,0.01
56,1.866650594337102,78,0.037051457817442006,0.0,-0.03692887725433604,0.006928877254336038,0.003071122745663962,6.142245491327924,-3.9752671462391317e-07,3.080317197655063e-07,3.6853472947967543,0.025,0.0,-0.03,0.0,1.0,0.0,0.01
56,1.866650594337102,79,0.03682953020936384,0.0,-0.03814970828607767,0.008149708286077674,0.0018502917139223262,3.7005834278446526,-1.1011756896811266e-07,3.1607423382384007e-07,2.2203500567067915,0.025,0.0,-0.03,0.0,1.0,0.0,0.01
56,1.866650594337102,80,0.036611959704374,0.0,-0.039380628284562194,0.009380628284562195,0.000619371715437805,1.23874343087561,-3.6872870857876657e-07,4.210976563588486e-07,0.743246058525366,0.025,0.0,-0.03,0.0,1.0,0.0,0.01
57,1.89998364066455,65,0.038332695189711795,0.0,-0.020878125078856342,0.009121874921143656,0.0008781250788563438,1.7562501577126874,1.8583418546708867e-07,3.2236137998789644e-07,1.0537500946276124,0.025,0.0,-0.03,0.0,1.0,0.0,0.01
57,1.89998364066455,66,0.03835280694776215,0.0,-0.02211868559732681,0.00788131440267319,0.00211868559732681,4.23737119465362,2.441762347933576e-07,2.886810709976158e-07,2.542422716792172,0.025,0.0,-0.03,0.0,1.0,0.0,0.01
57,1.89998364066455,67,0.03835305065950817,0.0,-0.023359401345627383,0.006640598654372616,0.003359401345627384,6.718802691254768,2.618202803263356e-07,2.453594415011132e-07,4.031281614752861,0.025,0.0,-0.03,0.0,1.0,0.0,0.01
57,1.89998364066455,68,0.038333181926835665,0.0,-0.024599952638735444,0.0054000473612645546,0.004599952638735446,9.199905277470892,1.673044536144071e-07,2.0614657605308292e-07,5.519943166482535,0.025,0.0,-0.03,0.0,1.0,0.0,0.01
57,1.89998364066455,69,0.0382930654046826,0.0,-0.025840011401928993,0.004159988598071006,0.005840011401928994,11.68002280385799,3.3701523859490763e-07,1.5778580803306793e-07,7.008013682314793,0.025,0.0,-0.03,0.0,1.0,0.0,0.01
57,1.89998364066455,70,0.03823267568685781,0.0,-0.02707924794216825,0.0029207520578317485,0.007079247942168252,14.158495884336503,9.040032697110835e-08,1.2871976910917022e-07,8.495097530601901,0.025,0.0,-0.03,0.0,1.0,0.0,0.01
57,1.89998364066455,71,0.03815209735253686,0.0,-0.02831733781826609,0.0016826621817339106,0.00831733781826609,16.63467563653218,4.022150570944612e-07,6.624357183520858e-08,9.980805381919307,0.025,0.0,-0.03,0.0,1.0,0.0,0.01
57,1.89998364066455,72,0.038051472169905336,0.0,-0.02955396558590659,0.00044603441409341027,0.00955396558590659,19.10793117181318,4.3825668406882525e-08,5.367340450450917e-08,11.464758703087908,0.025,0.0,-0.03,0.0,1.0,0.0,0.01
57,1.89998364066455,73,0.03793073384055092,0.0,-0.030788800921763084,0.0007888009217630852,0.009211199078236915,18.42239815647383,-4.0949107459274733e-07,2.3564695188655663e-08,11.053438893884296,0.025,0.0,-0.03,0.0,1.0,0.0,0.01
57,1.89998364066455,74,0.037790017564366084,0.0,-0.03202153431418749,0.002021534314187494,0.007978465685812506,15.956931371625013,-2.3854379183640976e-08,2.236510846471019e-08,9.574158822975008,0.025,0.0,-0.03,0.0,1.0,0.0,0.01
57,1.89998364066455,75,0.03763032893394897,0.0,-0.03325197044375559,0.0032519704437555877,0.0067480295562444125,13.496059112488824,-4.0870243289181974e-07,1.1211923125100338e-07,8.097635467493294,0.025,0.0,-0.03,0.0,1.0,0.0,0.01
57,1.89998364066455,76,0.037453134001223326,0.0,-0.03448002597846058,0.004480025978460582,0.005519974021539418,11.039948043078837,2.5378166123240713e-09,9.795803580567347e-08,6.623968825847302,0.025,0.0,-0.03,0.0,1.0,0.0,0.01
57,1.89998364066455,77,0.037259767082407226,0.0,-0.035705661590576754,0.005705661590576755,0.004294338409423245,8.58867681884649,-4.1330966604212675e-07,2.0307146284202911e-07,5.1532060913078945,0.025,0.0,-0.03,0.0,1.0,0.0,0.01
57,1.89998364066455,78,0.03705146600457944,0.0,-0.03692886983428227,0.006928869834282272,0.0030711301657177278,6.142260331435455,2.2828281437849556e-08,1.7453323290933136e-07,3.685356198861273,0.025,0.0,-0.03,0.0,1.0,0.0,0.01
57,1.89998364066455,79,0.03682953999818041,0.0,-0.03814970115554916,0.00814970115554916,0.001850298844450841,3.700597688901682,-3.9501271500501225e-07,2.8854772292627973e-07,2.220358613341009,0.025,0.0,-0.03,0.0,1.0,0.0,0.01
57,1.89998364066455,80,0.036611971156886074,0.0,-0.03938062144963997,0.00938062144963997,0.0006193785503600304,1.2387571007200608,2.9817545105172124e-08,2.581453882482787e-07,0.7432542604320365,0.025,0.0,-0.03,0.0,1.0,0.0,0.01
58,1.9333166869919984,65,0.03833268571406819,0.0,-0.02087811834775751,0.009121881652242488,0.0008781183477575127,1.7562366955150253,1.1529539862989292e-07,2.399534614550089e-07,1.053742017309015,0.025,0.0,-0.03,0.0,1.0,0.0,0.01
58,1.9333166869919984,66,0.03835279867175295,0.0,-0.022118678837437872,0.007881321162562127,0.002118678837437873,4.237357674875746,2.2760053038529667e-07,2.1308784482436603e-07,2.5424146049254475,0.025,0.0,-0.03,0.0,1.0,0.0,0.01
58,1.9333166869919984,67,0.03835304358568842,0.0,-0.023359394577165887,0.006640605422834112,0.003359394577165888,6.718789154331776,1.2927655324111017e-07,1.8206062877660166e-07,4.031273492599065,0.025,0.0,-0.03,0.0,1.0,0.0,0.01
58,1.9333166869919984,68,0.03833317605650092,0.0,-0.024599945880760553,0.005400054119239446,0.004599945880760554,9.199891761521108,2.117434419294782e-07,1.4983477799248484e-07,5.519935056912665,0.025,0.0,-0.03,0.0,1.0,0.0,0.01
58,1.9333166869919984,69,0.03829306073802028,0.0,-0.025840004673943966,0.0041599953260560325,0.005840004673943968,11.680009347887935,1.4581970212382674e-07,1.2093074683358515e-07,7.008005608732761,0.025,0.0,-0.03,0.0,1.0,0.0,0.01
58,1.9333166869919984,70,0.03823267222297292,0.0,-0.027079241264560495,0.0029207587354395034,0.007079241264560497,14.158482529120993,1.914123200191932e-07,8.784118437424578e-08,8.495089517472596,0.025,0.0,-0.03,0.0,1.0,0.0,0.01
58,1.9333166869919984,71,0.038152095089722046,0.0,-0.028317331209300772,0.0016826687906992266,0.008317331209300774,16.634662418601547,1.6062296896095182e-07,5.875702048061614e-08,9.980797451160928,0.025,0.0,-0.03,0.0,1.0,0.0,0.01
58,1.9333166869919984,72,0.03805147110247832,0.0,-0.02955395906745152,0.00044604093254847765,0.009553959067451523,19.107918134903045,1.8454256974432587e-07,2.6058403827233566e-08,11.464750880941827,0.025,0.0,-0.03,0.0,1.0,0.0,0.01
58,1.9333166869919984,73,0.0379307339627596,0.0,-0.030788794513349958,0.0007887945133499587,0.009211205486650042,18.42241097330008,-1.443754608149891e-07,1.1744312110944698e-09,11.05344658398005,0.025,0.0,-0.03,0.0,1.0,0.0,0.01
58,1.9333166869919984,74,0.037790018873870554,0.0,-0.03202152803879093,0.0020215280387909304,0.00797847196120907,15.956943922418139,-1.8783329691137426e-07,3.671169668402999e-08,9.574166353450883,0.025,0.0,-0.03,0.0,1.0,0.0,0.01
58,1.9333166869919984,75,0.037630331432839906,0.0,-0.03325196432080079,0.0032519643208007917,0.0067480356791992085,13.496071358398417,-1.2931571417177972e-07,6.034067659694188e-08,8.09764281503905,0.025,0.0,-0.03,0.0,1.0,0.0,0.01
58,1.9333166869919984,76,0.03745313769119612,0.0,-0.0344800200281557,0.004480020028155701,0.005519979971844299,11.039959943688597,-1.7774420170768154e-07,9.840897640226084e-08,6.623975966213158,0.025,0.0,-0.03,0.0,1.0,0.0,0.01
58,1.9333166869919984,77,0.0372597719620322,0.0,-0.035705655827013905,0.005705655827013906,0.0042943441729860945,8.588688345972189,-1.2957766917289246e-07,1.2251961941757428e-07,5.153213007583314,0.025,0.0,-0.03,0.0,1.0,0.0,0.01
58,1.9333166869919984,78,0.03705147207140129,0.0,-0.03692886427381047,0.006928864273810474,0.003071135726189526,6.1422714523790525,-1.5988662149064347e-07,1.5872391811200542e-07,3.685362871427431,0.025,0.0,-0.03,0.0,1.0,0.0,0.01
58,1.9333166869919984,79,0.03682954724991067,0.0,-0.0381496958094519,0.0081496958094519,0.0018503041905481004,3.7006083810962007,-1.246924837272889e-07,1.8408259431987006e-07,2.2203650286577203,0.025,0.0,-0.03,0.0,1.0,0.0,0.01
58,1.9333166869919984,80,0.03661197963953191,0.0,-0.0393806163220813,0.0093806163220813,0.0006193836779186997,1.2387673558373995,-1.4543394040792484e-07,2.2040239779881083e-07,0.7432604135024397,0.025,0.0,-0.03,0.0,1.0,0.0,0.01
59,1.9666497333194466,65,0.03833267871519588,0.0,-0.02087811332035043,0.009121886679649568,0.0008781133203504318,1.7562266407008635,1.792961277070263e-07,1.842735916705264e-07,1.053735984420518,0.025,0.0,-0.03,0.0,1.0,0.0,0.01
59,1.9666497333194466,66,0.03835279255992258,0.0,-0.022118673789440994,0.007881326210559005,0.002118673789440995,4.23734757888199,9.151697449292255e-08,1.562773922544087e-07,2.542408547329194,0.025,0.0,-0.03,0.0,1.0,0.0,0.01
59,1.9666497333194466,67,0.03835303836269509,0.0,-0.023359389522255282,0.006640610477744717,0.0033593895222552832,6.718779044510566,1.5841188039254883e-07,1.3399672360163237e-07,4.031267426706339,0.025,0.0,-0.03,0.0,1.0,0.0,0.01
59,1.9666497333194466,68,0.03833317172328371,0.0,-0.02459994083369099,0.00540005916630901,0.00459994083369099,9.19988166738198,1.1350104682164966e-07,1.1153920367658635e-07,5.519929000429188,0.025,0.0,-0.03,0.0,1.0,0.0,0.01
59,1.9666497333194466,69,0.03829305729469172,0.0,-0.025839999649094197,0.0041600003509058014,0.005839999649094199,11.679999298188397,1.3580643931476617e-07,8.824983038635526e-08,7.007999578913038,0.025,0.0,-0.03,0.0,1.0,0.0,0.01
59,1.9666497333194466,70,0.038232669668898434,0.0,-0.02707923627642609,0.002920763723573909,0.007079236276426091,14.158472552852183,1.331346891863665e-07,6.52010618782613e-08,8.495083531711309,0.025,0.0,-0.03,0.0,1.0,0.0,0.01
59,1.9666497333194466,71,0.038152093423569566,0.0,-0.02831732627255578,0.0016826737274442186,0.008317326272555782,16.634652545111564,1.1354389951859906e-07,4.3649735182408984e-08,9.980791527066938,0.025,0.0,-0.03,0.0,1.0,0.0,0.01
59,1.9666497333194466,72,0.03805147032022678,0.0,-0.029553954196661625,0.00044604580333837407,0.009553954196661626,19.107908393323253,1.4433697048121543e-07,1.8228881129005228e-08,11.464745035993952,0.025,0.0,-0.03,0.0,1.0,0.0,0.01
59,1.9666497333194466,73,0.037930734060059305,0.0,-0.03078878972479967,0.0007887897247996697,0.00921121027520033,18.422420550400663,-1.0124019036550705e-07,2.3087126668360428e-10,11.053452330240397,0.025,0.0,-0.03,0.0,1.0,0.0,0.01
59,1.9666497333194466,74,0.03779001984922439,0.0,-0.03202152334760259,0.00202152334760259,0.00797847665239741,15.95695330479482,-1.4697013125565235e-07,2.830248674715809e-08,9.574171982876893,0.025,0.0,-0.03,0.0,1.0,0.0,0.01
59,1.9666497333194466,75,0.03763033328755236,0.0,-0.03325195974332059,0.0032519597433205913,0.006748040256679409,13.496080513358818,-8.981016488233227e-08,4.402807024724742e-08,8.097648308015291,0.025,0.0,-0.03,0.0,1.0,0.0,0.01
59,1.9666497333194466,76,0.03745314042676723,0.0,-0.034480015577266473,0.004480015577266475,0.005519984422733526,11.039968845467051,-1.4744737347915292e-07,7.508743917283932e-08,6.62398130728023,0.025,0.0,-0.03,0.0,1.0,0.0,0.01
59,1.9666497333194466,77,0.037259775577085055,0.0,-0.03570565151536466,0.00570565151536466,0.0042943484846353405,8.58869696927068,-7.646023583136119e-08,8.747414149461707e-08,5.153218181562408,0.025,0.0,-0.03,0.0,1.0,0.0,0.01
59,1.9666497333194466,78,0.03705147656449347,0.0,-0.03692886011112197,0.006928860111121968,0.0030711398888780325,6.142279777756065,-1.4378352316931792e-07,1.2161358528022669e-07,3.685367866653639,0.025,0.0,-0.03,0.0,1.0,0.0,0.01
59,1.9666497333194466,79,0.03682955261894457,0.0,-0.03814969180649424,0.00814969180649424,0.0018503081935057602,3.7006163870115203,-6.753631248009052e-08,1.317988331932052e-07,2.220369832206912,0.025,0.0,-0.03,0.0,1.0,0.0,0.01
59,1.9666497333194466,80,0.03661198591899315,0.0,-0.03938061247951976,0.00938061247951976,0.0006193875204802395,1.238775040960479,-1.3496955602478826e-07,1.6772045164925498e-07,0.7432650245762874,0.025,0.0,-0.03,0.0,1.0,0.0,0.01
60,1.9999827796468947,65,0.03833267354812986,0.0,-0.020878109569224423,0.009121890430775575,0.0008781095692244247,1.7562191384488495,7.583963242094937e-08,1.321156549321762e-07,1.0537314830693096,0.025,0.0,-0.03,0.0,1.0,0.0,0.01
60,1.9999827796468947,66,0.03835278804840657,0.0,-0.02211867002317672,0.007881329976823278,0.0021186700231767223,4.237340046353444,1.2780731979484163e-07,1.1603429584355256e-07,2.5424040278120663,0.025,0.0,-0.03,0.0,1.0,0.0,0.01
60,1.9999827796468947,67,0.03835303450801413,0.0,-0.02335938575085383,0.0066406142491461685,0.0033593857508538317,6.718771501707663,5.805370859183249e-08,9.930287417578113e-08,4.031262901024598,0.025,0.0,-0.03,0.0,1.0,0.0,0.01
60,1.9999827796468947,68,0.03833316852612043,0.0,-0.024599937067811394,0.005400062932188605,0.0045999370678113955,9.19987413562279,1.4420783431664767e-07,8.090068663603454e-08,5.519924481373674,0.025,0.0,-0.03,0.0,1.0,0.0,0.01
60,1.9999827796468947,69,0.03829305475509839,0.0,-0.0258399958999489,0.004160004100051098,0.0058399958999489025,11.679991799897804,4.31429952022707e-08,6.733727415458688e-08,7.0079950799386825,0.025,0.0,-0.03,0.0,1.0,0.0,0.01
60,1.9999827796468947,70,0.038232667786442714,0.0,-0.027079232553813934,0.002920767446186065,0.007079232553813935,14.15846510762787,1.5527412776250867e-07,4.4944490316247605e-08,8.495079064576721,0.025,0.0,-0.03,0.0,1.0,0.0,0.01
60,1.9999827796468947,71,0.03815209219720056,0.0,-0.028317322588531122,0.0016826774114688768,0.008317322588531123,16.634645177062247,3.151361661546806e-08,3.616926878658553e-08,9.980787106237347,0.025,0.0,-0.03,0.0,1.0,0.0,0.01
60,1.9999827796468947,72,0.038051469747112945,0.0,-0.029553950560605374,0.0004460494393946253,0.009553950560605375,19.107901121210748,1.5302375387347468e-07,9.411812592574269e-09,11.464740672726448,0.025,0.0,-0.03,0.0,1.0,0.0,0.01
60,1.9999827796468947,73,0.037930734136913856,0.0,-0.030788786150152975,0.0007887861501529765,0.009211213849847024,18.422427699694047,-3.701522627387547e-08,3.6641636348801838e-09,11.053456619816428,0.025,0.0,-0.03,0.0,1.0,0.0,0.01
60,1.9999827796468947,74,0.03779002057509863,0.0,-0.032021519844265975,0.002021519844265976,0.007978480155734024,15.956960311468048,-1.42559875982265e-07,2.480518977186955e-08,9.574176186880829,0.025,0.0,-0.03,0.0,1.0,0.0,0.01
60,1.9999827796468947,75,0.03763033466326121,0.0,-0.03325195632459695,0.0032519563245969538,0.0067480436754030464,13.496087350806093,-3.874548271773843e-08,2.9148227108251694e-08,8.097652410483656,0.025,0.0,-0.03,0.0,1.0,0.0,0.01
60,1.9999827796468947,76,0.03745314245355597,0.0,-0.034480012251517284,0.004480012251517285,0.0055199877484827155,11.03997549696543,-1.3541373295377827e-07,5.9273415590754434e-08,6.623985298179258,0.025,0.0,-0.03,0.0,1.0,0.0,0.01
60,1.9999827796468947,77,0.03725977825376466,0.0,-0.03570564829313314,0.005705648293133143,0.004294351706866857,8.588703413733713,-3.444714210371282e-08,6.114778223873554e-08,5.153222048240227,0.025,0.0,-0.03,0.0,1.0,0.0,0.01
60,1.9999827796468947,78,0.03705147989019286,0.0,-0.03692885699835374,0.006928856998353744,0.003071143001646256,6.142286003292512,-1.2791219961410415e-07,9.350496345591513e-08,3.685371601975507,0.025,0.0,-0.03,0.0,1.0,0.0,0.01
60,1.9999827796468947,79,0.036829556591904525,0.0,-0.038149688812398067,0.008149688812398068,0.0018503111876019326,3.700622375203865,-3.178781890284111e-08,9.414653559935166e-08,2.220373425122319,0.025,0.0,-0.03,0.0,1.0,0.0,0.01
60,1.9999827796468947,80,0.036611990564948384,0.0,-0.039380609603357854,0.009380609603357855,0.0006193903966421454,1.2387807932842907,-1.1889960473704751e-07,1.2727735218958333e-07,0.7432684759705744,0.025,0.0,-0.03,0.0,1.0,0.0,0.01
