frame_idx,time,node_idx,node_x,node_y,node_z,radial_dist,overlap,normal_force,normal_velocity,tangential_speed,friction_force,cyl_center_x,cyl_center_y,cyl_center_z,cyl_axis_x,cyl_axis_y,cyl_axis_z,cyl_radius
6,0.19999961275337513,77,0.06685713112788863,0.0,-0.015968197698575742,0.014031802301424257,0.0009681976985757429,1.9363953971514858,-0.20525060110620166,0.1801959949018196,1.1618372382908915,0.025,0.0,-0.03,0.0,1.0,0.0,0.015
6,0.19999961275337513,78,0.06720085121673655,0.0,-0.017168178762639846,0.012831821237360153,0.002168178762639847,4.336357525279694,-0.19799546447940378,0.19081956391562124,2.6018145151678165,0.025,0.0,-0.03,0.0,1.0,0.0,0.015
6,0.19999961275337513,79,0.06753773957107645,0.0,-0.018370127441586358,0.011629872558413641,0.0033701274415863583,6.7402548831727165,-0.20889558885267503,0.19624340708028348,4.04415292990363,0.025,0.0,-0.03,0.0,1.0,0.0,0.015
6,0.19999961275337513,80,0.06788726199269483,0.0,-0.019570255796569704,0.010429744203430295,0.004570255796569705,9.14051159313941,-0.20326438319527335,0.20647831242448378,5.484306955883645,0.025,0.0,-0.03,0.0,1.0,0.0,0.015
7,0.23333288154560433,72,0.060275379251960456,0.0,-0.015317953996256909,0.01468204600374309,0.0003179539962569096,0.6359079925138191,-0.13096478096896055,0.14125244907940998,0.38154479550829146,0.025,0.0,-0.03,0.0,1.0,0.0,0.015
7,0.23333288154560433,73,0.060405913829221385,0.0,-0.016559372487270296,0.013440627512729703,0.0015593724872702969,3.1187449745405935,-0.13730705944808866,0.1475952247513189,1.871246984724356,0.025,0.0,-0.03,0.0,1.0,0.0,0.015
7,0.23333288154560433,74,0.060529571515538415,0.0,-0.017801490066246744,0.012198509933753255,0.0028014900662467444,5.602980132493489,-0.13160315363493358,0.1551562519621842,3.361788079496093,0.025,0.0,-0.03,0.0,1.0,0.0,0.015
7,0.23333288154560433,75,0.06064628927513345,0.0,-0.019044255103068827,0.010955744896931172,0.004044255103068828,8.088510206137656,-0.13672045091321294,0.16166943385783117,4.853106123682593,0.025,0.0,-0.03,0.0,1.0,0.0,0.015
7,0.23333288154560433,76,0.06075602011157185,0.0,-0.02028772263758735,0.00971227736241265,0.005287722637587349,10.575445275174697,-0.13591907923320726,0.16873579190989757,6.3452671651048185,0.025,0.0,-0.03,0.0,1.0,0.0,0.015
7,0.23333288154560433,77,0.060858701587870837,0.0,-0.021531685747769237,0.008468314252230762,0.006531685747769238,13.063371495538476,-0.13423426030078336,0.17585632098169252,7.838022897323086,0.025,0.0,-0.03,0.0,1.0,0.0,0.015
7,0.23333288154560433,78,0.06095431152621937,0.0,-0.02277633822445934,0.007223661775540659,0.007776338224459341,15.552676448918682,-0.14130321717879138,0.18231460657391824,9.33160586935121,0.025,0.0,-0.03,0.0,1.0,0.0,0.015
7,0.23333288154560433,79,0.06104279705890001,0.0,-0.024021399923135216,0.0059786000768647825,0.009021399923135217,18.042799846270434,-0.13103922776615295,0.1900752174813966,10.82567990776226,0.025,0.0,-0.03,0.0,1.0,0.0,0.015
7,0.23333288154560433,80,0.06114219042824576,0.0,-0.02526748534376836,0.004732514656231639,0.01026748534376836,20.53497068753672,-0.14507518867002225,0.19603670866230888,12.320982412522032,0.025,0.0,-0.03,0.0,1.0,0.0,0.015
8,0.26666615033783353,69,0.055954221926242706,0.0,-0.015283077166985664,0.014716922833014335,0.0002830771669856645,0.5661543339713291,-0.09127909850573619,0.11188231213870763,0.3396926003827974,0.025,0.0,-0.03,0.0,1.0,0.0,0.015
8,0.26666615033783353,70,0.055892457382105326,0.0,-0.01652976044941762,0.01347023955058238,0.0015297604494176192,3.0595208988352383,-0.09126916512009406,0.11772565572749168,1.8357125393011429,0.025,0.0,-0.03,0.0,1.0,0.0,0.015
8,0.26666615033783353,71,0.05582385204852039,0.0,-0.017776162803170754,0.012223837196829245,0.0027761628031707543,5.552325606341508,-0.09395857103748942,0.12375944806183782,3.331395363804905,0.025,0.0,-0.03,0.0,1.0,0.0,0.015
8,0.26666615033783353,72,0.055748352160266884,0.0,-0.019022116954484726,0.010977883045515273,0.0040221169544847266,8.044233908969453,-0.08781946594502374,0.12923995405631064,4.826540345381671,0.025,0.0,-0.03,0.0,1.0,0.0,0.015
8,0.26666615033783353,73,0.05566590082399812,0.0,-0.020267644859243844,0.009732355140756155,0.005267644859243845,10.53528971848769,-0.09451658665816196,0.13556717646322708,6.321173831092613,0.025,0.0,-0.03,0.0,1.0,0.0,0.015
8,0.26666615033783353,74,0.05557645129862197,0.0,-0.021512702343407426,0.008487297656592573,0.006512702343407426,13.025404686814852,-0.08754891737584543,0.14095246178380594,7.815242812088911,0.025,0.0,-0.03,0.0,1.0,0.0,0.015
8,0.26666615033783353,75,0.05547996675440604,0.0,-0.02275721208473568,0.00724278791526432,0.00775721208473568,15.51442416947136,-0.09178403687215266,0.14715354422773852,9.308654501682815,0.025,0.0,-0.03,0.0,1.0,0.0,0.015
8,0.26666615033783353,76,0.05537641208333151,0.0,-0.024001167370775015,0.005998832629224984,0.009001167370775016,18.002334741550033,-0.08859544527662626,0.15279219434634275,10.80140084493002,0.025,0.0,-0.03,0.0,1.0,0.0,0.015
8,0.26666615033783353,77,0.05526576251291847,0.0,-0.02524451640957339,0.004755483590426608,0.010244516409573391,20.489032819146782,-0.08988570901320903,0.1587959299713301,12.293419691488069,0.025,0.0,-0.03,0.0,1.0,0.0,0.015
8,0.26666615033783353,78,0.055148002474047254,0.0,-0.026487190086621634,0.0035128099133783647,0.011487190086621635,22.97438017324327,-0.08682538656837545,0.16440508861374045,13.78462810394596,0.025,0.0,-0.03,0.0,1.0,0.0,0.015
8,0.26666615033783353,79,0.05502311578111872,0.0,-0.027729200170663732,0.0022707998293362668,0.012729200170663733,25.458400341327465,-0.0904160976289283,0.17065193471858167,15.275040204796479,0.025,0.0,-0.03,0.0,1.0,0.0,0.015
8,0.26666615033783353,80,0.05490718306106527,0.0,-0.028973795177449177,0.001026204822550822,0.013973795177449178,27.947590354898356,-0.08433712237895033,0.17603116753261572,16.768554212939012,0.025,0.0,-0.03,0.0,1.0,0.0,0.015
9,0.29999941913006273,67,0.052887667470676386,0.0,-0.015406566950227225,0.014593433049772774,0.0004065669502272256,0.8131339004544512,-0.059764077485472564,0.08843090695998802,0.4878803402726707,0.025,0.0,-0.03,0.0,1.0,0.0,0.015
9,0.29999941913006273,68,0.05266209162148254,0.0,-0.016634281660356055,0.013365718339643944,0.0016342816603560559,3.268563320712112,-0.06851399349190149,0.0949914213290759,1.961137992427267,0.025,0.0,-0.03,0.0,1.0,0.0,0.015
9,0.29999941913006273,69,0.05242977907176924,0.0,-0.017860718280330944,0.012139281719669055,0.002860718280330944,5.721436560661888,-0.0631945302744047,0.09899117828416744,3.4328619363971327,0.025,0.0,-0.03,0.0,1.0,0.0,0.015
9,0.29999941913006273,70,0.05219066743213791,0.0,-0.019085869577843986,0.010914130422156013,0.004085869577843987,8.171739155687973,-0.06116044406214736,0.1035633312448323,4.903043493412784,0.025,0.0,-0.03,0.0,1.0,0.0,0.015
9,0.29999941913006273,71,0.051944717506268466,0.0,-0.02030964326380409,0.00969035673619591,0.005309643263804089,10.619286527608178,-0.06553992992002561,0.10945699318545635,6.371571916564907,0.025,0.0,-0.03,0.0,1.0,0.0,0.015
9,0.29999941913006273,72,0.05169188054825416,0.0,-0.02153203228574309,0.00846796771425691,0.006532032285743089,13.064064571486178,-0.057176106357655083,0.11273679792728548,7.838438742891706,0.025,0.0,-0.03,0.0,1.0,0.0,0.015
9,0.29999941913006273,73,0.05143212924101922,0.0,-0.02275295829984057,0.00724704170015943,0.00775295829984057,15.50591659968114,-0.06339576526528677,0.11907029600601371,9.303549959808683,0.025,0.0,-0.03,0.0,1.0,0.0,0.015
9,0.29999941913006273,74,0.05116543399279772,0.0,-0.023972389685578254,0.006027610314421745,0.008972389685578255,17.94477937115651,-0.05644410015553538,0.12258731976338137,10.766867622693907,0.025,0.0,-0.03,0.0,1.0,0.0,0.015
9,0.29999941913006273,75,0.05089177587965215,0.0,-0.0251902783174427,0.004809721682557298,0.010190278317442701,20.3805566348854,-0.0598626492651415,0.12838686631442406,12.228333980931241,0.025,0.0,-0.03,0.0,1.0,0.0,0.015
9,0.29999941913006273,76,0.05061114151907813,0.0,-0.02640658378622201,0.0035934162137779904,0.011406583786222009,22.81316757244402,-0.055060052679739915,0.13232068261495677,13.68790054346641,0.025,0.0,-0.03,0.0,1.0,0.0,0.015
9,0.29999941913006273,77,0.05032353241718363,0.0,-0.027621234681553114,0.002378765318446885,0.012621234681553115,25.242469363106228,-0.05743929272956935,0.13794357768720308,15.145481617863735,0.025,0.0,-0.03,0.0,1.0,0.0,0.015
9,0.29999941913006273,78,0.05002893278956031,0.0,-0.0288342620152651,0.0011657379847348978,0.013834262015265102,27.668524030530204,-0.05270636248287447,0.14184930352851444,16.601114418318122,0.025,0.0,-0.03,0.0,1.0,0.0,0.015
9,0.29999941913006273,79,0.04972738267785156,0.0,-0.030045497743145546,4.549774314554708e-05,0.014954502256854452,29.909004513708904,0.05510514841960379,0.1475050847056372,17.94540270822534,0.025,0.0,-0.03,0.0,1.0,0.0,0.015
9,0.29999941913006273,80,0.04943290119255022,0.0,-0.031260371615200615,0.0012603716152006159,0.013739628384799384,27.479256769598766,0.050396729599037626,0.15146458078571243,16.48755406175926,0.025,0.0,-0.03,0.0,1.0,0.0,0.015
10,0.3333326879222919,66,0.050469252159931664,0.0,-0.01606074953624996,0.013939250463750039,0.0010607495362499608,2.1214990724999216,-0.05022805456174204,0.07430258923852724,1.272899443499953,0.025,0.0,-0.03,0.0,1.0,0.0,0.015
10,0.3333326879222919,67,0.050105683341925666,0.0,-0.017254892985681215,0.012745107014318784,0.002254892985681215,4.50978597136243,-0.04224101083028433,0.07611156891323272,2.705871582817458,0.025,0.0,-0.03,0.0,1.0,0.0,0.015
10,0.3333326879222919,68,0.04973549250591436,0.0,-0.018446982405527612,0.011553017594472387,0.0034469824055276127,6.893964811055225,-0.049558359902758,0.08265405341825656,4.136378886633135,0.025,0.0,-0.03,0.0,1.0,0.0,0.015
10,0.3333326879222919,69,0.04935862419840232,0.0,-0.019636999554304476,0.010363000445695523,0.004636999554304477,9.273999108608953,-0.03967518344439345,0.08380152817179264,5.564399465165372,0.025,0.0,-0.03,0.0,1.0,0.0,0.015
10,0.3333326879222919,70,0.04897505588571042,0.0,-0.020824845207068225,0.009175154792931774,0.005824845207068226,11.649690414136451,-0.04529354129322658,0.08989088680680597,6.989814248481871,0.025,0.0,-0.03,0.0,1.0,0.0,0.015
10,0.3333326879222919,71,0.04858473872141216,0.0,-0.022010524782404787,0.007989475217595212,0.007010524782404787,14.021049564809575,-0.04053148515279365,0.09263911071778932,8.412629738885745,0.025,0.0,-0.03,0.0,1.0,0.0,0.015
10,0.3333326879222919,72,0.048187671236621245,0.0,-0.023193922300632254,0.006806077699367745,0.008193922300632255,16.387844601264508,-0.03858815307773655,0.09627626540662779,9.832706760758704,0.025,0.0,-0.03,0.0,1.0,0.0,0.015
10,0.3333326879222919,73,0.047783813881785944,0.0,-0.024375058418898556,0.005624941581101443,0.009375058418898557,18.750116837797112,-0.04167262094579472,0.10166643607170558,11.250070102678267,0.025,0.0,-0.03,0.0,1.0,0.0,0.015
10,0.3333326879222919,74,0.047373180043966776,0.0,-0.025553820274059162,0.004446179725940837,0.010553820274059163,21.107640548118326,-0.03344944904111771,0.10312494190335436,12.664584328870996,0.025,0.0,-0.03,0.0,1.0,0.0,0.015
10,0.3333326879222919,75,0.04695574703843037,0.0,-0.02673022188739794,0.0032697781126020606,0.011730221887397939,23.460443774795877,-0.039726435016859886,0.10969248821063333,14.076266264877527,0.025,0.0,-0.03,0.0,1.0,0.0,0.015
10,0.3333326879222919,76,0.046531536844461194,0.0,-0.027904171691013138,0.0020958283089868614,0.012904171691013138,25.808343382026276,-0.03144714013795764,0.111060607502719,15.485006029215764,0.025,0.0,-0.03,0.0,1.0,0.0,0.015
10,0.3333326879222919,77,0.046100546468763645,0.0,-0.029075670091823356,0.000924329908176643,0.014075670091823356,28.151340183646713,-0.03522877768224089,0.11680368341855454,16.89080411018803,0.025,0.0,-0.03,0.0,1.0,0.0,0.015
10,0.3333326879222919,78,0.04566280638975079,0.0,-0.03024464633406,0.00024464633405999955,0.01475535366594,29.51070733188,0.030522481613804345,0.11942385648602565,17.706424399128,0.025,0.0,-0.03,0.0,1.0,0.0,0.015
10,0.3333326879222919,79,0.04521833168499566,0.0,-0.03141109277349534,0.00141109277349534,0.01358890722650466,27.17781445300932,0.030758354527762648,0.12388811116939484,16.306688671805592,0.025,0.0,-0.03,0.0,1.0,0.0,0.015
10,0.3333326879222919,80,0.044779325210725536,0.0,-0.032581460812154586,0.0025814608121545873,0.012418539187845412,24.837078375690822,0.028478719361673954,0.12744772113073016,14.902247025414493,0.025,0.0,-0.03,0.0,1.0,0.0,0.015
11,0.3666659567145211,65,0.04993314268899494,0.0,-0.015727672977654095,0.014272327022345904,0.0007276729776540952,1.4553459553081904,0.0036243491065478554,0.005587604880874052,0.8732075731849143,0.025,0.0,-0.03,0.0,1.0,0.0,0.015
11,0.3666659567145211,66,0.04950680571634492,0.0,-0.016900815084182095,0.013099184915817904,0.0019008150841820955,3.801630168364191,-0.009522036040107696,0.0005658816239318722,2.2809781010185146,0.025,0.0,-0.03,0.0,1.0,0.0,0.015
11,0.3666659567145211,67,0.04907385319651581,0.0,-0.018071531043678802,0.011928468956321197,0.0030715310436788025,6.143062087357605,4.163216138158091e-05,0.0038257506578829974,3.685837252414563,0.025,0.0,-0.03,0.0,1.0,0.0,0.015
11,0.3666659567145211,68,0.04863424984409775,0.0,-0.019239756792874246,0.010760243207125753,0.004239756792874246,8.479513585748492,-0.002864471570181977,0.0025053831479758862,5.087708151449095,0.025,0.0,-0.03,0.0,1.0,0.0,0.015
11,0.3666659567145211,69,0.048187955476085474,0.0,-0.020405460777054456,0.009594539222945543,0.005405460777054456,10.810921554108912,-0.006968505023550314,0.0006401766316295867,6.486552932465347,0.025,0.0,-0.03,0.0,1.0,0.0,0.015
11,0.3666659567145211,70,0.047734962053968565,0.0,-0.021568549473151642,0.008431450526848357,0.006568549473151643,13.137098946303286,0.0030302636873852837,0.004293280155626033,7.8822593677819714,0.025,0.0,-0.03,0.0,1.0,0.0,0.015
11,0.3666659567145211,71,0.04727523342552742,0.0,-0.02272902168752652,0.0072709783124734785,0.007729021687526521,15.458043375053041,-0.009543732565673632,0.0009652387236934093,9.274826025031825,0.025,0.0,-0.03,0.0,1.0,0.0,0.015
11,0.3666659567145211,72,0.04680877724717484,0.0,-0.023886785324965736,0.006113214675034263,0.008886785324965736,17.77357064993147,0.0025134980529770384,0.0036182915307825165,10.664142389958883,0.025,0.0,-0.03,0.0,1.0,0.0,0.015
11,0.3666659567145211,73,0.04633558505791912,0.0,-0.025041810396878774,0.004958189603121225,0.010041810396878775,20.08362079375755,-0.005686398689004489,2.4355161217280034e-06,12.050172476254529,0.025,0.0,-0.03,0.0,1.0,0.0,0.015
11,0.3666659567145211,74,0.04585565043589549,0.0,-0.026194079495712255,0.0038059205042877443,0.011194079495712255,22.38815899142451,-0.002714889665888375,0.0009434943815181035,13.432895394854706,0.025,0.0,-0.03,0.0,1.0,0.0,0.015
11,0.3666659567145211,75,0.04536901624245705,0.0,-0.027343478742286726,0.002656521257713273,0.012343478742286727,24.686957484573455,0.0001856744987522348,0.0019177833906008303,14.812174490744072,0.025,0.0,-0.03,0.0,1.0,0.0,0.015
11,0.3666659567145211,76,0.044875655035042795,0.0,-0.02849007892123286,0.0015099210787671395,0.01349007892123286,26.98015784246572,-0.0071541756970337255,0.0015373241995704583,16.18809470547943,0.025,0.0,-0.03,0.0,1.0,0.0,0.015
11,0.3666659567145211,77,0.044375646284985165,0.0,-0.02963372097316693,0.0003662790268330676,0.014633720973166932,29.267441946333864,0.0033265471439050277,0.002777298176549918,17.560465167800317,0.025,0.0,-0.03,0.0,1.0,0.0,0.015
11,0.3666659567145211,78,0.0438689722563297,0.0,-0.030774489126107436,0.0007744891261074367,0.014225510873892563,28.451021747785127,0.008268038266581526,0.0026588485433573553,17.070613048671074,0.025,0.0,-0.03,0.0,1.0,0.0,0.015
11,0.3666659567145211,79,0.043355712728991774,0.0,-0.031912264348024764,0.0019122643480247656,0.013087735651975234,26.175471303950467,-0.0037992695368263664,0.0024932158099935592,15.70528278237028,0.025,0.0,-0.03,0.0,1.0,0.0,0.015
11,0.3666659567145211,80,0.04284371832865955,0.0,-0.03305259111280502,0.0030525911128050226,0.011947408887194977,23.894817774389953,0.008238337291192275,0.003250140132280025,14.336890664633971,0.025,0.0,-0.03,0.0,1.0,0.0,0.015
12,0.39999922550675027,65,0.04994062688789552,0.0,-0.0158246260911422,0.0141753739088578,0.0008246260911421999,1.6492521822843997,0.09889188109315507,0.036137350734637794,0.9895513093706398,0.025,0.0,-0.03,0.0,1.0,0.0,0.015
12,0.39999922550675027,66,0.049512663824669914,0.0,-0.01699699816580159,0.013003001834198408,0.001996998165801591,3.993996331603182,-0.08432125129256618,0.0305153326363176,2.396397798961909,0.025,0.0,-0.03,0.0,1.0,0.0,0.015
12,0.39999922550675027,67,0.04907796852606737,0.0,-0.01816722292950248,0.01183277707049752,0.0031672229295024792,6.334445859004958,0.03129639633323196,0.011991927114922765,3.8006675154029748,0.025,0.0,-0.03,0.0,1.0,0.0,0.015
12,0.39999922550675027,68,0.04863669500382107,0.0,-0.0193347308798114,0.0106652691201886,0.004334730879811399,8.669461759622799,0.013464306054772874,0.005778957088002804,5.201677055773679,0.025,0.0,-0.03,0.0,1.0,0.0,0.015
12,0.39999922550675027,69,0.04818869414420289,0.0,-0.020499780170508124,0.009500219829491875,0.005499780170508124,10.999560341016249,-0.06527217865299977,0.025014654948680066,6.599736204609749,0.025,0.0,-0.03,0.0,1.0,0.0,0.015
12,0.39999922550675027,70,0.047733959283528166,0.0,-0.021662274322232573,0.008337725677767426,0.006662274322232573,13.324548644465146,0.08034669121261012,0.03222854542370993,7.994729186679088,0.025,0.0,-0.03,0.0,1.0,0.0,0.015
12,0.39999922550675027,71,0.04727256029464779,0.0,-0.022821945414683503,0.007178054585316496,0.007821945414683503,15.643890829367006,-0.08500416933640104,0.03359213947178501,9.386334497620203,0.025,0.0,-0.03,0.0,1.0,0.0,0.015
12,0.39999922550675027,72,0.04680433313272637,0.0,-0.023979132691357135,0.006020867308642864,0.008979132691357136,17.95826538271427,0.052463754826538686,0.021777170604009962,10.774959229628562,0.025,0.0,-0.03,0.0,1.0,0.0,0.015
12,0.39999922550675027,73,0.046329446577981895,0.0,-0.025133371193226423,0.004866628806773576,0.010133371193226423,20.266742386452847,-0.02381007423118668,0.009228583520266297,12.160045431871708,0.025,0.0,-0.03,0.0,1.0,0.0,0.015
12,0.39999922550675027,74,0.0458477790912303,0.0,-0.02628492595767481,0.0037150740423251873,0.011284925957674812,22.569851915349624,-0.01820066840720223,0.007283897167081665,13.541911149209774,0.025,0.0,-0.03,0.0,1.0,0.0,0.015
12,0.39999922550675027,75,0.04535938842834644,0.0,-0.02743364811132199,0.0025663518886780076,0.012433648111321992,24.867296222643983,0.03284875282355657,0.014667955322617726,14.920377733586388,0.025,0.0,-0.03,0.0,1.0,0.0,0.015
12,0.39999922550675027,76,0.044864338069184564,0.0,-0.028579398564315617,0.0014206014356843814,0.013579398564315618,27.158797128631235,-0.04500536503007358,0.019038663222806604,16.295278277178742,0.025,0.0,-0.03,0.0,1.0,0.0,0.015
12,0.39999922550675027,77,0.04436254947249419,0.0,-0.0297223854263857,0.00027761457361429737,0.014722385426385702,29.444770852771406,0.02709453216234152,0.012489640623640948,17.666862511662842,0.025,0.0,-0.03,0.0,1.0,0.0,0.015
12,0.39999922550675027,78,0.04385417734255056,0.0,-0.03086230238091365,0.0008623023809136501,0.01413769761908635,28.2753952381727,0.016158255139169617,0.00659857485607995,16.965237142903618,0.025,0.0,-0.03,0.0,1.0,0.0,0.015
12,0.39999922550675027,79,0.04333916987565333,0.0,-0.03199932851725866,0.001999328517258661,0.013000671482741338,26.001342965482678,0.00758465064599861,0.0027627862084949216,15.600805779289606,0.025,0.0,-0.03,0.0,1.0,0.0,0.015
12,0.39999922550675027,80,0.04282511161247433,0.0,-0.033138706643207914,0.0031387066432079155,0.011861293356792084,23.722586713584167,-0.006138120018966171,0.0034493501583028156,14.2335520281505,0.025,0.0,-0.03,0.0,1.0,0.0,0.015
13,0.43333249429897946,65,0.049871924561384715,0.0,-0.01605562998440936,0.013944370015590637,0.001055629984409362,2.111259968818724,-0.2809250002488506,0.10074554832406006,1.2667559812912343,0.025,0.0,-0.03,0.0,1.0,0.0,0.015
13,0.43333249429897946,66,0.04944497443266234,0.0,-0.017227809975252452,0.012772190024747547,0.0022278099752524524,4.455619950504905,0.1750431417492592,0.06444772556740246,2.673371970302943,0.025,0.0,-0.03,0.0,1.0,0.0,0.015
13,0.43333249429897946,67,0.04901098766238145,0.0,-0.01839880655574421,0.011601193444255788,0.003398806555744212,6.797613111488424,-0.036916197700175145,0.012770952051799005,4.078567866893054,0.025,0.0,-0.03,0.0,1.0,0.0,0.015
13,0.43333249429897946,68,0.048570716908489964,0.0,-0.019566391691753084,0.010433608308246915,0.004566391691753085,9.132783383506169,-0.13839658465338867,0.05242241082807374,5.479670030103701,0.025,0.0,-0.03,0.0,1.0,0.0,0.015
13,0.43333249429897946,69,0.04812361903434661,0.0,-0.02073190076299983,0.009268099237000168,0.0057319007629998316,11.463801525999664,0.23257862945376775,0.09089587200088052,6.878280915599798,0.025,0.0,-0.03,0.0,1.0,0.0,0.015
13,0.43333249429897946,70,0.047669785377209,0.0,-0.021894937278871825,0.008105062721128174,0.006894937278871825,13.78987455774365,-0.2684408141670857,0.10470274480629632,8.27392473464619,0.025,0.0,-0.03,0.0,1.0,0.0,0.015
13,0.43333249429897946,71,0.047209519476588274,0.0,-0.023054650545243083,0.006945349454756916,0.008054650545243083,16.109301090486166,0.17921731218615197,0.0721988987981388,9.6655806542917,0.025,0.0,-0.03,0.0,1.0,0.0,0.015
13,0.43333249429897946,72,0.04674207813922767,0.0,-0.024212822623464483,0.0057871773765355156,0.009212822623464484,18.42564524692897,-0.05489589544574257,0.020800030202524782,11.055387148157381,0.025,0.0,-0.03,0.0,1.0,0.0,0.015
13,0.43333249429897946,73,0.04626849080034944,0.0,-0.025366840939779593,0.004633159060220406,0.010366840939779593,20.733681879559185,-0.11406848453833189,0.046603557274106366,12.44020912773551,0.025,0.0,-0.03,0.0,1.0,0.0,0.015
13,0.43333249429897946,74,0.04578759368432852,0.0,-0.02651951888239204,0.0034804811176079586,0.01151951888239204,23.03903776478408,0.21037658666380774,0.08986660964799054,13.823422658870447,0.025,0.0,-0.03,0.0,1.0,0.0,0.015
13,0.43333249429897946,75,0.04530049130319268,0.0,-0.027668168530108107,0.0023318314698918922,0.012668168530108107,25.336337060216213,-0.2561728626337045,0.1080932463707334,15.201802236129726,0.025,0.0,-0.03,0.0,1.0,0.0,0.015
13,0.43333249429897946,76,0.044806374283934976,0.0,-0.028814719872486027,0.001185280127513972,0.013814719872486027,27.629439744972053,0.17976441115507885,0.07898492090772087,16.57766384698323,0.025,0.0,-0.03,0.0,1.0,0.0,0.015
13,0.43333249429897946,77,0.04430566993532827,0.0,-0.029958183887861277,4.1816112138721995e-05,0.014958183887861277,29.916367775722556,-0.06683628086168504,0.02739740101528628,17.94982066543353,0.025,0.0,-0.03,0.0,1.0,0.0,0.015
13,0.43333249429897946,78,0.0437985104858157,0.0,-0.03109830552527642,0.0010983055252764204,0.013901694474723579,27.803388949447157,0.09815619584864708,0.042892384756761014,16.682033369668293,0.025,0.0,-0.03,0.0,1.0,0.0,0.015
13,0.43333249429897946,79,0.04328432739107515,0.0,-0.032236409297806336,0.002236409297806337,0.012763590702193663,25.527181404387324,-0.19898555898257594,0.09157855654504048,15.316308842632393,0.025,0.0,-0.03,0.0,1.0,0.0,0.015
13,0.43333249429897946,80,0.04277172760449135,0.0,-0.033375629399172886,0.0033756293991728872,0.011624370600827112,23.248741201654223,0.2591149296504745,0.11478099067705429,13.949244720992533,0.025,0.0,-0.03,0.0,1.0,0.0,0.015
14,0.46666576309120866,64,0.05023604513581478,0.0,-0.01504641452229401,0.01495358547770599,4.6414522294009955e-05,0.09282904458801991,-0.351171691952844,0.12162600857167087,0.055697426752811946,0.025,0.0,-0.03,0.0,1.0,0.0,0.015
14,0.46666576309120866,65,0.049816079846994606,0.0,-0.01622215654669359,0.013777843453306408,0.0012221565466935917,2.4443130933871835,0.336134896976076,0.12067018384825735,1.46658785603231,0.025,0.0,-0.03,0.0,1.0,0.0,0.015
14,0.46666576309120866,66,0.049389772926482445,0.0,-0.01739509675004006,0.012604903249959939,0.0023950967500400606,4.790193500080122,-0.18175975277917633,0.06590342577352275,2.874116100048073,0.025,0.0,-0.03,0.0,1.0,0.0,0.015
14,0.46666576309120866,67,0.04895680300708693,0.0,-0.018565909541861,0.011434090458139,0.0035659095418609996,7.131819083721999,-0.06915283982570615,0.026683388145856447,4.279091450233199,0.025,0.0,-0.03,0.0,1.0,0.0,0.015
14,0.46666576309120866,68,0.04851722352442,0.0,-0.019734294019187477,0.010265705980812521,0.004734294019187478,9.468588038374955,0.30555959350607,0.1168313027030367,5.681152823024973,0.025,0.0,-0.03,0.0,1.0,0.0,0.015
14,0.46666576309120866,69,0.048071142065867566,0.0,-0.02089979997079884,0.009100200029201158,0.005899799970798841,11.799599941597682,-0.44703480362731346,0.17284122739011545,7.079759964958609,0.025,0.0,-0.03,0.0,1.0,0.0,0.015
14,0.46666576309120866,70,0.047618175542879275,0.0,-0.022063306298307293,0.007936693701692706,0.007063306298307294,14.126612596614589,0.41817158199153737,0.16398348130142681,8.475967557968753,0.025,0.0,-0.03,0.0,1.0,0.0,0.015
14,0.46666576309120866,71,0.047158753813868005,0.0,-0.02322360648249184,0.00677639351750816,0.00822360648249184,16.447212964983677,-0.23217088490185606,0.09171097443411713,9.868327778990206,0.025,0.0,-0.03,0.0,1.0,0.0,0.015
14,0.46666576309120866,72,0.04669248284681328,0.0,-0.024381596593438012,0.0056184034065619864,0.009381596593438013,18.763193186876027,-0.06697991972912402,0.028222058042547106,11.257915912125616,0.025,0.0,-0.03,0.0,1.0,0.0,0.015
14,0.46666576309120866,73,0.046219514034463886,0.0,-0.025536855014057114,0.004463144985942885,0.010536855014057114,21.073710028114228,0.36285311650342533,0.1509553698729412,12.644226016868537,0.025,0.0,-0.03,0.0,1.0,0.0,0.015
14,0.46666576309120866,74,0.045739988485998924,0.0,-0.02668897338529587,0.0033110266147041295,0.01168897338529587,23.37794677059174,-0.5611890291106624,0.23576085020486162,14.026768062355044,0.025,0.0,-0.03,0.0,1.0,0.0,0.015
14,0.46666576309120866,75,0.04525349157254528,0.0,-0.027838932399230198,0.002161067600769801,0.012838932399230198,25.677864798460398,0.5718226852893389,0.24376853715652885,15.406718879076237,0.025,0.0,-0.03,0.0,1.0,0.0,0.015
14,0.46666576309120866,76,0.0447606198712744,0.0,-0.028985316923615816,0.0010146830763841826,0.013985316923615817,27.970633847231635,-0.3956473451035991,0.1702660268234825,16.78238030833898,0.025,0.0,-0.03,0.0,1.0,0.0,0.015
14,0.46666576309120866,77,0.044260836745387167,0.0,-0.03012937412664322,0.00012937412664322176,0.014870625873356778,29.741251746713555,-0.07193625410069777,0.03058436696527213,17.844751048028133,0.025,0.0,-0.03,0.0,1.0,0.0,0.015
14,0.46666576309120866,78,0.04375452557747226,0.0,-0.031270275496312984,0.001270275496312985,0.013729724503687014,27.45944900737403,-0.2796089385971259,0.12632873770642147,16.475669404424416,0.025,0.0,-0.03,0.0,1.0,0.0,0.015
14,0.46666576309120866,79,0.04324168668075425,0.0,-0.03240806922187589,0.0024080692218758915,0.012591930778124108,25.183861556248218,0.5558492412973755,0.250458476972409,15.11031693374893,0.025,0.0,-0.03,0.0,1.0,0.0,0.015
14,0.46666576309120866,80,0.04272974201471184,0.0,-0.03354874898007179,0.003548748980071792,0.011451251019928207,22.902502039856415,-0.6545638685785609,0.29355470217282625,13.741501223913849,0.025,0.0,-0.03,0.0,1.0,0.0,0.015
15,0.49999903188343786,64,0.050235085142015044,0.0,-0.015040342327614104,0.014959657672385895,4.034232761410475e-05,0.0806846552282095,0.6821009842727522,0.23507321713408305,0.0484107931369257,0.025,0.0,-0.03,0.0,1.0,0.0,0.015
15,0.49999903188343786,65,0.049815986553510896,0.0,-0.01621400341942333,0.013785996580576668,0.001214003419423331,2.4280068388466622,-0.6830104866767484,0.24516260651908645,1.4568041033079973,0.025,0.0,-0.03,0.0,1.0,0.0,0.015
15,0.49999903188343786,66,0.04938907218149661,0.0,-0.017388971056079425,0.012611028943920573,0.002388971056079426,4.777942112158852,0.4452217624167732,0.1619605605283803,2.8667652672953112,0.025,0.0,-0.03,0.0,1.0,0.0,0.015
15,0.49999903188343786,67,0.0489566988433655,0.0,-0.01855853741580938,0.011441462584190619,0.0035585374158093805,7.117074831618761,-0.03911359513125146,0.012944277897375081,4.2702448989712565,0.025,0.0,-0.03,0.0,1.0,0.0,0.015
15,0.49999903188343786,68,0.04851713471014813,0.0,-0.019727224805819347,0.010272775194180652,0.004727224805819347,9.454449611638696,-0.3731556002147075,0.14324676132862338,5.672669766983217,0.025,0.0,-0.03,0.0,1.0,0.0,0.015
15,0.49999903188343786,69,0.04807087260170187,0.0,-0.020893548677198122,0.009106451322801877,0.005893548677198122,11.787097354396245,0.6580693315704299,0.25488984125903275,7.072258412637747,0.025,0.0,-0.03,0.0,1.0,0.0,0.015
15,0.49999903188343786,70,0.04761861171303762,0.0,-0.022055587446719063,0.007944412553280936,0.007055587446719063,14.111174893438125,-0.698798746882758,0.27435040842546715,8.466704936062875,0.025,0.0,-0.03,0.0,1.0,0.0,0.015
15,0.49999903188343786,71,0.047158598993066785,0.0,-0.02321770094348107,0.0067822990565189305,0.008217700943481069,16.435401886962136,0.4960366827396805,0.19684309594935387,9.861241132177282,0.025,0.0,-0.03,0.0,1.0,0.0,0.015
15,0.49999903188343786,72,0.04669304580578437,0.0,-0.02437425120120553,0.005625748798794468,0.009374251201205532,18.748502402411063,-0.10960366750237531,0.04308656167201365,11.249101441446637,0.025,0.0,-0.03,0.0,1.0,0.0,0.015
15,0.49999903188343786,73,0.046219848974133663,0.0,-0.025530376726812267,0.004469623273187732,0.010530376726812268,21.060753453624535,-0.3076149934800001,0.1287639541963644,12.636452072174722,0.025,0.0,-0.03,0.0,1.0,0.0,0.015
15,0.49999903188343786,74,0.045740447956188875,0.0,-0.02668252124472953,0.00331747875527047,0.01168252124472953,23.36504248945906,0.6180337666407285,0.25996586126252236,14.019025493675436,0.025,0.0,-0.03,0.0,1.0,0.0,0.015
15,0.49999903188343786,75,0.045254335625974716,0.0,-0.027831890354896707,0.0021681096451032916,0.012831890354896708,25.663780709793414,-0.6976388125691083,0.29767402111195135,15.398268425876047,0.025,0.0,-0.03,0.0,1.0,0.0,0.015
15,0.49999903188343786,76,0.044761157301974705,0.0,-0.028979289034083804,0.0010207109659161953,0.013979289034083804,27.958578068167608,0.5331450701972429,0.22976172338413486,16.775146840900565,0.025,0.0,-0.03,0.0,1.0,0.0,0.015
15,0.49999903188343786,77,0.044261887337465916,0.0,-0.030122497163575533,0.00012249716357553425,0.014877502836424465,29.75500567284893,0.1726182987633065,0.07473507559343928,17.85300340370936,0.025,0.0,-0.03,0.0,1.0,0.0,0.015
15,0.49999903188343786,78,0.043755441621561114,0.0,-0.03126399722877381,0.0012639972287738083,0.013736002771226191,27.472005542452383,0.24055184928757242,0.10905407577974145,16.48320332547143,0.025,0.0,-0.03,0.0,1.0,0.0,0.015
15,0.49999903188343786,79,0.04324275356345776,0.0,-0.03240172779944163,0.0024017277994416303,0.01259827220055837,25.19654440111674,-0.5703574960622647,0.25686573327229917,15.117926640670042,0.025,0.0,-0.03,0.0,1.0,0.0,0.015
15,0.49999903188343786,80,0.04273100620637056,0.0,-0.03354234040787641,0.003542340407876411,0.011457659592123588,22.915319184247178,0.6905004914287642,0.3096322176944409,13.749191510548306,0.025,0.0,-0.03,0.0,1.0,0.0,0.015
16,0.5333323006756671,65,0.04984513039189657,0.0,-0.016119741407794257,0.013880258592205742,0.0011197414077942572,2.2394828155885143,1.0149353647977373,0.3643348336432283,1.3436896893531085,0.025,0.0,-0.03,0.0,1.0,0.0,0.015
16,0.5333323006756671,66,0.049419103459383544,0.0,-0.01729123834564761,0.012708761654352387,0.0022912383456476122,4.582476691295224,-0.700284363405799,0.2556338390779525,2.7494860147771347,0.025,0.0,-0.03,0.0,1.0,0.0,0.015
16,0.5333323006756671,67,0.0489856685620883,0.0,-0.01846259683063782,0.011537403169362179,0.0034625968306378208,6.9251936612756415,0.17394525951057796,0.062389123091579964,4.155116196765385,0.025,0.0,-0.03,0.0,1.0,0.0,0.015
16,0.5333323006756671,68,0.048545728086607454,0.0,-0.01963118872650188,0.010368811273498119,0.004631188726501881,9.262377453003761,0.4029971941274151,0.1548665971510873,5.557426471802256,0.025,0.0,-0.03,0.0,1.0,0.0,0.015
16,0.5333323006756671,69,0.04809981098983202,0.0,-0.020795483809704234,0.009204516190295765,0.005795483809704235,11.59096761940847,-0.8078499139529328,0.3137001409544671,6.954580571645082,0.025,0.0,-0.03,0.0,1.0,0.0,0.015
16,0.5333323006756671,70,0.04764598785336492,0.0,-0.02196038154735086,0.008039618452649139,0.006960381547350861,13.920763094701721,0.9334192972043506,0.3663356654057176,8.352457856821033,0.025,0.0,-0.03,0.0,1.0,0.0,0.015
16,0.5333323006756671,71,0.04718679822760553,0.0,-0.023119258336451443,0.006880741663548556,0.008119258336451444,16.238516672902886,-0.7252546598374033,0.28889764748400953,9.743110003741732,0.025,0.0,-0.03,0.0,1.0,0.0,0.015
16,0.5333323006756671,72,0.0467199695828309,0.0,-0.024277786072526654,0.005722213927473345,0.009277786072526654,18.555572145053308,0.29392518264930273,0.11692043740454262,11.133343287031984,0.025,0.0,-0.03,0.0,1.0,0.0,0.015
16,0.5333323006756671,73,0.04624659527532001,0.0,-0.025433161877819972,0.004566838122180027,0.010433161877819973,20.866323755639947,0.22231177845003156,0.09341622516220552,12.519794253383967,0.025,0.0,-0.03,0.0,1.0,0.0,0.015
16,0.5333323006756671,74,0.04576720306358874,0.0,-0.026584084845633155,0.0034159151543668442,0.011584084845633155,23.16816969126631,-0.6134176658576059,0.2592872865207622,13.900901814759786,0.025,0.0,-0.03,0.0,1.0,0.0,0.015
16,0.5333323006756671,75,0.04527976017441012,0.0,-0.027735396166482445,0.002264603833517554,0.012735396166482445,25.47079233296489,0.769405257219591,0.32785285253623203,15.282475399778933,0.025,0.0,-0.03,0.0,1.0,0.0,0.015
16,0.5333323006756671,76,0.04478715155331663,0.0,-0.02888027704289702,0.0011197229571029803,0.01388027704289702,27.760554085794038,-0.6204049983288927,0.26832779014029984,16.656332451476423,0.025,0.0,-0.03,0.0,1.0,0.0,0.015
16,0.5333323006756671,77,0.044286722907255535,0.0,-0.030024934557066323,2.4934557066324387e-05,0.014975065442933675,29.95013088586735,-0.25809770356846995,0.11122420163016453,17.970078531520407,0.025,0.0,-0.03,0.0,1.0,0.0,0.015
16,0.5333323006756671,78,0.043780011028322616,0.0,-0.031165848796224478,0.0011658487962244793,0.01383415120377552,27.66830240755104,-0.19616827736363932,0.0887056281939767,16.60098144453062,0.025,0.0,-0.03,0.0,1.0,0.0,0.015
16,0.5333323006756671,79,0.043267314816979686,0.0,-0.03230246433683309,0.0023024643368330933,0.012697535663166906,25.395071326333813,0.5446188077701308,0.24571795075140662,15.237042795800287,0.025,0.0,-0.03,0.0,1.0,0.0,0.015
16,0.5333323006756671,80,0.042754344402909455,0.0,-0.033444546289672424,0.0034445462896724247,0.011555453710327575,23.11090742065515,-0.688170682610562,0.3087726238016181,13.86654445239309,0.025,0.0,-0.03,0.0,1.0,0.0,0.015
17,0.5666655694678963,65,0.049884621012933617,0.0,-0.01599551339925933,0.014004486600740669,0.0009955133992593304,1.9910267985186607,-0.9059506859204611,0.32588823878728324,1.1946160791111964,0.025,0.0,-0.03,0.0,1.0,0.0,0.015
17,0.5666655694678963,66,0.04945690256061878,0.0,-0.017170045877030984,0.012829954122969014,0.002170045877030985,4.3400917540619695,0.59114167849676,0.2151456311387358,2.6040550524371815,0.025,0.0,-0.03,0.0,1.0,0.0,0.015
17,0.5666655694678963,67,0.04902330875388884,0.0,-0.018340179953237345,0.011659820046762654,0.0033401799532373454,6.680359906474691,-0.05160096908964629,0.01714804783119239,4.008215943884815,0.025,0.0,-0.03,0.0,1.0,0.0,0.015
17,0.5666655694678963,68,0.04858345909622795,0.0,-0.019506841441901485,0.010493158558098514,0.004506841441901485,9.01368288380297,-0.4929298954338535,0.18994907476516995,5.408209730281782,0.025,0.0,-0.03,0.0,1.0,0.0,0.015
17,0.5666655694678963,69,0.048135472916877545,0.0,-0.020674816374925544,0.009325183625074455,0.005674816374925545,11.34963274985109,0.8702321550337929,0.3373927877819237,6.809779649910653,0.025,0.0,-0.03,0.0,1.0,0.0,0.015
17,0.5666655694678963,70,0.04768288673410379,0.0,-0.021834793676670707,0.008165206323329292,0.006834793676670708,13.669587353341415,-0.9172423597787203,0.3608769276333352,8.201752412004849,0.025,0.0,-0.03,0.0,1.0,0.0,0.015
17,0.5666655694678963,71,0.047221632899221926,0.0,-0.022997119017871517,0.007002880982128482,0.007997119017871517,15.994238035743034,0.6423586409934967,0.2546871870306516,9.596542821445821,0.025,0.0,-0.03,0.0,1.0,0.0,0.015
17,0.5666655694678963,72,0.04675468503938554,0.0,-0.024154157458494665,0.005845842541505334,0.009154157458494665,18.308314916989332,-0.12130493324482569,0.04724028992726213,10.984988950193598,0.025,0.0,-0.03,0.0,1.0,0.0,0.015
17,0.5666655694678963,73,0.04628145345278839,0.0,-0.025307404897902983,0.004692595102097016,0.010307404897902984,20.614809795805968,-0.4325578530609375,0.1819103408144358,12.36888587748358,0.025,0.0,-0.03,0.0,1.0,0.0,0.015
17,0.5666655694678963,74,0.045799556699476295,0.0,-0.026462542927653786,0.003537457072346213,0.011462542927653786,22.92508585530757,0.8477125944536753,0.3571639394016586,13.755051513184542,0.025,0.0,-0.03,0.0,1.0,0.0,0.015
17,0.5666655694678963,75,0.045313868491918326,0.0,-0.027607918914255805,0.0023920810857441938,0.012607918914255806,25.21583782851161,-0.9438661667019153,0.40366575875501837,15.129502697106965,0.025,0.0,-0.03,0.0,1.0,0.0,0.015
17,0.5666655694678963,76,0.04481848601295077,0.0,-0.02875746252783382,0.0012425374721661796,0.01375746252783382,27.51492505566764,0.7127964874155596,0.3068971858069719,16.508955033400582,0.025,0.0,-0.03,0.0,1.0,0.0,0.015
17,0.5666655694678963,77,0.044318504232697904,0.0,-0.029899307193649933,0.00010069280635006603,0.014899307193649933,29.798614387299867,-0.21128134073915256,0.09125142775166353,17.87916863237992,0.025,0.0,-0.03,0.0,1.0,0.0,0.015
17,0.5666655694678963,78,0.043811515860318825,0.0,-0.031039096969838552,0.001039096969838553,0.013960903030161446,27.921806060322893,0.35342593017997087,0.1611688634204538,16.753083636193736,0.025,0.0,-0.03,0.0,1.0,0.0,0.015
17,0.5666655694678963,79,0.0432963549623401,0.0,-0.03217937432537899,0.0021793743253789924,0.012820625674621007,25.641251349242015,-0.8075772408993294,0.3622665440002498,15.384750809545208,0.025,0.0,-0.03,0.0,1.0,0.0,0.015
17,0.5666655694678963,80,0.04278528407080205,0.0,-0.03331535869070496,0.003315358690704963,0.011684641309295037,23.369282618590073,0.9733712869275496,0.43999101141725316,14.021569571154044,0.025,0.0,-0.03,0.0,1.0,0.0,0.015
18,0.5999988382601255,65,0.04991225999852313,0.0,-0.015909984553291467,0.014090015446708532,0.0009099845532914673,1.8199691065829346,0.7525108154810946,0.27064047012946923,1.0919814639497607,0.025,0.0,-0.03,0.0,1.0,0.0,0.015
18,0.5999988382601255,66,0.049486225175885766,0.0,-0.01707848615799155,0.012921513842008448,0.0020784861579915513,4.1569723159831025,-0.43096673653271533,0.15640998582237078,2.4941833895898613,0.025,0.0,-0.03,0.0,1.0,0.0,0.015
18,0.5999988382601255,67,0.049051357459897846,0.0,-0.018250654158151604,0.011749345841848394,0.003250654158151605,6.50130831630321,-0.07042666428649198,0.029227966925722725,3.900784989781926,0.025,0.0,-0.03,0.0,1.0,0.0,0.015
18,0.5999988382601255,68,0.04861012133892593,0.0,-0.019419516010682262,0.010580483989317737,0.0044195160106822624,8.839032021364526,0.5755790446372594,0.22148274407395696,5.303419212818715,0.025,0.0,-0.03,0.0,1.0,0.0,0.015
18,0.5999988382601255,69,0.04816403100275702,0.0,-0.020581102537452624,0.009418897462547374,0.005581102537452625,11.16220507490525,-0.8748037520520514,0.340209816268449,6.69732304494315,0.025,0.0,-0.03,0.0,1.0,0.0,0.015
18,0.5999988382601255,70,0.04770788914001075,0.0,-0.021748693628254174,0.008251306371745825,0.006748693628254174,13.497387256508349,0.8635287653585721,0.3394192551574921,8.09843235390501,0.025,0.0,-0.03,0.0,1.0,0.0,0.015
18,0.5999988382601255,71,0.047248716970431405,0.0,-0.022904267948816337,0.007095732051183662,0.007904267948816338,15.808535897632675,-0.5187162892295728,0.20577347122540807,9.485121538579605,0.025,0.0,-0.03,0.0,1.0,0.0,0.015
18,0.5999988382601255,72,0.04678011698481825,0.0,-0.024063913491343517,0.005936086508656482,0.009063913491343518,18.127826982687036,-0.0327038258233925,0.016554759572655894,10.876696189612222,0.025,0.0,-0.03,0.0,1.0,0.0,0.015
18,0.5999988382601255,73,0.04630549783862791,0.0,-0.025219003704562343,0.004780996295437656,0.010219003704562343,20.438007409124687,0.6102482581574876,0.25536711814908547,12.262804445474812,0.025,0.0,-0.03,0.0,1.0,0.0,0.015
18,0.5999988382601255,74,0.045825723599898595,0.0,-0.02636756533779343,0.0036324346622065677,0.011367565337793432,22.735130675586863,-0.9891408418684576,0.41817179525986703,13.641078405352117,0.025,0.0,-0.03,0.0,1.0,0.0,0.015
18,0.5999988382601255,75,0.045335883442209984,0.0,-0.027521214124248176,0.0024787858757518225,0.012521214124248177,25.042428248496353,1.0466417025541739,0.44712056728252025,15.025456949097812,0.025,0.0,-0.03,0.0,1.0,0.0,0.015
18,0.5999988382601255,76,0.044843269656408405,0.0,-0.028662824895279725,0.0013371751047202736,0.013662824895279726,27.325649790559453,-0.7354808113926194,0.3179907993210182,16.39538987433567,0.025,0.0,-0.03,0.0,1.0,0.0,0.015
18,0.5999988382601255,77,0.044340912018472456,0.0,-0.02980862582237935,0.00019137417762064846,0.014808625822379351,29.617251644758703,0.17086195630356604,0.071812014717808,17.77035098685522,0.025,0.0,-0.03,0.0,1.0,0.0,0.015
18,0.5999988382601255,78,0.04383300203216207,0.0,-0.030948973353654624,0.0009489733536546252,0.014051026646345374,28.102053292690748,-0.4708443466106503,0.2129028447568954,16.861231975614448,0.025,0.0,-0.03,0.0,1.0,0.0,0.015
18,0.5999988382601255,79,0.04331983732609137,0.0,-0.032083441094346986,0.002083441094346987,0.012916558905653013,25.833117811306025,0.9561307381897992,0.43011623562734885,15.499870686783614,0.025,0.0,-0.03,0.0,1.0,0.0,0.015
18,0.5999988382601255,80,0.042804389791841056,0.0,-0.03322754812080402,0.0032275481208040233,0.011772451879195976,23.544903758391953,-1.145463102482892,0.5177792793577217,14.126942255035171,0.025,0.0,-0.03,0.0,1.0,0.0,0.015
19,0.6333321070523547,65,0.04993180268986628,0.0,-0.01585100846100896,0.014148991538991039,0.0008510084610089605,1.702016922017921,-0.8778520625993318,0.3158564983851614,1.0212101532107527,0.025,0.0,-0.03,0.0,1.0,0.0,0.015
19,0.6333321070523547,66,0.04950137034450554,0.0,-0.017030722992610284,0.012969277007389715,0.0020307229926102843,4.061445985220569,0.5684363219024959,0.20673444402685212,2.436867591132341,0.025,0.0,-0.03,0.0,1.0,0.0,0.015
19,0.6333321070523547,67,0.0490682401480205,0.0,-0.018197253412603143,0.011802746587396856,0.0031972534126031432,6.394506825206286,-0.054309215277553946,0.0170928590749612,3.8367040951237716,0.025,0.0,-0.03,0.0,1.0,0.0,0.015
19,0.6333321070523547,68,0.0486274842686566,0.0,-0.019363996382863752,0.010636003617136246,0.004363996382863753,8.727992765727507,-0.47266169392232227,0.18326252634243462,5.2367956594365035,0.025,0.0,-0.03,0.0,1.0,0.0,0.015
19,0.6333321070523547,69,0.04817773403955392,0.0,-0.02053412892991773,0.00946587107008227,0.005534128929917729,11.068257859835457,0.8335849403803745,0.32473593155250907,6.640954715901274,0.025,0.0,-0.03,0.0,1.0,0.0,0.015
19,0.6333321070523547,70,0.047726027637434075,0.0,-0.021689459890857552,0.008310540109142447,0.006689459890857553,13.378919781715105,-0.8885622620057022,0.35020411096353654,8.027351869029063,0.025,0.0,-0.03,0.0,1.0,0.0,0.015
19,0.6333321070523547,71,0.04726203658917844,0.0,-0.02285622612849735,0.00714377387150265,0.007856226128497349,15.712452256994698,0.6288752215015521,0.24989499215375666,9.427471354196818,0.025,0.0,-0.03,0.0,1.0,0.0,0.015
19,0.6333321070523547,72,0.046795737102619174,0.0,-0.024009187849015595,0.005990812150984404,0.009009187849015596,18.018375698031193,-0.14608093659221952,0.0564868208409822,10.811025418818716,0.025,0.0,-0.03,0.0,1.0,0.0,0.015
19,0.6333321070523547,73,0.04632093510676171,0.0,-0.025163826100486487,0.0048361738995135115,0.010163826100486488,20.327652200972977,-0.38065466740456616,0.1609937987414592,12.196591320583787,0.025,0.0,-0.03,0.0,1.0,0.0,0.015
19,0.6333321070523547,74,0.045837962866122565,0.0,-0.026319044459089065,0.0036809555409109337,0.011319044459089066,22.63808891817813,0.7677129321655414,0.32518204977981996,13.582853350906879,0.025,0.0,-0.03,0.0,1.0,0.0,0.015
19,0.6333321070523547,75,0.04535228667200575,0.0,-0.027461961418422883,0.0025380385815771157,0.012461961418422884,24.92392283684577,-0.8693231759407668,0.37231999649770875,14.954353702107461,0.025,0.0,-0.03,0.0,1.0,0.0,0.015
19,0.6333321070523547,76,0.044854851371751714,0.0,-0.028613812064030103,0.0013861879359698959,0.013613812064030104,27.227624128060206,0.6604787715415966,0.28532520961914615,16.336574476836123,0.025,0.0,-0.03,0.0,1.0,0.0,0.015
19,0.6333321070523547,77,0.04435492577462261,0.0,-0.02975309476622751,0.0002469052337724896,0.01475309476622751,29.50618953245502,-0.21564438486215046,0.09252573389834472,17.70371371947301,0.025,0.0,-0.03,0.0,1.0,0.0,0.015
19,0.6333321070523547,78,0.04384664027175685,0.0,-0.030893413212035235,0.0008934132120352357,0.014106586787964764,28.213173575929527,0.2996878303790459,0.13669681630187894,16.927904145557715,0.025,0.0,-0.03,0.0,1.0,0.0,0.015
19,0.6333321070523547,79,0.04333038170655058,0.0,-0.032033722623146785,0.002033722623146786,0.012966277376853214,25.932554753706427,-0.7067584744655654,0.31594976053935775,15.559532852223855,0.025,0.0,-0.03,0.0,1.0,0.0,0.015
19,0.6333321070523547,80,0.04281894275655535,0.0,-0.03316795814329789,0.003167958143297893,0.011832041856702107,23.664083713404214,0.8663160504774925,0.39410324609304925,14.198450228042528,0.025,0.0,-0.03,0.0,1.0,0.0,0.015
20,0.6666653758445839,65,0.049939040021478,0.0,-0.015828005538643657,0.014171994461356342,0.0008280055386436572,1.6560110772873142,0.9026965448600995,0.32475096181674096,0.9936066463723885,0.025,0.0,-0.03,0.0,1.0,0.0,0.015
20,0.6666653758445839,66,0.049513810589030316,0.0,-0.016992841091992044,0.013007158908007955,0.0019928410919920446,3.985682183984089,-0.6478552298081853,0.23619961138753917,2.3914093103904532,0.025,0.0,-0.03,0.0,1.0,0.0,0.015
20,0.6666653758445839,67,0.049077916059870844,0.0,-0.018166339006506868,0.01183366099349313,0.0031663390065068686,6.332678013013737,0.2011961912218977,0.07185142122591703,3.7996068078082423,0.025,0.0,-0.03,0.0,1.0,0.0,0.015
20,0.6666653758445839,68,0.04863578341800841,0.0,-0.019336050394917485,0.010663949605082514,0.004336050394917485,8.672100789834971,0.29021689287962954,0.113722242152122,5.203260473900983,0.025,0.0,-0.03,0.0,1.0,0.0,0.015
20,0.6666653758445839,69,0.048190419483697663,0.0,-0.020494270798131823,0.009505729201868176,0.0054942707981318235,10.988541596263648,-0.6537512825619967,0.2554930429309284,6.593124957758189,0.025,0.0,-0.03,0.0,1.0,0.0,0.015
20,0.6666653758445839,70,0.04773213959611246,0.0,-0.021665803304437247,0.008334196695562752,0.006665803304437248,13.331606608874495,0.7876562773901474,0.3103520339859623,7.9989639653246964,0.025,0.0,-0.03,0.0,1.0,0.0,0.015
20,0.6666653758445839,71,0.04727384343892931,0.0,-0.022817629646070238,0.007182370353929761,0.007817629646070239,15.635259292140477,-0.6517665133013367,0.2595935796825252,9.381155575284286,0.025,0.0,-0.03,0.0,1.0,0.0,0.015
20,0.6666653758445839,72,0.0468040400119205,0.0,-0.02397874339646077,0.006021256603539228,0.008978743396460771,17.957486792921543,0.3146229678355945,0.12494741407300484,10.774492075752926,0.025,0.0,-0.03,0.0,1.0,0.0,0.015
20,0.6666653758445839,73,0.04632852507509869,0.0,-0.025134429354657616,0.004865570645342383,0.010134429354657616,20.268858709315232,0.09883985506148969,0.04390419039609967,12.161315225589139,0.025,0.0,-0.03,0.0,1.0,0.0,0.015
20,0.6666653758445839,74,0.045849482848902154,0.0,-0.02627972542564152,0.00372027457435848,0.01127972542564152,22.55945085128304,-0.4313071014333406,0.1838806224633809,13.535670510769823,0.025,0.0,-0.03,0.0,1.0,0.0,0.015
20,0.6666653758445839,75,0.045357306812005484,0.0,-0.02743731951383278,0.002562680486167219,0.01243731951383278,24.874639027665562,0.5792736288417016,0.2479904901160469,14.924783416599336,0.025,0.0,-0.03,0.0,1.0,0.0,0.015
20,0.6666653758445839,76,0.044865767797572134,0.0,-0.02857489450953852,0.0014251054904614799,0.01357489450953852,27.14978901907704,-0.4936468905978583,0.2131606614829671,16.289873411446223,0.025,0.0,-0.03,0.0,1.0,0.0,0.015
20,0.6666653758445839,77,0.04436195271565877,0.0,-0.02972252615029435,0.0002774738497056499,0.01472252615029435,29.4450523005887,0.2267007708381012,0.09725391916660138,17.66703138035322,0.025,0.0,-0.03,0.0,1.0,0.0,0.015
20,0.6666653758445839,78,0.04385327880394063,0.0,-0.03086304396156326,0.0008630439615632604,0.014136956038436739,28.27391207687348,-0.11042502178151378,0.05116264441500881,16.96434724612409,0.025,0.0,-0.03,0.0,1.0,0.0,0.015
20,0.6666653758445839,79,0.04334080643394806,0.0,-0.031994488899504424,0.001994488899504425,0.013005511100495575,26.01102220099115,0.37880319130536605,0.1653847347568465,15.60661332059469,0.025,0.0,-0.03,0.0,1.0,0.0,0.015
20,0.6666653758445839,80,0.0428228591260645,0.0,-0.03314250952983452,0.003142509529834518,0.011857490470165481,23.714980940330964,-0.48986034333678197,0.22676284418267045,14.228988564198579,0.025,0.0,-0.03,0.0,1.0,0.0,0.015
21,0.699998644636813,65,0.04994936044238367,0.0,-0.015797706249003503,0.014202293750996495,0.000797706249003504,1.5954124980070081,-0.37264177631398393,0.13351104929390448,0.9572474988042048,0.025,0.0,-0.03,0.0,1.0,0.0,0.015
21,0.699998644636813,66,0.049518288890075715,0.0,-0.016978250426551374,0.013021749573448625,0.001978250426551375,3.95650085310275,0.24568224015886536,0.0882662695559832,2.37390051186165,0.025,0.0,-0.03,0.0,1.0,0.0,0.015
21,0.699998644636813,67,0.04908456525695449,0.0,-0.018145389524191327,0.011854610475808672,0.0031453895241913277,6.290779048382655,-0.03409048483430564,0.009945301740265483,3.7744674290295928,0.025,0.0,-0.03,0.0,1.0,0.0,0.015
21,0.699998644636813,68,0.04864447000606346,0.0,-0.019309453584511783,0.010690546415488215,0.004309453584511784,8.618907169023569,-0.18194821924184673,0.07189633227851139,5.171344301414141,0.025,0.0,-0.03,0.0,1.0,0.0,0.015
21,0.699998644636813,69,0.048192939350252345,0.0,-0.02048321556169125,0.009516784438308747,0.005483215561691252,10.966431123382504,0.33170217886568154,0.12979493150556873,6.579858674029502,0.025,0.0,-0.03,0.0,1.0,0.0,0.015
21,0.699998644636813,70,0.04774232761417344,0.0,-0.02163476279195519,0.008365237208044808,0.006634762791955191,13.269525583910383,-0.3558048470338801,0.13977176456700302,7.961715350346229,0.025,0.0,-0.03,0.0,1.0,0.0,0.015
21,0.699998644636813,71,0.04727715136674607,0.0,-0.022803541733026036,0.007196458266973963,0.007803541733026036,15.607083466052073,0.25282264981059266,0.09908664816083583,9.364250079631244,0.025,0.0,-0.03,0.0,1.0,0.0,0.015
21,0.699998644636813,72,0.04681030556517459,0.0,-0.02395681613996446,0.00604318386003554,0.00895681613996446,17.91363227992892,-0.058961289803718314,0.021026489261103832,10.74817936795735,0.025,0.0,-0.03,0.0,1.0,0.0,0.015
21,0.699998644636813,73,0.04633653926643038,0.0,-0.025107987590325762,0.004892012409674237,0.010107987590325763,20.215975180651526,-0.15176078976757873,0.0658219805954993,12.129585108390915,0.025,0.0,-0.03,0.0,1.0,0.0,0.015
21,0.699998644636813,74,0.045850901837090806,0.0,-0.02626855209219744,0.0037314479078025577,0.011268552092197442,22.537104184394884,0.3070648707372809,0.13087428982568103,13.52226251063693,0.025,0.0,-0.03,0.0,1.0,0.0,0.015
21,0.699998644636813,75,0.04536744285749921,0.0,-0.027405267135443848,0.0025947328645561513,0.012405267135443848,24.810534270887697,-0.34556431174602376,0.14769991213942074,14.886320562532617,0.025,0.0,-0.03,0.0,1.0,0.0,0.015
21,0.699998644636813,76,0.04486756035063313,0.0,-0.028561817538825755,0.0014381824611742443,0.013561817538825755,27.12363507765151,0.2580428254403987,0.11003667840964418,16.274181046590904,0.025,0.0,-0.03,0.0,1.0,0.0,0.015
21,0.699998644636813,77,0.0443681307216865,0.0,-0.02969894507601381,0.00030105492398618816,0.014698945076013811,29.39789015202762,-0.07554846961569468,0.03044007408760844,17.638734091216573,0.025,0.0,-0.03,0.0,1.0,0.0,0.015
21,0.699998644636813,78,0.043860213206697155,0.0,-0.03083751249068076,0.000837512490680762,0.014162487509319237,28.324975018638476,0.13322028870940297,0.061442679086431425,16.994985011183086,0.025,0.0,-0.03,0.0,1.0,0.0,0.015
21,0.699998644636813,79,0.04334139606458548,0.0,-0.03198251723761321,0.00198251723761321,0.01301748276238679,26.03496552477358,-0.2979267887497902,0.12603556328470877,15.620979314864147,0.025,0.0,-0.03,0.0,1.0,0.0,0.015
21,0.699998644636813,80,0.04283261171424184,0.0,-0.03310984363688181,0.003109843636881812,0.011890156363118187,23.780312726236374,0.37221602423798683,0.1763668690622004,14.268187635741825,0.025,0.0,-0.03,0.0,1.0,0.0,0.015
22,0.7333319134290422,65,0.049949794522798394,0.0,-0.015795894193798465,0.014204105806201534,0.0007958941937984652,1.5917883875969305,-0.4056080989595443,0.14753598347932873,0.9550730325581582,0.025,0.0,-0.03,0.0,1.0,0.0,0.015
22,0.7333319134290422,66,0.049525425846923724,0.0,-0.016957680205338017,0.013042319794661982,0.0019576802053380173,3.9153604106760347,0.34960846250289546,0.1306370778762038,2.3492162464056205,0.025,0.0,-0.03,0.0,1.0,0.0,0.015
22,0.7333319134290422,67,0.049088910584888616,0.0,-0.018132217413859064,0.011867782586140935,0.0031322174138590647,6.264434827718129,-0.2126954165206806,0.08180178198633332,3.7586608966308774,0.025,0.0,-0.03,0.0,1.0,0.0,0.015
22,0.7333319134290422,68,0.048646067329804296,0.0,-0.01930306966372988,0.01069693033627012,0.00430306966372988,8.60613932745976,0.035196935458036496,0.015160012486871242,5.163683596475855,0.025,0.0,-0.03,0.0,1.0,0.0,0.015
22,0.7333319134290422,69,0.048201699038844116,0.0,-0.020458058181489255,0.009541941818510744,0.005458058181489256,10.916116362978512,0.13726158525087082,0.05282820941086371,6.549669817787107,0.025,0.0,-0.03,0.0,1.0,0.0,0.015
22,0.7333319134290422,70,0.047741608253174826,0.0,-0.021633508679784322,0.008366491320215677,0.006633508679784322,13.267017359568644,-0.2630299538032324,0.10468572661303364,7.960210415741186,0.025,0.0,-0.03,0.0,1.0,0.0,0.015
22,0.7333319134290422,71,0.047284407603002655,0.0,-0.022781877309730268,0.007218122690269731,0.007781877309730269,15.563754619460537,0.31575680968256004,0.1289194836179106,9.338252771676322,0.025,0.0,-0.03,0.0,1.0,0.0,0.015
22,0.7333319134290422,72,0.04681375049700321,0.0,-0.02394444464157792,0.006055555358422077,0.008944444641577922,17.888889283155844,-0.2896964496488234,0.12071686796087441,10.733333569893507,0.025,0.0,-0.03,0.0,1.0,0.0,0.015
22,0.7333319134290422,73,0.04633761216603709,0.0,-0.025100906850320005,0.004899093149679994,0.010100906850320005,20.20181370064001,0.20715466463738658,0.0881742163589054,12.121088220384005,0.025,0.0,-0.03,0.0,1.0,0.0,0.015
22,0.7333319134290422,74,0.04585959810915205,0.0,-0.02624309547858613,0.003756904521413869,0.01124309547858613,22.486190957172262,-0.09528361519423972,0.04111971002645669,13.491714574303357,0.025,0.0,-0.03,0.0,1.0,0.0,0.015
22,0.7333319134290422,75,0.04536540040519908,0.0,-0.027404732923849096,0.0025952670761509034,0.012404732923849096,24.809465847698192,-0.011427003032196872,0.005592459031622414,14.885679508618914,0.025,0.0,-0.03,0.0,1.0,0.0,0.015
22,0.7333319134290422,76,0.04487522455628938,0.0,-0.02853845797884485,0.0014615420211551503,0.01353845797884485,27.0769159576897,0.08848415251064418,0.04059557547426002,16.24614957461382,0.025,0.0,-0.03,0.0,1.0,0.0,0.015
22,0.7333319134290422,77,0.04437025386398225,0.0,-0.02968806778573525,0.0003119322142647492,0.01468806778573525,29.3761355714705,-0.12694245430089385,0.05882058941183065,17.6256813428823,0.025,0.0,-0.03,0.0,1.0,0.0,0.015
22,0.7333319134290422,78,0.04386116233554923,0.0,-0.030828810796610536,0.0008288107966105372,0.014171189203389462,28.342378406778924,-0.1341377693081514,0.06111270107506871,17.005427044067353,0.025,0.0,-0.03,0.0,1.0,0.0,0.015
22,0.7333319134290422,79,0.043349621636653984,0.0,-0.031957519301988715,0.0019575193019887166,0.013042480698011283,26.084961396022564,0.1254318928733918,0.04668545630585588,15.650976837613538,0.025,0.0,-0.03,0.0,1.0,0.0,0.015
22,0.7333319134290422,80,0.042829574244228355,0.0,-0.0331094710067149,0.003109471006714902,0.011890528993285097,23.781057986570193,-0.13238663224203753,0.06934973657127766,14.268634791942116,0.025,0.0,-0.03,0.0,1.0,0.0,0.015
23,0.7666651822212714,65,0.049958042792890414,0.0,-0.01577325026349141,0.01422674973650859,0.0007732502634914089,1.5465005269828178,0.9273036755415482,0.33579444794608243,0.9279003161896906,0.025,0.0,-0.03,0.0,1.0,0.0,0.015
23,0.7666651822212714,66,0.04952478711089464,0.0,-0.016959317986148054,0.013040682013851945,0.001959317986148054,3.9186359722961086,-0.6426363282496811,0.23799621241556643,2.3511815833776653,0.025,0.0,-0.03,0.0,1.0,0.0,0.015
23,0.7666651822212714,67,0.04909224493281472,0.0,-0.01812273246832603,0.011877267531673969,0.0031227324683260303,6.245464936652061,0.15002391967217563,0.05744667655190185,3.7472789619912366,0.025,0.0,-0.03,0.0,1.0,0.0,0.015
23,0.7666651822212714,68,0.048651617679014846,0.0,-0.019287767346659,0.010712232653340998,0.0042877673466590015,8.575534693318003,0.38104455320509234,0.14439424930498787,5.145320815990802,0.025,0.0,-0.03,0.0,1.0,0.0,0.015
23,0.7666651822212714,69,0.04819925612131954,0.0,-0.020463135973812586,0.009536864026187412,0.005463135973812587,10.926271947625175,-0.766287360830977,0.2970551386103118,6.555763168575105,0.025,0.0,-0.03,0.0,1.0,0.0,0.015
23,0.7666651822212714,70,0.04774988497563173,0.0,-0.02161104364715993,0.00838895635284007,0.00661104364715993,13.222087294319861,0.8689656164026406,0.343429127033001,7.933252376591916,0.025,0.0,-0.03,0.0,1.0,0.0,0.015
23,0.7666651822212714,71,0.04728275849085231,0.0,-0.02278422202321143,0.00721577797678857,0.00778422202321143,15.56844404642286,-0.6647272534617458,0.26782783089107826,9.341066427853715,0.025,0.0,-0.03,0.0,1.0,0.0,0.015
23,0.7666651822212714,72,0.04681732956476715,0.0,-0.023933468212729864,0.0060665317872701345,0.008933468212729865,17.86693642545973,0.24213171805044423,0.10005510546570968,10.720161855275839,0.025,0.0,-0.03,0.0,1.0,0.0,0.015
23,0.7666651822212714,73,0.04634232957934972,0.0,-0.02508718068678558,0.0049128193132144185,0.010087180686785581,20.174361373571163,0.2511487796478023,0.10316979436694226,12.104616824142697,0.025,0.0,-0.03,0.0,1.0,0.0,0.015
23,0.7666651822212714,74,0.045856873344317886,0.0,-0.026246771902512567,0.003753228097487432,0.011246771902512567,22.493543805025134,-0.6356475278606669,0.26776575407967285,13.49612628301508,0.025,0.0,-0.03,0.0,1.0,0.0,0.015
23,0.7666651822212714,75,0.04537350552031577,0.0,-0.0273827991892497,0.0026172008107503003,0.0123827991892497,24.765598378499398,0.7719609283794974,0.33106802480901826,14.859359027099638,0.025,0.0,-0.03,0.0,1.0,0.0,0.015
23,0.7666651822212714,76,0.04487277329279212,0.0,-0.02854081140059812,0.001459188599401879,0.01354081140059812,27.08162280119624,-0.6167910327357212,0.26962296167881467,16.248973680717743,0.025,0.0,-0.03,0.0,1.0,0.0,0.015
23,0.7666651822212714,77,0.044373890175147,0.0,-0.02967617948790744,0.0003238205120925583,0.014676179487907441,29.352358975814884,0.24077754135815155,0.10738065853304588,17.61141538548893,0.025,0.0,-0.03,0.0,1.0,0.0,0.015
23,0.7666651822212714,78,0.04386521738107606,0.0,-0.030815965076417276,0.0008159650764172771,0.014184034923582722,28.368069847165444,-0.21793561374424053,0.0984405804407296,17.020841908299264,0.025,0.0,-0.03,0.0,1.0,0.0,0.015
23,0.7666651822212714,79,0.04334655411589973,0.0,-0.03196016282883394,0.0019601628288339404,0.013039837171166059,26.07967434233212,0.5817045060415431,0.2749659313858343,15.647804605399271,0.025,0.0,-0.03,0.0,1.0,0.0,0.015
23,0.7666651822212714,80,0.04283744664033719,0.0,-0.03308769876543158,0.003087698765431579,0.01191230123456842,23.824602469136842,-0.7099567632390161,0.3095807559361119,14.294761481482105,0.025,0.0,-0.03,0.0,1.0,0.0,0.015
24,0.7999984510135005,65,0.0499542122985081,0.0,-0.015784886308581488,0.01421511369141851,0.0007848863085814888,1.5697726171629776,-1.3930429318770843,0.5039350059128663,0.9418635702977864,0.025,0.0,-0.03,0.0,1.0,0.0,0.015
24,0.7999984510135005,66,0.04953034902403825,0.0,-0.01694489893167556,0.01305510106832444,0.00194489893167556,3.88979786335112,0.8409269325232489,0.30973681391859575,2.333878718010672,0.025,0.0,-0.03,0.0,1.0,0.0,0.015
24,0.7999984510135005,67,0.04909322324505442,0.0,-0.01812074327833278,0.01187925672166722,0.003120743278332779,6.241486556665558,0.06724281414208949,0.025491995834843198,3.7448919339993347,0.025,0.0,-0.03,0.0,1.0,0.0,0.015
24,0.7999984510135005,68,0.048650508487050236,0.0,-0.01929085715673511,0.01070914284326489,0.00429085715673511,8.581714313470219,-0.9800129159745298,0.3745622294517197,5.149028588082131,0.025,0.0,-0.03,0.0,1.0,0.0,0.015
24,0.7999984510135005,69,0.048206035060393976,0.0,-0.020445778120190813,0.009554221879809185,0.005445778120190814,10.891556240381629,1.5498958736029802,0.6015671625704913,6.534933744228977,0.025,0.0,-0.03,0.0,1.0,0.0,0.015
24,0.7999984510135005,70,0.0477455087499602,0.0,-0.021621963249491075,0.008378036750508924,0.006621963249491075,13.24392649898215,-1.5602607087410298,0.616043194225683,7.94635589938929,0.025,0.0,-0.03,0.0,1.0,0.0,0.015
24,0.7999984510135005,71,0.04728863084555625,0.0,-0.022769138759257273,0.007230861240742726,0.0077691387592572735,15.538277518514548,0.9916872386188504,0.3973612922020273,9.322966511108728,0.025,0.0,-0.03,0.0,1.0,0.0,0.015
24,0.7999984510135005,72,0.04681731165957529,0.0,-0.023932998376092893,0.0060670016239071055,0.008932998376092894,17.865996752185787,-0.02044701125679093,0.007625331014669302,10.719598051311472,0.025,0.0,-0.03,0.0,1.0,0.0,0.015
24,0.7999984510135005,73,0.04634152663578076,0.0,-0.025088202233323604,0.004911797766676395,0.010088202233323604,20.17640446664721,-0.9960936904431182,0.4144152418379893,12.105842679988326,0.025,0.0,-0.03,0.0,1.0,0.0,0.015
24,0.7999984510135005,74,0.04586300876508727,0.0,-0.026231257125672282,0.0037687428743277164,0.011231257125672283,22.462514251344565,1.6911327621917986,0.7137792406080388,13.47750855080674,0.025,0.0,-0.03,0.0,1.0,0.0,0.015
24,0.7999984510135005,75,0.04536886602772207,0.0,-0.027392396735990587,0.0026076032640094116,0.012392396735990588,24.784793471981175,-1.8175829125672487,0.7793150365503019,14.870876083188705,0.025,0.0,-0.03,0.0,1.0,0.0,0.015
24,0.7999984510135005,76,0.0448784946644875,0.0,-0.028526206121133546,0.0014737938788664529,0.013526206121133547,27.052412242267092,1.3165631824440018,0.5727498918942113,16.231447345360255,0.025,0.0,-0.03,0.0,1.0,0.0,0.015
24,0.7999984510135005,77,0.04437328503280328,0.0,-0.029676026752052657,0.00032397324794734145,0.014676026752052658,29.352053504105317,-0.3410760887634415,0.1495830466045941,17.61123210246319,0.025,0.0,-0.03,0.0,1.0,0.0,0.015
24,0.7999984510135005,78,0.043864282978893686,0.0,-0.030816194951879917,0.0008161949518799179,0.014183805048120082,28.367610096240163,0.7627910093835754,0.3453691117424707,17.020566057744098,0.025,0.0,-0.03,0.0,1.0,0.0,0.015
24,0.7999984510135005,79,0.0433522800880103,0.0,-0.03194552477621924,0.0019455247762192387,0.01305447522378076,26.108950447561522,-1.6120935663543747,0.7423884784974747,15.665370268536913,0.025,0.0,-0.03,0.0,1.0,0.0,0.015
24,0.7999984510135005,80,0.04283237448326978,0.0,-0.03309679281978102,0.003096792819781022,0.011903207180218978,23.806414360437955,1.908938846227151,0.8502544550306922,14.283848616262773,0.025,0.0,-0.03,0.0,1.0,0.0,0.015
25,0.8333317198057297,65,0.04995977438513641,0.0,-0.015771199495279754,0.014228800504720245,0.0007711994952797549,1.54239899055951,2.351235748302965,0.8495790193870005,0.9254393943357059,0.025,0.0,-0.03,0.0,1.0,0.0,0.015
25,0.8333317198057297,66,0.049528649417411065,0.0,-0.016951116016951127,0.013048883983048872,0.0019511160169511273,3.9022320339022545,-1.45268809853514,0.5332410939274503,2.341339220341353,0.025,0.0,-0.03,0.0,1.0,0.0,0.015
25,0.8333317198057297,67,0.04909452665340827,0.0,-0.018118472187732534,0.011881527812267464,0.003118472187732535,6.23694437546507,-0.00191387080574289,0.0037974434394062195,3.742166625279042,0.025,0.0,-0.03,0.0,1.0,0.0,0.015
25,0.8333317198057297,68,0.04865414905776241,0.0,-0.0192825269912638,0.010717473008736197,0.004282526991263802,8.565053982527605,1.4857750995324683,0.5703794482154727,5.139032389516562,0.025,0.0,-0.03,0.0,1.0,0.0,0.015
25,0.8333317198057297,69,0.048202489779492076,0.0,-0.020455776712992584,0.009544223287007415,0.005455776712992584,10.911553425985169,-2.456719527799865,0.9553750961647521,6.546932055591101,0.025,0.0,-0.03,0.0,1.0,0.0,0.015
25,0.8333317198057297,70,0.04775129803741889,0.0,-0.021608006958338654,0.008391993041661345,0.0066080069583386546,13.216013916677309,2.5344366898487043,1.0008763843036739,7.929608350006385,0.025,0.0,-0.03,0.0,1.0,0.0,0.015
25,0.8333317198057297,71,0.04728608609698905,0.0,-0.022776091003964268,0.007223908996035731,0.007776091003964269,15.552182007928538,-1.6720452277571178,0.6691251508349969,9.331309204757122,0.025,0.0,-0.03,0.0,1.0,0.0,0.015
25,0.8333317198057297,72,0.04681878189245927,0.0,-0.023929648291392755,0.006070351708607244,0.008929648291392756,17.85929658278551,0.18226725668773647,0.07106722038055342,10.715577949671307,0.025,0.0,-0.03,0.0,1.0,0.0,0.015
25,0.8333317198057297,73,0.04634474504556743,0.0,-0.025080732903596394,0.004919267096403605,0.010080732903596394,20.161465807192787,1.4111387543336196,0.5891496281023271,12.096879484315672,0.025,0.0,-0.03,0.0,1.0,0.0,0.015
25,0.8333317198057297,74,0.04585897130893788,0.0,-0.02624079025142026,0.0037592097485797393,0.01124079025142026,22.48158050284052,-2.543215022524143,1.0753229138387999,13.48894830170431,0.025,0.0,-0.03,0.0,1.0,0.0,0.015
25,0.8333317198057297,75,0.045374874530054184,0.0,-0.02737823023475749,0.0026217697652425077,0.012378230234757492,24.756460469514984,2.7835450686126313,1.1936708503655662,14.85387628170899,0.025,0.0,-0.03,0.0,1.0,0.0,0.015
25,0.8333317198057297,76,0.04487499064077824,0.0,-0.028534013126852276,0.0014659868731477232,0.013534013126852276,27.068026253704552,-2.042583565407302,0.8879805650150954,16.24081575222273,0.025,0.0,-0.03,0.0,1.0,0.0,0.015
25,0.8333317198057297,77,0.04437502692749327,0.0,-0.029671535560506484,0.00032846443949351503,0.014671535560506484,29.34307112101297,0.5860648791716901,0.25579944425717105,17.605842672607782,0.025,0.0,-0.03,0.0,1.0,0.0,0.015
25,0.8333317198057297,78,0.04386687039142539,0.0,-0.030809898157723625,0.0008098981577236257,0.014190101842276374,28.380203684552747,-1.091270574324915,0.4950122715784516,17.02812221073165,0.025,0.0,-0.03,0.0,1.0,0.0,0.015
25,0.8333317198057297,79,0.043347949343530603,0.0,-0.03195446509803424,0.001954465098034243,0.013045534901965757,26.091069803931514,2.4083800107883446,1.1028528529906416,15.654641882358908,0.025,0.0,-0.03,0.0,1.0,0.0,0.015
25,0.8333317198057297,80,0.042838545837170776,0.0,-0.03308237229570853,0.003082372295708534,0.011917627704291466,23.83525540858293,-2.8980650506633783,1.2973478451570952,14.301153245149758,0.025,0.0,-0.03,0.0,1.0,0.0,0.015
26,0.8666649885979589,65,0.04995896535991985,0.0,-0.01577583036726787,0.014224169632732129,0.0007758303672678706,1.5516607345357412,-3.6253328309076753,1.3093192413020727,0.9309964407214446,0.025,0.0,-0.03,0.0,1.0,0.0,0.015
26,0.8666649885979589,66,0.049530847390170794,0.0,-0.0169471891412353,0.0130528108587647,0.0019471891412352997,3.8943782824705995,2.4034221183176974,0.8815786496553889,2.3366269694823596,0.025,0.0,-0.03,0.0,1.0,0.0,0.015
26,0.8666649885979589,67,0.04909596816777869,0.0,-0.018116623815653005,0.011883376184346994,0.003116623815653006,6.2332476313060114,-0.3444339563500252,0.12235694158137884,3.739948578783607,0.025,0.0,-0.03,0.0,1.0,0.0,0.015
26,0.8666649885979589,68,0.048653286207875936,0.0,-0.019286376485865155,0.010713623514134844,0.004286376485865155,8.57275297173031,-1.815730124103154,0.6993612176474889,5.143651783038186,0.025,0.0,-0.03,0.0,1.0,0.0,0.015
26,0.8666649885979589,69,0.04820616643014023,0.0,-0.020447813882140606,0.009552186117859393,0.005447813882140606,10.895627764281212,3.296289277891551,1.2841509230832155,6.537376658568727,0.025,0.0,-0.03,0.0,1.0,0.0,0.015
26,0.8666649885979589,70,0.047749505121684035,0.0,-0.021613834628761132,0.008386165371238867,0.006613834628761132,13.227669257522265,-3.5874385157269377,1.4165960466278669,7.936601554513359,0.025,0.0,-0.03,0.0,1.0,0.0,0.015
26,0.8666649885979589,71,0.04728836194544826,0.0,-0.022771414060100987,0.007228585939899012,0.0077714140601009875,15.542828120201975,2.598966283156064,1.0402274955004431,9.325696872121185,0.025,0.0,-0.03,0.0,1.0,0.0,0.015
26,0.8666649885979589,72,0.04681981024565805,0.0,-0.023928105861937173,0.006071894138062826,0.008928105861937173,17.856211723874345,-0.6960484850057089,0.27776507268119677,10.713727034324608,0.025,0.0,-0.03,0.0,1.0,0.0,0.015
26,0.8666649885979589,73,0.04634317110540611,0.0,-0.025085115258003915,0.004914884741996084,0.010085115258003916,20.17023051600783,-1.42865714743967,0.5994550699745992,12.102138309604697,0.025,0.0,-0.03,0.0,1.0,0.0,0.015
26,0.8666649885979589,74,0.045863056610442106,0.0,-0.026231649241103407,0.0037683507588965916,0.011231649241103408,22.463298482206817,2.993881938816057,1.2677167389204294,13.477979089324089,0.025,0.0,-0.03,0.0,1.0,0.0,0.015
26,0.8666649885979589,75,0.04537176683813107,0.0,-0.027385795708391798,0.0026142042916082013,0.012385795708391798,24.771591416783597,-3.4588746875264853,1.483797031821098,14.862954850070157,0.025,0.0,-0.03,0.0,1.0,0.0,0.015
26,0.8666649885979589,76,0.04487796082398104,0.0,-0.028527249354223332,0.0014727506457766666,0.013527249354223333,27.054498708446665,2.664938935087863,1.1580534815482655,16.232699225068,0.025,0.0,-0.03,0.0,1.0,0.0,0.015
26,0.8666649885979589,77,0.04437493047781419,0.0,-0.029671787401368485,0.00032821259863151375,0.014671787401368486,29.34357480273697,-0.9079024134157736,0.395739656798774,17.60614488164218,0.025,0.0,-0.03,0.0,1.0,0.0,0.015
26,0.8666649885979589,78,0.043865370363585815,0.0,-0.030812945889615237,0.0008129458896152381,0.014187054110384761,28.37410822076952,1.1604353907225298,0.5275482627659277,17.02446493246171,0.025,0.0,-0.03,0.0,1.0,0.0,0.015
26,0.8666649885979589,79,0.04335174957292502,0.0,-0.031945485960912935,0.0019454859609129363,0.013054514039087063,26.109028078174127,-2.776741158918287,1.2662168570340893,15.665416846904476,0.025,0.0,-0.03,0.0,1.0,0.0,0.015
26,0.8666649885979589,80,0.04283434035549795,0.0,-0.033090959626666715,0.003090959626666716,0.011909040373333284,23.818080746666567,3.371080492276101,1.5146290210320863,14.29084844799994,0.025,0.0,-0.03,0.0,1.0,0.0,0.015
27,0.8999982573901881,65,0.04995956725982093,0.0,-0.015776939025333198,0.014223060974666801,0.0007769390253331981,1.5538780506663963,4.311618093746332,1.5563554933089747,0.9323268303998378,0.025,0.0,-0.03,0.0,1.0,0.0,0.015
27,0.8999982573901881,66,0.049533115059643744,0.0,-0.016943610126698903,0.013056389873301096,0.0019436101266989032,3.8872202533978064,-2.9325369551015306,1.0748257926539446,2.332332152038684,0.025,0.0,-0.03,0.0,1.0,0.0,0.015
27,0.8999982573901881,67,0.049096882547118026,0.0,-0.018116347801189137,0.011883652198810862,0.003116347801189138,6.232695602378276,0.5672620459387168,0.2029251881753343,3.739617361426965,0.025,0.0,-0.03,0.0,1.0,0.0,0.015
27,0.8999982573901881,68,0.04865457703208506,0.0,-0.019285018516903018,0.010714981483096981,0.0042850185169030185,8.570037033806036,1.9355695921550014,0.7481536405420383,5.142022220283621,0.025,0.0,-0.03,0.0,1.0,0.0,0.015
27,0.8999982573901881,69,0.04820785107199126,0.0,-0.02044515193436038,0.00955484806563962,0.0054451519343603795,10.890303868720759,-3.6907979209947332,1.4388303608472448,6.534182321232455,0.025,0.0,-0.03,0.0,1.0,0.0,0.015
27,0.8999982573901881,70,0.04774987804871933,0.0,-0.021614322824384736,0.008385677175615263,0.006614322824384736,13.228645648769472,4.119954314860064,1.6271783866009983,7.937187389261683,0.025,0.0,-0.03,0.0,1.0,0.0,0.015
27,0.8999982573901881,71,0.04729020238594872,0.0,-0.022768079181044117,0.007231920818955882,0.007768079181044118,15.536158362088235,-3.097983868569643,1.2385048191561558,9.32169501725294,0.025,0.0,-0.03,0.0,1.0,0.0,0.015
27,0.8999982573901881,72,0.04682008763520871,0.0,-0.023928305431422953,0.0060716945685770456,0.008928305431422954,17.85661086284591,1.0148880791449275,0.4052201943912602,10.713966517707545,0.025,0.0,-0.03,0.0,1.0,0.0,0.015
27,0.8999982573901881,73,0.04634438102926812,0.0,-0.025082968208704565,0.004917031791295434,0.010082968208704565,20.16593641740913,1.3487971897353144,0.5691830284422489,12.099561850445479,0.025,0.0,-0.03,0.0,1.0,0.0,0.015
27,0.8999982573901881,74,0.04586387071469581,0.0,-0.026230163492352663,0.003769836507647336,0.011230163492352663,22.460326984705326,-3.134761645696342,1.329094734230083,13.476196190823195,0.025,0.0,-0.03,0.0,1.0,0.0,0.015
27,0.8999982573901881,75,0.04537217931299121,0.0,-0.027385072165737417,0.002614927834262582,0.012385072165737417,24.770144331474835,3.7291761818903795,1.599781688399931,14.8620865988849,0.025,0.0,-0.03,0.0,1.0,0.0,0.015
27,0.8999982573901881,76,0.04487901792653408,0.0,-0.028524892906141578,0.0014751070938584208,0.013524892906141579,27.049785812283158,-2.9378767388024203,1.2753001579459677,16.229871487369895,0.025,0.0,-0.03,0.0,1.0,0.0,0.015
27,0.8999982573901881,77,0.044375082942529474,0.0,-0.029671189296000985,0.00032881070399901416,0.014671189296000985,29.34237859200197,1.075514387245569,0.4672740666595645,17.60542715520118,0.025,0.0,-0.03,0.0,1.0,0.0,0.015
27,0.8999982573901881,78,0.04386606565227826,0.0,-0.030811004472285474,0.0008110044722854752,0.014188995527714524,28.37799105542905,-1.1400885133791434,0.5198615563146507,17.026794633257428,0.025,0.0,-0.03,0.0,1.0,0.0,0.015
27,0.8999982573901881,79,0.04335219586571974,0.0,-0.031944125273508164,0.0019441252735081654,0.013055874726491834,26.111749452983666,2.8842783534845244,1.3059923546346865,15.667049671790199,0.025,0.0,-0.03,0.0,1.0,0.0,0.015
27,0.8999982573901881,80,0.04283482765516493,0.0,-0.033089303907177715,0.0030893039071777165,0.011910696092822283,23.821392185644566,-3.538325924528752,1.5992610487608703,14.292835311386739,0.025,0.0,-0.03,0.0,1.0,0.0,0.015
28,0.9333315261824173,65,0.0499664864713856,0.0,-0.015761136324826647,0.014238863675173352,0.0007611363248266473,1.5222726496532946,-3.5028288511942933,1.2635137136991448,0.9133635897919767,0.025,0.0,-0.03,0.0,1.0,0.0,0.015
28,0.9333315261824173,66,0.04953221942599574,0.0,-0.01694892567987416,0.013051074320125838,0.001948925679874161,3.897851359748322,2.3455001119035805,0.8571418120970368,2.338710815848993,0.025,0.0,-0.03,0.0,1.0,0.0,0.015
28,0.9333315261824173,67,0.04909908572022438,0.0,-0.018112992910254595,0.011887007089745404,0.003112992910254596,6.225985820509192,-0.4173546644365063,0.14611581205101068,3.735591492305515,0.025,0.0,-0.03,0.0,1.0,0.0,0.015
28,0.9333315261824173,68,0.048659442631423154,0.0,-0.019274414444510987,0.010725585555489012,0.004274414444510988,8.548828889021976,-1.6109638288114214,0.6253837870443144,5.129297333413185,0.025,0.0,-0.03,0.0,1.0,0.0,0.015
28,0.9333315261824173,69,0.048204643258711447,0.0,-0.02045518733408871,0.009544812665911288,0.005455187334088712,10.910374668177424,3.053125995200484,1.1909557439549723,6.546224800906454,0.025,0.0,-0.03,0.0,1.0,0.0,0.015
28,0.9333315261824173,70,0.047756973198357366,0.0,-0.021597788186938128,0.008402211813061871,0.0065977881869381284,13.195576373876257,-3.369651046511012,1.3304893502019748,7.9173458243257535,0.025,0.0,-0.03,0.0,1.0,0.0,0.015
28,0.9333315261824173,71,0.047288096649496014,0.0,-0.022774400311318974,0.007225599688681025,0.007774400311318975,15.54880062263795,2.4891671913365334,0.9923900559178674,9.329280373582769,0.025,0.0,-0.03,0.0,1.0,0.0,0.015
28,0.9333315261824173,72,0.04682219813447165,0.0,-0.023923883677591348,0.006076116322408651,0.008923883677591348,17.847767355182697,-0.7748195987661206,0.30603405898071023,10.708660413109618,0.025,0.0,-0.03,0.0,1.0,0.0,0.015
28,0.9333315261824173,73,0.04634871090828315,0.0,-0.025072970827183138,0.004927029172816861,0.010072970827183138,20.145941654366275,-1.1611613074656613,0.49295396436343925,12.087564992619765,0.025,0.0,-0.03,0.0,1.0,0.0,0.015
28,0.9333315261824173,74,0.045859644763067114,0.0,-0.026240284829474637,0.0037597151705253615,0.011240284829474638,22.480569658949275,2.6402867302596205,1.1205650377190712,13.488341795369564,0.025,0.0,-0.03,0.0,1.0,0.0,0.015
28,0.9333315261824173,75,0.04537955990748653,0.0,-0.027367681716488967,0.002632318283511032,0.012367681716488967,24.735363432977934,-3.0945244608103377,1.3272709623192083,14.84121805978676,0.025,0.0,-0.03,0.0,1.0,0.0,0.015
28,0.9333315261824173,76,0.04487531968045923,0.0,-0.028532895537513796,0.0014671044624862024,0.013532895537513797,27.065791075027594,2.4015958181108945,1.0400343091381983,16.239474645016557,0.025,0.0,-0.03,0.0,1.0,0.0,0.015
28,0.9333315261824173,77,0.04437744914056456,0.0,-0.029665065908987154,0.0003349340910128451,0.014665065908987154,29.33013181797431,-0.8598243732037325,0.3703548601900897,17.598079090784584,0.025,0.0,-0.03,0.0,1.0,0.0,0.015
28,0.9333315261824173,78,0.04386935935585338,0.0,-0.03080267601971905,0.0008026760197190515,0.014197323980280948,28.394647960561898,0.9787841396293437,0.4474099372566452,17.036788776337136,0.025,0.0,-0.03,0.0,1.0,0.0,0.015
28,0.9333315261824173,79,0.04334719372387544,0.0,-0.031953590572774956,0.0019535905727749575,0.013046409427225042,26.092818854450083,-2.4482503112743883,1.0964143799844586,15.655691312670049,0.025,0.0,-0.03,0.0,1.0,0.0,0.015
28,0.9333315261824173,80,0.04284192645783405,0.0,-0.03307178556490227,0.0030717855649022713,0.011928214435097728,23.856428870195458,3.0347723843272756,1.3836903645867689,14.313857322117274,0.025,0.0,-0.03,0.0,1.0,0.0,0.015
29,0.9666647949746465,65,0.04996067916627644,0.0,-0.01578176649444509,0.014218233505554907,0.0007817664944450922,1.5635329888901843,0.6491299382410773,0.23240178452867438,0.9381197933341106,0.025,0.0,-0.03,0.0,1.0,0.0,0.015
29,0.9666647949746465,66,0.049540648277725106,0.0,-0.01693001116805206,0.013069988831947939,0.0019300111680520607,3.8600223361041213,-0.3946293224963922,0.1390666069696647,2.3160134016624725,0.025,0.0,-0.03,0.0,1.0,0.0,0.015
29,0.9666647949746465,67,0.0491018542320898,0.0,-0.018109192831981397,0.011890807168018602,0.003109192831981397,6.218385663962795,-0.01463598125686068,0.012808965461553603,3.7310313983776764,0.025,0.0,-0.03,0.0,1.0,0.0,0.015
29,0.9666647949746465,68,0.048656136199093376,0.0,-0.019285941010826,0.010714058989173998,0.004285941010826001,8.571882021652003,0.42304314999918907,0.168272830344106,5.143129212991202,0.025,0.0,-0.03,0.0,1.0,0.0,0.015
29,0.9666647949746465,69,0.04821695542964258,0.0,-0.020426010624894148,0.00957398937510585,0.005426010624894149,10.852021249788297,-0.6718968646579616,0.26399534261037777,6.511212749872978,0.025,0.0,-0.03,0.0,1.0,0.0,0.015
29,0.9666647949746465,70,0.047748942160465116,0.0,-0.021620104848871453,0.008379895151128545,0.006620104848871454,13.240209697742907,0.680834853795342,0.2671280324921906,7.944125818645744,0.025,0.0,-0.03,0.0,1.0,0.0,0.015
29,0.9666647949746465,71,0.0472971665788619,0.0,-0.022753271516697888,0.007246728483302111,0.007753271516697888,15.506543033395777,-0.44374513031384233,0.17215168828048838,9.303925820037467,0.025,0.0,-0.03,0.0,1.0,0.0,0.015
29,0.9666647949746465,72,0.046823494032976566,0.0,-0.023921873637836634,0.006078126362163365,0.008921873637836635,17.84374727567327,0.03371275640723122,0.005609147231988046,10.706248365403962,0.025,0.0,-0.03,0.0,1.0,0.0,0.015
29,0.9666647949746465,73,0.046344493928356816,0.0,-0.025083645415535677,0.004916354584464322,0.010083645415535678,20.167290831071355,0.39305138310097176,0.1708725735189097,12.100374498642813,0.025,0.0,-0.03,0.0,1.0,0.0,0.015
29,0.9666647949746465,74,0.04587243433978803,0.0,-0.02621024875600004,0.00378975124399996,0.01121024875600004,22.42049751200008,-0.6751189580273259,0.28872835301707,13.452298507200046,0.025,0.0,-0.03,0.0,1.0,0.0,0.015
29,0.9666647949746465,75,0.045368790280887715,0.0,-0.027392564847610157,0.002607435152389842,0.012392564847610157,24.785129695220316,0.7268346115493328,0.3109138307704596,14.87107781713219,0.025,0.0,-0.03,0.0,1.0,0.0,0.015
29,0.9666647949746465,76,0.04488584496986528,0.0,-0.028508068329734598,0.0014919316702654006,0.013508068329734599,27.016136659469197,-0.5194848508458909,0.22041255552696384,16.209681995681517,0.025,0.0,-0.03,0.0,1.0,0.0,0.015
29,0.9666647949746465,77,0.044376070367203126,0.0,-0.029667259083393703,0.00033274091660629584,0.014667259083393704,29.334518166787408,0.12267683756646237,0.04611628147109796,17.600710900072443,0.025,0.0,-0.03,0.0,1.0,0.0,0.015
29,0.9666647949746465,78,0.04386529455182437,0.0,-0.030810193518169136,0.0008101935181691368,0.014189806481830863,28.379612963661724,-0.321251653984291,0.14791147231400964,17.027767778197035,0.025,0.0,-0.03,0.0,1.0,0.0,0.015
29,0.9666647949746465,79,0.04335944397962432,0.0,-0.03192499659964411,0.0019249965996441104,0.013075003400355889,26.15000680071178,0.6510244396565923,0.2708830897538145,15.690004080427066,0.025,0.0,-0.03,0.0,1.0,0.0,0.015
29,0.9666647949746465,80,0.04282933641712278,0.0,-0.03309774349465487,0.0030977434946548726,0.011902256505345127,23.804513010690254,-0.8018545310539089,0.38555407618898546,14.282707806414152,0.025,0.0,-0.03,0.0,1.0,0.0,0.015
30,0.9999980637668757,65,0.04997488928016071,0.0,-0.015748677015889195,0.014251322984110804,0.0007486770158891959,1.4973540317783918,3.911556701246225,1.41693240343442,0.8984124190670351,0.025,0.0,-0.03,0.0,1.0,0.0,0.015
30,0.9999980637668757,66,0.04953770399131789,0.0,-0.016943668323973107,0.013056331676026892,0.0019436683239731078,3.8873366479462157,-2.6359316041470597,0.9717437099629987,2.3324019887677294,0.025,0.0,-0.03,0.0,1.0,0.0,0.015
30,0.9999980637668757,67,0.049105205824385205,0.0,-0.018104931466204507,0.011895068533795492,0.0031049314662045073,6.209862932409014,0.5083699468352085,0.18961610486665836,3.7259177594454083,0.025,0.0,-0.03,0.0,1.0,0.0,0.015
30,0.9999980637668757,68,0.0486663916453437,0.0,-0.019263497124370144,0.010736502875629855,0.004263497124370144,8.526994248740289,1.750365200816155,0.6719524992381033,5.116196549244173,0.025,0.0,-0.03,0.0,1.0,0.0,0.015
30,0.9999980637668757,69,0.04820837945953183,0.0,-0.02045156918802398,0.009548430811976018,0.005451569188023982,10.903138376047963,-3.383030499782073,1.3168396712986512,6.541883025628778,0.025,0.0,-0.03,0.0,1.0,0.0,0.015
30,0.9999980637668757,70,0.04776393127011618,0.0,-0.021585124663218613,0.008414875336781386,0.006585124663218613,13.170249326437226,3.761762683548489,1.4893145168621398,7.902149595862335,0.025,0.0,-0.03,0.0,1.0,0.0,0.015
30,0.9999980637668757,71,0.04729165105991855,0.0,-0.022769481677023903,0.0072305183229760955,0.007769481677023904,15.538963354047809,-2.8015708214001154,1.126188725885715,9.323378012428686,0.025,0.0,-0.03,0.0,1.0,0.0,0.015
30,0.9999980637668757,72,0.04682675035449606,0.0,-0.023915469858573117,0.006084530141426882,0.008915469858573118,17.830939717146236,0.912504794535791,0.37243770873460164,10.69856383028774,0.025,0.0,-0.03,0.0,1.0,0.0,0.015
30,0.9999980637668757,73,0.04635392941694788,0.0,-0.025062300851886054,0.004937699148113945,0.010062300851886054,20.124601703772107,1.2414761123856342,0.5181034421181511,12.074761022263264,0.025,0.0,-0.03,0.0,1.0,0.0,0.015
30,0.9999980637668757,74,0.045861506828156526,0.0,-0.026236632625726546,0.0037633673742734526,0.011236632625726547,22.473265251453093,-2.917578286511705,1.2343481875081168,13.483959150871856,0.025,0.0,-0.03,0.0,1.0,0.0,0.015
30,0.9999980637668757,75,0.04538505374474842,0.0,-0.027354736465314153,0.002645263534685846,0.012354736465314153,24.70947293062831,3.448367155410892,1.482115809632597,14.825683758376984,0.025,0.0,-0.03,0.0,1.0,0.0,0.015
30,0.9999980637668757,76,0.04487678417422413,0.0,-0.028528494065742923,0.001471505934257076,0.013528494065742924,27.05698813148585,-2.7046408897662886,1.180049708201586,16.23419287889151,0.025,0.0,-0.03,0.0,1.0,0.0,0.015
30,0.9999980637668757,77,0.04438050326003049,0.0,-0.029656088275333604,0.00034391172466639516,0.014656088275333604,29.312176550667207,1.0144709035822455,0.4491312152518513,17.587305930400323,0.025,0.0,-0.03,0.0,1.0,0.0,0.015
30,0.9999980637668757,78,0.04387264488674109,0.0,-0.030792517898515285,0.000792517898515286,0.014207482101484713,28.414964202969426,-1.0255197262137818,0.4662629019412021,17.048978521781656,0.025,0.0,-0.03,0.0,1.0,0.0,0.015
30,0.9999980637668757,79,0.043347353691508335,0.0,-0.03194971456158621,0.0019497145615862133,0.013050285438413786,26.10057087682757,2.674696581547489,1.2412896637532511,15.660342526096542,0.025,0.0,-0.03,0.0,1.0,0.0,0.015
30,0.9999980637668757,80,0.04284603854215087,0.0,-0.03305842348646037,0.0030584234864603696,0.01194157651353963,23.88315302707926,-3.2893476632139222,1.460376053280411,14.329891816247555,0.025,0.0,-0.03,0.0,1.0,0.0,0.015
31,1.033331332559105,65,0.04997560262903012,0.0,-0.015754696644735527,0.014245303355264471,0.000754696644735528,1.509393289471056,-7.24552439898557,2.6205421162162588,0.9056359736826336,0.025,0.0,-0.03,0.0,1.0,0.0,0.015
31,1.033331332559105,66,0.04954494370489857,0.0,-0.016930906956857027,0.013069093043142972,0.0019309069568570272,3.8618139137140544,4.8414986276227765,1.777742407517394,2.3170883482284323,0.025,0.0,-0.03,0.0,1.0,0.0,0.015
31,1.033331332559105,67,0.04911014758530854,0.0,-0.018098104845473348,0.011901895154526651,0.0030981048454733484,6.196209690946697,-0.7998869769069272,0.28581657435235164,3.717725814568018,0.025,0.0,-0.03,0.0,1.0,0.0,0.015
31,1.033331332559105,68,0.04866722689500208,0.0,-0.019266451385061775,0.010733548614938224,0.004266451385061775,8.53290277012355,-3.4649203050742257,1.3389787347866515,5.11974166207413,0.025,0.0,-0.03,0.0,1.0,0.0,0.015
31,1.033331332559105,69,0.04821779886458281,0.0,-0.02043191891861036,0.009568081081389637,0.005431918918610362,10.863837837220725,6.426947063772673,2.5084277871276766,6.518302702332435,0.025,0.0,-0.03,0.0,1.0,0.0,0.015
31,1.033331332559105,70,0.04776231876831346,0.0,-0.02159295361436695,0.008407046385633048,0.006592953614366952,13.185907228733903,-7.0642651293714325,2.7940705293907215,7.911544337240342,0.025,0.0,-0.03,0.0,1.0,0.0,0.015
31,1.033331332559105,71,0.04729837364777219,0.0,-0.0227555860760154,0.007244413923984599,0.007755586076015401,15.5111721520308,5.190852838638283,2.079799567445044,9.30670329121848,0.025,0.0,-0.03,0.0,1.0,0.0,0.015
31,1.033331332559105,72,0.04683012479164119,0.0,-0.023909607688065968,0.006090392311934031,0.008909607688065969,17.819215376131936,-1.5306994343207103,0.6117899441983887,10.691529225679162,0.025,0.0,-0.03,0.0,1.0,0.0,0.015
31,1.033331332559105,73,0.046353068865348505,0.0,-0.025065684583144912,0.004934315416855087,0.010065684583144913,20.131369166289826,-2.597512968705294,1.094103556165656,12.078821499773895,0.025,0.0,-0.03,0.0,1.0,0.0,0.015
31,1.033331332559105,74,0.04587072471722709,0.0,-0.02621566820118951,0.0037843317988104884,0.011215668201189511,22.43133640237902,5.679859857698422,2.410248428702096,13.458801841427412,0.025,0.0,-0.03,0.0,1.0,0.0,0.015
31,1.033331332559105,75,0.04538071996098843,0.0,-0.02736490259156342,0.002635097408436579,0.01236490259156342,24.729805183126842,-6.635352897519487,2.8508511155067215,14.837883109876104,0.025,0.0,-0.03,0.0,1.0,0.0,0.015
31,1.033331332559105,76,0.0448839160948249,0.0,-0.028511394206508302,0.0014886057934916964,0.013511394206508303,27.022788413016606,5.155787616847368,2.2427132767441518,16.213673047809962,0.025,0.0,-0.03,0.0,1.0,0.0,0.015
31,1.033331332559105,77,0.044381398188867605,0.0,-0.029652901667053262,0.0003470983329467367,0.014652901667053263,29.305803334106525,-1.8179685512449628,0.792447302245621,17.583482000463913,0.025,0.0,-0.03,0.0,1.0,0.0,0.015
31,1.033331332559105,78,0.04387122147530329,0.0,-0.030793586886144583,0.0007935868861445837,0.014206413113855416,28.41282622771083,2.1396103320488558,0.9754764576547282,17.047695736626498,0.025,0.0,-0.03,0.0,1.0,0.0,0.015
31,1.033331332559105,79,0.04335540225018951,0.0,-0.0319290347347685,0.0019290347347684991,0.0130709652652315,26.141930530463,-5.252446875967582,2.3914928641579767,15.6851583182778,0.025,0.0,-0.03,0.0,1.0,0.0,0.015
31,1.033331332559105,80,0.04283925692858344,0.0,-0.0330699516063391,0.0030699516063390983,0.011930048393660901,23.8600967873218,6.412454593343948,2.892805888127711,14.31605807239308,0.025,0.0,-0.03,0.0,1.0,0.0,0.015
32,1.0666646013513341,65,0.04997437564843647,0.0,-0.015790938332786955,0.014209061667213044,0.0007909383327869557,1.5818766655739114,2.9246042754400943,1.0525828366115888,0.9491259993443468,0.025,0.0,-0.03,0.0,1.0,0.0,0.015
32,1.0666646013513341,66,0.04956002292511749,0.0,-0.01692314610734444,0.01307685389265556,0.0019231461073444395,3.846292214688879,-2.0228042249098652,0.7371007002077962,2.3077753288133276,0.025,0.0,-0.03,0.0,1.0,0.0,0.015
32,1.0666646013513341,67,0.049117433030352604,0.0,-0.018112118944409044,0.011887881055590955,0.0031121189444090445,6.224237888818089,0.4229002845073813,0.14253776574986252,3.734542733290853,0.025,0.0,-0.03,0.0,1.0,0.0,0.015
32,1.0666646013513341,68,0.0486716209147746,0.0,-0.019288573279867816,0.010711426720132183,0.004288573279867817,8.577146559735633,1.2583171893299618,0.4931340509060617,5.14628793584138,0.025,0.0,-0.03,0.0,1.0,0.0,0.015
32,1.0666646013513341,69,0.0482355303944219,0.0,-0.020420283084246718,0.00957971691575328,0.005420283084246719,10.840566168493437,-2.4118975411659975,0.9459126976029995,6.504339701096062,0.025,0.0,-0.03,0.0,1.0,0.0,0.015
32,1.0666646013513341,70,0.047761583368771926,0.0,-0.021629025738104143,0.008370974261895855,0.006629025738104144,13.258051476208287,2.73342080043251,1.07893941056048,7.954830885724972,0.025,0.0,-0.03,0.0,1.0,0.0,0.015
32,1.0666646013513341,71,0.04731537078140988,0.0,-0.022747800280070476,0.007252199719929523,0.007747800280070476,15.495600560140952,-2.108547941004591,0.8388643899288039,9.297360336084571,0.025,0.0,-0.03,0.0,1.0,0.0,0.015
32,1.0666646013513341,72,0.04683706516001206,0.0,-0.023927423657192973,0.0060725763428070255,0.008927423657192974,17.85484731438595,0.7493272095668695,0.2918293060351982,10.71290838863157,0.025,0.0,-0.03,0.0,1.0,0.0,0.015
32,1.0666646013513341,73,0.04635951451132182,0.0,-0.02508518884192933,0.004914811158070669,0.01008518884192933,20.17037768385866,0.7858208678112212,0.34001033665182606,12.102226610315196,0.025,0.0,-0.03,0.0,1.0,0.0,0.015
32,1.0666646013513341,74,0.045888691981517744,0.0,-0.02620848796956112,0.0037915120304388775,0.011208487969561122,22.416975939122246,-1.9298938022076684,0.8234124039494505,13.450185563473347,0.025,0.0,-0.03,0.0,1.0,0.0,0.015
32,1.0666646013513341,75,0.04538113157522986,0.0,-0.02739952567399296,0.0026004743260070393,0.01239952567399296,24.79905134798592,2.3471656180099245,1.0066663788817678,14.87943080879155,0.025,0.0,-0.03,0.0,1.0,0.0,0.015
32,1.0666646013513341,76,0.04490208925671432,0.0,-0.02850557046938305,0.0014944295306169482,0.013505570469383051,27.011140938766104,-1.8772849095739388,0.8113628657430565,16.20668456325966,0.025,0.0,-0.03,0.0,1.0,0.0,0.015
32,1.0666646013513341,77,0.044388913224686535,0.0,-0.029672046082762776,0.00032795391723722256,0.014672046082762777,29.344092165525552,0.6963365878878869,0.2947848300297559,17.606455299315332,0.025,0.0,-0.03,0.0,1.0,0.0,0.015
32,1.0666646013513341,78,0.04387891216687735,0.0,-0.030812743683342216,0.0008127436833422173,0.014187256316657782,28.374512633315565,-0.6929091362636238,0.3191188009530299,17.02470757998934,0.025,0.0,-0.03,0.0,1.0,0.0,0.015
32,1.0666646013513341,79,0.04337428256886995,0.0,-0.03192445167495887,0.0019244516749588741,0.013075548325041125,26.151096650082252,1.7674499436894895,0.7758163454556857,15.69065799004935,0.025,0.0,-0.03,0.0,1.0,0.0,0.015
32,1.0666646013513341,80,0.04284102426442694,0.0,-0.033103765893986954,0.0031037658939869553,0.011896234106013044,23.792468212026087,-2.1851059443795977,1.0124380038485268,14.275480927215652,0.025,0.0,-0.03,0.0,1.0,0.0,0.015
33,1.0999978701435633,65,0.04999495970950003,0.0,-0.015744513811917663,0.014255486188082336,0.0007445138119176638,1.4890276238353275,7.370258769257547,2.666269213062727,0.8934165743011965,0.025,0.0,-0.03,0.0,1.0,0.0,0.015
33,1.0999978701435633,66,0.04955713539539718,0.0,-0.01694093673432099,0.01305906326567901,0.0019409367343209902,3.8818734686419805,-4.725490775517359,1.7393666344170653,2.329124081185188,0.025,0.0,-0.03,0.0,1.0,0.0,0.015
33,1.0999978701435633,67,0.049125598921554964,0.0,-0.018099247827314327,0.011900752172685672,0.0030992478273143276,6.198495654628655,0.4453472633799709,0.15536316631211872,3.7190973927771926,0.025,0.0,-0.03,0.0,1.0,0.0,0.015
33,1.0999978701435633,68,0.04868481408564031,0.0,-0.019262716803430942,0.010737283196569056,0.004262716803430943,8.525433606861887,4.016151414191878,1.5428549677878711,5.115260164117132,0.025,0.0,-0.03,0.0,1.0,0.0,0.015
33,1.0999978701435633,69,0.048228764395455904,0.0,-0.020445329859527864,0.009554670140472135,0.005445329859527864,10.890659719055728,-7.062472899071383,2.75385004235174,6.534395831433437,0.025,0.0,-0.03,0.0,1.0,0.0,0.015
33,1.0999978701435633,70,0.04778212296233115,0.0,-0.02158420463788969,0.008415795362110307,0.006584204637889692,13.168409275779384,7.510157246037137,2.967849375967629,7.90104556546763,0.025,0.0,-0.03,0.0,1.0,0.0,0.015
33,1.0999978701435633,71,0.04731018598725155,0.0,-0.022767371480443315,0.007232628519556684,0.007767371480443316,15.534742960886632,-5.214384668670405,2.0916841019419956,9.320845776531979,0.025,0.0,-0.03,0.0,1.0,0.0,0.015
33,1.0999978701435633,72,0.04684622436179466,0.0,-0.023910728689582442,0.0060892713104175565,0.008910728689582443,17.821457379164887,1.1101786695982947,0.4414758348742357,10.692874427498932,0.025,0.0,-0.03,0.0,1.0,0.0,0.015
33,1.0999978701435633,73,0.04637038937310295,0.0,-0.02506459791545049,0.004935402084549508,0.010064597915450491,20.129195830900983,3.4375106504198576,1.4387621428169493,12.077517498540589,0.025,0.0,-0.03,0.0,1.0,0.0,0.015
33,1.0999978701435633,74,0.04588199661888224,0.0,-0.026229014731702704,0.003770985268297295,0.011229014731702704,22.45802946340541,-6.769652395123065,2.8683068485126455,13.474817678043246,0.025,0.0,-0.03,0.0,1.0,0.0,0.015
33,1.0999978701435633,75,0.04540074809011069,0.0,-0.027358126708572347,0.0026418732914276523,0.012358126708572347,24.716253417144696,7.627634657563124,3.2755102708512527,14.829752050286817,0.025,0.0,-0.03,0.0,1.0,0.0,0.015
33,1.0999978701435633,76,0.04489557658019206,0.0,-0.028524427858789166,0.0014755721412108326,0.013524427858789167,27.048855717578334,-5.731211787744327,2.494066957954296,16.229313430547,0.025,0.0,-0.03,0.0,1.0,0.0,0.015
33,1.0999978701435633,77,0.04439789225438927,0.0,-0.029654939684559758,0.0003450603154402411,0.014654939684559758,29.309879369119518,1.8446816771128347,0.8069227242478313,17.58592762147171,0.025,0.0,-0.03,0.0,1.0,0.0,0.015
33,1.0999978701435633,78,0.04388847590334339,0.0,-0.03079457183922315,0.0007945718392231502,0.01420542816077685,28.410856321553698,-2.732763784447746,1.2429347398004142,17.046513792932217,0.025,0.0,-0.03,0.0,1.0,0.0,0.015
33,1.0999978701435633,79,0.043367074706784324,0.0,-0.031943067021613605,0.0019430670216136064,0.013056932978386393,26.113865956772784,6.346786974575047,2.894275880790187,15.66831957406367,0.025,0.0,-0.03,0.0,1.0,0.0,0.015
33,1.0999978701435633,80,0.042859972468147794,0.0,-0.03306432952460108,0.0030643295246010824,0.011935670475398917,23.871340950797833,-7.719047197666038,3.4751865363419943,14.3228045704787,0.025,0.0,-0.03,0.0,1.0,0.0,0.015
34,1.1333311389357925,65,0.05000590672359743,0.0,-0.015725249987170262,0.014274750012829737,0.0007252499871702629,1.4504999743405258,-3.652014794381718,1.3154131510746183,0.8702999846043155,0.025,0.0,-0.03,0.0,1.0,0.0,0.015
34,1.1333311389357925,66,0.049561332675937896,0.0,-0.01693954030769133,0.013060459692308669,0.0019395403076913308,3.8790806153826614,2.4376309353926153,0.8879267477231284,2.3274483692295966,0.025,0.0,-0.03,0.0,1.0,0.0,0.015
34,1.1333311389357925,67,0.04913155916361577,0.0,-0.018092610077753982,0.011907389922246017,0.003092610077753983,6.185220155507966,-0.4766052891732385,0.16163901114878035,3.711132093304779,0.025,0.0,-0.03,0.0,1.0,0.0,0.015
34,1.1333311389357925,68,0.04869453601833848,0.0,-0.019245677638668645,0.010754322361331354,0.0042456776386686455,8.491355277337291,-1.5895828862405963,0.6229682568235161,5.094813166402375,0.025,0.0,-0.03,0.0,1.0,0.0,0.015
34,1.1333311389357925,69,0.04822945160382655,0.0,-0.020451253017468543,0.009548746982531456,0.005451253017468544,10.902506034937087,3.1073469197934087,1.21760760683255,6.541503620962252,0.025,0.0,-0.03,0.0,1.0,0.0,0.015
34,1.1333311389357925,70,0.04779335088744889,0.0,-0.0215627868015886,0.008437213198411397,0.006562786801588602,13.125573603177203,-3.444192897912559,1.3597273760230726,7.875344161906321,0.025,0.0,-0.03,0.0,1.0,0.0,0.015
34,1.1333311389357925,71,0.0473126270032459,0.0,-0.022767511548290396,0.0072324884517096025,0.007767511548290397,15.535023096580794,2.5683455152204524,1.0209956932606512,9.321013857948476,0.025,0.0,-0.03,0.0,1.0,0.0,0.015
34,1.1333311389357925,72,0.04685145928865677,0.0,-0.023903490146101023,0.006096509853898976,0.008903490146101024,17.80698029220205,-0.8751836478195695,0.340557519280967,10.684188175321228,0.025,0.0,-0.03,0.0,1.0,0.0,0.015
34,1.1333311389357925,73,0.046379797775877696,0.0,-0.02504682942557293,0.004953170574427068,0.010046829425572931,20.09365885114586,-1.0550192826995048,0.45439792561511283,12.056195310687515,0.025,0.0,-0.03,0.0,1.0,0.0,0.015
34,1.1333311389357925,74,0.04588035954737787,0.0,-0.02623713532750606,0.00376286467249394,0.01123713532750606,22.47427065501212,2.5750860136759837,1.0993962938349695,13.484562393007272,0.025,0.0,-0.03,0.0,1.0,0.0,0.015
34,1.1333311389357925,75,0.04541282488112047,0.0,-0.027333642943622876,0.002666357056377123,0.012333642943622877,24.667285887245754,-3.0424807454648284,1.30424740774686,14.800371532347452,0.025,0.0,-0.03,0.0,1.0,0.0,0.015
34,1.1333311389357925,76,0.04489500424980183,0.0,-0.028528724366811198,0.001471275633188801,0.013528724366811198,27.057448733622397,2.3665040557013524,1.0226763770799472,16.23446924017344,0.025,0.0,-0.03,0.0,1.0,0.0,0.015
34,1.1333311389357925,77,0.04440358051186991,0.0,-0.029644505473638387,0.0003554945263616119,0.014644505473638388,29.289010947276775,-0.8808054515368615,0.3736545064810095,17.573406568366064,0.025,0.0,-0.03,0.0,1.0,0.0,0.015
34,1.1333311389357925,78,0.04389601573188215,0.0,-0.03077963511164464,0.0007796351116446422,0.014220364888355357,28.440729776710715,0.9155373680670406,0.4209089744812069,17.064437866026427,0.025,0.0,-0.03,0.0,1.0,0.0,0.015
34,1.1333311389357925,79,0.04336392480599313,0.0,-0.03195090727564963,0.0019509072756496298,0.01304909272435037,26.09818544870074,-2.3807230409745657,1.0458151118003296,15.658911269220443,0.025,0.0,-0.03,0.0,1.0,0.0,0.015
34,1.1333311389357925,80,0.04287179195176259,0.0,-0.033038695575038725,0.003038695575038726,0.011961304424961273,23.922608849922547,3.0176990036834166,1.3973354318288498,14.353565309953527,0.025,0.0,-0.03,0.0,1.0,0.0,0.015
35,1.1666644077280217,65,0.050001846051679025,0.0,-0.01574780324430368,0.01425219675569632,0.0007478032443036797,1.4956064886073595,-8.96109710383669,3.241459498383843,0.8973638931644157,0.025,0.0,-0.03,0.0,1.0,0.0,0.015
35,1.1666644077280217,66,0.049573514155324405,0.0,-0.01691685168959411,0.013083148310405888,0.0019168516895941116,3.8337033791882233,5.65147268109043,2.0759573383919685,2.300222027512934,0.025,0.0,-0.03,0.0,1.0,0.0,0.015
35,1.1666644077280217,67,0.04913674951991208,0.0,-0.018088700721801743,0.011911299278198256,0.003088700721801743,6.177401443603486,-0.196701747919584,0.05483133648738137,3.7064408661620916,0.025,0.0,-0.03,0.0,1.0,0.0,0.015
35,1.1666644077280217,68,0.04869395601335696,0.0,-0.019255918290690087,0.010744081709309912,0.0042559182906900875,8.511836581380175,-5.370697531271804,2.0713678558886532,5.107101948828105,0.025,0.0,-0.03,0.0,1.0,0.0,0.015
35,1.1666644077280217,69,0.048245131991203415,0.0,-0.020419210687844122,0.009580789312155877,0.005419210687844123,10.838421375688245,9.0164452274989,3.5188803503709516,6.503052825412947,0.025,0.0,-0.03,0.0,1.0,0.0,0.015
35,1.1666644077280217,70,0.04778710053833719,0.0,-0.021586048740816453,0.008413951259183546,0.006586048740816454,13.172097481632909,-9.396784610719571,3.7156750088337627,7.903258488979745,0.025,0.0,-0.03,0.0,1.0,0.0,0.015
35,1.1666644077280217,71,0.047325157662709734,0.0,-0.022742970181878958,0.007257029818121041,0.007742970181878958,15.485940363757916,6.358752791606113,2.5474428689353017,9.291564218254749,0.025,0.0,-0.03,0.0,1.0,0.0,0.015
35,1.1666644077280217,72,0.0468546097704019,0.0,-0.023902119003946877,0.006097880996053122,0.008902119003946878,17.804238007893755,-0.9433530042449491,0.364553477352688,10.682542804736253,0.025,0.0,-0.03,0.0,1.0,0.0,0.015
35,1.1666644077280217,73,0.04637858619231816,0.0,-0.025055040288592522,0.004944959711407477,0.010055040288592523,20.110080577185045,-4.86961900004581,2.043496535142319,12.066048346311026,0.025,0.0,-0.03,0.0,1.0,0.0,0.015
35,1.1666644077280217,74,0.04589560755430171,0.0,-0.02620604435339384,0.003793955646606159,0.01120604435339384,22.41208870678768,9.010713783191123,3.8228567855278444,13.44725322407261,0.025,0.0,-0.03,0.0,1.0,0.0,0.015
35,1.1666644077280217,75,0.045404317753521536,0.0,-0.0273576793770305,0.002642320622969499,0.0123576793770305,24.715358754061,-9.971055084935527,4.284795791391033,14.8292152524366,0.025,0.0,-0.03,0.0,1.0,0.0,0.015
35,1.1666644077280217,76,0.04490806732525397,0.0,-0.028502246793870704,0.0014977532061292952,0.013502246793870704,27.004493587741408,7.405116122097187,3.2217773211842884,16.202696152644844,0.025,0.0,-0.03,0.0,1.0,0.0,0.015
35,1.1666644077280217,77,0.04440418862294686,0.0,-0.029646329767460587,0.0003536702325394117,0.014646329767460588,29.292659534921174,-2.1852860397796405,0.9482778084322663,17.575595720952705,0.025,0.0,-0.03,0.0,1.0,0.0,0.015
35,1.1666644077280217,78,0.04389449770333009,0.0,-0.030785284234257287,0.0007852842342572879,0.014214715765742712,28.429431531485424,3.8180018327174987,1.73734907911497,17.057658918891253,0.025,0.0,-0.03,0.0,1.0,0.0,0.015
35,1.1666644077280217,79,0.04337805801717748,0.0,-0.03192151334763918,0.001921513347639181,0.013078486652360818,26.156973304721635,-8.492446895502741,3.8695533672265374,15.69418398283298,0.025,0.0,-0.03,0.0,1.0,0.0,0.015
35,1.1666644077280217,80,0.0428609987585299,0.0,-0.03306384099812049,0.003063840998120494,0.011936159001879505,23.87231800375901,10.217758270222488,4.61027426634762,14.323390802255405,0.025,0.0,-0.03,0.0,1.0,0.0,0.015
36,1.199997676520251,65,0.04999914117737913,0.0,-0.01576654759896899,0.014233452401031008,0.0007665475989689918,1.5330951979379837,-4.307627680211788,1.5614986299509142,0.9198571187627902,0.025,0.0,-0.03,0.0,1.0,0.0,0.015
36,1.199997676520251,66,0.04958512153353377,0.0,-0.016895885038422587,0.013104114961577411,0.001895885038422588,3.791770076845176,2.7854675205657093,1.0331593990336325,2.2750620461071054,0.025,0.0,-0.03,0.0,1.0,0.0,0.015
36,1.199997676520251,67,0.04914263560749637,0.0,-0.018082908169614092,0.011917091830385907,0.0030829081696140924,6.165816339228185,-0.13446745558496287,0.05137918730379714,3.6994898035369106,0.025,0.0,-0.03,0.0,1.0,0.0,0.015
36,1.199997676520251,68,0.04869361806014236,0.0,-0.019265747886199364,0.010734252113800635,0.004265747886199364,8.531495772398728,-2.5801277243107585,0.9864247744990111,5.118897463439237,0.025,0.0,-0.03,0.0,1.0,0.0,0.015
36,1.199997676520251,69,0.04826054960117282,0.0,-0.02038797838683875,0.00961202161316125,0.00538797838683875,10.7759567736775,4.300110069333006,1.6753185916877371,6.4655740642065,0.025,0.0,-0.03,0.0,1.0,0.0,0.015
36,1.199997676520251,70,0.047782000548754026,0.0,-0.02160657375966714,0.00839342624033286,0.006606573759667139,13.213147519334278,-4.509042423892889,1.7852528202828315,7.927888511600567,0.025,0.0,-0.03,0.0,1.0,0.0,0.015
36,1.199997676520251,71,0.04733724570275952,0.0,-0.022719867019386015,0.007280132980613984,0.007719867019386015,15.43973403877203,3.1186702453351707,1.259797493005145,9.263840423263218,0.025,0.0,-0.03,0.0,1.0,0.0,0.015
36,1.199997676520251,72,0.04685882308267132,0.0,-0.023898245545084355,0.006101754454915644,0.008898245545084355,17.79649109016871,-0.47911917711308033,0.19537322882949293,10.677894654101227,0.025,0.0,-0.03,0.0,1.0,0.0,0.015
36,1.199997676520251,73,0.046377154088337674,0.0,-0.025064084164543705,0.0049359158354562935,0.010064084164543706,20.128168329087412,-2.3572707076240533,0.976895501540838,12.076900997452446,0.025,0.0,-0.03,0.0,1.0,0.0,0.015
36,1.199997676520251,74,0.045911281601524766,0.0,-0.02617415515032757,0.003825844849672428,0.011174155150327571,22.348310300655143,4.296987996581777,1.821877457376779,13.408986180393086,0.025,0.0,-0.03,0.0,1.0,0.0,0.015
36,1.199997676520251,75,0.04539628390882113,0.0,-0.027380930316743223,0.0026190696832567757,0.012380930316743224,24.761860633486446,-4.810211614709326,2.0670829790345526,14.857116380091867,0.025,0.0,-0.03,0.0,1.0,0.0,0.015
36,1.199997676520251,76,0.04492145886712347,0.0,-0.02847555307857013,0.0015244469214298687,0.01347555307857013,26.951106157140263,3.639130537561948,1.5918471915218029,16.17066369428416,0.025,0.0,-0.03,0.0,1.0,0.0,0.015
36,1.199997676520251,77,0.0444055020370991,0.0,-0.029646850654917133,0.0003531493450828656,0.014646850654917134,29.29370130983427,-1.0812026560880243,0.4820056597800966,17.57622078590056,0.025,0.0,-0.03,0.0,1.0,0.0,0.015
36,1.199997676520251,78,0.04389303734119597,0.0,-0.03079124114764913,0.0007912411476491306,0.014208758852350869,28.417517704701737,1.8238866767415738,0.8252875014673429,17.05051062282104,0.025,0.0,-0.03,0.0,1.0,0.0,0.015
36,1.199997676520251,79,0.04339292446652273,0.0,-0.031891271871525684,0.0018912718715256849,0.013108728128474315,26.21745625694863,-4.009857948455874,1.8477132333996995,15.730473754169177,0.025,0.0,-0.03,0.0,1.0,0.0,0.015
36,1.199997676520251,80,0.042851121022686574,0.0,-0.03308783227787633,0.0030878322778763317,0.011912167722123668,23.824335444247335,4.717403164096827,2.108456925405002,14.294601266548401,0.025,0.0,-0.03,0.0,1.0,0.0,0.015
37,1.23333094531248,65,0.05000378743665408,0.0,-0.015762868427240274,0.014237131572759725,0.0007628684272402743,1.5257368544805485,3.440176177388253,1.2425397472652766,0.9154421126883291,0.025,0.0,-0.03,0.0,1.0,0.0,0.015
37,1.23333094531248,66,0.04959145922899576,0.0,-0.016887184489593376,0.013112815510406623,0.0018871844895933763,3.7743689791867525,-2.118262188762149,0.7653770021900262,2.2646213875120513,0.025,0.0,-0.03,0.0,1.0,0.0,0.015
37,1.23333094531248,67,0.04914776017933191,0.0,-0.01807682474421666,0.01192317525578334,0.0030768247442166594,6.153649488433318,-0.11010875615757444,0.057832605446725305,3.6921896930599907,0.025,0.0,-0.03,0.0,1.0,0.0,0.015
37,1.23333094531248,68,0.04869836237390175,0.0,-0.01926031067361867,0.010739689326381328,0.004260310673618671,8.520621347237341,2.3434748107157763,0.9177543659378092,5.112372808342404,0.025,0.0,-0.03,0.0,1.0,0.0,0.015
37,1.23333094531248,69,0.0482664749787261,0.0,-0.020378956612138895,0.009621043387861104,0.005378956612138896,10.757913224277791,-3.681184595457417,1.4396356193025572,6.454747934566675,0.025,0.0,-0.03,0.0,1.0,0.0,0.015
37,1.23333094531248,70,0.04778562696257535,0.0,-0.02160290098618412,0.00839709901381588,0.006602900986184119,13.205801972368238,3.7348903892314738,1.4775918145777132,7.923481183420943,0.025,0.0,-0.03,0.0,1.0,0.0,0.015
37,1.23333094531248,71,0.04734270038181486,0.0,-0.022711227760058877,0.0072887722399411214,0.007711227760058878,15.422455520117756,-2.4523076447730783,0.9700135401590496,9.253473312070653,0.025,0.0,-0.03,0.0,1.0,0.0,0.015
37,1.23333094531248,72,0.04686280747178652,0.0,-0.023892616502948466,0.006107383497051533,0.008892616502948467,17.785233005896934,0.1579108933999385,0.04619181554328571,10.67113980353816,0.025,0.0,-0.03,0.0,1.0,0.0,0.015
37,1.23333094531248,73,0.04638105894922404,0.0,-0.025058281123572473,0.0049417188764275255,0.010058281123572474,20.116562247144948,2.2436326862202076,0.9551069528006687,12.069937348286969,0.025,0.0,-0.03,0.0,1.0,0.0,0.015
37,1.23333094531248,74,0.045916094881242736,0.0,-0.026165585397932994,0.003834414602067005,0.011165585397932994,22.33117079586599,-3.8226728847405984,1.626769180143891,13.398702477519594,0.025,0.0,-0.03,0.0,1.0,0.0,0.015
37,1.23333094531248,75,0.045398946758615735,0.0,-0.027376870875111054,0.0026231291248889448,0.012376870875111055,24.753741750222108,4.147874325790375,1.783981835881884,14.852245050133265,0.025,0.0,-0.03,0.0,1.0,0.0,0.015
37,1.23333094531248,76,0.04492590436274512,0.0,-0.028466993573230768,0.001533006426769231,0.013466993573230768,26.933987146461536,-3.0436250134318663,1.3131794854589252,16.16039228787692,0.025,0.0,-0.03,0.0,1.0,0.0,0.015
37,1.23333094531248,77,0.044408435542657054,0.0,-0.029641178181556403,0.00035882181844359637,0.014641178181556403,29.282356363112807,0.7657000673116391,0.31973536168646416,17.569413817867684,0.025,0.0,-0.03,0.0,1.0,0.0,0.015
37,1.23333094531248,78,0.04389592863885011,0.0,-0.030785247479761253,0.0007852474797612544,0.014214752520238745,28.42950504047749,-1.7683914311630415,0.8104037025342157,17.057703024286493,0.025,0.0,-0.03,0.0,1.0,0.0,0.015
37,1.23333094531248,79,0.04339677426117616,0.0,-0.03188287474335725,0.0018828747433572504,0.013117125256642749,26.2342505132855,3.648721894839037,1.6323681675748796,15.740550307971299,0.025,0.0,-0.03,0.0,1.0,0.0,0.015
37,1.23333094531248,80,0.04285294463001312,0.0,-0.033083365982757365,0.003083365982757366,0.011916634017242633,23.833268034485265,-4.316324765321866,1.980263734958059,14.299960820691158,0.025,0.0,-0.03,0.0,1.0,0.0,0.015
38,1.2666642141047093,65,0.05001301416710503,0.0,-0.015746492322203893,0.014253507677796106,0.0007464923222038934,1.4929846444077868,8.850290902896397,3.2066482315709868,0.895790786644672,0.025,0.0,-0.03,0.0,1.0,0.0,0.015
38,1.2666642141047093,66,0.04959330981427928,0.0,-0.01689068716965775,0.013109312830342248,0.0018906871696577517,3.7813743393155033,-5.598523709827416,2.048481790449949,2.268824603589302,0.025,0.0,-0.03,0.0,1.0,0.0,0.015
38,1.2666642141047093,67,0.049152038386191185,0.0,-0.01807308500488789,0.011926914995112108,0.003073085004887892,6.146170009775783,0.1295485628028267,0.025502141120725172,3.6877020058654697,0.025,0.0,-0.03,0.0,1.0,0.0,0.015
38,1.2666642141047093,68,0.048705886989939946,0.0,-0.019247918103488196,0.010752081896511802,0.004247918103488197,8.495836206976394,5.429575954224182,2.106762867128902,5.097501724185836,0.025,0.0,-0.03,0.0,1.0,0.0,0.015
38,1.2666642141047093,69,0.04826551163900429,0.0,-0.020387935526584113,0.009612064473415886,0.005387935526584113,10.775871053168226,-8.956185387127425,3.4991959766032115,6.465522631900935,0.025,0.0,-0.03,0.0,1.0,0.0,0.015
38,1.2666642141047093,70,0.04779480652827806,0.0,-0.021585628823781268,0.008414371176218731,0.0065856288237812685,13.171257647562538,9.310816198647114,3.6869015847066446,7.9027545885375226,0.025,0.0,-0.03,0.0,1.0,0.0,0.015
38,1.2666642141047093,71,0.04734294948511822,0.0,-0.022715978848197673,0.007284021151802326,0.007715978848197674,15.431957696395347,-6.316973486506187,2.5264514486248606,9.259174617837209,0.025,0.0,-0.03,0.0,1.0,0.0,0.015
38,1.2666642141047093,72,0.046866462151185236,0.0,-0.023888167623133033,0.006111832376866966,0.008888167623133034,17.77633524626607,0.8638901549461868,0.32772505966946747,10.665801147759641,0.025,0.0,-0.03,0.0,1.0,0.0,0.015
38,1.2666642141047093,73,0.04638778522733569,0.0,-0.02504623433788071,0.004953765662119289,0.01004623433788071,20.09246867576142,4.948082835027131,2.0895194613040595,12.055481205456852,0.025,0.0,-0.03,0.0,1.0,0.0,0.015
38,1.2666642141047093,74,0.045913418804305065,0.0,-0.026175303115314068,0.003824696884685931,0.011175303115314068,22.350606230628138,-8.968207600583643,3.809346503490816,13.410363738376882,0.025,0.0,-0.03,0.0,1.0,0.0,0.015
38,1.2666642141047093,75,0.04540830588947963,0.0,-0.02735800271286297,0.0026419972871370295,0.01235800271286297,24.71600542572594,9.920945575692377,4.271138692464656,14.829603255435563,0.025,0.0,-0.03,0.0,1.0,0.0,0.015
38,1.2666642141047093,76,0.04492391632150986,0.0,-0.028474026189622543,0.001525973810377456,0.013474026189622543,26.948052379245087,-7.389075591029126,3.2089293605189355,16.16883142754705,0.025,0.0,-0.03,0.0,1.0,0.0,0.015
38,1.2666642141047093,77,0.04441223676763175,0.0,-0.029634398460002553,0.0003656015399974462,0.014634398460002553,29.268796920005105,2.1047371177747527,0.9105666335649296,17.561278152003062,0.025,0.0,-0.03,0.0,1.0,0.0,0.015
38,1.2666642141047093,78,0.04390121841560176,0.0,-0.0307750490391544,0.0007750490391544018,0.014224950960845598,28.449901921691197,-3.8879657724432857,1.7729331576601932,17.069941153014717,0.025,0.0,-0.03,0.0,1.0,0.0,0.015
38,1.2666642141047093,79,0.04339316116213739,0.0,-0.031891863788233395,0.0018918637882333958,0.013108136211766604,26.21627242353321,8.459058299974444,3.821278781228376,15.729763454119924,0.025,0.0,-0.03,0.0,1.0,0.0,0.015
38,1.2666642141047093,80,0.04286202653244522,0.0,-0.03306396686390445,0.0030639668639044493,0.01193603313609555,23.872066272191102,-10.11513425066113,4.601745807233713,14.32323976331466,0.025,0.0,-0.03,0.0,1.0,0.0,0.015
39,1.2999974828969385,65,0.050022964916385707,0.0,-0.015727825770674837,0.014272174229325162,0.0007278257706748378,1.4556515413496758,10.845347474514222,3.9316604928328376,0.8733909248098054,0.025,0.0,-0.03,0.0,1.0,0.0,0.015
39,1.2999974828969385,66,0.04959373895925435,0.0,-0.01689775995602373,0.013102240043976268,0.0018977599560237313,3.7955199120474625,-6.899173775692017,2.535547404172042,2.2773119472284775,0.025,0.0,-0.03,0.0,1.0,0.0,0.015
39,1.2999974828969385,67,0.04915603052828327,0.0,-0.01806993632469191,0.011930063675308088,0.003069936324691911,6.139872649383822,0.3875288630070074,0.12480846254371535,3.683923589630293,0.025,0.0,-0.03,0.0,1.0,0.0,0.015
39,1.2999974828969385,68,0.04871338056656155,0.0,-0.01923545015158724,0.010764549848412758,0.004235450151587241,8.470900303174481,6.274010601821814,2.4288749608439577,5.0825401819046885,0.025,0.0,-0.03,0.0,1.0,0.0,0.015
39,1.2999974828969385,69,0.04826294137647933,0.0,-0.020400946985974614,0.009599053014025385,0.005400946985974615,10.80189397194923,-10.681518832940473,4.172561464407891,6.481136383169538,0.025,0.0,-0.03,0.0,1.0,0.0,0.015
39,1.2999974828969385,70,0.047804834568945666,0.0,-0.0215663106803843,0.0084336893196157,0.0065663106803843,13.1326213607686,11.223754325262524,4.450714683591576,7.87957281646116,0.025,0.0,-0.03,0.0,1.0,0.0,0.015
39,1.2999974828969385,71,0.047341793940893266,0.0,-0.022724484863283663,0.007275515136716336,0.0077244848632836635,15.448969726567327,-7.692907522998198,3.0821150342002994,9.269381835940395,0.025,0.0,-0.03,0.0,1.0,0.0,0.015
39,1.2999974828969385,72,0.04687025629178842,0.0,-0.02388389593800297,0.00611610406199703,0.00888389593800297,17.76779187600594,1.3265202619393142,0.5203270483224871,10.660675125603564,0.025,0.0,-0.03,0.0,1.0,0.0,0.015
39,1.2999974828969385,73,0.04639450636425139,0.0,-0.025034753256675993,0.004965246743324006,0.010034753256675993,20.069506513351985,5.5432257881867715,2.3319170908963858,12.041703908011192,0.025,0.0,-0.03,0.0,1.0,0.0,0.015
39,1.2999974828969385,74,0.04590950311236779,0.0,-0.026188473670848537,0.003811526329151462,0.011188473670848537,22.376947341697075,-10.477166940975291,4.451716537340346,13.426168405018245,0.025,0.0,-0.03,0.0,1.0,0.0,0.015
39,1.2999974828969385,75,0.04541852532930998,0.0,-0.0273377034104396,0.0026622965895603985,0.012337703410439601,24.675406820879203,11.682427725384226,5.0296707137255625,14.805244092527522,0.025,0.0,-0.03,0.0,1.0,0.0,0.015
39,1.2999974828969385,76,0.04492065687462477,0.0,-0.02848447123208454,0.001515528767915459,0.01348447123208454,26.968942464169082,-8.72582015333692,3.8006090253896403,16.181365478501448,0.025,0.0,-0.03,0.0,1.0,0.0,0.015
39,1.2999974828969385,77,0.0444161369182361,0.0,-0.029627953197773078,0.0003720468022269212,0.014627953197773078,29.255906395546155,2.6522111094416805,1.1566268215486155,17.55354383732769,0.025,0.0,-0.03,0.0,1.0,0.0,0.015
39,1.2999974828969385,78,0.04390648350651809,0.0,-0.03076544895059618,0.0007654489505961801,0.01423455104940382,28.46910209880764,-4.361826952006478,1.9895252003711452,17.081461259284584,0.025,0.0,-0.03,0.0,1.0,0.0,0.015
39,1.2999974828969385,79,0.043388418251259525,0.0,-0.031904130539805266,0.0019041305398052669,0.013095869460194733,26.191738920389465,9.837814554292121,4.455793305959177,15.715043352233678,0.025,0.0,-0.03,0.0,1.0,0.0,0.015
39,1.2999974828969385,80,0.042872100049898824,0.0,-0.033043259624782766,0.0030432596247827667,0.011956740375217233,23.913480750434466,-11.904591834318039,5.407744776434983,14.34808845026068,0.025,0.0,-0.03,0.0,1.0,0.0,0.015
40,1.3333307516891677,65,0.05003110318132142,0.0,-0.015712842310805726,0.014287157689194273,0.0007128423108057266,1.4256846216114534,10.710349412252253,3.8856893974529325,0.855410772966872,0.025,0.0,-0.03,0.0,1.0,0.0,0.015
40,1.3333307516891677,66,0.04959426303103163,0.0,-0.01690327086268994,0.01309672913731006,0.0019032708626899389,3.8065417253798777,-6.826058263792473,2.513476124414053,2.2839250352279263,0.025,0.0,-0.03,0.0,1.0,0.0,0.015
40,1.3333307516891677,67,0.04915952098040689,0.0,-0.018066926901638473,0.011933073098361526,0.0030669269016384733,6.1338538032769465,0.5213860001879437,0.17958928314184205,3.6803122819661676,0.025,0.0,-0.03,0.0,1.0,0.0,0.015
40,1.3333307516891677,68,0.048719323968640954,0.0,-0.019225791321725926,0.010774208678274073,0.004225791321725927,8.451582643451854,5.972915896540048,2.308581905139323,5.070949586071112,0.025,0.0,-0.03,0.0,1.0,0.0,0.015
40,1.3333307516891677,69,0.048261205984526157,0.0,-0.020410626456944612,0.009589373543055387,0.005410626456944612,10.821252913889225,-10.383052823697597,4.055671625918242,6.492751748333535,0.025,0.0,-0.03,0.0,1.0,0.0,0.015
40,1.3333307516891677,70,0.0478127937799797,0.0,-0.021550990705780194,0.008449009294219805,0.006550990705780194,13.101981411560388,10.972330638476267,4.35307709548503,7.8611888469362325,0.025,0.0,-0.03,0.0,1.0,0.0,0.015
40,1.3333307516891677,71,0.04734092175226913,0.0,-0.022730946003423052,0.007269053996576947,0.0077309460034230525,15.461892006846105,-7.569552729576905,3.038325030992394,9.277135204107662,0.025,0.0,-0.03,0.0,1.0,0.0,0.015
40,1.3333307516891677,72,0.04687345944991489,0.0,-0.023879809997035494,0.006120190002964505,0.008879809997035495,17.759619994070988,1.4902213334119874,0.5940594858191022,10.655771996442592,0.025,0.0,-0.03,0.0,1.0,0.0,0.015
40,1.3333307516891677,73,0.04639954107832376,0.0,-0.025026099996778947,0.004973900003221052,0.010026099996778948,20.052199993557895,5.14341958539319,2.1616474879139704,12.031319996134737,0.025,0.0,-0.03,0.0,1.0,0.0,0.015
40,1.3333307516891677,74,0.04590676307505869,0.0,-0.026197860766644362,0.0038021392333556364,0.011197860766644363,22.395721533288725,-10.028951007800696,4.260710600318166,13.437432919973235,0.025,0.0,-0.03,0.0,1.0,0.0,0.015
40,1.3333307516891677,75,0.04542634616819897,0.0,-0.027322032620804158,0.0026779673791958412,0.012322032620804158,24.644065241608317,11.235988948769519,4.83716180500928,14.786439144964989,0.025,0.0,-0.03,0.0,1.0,0.0,0.015
40,1.3333307516891677,76,0.04491826681956533,0.0,-0.028492000159511695,0.0015079998404883034,0.013492000159511696,26.98400031902339,-8.402329772046741,3.6658058917689775,16.190400191414035,0.025,0.0,-0.03,0.0,1.0,0.0,0.015
40,1.3333307516891677,77,0.04441923953949356,0.0,-0.0296225000891184,0.0003774999108815992,0.0146225000891184,29.2450001782368,2.664335222957177,1.166397091693105,17.54700010694208,0.025,0.0,-0.03,0.0,1.0,0.0,0.015
40,1.3333307516891677,78,0.043910346042506085,0.0,-0.030758092823629693,0.0007580928236296941,0.014241907176370305,28.48381435274061,-4.054799511826613,1.8483369356395412,17.090288611644365,0.025,0.0,-0.03,0.0,1.0,0.0,0.015
40,1.3333307516891677,79,0.04338482205690289,0.0,-0.031912821538337896,0.0019128215383378971,0.013087178461662102,26.174356923324204,9.405665978389642,4.287142104429214,15.704614153994521,0.025,0.0,-0.03,0.0,1.0,0.0,0.015
40,1.3333307516891677,80,0.042879545442411245,0.0,-0.033027262101430546,0.0030272621014305473,0.011972737898569452,23.945475797138904,-11.469826419514686,5.189608171809958,14.367285478283343,0.025,0.0,-0.03,0.0,1.0,0.0,0.015
41,1.366664020481397,65,0.05003698838842556,0.0,-0.015703808527379088,0.014296191472620911,0.0007038085273790885,1.407617054758177,9.974818112841573,3.6228894195890966,0.8445702328549062,0.025,0.0,-0.03,0.0,1.0,0.0,0.015
41,1.366664020481397,66,0.04959544860687744,0.0,-0.016906792113295467,0.013093207886704532,0.0019067921132954677,3.8135842265909354,-6.349825562664398,2.3409165357505786,2.288150535954561,0.025,0.0,-0.03,0.0,1.0,0.0,0.015
41,1.366664020481397,67,0.04916256537151555,0.0,-0.018065057456216428,0.01193494254378357,0.0030650574562164287,6.130114912432857,0.5456552651506417,0.19360205805646313,3.678068947459714,0.025,0.0,-0.03,0.0,1.0,0.0,0.015
41,1.366664020481397,68,0.048723715911280045,0.0,-0.019220186370724382,0.010779813629275617,0.0042201863707243825,8.440372741448765,5.4517953889340305,2.1054996508101933,5.0642236448692595,0.025,0.0,-0.03,0.0,1.0,0.0,0.015
41,1.366664020481397,69,0.048261006185983384,0.0,-0.020416524660478365,0.009583475339521634,0.005416524660478365,10.83304932095673,-9.59364354600598,3.746912975694861,6.499829592574038,0.025,0.0,-0.03,0.0,1.0,0.0,0.015
41,1.366664020481397,70,0.04781837444390069,0.0,-0.02154187647979192,0.00845812352020808,0.00654187647979192,13.08375295958384,10.168455709131397,4.03488930664747,7.850251775750304,0.025,0.0,-0.03,0.0,1.0,0.0,0.015
41,1.366664020481397,71,0.04734109143642449,0.0,-0.02273504341426661,0.007264956585733388,0.007735043414266611,15.470086828533223,-7.02422157236535,2.8246136637491066,9.282052097119934,0.025,0.0,-0.03,0.0,1.0,0.0,0.015
41,1.366664020481397,72,0.046876145258338525,0.0,-0.023877316462726995,0.006122683537273004,0.008877316462726995,17.75463292545399,1.4636715283827875,0.5888078794300907,10.652779755272393,0.025,0.0,-0.03,0.0,1.0,0.0,0.015
41,1.366664020481397,73,0.04640313906552761,0.0,-0.025021233049083113,0.004978766950916886,0.010021233049083113,20.042466098166226,4.642425314239644,1.9507964671444542,12.025479658899735,0.025,0.0,-0.03,0.0,1.0,0.0,0.015
41,1.366664020481397,74,0.04590581878207548,0.0,-0.026203467263223142,0.0037965327367768566,0.011203467263223143,22.406934526446285,-9.201291880819937,3.907838483365723,13.44416071586777,0.025,0.0,-0.03,0.0,1.0,0.0,0.015
41,1.366664020481397,75,0.04543158416627539,0.0,-0.027312934217600907,0.0026870657823990923,0.012312934217600907,24.625868435201813,10.330531224860493,4.449887205947929,14.775521061121086,0.025,0.0,-0.03,0.0,1.0,0.0,0.015
41,1.366664020481397,76,0.044917426066736044,0.0,-0.028496669731439953,0.0015033302685600464,0.013496669731439953,26.993339462879906,-7.726748238855746,3.3729199489474624,16.196003677727944,0.025,0.0,-0.03,0.0,1.0,0.0,0.015
41,1.366664020481397,77,0.04442169059825701,0.0,-0.029619369385349197,0.00038063061465080233,0.014619369385349197,29.238738770698394,2.501494820785269,1.1003086002693399,17.543243262419036,0.025,0.0,-0.03,0.0,1.0,0.0,0.015
41,1.366664020481397,78,0.04391312308656453,0.0,-0.03075405959848499,0.0007540595984849921,0.014245940401515007,28.491880803030014,-3.6564468879587664,1.663982598565717,17.09512848181801,0.025,0.0,-0.03,0.0,1.0,0.0,0.015
41,1.366664020481397,79,0.04338316240918463,0.0,-0.03191808635575158,0.0019180863557515804,0.013081913644248419,26.163827288496837,8.6196362614056,3.946102357415905,15.6982963730981,0.025,0.0,-0.03,0.0,1.0,0.0,0.015
41,1.366664020481397,80,0.042884301611958574,0.0,-0.03301812813548492,0.0030181281354849238,0.011981871864515076,23.963743729030153,-10.55720543027291,4.759631056328655,14.378246237418091,0.025,0.0,-0.03,0.0,1.0,0.0,0.015
42,1.399997289273626,65,0.05004131608445889,0.0,-0.015696789616961325,0.014303210383038674,0.0006967896169613255,1.393579233922651,9.534999938343702,3.4636374790852966,0.8361475403535905,0.025,0.0,-0.03,0.0,1.0,0.0,0.015
42,1.399997289273626,66,0.04959757462795246,0.0,-0.016905411880112516,0.013094588119887483,0.0019054118801125168,3.8108237602250337,-6.046959519662523,2.2318435822459968,2.28649425613502,0.025,0.0,-0.03,0.0,1.0,0.0,0.015
42,1.399997289273626,67,0.049165463032530145,0.0,-0.018061175547095912,0.011938824452904086,0.003061175547095913,6.122351094191826,0.5021817419349781,0.18040250639052505,3.6734106565150952,0.025,0.0,-0.03,0.0,1.0,0.0,0.015
42,1.399997289273626,68,0.04872708212820909,0.0,-0.01921477128211062,0.010785228717889377,0.004214771282110622,8.429542564221244,5.224914297257549,2.0169107139260696,5.057725538532746,0.025,0.0,-0.03,0.0,1.0,0.0,0.015
42,1.399997289273626,69,0.04826232258772396,0.0,-0.02041603294165091,0.009583967058349088,0.005416032941650911,10.832065883301823,-9.198936921008737,3.5933620660593717,6.499239529981094,0.025,0.0,-0.03,0.0,1.0,0.0,0.015
42,1.399997289273626,70,0.04782214158678362,0.0,-0.02153486783259801,0.008465132167401988,0.006534867832598011,13.069735665196022,9.742348783720638,3.867443560513861,7.841841399117613,0.025,0.0,-0.03,0.0,1.0,0.0,0.015
42,1.399997289273626,71,0.04734241137001599,0.0,-0.022733864807319263,0.007266135192680736,0.0077338648073192635,15.467729614638527,-6.7148141819843765,2.7014636345270255,9.280637768783116,0.025,0.0,-0.03,0.0,1.0,0.0,0.015
42,1.399997289273626,72,0.04687855152501673,0.0,-0.02387313610399345,0.00612686389600655,0.00887313610399345,17.746272207986898,1.3902185454614082,0.561232425754461,10.64776332479214,0.025,0.0,-0.03,0.0,1.0,0.0,0.015
42,1.399997289273626,73,0.046405816880655475,0.0,-0.025016163045522122,0.004983836954477877,0.010016163045522122,20.032326091044244,4.4554773346678695,1.8715944196707406,12.019395654626546,0.025,0.0,-0.03,0.0,1.0,0.0,0.015
42,1.399997289273626,74,0.04590651795884218,0.0,-0.026202803774252048,0.003797196225747951,0.011202803774252049,22.405607548504097,-8.842384062535523,3.7534237591922643,13.443364529102459,0.025,0.0,-0.03,0.0,1.0,0.0,0.015
42,1.399997289273626,75,0.04543486354643,0.0,-0.027306000255843038,0.0026939997441569608,0.012306000255843039,24.612000511686077,9.919772407940716,4.274526645319732,14.767200307011645,0.025,0.0,-0.03,0.0,1.0,0.0,0.015
42,1.399997289273626,76,0.044917987992235196,0.0,-0.028495690889452488,0.001504309110547511,0.013495690889452489,26.991381778904977,-7.4007552369308955,3.2342532552446506,16.194829067342987,0.025,0.0,-0.03,0.0,1.0,0.0,0.015
42,1.399997289273626,77,0.04442361437648066,0.0,-0.0296149398684686,0.0003850601315313999,0.0146149398684686,29.2298797369372,2.397947888052642,1.0556072705093524,17.53792784216232,0.025,0.0,-0.03,0.0,1.0,0.0,0.015
42,1.399997289273626,78,0.04391509839435234,0.0,-0.030749267758649453,0.0007492677586494537,0.014250732241350546,28.501464482701092,-3.5191869149325963,1.6030032257574347,17.100878689620654,0.025,0.0,-0.03,0.0,1.0,0.0,0.015
42,1.399997289273626,79,0.04338325757491772,0.0,-0.031917170720149025,0.0019171707201490265,0.013082829279850973,26.165658559701946,8.290170982938852,3.804672893239484,15.699395135821167,0.025,0.0,-0.03,0.0,1.0,0.0,0.015
42,1.399997289273626,80,0.042887016874113934,0.0,-0.033011197330741884,0.0030111973307418854,0.011988802669258114,23.977605338516227,-10.154786774664652,4.5719939442034025,14.386563203109736,0.025,0.0,-0.03,0.0,1.0,0.0,0.015
43,1.4333305580658553,65,0.05004403594729612,0.0,-0.01569494363472115,0.014305056365278849,0.0006949436347211506,1.3898872694423012,9.794115419421882,3.559934746779564,0.8339323616653808,0.025,0.0,-0.03,0.0,1.0,0.0,0.015
43,1.4333305580658553,66,0.049600219216226066,0.0,-0.01690348159449423,0.01309651840550577,0.0019034815944942302,3.80696318898846,-6.177263720356284,2.2792131651723757,2.284177913393076,0.025,0.0,-0.03,0.0,1.0,0.0,0.015
43,1.4333305580658553,67,0.04916807747507062,0.0,-0.018059086219553575,0.011940913780446424,0.0030590862195535758,6.118172439107152,0.4467631136372532,0.15736548936850117,3.670903463464291,0.025,0.0,-0.03,0.0,1.0,0.0,0.015
43,1.4333305580658553,68,0.04872945456933234,0.0,-0.019213005287235487,0.010786994712764512,0.004213005287235488,8.426010574470975,5.450873845016694,2.103245151633236,5.055606344682585,0.025,0.0,-0.03,0.0,1.0,0.0,0.015
43,1.4333305580658553,69,0.04826474231838413,0.0,-0.020413804833898628,0.009586195166101371,0.0054138048338986285,10.827609667797256,-9.521085252476247,3.720645027153887,6.496565800678353,0.025,0.0,-0.03,0.0,1.0,0.0,0.015
43,1.4333305580658553,70,0.0478242489100463,0.0,-0.02153316377779015,0.00846683622220985,0.00653316377779015,13.0663275555803,10.046816731649674,3.9896905090953383,7.83979653334818,0.025,0.0,-0.03,0.0,1.0,0.0,0.015
43,1.4333305580658553,71,0.047344520828274214,0.0,-0.022731894147742356,0.007268105852257643,0.007731894147742356,15.463788295484711,-6.883279487128709,2.7686146773143174,9.278272977290827,0.025,0.0,-0.03,0.0,1.0,0.0,0.015
43,1.4333305580658553,72,0.0468805868779208,0.0,-0.023871107323625716,0.006128892676374283,0.008871107323625716,17.742214647251433,1.345207990218917,0.5417727401754627,10.64532878835086,0.025,0.0,-0.03,0.0,1.0,0.0,0.015
43,1.4333305580658553,73,0.04640756429294819,0.0,-0.025014538839943794,0.0049854611600562045,0.010014538839943795,20.02907767988759,4.720737977233951,1.9824095371350536,12.017446607932554,0.025,0.0,-0.03,0.0,1.0,0.0,0.015
43,1.4333305580658553,74,0.04590844117023054,0.0,-0.02620042929502638,0.00379957070497362,0.01120042929502638,22.40085859005276,-9.25753893743145,3.9327563771396887,13.440515154031656,0.025,0.0,-0.03,0.0,1.0,0.0,0.015
43,1.4333305580658553,75,0.04543622808570578,0.0,-0.027304632933057106,0.002695367066942893,0.012304632933057107,24.609265866114214,10.3410553050678,4.455488537587996,14.765559519668528,0.025,0.0,-0.03,0.0,1.0,0.0,0.015
43,1.4333305580658553,76,0.0449195147219511,0.0,-0.028493640699016602,0.0015063593009833967,0.013493640699016603,26.987281398033204,-7.686792831159754,3.3606311855306013,16.19236883881992,0.025,0.0,-0.03,0.0,1.0,0.0,0.015
43,1.4333305580658553,77,0.04442489243474679,0.0,-0.029613172392039238,0.0003868276079607609,0.014613172392039239,29.226344784078478,2.4503719854339994,1.0774403060353244,17.535806870447086,0.025,0.0,-0.03,0.0,1.0,0.0,0.015
43,1.4333305580658553,78,0.043916175304518426,0.0,-0.03074764743276683,0.0007476474327668299,0.01425235256723317,28.504705134466338,-3.721255057608932,1.6927689206716683,17.1028230806798,0.025,0.0,-0.03,0.0,1.0,0.0,0.015
43,1.4333305580658553,79,0.043384525200404235,0.0,-0.0319149036173455,0.0019149036173455036,0.013085096382654496,26.170192765308993,8.677910025828595,3.972685445284895,15.702115659185395,0.025,0.0,-0.03,0.0,1.0,0.0,0.015
43,1.4333305580658553,80,0.04288772822605272,0.0,-0.033009895523131084,0.0030098955231310856,0.011990104476868914,23.98020895373783,-10.623647972968493,4.791969149983486,14.388125372242698,0.025,0.0,-0.03,0.0,1.0,0.0,0.015
44,1.4666638268580845,65,0.05004509270900844,0.0,-0.015697775749464574,0.014302224250535425,0.0006977757494645749,1.3955514989291498,10.673791995524452,3.878115340531542,0.8373308993574898,0.025,0.0,-0.03,0.0,1.0,0.0,0.015
44,1.4666638268580845,66,0.04960323634602795,0.0,-0.01690067045711057,0.013099329542889428,0.0019006704571105718,3.8013409142211434,-6.7264433532668715,2.4808965221889503,2.2808045485326858,0.025,0.0,-0.03,0.0,1.0,0.0,0.015
44,1.4666638268580845,67,0.04917024292023641,0.0,-0.0180583445600014,0.011941655439998599,0.0030583445600014005,6.116689120002801,0.4095800851036897,0.14203737955584297,3.6700134720016804,0.025,0.0,-0.03,0.0,1.0,0.0,0.015
44,1.4666638268580845,68,0.04873061990811443,0.0,-0.019214649321058864,0.010785350678941135,0.004214649321058864,8.429298642117729,6.081668371809696,2.3506619141598764,5.0575791852706375,0.025,0.0,-0.03,0.0,1.0,0.0,0.015
44,1.4666638268580845,69,0.04826820377864044,0.0,-0.020409346528522596,0.009590653471477403,0.005409346528522596,10.818693057045191,-10.507957484510797,4.107059410472788,6.4912158342271145,0.025,0.0,-0.03,0.0,1.0,0.0,0.015
44,1.4666638268580845,70,0.04782457145355272,0.0,-0.021536469470335527,0.008463530529664472,0.006536469470335527,13.072938940671055,11.031659927736637,4.3802407560390915,7.8437633644026326,0.025,0.0,-0.03,0.0,1.0,0.0,0.015
44,1.4666638268580845,71,0.04734727678406438,0.0,-0.022728855161134653,0.0072711448388653455,0.007728855161134654,15.457710322269309,-7.497528478310153,3.016512995045726,9.274626193361584,0.025,0.0,-0.03,0.0,1.0,0.0,0.015
44,1.4666638268580845,72,0.04688218202289069,0.0,-0.02387065811355361,0.0061293418864463885,0.008870658113553611,17.741316227107223,1.3647840594365162,0.5430950011690733,10.644789736264334,0.025,0.0,-0.03,0.0,1.0,0.0,0.015
44,1.4666638268580845,73,0.04640818942140474,0.0,-0.025016102361249962,0.0049838976387500365,0.010016102361249963,20.032204722499927,5.340591863070139,2.2422732337923397,12.019322833499956,0.025,0.0,-0.03,0.0,1.0,0.0,0.015
44,1.4666638268580845,74,0.04591161529669008,0.0,-0.02619572591439585,0.0038042740856041486,0.01119572591439585,22.391451828791702,-10.27514420641001,4.3678048859753575,13.434871097275021,0.025,0.0,-0.03,0.0,1.0,0.0,0.015
44,1.4666638268580845,75,0.04543575201911582,0.0,-0.027308273996319896,0.0026917260036801033,0.012308273996319896,24.61654799263979,11.436157856626743,4.929172980066304,14.769928795583875,0.025,0.0,-0.03,0.0,1.0,0.0,0.015
44,1.4666638268580845,76,0.04492217311393646,0.0,-0.028489873191607305,0.0015101268083926936,0.013489873191607306,26.97974638321461,-8.477692211499072,3.7024548320452366,16.187847829928767,0.025,0.0,-0.03,0.0,1.0,0.0,0.015
44,1.4666638268580845,77,0.04442574469615797,0.0,-0.029613384849989304,0.0003866151500106947,0.014613384849989305,29.22676969997861,2.6530086759884486,1.1658102001110908,17.536061819987165,0.025,0.0,-0.03,0.0,1.0,0.0,0.015
44,1.4666638268580845,78,0.0439165772079354,0.0,-0.030748685747943424,0.0007486857479434249,0.014251314252056575,28.50262850411315,-4.194315613327118,1.9138179439359064,17.10157710246789,0.025,0.0,-0.03,0.0,1.0,0.0,0.015
44,1.4666638268580845,79,0.043387415522339746,0.0,-0.03191037305447722,0.0019103730544772213,0.013089626945522778,26.179253891045555,9.678260171483322,4.417564401050475,15.707552334627332,0.025,0.0,-0.03,0.0,1.0,0.0,0.015
44,1.4666638268580845,80,0.04288664977643095,0.0,-0.03301391111799801,0.0030139111179980083,0.011986088882001991,23.972177764003984,-11.827309557476276,5.354129487575453,14.38330665840239,0.025,0.0,-0.03,0.0,1.0,0.0,0.015
45,1.4999970956503137,65,0.05004476027541392,0.0,-0.0157032365993364,0.0142967634006636,0.0007032365993363994,1.4064731986727987,11.82246372136685,4.2940795860181,0.8438839192036792,0.025,0.0,-0.03,0.0,1.0,0.0,0.015
45,1.4999970956503137,66,0.0496071360018209,0.0,-0.016894272822939094,0.013105727177060905,0.0018942728229390943,3.7885456458781883,-7.464417812260769,2.751436353134824,2.273127387526913,0.025,0.0,-0.03,0.0,1.0,0.0,0.015
45,1.4999970956503137,67,0.04917244870786075,0.0,-0.018056293336949563,0.011943706663050436,0.0030562933369495636,6.112586673899127,0.4348367776380429,0.14447751915162144,3.667552004339476,0.025,0.0,-0.03,0.0,1.0,0.0,0.015
45,1.4999970956503137,68,0.04873089435851135,0.0,-0.019217309528132057,0.010782690471867942,0.004217309528132058,8.434619056264117,6.792549019979437,2.626764797013842,5.06077143375847,0.025,0.0,-0.03,0.0,1.0,0.0,0.015
45,1.4999970956503137,69,0.048273204332384446,0.0,-0.020399600685651588,0.009600399314348411,0.0053996006856515885,10.799201371303177,-11.64187876523837,4.55425226440389,6.479520822781906,0.025,0.0,-0.03,0.0,1.0,0.0,0.015
45,1.4999970956503137,70,0.04782329009241726,0.0,-0.021542444449026817,0.008457555550973182,0.006542444449026817,13.084888898053634,12.207259636277216,4.846659237421857,7.8509333388321805,0.025,0.0,-0.03,0.0,1.0,0.0,0.015
45,1.4999970956503137,71,0.04735110766568618,0.0,-0.022721823178815236,0.007278176821184763,0.007721823178815236,15.443646357630472,-8.316848502569709,3.3414717638941043,9.266187814578283,0.025,0.0,-0.03,0.0,1.0,0.0,0.015
45,1.4999970956503137,72,0.04688369833958804,0.0,-0.02386929338126659,0.006130706618733408,0.008869293381266592,17.738586762533185,1.453740461758517,0.5777766999194295,10.643152057519911,0.025,0.0,-0.03,0.0,1.0,0.0,0.015
45,1.4999970956503137,73,0.04640798383571856,0.0,-0.025018706315975883,0.004981293684024116,0.010018706315975883,20.037412631951767,6.011786313093258,2.530711205659213,12.02244757917106,0.025,0.0,-0.03,0.0,1.0,0.0,0.015
45,1.4999970956503137,74,0.045916609801476126,0.0,-0.026185846891507235,0.003814153108492764,0.011185846891507235,22.37169378301447,-11.430095522880848,4.86246557181155,13.423016269808683,0.025,0.0,-0.03,0.0,1.0,0.0,0.015
45,1.4999970956503137,75,0.04543342539709348,0.0,-0.0273152136573924,0.0026847863426076,0.0123152136573924,24.6304273147848,12.71457735176722,5.4777891763941104,14.77825638887088,0.025,0.0,-0.03,0.0,1.0,0.0,0.015
45,1.4999970956503137,76,0.04492625849444962,0.0,-0.028481743969089444,0.0015182560309105544,0.013481743969089445,26.96348793817889,-9.450125570470313,4.126078541537922,16.178092762907333,0.025,0.0,-0.03,0.0,1.0,0.0,0.015
45,1.4999970956503137,77,0.0444261735894567,0.0,-0.029613374176778246,0.00038662582322175273,0.014613374176778247,29.226748353556495,2.918437356147524,1.2759467141884107,17.536049012133898,0.025,0.0,-0.03,0.0,1.0,0.0,0.015
45,1.4999970956503137,78,0.04391609591584996,0.0,-0.030750344526406095,0.0007503445264060958,0.014249655473593904,28.49931094718781,-4.715387619442352,2.151392900206996,17.099586568312684,0.025,0.0,-0.03,0.0,1.0,0.0,0.015
45,1.4999970956503137,79,0.043391898655688196,0.0,-0.03190086683050232,0.0019008668305023207,0.013099133169497679,26.198266338995357,10.747008609685675,4.894658602827765,15.718959803397214,0.025,0.0,-0.03,0.0,1.0,0.0,0.015
45,1.4999970956503137,80,0.04288333298597849,0.0,-0.03302135335332331,0.0030213533533233125,0.011978646646676687,23.957293293353374,-13.07478390953595,5.933068561081771,14.374375976012024,0.025,0.0,-0.03,0.0,1.0,0.0,0.015
46,1.533330364442543,65,0.05004263616216372,0.0,-0.015712196215670084,0.014287803784329915,0.0007121962156700842,1.4243924313401686,12.516466046869267,4.545129874124605,0.8546354588041011,0.025,0.0,-0.03,0.0,1.0,0.0,0.015
46,1.533330364442543,66,0.049611739878050086,0.0,-0.016884626153259107,0.013115373846740892,0.0018846261532591072,3.769252306518214,-7.984706928900532,2.939805007355798,2.2615513839109282,0.025,0.0,-0.03,0.0,1.0,0.0,0.015
46,1.533330364442543,67,0.049174296441963444,0.0,-0.01805399347298728,0.01194600652701272,0.003053993472987279,6.107986945974559,0.5276140419640608,0.17408538758974393,3.664792167584735,0.025,0.0,-0.03,0.0,1.0,0.0,0.015
46,1.533330364442543,68,0.048730003414606884,0.0,-0.01922184568317399,0.010778154316826008,0.0042218456831739914,8.443691366347982,7.144830851166944,2.769255662547372,5.066214819808789,0.025,0.0,-0.03,0.0,1.0,0.0,0.015
46,1.533330364442543,69,0.048279527286208594,0.0,-0.020385403030015563,0.009614596969984436,0.005385403030015563,10.770806060031127,-12.20040183446045,4.775611431457347,6.462483636018676,0.025,0.0,-0.03,0.0,1.0,0.0,0.015
46,1.533330364442543,70,0.04782011041827826,0.0,-0.021552055965145905,0.008447944034854094,0.006552055965145905,13.104111930291811,12.862472109819223,5.103935627523327,7.862467158175086,0.025,0.0,-0.03,0.0,1.0,0.0,0.015
46,1.533330364442543,71,0.047355806022247024,0.0,-0.022711310064084132,0.007288689935915867,0.007711310064084133,15.422620128168266,-8.864165462057986,3.5621773702623876,9.253572076900959,0.025,0.0,-0.03,0.0,1.0,0.0,0.015
46,1.533330364442543,72,0.04688467135248428,0.0,-0.023867732465117503,0.006132267534882496,0.008867732465117503,17.735464930235008,1.64278367965889,0.6455241097523524,10.641278958141005,0.025,0.0,-0.03,0.0,1.0,0.0,0.015
46,1.533330364442543,73,0.04640647299901681,0.0,-0.025022666918458985,0.004977333081541014,0.010022666918458985,20.045333836917973,6.2311814111699535,2.6276540935952,12.027200302150783,0.025,0.0,-0.03,0.0,1.0,0.0,0.015
46,1.533330364442543,74,0.04592285984492983,0.0,-0.02617127141805297,0.0038287285819470288,0.01117127141805297,22.34254283610594,-11.852743669965419,5.044690154178404,13.405525701663565,0.025,0.0,-0.03,0.0,1.0,0.0,0.015
46,1.533330364442543,75,0.045428909716346444,0.0,-0.02732563623054945,0.0026743637694505475,0.012325636230549452,24.651272461098905,13.264487078902782,5.7189806308317905,14.790763476659343,0.025,0.0,-0.03,0.0,1.0,0.0,0.015
46,1.533330364442543,76,0.04493151912567138,0.0,-0.028469486660362517,0.001530513339637482,0.013469486660362517,26.938973320725033,-9.934763259065827,4.333063886969876,16.16338399243502,0.025,0.0,-0.03,0.0,1.0,0.0,0.015
46,1.533330364442543,77,0.04442596823710759,0.0,-0.029613513422379067,0.0003864865776209321,0.014613513422379067,29.227026844758136,3.043407821131877,1.329020902365282,17.53621610685488,0.025,0.0,-0.03,0.0,1.0,0.0,0.015
46,1.533330364442543,78,0.04391473870117131,0.0,-0.030752785078840984,0.0007527850788409847,0.014247214921159015,28.49442984231803,-4.940790564796007,2.259149329792191,17.096657905390817,0.025,0.0,-0.03,0.0,1.0,0.0,0.015
46,1.533330364442543,79,0.043397955953530895,0.0,-0.031886882794564496,0.001886882794564497,0.013113117205435502,26.226234410871005,11.135452406641695,5.03989905470143,15.735740646522602,0.025,0.0,-0.03,0.0,1.0,0.0,0.015
46,1.533330364442543,80,0.042877987795919885,0.0,-0.0330323259643881,0.0030323259643880995,0.0119676740356119,23.9353480712238,-13.46310809525717,6.1389878502383946,14.36120884273428,0.025,0.0,-0.03,0.0,1.0,0.0,0.015
47,1.566663633234772,65,0.050039278131233336,0.0,-0.015725416288590317,0.014274583711409682,0.0007254162885903179,1.4508325771806359,11.814843386631573,4.288816295219656,0.8704995463083814,0.025,0.0,-0.03,0.0,1.0,0.0,0.015
47,1.566663633234772,66,0.049617193050581945,0.0,-0.016873485699642476,0.013126514300357522,0.001873485699642477,3.746971399284954,-7.676587481570235,2.8228458133919974,2.248182839570972,0.025,0.0,-0.03,0.0,1.0,0.0,0.015
47,1.566663633234772,67,0.049176004662694686,0.0,-0.018052922308491967,0.011947077691508032,0.0030529223084919677,6.105844616983935,0.6607381278986926,0.21945410842989543,3.663506770190361,0.025,0.0,-0.03,0.0,1.0,0.0,0.015
47,1.566663633234772,68,0.04872846576969634,0.0,-0.019228859139057496,0.010771140860942503,0.004228859139057496,8.457718278114992,6.574962415999562,2.5548088351819884,5.0746309668689955,0.025,0.0,-0.03,0.0,1.0,0.0,0.015
47,1.566663633234772,69,0.04828699896039861,0.0,-0.020369139812062738,0.009630860187937261,0.0053691398120627384,10.738279624125477,-11.27275599699719,4.415882671691726,6.442967774475286,0.025,0.0,-0.03,0.0,1.0,0.0,0.015
47,1.566663633234772,70,0.04781565050092672,0.0,-0.021565887039777167,0.008434112960222832,0.006565887039777167,13.131774079554335,12.00487451730479,4.763187745876999,7.879064447732601,0.025,0.0,-0.03,0.0,1.0,0.0,0.015
47,1.566663633234772,71,0.04736162407592611,0.0,-0.022699177030907028,0.007300822969092971,0.007699177030907028,15.398354061814057,-8.461575922551999,3.397213717374343,9.239012437088434,0.025,0.0,-0.03,0.0,1.0,0.0,0.015
47,1.566663633234772,72,0.04688538834945608,0.0,-0.023868157079047363,0.0061318429209526355,0.008868157079047364,17.73631415809473,1.7653687394293252,0.6909887604812324,10.641788494856836,0.025,0.0,-0.03,0.0,1.0,0.0,0.015
47,1.566663633234772,73,0.046404678084506434,0.0,-0.025028718935316253,0.0049712810646837455,0.010028718935316254,20.05743787063251,5.545962610105639,2.3454569308324884,12.034462722379505,0.025,0.0,-0.03,0.0,1.0,0.0,0.015
47,1.566663633234772,74,0.04593025452325235,0.0,-0.026155483459690345,0.003844516540309654,0.011155483459690346,22.31096691938069,-10.696531297945503,4.556672442977345,13.386580151628413,0.025,0.0,-0.03,0.0,1.0,0.0,0.015
47,1.566663633234772,75,0.045423296412175344,0.0,-0.027340010963649127,0.0026599890363508717,0.012340010963649128,24.680021927298256,12.116665164092826,5.224033017585787,14.808013156378953,0.025,0.0,-0.03,0.0,1.0,0.0,0.015
47,1.566663633234772,76,0.044937889498421466,0.0,-0.028456007627853802,0.0015439923721461968,0.013456007627853803,26.912015255707605,-9.20973242306217,4.013737598291102,16.147209153424562,0.025,0.0,-0.03,0.0,1.0,0.0,0.015
47,1.566663633234772,77,0.044425493018129064,0.0,-0.029615553496751476,0.0003844465032485228,0.014615553496751477,29.231106993502955,2.881385917418467,1.2530979275844152,17.538664196101774,0.025,0.0,-0.03,0.0,1.0,0.0,0.015
47,1.566663633234772,78,0.043912992072491004,0.0,-0.030757242301950916,0.0007572423019509174,0.014242757698049082,28.485515396098165,-4.405040772470254,2.0179017570108893,17.091309237658898,0.025,0.0,-0.03,0.0,1.0,0.0,0.015
47,1.566663633234772,79,0.0434049787735476,0.0,-0.031871851109247416,0.0018718511092474174,0.013128148890752582,26.256297781505165,9.96258008889337,4.505768340024533,15.753778668903099,0.025,0.0,-0.03,0.0,1.0,0.0,0.015
47,1.566663633234772,80,0.042871514382975554,0.0,-0.03304679897248757,0.003046798972487573,0.011953201027512426,23.906402055024852,-11.968436288969421,5.463133723259696,14.343841233014912,0.025,0.0,-0.03,0.0,1.0,0.0,0.015
48,1.599996902027001,65,0.05003569253146588,0.0,-0.0157382284502915,0.0142617715497085,0.000738228450291499,1.4764569005829982,8.743199194277754,3.1711069856415257,0.8858741403497988,0.025,0.0,-0.03,0.0,1.0,0.0,0.015
48,1.599996902027001,66,0.04962287600490238,0.0,-0.016860652183900298,0.0131393478160997,0.0018606521839002986,3.721304367800597,-5.80813566300615,2.132125638745897,2.232782620680358,0.025,0.0,-0.03,0.0,1.0,0.0,0.015
48,1.599996902027001,67,0.049177438599089164,0.0,-0.01805148226079263,0.011948517739207368,0.0030514822607926317,6.102964521585264,0.6792843490857897,0.22578822469530643,3.661778712951158,0.025,0.0,-0.03,0.0,1.0,0.0,0.015
48,1.599996902027001,68,0.048727032092759484,0.0,-0.01923443136511813,0.010765568634881869,0.0042344313651181305,8.46886273023626,4.632598122646978,1.8070396697945532,5.081317638141756,0.025,0.0,-0.03,0.0,1.0,0.0,0.015
48,1.599996902027001,69,0.0482943293452354,0.0,-0.0203521159231985,0.009647884076801498,0.005352115923198501,10.704231846397002,-8.062912724239796,3.1620638297688966,6.422539107838201,0.025,0.0,-0.03,0.0,1.0,0.0,0.015
48,1.599996902027001,70,0.047811091716057755,0.0,-0.02157885447675293,0.008421145523247069,0.006578854476752931,13.157708953505862,8.720151791424422,3.4619465787043984,7.894625372103517,0.025,0.0,-0.03,0.0,1.0,0.0,0.015
48,1.599996902027001,71,0.04736765504125278,0.0,-0.02268553711977688,0.007314462880223117,0.007685537119776882,15.371074239553764,-6.347730226227204,2.541175601519814,9.222644543732258,0.025,0.0,-0.03,0.0,1.0,0.0,0.015
48,1.599996902027001,72,0.0468858141730079,0.0,-0.023868513402434535,0.006131486597565464,0.008868513402434535,17.73702680486907,1.5692406010903008,0.6158199013811302,10.642216082921442,0.025,0.0,-0.03,0.0,1.0,0.0,0.015
48,1.599996902027001,73,0.046403355260192077,0.0,-0.025032932481158718,0.004967067518841281,0.010032932481158718,20.065864962317438,3.645338031591308,1.552328088578759,12.039518977390463,0.025,0.0,-0.03,0.0,1.0,0.0,0.015
48,1.599996902027001,74,0.04593731376305877,0.0,-0.02613986272546947,0.00386013727453053,0.01113986272546947,22.27972545093894,-7.311042804497555,3.1205622297345585,13.367835270563363,0.025,0.0,-0.03,0.0,1.0,0.0,0.015
48,1.599996902027001,75,0.045418098417855275,0.0,-0.02735273550990656,0.002647264490093438,0.012352735509906562,24.705471019813125,8.443323217343778,3.6370902024602194,14.823282611887874,0.025,0.0,-0.03,0.0,1.0,0.0,0.015
48,1.599996902027001,76,0.04494424470101889,0.0,-0.028441781598785736,0.0015582184012142633,0.013441781598785736,26.883563197571473,-6.537357848669695,2.8470267837942456,16.130137918542882,0.025,0.0,-0.03,0.0,1.0,0.0,0.015
48,1.599996902027001,77,0.044424941203577796,0.0,-0.02961692838768608,0.0003830716123139205,0.014616928387686079,29.233856775372157,2.11033148489649,0.9086778568342735,17.540314065223292,0.025,0.0,-0.03,0.0,1.0,0.0,0.015
48,1.599996902027001,78,0.04391161980466681,0.0,-0.030759911820735453,0.0007599118207354538,0.014240088179264546,28.480176358529093,-2.9596411644125538,1.358751382348086,17.088105815117455,0.025,0.0,-0.03,0.0,1.0,0.0,0.015
48,1.599996902027001,79,0.04341139673202645,0.0,-0.03185710271158584,0.0018571027115858382,0.013142897288414161,26.285794576828323,6.776472518571742,3.059760330121942,15.771476746096994,0.025,0.0,-0.03,0.0,1.0,0.0,0.015
48,1.599996902027001,80,0.042865690015518126,0.0,-0.0330587239294785,0.0030587239294785004,0.011941276070521499,23.882552141042996,-8.116204662392555,3.712855694767392,14.329531284625798,0.025,0.0,-0.03,0.0,1.0,0.0,0.015
49,1.6333301708192303,65,0.05003360166204197,0.0,-0.015747339037497764,0.014252660962502234,0.000747339037497765,1.49467807499553,2.895949358377825,1.0450671149838073,0.896806844997318,0.025,0.0,-0.03,0.0,1.0,0.0,0.015
49,1.6333301708192303,66,0.049627274191552856,0.0,-0.016851849457164128,0.01314815054283587,0.0018518494571641286,3.7036989143282573,-2.004698565545724,0.7258209023405391,2.2222193485969544,0.025,0.0,-0.03,0.0,1.0,0.0,0.015
49,1.6333301708192303,67,0.04917863852004203,0.0,-0.018051389766290178,0.01194861023370982,0.0030513897662901787,6.1027795325803575,0.3856951833220915,0.12422541056607508,3.6616677195482144,0.025,0.0,-0.03,0.0,1.0,0.0,0.015
49,1.6333301708192303,68,0.048726706244102094,0.0,-0.01923795639912685,0.010762043600873149,0.004237956399126851,8.4759127982537,1.2980109813053697,0.5181451932947962,5.08554767895222,0.025,0.0,-0.03,0.0,1.0,0.0,0.015
49,1.6333301708192303,69,0.048299450220777286,0.0,-0.020341605763708453,0.009658394236291546,0.005341605763708453,10.683211527416907,-2.4002956382963183,0.9490647164435072,6.409926916450144,0.025,0.0,-0.03,0.0,1.0,0.0,0.015
49,1.6333301708192303,70,0.04780849062785534,0.0,-0.021587645612182606,0.008412354387817393,0.006587645612182606,13.175291224365212,2.7093768605292916,1.0699466183220077,7.905174734619127,0.025,0.0,-0.03,0.0,1.0,0.0,0.015
49,1.6333301708192303,71,0.04737211100095546,0.0,-0.022676320723279842,0.007323679276720157,0.007676320723279843,15.352641446559685,-2.0788952899231545,0.8272163699624675,9.21158486793581,0.025,0.0,-0.03,0.0,1.0,0.0,0.015
49,1.6333301708192303,72,0.04688597535132047,0.0,-0.023869766257262174,0.006130233742737825,0.008869766257262175,17.73953251452435,0.7032332135511352,0.2656977669132314,10.643719508714609,0.025,0.0,-0.03,0.0,1.0,0.0,0.015
49,1.6333301708192303,73,0.04640307721000691,0.0,-0.02503470505411786,0.0049652949458821385,0.010034705054117861,20.069410108235722,0.8390088674511587,0.3695953880067809,12.041646064941434,0.025,0.0,-0.03,0.0,1.0,0.0,0.015
49,1.6333301708192303,74,0.04594153265388888,0.0,-0.02613093608751763,0.00386906391248237,0.01113093608751763,22.261872175035258,-1.93864982383415,0.8355554684727741,13.357123305021155,0.025,0.0,-0.03,0.0,1.0,0.0,0.015
49,1.6333301708192303,75,0.045415228807319144,0.0,-0.027360171841952594,0.0026398281580474053,0.012360171841952594,24.720343683905188,2.3505398708970757,1.0117463405955067,14.832206210343113,0.025,0.0,-0.03,0.0,1.0,0.0,0.015
49,1.6333301708192303,76,0.044948336882211413,0.0,-0.02843305377196723,0.0015669462280327694,0.01343305377196723,26.86610754393446,-1.879702166124672,0.8093698399411373,16.119664526360676,0.025,0.0,-0.03,0.0,1.0,0.0,0.015
49,1.6333301708192303,77,0.04442474580537284,0.0,-0.02961800497182372,0.0003819950281762803,0.01461800497182372,29.23600994364744,0.6806800763221539,0.2847150338475121,17.541605966188463,0.025,0.0,-0.03,0.0,1.0,0.0,0.015
49,1.6333301708192303,78,0.04391123219730152,0.0,-0.030761134793276253,0.0007611347932762538,0.014238865206723746,28.477730413447492,-0.7087741151739669,0.3352621354516157,17.086638248068496,0.025,0.0,-0.03,0.0,1.0,0.0,0.015
49,1.6333301708192303,79,0.04341531618784205,0.0,-0.031848746491620214,0.001848746491620215,0.013151253508379784,26.30250701675957,1.7586383900464386,0.7698895399273069,15.781504210055742,0.025,0.0,-0.03,0.0,1.0,0.0,0.015
49,1.6333301708192303,80,0.04286278050777153,0.0,-0.03306528286089061,0.0030652828608906113,0.011934717139109388,23.869434278218776,-2.153593584130946,1.0092554387456527,14.321660566931266,0.025,0.0,-0.03,0.0,1.0,0.0,0.015
50,1.6666634396114595,65,0.05003597083457281,0.0,-0.015744086536036327,0.014255913463963672,0.0007440865360363279,1.4881730720726558,-4.788633566119703,1.7490811430142152,0.8929038432435935,0.025,0.0,-0.03,0.0,1.0,0.0,0.015
50,1.6666634396114595,66,0.049629023936533644,0.0,-0.016850049112373224,0.013149950887626775,0.0018500491123732248,3.7000982247464496,3.1850340066574847,1.1850098547610617,2.2200589348478696,0.025,0.0,-0.03,0.0,1.0,0.0,0.015
50,1.6666634396114595,67,0.049180356521172156,0.0,-0.018049609683258278,0.011950390316741721,0.003049609683258278,6.099219366516556,-0.2850557646638075,0.1168820789478053,3.6595316199099335,0.025,0.0,-0.03,0.0,1.0,0.0,0.015
50,1.6666634396114595,68,0.04872899631859872,0.0,-0.019234351185785613,0.010765648814214386,0.004234351185785613,8.468702371571228,-2.683573222146004,1.029364893563854,5.081221422942736,0.025,0.0,-0.03,0.0,1.0,0.0,0.015
50,1.6666634396114595,69,0.048300537875912396,0.0,-0.020341028686719515,0.009658971313280484,0.005341028686719516,10.682057373439031,4.568390193494402,1.7798618401855284,6.409234424063419,0.025,0.0,-0.03,0.0,1.0,0.0,0.015
50,1.6666634396114595,70,0.047810777686261054,0.0,-0.02158385633132696,0.008416143668673038,0.0065838563313269614,13.167712662653923,-4.89269646894219,1.9492716340453455,7.9006275975923534,0.025,0.0,-0.03,0.0,1.0,0.0,0.015
50,1.6666634396114595,71,0.04737339550501948,0.0,-0.022674879579909494,0.007325120420090505,0.0076748795799094945,15.349759159818989,3.515438983484304,1.4229584035919323,9.209855495891393,0.025,0.0,-0.03,0.0,1.0,0.0,0.015
50,1.6666634396114595,72,0.04688737328109862,0.0,-0.023867999882911765,0.0061320001170882335,0.008867999882911766,17.735999765823532,-0.7169227535244156,0.301934044099245,10.64159985949412,0.025,0.0,-0.03,0.0,1.0,0.0,0.015
50,1.6666634396114595,73,0.04640522608500939,0.0,-0.02503084746675011,0.00496915253324989,0.01003084746675011,20.06169493350022,-2.290372594387026,0.9537848269560775,12.037016960100132,0.025,0.0,-0.03,0.0,1.0,0.0,0.015
50,1.6666634396114595,74,0.04594201216656862,0.0,-0.02613099172201321,0.00386900827798679,0.01113099172201321,22.26198344402642,4.387733256309929,1.8594265429036936,13.357190066415852,0.025,0.0,-0.03,0.0,1.0,0.0,0.015
50,1.6666634396114595,75,0.04541765657499897,0.0,-0.027355507851680855,0.0026444921483191434,0.012355507851680856,24.711015703361713,-5.0132590821786005,2.164818853757546,14.826609422017027,0.025,0.0,-0.03,0.0,1.0,0.0,0.015
50,1.6666634396114595,76,0.04494895580638157,0.0,-0.028432402066282943,0.0015675979337170555,0.013432402066282944,26.864804132565887,3.8847505582675894,1.7083951824899497,16.118882479539533,0.025,0.0,-0.03,0.0,1.0,0.0,0.015
50,1.6666634396114595,77,0.04442619835469056,0.0,-0.02961539198909215,0.0003846080109078491,0.01461539198909215,29.230783978184302,-1.2311801053371938,0.5508870687356237,17.538470386910582,0.025,0.0,-0.03,0.0,1.0,0.0,0.015
50,1.6666634396114595,78,0.04391299487371044,0.0,-0.030757642056855206,0.0007576420568552074,0.014242357943144792,28.484715886289585,1.779827201375636,0.8022998839848818,17.09082953177375,0.025,0.0,-0.03,0.0,1.0,0.0,0.015
50,1.6666634396114595,79,0.043415433256569096,0.0,-0.03184859099044124,0.00184859099044124,0.01315140900955876,26.30281801911752,-4.0243637292312755,1.8544438982900462,15.781690811470511,0.025,0.0,-0.03,0.0,1.0,0.0,0.015
50,1.6666634396114595,80,0.04286498884784323,0.0,-0.03306039793393816,0.0030603979339381623,0.011939602066061837,23.879204132123675,4.742800855004411,2.1304311813290018,14.327522479274204,0.025,0.0,-0.03,0.0,1.0,0.0,0.015
51,1.6999967084036887,65,0.05004281705881266,0.0,-0.015726583113167946,0.014273416886832053,0.0007265831131679466,1.4531662263358933,-11.50216670413549,4.185624380366084,0.871899735801536,0.025,0.0,-0.03,0.0,1.0,0.0,0.015
51,1.6999967084036887,66,0.04962569078111389,0.0,-0.016860198602732728,0.01313980139726727,0.0018601986027327287,3.7203972054654573,7.651583113709639,2.8291707636441754,2.232238323279274,0.025,0.0,-0.03,0.0,1.0,0.0,0.015
51,1.6999967084036887,67,0.04918159186679983,0.0,-0.01804729238392984,0.01195270761607016,0.0030472923839298394,6.094584767859679,-0.9346523109776214,0.3396266281195888,3.6567508607158072,0.025,0.0,-0.03,0.0,1.0,0.0,0.015
51,1.6999967084036887,68,0.04873296573589392,0.0,-0.01922482195962477,0.010775178040375227,0.004224821959624772,8.449643919249544,-6.030018695226994,2.3323212183458,5.069786351549726,0.025,0.0,-0.03,0.0,1.0,0.0,0.015
51,1.6999967084036887,69,0.04829521994612136,0.0,-0.02035523277157559,0.00964476722842441,0.00535523277157559,10.710465543151178,10.609380551340953,4.150378270502968,6.4262793258907065,0.025,0.0,-0.03,0.0,1.0,0.0,0.015
51,1.6999967084036887,70,0.047817845395409654,0.0,-0.021566491543964682,0.008433508456035316,0.006566491543964683,13.132983087929366,-11.494300612136866,4.571132588851452,7.87978985275762,0.025,0.0,-0.03,0.0,1.0,0.0,0.015
51,1.6999967084036887,71,0.047368947396614826,0.0,-0.022686109340135045,0.007313890659864954,0.007686109340135045,15.372218680270091,8.353368805985504,3.364224739578666,9.223331208162055,0.025,0.0,-0.03,0.0,1.0,0.0,0.015
51,1.6999967084036887,72,0.0468889843832074,0.0,-0.023864050393070425,0.006135949606929574,0.008864050393070425,17.72810078614085,-2.0869167101108705,0.8464962227374706,10.636860471684509,0.025,0.0,-0.03,0.0,1.0,0.0,0.015
51,1.6999967084036887,73,0.046408351501603516,0.0,-0.025023195208962908,0.004976804791037091,0.010023195208962908,20.046390417925817,-4.780985657331208,2.0136424188028954,12.02783425075549,0.025,0.0,-0.03,0.0,1.0,0.0,0.015
51,1.6999967084036887,74,0.04593641336234447,0.0,-0.02614379638287167,0.00385620361712833,0.01114379638287167,22.287592765743337,9.714364811333175,4.131481970552274,13.372555659446002,0.025,0.0,-0.03,0.0,1.0,0.0,0.015
51,1.6999967084036887,75,0.04542469809587093,0.0,-0.027338605262640463,0.0026613947373595355,0.012338605262640464,24.677210525280927,-11.216668445419193,4.84271813847813,14.806326315168555,0.025,0.0,-0.03,0.0,1.0,0.0,0.015
51,1.6999967084036887,76,0.04494355684922381,0.0,-0.028443916643360174,0.001556083356639825,0.013443916643360174,26.887833286720348,8.680535034241387,3.797080619767623,16.132699972032206,0.025,0.0,-0.03,0.0,1.0,0.0,0.015
51,1.6999967084036887,77,0.044428011221986946,0.0,-0.02961026338375377,0.0003897366162462293,0.01461026338375377,29.22052676750754,-2.8531887464162202,1.255779003419197,17.532316060504524,0.025,0.0,-0.03,0.0,1.0,0.0,0.015
51,1.6999967084036887,78,0.04391536360478204,0.0,-0.030751205579036534,0.0007512055790365353,0.014248794420963464,28.497588841926927,3.8678007997955746,1.762839833593026,17.098553305156155,0.025,0.0,-0.03,0.0,1.0,0.0,0.015
51,1.6999967084036887,79,0.04340945649723989,0.0,-0.03186020116271099,0.0018602011627109893,0.01313979883728901,26.27959767457802,-9.008807865304307,4.13670909250803,15.767758604746811,0.025,0.0,-0.03,0.0,1.0,0.0,0.015
51,1.6999967084036887,80,0.04287157515270638,0.0,-0.03304425308937638,0.003044253089376378,0.011955746910623621,23.91149382124724,10.782571844443098,4.864489009649936,14.346896292748344,0.025,0.0,-0.03,0.0,1.0,0.0,0.015
52,1.7333299771959179,65,0.05005441121084101,0.0,-0.015697984325319856,0.014302015674680143,0.0006979843253198566,1.395968650639713,-13.809705703488614,5.017633115517425,0.8375811903838278,0.025,0.0,-0.03,0.0,1.0,0.0,0.015
52,1.7333299771959179,66,0.049620120618130856,0.0,-0.016878370067022704,0.013121629932977295,0.001878370067022704,3.7567401340454083,8.999171151707632,3.31727573028523,2.254044080427245,0.025,0.0,-0.03,0.0,1.0,0.0,0.015
52,1.7333299771959179,67,0.049183872769235804,0.0,-0.018044018765857584,0.011955981234142415,0.0030440187658575847,6.08803753171517,-1.0690756424448296,0.37509620758484674,3.6528225190291015,0.025,0.0,-0.03,0.0,1.0,0.0,0.015
52,1.7333299771959179,68,0.048739675285130686,0.0,-0.01921025606421375,0.010789743935786248,0.004210256064213751,8.420512128427502,-7.198310548749568,2.7933960593766063,5.052307277056501,0.025,0.0,-0.03,0.0,1.0,0.0,0.015
52,1.7333299771959179,69,0.04828655594689549,0.0,-0.0203800445365747,0.009619955463425298,0.005380044536574702,10.760089073149404,12.817585614164031,5.024479060964147,6.456053443889642,0.025,0.0,-0.03,0.0,1.0,0.0,0.015
52,1.7333299771959179,70,0.047830084274876165,0.0,-0.021538332909802685,0.008461667090197314,0.0065383329098026854,13.07666581960537,-13.783950501295294,5.474930311227685,7.845999491763222,0.025,0.0,-0.03,0.0,1.0,0.0,0.015
52,1.7333299771959179,71,0.047362083025385776,0.0,-0.022705769853007856,0.007294230146992143,0.0077057698530078565,15.411539706015713,9.801261595358636,3.9431232730065138,9.246923823609427,0.025,0.0,-0.03,0.0,1.0,0.0,0.015
52,1.7333299771959179,72,0.04689244132555369,0.0,-0.02385809728243808,0.006141902717561917,0.008858097282438082,17.716194564876165,-2.392109638794353,0.9533984557854172,10.6297167389257,0.025,0.0,-0.03,0.0,1.0,0.0,0.015
52,1.7333299771959179,73,0.04641417257884789,0.0,-0.02501185686602028,0.00498814313397972,0.01001185686602028,20.02371373204056,-5.8427550204755345,2.4708649331261174,12.014228239224336,0.025,0.0,-0.03,0.0,1.0,0.0,0.015
52,1.7333299771959179,74,0.045927868871738484,0.0,-0.026166199463311175,0.0038338005366888236,0.011166199463311176,22.33239892662235,11.880847294473448,5.060006810550733,13.39943935597341,0.025,0.0,-0.03,0.0,1.0,0.0,0.015
52,1.7333299771959179,75,0.045437223570636745,0.0,-0.027311775647555,0.0026882243524449997,0.012311775647555,24.623551295109998,-13.564290372620553,5.854970109866539,14.774130777065999,0.025,0.0,-0.03,0.0,1.0,0.0,0.015
52,1.7333299771959179,76,0.0449355880951597,0.0,-0.028464150583096294,0.0015358494169037049,0.013464150583096295,26.92830116619259,10.333401706563944,4.509363188209982,16.156980699715554,0.025,0.0,-0.03,0.0,1.0,0.0,0.015
52,1.7333299771959179,77,0.04443205069861751,0.0,-0.02960289123960431,0.00039710876039568757,0.014602891239604312,29.205782479208622,-3.4253197853454447,1.4994217538651742,17.523469487525173,0.025,0.0,-0.03,0.0,1.0,0.0,0.015
52,1.7333299771959179,78,0.04392021472248129,0.0,-0.03074215803439493,0.0007421580343949311,0.014257841965605068,28.515683931210138,4.692012911360362,2.148857937516034,17.10941035872608,0.025,0.0,-0.03,0.0,1.0,0.0,0.015
52,1.7333299771959179,79,0.043400585188879445,0.0,-0.031880942219617826,0.0018809422196178274,0.013119057780382172,26.238115560764346,-11.077803691218895,5.065011412522019,15.742869336458607,0.025,0.0,-0.03,0.0,1.0,0.0,0.015
52,1.7333299771959179,80,0.042883785610907096,0.0,-0.033018514905491694,0.0030185149054916954,0.011981485094508304,23.96297018901661,13.461944907321858,6.099783104145328,14.377782113409966,0.025,0.0,-0.03,0.0,1.0,0.0,0.015
53,1.766663245988147,65,0.05006577213406215,0.0,-0.015668804884408437,0.014331195115591562,0.0006688048844084374,1.3376097688168747,-9.696937333206888,3.5169271389552486,0.8025658612901247,0.025,0.0,-0.03,0.0,1.0,0.0,0.015
53,1.766663245988147,66,0.04961500027117702,0.0,-0.016894269785362372,0.013105730214637627,0.0018942697853623729,3.788539570724746,6.076551202753785,2.2318077080029024,2.2731237424348474,0.025,0.0,-0.03,0.0,1.0,0.0,0.015
53,1.766663245988147,67,0.04918584586339423,0.0,-0.018040425115404643,0.011959574884595356,0.0030404251154046436,6.080850230809287,-0.4803464642490732,0.1490769385589752,3.6485101384855723,0.025,0.0,-0.03,0.0,1.0,0.0,0.015
53,1.766663245988147,68,0.04874664184502184,0.0,-0.019193911338551924,0.010806088661448075,0.004193911338551924,8.387822677103848,-5.3335533747085275,2.078618216010255,5.032693606262309,0.025,0.0,-0.03,0.0,1.0,0.0,0.015
53,1.766663245988147,69,0.04827766459933866,0.0,-0.020404086119480098,0.009595913880519901,0.005404086119480098,10.808172238960196,9.38060364030286,3.68072258242543,6.484903343376118,0.025,0.0,-0.03,0.0,1.0,0.0,0.015
53,1.766663245988147,70,0.04784220501160918,0.0,-0.021508986138280967,0.008491013861719032,0.006508986138280968,13.017972276561936,-9.897248613573582,3.9294480062095194,7.810783365937161,0.025,0.0,-0.03,0.0,1.0,0.0,0.015
53,1.766663245988147,71,0.047355423432798735,0.0,-0.02272333104293947,0.007276668957060528,0.007723331042939471,15.446662085878943,6.755884856570735,2.707967918407095,9.267997251527365,0.025,0.0,-0.03,0.0,1.0,0.0,0.015
53,1.766663245988147,72,0.04689533716427533,0.0,-0.023851635792549487,0.0061483642074505115,0.008851635792549488,17.703271585098975,-1.3896782635052418,0.5400731390056857,10.621962951059384,0.025,0.0,-0.03,0.0,1.0,0.0,0.015
53,1.766663245988147,73,0.04642023959282637,0.0,-0.024998046799708934,0.005001953200291065,0.009998046799708935,19.99609359941787,-4.543804635405184,1.9314040463641102,11.99765615965072,0.025,0.0,-0.03,0.0,1.0,0.0,0.015
53,1.766663245988147,74,0.04591856632220478,0.0,-0.026188395454427162,0.0038116045455728366,0.011188395454427163,22.376790908854325,8.9856874107079,3.8332442595593013,13.426074545312595,0.025,0.0,-0.03,0.0,1.0,0.0,0.015
53,1.766663245988147,75,0.04544991942807095,0.0,-0.027282641747520826,0.0027173582524791726,0.012282641747520827,24.565283495041655,-10.03345690393753,4.327867617949338,14.739170097024992,0.025,0.0,-0.03,0.0,1.0,0.0,0.015
53,1.766663245988147,76,0.044927532099668384,0.0,-0.028482858510267963,0.0015171414897320358,0.013482858510267964,26.965717020535926,7.447296967227026,3.2453189984275794,16.179430212321556,0.025,0.0,-0.03,0.0,1.0,0.0,0.015
53,1.766663245988147,77,0.04443586617292921,0.0,-0.02959436287645185,0.00040563712354814777,0.014594362876451852,29.188725752903704,-2.3867124139576625,1.0302923232368693,17.513235451742222,0.025,0.0,-0.03,0.0,1.0,0.0,0.015
53,1.766663245988147,78,0.043925596041262054,0.0,-0.03073052018755999,0.0007305201875599902,0.01426947981244001,28.538959624880018,3.614357050261758,1.6551176175489202,17.12337577492801,0.025,0.0,-0.03,0.0,1.0,0.0,0.015
53,1.766663245988147,79,0.04339114087196994,0.0,-0.0319018310329045,0.0019018310329044982,0.013098168967095501,26.196337934191003,-8.47187362646826,3.835965942012327,15.717802760514601,0.025,0.0,-0.03,0.0,1.0,0.0,0.015
53,1.766663245988147,80,0.042897249757004895,0.0,-0.0329889658734757,0.0029889658734756977,0.012011034126524302,24.022068253048605,10.465510604335318,4.777377305760421,14.413240951829163,0.025,0.0,-0.03,0.0,1.0,0.0,0.015
54,1.7999965147803763,65,0.050071128299020794,0.0,-0.015654510072028265,0.014345489927971734,0.0006545100720282658,1.3090201440565317,-0.640359652509497,0.22368211811740038,0.785412086433919,0.025,0.0,-0.03,0.0,1.0,0.0,0.015
54,1.7999965147803763,66,0.04961332341793873,0.0,-0.01689924400069746,0.013100755999302539,0.0018992440006974608,3.7984880013949214,0.2601252035016816,0.08492382556222391,2.2790928008369526,0.025,0.0,-0.03,0.0,1.0,0.0,0.015
54,1.7999965147803763,67,0.049186642208823156,0.0,-0.01803832182965001,0.011961678170349987,0.003038321829650012,6.076643659300024,0.2431274441735624,0.11365151057417515,3.645986195580014,0.025,0.0,-0.03,0.0,1.0,0.0,0.015
54,1.7999965147803763,68,0.04875055305034337,0.0,-0.019183917635356394,0.010816082364643605,0.004183917635356395,8.36783527071279,-0.7186283578070498,0.29075565949274046,5.020701162427674,0.025,0.0,-0.03,0.0,1.0,0.0,0.015
54,1.7999965147803763,69,0.0482734695234507,0.0,-0.020414673926616597,0.009585326073383402,0.005414673926616598,10.829347853233195,0.9754256931972418,0.3899947303919358,6.497608711939916,0.025,0.0,-0.03,0.0,1.0,0.0,0.015
54,1.7999965147803763,70,0.047848221174702915,0.0,-0.02149363117466802,0.00850636882533198,0.006493631174668019,12.987262349336039,-0.8720552374841112,0.34064962046909014,7.792357409601623,0.025,0.0,-0.03,0.0,1.0,0.0,0.015
54,1.7999965147803763,71,0.047352953516992584,0.0,-0.022729264266557407,0.007270735733442592,0.007729264266557408,15.458528533114816,0.41415551783141036,0.15489599866364723,9.27511711986889,0.025,0.0,-0.03,0.0,1.0,0.0,0.015
54,1.7999965147803763,72,0.04689640942955314,0.0,-0.023848503165673784,0.006151496834326215,0.008848503165673784,17.69700633134757,0.19836268469296905,0.1025048045319353,10.618203798808542,0.025,0.0,-0.03,0.0,1.0,0.0,0.015
54,1.7999965147803763,73,0.04642419530767136,0.0,-0.02498830237913998,0.005011697620860019,0.00998830237913998,19.97660475827996,-0.7925701125515987,0.3482379737040348,11.985962854967976,0.025,0.0,-0.03,0.0,1.0,0.0,0.015
54,1.7999965147803763,74,0.04591367738772967,0.0,-0.026199345291512532,0.003800654708487467,0.011199345291512532,22.398690583025065,1.184328944309866,0.5137050635989683,13.439214349815039,0.025,0.0,-0.03,0.0,1.0,0.0,0.015
54,1.7999965147803763,75,0.04545682687789984,0.0,-0.02726608738084735,0.0027339126191526474,0.012266087380847352,24.532174761694705,-1.1679996197657387,0.4996158248446398,14.719304857016823,0.025,0.0,-0.03,0.0,1.0,0.0,0.015
54,1.7999965147803763,76,0.044923750204772385,0.0,-0.028491017219609355,0.0015089827803906435,0.013491017219609356,26.98203443921871,0.7423923343911075,0.31476552444876704,16.189220663531227,0.025,0.0,-0.03,0.0,1.0,0.0,0.015
54,1.7999965147803763,77,0.04443783467794982,0.0,-0.029589203041044662,0.00041079695895533674,0.014589203041044663,29.178406082089325,-0.10365103591287272,0.024058213980909595,17.507043649253593,0.025,0.0,-0.03,0.0,1.0,0.0,0.015
54,1.7999965147803763,78,0.043928744381156286,0.0,-0.030722952086084526,0.0007229520860845273,0.014277047913915472,28.554095827830945,0.6101481042409368,0.2868122202088527,17.132457496698567,0.025,0.0,-0.03,0.0,1.0,0.0,0.015
54,1.7999965147803763,79,0.04338613142950942,0.0,-0.03191219101766726,0.001912191017667264,0.013087808982332735,26.17561796466547,-1.1744603941086986,0.4835336470471396,15.705370778799281,0.025,0.0,-0.03,0.0,1.0,0.0,0.015
54,1.7999965147803763,80,0.04290480259634214,0.0,-0.03297157949875429,0.00297157949875429,0.01202842050124571,24.05684100249142,1.4845224844762481,0.7287314687599454,14.434104601494852,0.025,0.0,-0.03,0.0,1.0,0.0,0.015
55,1.8333297835726055,65,0.05006845173175566,0.0,-0.015663535453293013,0.014336464546706985,0.0006635354532930141,1.327070906586028,8.768878848084983,3.19323203903634,0.7962425439516168,0.025,0.0,-0.03,0.0,1.0,0.0,0.015
55,1.8333297835726055,66,0.0496171542666734,0.0,-0.016890465889799013,0.013109534110200986,0.0018904658897990131,3.7809317795980264,-5.5624380771576485,2.0591856393146255,2.2685590677588157,0.025,0.0,-0.03,0.0,1.0,0.0,0.015
55,1.8333297835726055,67,0.049187281903305444,0.0,-0.01803791476263239,0.011962085237367609,0.0030379147626323905,6.075829525264781,0.5324983303854222,0.19839047000532922,3.6454977151588683,0.025,0.0,-0.03,0.0,1.0,0.0,0.015
55,1.8333297835726055,68,0.048749856454270775,0.0,-0.019186947402170577,0.010813052597829421,0.004186947402170578,8.373894804341155,4.681949401115928,1.8055974864778017,5.024336882604693,0.025,0.0,-0.03,0.0,1.0,0.0,0.015
55,1.8333297835726055,69,0.048278178799279356,0.0,-0.020403633591091187,0.009596366408908812,0.005403633591091188,10.807267182182375,-8.391194123335616,3.2835576563270914,6.484360309309425,0.025,0.0,-0.03,0.0,1.0,0.0,0.015
55,1.8333297835726055,70,0.047845151803969636,0.0,-0.021502197142934124,0.008497802857065875,0.006502197142934124,13.004394285868248,8.92846024429489,3.55056629741997,7.8026365715209485,0.025,0.0,-0.03,0.0,1.0,0.0,0.015
55,1.8333297835726055,71,0.0473569900466446,0.0,-0.022720035058489362,0.007279964941510637,0.007720035058489363,15.440070116978726,-6.176556055931783,2.493884253624991,9.264042070187235,0.025,0.0,-0.03,0.0,1.0,0.0,0.015
55,1.8333297835726055,72,0.04689640339750568,0.0,-0.02384905317845981,0.0061509468215401875,0.008849053178459812,17.698106356919624,1.4164944868824494,0.5781359578349622,10.618863814151775,0.025,0.0,-0.03,0.0,1.0,0.0,0.015
55,1.8333297835726055,73,0.0464236561097757,0.0,-0.024990084863738687,0.0050099151362613115,0.009990084863738688,19.980169727477374,3.88191486216995,1.6271960533008507,11.988101836486424,0.025,0.0,-0.03,0.0,1.0,0.0,0.015
55,1.8333297835726055,74,0.04591805613228667,0.0,-0.02618934464459296,0.00381065535540704,0.01118934464459296,22.378689289185917,-7.913213037926952,3.365386322356027,13.42721357351155,0.025,0.0,-0.03,0.0,1.0,0.0,0.015
55,1.8333297835726055,75,0.04545348429730823,0.0,-0.027274020350222698,0.0027259796497773013,0.012274020350222698,24.548040700445398,8.91932284931655,3.8514218932669375,14.728824420267237,0.025,0.0,-0.03,0.0,1.0,0.0,0.015
55,1.8333297835726055,76,0.04492781410524275,0.0,-0.028481843189548616,0.0015181568104513828,0.013481843189548617,26.963686379097233,-6.670969194911309,2.9221087228933693,16.178211827458338,0.025,0.0,-0.03,0.0,1.0,0.0,0.015
55,1.8333297835726055,77,0.044437277207946074,0.0,-0.029590349252591706,0.0004096507474082925,0.014590349252591707,29.180698505183415,2.2335491013455258,0.9919516055012971,17.508419103110047,0.025,0.0,-0.03,0.0,1.0,0.0,0.015
55,1.8333297835726055,78,0.04392819430937906,0.0,-0.030724024670908016,0.0007240246709080168,0.014275975329091983,28.551950658183966,-3.077559498483632,1.399852805188315,17.131170394910377,0.025,0.0,-0.03,0.0,1.0,0.0,0.015
55,1.8333297835726055,79,0.04339032547819432,0.0,-0.03190299011156642,0.001902990111566423,0.013097009888433576,26.194019776867155,7.4266578127860345,3.424528562661804,15.716411866120293,0.025,0.0,-0.03,0.0,1.0,0.0,0.015
55,1.8333297835726055,80,0.04290127352242592,0.0,-0.03297927799064945,0.0029792779906494538,0.012020722009350546,24.041444018701092,-9.155289366624178,4.115458803908619,14.424866411220655,0.025,0.0,-0.03,0.0,1.0,0.0,0.015
56,1.8666630523648347,65,0.05005847113043832,0.0,-0.015691847937063495,0.014308152062936504,0.0006918479370634951,1.3836958741269902,13.441220846452122,4.887010332229495,0.8302175244761941,0.025,0.0,-0.03,0.0,1.0,0.0,0.015
56,1.8666630523648347,66,0.04962444933079145,0.0,-0.016871416634743234,0.013128583365256765,0.0018714166347432344,3.7428332694864688,-8.578200386663223,3.164069585356626,2.2456999616918814,0.025,0.0,-0.03,0.0,1.0,0.0,0.015
56,1.8666630523648347,67,0.04918743119051804,0.0,-0.01803818717034596,0.011961812829654039,0.0030381871703459608,6.076374340691921,0.6311049278255054,0.21309573130129336,3.6458246044151528,0.025,0.0,-0.03,0.0,1.0,0.0,0.015
56,1.8666630523648347,68,0.04874392997221061,0.0,-0.019202728707681013,0.010797271292318986,0.004202728707681014,8.405457415362028,7.549956607916214,2.927774036015148,5.043274449217217,0.025,0.0,-0.03,0.0,1.0,0.0,0.015
56,1.8666630523648347,69,0.048289912894660024,0.0,-0.020374075362034817,0.009625924637965182,0.005374075362034818,10.748150724069635,-13.016961288069872,5.100793235256401,6.448890434441781,0.025,0.0,-0.03,0.0,1.0,0.0,0.015
56,1.8666630523648347,70,0.047833637707899376,0.0,-0.021531502167994186,0.008468497832005813,0.006531502167994186,13.063004335988373,13.760833447739108,5.468419115706549,7.837802601593023,0.025,0.0,-0.03,0.0,1.0,0.0,0.015
56,1.8666630523648347,71,0.04736569130673682,0.0,-0.022698626413435893,0.007301373586564106,0.007698626413435893,15.397252826871787,-9.513874758027155,3.828142168494964,9.238351696123072,0.025,0.0,-0.03,0.0,1.0,0.0,0.015
56,1.8666630523648347,72,0.04689522079261758,0.0,-0.02385207139023996,0.006147928609760038,0.008852071390239961,17.704142780479923,1.8426956354110773,0.7294874950368027,10.622485668287954,0.025,0.0,-0.03,0.0,1.0,0.0,0.015
56,1.8666630523648347,73,0.046417956627107085,0.0,-0.025003615124825837,0.004996384875174162,0.010003615124825838,20.007230249651677,6.5224853263417915,2.75365778452513,12.004338149791005,0.025,0.0,-0.03,0.0,1.0,0.0,0.015
56,1.8666630523648347,74,0.04593025589015494,0.0,-0.026160642517301866,0.003839357482698133,0.011160642517301866,22.321285034603733,-12.569357137089296,5.35254574599997,13.39277102076224,0.025,0.0,-0.03,0.0,1.0,0.0,0.015
56,1.8666630523648347,75,0.04544034479128204,0.0,-0.027304379301333195,0.0026956206986668042,0.012304379301333195,24.60875860266639,14.098773385472168,6.086972048675081,14.765255161599834,0.025,0.0,-0.03,0.0,1.0,0.0,0.015
56,1.8666630523648347,76,0.04493820255596452,0.0,-0.028457928192632737,0.0015420718073672623,0.013457928192632737,26.915856385265474,-10.589769630811823,4.62739852140087,16.149513831159283,0.025,0.0,-0.03,0.0,1.0,0.0,0.015
56,1.8666630523648347,77,0.0444342467885585,0.0,-0.029596935351508192,0.000403064648491807,0.014596935351508192,29.193870703016383,3.335281419464092,1.4587577682365565,17.51632242180983,0.025,0.0,-0.03,0.0,1.0,0.0,0.015
56,1.8666630523648347,78,0.04392326354687948,0.0,-0.030734413750978934,0.000734413750978935,0.014265586249021064,28.531172498042128,-5.120082404976605,2.339789605137568,17.118703498825276,0.025,0.0,-0.03,0.0,1.0,0.0,0.015
56,1.8666630523648347,79,0.04340245580142473,0.0,-0.031876073597318026,0.0018760735973180273,0.013123926402681972,26.247852805363944,11.740662845967814,5.335467017709542,15.748711683218366,0.025,0.0,-0.03,0.0,1.0,0.0,0.015
56,1.8666630523648347,80,0.042887021211674196,0.0,-0.03301035772538632,0.0030103577253863187,0.01198964227461368,23.979284549227362,-14.252706275924647,6.488850399617139,14.387570729536417,0.025,0.0,-0.03,0.0,1.0,0.0,0.015
57,1.8999963211570638,65,0.05004745816049523,0.0,-0.015722975636159396,0.014277024363840603,0.0007229756361593967,1.4459512723187933,10.161842897972726,3.689238504033118,0.8675707633912759,0.025,0.0,-0.03,0.0,1.0,0.0,0.015
57,1.8999963211570638,66,0.049632951369982546,0.0,-0.016849067630018432,0.013150932369981567,0.0018490676300184326,3.698135260036865,-6.654567448063171,2.445586601516684,2.218881156022119,0.025,0.0,-0.03,0.0,1.0,0.0,0.015
57,1.8999963211570638,67,0.04918772362464325,0.0,-0.01803823477373599,0.01196176522626401,0.0030382347737359892,6.076469547471978,0.586937254790052,0.19014280911319595,3.645881728483187,0.025,0.0,-0.03,0.0,1.0,0.0,0.015
57,1.8999963211570638,68,0.04873742580972951,0.0,-0.019219900547746353,0.010780099452253646,0.004219900547746354,8.439801095492708,5.6556547953215155,2.2031165354140145,5.063880657295624,0.025,0.0,-0.03,0.0,1.0,0.0,0.015
57,1.8999963211570638,69,0.04830296806755535,0.0,-0.020341058185498907,0.009658941814501092,0.005341058185498907,10.682116370997814,-9.631259179860754,3.780727402195917,6.409269822598689,0.025,0.0,-0.03,0.0,1.0,0.0,0.015
57,1.8999963211570638,70,0.0478210091012196,0.0,-0.02156344560232539,0.008436554397674607,0.006563445602325392,13.126891204650784,10.27689289061822,4.082428456168279,7.87613472279047,0.025,0.0,-0.03,0.0,1.0,0.0,0.015
57,1.8999963211570638,71,0.04737562624593641,0.0,-0.02267399953199608,0.0073260004680039195,0.00767399953199608,15.34799906399216,-7.302517214840587,2.9281295918640624,9.208799438395296,0.025,0.0,-0.03,0.0,1.0,0.0,0.015
57,1.8999963211570638,72,0.04689412816209224,0.0,-0.023854997791357527,0.0061450022086424715,0.008854997791357528,17.709995582715056,1.5201188486784545,0.5929880871601251,10.625997349629033,0.025,0.0,-0.03,0.0,1.0,0.0,0.015
57,1.8999963211570638,73,0.046411704979849235,0.0,-0.02501835749526282,0.0049816425047371805,0.010018357495262819,20.03671499052564,4.735743164530502,2.0139737689985866,12.022028994315383,0.025,0.0,-0.03,0.0,1.0,0.0,0.015
57,1.8999963211570638,74,0.04594384432367479,0.0,-0.026128663531859213,0.003871336468140786,0.011128663531859213,22.257327063718428,-9.085410298602934,3.873636249186436,13.354396238231056,0.025,0.0,-0.03,0.0,1.0,0.0,0.015
57,1.8999963211570638,75,0.04542610835120232,0.0,-0.027337180153360268,0.002662819846639731,0.012337180153360269,24.674360306720537,10.315959252436068,4.45329002453865,14.804616184032321,0.025,0.0,-0.03,0.0,1.0,0.0,0.015
57,1.8999963211570638,76,0.04494998539415172,0.0,-0.028430638433524853,0.0015693615664751463,0.013430638433524853,26.861276867049707,-7.871952040663226,3.4308589308625943,16.116766120229823,0.025,0.0,-0.03,0.0,1.0,0.0,0.015
57,1.8999963211570638,77,0.04443135730962066,0.0,-0.02960324592129261,0.00039675407870739046,0.014603245921292609,29.20649184258522,2.4059531551588598,1.0401952560150598,17.52389510555113,0.025,0.0,-0.03,0.0,1.0,0.0,0.015
57,1.8999963211570638,78,0.04391782100158599,0.0,-0.03074589404173677,0.0007458940417367707,0.014254105958263229,28.508211916526456,-3.819337131425394,1.7537176324744936,17.104927149915873,0.025,0.0,-0.03,0.0,1.0,0.0,0.015
57,1.8999963211570638,79,0.043415974686116694,0.0,-0.03184581079418184,0.0018458107941818416,0.013154189205818158,26.308378411636316,8.506841842313348,3.8479628853922008,15.785027046981789,0.025,0.0,-0.03,0.0,1.0,0.0,0.015
57,1.8999963211570638,80,0.042871647367138756,0.0,-0.03304352089601261,0.0030435208960126123,0.011956479103987387,23.912958207974775,-10.149734433128042,4.639907899426696,14.347774924784865,0.025,0.0,-0.03,0.0,1.0,0.0,0.015
58,1.933329589949293,65,0.05004254384797914,0.0,-0.01573810167943517,0.01426189832056483,0.0007381016794351693,1.4762033588703385,-0.03412688237630206,0.020592001999834728,0.8857220153222031,0.025,0.0,-0.03,0.0,1.0,0.0,0.015
58,1.933329589949293,66,0.04963729985561092,0.0,-0.016838681819163714,0.013161318180836285,0.0018386818191637143,3.6773636383274284,-0.005630910547801606,0.009864855543293354,2.206418182996457,0.025,0.0,-0.03,0.0,1.0,0.0,0.015
58,1.933329589949293,67,0.04918777830066161,0.0,-0.01803965017353957,0.01196034982646043,0.0030396501735395695,6.079300347079139,0.08928040324495239,0.015442087508568729,3.647580208247483,0.025,0.0,-0.03,0.0,1.0,0.0,0.015
58,1.933329589949293,68,0.048734870537079845,0.0,-0.019227609576105253,0.010772390423894745,0.004227609576105254,8.455219152210509,-0.16647981151082114,0.05063101771412256,5.073131491326305,0.025,0.0,-0.03,0.0,1.0,0.0,0.015
58,1.933329589949293,69,0.04830878994298743,0.0,-0.02032733536278483,0.00967266463721517,0.005327335362784829,10.654670725569657,0.19299140061590192,0.0667787620773055,6.392802435341794,0.025,0.0,-0.03,0.0,1.0,0.0,0.015
58,1.933329589949293,70,0.04781546008360697,0.0,-0.021578380045875235,0.008421619954124764,0.006578380045875236,13.156760091750472,-0.14254257431219797,0.06039522962680348,7.894056055050283,0.025,0.0,-0.03,0.0,1.0,0.0,0.015
58,1.933329589949293,71,0.047380300431175804,0.0,-0.02266315171497633,0.007336848285023668,0.007663151714976332,15.326303429952663,0.02336301111063555,0.021967873330282404,9.195782057971597,0.025,0.0,-0.03,0.0,1.0,0.0,0.015
58,1.933329589949293,72,0.046893292359232605,0.0,-0.023857901951674646,0.006142098048325353,0.008857901951674647,17.715803903349293,0.16943212195194848,0.051901541726821494,10.629482342009576,0.025,0.0,-0.03,0.0,1.0,0.0,0.015
58,1.933329589949293,73,0.046409315541819984,0.0,-0.0250244363784763,0.004975563621523699,0.0100244363784763,20.0488727569526,-0.33800461807956034,0.12684412982921517,12.029323654171561,0.025,0.0,-0.03,0.0,1.0,0.0,0.015
58,1.933329589949293,74,0.04594926133487968,0.0,-0.026116328860262033,0.003883671139737966,0.011116328860262033,22.232657720524067,0.43320519727396833,0.1732793718248899,13.339594632314439,0.025,0.0,-0.03,0.0,1.0,0.0,0.015
58,1.933329589949293,75,0.04542005699830487,0.0,-0.027351327514788734,0.0026486724852112647,0.012351327514788735,24.70265502957747,-0.41245454437517565,0.18078649308443895,14.821593017746482,0.025,0.0,-0.03,0.0,1.0,0.0,0.015
58,1.933329589949293,76,0.0449548633564052,0.0,-0.028419414533650822,0.001580585466349177,0.013419414533650822,26.838829067301646,0.2849261524175123,0.13644886006081156,16.103297440380988,0.025,0.0,-0.03,0.0,1.0,0.0,0.015
58,1.933329589949293,77,0.044429808055396036,0.0,-0.029606788386955962,0.0003932116130440366,0.014606788386955963,29.213576773911925,-0.03269359954880325,0.028806642861798744,17.528146064347155,0.025,0.0,-0.03,0.0,1.0,0.0,0.015
58,1.933329589949293,78,0.043915589544798544,0.0,-0.03075054663785244,0.0007505466378524422,0.014249453362147557,28.498906724295114,0.23727109846701464,0.09723637260330961,17.09934403457707,0.025,0.0,-0.03,0.0,1.0,0.0,0.015
58,1.933329589949293,79,0.043421008254803696,0.0,-0.03183431733932972,0.001834317339329719,0.01316568266067028,26.33136532134056,-0.430410087278062,0.22921665661868704,15.798819192804334,0.025,0.0,-0.03,0.0,1.0,0.0,0.015
58,1.933329589949293,80,0.042865401315607905,0.0,-0.03305672569970207,0.0030567256997020703,0.01194327430029793,23.88654860059586,0.44345982597253,0.16832583377758017,14.331929160357515,0.025,0.0,-0.03,0.0,1.0,0.0,0.015
59,1.9666628587415222,65,0.05004884551828592,0.0,-0.015721655062348253,0.014278344937651746,0.0007216550623482532,1.4433101246965063,-10.820456646822102,3.9408479847149587,0.8659860748179038,0.025,0.0,-0.03,0.0,1.0,0.0,0.015
59,1.9666628587415222,66,0.049633948065119574,0.0,-0.016848385986042533,0.013151614013957466,0.0018483859860425333,3.6967719720850667,7.141220015729735,2.6414674957928863,2.21806318325104,0.025,0.0,-0.03,0.0,1.0,0.0,0.015
59,1.9666628587415222,67,0.04918853514269105,0.0,-0.01803822724525086,0.011961772754749137,0.0030382272452508623,6.076454490501725,-0.6907529556613757,0.2517355619875843,3.6458726943010347,0.025,0.0,-0.03,0.0,1.0,0.0,0.015
59,1.9666628587415222,68,0.04873878966081196,0.0,-0.019217862931948007,0.010782137068051992,0.004217862931948008,8.435725863896016,-5.937402609888352,2.2959558278952263,5.06143551833761,0.025,0.0,-0.03,0.0,1.0,0.0,0.015
59,1.9666628587415222,69,0.04830327146298832,0.0,-0.020341871403141767,0.009658128596858231,0.005341871403141768,10.683742806283536,10.213757944073924,3.9978963886174648,6.410245683770122,0.025,0.0,-0.03,0.0,1.0,0.0,0.015
59,1.9666628587415222,70,0.04782224246465089,0.0,-0.021561675058831303,0.008438324941168696,0.006561675058831304,13.123350117662607,-10.963957741962675,4.3614335930733885,7.8740100705975635,0.025,0.0,-0.03,0.0,1.0,0.0,0.015
59,1.9666628587415222,71,0.0473760870159205,0.0,-0.022673796912554257,0.0073262030874457415,0.007673796912554258,15.347593825108516,7.851531155896168,3.1669129461086314,9.20855629506511,0.025,0.0,-0.03,0.0,1.0,0.0,0.015
59,1.9666628587415222,72,0.04689427347962279,0.0,-0.0238556863264575,0.006144313673542498,0.008855686326457501,17.711372652915003,-1.7213509802327136,0.6963363509866345,10.626823591749002,0.025,0.0,-0.03,0.0,1.0,0.0,0.015
59,1.9666628587415222,73,0.046413059635692824,0.0,-0.02501555556417955,0.00498444443582045,0.01001555556417955,20.031111128359097,-4.923154889815683,2.070070228758744,12.018666677015458,0.025,0.0,-0.03,0.0,1.0,0.0,0.015
59,1.9666628587415222,74,0.045943039190675126,0.0,-0.026131012383348477,0.0038689876166515223,0.011131012383348477,22.262024766696953,9.607850763200156,4.087345824832871,13.357214860018171,0.025,0.0,-0.03,0.0,1.0,0.0,0.015
59,1.9666628587415222,75,0.04542766224854207,0.0,-0.027333658401879235,0.002666341598120764,0.012333658401879236,24.66731680375847,-10.972115985334478,4.741141305722627,14.800390082255081,0.025,0.0,-0.03,0.0,1.0,0.0,0.015
59,1.9666628587415222,76,0.044949356249013944,0.0,-0.02843173003498936,0.001568269965010638,0.013431730034989361,26.86346006997872,8.433016607244621,3.69060368903562,16.118076041987234,0.025,0.0,-0.03,0.0,1.0,0.0,0.015
59,1.9666628587415222,77,0.04443164681142964,0.0,-0.029602337719260314,0.000397662280739685,0.014602337719260314,29.204675438520628,-2.6608459894114693,1.173725389985976,17.522805263112375,0.025,0.0,-0.03,0.0,1.0,0.0,0.015
59,1.9666628587415222,78,0.043918611844215215,0.0,-0.03074338164628291,0.0007433816462829104,0.014256618353717089,28.513236707434178,3.9436965526863466,1.797207376486225,17.107942024460506,0.025,0.0,-0.03,0.0,1.0,0.0,0.015
59,1.9666628587415222,79,0.04341449998090795,0.0,-0.03184787849220859,0.0018478784922085906,0.013152121507791409,26.304243015582816,-8.956914327146997,4.111821925306899,15.782545809349688,0.025,0.0,-0.03,0.0,1.0,0.0,0.015
59,1.9666628587415222,80,0.042872977146587395,0.0,-0.03303918261557984,0.0030391826155798385,0.011960817384420161,23.92163476884032,10.662406810054215,4.816265741352537,14.352980861304191,0.025,0.0,-0.03,0.0,1.0,0.0,0.015
60,1.9999961275337514,65,0.05006350030736779,0.0,-0.015683116044195766,0.014316883955804233,0.0006831160441957661,1.3662320883915322,-13.862345715711834,5.037882342520579,0.8197392530349193,0.025,0.0,-0.03,0.0,1.0,0.0,0.015
60,1.9999961275337514,66,0.049625471020408034,0.0,-0.016873033988237772,0.013126966011762227,0.0018730339882377725,3.746067976475545,8.95873163823768,3.3033273425053453,2.2476407858853267,0.025,0.0,-0.03,0.0,1.0,0.0,0.015
60,1.9999961275337514,67,0.049190294408466485,0.0,-0.01803507681302021,0.011964923186979788,0.0030350768130202113,6.0701536260404225,-0.9777815737626376,0.33658902402950525,3.6420921756242532,0.025,0.0,-0.03,0.0,1.0,0.0,0.015
60,1.9999961275337514,68,0.04874738944351776,0.0,-0.019197331925902776,0.010802668074097223,0.004197331925902777,8.394663851805554,-7.310566198239801,2.839670756051212,5.036798311083332,0.025,0.0,-0.03,0.0,1.0,0.0,0.015
60,1.9999961275337514,69,0.048290094012992085,0.0,-0.020377137413145115,0.009622862586854884,0.005377137413145116,10.754274826290231,12.998053181202938,5.097593107731196,6.452564895774139,0.025,0.0,-0.03,0.0,1.0,0.0,0.015
60,1.9999961275337514,70,0.04783824098994343,0.0,-0.021523020535044686,0.008476979464955313,0.0065230205350446865,13.046041070089373,-13.933569064182842,5.539048490258875,7.827624642053624,0.025,0.0,-0.03,0.0,1.0,0.0,0.015
60,1.9999961275337514,71,0.04736571231932686,0.0,-0.02270105159854745,0.007298948401452548,0.007701051598547452,15.402103197094902,9.855854434667835,3.9625941603023067,9.24126191825694,0.025,0.0,-0.03,0.0,1.0,0.0,0.015
60,1.9999961275337514,72,0.04689768915986032,0.0,-0.02384863009238451,0.00615136990761549,0.00884863009238451,17.697260184769018,-2.3757304251166858,0.9448935780727516,10.618356110861411,0.025,0.0,-0.03,0.0,1.0,0.0,0.015
60,1.9999961275337514,73,0.046420485776263475,0.0,-0.024999282709992018,0.005000717290007981,0.009999282709992018,19.998565419984036,-5.921569576850101,2.506175131899765,11.999139251990421,0.025,0.0,-0.03,0.0,1.0,0.0,0.015
60,1.9999961275337514,74,0.045929743481835095,0.0,-0.026163500459393935,0.0038364995406060635,0.011163500459393936,22.32700091878787,12.05236089111243,5.139521274420226,13.396200551272722,0.025,0.0,-0.03,0.0,1.0,0.0,0.015
60,1.9999961275337514,75,0.045444530673094806,0.0,-0.027295857306315573,0.0027041426936844255,0.012295857306315574,24.591714612631147,-13.724159109761198,5.925620629496639,14.755028767578688,0.025,0.0,-0.03,0.0,1.0,0.0,0.015
60,1.9999961275337514,76,0.04493737019099829,0.0,-0.02846038294219093,0.00153961705780907,0.01346038294219093,26.920765884381858,10.439999130911122,4.5585570949433025,16.152459530629113,0.025,0.0,-0.03,0.0,1.0,0.0,0.015
60,1.9999961275337514,77,0.04443645965256021,0.0,-0.029592538538004014,0.00040746146199598446,0.014592538538004015,29.18507707600803,-3.4958061191920002,1.5265839170191773,17.511046245604817,0.025,0.0,-0.03,0.0,1.0,0.0,0.015
60,1.9999961275337514,78,0.04392505483976951,0.0,-0.030730340922237896,0.0007303409222378966,0.014269659077762103,28.539318155524207,4.698862829282672,2.15260117649445,17.123590893314525,0.025,0.0,-0.03,0.0,1.0,0.0,0.015
60,1.9999961275337514,79,0.043401184799669916,0.0,-0.031877870859133885,0.0018778708591338858,0.013122129140866114,26.24425828173223,-11.194756321890472,5.113106009977131,15.746554969039337,0.025,0.0,-0.03,0.0,1.0,0.0,0.015
60,1.9999961275337514,80,0.04289008774388063,0.0,-0.033002291425112185,0.0030022914251121857,0.011997708574887814,23.995417149775626,13.674829054902302,6.208204911487442,14.397250289865376,0.025,0.0,-0.03,0.0,1.0,0.0,0.015
