frame_idx,time,node_idx,node_x,node_y,node_z,radial_dist,overlap,normal_force,normal_velocity,tangential_speed,friction_force,cyl_center_x,cyl_center_y,cyl_center_z,cyl_axis_x,cyl_axis_y,cyl_axis_z,cyl_radius
0,0.0,0,0.0,0.0,-0.02,0.009999999999999998,1.734723475976807e-18,3.469446951953614e-15,0.0,0.0,2.0816681711721685e-15,0.025,0.0,-0.03,0.0,1.0,0.0,0.01
0,0.0,1,0.00125,0.0,-0.02,0.009999999999999998,1.734723475976807e-18,3.469446951953614e-15,0.0,0.0,2.0816681711721685e-15,0.025,0.0,-0.03,0.0,1.0,0.0,0.01
0,0.0,2,0.0025,0.0,-0.02,0.009999999999999998,1.734723475976807e-18,3.469446951953614e-15,0.0,0.0,2.0816681711721685e-15,0.025,0.0,-0.03,0.0,1.0,0.0,0.01
0,0.0,3,0.00375,0.0,-0.02,0.009999999999999998,1.734723475976807e-18,3.469446951953614e-15,0.0,0.0,2.0816681711721685e-15,0.025,0.0,-0.03,0.0,1.0,0.0,0.01
0,0.0,4,0.005,0.0,-0.02,0.009999999999999998,1.734723475976807e-18,3.469446951953614e-15,0.0,0.0,2.0816681711721685e-15,0.025,0.0,-0.03,0.0,1.0,0.0,0.01
0,0.0,5,0.00625,0.0,-0.02,0.009999999999999998,1.734723475976807e-18,3.469446951953614e-15,0.0,0.0,2.0816681711721685e-15,0.025,0.0,-0.03,0.0,1.0,0.0,0.01
0,0.0,6,0.0075,0.0,-0.02,0.009999999999999998,1.734723475976807e-18,3.469446951953614e-15,0.0,0.0,2.0816681711721685e-15,0.025,0.0,-0.03,0.0,1.0,0.0,0.01
0,0.0,7,0.00875,0.0,-0.02,0.009999999999999998,1.734723475976807e-18,3.469446951953614e-15,0.0,0.0,2.0816681711721685e-15,0.025,0.0,-0.03,0.0,1.0,0.0,0.01
0,0.0,8,0.01,0.0,-0.02,0.009999999999999998,1.734723475976807e-18,3.469446951953614e-15,0.0,0.0,2.0816681711721685e-15,0.025,0.0,-0.03,0.0,1.0,0.0,0.01
0,0.0,9,0.01125,0.0,-0.02,0.009999999999999998,1.734723475976807e-18,3.469446951953614e-15,0.0,0.0,2.0816681711721685e-15,0.025,0.0,-0.03,0.0,1.0,0.0,0.01
0,0.0,10,0.0125,0.0,-0.02,0.009999999999999998,1.734723475976807e-18,3.469446951953614e-15,0.0,0.0,2.0816681711721685e-15,0.025,0.0,-0.03,0.0,1.0,0.0,0.01
0,0.0,11,0.01375,0.0,-0.02,0.009999999999999998,1.734723475976807e-18,3.469446951953614e-15,0.0,0.0,2.0816681711721685e-15,0.025,0.0,-0.03,0.0,1.0,0.0,0.01
0,0.0,12,0.015,0.0,-0.02,0.009999999999999998,1.734723475976807e-18,3.469446951953614e-15,0.0,0.0,2.0816681711721685e-15,0.025,0.0,-0.03,0.0,1.0,0.0,0.01
0,0.0,13,0.01625,0.0,-0.02,0.009999999999999998,1.734723475976807e-18,3.469446951953614e-15,0.0,0.0,2.0816681711721685e-15,0.025,0.0,-0.03,0.0,1.0,0.0,0.01
0,0.0,14,0.0175,0.0,-0.02,0.009999999999999998,1.734723475976807e-18,3.469446951953614e-15,0.0,0.0,2.0816681711721685e-15,0.025,0.0,-0.03,0.0,1.0,0.0,0.01
0,0.0,15,0.01875,0.0,-0.02,0.009999999999999998,1.734723475976807e-18,3.469446951953614e-15,0.0,0.0,2.0816681711721685e-15,0.025,0.0,-0.03,0.0,1.0,0.0,0.01
0,0.0,16,0.02,0.0,-0.02,0.009999999999999998,1.734723475976807e-18,3.469446951953614e-15,0.0,0.0,2.0816681711721685e-15,0.025,0.0,-0.03,0.0,1.0,0.0,0.01
0,0.0,17,0.02125,0.0,-0.02,0.009999999999999998,1.734723475976807e-18,3.469446951953614e-15,0.0,0.0,2.0816681711721685e-15,0.025,0.0,-0.03,0.0,1.0,0.0,0.01
0,0.0,18,0.0225,0.0,-0.02,0.009999999999999998,1.734723475976807e-18,3.469446951953614e-15,0.0,0.0,2.0816681711721685e-15,0.025,0.0,-0.03,0.0,1.0,0.0,0.01
0,0.0,19,0.02375,0.0,-0.02,0.009999999999999998,1.734723475976807e-18,3.469446951953614e-15,0.0,0.0,2.0816681711721685e-15,0.025,0.0,-0.03,0.0,1.0,0.0,0.01
0,0.0,20,0.025,0.0,-0.02,0.009999999999999998,1.734723475976807e-18,3.469446951953614e-15,0.0,0.0,2.0816681711721685e-15,0.025,0.0,-0.03,0.0,1.0,0.0,0.01
0,0.0,21,0.02625,0.0,-0.02,0.009999999999999998,1.734723475976807e-18,3.469446951953614e-15,0.0,0.0,2.0816681711721685e-15,0.025,0.0,-0.03,0.0,1.0,0.0,0.01
0,0.0,22,0.0275,0.0,-0.02,0.009999999999999998,1.734723475976807e-18,3.469446951953614e-15,0.0,0.0,2.0816681711721685e-15,0.025,0.0,-0.03,0.0,1.0,0.0,0.01
0,0.0,23,0.02875,0.0,-0.02,0.009999999999999998,1.734723475976807e-18,3.469446951953614e-15,0.0,0.0,2.0816681711721685e-15,0.025,0.0,-0.03,0.0,1.0,0.0,0.01
0,0.0,24,0.03,0.0,-0.02,0.009999999999999998,1.734723475976807e-18,3.469446951953614e-15,0.0,0.0,2.0816681711721685e-15,0.025,0.0,-0.03,0.0,1.0,0.0,0.01
0,0.0,25,0.03125,0.0,-0.02,0.009999999999999998,1.734723475976807e-18,3.469446951953614e-15,0.0,0.0,2.0816681711721685e-15,0.025,0.0,-0.03,0.0,1.0,0.0,0.01
0,0.0,26,0.0325,0.0,-0.02,0.009999999999999998,1.734723475976807e-18,3.469446951953614e-15,0.0,0.0,2.0816681711721685e-15,0.025,0.0,-0.03,0.0,1.0,0.0,0.01
0,0.0,27,0.03375,0.0,-0.02,0.009999999999999998,1.734723475976807e-18,3.469446951953614e-15,0.0,0.0,2.0816681711721685e-15,0.025,0.0,-0.03,0.0,1.0,0.0,0.01
0,0.0,28,0.035,0.0,-0.02,0.009999999999999998,1.734723475976807e-18,3.469446951953614e-15,0.0,0.0,2.0816681711721685e-15,0.025,0.0,-0.03,0.0,1.0,0.0,0.01
0,0.0,29,0.03625,0.0,-0.02,0.009999999999999998,1.734723475976807e-18,3.469446951953614e-15,0.0,0.0,2.0816681711721685e-15,0.025,0.0,-0.03,0.0,1.0,0.0,0.01
0,0.0,30,0.0375,0.0,-0.02,0.009999999999999998,1.734723475976807e-18,3.469446951953614e-15,0.0,0.0,2.0816681711721685e-15,0.025,0.0,-0.03,0.0,1.0,0.0,0.01
0,0.0,31,0.03875,0.0,-0.02,0.009999999999999998,1.734723475976807e-18,3.469446951953614e-15,0.0,0.0,2.0816681711721685e-15,0.025,0.0,-0.03,0.0,1.0,0.0,0.01
0,0.0,32,0.04,0.0,-0.02,0.009999999999999998,1.734723475976807e-18,3.469446951953614e-15,0.0,0.0,2.0816681711721685e-15,0.025,0.0,-0.03,0.0,1.0,0.0,0.01
0,0.0,33,0.04125,0.0,-0.02,0.009999999999999998,1.734723475976807e-18,3.469446951953614e-15,0.0,0.0,2.0816681711721685e-15,0.025,0.0,-0.03,0.0,1.0,0.0,0.01
0,0.0,34,0.0425,0.0,-0.02,0.009999999999999998,1.734723475976807e-18,3.469446951953614e-15,0.0,0.0,2.0816681711721685e-15,0.025,0.0,-0.03,0.0,1.0,0.0,0.01
0,0.0,35,0.043750000000000004,0.0,-0.02,0.009999999999999998,1.734723475976807e-18,3.469446951953614e-15,0.0,0.0,2.0816681711721685e-15,0.025,0.0,-0.03,0.0,1.0,0.0,0.01
0,0.0,36,0.045,0.0,-0.02,0.009999999999999998,1.734723475976807e-18,3.469446951953614e-15,0.0,0.0,2.0816681711721685e-15,0.025,0.0,-0.03,0.0,1.0,0.0,0.01
0,0.0,37,0.04625,0.0,-0.02,0.009999999999999998,1.734723475976807e-18,3.469446951953614e-15,0.0,0.0,2.0816681711721685e-15,0.025,0.0,-0.03,0.0,1.0,0.0,0.01
0,0.0,38,0.0475,0.0,-0.02,0.009999999999999998,1.734723475976807e-18,3.469446951953614e-15,0.0,0.0,2.0816681711721685e-15,0.025,0.0,-0.03,0.0,1.0,0.0,0.01
0,0.0,39,0.04875,0.0,-0.02,0.009999999999999998,1.734723475976807e-18,3.469446951953614e-15,0.0,0.0,2.0816681711721685e-15,0.025,0.0,-0.03,0.0,1.0,0.0,0.01
0,0.0,40,0.05,0.0,-0.02,0.009999999999999998,1.734723475976807e-18,3.469446951953614e-15,0.0,0.0,2.0816681711721685e-15,0.025,0.0,-0.03,0.0,1.0,0.0,0.01
0,0.0,41,0.051250000000000004,0.0,-0.02,0.009999999999999998,1.734723475976807e-18,3.469446951953614e-15,0.0,0.0,2.0816681711721685e-15,0.025,0.0,-0.03,0.0,1.0,0.0,0.01
0,0.0,42,0.0525,0.0,-0.02,0.009999999999999998,1.734723475976807e-18,3.469446951953614e-15,0.0,0.0,2.0816681711721685e-15,0.025,0.0,-0.03,0.0,1.0,0.0,0.01
0,0.0,43,0.05375,0.0,-0.02,0.009999999999999998,1.734723475976807e-18,3.469446951953614e-15,0.0,0.0,2.0816681711721685e-15,0.025,0.0,-0.03,0.0,1.0,0.0,0.01
0,0.0,44,0.055,0.0,-0.02,0.009999999999999998,1.734723475976807e-18,3.469446951953614e-15,0.0,0.0,2.0816681711721685e-15,0.025,0.0,-0.03,0.0,1.0,0.0,0.01
0,0.0,45,0.05625,0.0,-0.02,0.009999999999999998,1.734723475976807e-18,3.469446951953614e-15,0.0,0.0,2.0816681711721685e-15,0.025,0.0,-0.03,0.0,1.0,0.0,0.01
0,0.0,46,0.0575,0.0,-0.02,0.009999999999999998,1.734723475976807e-18,3.469446951953614e-15,0.0,0.0,2.0816681711721685e-15,0.025,0.0,-0.03,0.0,1.0,0.0,0.01
0,0.0,47,0.058750000000000004,0.0,-0.02,0.009999999999999998,1.734723475976807e-18,3.469446951953614e-15,0.0,0.0,2.0816681711721685e-15,0.025,0.0,-0.03,0.0,1.0,0.0,0.01
0,0.0,48,0.06,0.0,-0.02,0.009999999999999998,1.734723475976807e-18,3.469446951953614e-15,0.0,0.0,2.0816681711721685e-15,0.025,0.0,-0.03,0.0,1.0,0.0,0.01
0,0.0,49,0.06125,0.0,-0.02,0.009999999999999998,1.734723475976807e-18,3.469446951953614e-15,0.0,0.0,2.0816681711721685e-15,0.025,0.0,-0.03,0.0,1.0,0.0,0.01
0,0.0,50,0.0625,0.0,-0.02,0.009999999999999998,1.734723475976807e-18,3.469446951953614e-15,0.0,0.0,2.0816681711721685e-15,0.025,0.0,-0.03,0.0,1.0,0.0,0.01
0,0.0,51,0.06375,0.0,-0.02,0.009999999999999998,1.734723475976807e-18,3.469446951953614e-15,0.0,0.0,2.0816681711721685e-15,0.025,0.0,-0.03,0.0,1.0,0.0,0.01
0,0.0,52,0.065,0.0,-0.02,0.009999999999999998,1.734723475976807e-18,3.469446951953614e-15,0.0,0.0,2.0816681711721685e-15,0.025,0.0,-0.03,0.0,1.0,0.0,0.01
0,0.0,53,0.06625,0.0,-0.02,0.009999999999999998,1.734723475976807e-18,3.469446951953614e-15,0.0,0.0,2.0816681711721685e-15,0.025,0.0,-0.03,0.0,1.0,0.0,0.01
0,0.0,54,0.0675,0.0,-0.02,0.009999999999999998,1.734723475976807e-18,3.469446951953614e-15,0.0,0.0,2.0816681711721685e-15,0.025,0.0,-0.03,0.0,1.0,0.0,0.01
0,0.0,55,0.06875,0.0,-0.02,0.009999999999999998,1.734723475976807e-18,3.469446951953614e-15,0.0,0.0,2.0816681711721685e-15,0.025,0.0,-0.03,0.0,1.0,0.0,0.01
0,0.0,56,0.07,0.0,-0.02,0.009999999999999998,1.734723475976807e-18,3.469446951953614e-15,0.0,0.0,2.0816681711721685e-15,0.025,0.0,-0.03,0.0,1.0,0.0,0.01
0,0.0,57,0.07125000000000001,0.0,-0.02,0.009999999999999998,1.734723475976807e-18,3.469446951953614e-15,0.0,0.0,2.0816681711721685e-15,0.025,0.0,-0.03,0.0,1.0,0.0,0.01
0,0.0,58,0.0725,0.0,-0.02,0.009999999999999998,1.734723475976807e-18,3.469446951953614e-15,0.0,0.0,2.0816681711721685e-15,0.025,0.0,-0.03,0.0,1.0,0.0,0.01
0,0.0,59,0.07375,0.0,-0.02,0.009999999999999998,1.734723475976807e-18,3.469446951953614e-15,0.0,0.0,2.0816681711721685e-15,0.025,0.0,-0.03,0.0,1.0,0.0,0.01
0,0.0,60,0.075,0.0,-0.02,0.009999999999999998,1.734723475976807e-18,3.469446951953614e-15,0.0,0.0,2.0816681711721685e-15,0.025,0.0,-0.03,0.0,1.0,0.0,0.01
0,0.0,61,0.07625,0.0,-0.02,0.009999999999999998,1.734723475976807e-18,3.469446951953614e-15,0.0,0.0,2.0816681711721685e-15,0.025,0.0,-0.03,0.0,1.0,0.0,0.01
0,0.0,62,0.0775,0.0,-0.02,0.009999999999999998,1.734723475976807e-18,3.469446951953614e-15,0.0,0.0,2.0816681711721685e-15,0.025,0.0,-0.03,0.0,1.0,0.0,0.01
0,0.0,63,0.07875,0.0,-0.02,0.009999999999999998,1.734723475976807e-18,3.469446951953614e-15,0.0,0.0,2.0816681711721685e-15,0.025,0.0,-0.03,0.0,1.0,0.0,0.01
0,0.0,64,0.08,0.0,-0.02,0.009999999999999998,1.734723475976807e-18,3.469446951953614e-15,0.0,0.0,2.0816681711721685e-15,0.025,0.0,-0.03,0.0,1.0,0.0,0.01
0,0.0,65,0.08125,0.0,-0.02,0.009999999999999998,1.734723475976807e-18,3.469446951953614e-15,0.0,0.0,2.0816681711721685e-15,0.025,0.0,-0.03,0.0,1.0,0.0,0.01
0,0.0,66,0.0825,0.0,-0.02,0.009999999999999998,1.734723475976807e-18,3.469446951953614e-15,0.0,0.0,2.0816681711721685e-15,0.025,0.0,-0.03,0.0,1.0,0.0,0.01
0,0.0,67,0.08375,0.0,-0.02,0.009999999999999998,1.734723475976807e-18,3.469446951953614e-15,0.0,0.0,2.0816681711721685e-15,0.025,0.0,-0.03,0.0,1.0,0.0,0.01
0,0.0,68,0.085,0.0,-0.02,0.009999999999999998,1.734723475976807e-18,3.469446951953614e-15,0.0,0.0,2.0816681711721685e-15,0.025,0.0,-0.03,0.0,1.0,0.0,0.01
0,0.0,69,0.08625000000000001,0.0,-0.02,0.009999999999999998,1.734723475976807e-18,3.469446951953614e-15,0.0,0.0,2.0816681711721685e-15,0.025,0.0,-0.03,0.0,1.0,0.0,0.01
0,0.0,70,0.08750000000000001,0.0,-0.02,0.009999999999999998,1.734723475976807e-18,3.469446951953614e-15,0.0,0.0,2.0816681711721685e-15,0.025,0.0,-0.03,0.0,1.0,0.0,0.01
0,0.0,71,0.08875,0.0,-0.02,0.009999999999999998,1.734723475976807e-18,3.469446951953614e-15,0.0,0.0,2.0816681711721685e-15,0.025,0.0,-0.03,0.0,1.0,0.0,0.01
0,0.0,72,0.09,0.0,-0.02,0.009999999999999998,1.734723475976807e-18,3.469446951953614e-15,0.0,0.0,2.0816681711721685e-15,0.025,0.0,-0.03,0.0,1.0,0.0,0.01
0,0.0,73,0.09125,0.0,-0.02,0.009999999999999998,1.734723475976807e-18,3.469446951953614e-15,0.0,0.0,2.0816681711721685e-15,0.025,0.0,-0.03,0.0,1.0,0.0,0.01
0,0.0,74,0.0925,0.0,-0.02,0.009999999999999998,1.734723475976807e-18,3.469446951953614e-15,0.0,0.0,2.0816681711721685e-15,0.025,0.0,-0.03,0.0,1.0,0.0,0.01
0,0.0,75,0.09375,0.0,-0.02,0.009999999999999998,1.734723475976807e-18,3.469446951953614e-15,0.0,0.0,2.0816681711721685e-15,0.025,0.0,-0.03,0.0,1.0,0.0,0.01
0,0.0,76,0.095,0.0,-0.02,0.009999999999999998,1.734723475976807e-18,3.469446951953614e-15,0.0,0.0,2.0816681711721685e-15,0.025,0.0,-0.03,0.0,1.0,0.0,0.01
0,0.0,77,0.09625,0.0,-0.02,0.009999999999999998,1.734723475976807e-18,3.469446951953614e-15,0.0,0.0,2.0816681711721685e-15,0.025,0.0,-0.03,0.0,1.0,0.0,0.01
0,0.0,78,0.0975,0.0,-0.02,0.009999999999999998,1.734723475976807e-18,3.469446951953614e-15,0.0,0.0,2.0816681711721685e-15,0.025,0.0,-0.03,0.0,1.0,0.0,0.01
0,0.0,79,0.09875,0.0,-0.02,0.009999999999999998,1.734723475976807e-18,3.469446951953614e-15,0.0,0.0,2.0816681711721685e-15,0.025,0.0,-0.03,0.0,1.0,0.0,0.01
0,0.0,80,0.1,0.0,-0.02,0.009999999999999998,1.734723475976807e-18,3.469446951953614e-15,0.0,0.0,2.0816681711721685e-15,0.025,0.0,-0.03,0.0,1.0,0.0,0.01
1,0.033332683012502744,0,0.0,0.0,-0.02,0.009999999999999998,1.734723475976807e-18,3.469446951953614e-15,0.0,0.0,2.0816681711721685e-15,0.025,0.0,-0.03,0.0,1.0,0.0,0.01
2,0.06666536602500549,0,0.0,0.0,-0.02,0.009999999999999998,1.734723475976807e-18,3.469446951953614e-15,0.0,0.0,2.0816681711721685e-15,0.025,0.0,-0.03,0.0,1.0,0.0,0.01
3,0.09999804903750822,0,0.0,0.0,-0.02,0.009999999999999998,1.734723475976807e-18,3.469446951953614e-15,0.0,0.0,2.0816681711721685e-15,0.025,0.0,-0.03,0.0,1.0,0.0,0.01
3,0.09999804903750822,66,0.0815788935486739,0.0,-0.020059451510169805,0.009940548489830194,5.9451510169806e-05,0.118903020339612,-0.0430316970157474,0.008404231023510872,0.0713418122037672,0.025,0.0,-0.03,0.0,1.0,0.0,0.01
3,0.09999804903750822,67,0.08281697381442596,0.0,-0.02020364715073769,0.009796352849262308,0.00020364715073769267,0.40729430147538537,-0.04539108315440906,0.0018633967738066414,0.2443765808852312,0.025,0.0,-0.03,0.0,1.0,0.0,0.01
3,0.09999804903750822,68,0.08405498078006378,0.0,-0.020347610738757103,0.009652389261242896,0.00034761073875710403,0.695221477514208,-0.04607115408330475,0.009768713217762829,0.4171328865085248,0.025,0.0,-0.03,0.0,1.0,0.0,0.01
3,0.09999804903750822,69,0.08529311425517389,0.0,-0.0204913824514869,0.0095086175485131,0.0004913824514869002,0.9827649029738005,-0.04865714405399181,0.0012592883714391378,0.5896589417842802,0.025,0.0,-0.03,0.0,1.0,0.0,0.01
3,0.09999804903750822,70,0.0865311613752025,0.0,-0.02063495531147893,0.00936504468852107,0.0006349553114789307,1.2699106229578614,-0.04911953581368782,0.011066696323154946,0.7619463737747169,0.025,0.0,-0.03,0.0,1.0,0.0,0.01
3,0.09999804903750822,71,0.0877693417796042,0.0,-0.02077837322496302,0.00922162677503698,0.000778373224963021,1.5567464499260422,-0.05191324580898937,0.0007447666943328778,0.9340478699556253,0.025,0.0,-0.03,0.0,1.0,0.0,0.01
3,0.09999804903750822,72,0.08900741888577668,0.0,-0.02092162794841047,0.009078372051589529,0.0009216279484104712,1.8432558968209425,-0.05218243610721093,0.012246349831488125,1.1059535380925654,0.025,0.0,-0.03,0.0,1.0,0.0,0.01
3,0.09999804903750822,73,0.09024563850950612,0.0,-0.021064767704305012,0.008935232295694987,0.001064767704305013,2.129535408610026,-0.055153027280188095,0.00037570275191287425,1.2777212451660156,0.025,0.0,-0.03,0.0,1.0,0.0,0.01
3,0.09999804903750822,74,0.0914837360363469,0.0,-0.0212077823268725,0.0087922176731275,0.0012077823268725005,2.415564653745001,-0.055266086239992275,0.013250061958015542,1.4493387922470007,0.025,0.0,-0.03,0.0,1.0,0.0,0.01
3,0.09999804903750822,75,0.09272198523929762,0.0,-0.021350724404911314,0.008649275595088685,0.0013507244049113156,2.7014488098226312,-0.058369880845959114,0.0002101803925885055,1.6208692858935787,0.025,0.0,-0.03,0.0,1.0,0.0,0.01
3,0.09999804903750822,76,0.0939600946855015,0.0,-0.021493581818750294,0.008506418181249704,0.0014935818187502958,2.9871636375005917,-0.05837649599903989,0.014022242380809779,1.792298182500355,0.025,0.0,-0.03,0.0,1.0,0.0,0.01
3,0.09999804903750822,77,0.09519836175432674,0.0,-0.02163641086130152,0.008363589138698477,0.0016364108613015228,3.2728217226030454,-0.06155785859339929,0.0002996992085212953,1.9636930335618272,0.025,0.0,-0.03,0.0,1.0,0.0,0.01
3,0.09999804903750822,78,0.09643647574405659,0.0,-0.021779198149324334,0.008220801850675665,0.001779198149324335,3.5583962986486704,-0.06151924566891152,0.014518665883300627,2.135037779189202,0.025,0.0,-0.03,0.0,1.0,0.0,0.01
3,0.09999804903750822,79,0.09767474717324903,0.0,-0.021922002244652,0.008077997755348,0.0019220022446520008,3.8440044893040017,-0.0647039773270042,0.0006790042320840273,2.306402693582401,0.025,0.0,-0.03,0.0,1.0,0.0,0.01
3,0.09999804903750822,80,0.09891681310530638,0.0,-0.0220619116121563,0.007938088387843698,0.0020619116121563027,4.123823224312606,-0.0647084260539669,0.014793311795768562,2.474293934587563,0.025,0.0,-0.03,0.0,1.0,0.0,0.01
4,0.13333073205001097,0,0.0,0.0,-0.02,0.009999999999999998,1.734723475976807e-18,3.469446951953614e-15,0.0,0.0,2.0816681711721685e-15,0.025,0.0,-0.03,0.0,1.0,0.0,0.01
4,0.13333073205001097,60,0.0740109228101063,0.0,-0.020207936502812305,0.009792063497187694,0.00020793650281230626,0.4158730056246125,-0.03198422284274957,0.005801292159865309,0.24952380337476748,0.025,0.0,-0.03,0.0,1.0,0.0,0.01
4,0.13333073205001097,61,0.07523721659778282,0.0,-0.02043105381410311,0.00956894618589689,0.00043105381410311026,0.8621076282062206,-0.0336653985902,0.004857630039604174,0.5172645769237323,0.025,0.0,-0.03,0.0,1.0,0.0,0.01
4,0.13333073205001097,62,0.07646350946486094,0.0,-0.0206539457045162,0.0093460542954838,0.0006539457045162001,1.3078914090324003,-0.035080013706570254,0.005346608881496016,0.7847348454194402,0.025,0.0,-0.03,0.0,1.0,0.0,0.01
4,0.13333073205001097,63,0.07768990488951225,0.0,-0.02087655837195679,0.009123441628043207,0.000876558371956793,1.753116743913586,-0.03640849155587852,0.006349922265582377,1.0518700463481516,0.025,0.0,-0.03,0.0,1.0,0.0,0.01
4,0.13333073205001097,64,0.07892067646669863,0.0,-0.02107311912556173,0.00892688087443827,0.0010731191255617303,2.1462382511234606,-0.03819498546237498,0.004921545014441557,1.2877429506740763,0.025,0.0,-0.03,0.0,1.0,0.0,0.01
4,0.13333073205001097,65,0.08015155724756484,0.0,-0.021269442356641983,0.008730557643358016,0.0012694423566419841,2.5388847132839683,-0.03930441902373931,0.007716578812808206,1.523330827970381,0.025,0.0,-0.03,0.0,1.0,0.0,0.01
4,0.13333073205001097,66,0.08138239722217196,0.0,-0.021465517488766662,0.008534482511233336,0.0014655174887666638,2.9310349775333275,-0.04135929765604523,0.004582449518829583,1.7586209865199964,0.025,0.0,-0.03,0.0,1.0,0.0,0.01
4,0.13333073205001097,67,0.0826133584173564,0.0,-0.021661384695539274,0.008338615304460725,0.0016613846955392756,3.3227693910785514,-0.042220655904347745,0.008953472713891686,1.9936616346471308,0.025,0.0,-0.03,0.0,1.0,0.0,0.01
4,0.13333073205001097,68,0.08384425976014157,0.0,-0.02185703035595536,0.00814296964404464,0.0018570303559553598,3.7140607119107196,-0.04450277901729271,0.00438781131812526,2.228436427146432,0.025,0.0,-0.03,0.0,1.0,0.0,0.01
4,0.13333073205001097,69,0.08507528945664722,0.0,-0.022052500321730065,0.007947499678269934,0.0020525003217300667,4.105000643460134,-0.04516426657899962,0.010032189271114206,2.46300038607608,0.025,0.0,-0.03,0.0,1.0,0.0,0.01
4,0.13333073205001097,70,0.08630624469329183,0.0,-0.022247779108977492,0.007752220891022506,0.002247779108977494,4.495558217954987,-0.04762170907562093,0.004357630807459782,2.697334930772992,0.025,0.0,-0.03,0.0,1.0,0.0,0.01
4,0.13333073205001097,71,0.08753732983281748,0.0,-0.0224429165378538,0.007557083462146199,0.0024429165378538013,4.885833075707603,-0.04813641574553948,0.01094216112715845,2.9314998454245615,0.025,0.0,-0.03,0.0,1.0,0.0,0.01
4,0.13333073205001097,72,0.08876833064888207,0.0,-0.022637896761717465,0.007362103238282534,0.002637896761717466,5.275793523434932,-0.050715691969146035,0.004493643040523749,3.1654761140609593,0.025,0.0,-0.03,0.0,1.0,0.0,0.01
4,0.13333073205001097,73,0.0899994575977186,0.0,-0.02283277183575953,0.00716722816424047,0.0028327718357595306,5.665543671519061,-0.051135459468941165,0.011690205467156784,3.399326202911437,0.025,0.0,-0.03,0.0,1.0,0.0,0.01
4,0.13333073205001097,74,0.09123049446947472,0.0,-0.023027526887887905,0.006972473112112094,0.0030275268878879064,6.0550537757758125,-0.05378672759480071,0.004782113077027644,3.6330322654654874,0.025,0.0,-0.03,0.0,1.0,0.0,0.01
4,0.13333073205001097,75,0.09246164948817354,0.0,-0.023222214748043445,0.006777785251956554,0.003222214748043446,6.444429496086892,-0.05415777899496936,0.012295927766223525,3.866657697652135,0.025,0.0,-0.03,0.0,1.0,0.0,0.01
4,0.13333073205001097,76,0.09369271147433549,0.0,-0.023416822457016727,0.006583177542983272,0.003416822457016728,6.8336449140334565,-0.05683823151168717,0.005199866079969074,4.100186948420074,0.025,0.0,-0.03,0.0,1.0,0.0,0.01
4,0.13333073205001097,77,0.09492388099081035,0.0,-0.023611402612242757,0.006388597387757242,0.003611402612242758,7.222805224485516,-0.057198955080557924,0.012784674233567184,4.333683134691309,0.025,0.0,-0.03,0.0,1.0,0.0,0.01
4,0.13333073205001097,78,0.09615495575295487,0.0,-0.023805944599936325,0.0061940554000636736,0.0038059445999363267,7.611889199872653,-0.0598733924936212,0.005721820129298664,4.567133519923591,0.025,0.0,-0.03,0.0,1.0,0.0,0.01
4,0.13333073205001097,79,0.09738612640437758,0.0,-0.024000500233860564,0.005999499766139435,0.004000500233860565,8.00100046772113,-0.06025917172171986,0.01318054601913849,4.800600280632678,0.025,0.0,-0.03,0.0,1.0,0.0,0.01
4,0.13333073205001097,80,0.09862125676463832,0.0,-0.02419242677468963,0.0058075732253103675,0.004192426774689633,8.384853549379265,-0.06290347224066657,0.006283514090117657,5.030912129627559,0.025,0.0,-0.03,0.0,1.0,0.0,0.01
5,0.16666341506251373,0,0.0,0.0,-0.02,0.009999999999999998,1.734723475976807e-18,3.469446951953614e-15,0.0,0.0,2.0816681711721685e-15,0.025,0.0,-0.03,0.0,1.0,0.0,0.01
5,0.16666341506251373,56,0.06896673515752999,0.0,-0.020169784451708247,0.009830215548291752,0.00016978445170824814,0.33956890341649626,-0.023966961538006332,0.009380459484695814,0.20374134204989774,0.025,0.0,-0.03,0.0,1.0,0.0,0.01
5,0.16666341506251373,57,0.0701833792506366,0.0,-0.0204406565152101,0.0095593434847899,0.0004406565152100996,0.8813130304201993,-0.02746466313228837,0.0001663546583544247,0.5287878182521195,0.025,0.0,-0.03,0.0,1.0,0.0,0.01
5,0.16666341506251373,58,0.07139998090555356,0.0,-0.020711540378208135,0.009288459621791863,0.0007115403782081368,1.4230807564162735,-0.02687925314595611,0.009345135981098488,0.853848453849764,0.025,0.0,-0.03,0.0,1.0,0.0,0.01
5,0.16666341506251373,59,0.07261663077743943,0.0,-0.0209823540280238,0.009017645971976199,0.0009823540280238015,1.9647080560476031,-0.030079317735200003,0.0014540355254887972,1.1788248336285618,0.025,0.0,-0.03,0.0,1.0,0.0,0.01
5,0.16666341506251373,60,0.07383329519036706,0.0,-0.02125298833147998,0.00874701166852002,0.0012529883314799806,2.505976662959961,-0.029792826769228894,0.009269247959468645,1.5035859977759767,0.025,0.0,-0.03,0.0,1.0,0.0,0.01
5,0.16666341506251373,61,0.07505003611618295,0.0,-0.02152335601723256,0.00847664398276744,0.0015233560172325609,3.0467120344651217,-0.03267459536307367,0.002769578271875573,1.8280272206790729,0.025,0.0,-0.03,0.0,1.0,0.0,0.01
5,0.16666341506251373,62,0.07626684916020478,0.0,-0.021793355932815457,0.008206644067184542,0.0017933559328154585,3.586711865630917,-0.03270033220743227,0.009164076188616432,2.15202711937855,0.025,0.0,-0.03,0.0,1.0,0.0,0.01
5,0.16666341506251373,63,0.07748376536081554,0.0,-0.02206289583336913,0.00793710416663087,0.002062895833369131,4.125791666738262,-0.035227654944409444,0.004095042076543358,2.4754750000429575,0.025,0.0,-0.03,0.0,1.0,0.0,0.01
5,0.16666341506251373,64,0.07870568956440695,0.0,-0.022308728812838886,0.0076912711871611125,0.0023087288128388877,4.617457625677775,-0.03570192167448999,0.009033890784293695,2.770474575406665,0.025,0.0,-0.03,0.0,1.0,0.0,0.01
5,0.16666341506251373,65,0.0799276456792162,0.0,-0.02255433348910038,0.007445666510899618,0.0025543334891003824,5.108666978200764,-0.0379314557126625,0.005403383297483327,3.0652001869204586,0.025,0.0,-0.03,0.0,1.0,0.0,0.01
5,0.16666341506251373,66,0.08114966465276104,0.0,-0.022799728293567408,0.007200271706432591,0.0027997282935674096,5.599456587134819,-0.0387315708594612,0.008878080304246552,3.3596739522808914,0.025,0.0,-0.03,0.0,1.0,0.0,0.01
5,0.16666341506251373,67,0.08237169794752341,0.0,-0.023044916505786175,0.0069550834942138234,0.0030449165057861768,6.089833011572353,-0.0406646085174597,0.006711491723162116,3.6538998069434117,0.025,0.0,-0.03,0.0,1.0,0.0,0.01
5,0.16666341506251373,68,0.0835938001068306,0.0,-0.023289922857486375,0.006710077142513624,0.003289922857486376,6.579845714972752,-0.041757849438390365,0.008735662078938243,3.947907428983651,0.025,0.0,-0.03,0.0,1.0,0.0,0.01
5,0.16666341506251373,69,0.08481590139891954,0.0,-0.023534747921937847,0.006465252078062152,0.0035347479219378485,7.069495843875697,-0.04340598518142843,0.00799341025808524,4.241697506325418,0.025,0.0,-0.03,0.0,1.0,0.0,0.01
5,0.16666341506251373,70,0.08603807374370478,0.0,-0.02377942136362403,0.00622057863637597,0.00377942136362403,7.55884272724806,-0.04477798520444616,0.008631886911441978,4.535305636348836,0.025,0.0,-0.03,0.0,1.0,0.0,0.01
5,0.16666341506251373,71,0.08726023290939543,0.0,-0.0240239422788928,0.005976057721107198,0.004023942278892802,8.047884557785604,-0.04616049745860628,0.009220849962022552,4.828730734671362,0.025,0.0,-0.03,0.0,1.0,0.0,0.01
5,0.16666341506251373,72,0.0884824614110637,0.0,-0.024268343776588645,0.0057316562234113536,0.004268343776588647,8.536687553177293,-0.04778543201166511,0.008598296825419707,5.122012531906376,0.025,0.0,-0.03,0.0,1.0,0.0,0.01
5,0.16666341506251373,73,0.08970466718787874,0.0,-0.0245126246814573,0.005487375318542698,0.004512624681457302,9.025249362914604,-0.04893435953290864,0.010359979585261313,5.415149617748762,0.025,0.0,-0.03,0.0,1.0,0.0,0.01
5,0.16666341506251373,74,0.09092693715478392,0.0,-0.024756820171620314,0.005243179828379685,0.004756820171620315,9.513640343240631,-0.050772861303604255,0.008670271095462654,5.708184205944378,0.025,0.0,-0.03,0.0,1.0,0.0,0.01
5,0.16666341506251373,75,0.09214917701328544,0.0,-0.025000929773591248,0.004999070226408751,0.0050009297735912495,10.0018595471825,-0.051734076777256395,0.01137541381701411,6.001115728309499,0.025,0.0,-0.03,0.0,1.0,0.0,0.01
5,0.16666341506251373,76,0.09337147336590851,0.0,-0.02524498965073413,0.00475501034926587,0.00524498965073413,10.48997930146826,-0.05373314253252476,0.008882119667175623,6.293987580880956,0.025,0.0,-0.03,0.0,1.0,0.0,0.01
5,0.16666341506251373,77,0.09459373350497972,0.0,-0.02548900064025581,0.0045109993597441875,0.005489000640255813,10.978001280511625,-0.05456538732299537,0.012235717125861302,6.586800768306975,0.025,0.0,-0.03,0.0,1.0,0.0,0.01
5,0.16666341506251373,78,0.09581604092062888,0.0,-0.025732999180493512,0.004267000819506487,0.005732999180493513,11.465998360987026,-0.05666028764585336,0.0092612774732482,6.879599016592215,0.025,0.0,-0.03,0.0,1.0,0.0,0.01
5,0.16666341506251373,79,0.09703830640563797,0.0,-0.025976987652464603,0.004023012347535396,0.0059769876524646045,11.953975304929209,-0.057434139092291996,0.01291948061502182,7.172385182957525,0.025,0.0,-0.03,0.0,1.0,0.0,0.01
5,0.16666341506251373,80,0.09826474115445864,0.0,-0.02621866933525362,0.003781330664746379,0.006218669335253621,12.437338670507243,-0.05956071259326741,0.009801049663120625,7.462403202304346,0.025,0.0,-0.03,0.0,1.0,0.0,0.01
6,0.19999609807501645,0,0.0,0.0,-0.02,0.009999999999999998,1.734723475976807e-18,3.469446951953614e-15,0.0,0.0,2.0816681711721685e-15,0.025,0.0,-0.03,0.0,1.0,0.0,0.01
6,0.19999609807501645,53,0.0651920951997387,0.0,-0.020039769986143516,0.009960230013856482,3.97699861435178e-05,0.0795399722870356,-0.020468883130705932,0.0020553693012976453,0.04772398337222136,0.025,0.0,-0.03,0.0,1.0,0.0,0.01
6,0.19999609807501645,54,0.06639803674413478,0.0,-0.020354747384011048,0.00964525261598895,0.0003547473840110494,0.7094947680220988,-0.020704314233716516,0.006490670822587951,0.42569686081325925,0.025,0.0,-0.03,0.0,1.0,0.0,0.01
6,0.19999609807501645,55,0.0676039226268703,0.0,-0.020670070783674097,0.009329929216325902,0.0006700707836740979,1.3401415673481958,-0.023262481462133285,0.002013857161457602,0.8040849404089174,0.025,0.0,-0.03,0.0,1.0,0.0,0.01
6,0.19999609807501645,56,0.06880972496201476,0.0,-0.020985603958153222,0.009014396041846777,0.0009856039581532233,1.9712079163064464,-0.02311688894317116,0.007906870584195091,1.1827247497838678,0.025,0.0,-0.03,0.0,1.0,0.0,0.01
6,0.19999609807501645,57,0.07001552300324396,0.0,-0.02130123848439319,0.00869876151560681,0.0013012384843931902,2.6024769687863802,-0.026061291026670985,0.0019515738158080056,1.5614861812718281,0.025,0.0,-0.03,0.0,1.0,0.0,0.01
6,0.19999609807501645,58,0.07122131226903354,0.0,-0.021616844237385427,0.008383155762614572,0.0016168442373854282,3.2336884747708563,-0.025524539954127904,0.009335688950176658,1.9402130848625136,0.025,0.0,-0.03,0.0,1.0,0.0,0.01
6,0.19999609807501645,59,0.07242714882214198,0.0,-0.021932307249756037,0.008067692750243962,0.0019323072497560382,3.8646144995120766,-0.028854325521234504,0.0018843673783705617,2.318768699707246,0.025,0.0,-0.03,0.0,1.0,0.0,0.01
6,0.19999609807501645,60,0.07363305062398492,0.0,-0.02224750423265692,0.00775249576734308,0.0022475042326569206,4.495008465313841,-0.02792796370642145,0.010755452987446526,2.6970050791883047,0.025,0.0,-0.03,0.0,1.0,0.0,0.01
6,0.19999609807501645,61,0.07483905094385344,0.0,-0.022562316738041203,0.007437683261958795,0.002562316738041205,5.124633476082409,-0.03162980695555999,0.0018295784123829742,3.0747800856494454,0.025,0.0,-0.03,0.0,1.0,0.0,0.01
6,0.19999609807501645,62,0.07604518897168712,0.0,-0.02287662894181797,0.0071233710581820285,0.0028766289418179717,5.753257883635944,-0.030332636234161735,0.012144383578880397,3.451954730181566,0.025,0.0,-0.03,0.0,1.0,0.0,0.01
6,0.19999609807501645,63,0.07725147559438138,0.0,-0.02319031905629611,0.006809680943703888,0.0031903190562961124,6.380638112592225,-0.03433126792168483,0.0017939807728590976,3.8283828675553346,0.025,0.0,-0.03,0.0,1.0,0.0,0.01
6,0.19999609807501645,64,0.07846310171171517,0.0,-0.02348274183021072,0.006517258169789278,0.0034827418302107224,6.9654836604214445,-0.03289255330072291,0.013494698954335626,4.179290196252866,0.025,0.0,-0.03,0.0,1.0,0.0,0.01
6,0.19999609807501645,65,0.0796747534806868,0.0,-0.023774957557593845,0.0062250424424061535,0.0037749575575938468,7.5499151151876935,-0.03715313896250306,0.001800347412654783,4.529949069112616,0.025,0.0,-0.03,0.0,1.0,0.0,0.01
6,0.19999609807501645,66,0.08088647931488036,0.0,-0.024066988788459164,0.005933011211540835,0.004066988788459165,8.13397757691833,-0.03547012408006519,0.014749919230003588,4.880386546150998,0.025,0.0,-0.03,0.0,1.0,0.0,0.01
6,0.19999609807501645,67,0.08209821515386052,0.0,-0.024358831696605465,0.005641168303394534,0.0043588316966054665,8.717663393210932,-0.04000175096369951,0.0018984129617980459,5.230598035926559,0.025,0.0,-0.03,0.0,1.0,0.0,0.01
6,0.19999609807501645,68,0.08331002999439187,0.0,-0.02465051523679015,0.005349484763209848,0.004650515236790153,9.301030473580305,-0.03806786542365437,0.015912886822886538,5.580618284148183,0.025,0.0,-0.03,0.0,1.0,0.0,0.01
6,0.19999609807501645,69,0.08452183862291571,0.0,-0.024942031969459676,0.005057968030540323,0.004942031969459677,9.884063938919354,-0.04282902348008049,0.002096267486637223,5.9304383633516125,0.025,0.0,-0.03,0.0,1.0,0.0,0.01
6,0.19999609807501645,70,0.08573373038075296,0.0,-0.025233417124880607,0.004766582875119392,0.005233417124880608,10.466834249761217,-0.04069365905273637,0.01696742722685283,6.28010054985673,0.025,0.0,-0.03,0.0,1.0,0.0,0.01
6,0.19999609807501645,71,0.08694559945280048,0.0,-0.025524659679822426,0.004475340320177573,0.005524659679822427,11.049319359644853,-0.045630550728272185,0.002409560515902591,6.629591615786912,0.025,0.0,-0.03,0.0,1.0,0.0,0.01
6,0.19999609807501645,72,0.08815755461062173,0.0,-0.025815800800632633,0.004184199199367366,0.005815800800632634,11.631601601265269,-0.04335034655571447,0.01789952077086935,6.978960960759161,0.025,0.0,-0.03,0.0,1.0,0.0,0.01
6,0.19999609807501645,73,0.08936947094958993,0.0,-0.026106826128941923,0.003893173871058076,0.006106826128941924,12.213652257883847,-0.048403127475396976,0.0028505893491332025,7.328191354730308,0.025,0.0,-0.03,0.0,1.0,0.0,0.01
6,0.19999609807501645,74,0.090581474552033,0.0,-0.026397782131689862,0.003602217868310137,0.006397782131689863,12.795564263379726,-0.046039860419906306,0.018698816637089964,7.677338558027835,0.025,0.0,-0.03,0.0,1.0,0.0,0.01
6,0.19999609807501645,75,0.09179342434666211,0.0,-0.02668865168844907,0.0033113483115509296,0.006688651688449071,13.37730337689814,-0.05114442167359114,0.003427849001983287,8.026382026138885,0.025,0.0,-0.03,0.0,1.0,0.0,0.01
6,0.19999609807501645,76,0.09300546006001799,0.0,-0.026979485554812308,0.0030205144451876907,0.0069794855548123095,13.958971109624619,-0.04876322872613892,0.019358859933798735,8.37538266577477,0.025,0.0,-0.03,0.0,1.0,0.0,0.01
6,0.19999609807501645,77,0.0942174289896621,0.0,-0.027270264795292435,0.002729735204707564,0.007270264795292436,14.540529590584873,-0.05385290281309818,0.00414591632542836,8.724317754350924,0.025,0.0,-0.03,0.0,1.0,0.0,0.01
6,0.19999609807501645,78,0.09542947925310845,0.0,-0.027561043054621037,0.0024389569453789617,0.0075610430546210385,15.122086109242076,-0.05152141548920809,0.019877277172197762,9.073251665545245,0.025,0.0,-0.03,0.0,1.0,0.0,0.01
6,0.19999609807501645,79,0.09664145252417744,0.0,-0.02785180090047294,0.00214819909952706,0.00785180090047294,15.70360180094588,-0.05651971750876418,0.0050036113331908445,9.422161080567527,0.025,0.0,-0.03,0.0,1.0,0.0,0.01
6,0.19999609807501645,80,0.09785768223943292,0.0,-0.02814056439738659,0.0018594356026134101,0.00814056439738659,16.28112879477318,-0.05431508070030858,0.020343280243554317,9.768677276863908,0.025,0.0,-0.03,0.0,1.0,0.0,0.01
7,0.2333287810875192,0,0.0,0.0,-0.02,0.009999999999999998,1.734723475976807e-18,3.469446951953614e-15,0.0,0.0,2.0816681711721685e-15,0.025,0.0,-0.03,0.0,1.0,0.0,0.01
7,0.2333287810875192,52,0.06386151672481832,0.0,-0.020333521058402304,0.009666478941597695,0.0003335210584023054,0.6670421168046108,-0.017970281364846987,0.003331267218409634,0.4002252700827665,0.025,0.0,-0.03,0.0,1.0,0.0,0.01
7,0.2333287810875192,53,0.06505583286123373,0.0,-0.020690061509982028,0.009309938490017971,0.0006900615099820293,1.3801230199640586,-0.019009450466136123,0.004308746459524726,0.8280738119784351,0.025,0.0,-0.03,0.0,1.0,0.0,0.01
7,0.2333287810875192,54,0.06625003619993927,0.0,-0.021047112857528732,0.008952887142471267,0.0010471128575287331,2.0942257150574664,-0.020128398146239467,0.0050217074464026885,1.2565354290344797,0.025,0.0,-0.03,0.0,1.0,0.0,0.01
7,0.2333287810875192,55,0.0674440969251991,0.0,-0.02140451230613152,0.008595487693868479,0.0014045123061315213,2.8090246122630425,-0.021751325697646352,0.004047383622278672,1.6854147673578255,0.025,0.0,-0.03,0.0,1.0,0.0,0.01
7,0.2333287810875192,56,0.06863812648775645,0.0,-0.02176213874895463,0.008237861251045368,0.0017621387489546326,3.524277497909265,-0.022271129983329155,0.006770453320416928,2.114566498745559,0.025,0.0,-0.03,0.0,1.0,0.0,0.01
7,0.2333287810875192,57,0.06983210094046274,0.0,-0.022119830564336706,0.007880169435663293,0.002119830564336707,4.239661128673414,-0.024505259991306375,0.0037475147088987595,2.5437966772040483,0.025,0.0,-0.03,0.0,1.0,0.0,0.01
7,0.2333287810875192,58,0.07102612628204524,0.0,-0.022477465087330253,0.007522534912669746,0.002477465087330254,4.954930174660508,-0.024404711657551384,0.008542878678444945,2.9729581047963047,0.025,0.0,-0.03,0.0,1.0,0.0,0.01
7,0.2333287810875192,59,0.0722201839020927,0.0,-0.022834882919393173,0.007165117080606825,0.002834882919393175,5.66976583878635,-0.027256124988553277,0.003435947572527739,3.4018595032718095,0.025,0.0,-0.03,0.0,1.0,0.0,0.01
7,0.2333287810875192,60,0.07341437392431725,0.0,-0.023191960849432695,0.0068080391505673035,0.0031919608494326967,6.383921698865393,-0.026533995414588445,0.010309438431682593,3.8303530193192357,0.025,0.0,-0.03,0.0,1.0,0.0,0.01
7,0.2333287810875192,61,0.07460868243191537,0.0,-0.023548542706192173,0.006451457293807826,0.003548542706192174,7.097085412384349,-0.0299900201613343,0.0031342104168294005,4.258251247430609,0.025,0.0,-0.03,0.0,1.0,0.0,0.01
7,0.2333287810875192,62,0.07580320325122807,0.0,-0.023904505739915736,0.006095494260084263,0.003904505739915737,7.809011479831474,-0.028665998557953865,0.012046558166242402,4.685406887898885,0.025,0.0,-0.03,0.0,1.0,0.0,0.01
7,0.2333287810875192,63,0.07699792663269381,0.0,-0.024259698079319974,0.005740301920680025,0.004259698079319975,8.51939615863995,-0.03265826953972245,0.002849096922546279,5.11163769518397,0.025,0.0,-0.03,0.0,1.0,0.0,0.01
7,0.2333287810875192,64,0.07819811819140812,0.0,-0.024595993953327816,0.005404006046672183,0.004595993953327817,9.191987906655635,-0.030938638531180656,0.013752274768668821,5.5151927439933806,0.025,0.0,-0.03,0.0,1.0,0.0,0.01
7,0.2333287810875192,65,0.0793983379111608,0.0,-0.02493210563729598,0.0050678943627040195,0.004932105637295981,9.86421127459196,-0.035438017954877984,0.002611737926494264,5.9185267647551765,0.025,0.0,-0.03,0.0,1.0,0.0,0.01
7,0.2333287810875192,66,0.08059862493523583,0.0,-0.025268053644478452,0.004731946355521547,0.005268053644478453,10.536107288956906,-0.03324393304298297,0.015374899756372051,6.321664373374143,0.025,0.0,-0.03,0.0,1.0,0.0,0.01
7,0.2333287810875192,67,0.08179893810684868,0.0,-0.02560383667266794,0.004396163327332059,0.005603836672667941,11.207673345335882,-0.0382330603428909,0.002461098781806398,6.724604007201529,0.025,0.0,-0.03,0.0,1.0,0.0,0.01
7,0.2333287810875192,68,0.08299930972348044,0.0,-0.02593947467479547,0.004060525325204529,0.005939474674795471,11.878949349590943,-0.03557323068044244,0.016907885797796673,7.127369609754566,0.025,0.0,-0.03,0.0,1.0,0.0,0.01
7,0.2333287810875192,69,0.08419970510361542,0.0,-0.026274969558342468,0.0037250304416575307,0.0062749695583424695,12.54993911668494,-0.041002183776297246,0.0024116867663240777,7.529963470010963,0.025,0.0,-0.03,0.0,1.0,0.0,0.01
7,0.2333287810875192,70,0.08540014907639276,0.0,-0.02661034051711966,0.0033896594828803396,0.006610340517119661,13.220681034239322,-0.03793671733515107,0.018325943947554182,7.932408620543592,0.025,0.0,-0.03,0.0,1.0,0.0,0.01
7,0.2333287810875192,71,0.08660061400286524,0.0,-0.026945592720899195,0.0030544072791008035,0.006945592720899197,13.891185441798394,-0.04373698440062304,0.0024916878432968,8.334711265079036,0.025,0.0,-0.03,0.0,1.0,0.0,0.01
7,0.2333287810875192,72,0.08780111688693287,0.0,-0.02728074440786957,0.0027192555921304283,0.007280744407869572,14.561488815739144,-0.040342211958759484,0.019599082449119204,8.736893289443486,0.025,0.0,-0.03,0.0,1.0,0.0,0.01
7,0.2333287810875192,73,0.0890016373187636,0.0,-0.02761580395129859,0.002384196048701409,0.007615803951298591,15.231607902597181,-0.04642857129051871,0.0027322368039820618,9.138964741558308,0.025,0.0,-0.03,0.0,1.0,0.0,0.01
7,0.2333287810875192,74,0.09020218462658011,0.0,-0.02795078856760755,0.0020492114323924504,0.00795078856760755,15.9015771352151,-0.04279790530310923,0.020695844329627747,9.54094628112906,0.025,0.0,-0.03,0.0,1.0,0.0,0.01
7,0.2333287810875192,75,0.09140274521190825,0.0,-0.02828570959740519,0.0017142904025948084,0.008285709597405192,16.571419194810385,-0.049068116984543185,0.0031641408631916754,9.94285151688623,0.025,0.0,-0.03,0.0,1.0,0.0,0.01
7,0.2333287810875192,76,0.09260332155790085,0.0,-0.028620583349047227,0.0013794166509527722,0.008620583349047228,17.241166698094457,-0.04531132720497429,0.0215872233738445,10.344700018856674,0.025,0.0,-0.03,0.0,1.0,0.0,0.01
7,0.2333287810875192,77,0.09380390574448783,0.0,-0.02895542368728292,0.0010445763127170798,0.00895542368728292,17.91084737456584,-0.0516479805246594,0.0038134508791910753,10.746508424739504,0.025,0.0,-0.03,0.0,1.0,0.0,0.01
7,0.2333287810875192,78,0.09500449495724429,0.0,-0.029290246317010826,0.0007097536829891726,0.009290246317010828,18.580492634021656,-0.047888983127577285,0.022251552154946893,11.148295580412993,0.025,0.0,-0.03,0.0,1.0,0.0,0.01
7,0.2333287810875192,79,0.09620508515020629,0.0,-0.02962506698951262,0.00037493301048737923,0.009625066989512621,19.250133979025243,-0.05415384219686153,0.004694336769626493,11.550080387415145,0.025,0.0,-0.03,0.0,1.0,0.0,0.01
7,0.2333287810875192,80,0.09740988483014265,0.0,-0.02995816823300156,4.1831766998439573e-05,0.00995816823300156,19.91633646600312,-0.05052836881896417,0.022783553028189345,11.949801879601871,0.025,0.0,-0.03,0.0,1.0,0.0,0.01
8,0.26666146410002195,0,0.0,0.0,-0.02,0.009999999999999998,1.734723475976807e-18,3.469446951953614e-15,0.0,0.0,2.0816681711721685e-15,0.025,0.0,-0.03,0.0,1.0,0.0,0.01
8,0.26666146410002195,50,0.06136410798800732,0.0,-0.020122466954505314,0.009877533045494685,0.00012246695450531496,0.24493390901062992,-0.014492925519962025,0.003721040995668377,0.14696034540637795,0.025,0.0,-0.03,0.0,1.0,0.0,0.01
8,0.26666146410002195,51,0.0625464314358285,0.0,-0.02051688088082184,0.009483119119178159,0.0005168808808218416,1.0337617616436832,-0.015926753223846915,0.003220895395356624,0.6202570569862099,0.025,0.0,-0.03,0.0,1.0,0.0,0.01
8,0.26666146410002195,52,0.06372855795927715,0.0,-0.020912180052963213,0.009087819947036786,0.000912180052963214,1.8243601059264278,-0.016709276000820422,0.0046886732222318995,1.0946160635558566,0.025,0.0,-0.03,0.0,1.0,0.0,0.01
8,0.26666146410002195,53,0.06491036533946501,0.0,-0.021308147572531782,0.008691852427468217,0.0013081475725317832,2.6162951450635665,-0.018286478066314546,0.003777150173907472,1.5697770870381398,0.025,0.0,-0.03,0.0,1.0,0.0,0.01
8,0.26666146410002195,54,0.06609207491207857,0.0,-0.021704679951978053,0.008295320048021946,0.0017046799519780543,3.4093599039561084,-0.018927834447012362,0.0056735027443541005,2.045615942373665,0.025,0.0,-0.03,0.0,1.0,0.0,0.01
8,0.26666146410002195,55,0.06727357934175615,0.0,-0.022101563098419545,0.007898436901580454,0.002101563098419546,4.203126196839092,-0.020655519386240686,0.0043219942342298985,2.521875718103455,0.025,0.0,-0.03,0.0,1.0,0.0,0.01
8,0.26666146410002195,56,0.068455085133942,0.0,-0.022498687420253197,0.007501312579746802,0.002498687420253198,4.997374840506396,-0.02114297259162485,0.006677509811659472,2.9984249043038376,0.025,0.0,-0.03,0.0,1.0,0.0,0.01
8,0.26666146410002195,57,0.06963650260790885,0.0,-0.022895844040512398,0.007104155959487601,0.002895844040512399,5.791688081024797,-0.023029778191653374,0.00485081222738614,3.4750128486148784,0.025,0.0,-0.03,0.0,1.0,0.0,0.01
8,0.26666146410002195,58,0.0708180196506998,0.0,-0.023292917254447695,0.0067070827455523035,0.0032929172544476967,6.585834508895394,-0.023351322710193557,0.007696211270554758,3.951500705337236,0.025,0.0,-0.03,0.0,1.0,0.0,0.01
8,0.26666146410002195,59,0.07199956633177787,0.0,-0.023689705563614903,0.006310294436385096,0.0036897055636149045,7.379411127229809,-0.025402749604940045,0.005366017349696882,4.4276466763378854,0.025,0.0,-0.03,0.0,1.0,0.0,0.01
8,0.26666146410002195,60,0.07318130884702281,0.0,-0.024086087410488764,0.005913912589511235,0.004086087410488765,8.17217482097753,-0.02555196650052866,0.008718018433679527,4.903304892586518,0.025,0.0,-0.03,0.0,1.0,0.0,0.01
8,0.26666146410002195,61,0.07436319836010623,0.0,-0.02448187054577163,0.00551812945422837,0.00448187054577163,8.96374109154326,-0.027765569102572683,0.005876709496861648,5.378244654925957,0.025,0.0,-0.03,0.0,1.0,0.0,0.01
8,0.26666146410002195,62,0.07554537710724084,0.0,-0.02487692811255378,0.0051230718874462206,0.00487692811255378,9.75385622510756,-0.027747164761374232,0.009725989799006159,5.852313735064536,0.025,0.0,-0.03,0.0,1.0,0.0,0.01
8,0.26666146410002195,63,0.07672781787353936,0.0,-0.025271078710080785,0.004728921289919214,0.005271078710080786,10.542157420161573,-0.030096435844065853,0.006392701509383806,6.325294452096943,0.025,0.0,-0.03,0.0,1.0,0.0,0.01
8,0.26666146410002195,64,0.07791569447142853,0.0,-0.025648588410030468,0.004351411589969531,0.005648588410030469,11.297176820060939,-0.03002768090456165,0.010712215731073825,6.778306092036563,0.025,0.0,-0.03,0.0,1.0,0.0,0.01
8,0.26666146410002195,65,0.07910359583550829,0.0,-0.02602593438479054,0.003974065615209459,0.006025934384790542,12.051868769581084,-0.032543450506356965,0.006947764233313033,7.23112126174865,0.025,0.0,-0.03,0.0,1.0,0.0,0.01
8,0.26666146410002195,66,0.08029156297456846,0.0,-0.02640313792821775,0.0035968620717822496,0.006403137928217751,12.806275856435501,-0.0323693845075659,0.011652227182817332,7.6837655138613,0.025,0.0,-0.03,0.0,1.0,0.0,0.01
8,0.26666146410002195,67,0.08147956135525389,0.0,-0.026780196944264048,0.003219803055735951,0.006780196944264049,13.560393888528099,-0.034988759220153674,0.00755689381556246,8.136236333116859,0.025,0.0,-0.03,0.0,1.0,0.0,0.01
8,0.26666146410002195,68,0.08266760905461304,0.0,-0.027157126711970944,0.0028428732880290547,0.0071571267119709455,14.31425342394189,-0.034729704699168355,0.01253662542992064,8.588552054365135,0.025,0.0,-0.03,0.0,1.0,0.0,0.01
8,0.26666146410002195,69,0.08385569294971205,0.0,-0.02753393325628016,0.0024660667437198386,0.007533933256280162,15.067866512560323,-0.037417722272403454,0.008224739625012795,9.040719907536193,0.025,0.0,-0.03,0.0,1.0,0.0,0.01
8,0.26666146410002195,70,0.08504380995574863,0.0,-0.027910626414003527,0.002089373585996472,0.007910626414003528,15.821252828007056,-0.037110875288193734,0.013361254405438387,9.492751696804234,0.025,0.0,-0.03,0.0,1.0,0.0,0.01
8,0.26666146410002195,71,0.08623196622685665,0.0,-0.028287219552510602,0.0017127804474893968,0.008287219552510603,16.574439105021206,-0.03982977886875436,0.008951668689007817,9.944663463012724,0.025,0.0,-0.03,0.0,1.0,0.0,0.01
8,0.26666146410002195,72,0.08742014007137855,0.0,-0.028663717795458205,0.0013362822045417944,0.008663717795458206,17.327435590916412,-0.03951136291839391,0.014129652202646089,10.396461354549848,0.025,0.0,-0.03,0.0,1.0,0.0,0.01
8,0.26666146410002195,73,0.08860835407358082,0.0,-0.029040140848713727,0.0009598591512862721,0.009040140848713728,18.080281697427456,-0.04222688934803096,0.009730433761252981,10.848169018456472,0.025,0.0,-0.03,0.0,1.0,0.0,0.01
8,0.26666146410002195,74,0.08979657115339984,0.0,-0.029416490048234177,0.0005835099517658218,0.009416490048234178,18.832980096468358,-0.04192748339818193,0.014852115317755526,11.299788057881015,0.025,0.0,-0.03,0.0,1.0,0.0,0.01
8,0.26666146410002195,75,0.09098482687933318,0.0,-0.029792790239102997,0.00020720976089700152,0.009792790239102999,19.585580478205998,-0.04461270096355368,0.010548363929420495,11.751348286923598,0.025,0.0,-0.03,0.0,1.0,0.0,0.01
8,0.26666146410002195,76,0.09217307253831744,0.0,-0.03016904005285887,0.0001690400528588723,0.009830959947141128,19.661919894282256,0.04435436821266022,0.015542707942779866,11.797151936569353,0.025,0.0,-0.03,0.0,1.0,0.0,0.01
8,0.26666146410002195,77,0.09336135277669906,0.0,-0.03054526812342789,0.000545268123427891,0.00945473187657211,18.90946375314422,0.04699140793632298,0.011390914791533322,11.34567825188653,0.025,0.0,-0.03,0.0,1.0,0.0,0.01
8,0.26666146410002195,78,0.09454961138996015,0.0,-0.030921471573740998,0.0009214715737409993,0.009078528426259001,18.157056852518004,0.04678739097336636,0.01621545305882575,10.894234111510801,0.025,0.0,-0.03,0.0,1.0,0.0,0.01
8,0.26666146410002195,79,0.09573789789874712,0.0,-0.03129768136700265,0.0012976813670026524,0.008702318632997348,17.404637265994694,0.04936442181592546,0.012244926972471573,10.442782359596816,0.025,0.0,-0.03,0.0,1.0,0.0,0.01
8,0.26666146410002195,80,0.09693038118794706,0.0,-0.03167244473368258,0.001672444733682582,0.008327555266317418,16.655110532634836,0.0492268430415778,0.01690599590391655,9.993066319580901,0.025,0.0,-0.03,0.0,1.0,0.0,0.01
9,0.2999941471125247,0,0.0,0.0,-0.02,0.009999999999999998,1.734723475976807e-18,3.469446951953614e-15,0.0,0.0,2.0816681711721685e-15,0.025,0.0,-0.03,0.0,1.0,0.0,0.01
9,0.2999941471125247,49,0.060080848065047945,0.0,-0.020166902719502628,0.00983309728049737,0.00016690271950262937,0.3338054390052587,-0.013180758464422874,0.001991608817218046,0.20028326340315522,0.025,0.0,-0.03,0.0,1.0,0.0,0.01
9,0.2999941471125247,50,0.061250723485092806,0.0,-0.020597077645758778,0.00940292235424122,0.0005970776457587795,1.1941552915175588,-0.013493679513149495,0.004445878899480873,0.7164931749105353,0.025,0.0,-0.03,0.0,1.0,0.0,0.01
9,0.2999941471125247,51,0.062420134740507574,0.0,-0.02102832787661886,0.008971672123381139,0.0010283278766188616,2.056655753237723,-0.015239998187454164,0.0029943707767042488,1.2339934519426337,0.025,0.0,-0.03,0.0,1.0,0.0,0.01
9,0.2999941471125247,52,0.06358926396020526,0.0,-0.021460522704032692,0.008539477295967306,0.0014605227040326938,2.9210454080653876,-0.015727565334624237,0.004975240013827182,1.7526272448392326,0.025,0.0,-0.03,0.0,1.0,0.0,0.01
9,0.2999941471125247,53,0.06475805972577914,0.0,-0.021893443840919874,0.008106556159080125,0.0018934438409198753,3.7868876818397506,-0.01727239691281747,0.004090174311438278,2.27213260910385,0.025,0.0,-0.03,0.0,1.0,0.0,0.01
9,0.2999941471125247,54,0.06592669892583275,0.0,-0.02232695586232453,0.007673044137675469,0.0023269558623245316,4.653911724649063,-0.017999221160443023,0.005426728885371576,2.792347034789438,0.025,0.0,-0.03,0.0,1.0,0.0,0.01
9,0.2999941471125247,55,0.06709513939362757,0.0,-0.022760841534896475,0.007239158465103524,0.002760841534896476,5.521683069792952,-0.019278513709656882,0.005268160506441825,3.3130098418757714,0.025,0.0,-0.03,0.0,1.0,0.0,0.01
9,0.2999941471125247,56,0.06826355004758938,0.0,-0.023194961145771797,0.006805038854228201,0.0031949611457717988,6.389922291543598,-0.020300335351084223,0.005807896300626843,3.8339533749261583,0.025,0.0,-0.03,0.0,1.0,0.0,0.01
9,0.2999941471125247,57,0.06943189898792548,0.0,-0.02362910053069874,0.00637089946930126,0.00362910053069874,7.25820106139748,-0.021259689611401945,0.006512840117127166,4.354920636838488,0.025,0.0,-0.03,0.0,1.0,0.0,0.01
9,0.2999941471125247,58,0.07060034461373435,0.0,-0.0240631162197128,0.0059368837802872,0.0040631162197128,8.1262324394256,-0.022620863378577355,0.006130347351775525,4.87573946365536,0.025,0.0,-0.03,0.0,1.0,0.0,0.01
9,0.2999941471125247,59,0.07176886602900182,0.0,-0.0244967990170793,0.0055032009829206995,0.004496799017079301,8.993598034158602,-0.02321896528890143,0.007804895833273715,5.3961588204951605,0.025,0.0,-0.03,0.0,1.0,0.0,0.01
9,0.2999941471125247,60,0.07293760890534012,0.0,-0.0249300023721328,0.005069997627867199,0.004930002372132801,9.860004744265602,-0.024949235589618698,0.006409206413741698,5.916002846559361,0.025,0.0,-0.03,0.0,1.0,0.0,0.01
9,0.2999941471125247,61,0.0741065636828454,0.0,-0.02536252377831178,0.004637476221688218,0.005362523778311782,10.725047556623565,-0.02516080854276836,0.009121953588675924,6.435028533974139,0.025,0.0,-0.03,0.0,1.0,0.0,0.01
9,0.2999941471125247,62,0.07527586159042356,0.0,-0.02579421447299897,0.00420578552700103,0.0057942144729989705,11.588428945997942,-0.0272719032939641,0.006661950331912132,6.953057367598765,0.025,0.0,-0.03,0.0,1.0,0.0,0.01
9,0.2999941471125247,63,0.07644550421352021,0.0,-0.02622488016605313,0.0037751198339468703,0.00622488016605313,12.44976033210626,-0.027100418873436966,0.010443225717648531,7.469856199263756,0.025,0.0,-0.03,0.0,1.0,0.0,0.01
9,0.2999941471125247,64,0.07762040057507513,0.0,-0.026641030466561886,0.003358969533438113,0.006641030466561887,13.282060933123775,-0.02962485069210159,0.006911692771824438,7.969236559874265,0.025,0.0,-0.03,0.0,1.0,0.0,0.01
9,0.2999941471125247,65,0.07879532215210502,0.0,-0.027057037945937917,0.0029429620540620816,0.007057037945937919,14.114075891875837,-0.02916981658219878,0.011762239815338046,8.468445535125502,0.025,0.0,-0.03,0.0,1.0,0.0,0.01
9,0.2999941471125247,66,0.0799703083166858,0.0,-0.027472923528116037,0.002527076471883962,0.007472923528116038,14.945847056232076,-0.03204703858155109,0.007201655961904773,8.967508233739245,0.025,0.0,-0.03,0.0,1.0,0.0,0.01
9,0.2999941471125247,67,0.08114532129884787,0.0,-0.02788868141680266,0.0021113185831973386,0.007888681416802662,15.777362833605324,-0.031246027302483683,0.01303944903905467,9.466417700163193,0.025,0.0,-0.03,0.0,1.0,0.0,0.01
9,0.2999941471125247,68,0.0823203879560029,0.0,-0.028304329321667706,0.001695670678332293,0.008304329321667707,16.608658643335414,-0.03445458301130552,0.007541652288778608,9.965195186001248,0.025,0.0,-0.03,0.0,1.0,0.0,0.01
9,0.2999941471125247,69,0.08349548163758698,0.0,-0.028719866639512287,0.0012801333604877119,0.008719866639512288,17.439733279024576,-0.03334535317663083,0.014257195258375491,10.463839967414746,0.025,0.0,-0.03,0.0,1.0,0.0,0.01
9,0.2999941471125247,70,0.08467061804752184,0.0,-0.029135308341932068,0.0008646916580679308,0.00913530834193207,18.270616683864137,-0.03683944320054837,0.00795093315275231,10.962370010318482,0.025,0.0,-0.03,0.0,1.0,0.0,0.01
9,0.2999941471125247,71,0.08584578012883423,0.0,-0.029550658394602126,0.00044934160539787313,0.009550658394602127,19.101316789204255,-0.03547383800620047,0.015397362499791647,11.460790073522553,0.025,0.0,-0.03,0.0,1.0,0.0,0.01
9,0.2999941471125247,72,0.087020974160809,0.0,-0.029965929568562505,3.4070431437494e-05,0.009965929568562506,19.931859137125013,-0.03919556934581352,0.008445839001038128,11.959115482275008,0.025,0.0,-0.03,0.0,1.0,0.0,0.01
9,0.2999941471125247,73,0.0881961908896902,0.0,-0.030381129678608388,0.0003811296786083891,0.009618870321391611,19.237740642783223,0.03763618267374318,0.016445362128073432,11.542644385669933,0.025,0.0,-0.03,0.0,1.0,0.0,0.01
9,0.2999941471125247,74,0.08937142908582495,0.0,-0.03079626988723986,0.0007962698872398602,0.00920373011276014,18.40746022552028,0.04151823881469737,0.009038920023616195,11.044476135312166,0.025,0.0,-0.03,0.0,1.0,0.0,0.01
9,0.2999941471125247,75,0.09054668540353966,0.0,-0.031211361094462223,0.0012113610944622238,0.008788638905537776,17.577277811075554,0.039835682431387305,0.01739057292746317,10.546366686645332,0.025,0.0,-0.03,0.0,1.0,0.0,0.01
9,0.2999941471125247,76,0.09172195306029486,0.0,-0.03162641345045381,0.0016264134504538133,0.008373586549546187,16.747173099092375,0.043804133844617815,0.009738668492353405,10.048303859455425,0.025,0.0,-0.03,0.0,1.0,0.0,0.01
9,0.2999941471125247,77,0.09289723274592601,0.0,-0.032041440177792035,0.0020414401777920366,0.007958559822207964,15.917119644415926,0.04207422937310449,0.018226482479780884,9.550271786649555,0.025,0.0,-0.03,0.0,1.0,0.0,0.01
9,0.2999941471125247,78,0.09407251401705441,0.0,-0.03245645097908657,0.0024564509790865677,0.0075435490209134325,15.087098041826865,0.04605097804565668,0.010549377066153888,9.052258825096118,0.025,0.0,-0.03,0.0,1.0,0.0,0.01
9,0.2999941471125247,79,0.09524779982679636,0.0,-0.032871460664652206,0.0028714606646522076,0.007128539335347793,14.257078670695586,0.04435599879487741,0.018951902999867806,8.55424720241735,0.025,0.0,-0.03,0.0,1.0,0.0,0.01
9,0.2999941471125247,80,0.09642730490862288,0.0,-0.03328529940909327,0.0032852994090932716,0.006714700590906729,13.429401181813457,0.048276309251494426,0.01142418227875335,8.057640709088075,0.025,0.0,-0.03,0.0,1.0,0.0,0.01
10,0.33332683012502745,0,0.0,0.0,-0.02,0.009999999999999998,1.734723475976807e-18,3.469446951953614e-15,0.0,0.0,2.0816681711721685e-15,0.025,0.0,-0.03,0.0,1.0,0.0,0.01
10,0.33332683012502745,48,0.0588199098159859,0.0,-0.02011827706924136,0.00988172293075864,0.00011827706924136087,0.23655413848272175,-0.011245042379839884,0.0023656914325692114,0.14193248308963305,0.025,0.0,-0.03,0.0,1.0,0.0,0.01
10,0.33332683012502745,49,0.05997707967402462,0.0,-0.02058146430487719,0.009418535695122809,0.0005814643048771915,1.162928609754383,-0.011866787473895338,0.003700061815296348,0.6977571658526297,0.025,0.0,-0.03,0.0,1.0,0.0,0.01
10,0.33332683012502745,50,0.061133704736906824,0.0,-0.021046012880506323,0.008953987119493675,0.0010460128805063248,2.0920257610126494,-0.013376795615965047,0.002819722912556081,1.2552154566075895,0.025,0.0,-0.03,0.0,1.0,0.0,0.01
10,0.33332683012502745,51,0.06228985873532491,0.0,-0.02151173486273386,0.008488265137266138,0.0015117348627338625,3.023469725467725,-0.013712242680481393,0.004875246488620334,1.814081835280635,0.025,0.0,-0.03,0.0,1.0,0.0,0.01
10,0.33332683012502745,52,0.06344561430016532,0.0,-0.021978439558052402,0.008021560441947597,0.001978439558052403,3.9568791161048065,-0.015539379561396787,0.0032267607030354167,2.374127469662884,0.025,0.0,-0.03,0.0,1.0,0.0,0.01
10,0.33332683012502745,53,0.06460105259209581,0.0,-0.02244593783591592,0.00755406216408408,0.0024459378359159203,4.891875671831841,-0.015542436954337917,0.006110299520912514,2.935125403099104,0.025,0.0,-0.03,0.0,1.0,0.0,0.01
10,0.33332683012502745,54,0.06575624392936995,0.0,-0.022914034748980048,0.007085965251019951,0.0029140347489800492,5.828069497960098,-0.017727929882786146,0.003588414218249382,3.4968416987760587,0.025,0.0,-0.03,0.0,1.0,0.0,0.01
10,0.33332683012502745,55,0.06691127476089181,0.0,-0.02338254084811686,0.006617459151883137,0.003382540848116863,6.765081696233726,-0.017356902984609,0.007396367836777004,4.059049017740236,0.025,0.0,-0.03,0.0,1.0,0.0,0.01
10,0.33332683012502745,56,0.06806621332461858,0.0,-0.023851258742714068,0.006148741257285931,0.003851258742714069,7.702517485428138,-0.019934907193313138,0.003909520490640213,4.621510491256883,0.025,0.0,-0.03,0.0,1.0,0.0,0.01
10,0.33332683012502745,57,0.0692211491726181,0.0,-0.02431999951585055,0.005680000484149447,0.004319999515850553,8.639999031701105,-0.019157058160367224,0.008720627999370258,5.183999419020663,0.025,0.0,-0.03,0.0,1.0,0.0,0.01
10,0.33332683012502745,58,0.07037614866242867,0.0,-0.024788565153757183,0.005211434846242816,0.004788565153757184,9.577130307514368,-0.0221508823167695,0.004198996198329093,5.746278184508621,0.025,0.0,-0.03,0.0,1.0,0.0,0.01
10,0.33332683012502745,59,0.07153130229844083,0.0,-0.02525676813279916,0.0047432318672008394,0.005256768132799161,10.513536265598322,-0.020946159613485112,0.010066140597727742,6.308121759358993,0.025,0.0,-0.03,0.0,1.0,0.0,0.01
10,0.33332683012502745,60,0.07268667468350586,0.0,-0.025724411610654453,0.004275588389345546,0.0057244116106544545,11.44882322130891,-0.024364710355150226,0.004469707325599791,6.869293932785346,0.025,0.0,-0.03,0.0,1.0,0.0,0.01
10,0.33332683012502745,61,0.0738423552342548,0.0,-0.026191310353135523,0.0038086896468644757,0.0061913103531355245,12.38262070627105,-0.02272915829602166,0.011412461158888986,7.42957242376263,0.025,0.0,-0.03,0.0,1.0,0.0,0.01
10,0.33332683012502745,62,0.07499840681568395,0.0,-0.026657270428369264,0.003342729571630735,0.006657270428369265,13.31454085673853,-0.026562374594044934,0.004736998728576966,7.988724514043118,0.025,0.0,-0.03,0.0,1.0,0.0,0.01
10,0.33332683012502745,63,0.0761549158976423,0.0,-0.027122109834889423,0.0028778901651105755,0.007122109834889425,14.244219669778849,-0.02452858986343623,0.012743444437606742,8.546531801867308,0.025,0.0,-0.03,0.0,1.0,0.0,0.01
10,0.33332683012502745,64,0.07731635376846824,0.0,-0.02757442367165919,0.002425576328340808,0.007574423671659192,15.148847343318383,-0.02876639725089849,0.005021275553990967,9.08930840599103,0.025,0.0,-0.03,0.0,1.0,0.0,0.01
10,0.33332683012502745,65,0.0784778415495827,0.0,-0.028026624469511385,0.0019733755304886143,0.008026624469511386,16.053248939022772,-0.026456567996061657,0.014055410874035472,9.631949363413662,0.025,0.0,-0.03,0.0,1.0,0.0,0.01
10,0.33332683012502745,66,0.079639367186102,0.0,-0.028478713231279956,0.0015212867687200426,0.008478713231279958,16.957426462559916,-0.03104271687105598,0.005377349307318288,10.17445587753595,0.025,0.0,-0.03,0.0,1.0,0.0,0.01
10,0.33332683012502745,67,0.08080093768302724,0.0,-0.028930698999042454,0.0010693010009575447,0.008930698999042455,17.86139799808491,-0.028391745685309843,0.01530162026802906,10.716838798850945,0.025,0.0,-0.03,0.0,1.0,0.0,0.01
10,0.33332683012502745,68,0.08196254258804415,0.0,-0.029382584621815047,0.0006174153781849517,0.009382584621815048,18.765169243630098,-0.033296182409720924,0.005802769868526402,11.259101546178059,0.025,0.0,-0.03,0.0,1.0,0.0,0.01
10,0.33332683012502745,69,0.08312418637646601,0.0,-0.02983437933765026,0.0001656206623497393,0.009834379337650261,19.668758675300523,-0.030358453694191274,0.01647145132716974,11.801255205180313,0.025,0.0,-0.03,0.0,1.0,0.0,0.01
10,0.33332683012502745,70,0.08428586041060333,0.0,-0.03028608785466045,0.0002860878546604509,0.00971391214533955,19.427824290679098,0.03551873135731427,0.00631242886142135,11.656694574407458,0.025,0.0,-0.03,0.0,1.0,0.0,0.01
10,0.33332683012502745,71,0.0854475665750266,0.0,-0.030737719521554473,0.0007377195215544745,0.009262280478445526,18.52456095689105,0.03236172556936128,0.017551345802790063,11.11473657413463,0.025,0.0,-0.03,0.0,1.0,0.0,0.01
10,0.33332683012502745,72,0.08660929805056074,0.0,-0.031189280838510886,0.0011892808385108866,0.008810719161489114,17.62143832297823,0.03770570705843961,0.006917600016715506,10.572862993786936,0.025,0.0,-0.03,0.0,1.0,0.0,0.01
10,0.33332683012502745,73,0.08777105426977434,0.0,-0.03164078124749963,0.0016407812474996328,0.008359218752500367,16.718437505000736,0.03440468485480564,0.018532145383965543,10.031062503000442,0.025,0.0,-0.03,0.0,1.0,0.0,0.01
10,0.33332683012502745,74,0.0889328300550728,0.0,-0.03209222889478986,0.002092228894789862,0.007907771105210138,15.815542210420277,0.03985417266884084,0.007625112635676387,9.489325326252166,0.025,0.0,-0.03,0.0,1.0,0.0,0.01
10,0.33332683012502745,75,0.09009462269641605,0.0,-0.03254363335579044,0.0025436333557904423,0.007456366644209558,14.912733288419115,0.0364887884933768,0.0194089805560779,8.94763997305147,0.025,0.0,-0.03,0.0,1.0,0.0,0.01
10,0.33332683012502745,76,0.0912564283325358,0.0,-0.032995004211324515,0.002995004211324516,0.007004995788675484,14.009991577350968,0.04196270932536881,0.008437806433896786,8.40599494641058,0.025,0.0,-0.03,0.0,1.0,0.0,0.01
10,0.33332683012502745,77,0.0924182425545909,0.0,-0.033446351254563314,0.003446351254563315,0.006553648745436685,13.10729749087337,0.03861415026619088,0.020180599279203952,7.864378494524021,0.025,0.0,-0.03,0.0,1.0,0.0,0.01
10,0.33332683012502745,78,0.09358006238247377,0.0,-0.033897685239249006,0.0038976852392490074,0.006102314760750993,12.204629521501985,0.04403061190380541,0.00935519655739914,7.322777712901191,0.025,0.0,-0.03,0.0,1.0,0.0,0.01
10,0.33332683012502745,79,0.09474188224586165,0.0,-0.034349016290080005,0.004349016290080006,0.005650983709919994,11.301967419839988,0.040784672574278265,0.020850288645986696,6.781180451903992,0.025,0.0,-0.03,0.0,1.0,0.0,0.01
10,0.33332683012502745,80,0.09590791239671573,0.0,-0.03479943291063184,0.00479943291063184,0.00520056708936816,10.40113417873632,0.04608271981852862,0.010309526419419126,6.240680507241792,0.025,0.0,-0.03,0.0,1.0,0.0,0.01
11,0.3666595131375302,0,0.0,0.0,-0.02,0.009999999999999998,1.734723475976807e-18,3.469446951953614e-15,0.0,0.0,2.0816681711721685e-15,0.025,0.0,-0.03,0.0,1.0,0.0,0.01
11,0.3666595131375302,48,0.058727475108786655,0.0,-0.020477540630807325,0.009522459369192673,0.00047754063080732677,0.9550812616146536,-0.011091269026263142,0.0013084402571049195,0.5730487569687921,0.025,0.0,-0.03,0.0,1.0,0.0,0.01
11,0.3666595131375302,49,0.059871320117712186,0.0,-0.020972777996616784,0.009027222003383215,0.000972777996616785,1.94555599323357,-0.010696447557145189,0.004808686747926919,1.1673335959401419,0.025,0.0,-0.03,0.0,1.0,0.0,0.01
11,0.3666595131375302,50,0.06101450402002775,0.0,-0.021469443033841178,0.008530556966158821,0.001469443033841179,2.938886067682358,-0.013084941839638736,0.0018427676308018068,1.7633316406094148,0.025,0.0,-0.03,0.0,1.0,0.0,0.01
11,0.3666595131375302,51,0.062157185920695315,0.0,-0.02196736576236588,0.008032634237634118,0.0019673657623658827,3.9347315247317654,-0.012439126099391481,0.005885618191836921,2.360838914839059,0.025,0.0,-0.03,0.0,1.0,0.0,0.01
11,0.3666595131375302,52,0.06329937519959981,0.0,-0.022466308848081273,0.007533691151918726,0.002466308848081274,4.932617696162548,-0.015067681734908647,0.00240069393991296,2.9595706176975285,0.025,0.0,-0.03,0.0,1.0,0.0,0.01
11,0.3666595131375302,53,0.06444124227601618,0.0,-0.022966102905187063,0.007033897094812936,0.002966102905187064,5.932205810374128,-0.014198549163988787,0.006948889153079276,3.559323486224477,0.025,0.0,-0.03,0.0,1.0,0.0,0.01
11,0.3666595131375302,54,0.06558279142692244,0.0,-0.0234665045796722,0.006533495420327801,0.0034665045796721996,6.933009159344399,-0.017044586381360933,0.0029856113148023617,4.15980549560664,0.025,0.0,-0.03,0.0,1.0,0.0,0.01
11,0.3666595131375302,55,0.06672420125444946,0.0,-0.023967345486678213,0.006032654513321786,0.003967345486678214,7.934690973356428,-0.01597201036267344,0.007993276441221159,4.760814584013857,0.025,0.0,-0.03,0.0,1.0,0.0,0.01
11,0.3666595131375302,56,0.06786547187723134,0.0,-0.02446837862118668,0.005531621378813318,0.004468378621186682,8.936757242373364,-0.019011150726722076,0.0035961868070925316,5.362054345424018,0.025,0.0,-0.03,0.0,1.0,0.0,0.01
11,0.3666595131375302,57,0.06900678686060258,0.0,-0.024969437038420722,0.005030562961579277,0.004969437038420723,9.938874076841447,-0.017757604125982214,0.009014269681550198,5.963324446104868,0.025,0.0,-0.03,0.0,1.0,0.0,0.01
11,0.3666595131375302,58,0.07014814306706571,0.0,-0.025470272458224374,0.004529727541775625,0.005470272458224375,10.94054491644875,-0.020962988116064105,0.004230808312885042,6.56432694986925,0.025,0.0,-0.03,0.0,1.0,0.0,0.01
11,0.3666595131375302,59,0.07128972586698906,0.0,-0.02597071983192995,0.004029280168070051,0.00597071983192995,11.9414396638599,-0.019553231418310568,0.01000750216999598,7.164863798315939,0.025,0.0,-0.03,0.0,1.0,0.0,0.01
11,0.3666595131375302,60,0.07243152964701895,0.0,-0.026470531935558417,0.0035294680644415814,0.006470531935558419,12.941063871116837,-0.022895905378561062,0.004887764206370951,7.764638322670102,0.025,0.0,-0.03,0.0,1.0,0.0,0.01
11,0.3666595131375302,61,0.07357373860451989,0.0,-0.026969546138726312,0.0030304538612736867,0.0069695461387263135,13.939092277452627,-0.021356723085110316,0.010968782556392151,8.363455366471575,0.025,0.0,-0.03,0.0,1.0,0.0,0.01
11,0.3666595131375302,62,0.07471634523751694,0.0,-0.027467518512285957,0.0025324814877140424,0.007467518512285958,14.935037024571916,-0.024804937929516355,0.005564847810454889,8.96102221474315,0.025,0.0,-0.03,0.0,1.0,0.0,0.01
11,0.3666595131375302,63,0.07585952989875008,0.0,-0.02796428942480354,0.0020357105751964595,0.00796428942480354,15.928578849607081,-0.023175405998296605,0.01189834187338576,9.557147309764249,0.025,0.0,-0.03,0.0,1.0,0.0,0.01
11,0.3666595131375302,64,0.07700721099015034,0.0,-0.0284503973370512,0.0015496026629487972,0.008450397337051203,16.900794674102407,-0.026729793448947742,0.006269848425990228,10.140476804461445,0.025,0.0,-0.03,0.0,1.0,0.0,0.01
11,0.3666595131375302,65,0.07815497847354233,0.0,-0.028936428099075314,0.0010635719009246848,0.008936428099075315,17.872856198150632,-0.025111121430617438,0.012820074438000538,10.723713718890378,0.025,0.0,-0.03,0.0,1.0,0.0,0.01
11,0.3666595131375302,66,0.07930274014590917,0.0,-0.029422347118993747,0.000577652881006252,0.009422347118993748,18.844694237987497,-0.028718963718823674,0.007028765194273293,11.306816542792498,0.025,0.0,-0.03,0.0,1.0,0.0,0.01
11,0.3666595131375302,67,0.08045058294863179,0.0,-0.029908196293904236,9.180370609576313e-05,0.009908196293904237,19.816392587808473,-0.027050499306083272,0.013705531604535647,11.889835552685083,0.025,0.0,-0.03,0.0,1.0,0.0,0.01
11,0.3666595131375302,68,0.08159841804906785,0.0,-0.03039394368986236,0.00039394368986236245,0.009606056310137638,19.212112620275274,0.03069785901289338,0.007820319930238228,11.527267572165163,0.025,0.0,-0.03,0.0,1.0,0.0,0.01
11,0.3666595131375302,69,0.0827463279045385,0.0,-0.030879630404022314,0.0008796304040223149,0.009120369595977685,18.24073919195537,0.02900474405252862,0.014559922824131282,10.944443515173221,0.025,0.0,-0.03,0.0,1.0,0.0,0.01
11,0.3666595131375302,70,0.08389422757951358,0.0,-0.03136522725922869,0.0013652272592286907,0.00863477274077131,17.269545481542618,0.032665323112946336,0.008643224516794808,10.36172728892557,0.025,0.0,-0.03,0.0,1.0,0.0,0.01
11,0.3666595131375302,71,0.08504219473794514,0.0,-0.031850774379021285,0.001850774379021286,0.008149225620978714,16.298451241957427,0.030973217887321387,0.015384259967894618,9.779070745174456,0.025,0.0,-0.03,0.0,1.0,0.0,0.01
11,0.3666595131375302,72,0.08619014854397479,0.0,-0.03233624536792783,0.0023362453679278278,0.007663754632072172,15.327509264144345,0.034621642859286164,0.009496039549728117,9.196505558486606,0.025,0.0,-0.03,0.0,1.0,0.0,0.01
11,0.3666595131375302,73,0.08733816183824376,0.0,-0.03282167930513807,0.002821679305138068,0.007178320694861932,14.356641389723864,0.03295490150816398,0.016180095099009046,8.613984833834317,0.025,0.0,-0.03,0.0,1.0,0.0,0.01
11,0.3666595131375302,74,0.08848615784569017,0.0,-0.033307052491763814,0.003307052491763815,0.006692947508236185,13.38589501647237,0.03656730601355834,0.010376833113730916,8.031537009883422,0.025,0.0,-0.03,0.0,1.0,0.0,0.01
11,0.3666595131375302,75,0.08963420476884842,0.0,-0.03379240297457706,0.003792402974577058,0.006207597025422942,12.415194050845884,0.03494860768759133,0.01694936276530262,7.44911643050753,0.025,0.0,-0.03,0.0,1.0,0.0,0.01
11,0.3666595131375302,76,0.09078222967676233,0.0,-0.03427770958326972,0.004277709583269722,0.005722290416730278,11.444580833460558,0.038502883878209014,0.01128342862309035,6.866748500076334,0.025,0.0,-0.03,0.0,1.0,0.0,0.01
11,0.3666595131375302,77,0.09193029647065884,0.0,-0.034763009400348203,0.004763009400348205,0.005236990599651796,10.47398119930359,0.03695312826432703,0.0176941088715825,6.284388719582155,0.025,0.0,-0.03,0.0,1.0,0.0,0.01
11,0.3666595131375302,78,0.0930783357298101,0.0,-0.035248283560392064,0.0052482835603920655,0.004751716439607935,9.50343287921587,0.04042867218729589,0.01221360137513143,5.702059727529522,0.025,0.0,-0.03,0.0,1.0,0.0,0.01
11,0.3666595131375302,79,0.0942264074882651,0.0,-0.03573356827385914,0.005733568273859138,0.004266431726140862,8.532863452281724,0.03896968233062625,0.01841718172853302,5.119718071369034,0.025,0.0,-0.03,0.0,1.0,0.0,0.01
11,0.3666595131375302,80,0.09537863288006897,0.0,-0.03621816649759431,0.00621816649759431,0.00378183350240569,7.56366700481138,0.04236225789100374,0.013132134693828153,4.538200202886828,0.025,0.0,-0.03,0.0,1.0,0.0,0.01
12,0.3999921961500329,0,0.0,0.0,-0.02,0.009999999999999998,1.734723475976807e-18,3.469446951953614e-15,0.0,0.0,2.0816681711721685e-15,0.025,0.0,-0.03,0.0,1.0,0.0,0.01
12,0.3999921961500329,47,0.05750304918776475,0.0,-0.020292723673533332,0.009707276326466667,0.0002927236735333332,0.5854473470666665,-0.008813369052247432,0.002877592173821712,0.3512684082399999,0.025,0.0,-0.03,0.0,1.0,0.0,0.01
12,0.3999921961500329,48,0.05863425697019886,0.0,-0.020816116913289585,0.009183883086710413,0.0008161169132895867,1.6322338265791734,-0.010077711155711619,0.002300559390156359,0.9793402959475039,0.025,0.0,-0.03,0.0,1.0,0.0,0.01
12,0.3999921961500329,49,0.05976468801811125,0.0,-0.0213412492575676,0.0086587507424324,0.0013412492575676001,2.6824985151352,-0.010476410994757263,0.0037236491490460944,1.60949910908112,0.025,0.0,-0.03,0.0,1.0,0.0,0.01
12,0.3999921961500329,50,0.060894386537592896,0.0,-0.021867885708133937,0.008132114291866062,0.0018678857081339383,3.735771416267877,-0.011833547916025155,0.0030732116536320775,2.241462849760726,0.025,0.0,-0.03,0.0,1.0,0.0,0.01
12,0.3999921961500329,51,0.06202350723331504,0.0,-0.022395838579966458,0.007604161420033541,0.0023958385799664594,4.791677159932918,-0.012207446777061353,0.004544346975052981,2.875006295959751,0.025,0.0,-0.03,0.0,1.0,0.0,0.01
12,0.3999921961500329,52,0.06315208658346555,0.0,-0.022924862502358957,0.007075137497641042,0.0029248625023589585,5.849725004717917,-0.01356794868642983,0.0039037980987627883,3.50983500283075,0.025,0.0,-0.03,0.0,1.0,0.0,0.01
12,0.3999921961500329,53,0.06428029403568089,0.0,-0.02345477190148753,0.006545228098512469,0.003454771901487531,6.909543802975062,-0.013968936711113109,0.005320588219669037,4.145726281785037,0.025,0.0,-0.03,0.0,1.0,0.0,0.01
12,0.3999921961500329,54,0.06540815761678195,0.0,-0.02398531336783509,0.006014686632164909,0.003985313367835091,7.970626735670183,-0.01528224816076726,0.004789931160771178,4.7823760414021095,0.025,0.0,-0.03,0.0,1.0,0.0,0.01
12,0.3999921961500329,55,0.06653585943152354,0.0,-0.0245163044449681,0.005483695555031899,0.004516304444968101,9.032608889936203,-0.015756530513354308,0.006051721174008006,5.419565333961722,0.025,0.0,-0.03,0.0,1.0,0.0,0.01
12,0.3999921961500329,56,0.06766341868558987,0.0,-0.02504748561910698,0.00495251438089302,0.00504748561910698,10.09497123821396,-0.016975347970403093,0.005724875949743706,6.056982742928375,0.025,0.0,-0.03,0.0,1.0,0.0,0.01
12,0.3999921961500329,57,0.06879102784846852,0.0,-0.025578678503940754,0.004421321496059245,0.0055786785039407556,11.157357007881512,-0.01756489948570232,0.006739694981926617,6.694414204728907,0.025,0.0,-0.03,0.0,1.0,0.0,0.01
12,0.3999921961500329,58,0.0699186970400582,0.0,-0.026109619504128066,0.0038903804958719326,0.006109619504128068,12.219239008256135,-0.01864747858739466,0.006699512695603226,7.331543404953681,0.025,0.0,-0.03,0.0,1.0,0.0,0.01
12,0.3999921961500329,59,0.0710466266824894,0.0,-0.026640135176309917,0.003359864823690082,0.006640135176309918,13.280270352619837,-0.01938742445811882,0.007388667692783144,7.968162211571902,0.025,0.0,-0.03,0.0,1.0,0.0,0.01
12,0.3999921961500329,60,0.07217481763181158,0.0,-0.027169959931606157,0.0028300400683938416,0.007169959931606159,14.339919863212318,-0.02030006474641872,0.007702679441507498,8.60395191792739,0.025,0.0,-0.03,0.0,1.0,0.0,0.01
12,0.3999921961500329,61,0.07330347579827427,0.0,-0.027698926086718673,0.0023010739132813263,0.007698926086718674,15.397852173437348,-0.021216444676872014,0.008004693754146761,9.23871130406241,0.025,0.0,-0.03,0.0,1.0,0.0,0.01
12,0.3999921961500329,62,0.07443259266418317,0.0,-0.028226768189206945,0.0017732318107930543,0.008226768189206946,16.45353637841389,-0.02193555836063901,0.008721671814975613,9.872121827048334,0.025,0.0,-0.03,0.0,1.0,0.0,0.01
12,0.3999921961500329,63,0.07556237719653516,0.0,-0.028753325053751607,0.0012466749462483918,0.008753325053751608,17.506650107503216,-0.023042445574653844,0.008594757581928826,10.503990064501929,0.025,0.0,-0.03,0.0,1.0,0.0,0.01
12,0.3999921961500329,64,0.07669617413247339,0.0,-0.029270975475672405,0.0007290245243275935,0.009270975475672407,18.541950951344813,-0.023612793231681896,0.009761525908061855,11.125170570806887,0.025,0.0,-0.03,0.0,1.0,0.0,0.01
12,0.3999921961500329,65,0.07783006570009915,0.0,-0.029788573557457215,0.00021142644254278434,0.009788573557457216,19.577147114914432,-0.02497025478453035,0.009207449976554228,11.746288268948659,0.025,0.0,-0.03,0.0,1.0,0.0,0.01
12,0.3999921961500329,66,0.07896393227586433,0.0,-0.030306067989281125,0.0003060679892811259,0.009693932010718874,19.38786402143775,0.025341602189983544,0.010815613379502325,11.63271841286265,0.025,0.0,-0.03,0.0,1.0,0.0,0.01
12,0.3999921961500329,67,0.08009789243469437,0.0,-0.030823516782474386,0.0008235167824743872,0.009176483217525613,18.352966435051226,0.026897777910706782,0.009827839124854307,11.011779861030735,0.025,0.0,-0.03,0.0,1.0,0.0,0.01
12,0.3999921961500329,68,0.08123182307635565,0.0,-0.03134086820949856,0.0013408682094985594,0.00865913179050144,17.31826358100288,0.027077885884605277,0.011857731885879094,10.390958148601728,0.025,0.0,-0.03,0.0,1.0,0.0,0.01
12,0.3999921961500329,69,0.08236584480666141,0.0,-0.03185818224099621,0.001858182240996209,0.008141817759003791,16.283635518007582,0.02881864917250576,0.010466752956960184,9.77018131080455,0.025,0.0,-0.03,0.0,1.0,0.0,0.01
12,0.3999921961500329,70,0.08349983231610877,0.0,-0.03237540719629297,0.002375407196292971,0.007624592803707029,15.24918560741406,0.02882636015044613,0.01287692818765609,9.149511364448434,0.025,0.0,-0.03,0.0,1.0,0.0,0.01
12,0.3999921961500329,71,0.08463390704927279,0.0,-0.03289260442781239,0.0028926044278123897,0.0071073955721876105,14.214791144375221,0.030727940644144847,0.011134375073552239,8.528874686625132,0.025,0.0,-0.03,0.0,1.0,0.0,0.01
12,0.3999921961500329,72,0.08576794269356557,0.0,-0.03340972280250194,0.003409722802501944,0.006590277197498056,13.180554394996113,0.030591069351246825,0.013863568778504238,7.908332636997668,0.025,0.0,-0.03,0.0,1.0,0.0,0.01
12,0.3999921961500329,73,0.08690206037908942,0.0,-0.033926824480328875,0.003926824480328876,0.006073175519671124,12.146351039342248,0.03262142032701992,0.011839317517827895,7.287810623605348,0.025,0.0,-0.03,0.0,1.0,0.0,0.01
12,0.3999921961500329,74,0.08803613396962517,0.0,-0.03444385935614196,0.0044438593561419645,0.005556140643858036,11.11228128771607,0.03237523865968813,0.014809787512390699,6.667368772629643,0.025,0.0,-0.03,0.0,1.0,0.0,0.01
12,0.3999921961500329,75,0.0891702831558785,0.0,-0.034960889829010196,0.004960889829010197,0.005039110170989803,10.078220341979607,0.03449572492249046,0.012588260624010614,6.0469322051877645,0.025,0.0,-0.03,0.0,1.0,0.0,0.01
12,0.3999921961500329,76,0.0903043831379532,0.0,-0.03547786728480704,0.005477867284807043,0.004522132715192957,9.044265430385913,0.03418114261456946,0.015709785879880783,5.426559258231547,0.025,0.0,-0.03,0.0,1.0,0.0,0.01
12,0.3999921961500329,77,0.09143855106478081,0.0,-0.03599485379660401,0.005994853796604013,0.004005146203395987,8.010292406791974,0.036348460626810804,0.013385713309500783,4.806175444075184,0.025,0.0,-0.03,0.0,1.0,0.0,0.01
12,0.3999921961500329,78,0.09257266461560655,0.0,-0.03651180269083937,0.006511802690839369,0.0034881973091606313,6.976394618321263,0.036010125702002654,0.016560056651591014,4.185836770992758,0.025,0.0,-0.03,0.0,1.0,0.0,0.01
12,0.3999921961500329,79,0.09370683732395356,0.0,-0.03702877513824369,0.007028775138243688,0.002971224861756312,5.942449723512624,0.03817717769113389,0.014233394171440563,3.5654698341075743,0.025,0.0,-0.03,0.0,1.0,0.0,0.01
12,0.3999921961500329,80,0.09484510317862033,0.0,-0.03754527607996455,0.007545276079964552,0.002454723920035448,4.909447840070896,0.037863691640639886,0.017376990976187476,2.945668704042537,0.025,0.0,-0.03,0.0,1.0,0.0,0.01
13,0.43332487916253565,0,0.0,0.0,-0.02,0.009999999999999998,1.734723475976807e-18,3.469446951953614e-15,0.0,0.0,2.0816681711721685e-15,0.025,0.0,-0.03,0.0,1.0,0.0,0.01
13,0.43332487916253565,46,0.056224171092595684,0.0,-0.020242746314472513,0.009757253685527486,0.00024274631447251428,0.48549262894502854,-0.007694402511685257,0.0030664384835919697,0.2912955773670171,0.025,0.0,-0.03,0.0,1.0,0.0,0.01
13,0.43332487916253565,47,0.05742314548367857,0.0,-0.020583360053294236,0.009416639946705763,0.0005833600532942369,1.1667201065884738,-0.008780198541704684,0.0015482840597947972,0.7000320639530843,0.025,0.0,-0.03,0.0,1.0,0.0,0.01
13,0.43332487916253565,48,0.05854110511080207,0.0,-0.02113454271638063,0.008865457283619368,0.0011345427163806324,2.269085432761265,-0.008833159552743716,0.003666065414439646,1.361451259656759,0.025,0.0,-0.03,0.0,1.0,0.0,0.01
13,0.43332487916253565,49,0.059658155202114205,0.0,-0.021687523102399135,0.008312476897600864,0.0016875231023991358,3.375046204798272,-0.010534065121490464,0.00223085162946911,2.025027722878963,0.025,0.0,-0.03,0.0,1.0,0.0,0.01
13,0.43332487916253565,50,0.06077443639383768,0.0,-0.02224209389061211,0.0077579061093878895,0.0022420938906121107,4.484187781224222,-0.010354649381878656,0.004629771977154456,2.690512668734533,0.025,0.0,-0.03,0.0,1.0,0.0,0.01
13,0.43332487916253565,51,0.061890029023396256,0.0,-0.022798015315521346,0.007201984684478652,0.002798015315521348,5.596030631042695,-0.012248650164182875,0.0028487263941890393,3.357618378625617,0.025,0.0,-0.03,0.0,1.0,0.0,0.01
13,0.43332487916253565,52,0.06300506929458234,0.0,-0.023355072256388283,0.006644927743611716,0.0033550722563882845,6.710144512776569,-0.011869313265803247,0.005645402832356928,4.026086707665941,0.025,0.0,-0.03,0.0,1.0,0.0,0.01
13,0.43332487916253565,53,0.06411965028653835,0.0,-0.023913025778368208,0.006086974221631791,0.003913025778368209,7.8260515567364175,-0.013986806676295623,0.0034334923979140223,4.6956309340418505,0.025,0.0,-0.03,0.0,1.0,0.0,0.01
13,0.43332487916253565,54,0.06523390154212104,0.0,-0.02447165324991599,0.005528346750084009,0.0044716532499159915,8.943306499831984,-0.013369366723708543,0.0067036964656591435,5.36598389989919,0.025,0.0,-0.03,0.0,1.0,0.0,0.01
13,0.43332487916253565,55,0.06634792844355368,0.0,-0.025030718699425778,0.004969281300574221,0.0050307186994257794,10.06143739885156,-0.015744185782491267,0.003986678690545739,6.036862439310935,0.025,0.0,-0.03,0.0,1.0,0.0,0.01
13,0.43332487916253565,56,0.06746185154608561,0.0,-0.025589993002648834,0.0044100069973511645,0.005589993002648836,11.179986005297671,-0.01485537391798382,0.007796394760552635,6.707991603178603,0.025,0.0,-0.03,0.0,1.0,0.0,0.01
13,0.43332487916253565,57,0.06857578782260394,0.0,-0.026149245072603113,0.0038507549273968864,0.006149245072603114,12.298490145206229,-0.017514284515855995,0.004511699511296459,7.379094087123737,0.025,0.0,-0.03,0.0,1.0,0.0,0.01
13,0.43332487916253565,58,0.06968984675760129,0.0,-0.026708240478774486,0.0032917595212255124,0.006708240478774488,13.416480957548975,-0.016329282359636668,0.008913030567571078,8.049888574529385,0.025,0.0,-0.03,0.0,1.0,0.0,0.01
13,0.43332487916253565,59,0.0708041559054554,0.0,-0.027266754765614205,0.0027332452343857942,0.007266754765614206,14.533509531228413,-0.01928937892104928,0.005014059558500886,8.720105718737047,0.025,0.0,-0.03,0.0,1.0,0.0,0.01
13,0.43332487916253565,60,0.07191881188934829,0.0,-0.02782454956059816,0.00217545043940184,0.00782454956059816,15.64909912119632,-0.017794146247090775,0.01004120793582357,9.389459472717792,0.025,0.0,-0.03,0.0,1.0,0.0,0.01
13,0.43332487916253565,61,0.07303395155221938,0.0,-0.028381408601713433,0.001618591398286566,0.008381408601713434,16.76281720342687,-0.021060754649618346,0.0055010271810201315,10.057690322056121,0.025,0.0,-0.03,0.0,1.0,0.0,0.01
13,0.43332487916253565,62,0.07414965719597667,0.0,-0.028937091124469263,0.001062908875530736,0.008937091124469264,17.874182248938528,-0.019254363707304913,0.011167314239891563,10.724509349363116,0.025,0.0,-0.03,0.0,1.0,0.0,0.01
13,0.43332487916253565,63,0.07526607340167135,0.0,-0.02949139042205877,0.0005086095779412297,0.00949139042205877,18.982780844117542,-0.022813953951313283,0.00597867228385102,11.389668506470525,0.025,0.0,-0.03,0.0,1.0,0.0,0.01
13,0.43332487916253565,64,0.07638599915531727,0.0,-0.030038449415824682,3.844941582468314e-05,0.009961550584175317,19.923101168350634,0.020771319151573767,0.0122993038537381,11.95386070101038,0.025,0.0,-0.03,0.0,1.0,0.0,0.01
13,0.43332487916253565,65,0.07750597966356383,0.0,-0.03058545730843812,0.0005854573084381198,0.00941454269156188,18.82908538312376,0.024655546927918118,0.006506080510416428,11.297451229874257,0.025,0.0,-0.03,0.0,1.0,0.0,0.01
13,0.43332487916253565,66,0.07862596302825603,0.0,-0.031132390965780767,0.0011323909657807683,0.008867609034219232,17.735218068438463,0.022335680511319723,0.013418422893387556,10.641130841063077,0.025,0.0,-0.03,0.0,1.0,0.0,0.01
13,0.43332487916253565,67,0.07974600408668703,0.0,-0.03167927990047034,0.001679279900470343,0.008320720099529657,16.641440199059314,0.02649121221805305,0.007067979079629521,9.984864119435588,0.025,0.0,-0.03,0.0,1.0,0.0,0.01
13,0.43332487916253565,68,0.08086604102343045,0.0,-0.032226097175372684,0.002226097175372685,0.007773902824627315,15.54780564925463,0.023918849407672856,0.014501308678775165,9.328683389552777,0.025,0.0,-0.03,0.0,1.0,0.0,0.01
13,0.43332487916253565,69,0.08198613719618612,0.0,-0.032772877450620554,0.0027728774506205547,0.0072271225493794455,14.454245098758891,0.028307774054614904,0.007672800641400893,8.672547059255335,0.025,0.0,-0.03,0.0,1.0,0.0,0.01
13,0.43332487916253565,70,0.08310622215952476,0.0,-0.0333195905663465,0.0033195905663465017,0.0066804094336534985,13.360818867306998,0.025526795937999225,0.015536779314519189,8.016491320384198,0.025,0.0,-0.03,0.0,1.0,0.0,0.01
13,0.43332487916253565,71,0.08422636640120011,0.0,-0.03386627562009277,0.003866275620092771,0.006133724379907229,12.267448759814458,0.030099738620874922,0.008331102190709903,7.360469255888675,0.025,0.0,-0.03,0.0,1.0,0.0,0.01
13,0.43332487916253565,72,0.08534649238997963,0.0,-0.03441289994665117,0.004412899946651172,0.005587100053348828,11.174200106697656,0.027164023981993423,0.01651490070446379,6.704520064018594,0.025,0.0,-0.03,0.0,1.0,0.0,0.01
13,0.43332487916253565,73,0.08646667611251993,0.0,-0.03495950624431169,0.004959506244311691,0.005040493755688309,10.080987511376618,0.03186254327472177,0.00905165705693412,6.048592506825971,0.025,0.0,-0.03,0.0,1.0,0.0,0.01
13,0.43332487916253565,74,0.08758683472383377,0.0,-0.035506060162601834,0.005506060162601835,0.004493939837398165,8.98787967479633,0.028834039348487474,0.01742774812537979,5.392727804877798,0.025,0.0,-0.03,0.0,1.0,0.0,0.01
13,0.43332487916253565,75,0.08870704787809594,0.0,-0.03605260705967841,0.0060526070596784096,0.003947392940321591,7.894785880643181,0.0335926740836303,0.009841059933778457,4.736871528385908,0.025,0.0,-0.03,0.0,1.0,0.0,0.01
13,0.43332487916253565,76,0.08982722937018421,0.0,-0.036599111800195656,0.0065991118001956575,0.0034008881998043427,6.801776399608685,0.030539215755323118,0.018269711283034874,4.081065839765211,0.025,0.0,-0.03,0.0,1.0,0.0,0.01
13,0.43332487916253565,77,0.09094746054082939,0.0,-0.03714562138197462,0.007145621381974623,0.002854378618025377,5.7087572360507535,0.03528775592450424,0.010703478067329186,3.425254341630452,0.025,0.0,-0.03,0.0,1.0,0.0,0.01
13,0.43332487916253565,78,0.09206765390407293,0.0,-0.0376921008401391,0.0076921008401391044,0.0023078991598608958,4.615798319721791,0.03228098752441641,0.01903780554405282,2.7694789918330747,0.025,0.0,-0.03,0.0,1.0,0.0,0.01
13,0.43332487916253565,79,0.09318789042069209,0.0,-0.038238597731615774,0.008238597731615775,0.001761402268384225,3.52280453676845,0.03694378137862367,0.011639148684449825,2.11368272206107,0.025,0.0,-0.03,0.0,1.0,0.0,0.01
13,0.43332487916253565,80,0.09431219384137837,0.0,-0.038784843740142884,0.008784843740142885,0.0012151562598571152,2.4303125197142306,0.034048492339205684,0.019779421787035838,1.4581875118285383,0.025,0.0,-0.03,0.0,1.0,0.0,0.01
14,0.4666575621750384,0,0.0,0.0,-0.02,0.009999999999999998,1.734723475976807e-18,3.469446951953614e-15,0.0,0.0,2.0816681711721685e-15,0.025,0.0,-0.03,0.0,1.0,0.0,0.01
14,0.4666575621750384,45,0.05495600811075852,0.0,-0.020140275148802345,0.009859724851197654,0.00014027514880234591,0.28055029760469186,-0.007031370160000488,0.0018568612551773014,0.1683301785628151,0.025,0.0,-0.03,0.0,1.0,0.0,0.01
14,0.4666575621750384,46,0.05614978500210794,0.0,-0.020499169672208984,0.009500830327791015,0.0004991696722089854,0.9983393444179707,-0.007369860009645655,0.0024755149129812104,0.5990036066507823,0.025,0.0,-0.03,0.0,1.0,0.0,0.01
14,0.4666575621750384,47,0.05734387887703066,0.0,-0.020856454045369156,0.009143545954630843,0.0008564540453691576,1.7129080907383152,-0.008062311352983319,0.0020622922203389978,1.027744854442989,0.025,0.0,-0.03,0.0,1.0,0.0,0.01
14,0.4666575621750384,48,0.05844873584806055,0.0,-0.02143350453559143,0.008566495464408568,0.0014335045355914327,2.8670090711828653,-0.008506304335051106,0.0031048197794352507,1.720205442709719,0.025,0.0,-0.03,0.0,1.0,0.0,0.01
14,0.4666575621750384,49,0.05955255553715668,0.0,-0.022012402867608596,0.007987597132391402,0.0020124028676085978,4.024805735217195,-0.009652282106096503,0.002728619086589431,2.4148834411303173,0.025,0.0,-0.03,0.0,1.0,0.0,0.01
14,0.4666575621750384,50,0.06065556826907379,0.0,-0.022592971990251863,0.007407028009748136,0.0025929719902518644,5.185943980503729,-0.009928205775731547,0.004034154490082512,3.1115663883022373,0.025,0.0,-0.03,0.0,1.0,0.0,0.01
14,0.4666575621750384,51,0.06175778525239489,0.0,-0.023174918851132823,0.006825081148867176,0.0031749188511328245,6.349837702265649,-0.011240755314781505,0.0033668317311622824,3.8099026213593894,0.025,0.0,-0.03,0.0,1.0,0.0,0.01
14,0.4666575621750384,52,0.06285943831073029,0.0,-0.02375806284820015,0.00624193715179985,0.0037580628482001503,7.516125696400301,-0.011345731014396622,0.004998101891607386,4.50967541784018,0.025,0.0,-0.03,0.0,1.0,0.0,0.01
14,0.4666575621750384,53,0.06396054636630426,0.0,-0.024342108733760543,0.005657891266239456,0.004342108733760544,8.684217467521089,-0.012845760157154022,0.003987368051095212,5.210530480512653,0.025,0.0,-0.03,0.0,1.0,0.0,0.01
14,0.4666575621750384,54,0.06506133969585855,0.0,-0.02492687082152121,0.00507312917847879,0.00492687082152121,9.85374164304242,-0.012754778159817508,0.005989311771857448,5.912244985825452,0.025,0.0,-0.03,0.0,1.0,0.0,0.01
14,0.4666575621750384,55,0.06616184554474644,0.0,-0.02551205471182859,0.0044879452881714105,0.00551205471182859,11.02410942365718,-0.014463414558275479,0.00459099412304321,6.614465654194308,0.025,0.0,-0.03,0.0,1.0,0.0,0.01
14,0.4666575621750384,56,0.0672622889204705,0.0,-0.026097469909123067,0.0039025300908769323,0.006097469909123068,12.194939818246135,-0.014155572377519257,0.007000862759165014,7.316963890947681,0.025,0.0,-0.03,0.0,1.0,0.0,0.01
14,0.4666575621750384,57,0.06836270574913626,0.0,-0.026682825580323748,0.003317174419676251,0.006682825580323749,13.365651160647499,-0.01608834042733506,0.005179372122552218,8.019390696388498,0.025,0.0,-0.03,0.0,1.0,0.0,0.01
14,0.4666575621750384,58,0.06946331233127798,0.0,-0.027267926890670462,0.0027320731093295365,0.007267926890670464,14.535853781340927,-0.01554919525579916,0.008024622298915242,8.721512268804556,0.025,0.0,-0.03,0.0,1.0,0.0,0.01
14,0.4666575621750384,59,0.07056415326884816,0.0,-0.027852489083602147,0.0021475109163978517,0.007852489083602148,15.704978167204297,-0.01771444659198923,0.00575531177739495,9.422986900322577,0.025,0.0,-0.03,0.0,1.0,0.0,0.01
14,0.4666575621750384,60,0.07166543309124798,0.0,-0.028436313678625744,0.0015636863213742552,0.008436313678625745,16.87262735725149,-0.016937366335680774,0.009051410538832272,10.123576414350893,0.025,0.0,-0.03,0.0,1.0,0.0,0.01
14,0.4666575621750384,61,0.07276720469416684,0.0,-0.029019124264419154,0.0009808757355808453,0.009019124264419155,18.03824852883831,-0.019335089571673663,0.006322592072661853,10.822949117302985,0.025,0.0,-0.03,0.0,1.0,0.0,0.01
14,0.4666575621750384,62,0.07386965821474954,0.0,-0.029600719662268248,0.0003992803377317507,0.00960071966226825,19.201439324536498,-0.0183224623530484,0.010071387376201103,11.520863594721899,0.025,0.0,-0.03,0.0,1.0,0.0,0.01
14,0.4666575621750384,63,0.0749728540764862,0.0,-0.030180833819908187,0.00018083381990818825,0.009819166180091812,19.638332360183625,0.020941481754338544,0.006884772484449738,11.782999416110174,0.025,0.0,-0.03,0.0,1.0,0.0,0.01
14,0.4666575621750384,64,0.0760790161569424,0.0,-0.03075527327562234,0.0007552732756223417,0.009244726724377659,18.489453448755317,0.01975552791680004,0.011095910191757468,11.09367206925319,0.025,0.0,-0.03,0.0,1.0,0.0,0.01
14,0.4666575621750384,65,0.07718517980871344,0.0,-0.03132965296754837,0.0013296529675483684,0.008670347032451632,17.340694064903264,0.022630291472370532,0.0074964638919002334,10.404416438941958,0.025,0.0,-0.03,0.0,1.0,0.0,0.01
14,0.4666575621750384,66,0.07829138757762528,0.0,-0.03190399613332601,0.001903996133326008,0.008096003866673992,16.192007733347985,0.021237650945118033,0.012117568210667042,9.71520464000879,0.025,0.0,-0.03,0.0,1.0,0.0,0.01
14,0.4666575621750384,67,0.07939760170365057,0.0,-0.03247828477360842,0.0024782847736084176,0.0075217152263915826,15.043430452783165,0.024312336425708257,0.00813311258268833,9.026058271669898,0.025,0.0,-0.03,0.0,1.0,0.0,0.01
14,0.4666575621750384,68,0.08050385265824662,0.0,-0.03305253677988221,0.003052536779882209,0.006947463220117791,13.894926440235583,0.022734686203534353,0.013113309616736317,8.33695586414135,0.025,0.0,-0.03,0.0,1.0,0.0,0.01
14,0.4666575621750384,69,0.08161011366942816,0.0,-0.03362674080018222,0.0036267408001822224,0.006373259199817778,12.746518399635555,0.025980241754729273,0.008800391294221574,7.647911039781333,0.025,0.0,-0.03,0.0,1.0,0.0,0.01
14,0.4666575621750384,70,0.08271640388996188,0.0,-0.03420090977743297,0.004200909777432968,0.005799090222567032,11.598180445134064,0.024250401204602104,0.014076110485677255,6.958908267080438,0.025,0.0,-0.03,0.0,1.0,0.0,0.01
14,0.4666575621750384,71,0.08382270657666968,0.0,-0.03477503848190483,0.004775038481904831,0.005224961518095169,10.449923036190338,0.027630321177167474,0.009504793974376636,6.269953821714203,0.025,0.0,-0.03,0.0,1.0,0.0,0.01
14,0.4666575621750384,72,0.08492903074584994,0.0,-0.03534913549684916,0.005349135496849164,0.004650864503150836,9.301729006301672,0.02578768446046966,0.014999790130328627,5.581037403781003,0.025,0.0,-0.03,0.0,1.0,0.0,0.01
14,0.4666575621750384,73,0.08603536833648383,0.0,-0.035923200983693254,0.005923200983693255,0.004076799016306745,8.15359803261349,0.0292595107179614,0.010251674729936905,4.892158819568094,0.025,0.0,-0.03,0.0,1.0,0.0,0.01
14,0.4666575621750384,74,0.08714171977437858,0.0,-0.036497239935531604,0.0064972399355316054,0.0035027600644683948,7.00552012893679,0.027348748066223182,0.01587944062055857,4.203312077362074,0.025,0.0,-0.03,0.0,1.0,0.0,0.01
14,0.4666575621750384,75,0.08824808400861098,0.0,-0.03707125699850745,0.007071256998507448,0.002928743001492552,5.8574860029851035,0.030865447333506556,0.011045012564081363,3.514491601791062,0.025,0.0,-0.03,0.0,1.0,0.0,0.01
14,0.4666575621750384,76,0.08935445471556491,0.0,-0.037645254490455395,0.007645254490455396,0.0023547455095446045,4.709491019089209,0.028935043158603062,0.016711609738849394,2.8256946114535255,0.025,0.0,-0.03,0.0,1.0,0.0,0.01
14,0.4666575621750384,77,0.09046083593191034,0.0,-0.0382192404996328,0.008219240499632803,0.0017807595003671971,3.5615190007343944,0.03244652707430069,0.011887260276037022,2.1369114004406367,0.025,0.0,-0.03,0.0,1.0,0.0,0.01
14,0.4666575621750384,78,0.0915672166393999,0.0,-0.038793215687287275,0.008793215687287276,0.0012067843127127244,2.413568625425449,0.030547379158873244,0.017494499600358884,1.4481411752552693,0.025,0.0,-0.03,0.0,1.0,0.0,0.01
14,0.4666575621750384,79,0.09267360387628178,0.0,-0.03936719044872634,0.009367190448726338,0.0006328095512736619,1.2656191025473238,0.03400020780198128,0.012778368862184124,0.7593714615283943,0.025,0.0,-0.03,0.0,1.0,0.0,0.01
14,0.4666575621750384,80,0.09378404595097921,0.0,-0.039941133701286206,0.009941133701286207,5.886629871379272e-05,0.11773259742758543,0.03217917628405704,0.018259898292020946,0.07063955845655126,0.025,0.0,-0.03,0.0,1.0,0.0,0.01
15,0.49999024518754115,0,0.0,0.0,-0.02,0.009999999999999998,1.734723475976807e-18,3.469446951953614e-15,0.0,0.0,2.0816681711721685e-15,0.025,0.0,-0.03,0.0,1.0,0.0,0.01
15,0.49999024518754115,45,0.054887519791401926,0.0,-0.02036519954825775,0.00963480045174225,0.00036519954825775004,0.7303990965155001,-0.005978987784687795,0.0037961839499097267,0.4382394579093,0.025,0.0,-0.03,0.0,1.0,0.0,0.01
15,0.49999024518754115,46,0.05607648169373214,0.0,-0.02073975575243658,0.009260244247563418,0.0007397557524365817,1.4795115048731635,-0.007549649253540768,0.00043559928971266917,0.8877069029238981,0.025,0.0,-0.03,0.0,1.0,0.0,0.01
15,0.49999024518754115,47,0.05726578507409698,0.0,-0.02111268832966464,0.008887311670335359,0.0011126883296646416,2.2253766593292834,-0.006727297456160407,0.003993780166070526,1.33522599559757,0.025,0.0,-0.03,0.0,1.0,0.0,0.01
15,0.49999024518754115,48,0.0583577487500553,0.0,-0.021713783816267894,0.008286216183732105,0.0017137838162678953,3.4275676325357907,-0.009009952212206133,0.0010827109086793164,2.0565405795214744,0.025,0.0,-0.03,0.0,1.0,0.0,0.01
15,0.49999024518754115,49,0.0594485905987895,0.0,-0.0223167892469412,0.007683210753058799,0.0023167892469412015,4.633578493882403,-0.007933433238341198,0.004721960930062625,2.780147096329442,0.025,0.0,-0.03,0.0,1.0,0.0,0.01
15,0.49999024518754115,50,0.060538547172321565,0.0,-0.022921518772383728,0.007078481227616271,0.0029215187723837296,5.843037544767459,-0.010444066921197778,0.0018294476515977244,3.5058225268604755,0.025,0.0,-0.03,0.0,1.0,0.0,0.01
15,0.49999024518754115,51,0.06162764553204219,0.0,-0.023527669464453012,0.006472330535546987,0.003527669464453013,7.055338928906027,-0.00931277776718093,0.005520413799293506,4.233203357343616,0.025,0.0,-0.03,0.0,1.0,0.0,0.01
15,0.49999024518754115,52,0.06271612559589516,0.0,-0.024135052600198055,0.005864947399801944,0.004135052600198056,8.270105200396113,-0.011855648725309077,0.0025982867651623996,4.9620631202376675,0.025,0.0,-0.03,0.0,1.0,0.0,0.01
15,0.49999024518754115,53,0.06380402101829406,0.0,-0.024743362278392782,0.0052566377216072165,0.004743362278392784,9.486724556785568,-0.010710522703861603,0.006304597686661973,5.69203473407134,0.025,0.0,-0.03,0.0,1.0,0.0,0.01
15,0.49999024518754115,54,0.064891571943151,0.0,-0.025352405359222497,0.004647594640777502,0.005352405359222498,10.704810718444996,-0.013256987426802041,0.0033918966085908124,6.422886431066997,0.025,0.0,-0.03,0.0,1.0,0.0,0.01
15,0.49999024518754115,55,0.06597881907683467,0.0,-0.025961876106455995,0.004038123893544004,0.005961876106455996,11.923752212911992,-0.012122598928100282,0.007073358919553983,7.154251327747195,0.025,0.0,-0.03,0.0,1.0,0.0,0.01
15,0.49999024518754115,56,0.06706599889675038,0.0,-0.02657157718875093,0.0034284228112490683,0.006571577188750932,13.143154377501864,-0.014647259555028441,0.0042051021689303815,7.885892626501118,0.025,0.0,-0.03,0.0,1.0,0.0,0.01
15,0.49999024518754115,57,0.06815315940334285,0.0,-0.02718120585781665,0.002818794142183348,0.007181205857816652,14.362411715633305,-0.013545510985259251,0.007826327147211227,8.617447029379983,0.025,0.0,-0.03,0.0,1.0,0.0,0.01
15,0.49999024518754115,58,0.06924052976545277,0.0,-0.027790560998048924,0.0022094390019510753,0.007790560998048925,15.581121996097849,-0.016025905337776106,0.005032394167940453,9.348673197658709,0.025,0.0,-0.03,0.0,1.0,0.0,0.01
15,0.49999024518754115,59,0.07032816518537098,0.0,-0.028399345472249347,0.0016006545277506522,0.008399345472249348,16.798690944498695,-0.014975492755623522,0.008563380042231004,10.079214566699216,0.025,0.0,-0.03,0.0,1.0,0.0,0.01
15,0.49999024518754115,60,0.0714162842282845,0.0,-0.02900735500414214,0.0009926449958578588,0.009007355004142141,18.014710008284283,-0.01739261159674404,0.005868065680506984,10.80882600497057,0.025,0.0,-0.03,0.0,1.0,0.0,0.01
15,0.49999024518754115,61,0.07250494885527034,0.0,-0.029614300455181354,0.0003856995448186448,0.009614300455181355,19.22860091036271,-0.016408584363569054,0.009284596760441919,11.537160546217626,0.025,0.0,-0.03,0.0,1.0,0.0,0.01
15,0.49999024518754115,62,0.07359436415611836,0.0,-0.030219975266374332,0.00021997526637433304,0.009780024733625667,19.560049467251336,0.018747191106919175,0.0067063098297623705,11.736029680350802,0.025,0.0,-0.03,0.0,1.0,0.0,0.01
15,0.49999024518754115,63,0.074684598051286,0.0,-0.030824100427101486,0.0008241004271014873,0.009175899572898513,18.351799145797024,0.017841202091647152,0.009990466625173585,11.011079487478215,0.025,0.0,-0.03,0.0,1.0,0.0,0.01
15,0.49999024518754115,64,0.07577717000314939,0.0,-0.03142398984392384,0.001423989843923841,0.00857601015607616,17.152020312152317,0.02013358142752079,0.007563768566768813,10.29121218729139,0.025,0.0,-0.03,0.0,1.0,0.0,0.01
15,0.49999024518754115,65,0.07686973459957379,0.0,-0.03202383151118954,0.002023831511189539,0.007976168488810461,15.952336977620922,0.019355771847557112,0.010725797621819477,9.571402186572552,0.025,0.0,-0.03,0.0,1.0,0.0,0.01
15,0.49999024518754115,66,0.07796234022140967,0.0,-0.03262365205685673,0.0026236520568567318,0.0073763479431432685,14.752695886286537,0.021564526161025575,0.008448010756147335,8.851617531771922,0.025,0.0,-0.03,0.0,1.0,0.0,0.01
15,0.49999024518754115,67,0.07905494373109002,0.0,-0.033223428300820305,0.0032234283008203066,0.006776571699179694,13.553143398359387,0.02087169070794186,0.011457727028326682,8.131886039015631,0.025,0.0,-0.03,0.0,1.0,0.0,0.01
15,0.49999024518754115,68,0.08014758226780355,0.0,-0.033823181567526166,0.003823181567526167,0.006176818432473833,12.353636864947667,0.022996202336353046,0.009334636786069911,7.4121821189686,0.025,0.0,-0.03,0.0,1.0,0.0,0.01
15,0.49999024518754115,69,0.08124022295063717,0.0,-0.03442289519233042,0.0044228951923304186,0.005577104807669582,11.154209615339163,0.02238902021620268,0.012190058206736904,6.692525769203497,0.025,0.0,-0.03,0.0,1.0,0.0,0.01
15,0.49999024518754115,70,0.08233289227369384,0.0,-0.03502258553124958,0.005022585531249582,0.004977414468750418,9.954828937500837,0.024429730777201647,0.010220703002861976,5.972897362500502,0.025,0.0,-0.03,0.0,1.0,0.0,0.01
15,0.49999024518754115,71,0.08342556680957808,0.0,-0.03562224197747804,0.005622241977478043,0.004377758022521957,8.755516045043914,0.023906145374235247,0.012925246419996915,5.253309627026348,0.025,0.0,-0.03,0.0,1.0,0.0,0.01
15,0.49999024518754115,72,0.08451826342410969,0.0,-0.03622187646097081,0.006221876460970811,0.003778123539029189,7.5562470780583775,0.025866181303691557,0.01110373243676187,4.533748246835026,0.025,0.0,-0.03,0.0,1.0,0.0,0.01
15,0.49999024518754115,73,0.08561096695611949,0.0,-0.036821483759151154,0.006821483759151155,0.0031785162408488454,6.357032481697691,0.025421654143014425,0.013665324132807327,3.8142194890186145,0.025,0.0,-0.03,0.0,1.0,0.0,0.01
15,0.49999024518754115,74,0.08670368602128657,0.0,-0.03742107210905276,0.007421072109052761,0.0025789278909472396,5.1578557818944795,0.02730636746364904,0.011981692769241976,3.0947134691366878,0.025,0.0,-0.03,0.0,1.0,0.0,0.01
15,0.49999024518754115,75,0.08779641221364527,0.0,-0.03802064081463611,0.008020640814636111,0.001979359185363889,3.9587183707277784,0.026934384367887455,0.014411850486965866,2.375231022436667,0.025,0.0,-0.03,0.0,1.0,0.0,0.01
15,0.49999024518754115,76,0.08888914757097688,0.0,-0.038620195307293,0.008620195307293,0.0013798046927069995,2.759609385413999,0.028750822055365673,0.012853043307882553,1.6557656312483995,0.025,0.0,-0.03,0.0,1.0,0.0,0.01
15,0.49999024518754115,77,0.08998188868135908,0.0,-0.0392197384164097,0.009219738416409703,0.0007802615835902967,1.5605231671805935,0.02844344954641855,0.015165880865545926,0.936313900308356,0.025,0.0,-0.03,0.0,1.0,0.0,0.01
15,0.49999024518754115,78,0.09107463289122968,0.0,-0.039819273765677475,0.009819273765677476,0.00018072623432252403,0.3614524686450481,0.030199730021607207,0.013716728643788935,0.21687148118702884,0.025,0.0,-0.03,0.0,1.0,0.0,0.01
16,0.5333229282000439,0,0.0,0.0,-0.02,0.009999999999999998,1.734723475976807e-18,3.469446951953614e-15,0.0,0.0,2.0816681711721685e-15,0.025,0.0,-0.03,0.0,1.0,0.0,0.01
16,0.5333229282000439,44,0.053637499537149524,0.0,-0.020182919114857152,0.009817080885142847,0.00018291911485715344,0.3658382297143069,-0.006485558232952252,0.0005674192618848582,0.21950293782858413,0.025,0.0,-0.03,0.0,1.0,0.0,0.01
16,0.5333229282000439,45,0.05482044540194538,0.0,-0.020575969640905013,0.009424030359094986,0.0005759696409050139,1.1519392818100278,-0.005333677336718162,0.004379323073489798,0.6911635690860166,0.025,0.0,-0.03,0.0,1.0,0.0,0.01
16,0.5333229282000439,46,0.05600467055546775,0.0,-0.02096519535774391,0.009034804642256089,0.0009651953577439112,1.9303907154878224,-0.0073386086998023705,0.00022720317289105332,1.1582344292926934,0.025,0.0,-0.03,0.0,1.0,0.0,0.01
16,0.5333229282000439,47,0.05718929894845065,0.0,-0.021352799147035043,0.008647200852964956,0.0013527991470350439,2.7055982940700876,-0.005965140709780617,0.004516050620838064,1.6233589764420524,0.025,0.0,-0.03,0.0,1.0,0.0,0.01
16,0.5333229282000439,48,0.05826864807935797,0.0,-0.021976222914756368,0.008023777085243631,0.0019762229147563693,3.9524458295127385,-0.008839796857163433,0.00046790319197408375,2.371467497707643,0.025,0.0,-0.03,0.0,1.0,0.0,0.01
16,0.5333229282000439,49,0.059346831225615064,0.0,-0.02260163281327016,0.007398367186729839,0.002601632813270161,5.203265626540322,-0.006994648388682027,0.005207952676865759,3.121959375924193,0.025,0.0,-0.03,0.0,1.0,0.0,0.01
16,0.5333229282000439,50,0.06042401407581694,0.0,-0.02322879191895914,0.006771208081040859,0.0032287919189591414,6.457583837918283,-0.010199380107259867,0.0011737700515491037,3.8745503027509693,0.025,0.0,-0.03,0.0,1.0,0.0,0.01
16,0.5333229282000439,51,0.0615003182195463,0.0,-0.02385743432927634,0.00614256567072366,0.0038574343292763404,7.714868658552681,-0.00825329372086735,0.006014694813204265,4.628921195131609,0.025,0.0,-0.03,0.0,1.0,0.0,0.01
16,0.5333229282000439,52,0.06257590997367121,0.0,-0.024487316471357868,0.005512683528642131,0.004487316471357869,8.974632942715738,-0.011531899923311401,0.001890237666698545,5.3847797656294425,0.025,0.0,-0.03,0.0,1.0,0.0,0.01
16,0.5333229282000439,53,0.0636509210857815,0.0,-0.025118171784967953,0.0048818282150320455,0.005118171784967955,10.23634356993591,-0.009527825442685284,0.006814657853333373,6.1418061419615455,0.025,0.0,-0.03,0.0,1.0,0.0,0.01
16,0.5333229282000439,54,0.0647255156103925,0.0,-0.025749750331732883,0.004250249668267116,0.005749750331732884,11.499500663465767,-0.012856714030446347,0.002624043569281628,6.89970039807946,0.025,0.0,-0.03,0.0,1.0,0.0,0.01
16,0.5333229282000439,55,0.06579983482529833,0.0,-0.02638178732977305,0.0036182126702269495,0.006381787329773051,12.763574659546101,-0.010813615122777575,0.0076061897699844765,7.658144795727661,0.025,0.0,-0.03,0.0,1.0,0.0,0.01
16,0.5333229282000439,56,0.06687403744770999,0.0,-0.02701402732430965,0.0029859726756903474,0.007014027324309653,14.028054648619305,-0.014173011153133679,0.0033705210099148845,8.416832789171583,0.025,0.0,-0.03,0.0,1.0,0.0,0.01
16,0.5333229282000439,57,0.06794827345201611,0.0,-0.02764620956349051,0.0023537904365094897,0.0076462095634905105,15.29241912698102,-0.012107870046573032,0.008388295950123262,9.175451476188611,0.025,0.0,-0.03,0.0,1.0,0.0,0.01
16,0.5333229282000439,58,0.06902269331396989,0.0,-0.028278074067940254,0.0017219259320597445,0.008278074067940256,16.556148135880512,-0.015479762992918715,0.004125254502658881,9.933688881528306,0.025,0.0,-0.03,0.0,1.0,0.0,0.01
16,0.5333229282000439,59,0.07009745462441214,0.0,-0.028909366201602477,0.0010906337983975223,0.008909366201602478,17.818732403204955,-0.01340791124492484,0.009159621098793393,10.691239441922972,0.025,0.0,-0.03,0.0,1.0,0.0,0.01
16,0.5333229282000439,60,0.07117269696626591,0.0,-0.029539822628798545,0.0004601773712014541,0.009539822628798546,19.079645257597093,-0.01677583146321254,0.00488420878524927,11.447787154558256,0.025,0.0,-0.03,0.0,1.0,0.0,0.01
16,0.5333229282000439,61,0.07224858421652236,0.0,-0.03016919672569341,0.00016919672569341154,0.009830803274306589,19.66160654861318,0.014711178800511844,0.00991846933037063,11.796963929167907,0.025,0.0,-0.03,0.0,1.0,0.0,0.01
16,0.5333229282000439,62,0.07332524273726677,0.0,-0.030797223175594413,0.0007972231755944137,0.009202776824405587,18.40555364881117,0.01806005451416798,0.005643813086089187,11.043332189286703,0.025,0.0,-0.03,0.0,1.0,0.0,0.01
16,0.5333229282000439,63,0.07440284111524083,0.0,-0.0314236650601614,0.0014236650601614012,0.008576334939838599,17.152669879677198,0.01601437084447803,0.010662350361139383,10.291601927806319,0.025,0.0,-0.03,0.0,1.0,0.0,0.01
16,0.5333229282000439,64,0.07548207429991438,0.0,-0.03204718331747546,0.0020471833174754636,0.007952816682524537,15.905633365049074,0.01937492431799039,0.006425750654085117,9.543380019029444,0.025,0.0,-0.03,0.0,1.0,0.0,0.01
16,0.5333229282000439,65,0.07656133734451599,0.0,-0.03267069154934799,0.0026706915493479935,0.007329308450652007,14.658616901304013,0.0173940071533372,0.01143345099719192,8.795170140782407,0.025,0.0,-0.03,0.0,1.0,0.0,0.01
16,0.5333229282000439,66,0.07764059191196251,0.0,-0.03329416661828531,0.003294166618285313,0.006705833381714687,13.411666763429375,0.020728451368750674,0.007239594491475949,8.047000058057625,0.025,0.0,-0.03,0.0,1.0,0.0,0.01
16,0.5333229282000439,67,0.07871988141425021,0.0,-0.033917633020478385,0.003917633020478387,0.006082366979521614,12.164733959043227,0.018778787645019966,0.012195487484849115,7.298840375425936,0.025,0.0,-0.03,0.0,1.0,0.0,0.01
16,0.5333229282000439,68,0.07979915856274866,0.0,-0.03454106328089407,0.00454106328089407,0.00545893671910593,10.91787343821186,0.02207834396371071,0.008063068359919035,6.550724062927116,0.025,0.0,-0.03,0.0,1.0,0.0,0.01
16,0.5333229282000439,69,0.08087847456569729,0.0,-0.035164487222152326,0.005164487222152327,0.004835512777847674,9.671025555695348,0.0201698428079551,0.01294939577305076,5.802615333417209,0.025,0.0,-0.03,0.0,1.0,0.0,0.01
16,0.5333229282000439,70,0.08195777414112222,0.0,-0.03578787358030237,0.0057878735803023745,0.004212126419697626,8.424252839395251,0.023424354137650844,0.008895822898604213,5.05455170363715,0.025,0.0,-0.03,0.0,1.0,0.0,0.01
16,0.5333229282000439,71,0.08303711518316088,0.0,-0.03641125685828055,0.006411256858280548,0.0035887431417194523,7.177486283438904,0.021566912611266854,0.013695173655622919,4.306491770063342,0.025,0.0,-0.03,0.0,1.0,0.0,0.01
16,0.5333229282000439,72,0.0841164356800705,0.0,-0.037034602725496316,0.007034602725496317,0.0029653972745036835,5.930794549007367,0.024766319968751782,0.009737666204577949,3.55847672940442,0.025,0.0,-0.03,0.0,1.0,0.0,0.01
16,0.5333229282000439,73,0.08519579881938517,0.0,-0.0376579495494702,0.007657949549470203,0.0023420504505297975,4.684100901059595,0.022969742420444916,0.014432757063929134,2.810460540635757,0.025,0.0,-0.03,0.0,1.0,0.0,0.01
16,0.5333229282000439,74,0.08627513738900566,0.0,-0.03828126080171863,0.008281260801718635,0.0017187391982813657,3.437478396562731,0.026104054063546253,0.010588431161525875,2.0624870379376388,0.025,0.0,-0.03,0.0,1.0,0.0,0.01
16,0.5333229282000439,75,0.0873545182422788,0.0,-0.03890457775673697,0.008904577756736969,0.0010954222432630317,2.1908444865260632,0.024378070152391264,0.015162078373607618,1.3145066919156378,0.025,0.0,-0.03,0.0,1.0,0.0,0.01
16,0.5333229282000439,76,0.08843387070911135,0.0,-0.03952786267288752,0.009527862672887522,0.0004721373271124787,0.9442746542249574,0.027437369089513167,0.011447929782221925,0.5665647925349744,0.025,0.0,-0.03,0.0,1.0,0.0,0.01
17,0.5666556112125466,0,0.0,0.0,-0.02,0.009999999999999998,1.734723475976807e-18,3.469446951953614e-15,0.0,0.0,2.0816681711721685e-15,0.025,0.0,-0.03,0.0,1.0,0.0,0.01
17,0.5666556112125466,44,0.053576788693222535,0.0,-0.02036639813563998,0.00963360186436002,0.00036639813563998057,0.7327962712799612,-0.005491954323456248,0.0013008610882669883,0.4396777627679767,0.025,0.0,-0.03,0.0,1.0,0.0,0.01
17,0.5666556112125466,45,0.05475508400216946,0.0,-0.020773254707116044,0.009226745292883955,0.0007732547071160455,1.546509414232091,-0.00558802647417316,0.002329755897014836,0.9279056485392545,0.025,0.0,-0.03,0.0,1.0,0.0,0.01
17,0.5666556112125466,46,0.05593469564506549,0.0,-0.02117621181753351,0.008823788182466489,0.0011762118175335113,2.3524236350670225,-0.006225482917768274,0.0017694740411503557,1.4114541810402135,0.025,0.0,-0.03,0.0,1.0,0.0,0.01
17,0.5666556112125466,47,0.05711476313021704,0.0,-0.02157754791017422,0.00842245208982578,0.001577547910174221,3.1550958203484423,-0.006434847404845375,0.0024020652118096762,1.8930574922090653,0.025,0.0,-0.03,0.0,1.0,0.0,0.01
17,0.5666556112125466,48,0.05818185456023823,0.0,-0.022221699044894808,0.007778300955105191,0.002221699044894809,4.443398089789618,-0.0071780236937724244,0.0024606844186417965,2.6660388538737707,0.025,0.0,-0.03,0.0,1.0,0.0,0.01
17,0.5666556112125466,49,0.05924772892754833,0.0,-0.022867903045694613,0.007132096954305386,0.0028679030456946145,5.735806091389229,-0.007704766769267239,0.0029547837098684083,3.441483654833537,0.025,0.0,-0.03,0.0,1.0,0.0,0.01
17,0.5666556112125466,50,0.06031250092695978,0.0,-0.02351588039697272,0.006484119603027277,0.003515880396972723,7.031760793945446,-0.00828986997129409,0.003346568049412627,4.2190564763672675,0.025,0.0,-0.03,0.0,1.0,0.0,0.01
17,0.5666556112125466,51,0.061376364399155156,0.0,-0.02416539422941798,0.005834605770582018,0.004165394229417982,8.330788458835965,-0.008999591696994134,0.0035390673574081594,4.998473075301579,0.025,0.0,-0.03,0.0,1.0,0.0,0.01
17,0.5666556112125466,52,0.06243943545923768,0.0,-0.024816156822224458,0.005183843177775541,0.004816156822224459,9.632313644448917,-0.009408009031173552,0.004227550099596517,5.77938818666935,0.025,0.0,-0.03,0.0,1.0,0.0,0.01
17,0.5666556112125466,53,0.06350191807466592,0.0,-0.025467930911809288,0.004532069088190711,0.005467930911809289,10.935861823618577,-0.01029150047852084,0.0041411238026337095,6.561517094171146,0.025,0.0,-0.03,0.0,1.0,0.0,0.01
17,0.5666556112125466,54,0.06456392717067513,0.0,-0.026120422556817714,0.0038795774431822846,0.0061204225568177156,12.240845113635432,-0.010535826312167693,0.005100040023509889,7.344507068181259,0.025,0.0,-0.03,0.0,1.0,0.0,0.01
17,0.5666556112125466,55,0.06562567516628236,0.0,-0.0267733958036926,0.0032266041963073984,0.006773395803692602,13.546791607385204,-0.01157640967680335,0.004760333021214002,8.128074964431121,0.025,0.0,-0.03,0.0,1.0,0.0,0.01
17,0.5666556112125466,56,0.06668727348766372,0.0,-0.027426551966751627,0.002573448033248372,0.007426551966751628,14.853103933503256,-0.011673428855776572,0.00595949643037691,8.911862360101953,0.025,0.0,-0.03,0.0,1.0,0.0,0.01
17,0.5666556112125466,57,0.0677489411811462,0.0,-0.028079658087297423,0.0019203419127025757,0.008079658087297424,16.15931617459485,-0.012851156136926221,0.005395495319538452,9.695589704756909,0.025,0.0,-0.03,0.0,1.0,0.0,0.01
17,0.5666556112125466,58,0.06881078390918102,0.0,-0.028732412268022853,0.0012675877319771461,0.008732412268022854,17.464824536045708,-0.012820320255182581,0.006802086983820762,10.478894721627425,0.025,0.0,-0.03,0.0,1.0,0.0,0.01
17,0.5666556112125466,59,0.06987302541165502,0.0,-0.029384586146611588,0.0006154138533884107,0.00938458614661159,18.76917229322318,-0.014113154462179,0.006044675594504452,11.261503375933907,0.025,0.0,-0.03,0.0,1.0,0.0,0.01
17,0.5666556112125466,60,0.07093576343031309,0.0,-0.030035876233547597,3.5876233547598585e-05,0.009964123766452402,19.928247532904802,0.013975438351767998,0.007624696309532747,11.95694851974288,0.025,0.0,-0.03,0.0,1.0,0.0,0.01
17,0.5666556112125466,61,0.07199922436760423,0.0,-0.03068606027227856,0.0006860602722785596,0.00931393972772144,18.62787945544288,0.015360375283122464,0.006705298882662714,11.176727673265727,0.025,0.0,-0.03,0.0,1.0,0.0,0.01
17,0.5666556112125466,62,0.07306349605798805,0.0,-0.03133483490773268,0.0013348349077326807,0.00866516509226732,17.33033018453464,0.015137181242267027,0.008424873340262809,10.398198110720783,0.025,0.0,-0.03,0.0,1.0,0.0,0.01
17,0.5666556112125466,63,0.07412880544650662,0.0,-0.03198198541421317,0.0019819854142131693,0.008018014585786831,16.036029171573663,0.016591867161839927,0.007374623336363828,9.621617502944197,0.025,0.0,-0.03,0.0,1.0,0.0,0.01
17,0.5666556112125466,64,0.0751950497458322,0.0,-0.03262744013480293,0.0026274401348029344,0.007372559865197066,14.745119730394132,0.016339368309142132,0.0092226321586456,8.847071838236479,0.025,0.0,-0.03,0.0,1.0,0.0,0.01
17,0.5666556112125466,65,0.07626133830313114,0.0,-0.033272910335884205,0.0032729103358842063,0.006727089664115794,13.454179328231588,0.01788564970558428,0.008099679730600867,8.072507596938951,0.025,0.0,-0.03,0.0,1.0,0.0,0.01
17,0.5666556112125466,66,0.07732759188694491,0.0,-0.033918346057691375,0.003918346057691376,0.006081653942308625,12.163307884617248,0.017587137202953067,0.010025608901871323,7.297984730770349,0.025,0.0,-0.03,0.0,1.0,0.0,0.01
17,0.5666556112125466,67,0.07839389360836825,0.0,-0.03456379597609158,0.004563795976091578,0.005436204023908422,10.872408047816844,0.01917188979594984,0.008840431903473587,6.523444828690106,0.025,0.0,-0.03,0.0,1.0,0.0,0.01
17,0.5666556112125466,68,0.07946015953882969,0.0,-0.035209208059235636,0.005209208059235637,0.004790791940764363,9.581583881528726,0.018844649678152563,0.010815221195109744,5.7489503289172355,0.025,0.0,-0.03,0.0,1.0,0.0,0.01
17,0.5666556112125466,69,0.08052647641097792,0.0,-0.035854633944954105,0.005854633944954106,0.004145366055045894,8.290732110091788,0.02045125464713811,0.009595083769274414,4.9744392660550725,0.025,0.0,-0.03,0.0,1.0,0.0,0.01
17,0.5666556112125466,70,0.08159275642229981,0.0,-0.03650002003446566,0.006500020034465662,0.0034999799655343385,6.999959931068677,0.02011071212988033,0.011593040873991153,4.199975958641206,0.025,0.0,-0.03,0.0,1.0,0.0,0.01
17,0.5666556112125466,71,0.08265908902000124,0.0,-0.037145420382617,0.007145420382617,0.002854579617383,5.709159234766,0.021724598732559185,0.010361795066299464,3.4254955408596,0.025,0.0,-0.03,0.0,1.0,0.0,0.01
17,0.5666556112125466,72,0.08372538350691354,0.0,-0.03779078041776768,0.007790780417767679,0.0022092195822323215,4.418439164464643,0.021384081668154923,0.012360674435053492,2.6510634986787855,0.025,0.0,-0.03,0.0,1.0,0.0,0.01
17,0.5666556112125466,73,0.08479173099676265,0.0,-0.03843615597537121,0.008436155975371208,0.001563844024628792,3.1276880492575843,0.022992751497479286,0.011138748486022414,1.8766128295545506,0.025,0.0,-0.03,0.0,1.0,0.0,0.01
17,0.5666556112125466,74,0.08585803901203955,0.0,-0.03908149218007717,0.009081492180077172,0.0009185078199228282,1.8370156398456565,0.02266356015236258,0.013119635887883181,1.1022093839073939,0.025,0.0,-0.03,0.0,1.0,0.0,0.01
17,0.5666556112125466,75,0.0869243991688251,0.0,-0.039726845935324016,0.009726845935324017,0.00027315406467598273,0.5463081293519655,0.02425644235205133,0.011924274726381605,0.3277848776111793,0.025,0.0,-0.03,0.0,1.0,0.0,0.01
18,0.5999882942250494,0,0.0,0.0,-0.02,0.009999999999999998,1.734723475976807e-18,3.469446951953614e-15,0.0,0.0,2.0816681711721685e-15,0.025,0.0,-0.03,0.0,1.0,0.0,0.01
18,0.5999882942250494,43,0.05234532965304529,0.0,-0.020114946029920935,0.009885053970079064,0.00011494602992093671,0.22989205984187341,-0.005201950410973543,8.228107427989778e-05,0.13793523590512405,0.025,0.0,-0.03,0.0,1.0,0.0,0.01
18,0.5999882942250494,44,0.053517909698185595,0.0,-0.02053797521937201,0.009462024780627989,0.0005379752193720114,1.0759504387440229,-0.0043384645083228025,0.0035312243706398763,0.6455702632464136,0.025,0.0,-0.03,0.0,1.0,0.0,0.01
18,0.5999882942250494,45,0.05469167428808864,0.0,-0.020957734666270534,0.009042265333729465,0.0009577346662705353,1.9154693325410705,-0.00601862201893217,2.5130723526288397e-05,1.1492815995246424,0.025,0.0,-0.03,0.0,1.0,0.0,0.01
18,0.5999882942250494,46,0.0558668298682981,0.0,-0.0213735387638107,0.0086264612361893,0.001373538763810701,2.747077527621402,-0.004998669195550597,0.003983944199418174,1.6482465165728413,0.025,0.0,-0.03,0.0,1.0,0.0,0.01
18,0.5999882942250494,47,0.057042451533099975,0.0,-0.021787708457448332,0.008212291542551667,0.0017877084574483334,3.5754169148966666,-0.007063847761033461,0.00014442625975502664,2.145250148938,0.025,0.0,-0.03,0.0,1.0,0.0,0.01
18,0.5999882942250494,48,0.05809770104043959,0.0,-0.022451096856084134,0.0075489031439158645,0.0024510968560841357,4.9021937121682715,-0.005409571294629616,0.004499875617980933,2.941316227300963,0.025,0.0,-0.03,0.0,1.0,0.0,0.01
18,0.5999882942250494,49,0.05915164342718602,0.0,-0.02311657628613221,0.006883423713867787,0.003116576286132213,6.233152572264426,-0.008550703686341882,0.0006973465031271675,3.739891543358655,0.025,0.0,-0.03,0.0,1.0,0.0,0.01
18,0.5999882942250494,50,0.060204427496233934,0.0,-0.023783874287671154,0.006216125712328845,0.0037838742876711556,7.5677485753423115,-0.0063370030459580454,0.005444268672032643,4.5406491452053865,0.025,0.0,-0.03,0.0,1.0,0.0,0.01
18,0.5999882942250494,51,0.061256230015610785,0.0,-0.02445273089608618,0.005547269103913819,0.004452730896086181,8.905461792172362,-0.009824962318894005,0.001174760900696386,5.343277075303417,0.025,0.0,-0.03,0.0,1.0,0.0,0.01
18,0.5999882942250494,52,0.062307209384811706,0.0,-0.025122870694086814,0.0048771293059131846,0.005122870694086816,10.24574138817363,-0.007311940355841452,0.006369081720166546,6.147444832904179,0.025,0.0,-0.03,0.0,1.0,0.0,0.01
18,0.5999882942250494,53,0.0633575447815514,0.0,-0.025794028236376994,0.004205971763623004,0.005794028236376996,11.588056472753992,-0.01107394323883517,0.0016953352457633672,6.952833883652395,0.025,0.0,-0.03,0.0,1.0,0.0,0.01
18,0.5999882942250494,54,0.06440740179862665,0.0,-0.026465927020590845,0.0035340729794091537,0.0064659270205908465,12.931854041181692,-0.008316089358164124,0.007259495632970513,7.759112424709015,0.025,0.0,-0.03,0.0,1.0,0.0,0.01
18,0.5999882942250494,55,0.06545696006656002,0.0,-0.027138297767582358,0.0028617022324176414,0.007138297767582359,14.276595535164718,-0.012296577703510388,0.0022575828092537627,8.56595732109883,0.025,0.0,-0.03,0.0,1.0,0.0,0.01
18,0.5999882942250494,56,0.06650639000615462,0.0,-0.02781086439362126,0.002189135606378737,0.007810864393621263,15.621728787242526,-0.009348501248583928,0.00811336724334101,9.373037272345515,0.025,0.0,-0.03,0.0,1.0,0.0,0.01
18,0.5999882942250494,57,0.06755586972537567,0.0,-0.028483355501715626,0.0015166444982843731,0.008483355501715627,16.966711003431254,-0.013491196465738018,0.0028578577721977117,10.180026602058751,0.025,0.0,-0.03,0.0,1.0,0.0,0.01
18,0.5999882942250494,58,0.0686055720204761,0.0,-0.029155496871268737,0.0008445031287312617,0.009155496871268739,18.310993742537477,-0.010407338601885011,0.008929638291896838,10.986596245522486,0.025,0.0,-0.03,0.0,1.0,0.0,0.01
18,0.5999882942250494,59,0.06965567152652685,0.0,-0.029827016737191372,0.0001729832628086271,0.009827016737191373,19.654033474382747,-0.014657101430171812,0.0034915459920317215,11.792420084629647,0.025,0.0,-0.03,0.0,1.0,0.0,0.01
18,0.5999882942250494,60,0.07070634093022893,0.0,-0.03049764415309118,0.0004976441530911806,0.00950235584690882,19.00471169381764,0.011489838769007844,0.009708147618065337,11.402827016290583,0.025,0.0,-0.03,0.0,1.0,0.0,0.01
18,0.5999882942250494,61,0.07175774949254257,0.0,-0.031167108766156228,0.0011671087661562288,0.008832891233843771,17.665782467687542,0.01579449395399032,0.004153277343677852,10.599469480612525,0.025,0.0,-0.03,0.0,1.0,0.0,0.01
18,0.5999882942250494,62,0.07281006732934232,0.0,-0.03183514430394671,0.001835144303946712,0.008164855696053288,16.329711392106578,0.012592023169468313,0.01044922819646063,9.797826835263946,0.025,0.0,-0.03,0.0,1.0,0.0,0.01
18,0.5999882942250494,63,0.07386345650012632,0.0,-0.03250148363351774,0.002501483633517744,0.007498516366482256,14.997032732964513,0.01690888127094107,0.0048400146443382,8.998219639778707,0.025,0.0,-0.03,0.0,1.0,0.0,0.01
18,0.5999882942250494,64,0.07491713305714293,0.0,-0.03316730307868583,0.003167303078685832,0.006832696921314168,13.665393842628337,0.013734225198298027,0.01117023943081965,8.199236305577001,0.025,0.0,-0.03,0.0,1.0,0.0,0.01
18,0.5999882942250494,65,0.07597080516286658,0.0,-0.03383312391464432,0.0038331239146443194,0.006166876085355681,12.333752170711362,0.01807682013913198,0.005598723736563322,7.400251302426817,0.025,0.0,-0.03,0.0,1.0,0.0,0.01
18,0.5999882942250494,66,0.0770244791009224,0.0,-0.03449894711805112,0.004498947118051121,0.00550105288194888,11.00210576389776,0.01492829396628165,0.011885427839061026,6.601263458338655,0.025,0.0,-0.03,0.0,1.0,0.0,0.01
18,0.5999882942250494,67,0.0780781506144943,0.0,-0.03516476735967887,0.005164767359678871,0.0048352326403211295,9.67046528064226,0.019228491158062546,0.006382713171989155,5.802279168385356,0.025,0.0,-0.03,0.0,1.0,0.0,0.01
18,0.5999882942250494,68,0.07913182663067708,0.0,-0.03583058673365523,0.0058305867336552325,0.004169413266344768,8.338826532689536,0.016138236401992266,0.012578371016363792,5.003295919613722,0.025,0.0,-0.03,0.0,1.0,0.0,0.01
18,0.5999882942250494,69,0.0801855017387663,0.0,-0.036496399901666726,0.006496399901666727,0.003503600098333273,7.007200196666545,0.020368099618542124,0.007188067814347679,4.204320117999927,0.025,0.0,-0.03,0.0,1.0,0.0,0.01
18,0.5999882942250494,70,0.08123918323745691,0.0,-0.037162209919585604,0.007162209919585605,0.0028377900804143954,5.67558016082879,0.017360797517085202,0.013253513687078979,3.405348096497274,0.025,0.0,-0.03,0.0,1.0,0.0,0.01
18,0.5999882942250494,71,0.08229286480657357,0.0,-0.03782801160732002,0.007828011607320023,0.0021719883926799768,4.343976785359954,0.02149836706832007,0.008010127321163716,2.606386071215972,0.025,0.0,-0.03,0.0,1.0,0.0,0.01
18,0.5999882942250494,72,0.08334655387688288,0.0,-0.0384938088410666,0.008493808841066604,0.0015061911589333964,3.012382317866793,0.01859301239456867,0.013915125864648126,1.8074293907200758,0.025,0.0,-0.03,0.0,1.0,0.0,0.01
18,0.5999882942250494,73,0.08440024343502184,0.0,-0.03915959674257721,0.009159596742577214,0.0008404032574227862,1.6808065148455724,0.022621755283379206,0.008844594534397168,1.0084839089073434,0.025,0.0,-0.03,0.0,1.0,0.0,0.01
18,0.5999882942250494,74,0.0854539408383459,0.0,-0.03982537988247637,0.009825379882476372,0.0001746201175236283,0.34924023504725665,0.01983221352638533,0.014566992662390199,0.20954414102835398,0.025,0.0,-0.03,0.0,1.0,0.0,0.01
19,0.6333209772375521,0,0.0,0.0,-0.02,0.009999999999999998,1.734723475976807e-18,3.469446951953614e-15,0.0,0.0,2.0816681711721685e-15,0.025,0.0,-0.03,0.0,1.0,0.0,0.01
19,0.6333209772375521,43,0.05229287162485534,0.0,-0.02026315150663876,0.00973684849336124,0.0002631515066387601,0.5263030132775203,-0.0049941905755736295,0.00034736356538617874,0.3157818079665122,0.025,0.0,-0.03,0.0,1.0,0.0,0.01
19,0.6333209772375521,44,0.053461034787984515,0.0,-0.020698282437793925,0.009301717562206074,0.0006982824377939258,1.3965648755878517,-0.003958856611510122,0.0035516870918176585,0.837938925352711,0.025,0.0,-0.03,0.0,1.0,0.0,0.01
19,0.6333209772375521,45,0.05463041307072555,0.0,-0.021130092673780104,0.008869907326219895,0.0011300926737801056,2.260185347560211,-0.005669111250781975,4.3594864968746615e-05,1.3561112085361267,0.025,0.0,-0.03,0.0,1.0,0.0,0.01
19,0.6333209772375521,46,0.05580127162877685,0.0,-0.02155790309156413,0.008442096908435868,0.0015579030915641324,3.1158061831282646,-0.004668200780182357,0.0037281603826905363,1.8694837098769588,0.025,0.0,-0.03,0.0,1.0,0.0,0.01
19,0.6333209772375521,47,0.05697258898591407,0.0,-0.021984059791477054,0.008015940208522945,0.0019840597914770556,3.9681195829541114,-0.006525891842619612,0.00038230812867736503,2.3808717497724667,0.025,0.0,-0.03,0.0,1.0,0.0,0.01
19,0.6333209772375521,48,0.05801643122591502,0.0,-0.022665286852542346,0.007334713147457653,0.002665286852542347,5.330573705084694,-0.005207092820256254,0.003965459676506328,3.198344223050816,0.025,0.0,-0.03,0.0,1.0,0.0,0.01
19,0.6333209772375521,49,0.05905886568192491,0.0,-0.023348629490641957,0.006651370509358042,0.003348629490641958,6.697258981283916,-0.00773457533366229,0.0011799040763020012,4.01835538877035,0.025,0.0,-0.03,0.0,1.0,0.0,0.01
19,0.6333209772375521,50,0.060100101599181874,0.0,-0.02403384077913102,0.005966159220868978,0.004033840779131022,8.067681558262045,-0.006235928006776078,0.004599781532140792,4.840608934957227,0.025,0.0,-0.03,0.0,1.0,0.0,0.01
19,0.6333209772375521,51,0.06114027302192435,0.0,-0.02472062051858969,0.005279379481410308,0.004720620518589692,9.441241037179385,-0.00874141641945805,0.0019176764173708851,5.664744622307631,0.025,0.0,-0.03,0.0,1.0,0.0,0.01
19,0.6333209772375521,52,0.062179604164038345,0.0,-0.025408723580043792,0.004591276419956207,0.005408723580043793,10.817447160087587,-0.0073169344475444474,0.005207988242446765,6.490468296052552,0.025,0.0,-0.03,0.0,1.0,0.0,0.01
19,0.6333209772375521,53,0.06321822649164835,0.0,-0.026097840429014776,0.003902159570985223,0.006097840429014777,12.195680858029554,-0.009718355456272922,0.0027020471460399422,7.317408514817732,0.025,0.0,-0.03,0.0,1.0,0.0,0.01
19,0.6333209772375521,54,0.06425637680496636,0.0,-0.026787728523293974,0.0032122714767060245,0.006787728523293976,13.575457046587951,-0.008429117617769676,0.00578009062800975,8.14527422795277,0.025,0.0,-0.03,0.0,1.0,0.0,0.01
19,0.6333209772375521,55,0.0652941822341908,0.0,-0.0274780710200381,0.0025219289799618995,0.007478071020038101,14.956142040076202,-0.010668748015593614,0.0035272005634541317,8.97368522404572,0.025,0.0,-0.03,0.0,1.0,0.0,0.01
19,0.6333209772375521,56,0.06633188929230069,0.0,-0.028168629133411678,0.0018313708665883208,0.00816862913341168,16.33725826682336,-0.009567336892780385,0.006318638594823176,9.802354960094014,0.025,0.0,-0.03,0.0,1.0,0.0,0.01
19,0.6333209772375521,57,0.06736961906019318,0.0,-0.02885908076741582,0.0011409192325841783,0.008859080767415822,17.718161534831644,-0.011595508020622515,0.004384908963089827,10.630896920898985,0.025,0.0,-0.03,0.0,1.0,0.0,0.01
19,0.6333209772375521,58,0.06840762477905625,0.0,-0.02954919196992365,0.0004508080300763481,0.009549191969923652,19.098383939847306,-0.010725443554656678,0.006827431772924902,11.459030363908383,0.025,0.0,-0.03,0.0,1.0,0.0,0.01
19,0.6333209772375521,59,0.06944601981087409,0.0,-0.0302386375159569,0.00023863751595690208,0.009761362484043098,19.522724968086195,0.012502583035831799,0.005265858310790349,11.713634980851717,0.025,0.0,-0.03,0.0,1.0,0.0,0.01
19,0.6333209772375521,60,0.07048506108754925,0.0,-0.030927189296148128,0.0009271892961481287,0.009072810703851871,18.145621407703743,0.011896376308071067,0.0073112518278643365,10.887372844622245,0.025,0.0,-0.03,0.0,1.0,0.0,0.01
19,0.6333209772375521,61,0.07152485265563181,0.0,-0.03161452114574754,0.0016145211457475397,0.00838547885425246,16.77095770850492,0.013394714757922595,0.006159916607846788,10.062574625102952,0.025,0.0,-0.03,0.0,1.0,0.0,0.01
19,0.6333209772375521,62,0.07256565210028297,0.0,-0.032300411769558536,0.002300411769558537,0.007699588230441463,15.399176460882925,0.013072304136556736,0.007775566349997552,9.239505876529755,0.025,0.0,-0.03,0.0,1.0,0.0,0.01
19,0.6333209772375521,63,0.07360755267868159,0.0,-0.032984536282525116,0.0029845362825251173,0.007015463717474883,14.030927434949765,0.014278062066516726,0.007057018833764572,8.418556460969858,0.025,0.0,-0.03,0.0,1.0,0.0,0.01
19,0.6333209772375521,64,0.07464909055037239,0.0,-0.03366923375745291,0.003669233757452914,0.006330766242547086,12.661532485094172,0.01427592501417621,0.008248481707462903,7.596919491056503,0.025,0.0,-0.03,0.0,1.0,0.0,0.01
19,0.6333209772375521,65,0.07569057605155682,0.0,-0.03435391606944005,0.00435391606944005,0.00564608393055995,11.2921678611199,0.015223064519284912,0.007994609215932737,6.77530071667194,0.025,0.0,-0.03,0.0,1.0,0.0,0.01
19,0.6333209772375521,66,0.07673209836970599,0.0,-0.03503863786967914,0.00503863786967914,0.00496136213032086,9.92272426064172,0.015509070157827999,0.008747431674674453,5.953634556385032,0.025,0.0,-0.03,0.0,1.0,0.0,0.01
19,0.6333209772375521,67,0.07777357039690318,0.0,-0.035723338279053975,0.005723338279053976,0.004276661720946024,8.553323441892049,0.016174357762001268,0.008923768808857159,5.131994065135229,0.025,0.0,-0.03,0.0,1.0,0.0,0.01
19,0.6333209772375521,68,0.07881508358104018,0.0,-0.0364080741131474,0.006408074113147401,0.0035919258868525993,7.183851773705198,0.01673462716373708,0.009260426463358304,4.310311064223119,0.025,0.0,-0.03,0.0,1.0,0.0,0.01
19,0.6333209772375521,69,0.07985654841904129,0.0,-0.037092783583388265,0.007092783583388267,0.0029072164166117336,5.814432833223467,0.017138172772762448,0.009835995687673965,3.48865969993408,0.025,0.0,-0.03,0.0,1.0,0.0,0.01
19,0.6333209772375521,70,0.08089805765593108,0.0,-0.037777525040015074,0.007777525040015075,0.002222474959984925,4.444949919969851,0.01794683048370965,0.009795717830040188,2.6669699519819106,0.025,0.0,-0.03,0.0,1.0,0.0,0.01
19,0.6333209772375521,71,0.08193952033898239,0.0,-0.03846223643057793,0.008462236430577932,0.0015377635694220678,3.0755271388441354,0.018119594232358455,0.010723220549053737,1.8453162833064811,0.025,0.0,-0.03,0.0,1.0,0.0,0.01
19,0.6333209772375521,72,0.08298102955302238,0.0,-0.03914697702812907,0.009146977028129069,0.0008530229718709311,1.7060459437418622,0.019140631584188054,0.010360602362971929,1.0236275662451173,0.025,0.0,-0.03,0.0,1.0,0.0,0.01
19,0.6333209772375521,73,0.08402249382795698,0.0,-0.03983168514558408,0.00983168514558408,0.00016831485441592096,0.33662970883184196,0.01912292369726357,0.011578523537247695,0.20197782529910516,0.025,0.0,-0.03,0.0,1.0,0.0,0.01
20,0.6666536602500549,0,0.0,0.0,-0.02,0.009999999999999998,1.734723475976807e-18,3.469446951953614e-15,0.0,0.0,2.0816681711721685e-15,0.025,0.0,-0.03,0.0,1.0,0.0,0.01
20,0.6666536602500549,43,0.05224238298652525,0.0,-0.020401516524853117,0.009598483475146882,0.00040151652485311863,0.8030330497062372,-0.004271986582378441,0.0007925434136537575,0.48181982982374233,0.025,0.0,-0.03,0.0,1.0,0.0,0.01
20,0.6666536602500549,44,0.05340628641579083,0.0,-0.020847940878266382,0.009152059121733617,0.0008479408782663834,1.6958817565327668,-0.004120279705316171,0.0021819194424423497,1.01752905391966,0.025,0.0,-0.03,0.0,1.0,0.0,0.01
20,0.6666536602500549,45,0.05457145229179805,0.0,-0.021291003919394355,0.008708996080605644,0.0012910039193943564,2.5820078387887127,-0.004827177972062295,0.0012932856358487844,1.5492047032732275,0.025,0.0,-0.03,0.0,1.0,0.0,0.01
20,0.6666536602500549,46,0.055738162892316985,0.0,-0.021730019334228474,0.008269980665771524,0.0017300193342284758,3.4600386684569515,-0.004875800009109658,0.002149911428703761,2.076023201074171,0.025,0.0,-0.03,0.0,1.0,0.0,0.01
20,0.6666536602500549,47,0.0569053480104609,0.0,-0.022167372082720224,0.007832627917279775,0.0021673720827202255,4.334744165440451,-0.0053676790139288565,0.0018406311109977918,2.6008464992642706,0.025,0.0,-0.03,0.0,1.0,0.0,0.01
20,0.6666536602500549,48,0.05793822055614431,0.0,-0.022865121453511675,0.007134878546488324,0.002865121453511676,5.730242907023352,-0.005807553140631433,0.002276988625941227,3.4381457442140113,0.025,0.0,-0.03,0.0,1.0,0.0,0.01
20,0.6666536602500549,49,0.058969615796568835,0.0,-0.02356502322377188,0.0064349767762281185,0.0035650232237718817,7.130046447543763,-0.006146009018507417,0.0027995560574478186,4.278027868526258,0.025,0.0,-0.03,0.0,1.0,0.0,0.01
20,0.6666536602500549,50,0.05999974450558852,0.0,-0.024266820504486725,0.005733179495513274,0.004266820504486726,8.533641008973452,-0.0069749878691212274,0.0026115609842620553,5.120184605384071,0.025,0.0,-0.03,0.0,1.0,0.0,0.01
20,0.6666536602500549,51,0.061028762058841696,0.0,-0.02497021468778631,0.005029785312213687,0.004970214687786313,9.940429375572625,-0.006878879358348403,0.0037836259482788327,5.964257625343575,0.025,0.0,-0.03,0.0,1.0,0.0,0.01
20,0.6666536602500549,52,0.062056887235495795,0.0,-0.02567494592672988,0.0043250540732701175,0.005674945926729883,11.349891853459766,-0.008171417181129674,0.0029232238134539673,6.80993511207586,0.025,0.0,-0.03,0.0,1.0,0.0,0.01
20,0.6666536602500549,53,0.06308428052359896,0.0,-0.02638071119606999,0.0036192888039300077,0.0063807111960699926,12.761422392139986,-0.007592517658551335,0.004800847146965581,7.656853435283991,0.025,0.0,-0.03,0.0,1.0,0.0,0.01
20,0.6666536602500549,54,0.06411116604522407,0.0,-0.027087248295986265,0.0029127517040137343,0.007087248295986266,14.174496591972531,-0.009387650602673589,0.0032135981880952124,8.504697955183518,0.025,0.0,-0.03,0.0,1.0,0.0,0.01
20,0.6666536602500549,55,0.06513770763716081,0.0,-0.027794251923771038,0.002205748076228961,0.007794251923771039,15.588503847542079,-0.0082919607180229,0.005842657191661173,9.353102308525246,0.025,0.0,-0.03,0.0,1.0,0.0,0.01
20,0.6666536602500549,56,0.06616413171074328,0.0,-0.028501458630238376,0.0014985413697616232,0.008501458630238377,17.002917260476753,-0.01061597995578763,0.003487352166903355,10.201750356286052,0.025,0.0,-0.03,0.0,1.0,0.0,0.01
20,0.6666536602500549,57,0.06719060360975104,0.0,-0.029208562879638706,0.0007914371203612929,0.009208562879638707,18.417125759277415,-0.008982997005058956,0.006899020943604597,11.050275455566448,0.025,0.0,-0.03,0.0,1.0,0.0,0.01
20,0.6666536602500549,58,0.06821734899430726,0.0,-0.029915301102884016,8.46988971159833e-05,0.009915301102884017,19.830602205768034,-0.011847760802641667,0.00375027637247421,11.89836132346082,0.025,0.0,-0.03,0.0,1.0,0.0,0.01
20,0.6666536602500549,59,0.06924453278809779,0.0,-0.030621369522622375,0.000621369522622376,0.009378630477377624,18.75726095475525,0.009672249861348974,0.007958874109100397,11.25435657285315,0.025,0.0,-0.03,0.0,1.0,0.0,0.01
20,0.6666536602500549,60,0.07027237693695039,0.0,-0.03132650563300822,0.0013265056330082209,0.00867349436699178,17.346988733983558,0.013073673491676497,0.00400910097731741,10.408193240390135,0.025,0.0,-0.03,0.0,1.0,0.0,0.01
20,0.6666536602500549,61,0.07130104396058741,0.0,-0.03203040935135554,0.002030409351355539,0.007969590648644461,15.939181297288922,0.010366799928626151,0.009010322948653473,9.563508778373352,0.025,0.0,-0.03,0.0,1.0,0.0,0.01
20,0.6666536602500549,62,0.07233074926220909,0.0,-0.03273282050194482,0.002732820501944823,0.007267179498055177,14.534358996110354,0.014284772421332529,0.00427178271929896,8.720615397666212,0.025,0.0,-0.03,0.0,1.0,0.0,0.01
20,0.6666536602500549,63,0.07336165095633157,0.0,-0.03343344456619188,0.003433444566191879,0.006566555433808121,13.133110867616242,0.01106620233319334,0.01003574273912163,7.879866520569745,0.025,0.0,-0.03,0.0,1.0,0.0,0.01
20,0.6666536602500549,64,0.07439147294018687,0.0,-0.03413560837346787,0.004135608373467874,0.005864391626532127,11.728783253064254,0.015517357152688762,0.004580587941046867,7.037269951838552,0.025,0.0,-0.03,0.0,1.0,0.0,0.01
20,0.6666536602500549,65,0.07542126701834889,0.0,-0.03483778696078995,0.004837786960789951,0.005162213039210049,10.324426078420098,0.011835597087848853,0.011066547471098859,6.194655647052058,0.025,0.0,-0.03,0.0,1.0,0.0,0.01
20,0.6666536602500549,66,0.07645105878309305,0.0,-0.03553999288902279,0.005539992889022793,0.004460007110977207,8.920014221954414,0.016749785509888624,0.004943409577420358,5.352008533172648,0.025,0.0,-0.03,0.0,1.0,0.0,0.01
20,0.6666536602500549,67,0.07748082817710714,0.0,-0.036242207905960104,0.006242207905960105,0.003757792094039895,7.5155841880797905,0.012638538304476008,0.012059017558693394,4.509350512847874,0.025,0.0,-0.03,0.0,1.0,0.0,0.01
20,0.6666536602500549,68,0.0785105982311494,0.0,-0.036944443440595824,0.006944443440595825,0.003055556559404175,6.11111311880835,0.017950788617029426,0.005353603485110081,3.66666787128501,0.025,0.0,-0.03,0.0,1.0,0.0,0.01
20,0.6666536602500549,69,0.07954035089304304,0.0,-0.037646683225273106,0.007646683225273107,0.002353316774726893,4.7066335494537865,0.01347774736450536,0.013000393658238624,2.8239801296722717,0.025,0.0,-0.03,0.0,1.0,0.0,0.01
20,0.6666536602500549,70,0.08057010661753924,0.0,-0.03834893756853528,0.008348937568535282,0.0016510624314647181,3.3021248629294364,0.019114180835328114,0.005820721554972208,1.9812749177576618,0.025,0.0,-0.03,0.0,1.0,0.0,0.01
20,0.6666536602500549,71,0.08159984929147843,0.0,-0.03905119217311772,0.009051192173117721,0.0009488078268822791,1.897615653764558,0.014359022232519073,0.013881774487751738,1.1385693922587348,0.025,0.0,-0.03,0.0,1.0,0.0,0.01
20,0.6666536602500549,72,0.08262959688642871,0.0,-0.0397534563166003,0.009753456316600302,0.00024654368339969805,0.49308736679939613,0.020234330305695002,0.006352678226451261,0.2958524200796377,0.025,0.0,-0.03,0.0,1.0,0.0,0.01
21,0.6999863432625576,0,0.0,0.0,-0.02,0.009999999999999998,1.734723475976807e-18,3.469446951953614e-15,0.0,0.0,2.0816681711721685e-15,0.025,0.0,-0.03,0.0,1.0,0.0,0.01
21,0.6999863432625576,42,0.0510352013593325,0.0,-0.020070971236818617,0.009929028763181382,7.097123681861807e-05,0.14194247363723614,-0.0033206816752273066,0.0015871092962091542,0.08516548418234168,0.025,0.0,-0.03,0.0,1.0,0.0,0.01
21,0.6999863432625576,43,0.05219394842299177,0.0,-0.02053060461206481,0.00946939538793519,0.0005306046120648108,1.0612092241296216,-0.003841962707041061,0.0011582631846373292,0.6367255344777729,0.025,0.0,-0.03,0.0,1.0,0.0,0.01
21,0.6999863432625576,44,0.05335375798410102,0.0,-0.020987560686302663,0.009012439313697336,0.0009875606863026642,1.9751213726053283,-0.003953328058420434,0.0017757569159698825,1.1850728235631969,0.025,0.0,-0.03,0.0,1.0,0.0,0.01
21,0.6999863432625576,45,0.0545148897511733,0.0,-0.02144112383884087,0.008558876161159128,0.0014411238388408725,2.882247677681745,-0.004424349630134938,0.0014625433517401977,1.7293486066090469,0.025,0.0,-0.03,0.0,1.0,0.0,0.01
21,0.6999863432625576,46,0.055677612455644634,0.0,-0.021890589728386152,0.008109410271613847,0.0018905897283861533,3.7811794567723065,-0.004590613886604418,0.0019319813922773139,2.268707674063384,0.025,0.0,-0.03,0.0,1.0,0.0,0.01
21,0.6999863432625576,47,0.05684083957633693,0.0,-0.02233839126155522,0.007661608738444778,0.0023383912615552224,4.676782523110445,-0.0050031345049661325,0.0017913506385627469,2.806069513866267,0.025,0.0,-0.03,0.0,1.0,0.0,0.01
21,0.6999863432625576,48,0.05786320155965337,0.0,-0.023051439131479366,0.006948560868520633,0.003051439131479367,6.1028782629587335,-0.00536339970747425,0.0022505146617752005,3.66172695777524,0.025,0.0,-0.03,0.0,1.0,0.0,0.01
21,0.6999863432625576,49,0.0588840346790459,0.0,-0.023766681930381436,0.0062333180696185625,0.0037666819303814377,7.533363860762876,-0.005836180531633393,0.002513388385289926,4.520018316457725,0.025,0.0,-0.03,0.0,1.0,0.0,0.01
21,0.6999863432625576,50,0.05990352127554487,0.0,-0.02448383314762521,0.005516166852374788,0.004483833147625212,8.967666295250424,-0.006320943877332815,0.0027667172044598433,5.3805997771502545,0.025,0.0,-0.03,0.0,1.0,0.0,0.01
21,0.6999863432625576,51,0.06092186805016346,0.0,-0.025202618111966623,0.004797381888033376,0.005202618111966624,10.40523622393325,-0.0066429436831666735,0.0032530905333305583,6.243141734359949,0.025,0.0,-0.03,0.0,1.0,0.0,0.01
21,0.6999863432625576,52,0.061939256378244836,0.0,-0.025922739946914516,0.004077260053085483,0.005922739946914517,11.845479893829035,-0.00729703710421074,0.00327020836828103,7.10728793629742,0.025,0.0,-0.03,0.0,1.0,0.0,0.01
21,0.6999863432625576,53,0.06295590792154501,0.0,-0.026643926568983487,0.0033560734310165118,0.0066439265689834884,13.287853137966977,-0.007437567485380658,0.004016241893529994,7.972711882780185,0.025,0.0,-0.03,0.0,1.0,0.0,0.01
21,0.6999863432625576,54,0.06397200007850544,0.0,-0.02736587189884906,0.002634128101150938,0.007365871898849062,14.731743797698124,-0.008287351624913532,0.003759905238031431,8.839046278618873,0.025,0.0,-0.03,0.0,1.0,0.0,0.01
21,0.6999863432625576,55,0.0649877674640535,0.0,-0.02808830840562133,0.001911691594378668,0.008088308405621332,16.176616811242663,-0.008221404000723112,0.004798134817046154,9.705970086745598,0.025,0.0,-0.03,0.0,1.0,0.0,0.01
21,0.6999863432625576,56,0.06600338054235777,0.0,-0.028810922082824444,0.0011890779171755544,0.008810922082824446,17.62184416564889,-0.009288095040081025,0.004236517593125328,10.573106499389334,0.025,0.0,-0.03,0.0,1.0,0.0,0.01
21,0.6999863432625576,57,0.06701908465189209,0.0,-0.02953345173977669,0.00046654826022330884,0.009533451739776691,19.066903479553382,-0.008996468493925639,0.005593096683044412,11.44014208773203,0.025,0.0,-0.03,0.0,1.0,0.0,0.01
21,0.6999863432625576,58,0.06803504049091513,0.0,-0.03025557686691461,0.00025557686691460996,0.00974442313308539,19.488846266170782,0.010294762610113303,0.004701543900646353,11.693307759702469,0.025,0.0,-0.03,0.0,1.0,0.0,0.01
21,0.6999863432625576,59,0.06905150169225843,0.0,-0.030977044218837672,0.0009770442188376735,0.009022955781162327,18.045911562324655,0.009765433098235469,0.006394705982794432,10.827546937394793,0.025,0.0,-0.03,0.0,1.0,0.0,0.01
21,0.6999863432625576,60,0.07006861654978333,0.0,-0.03169752838931538,0.0016975283893153822,0.008302471610684618,16.604943221369236,0.011302279641791705,0.00515718219055558,9.962965932821541,0.025,0.0,-0.03,0.0,1.0,0.0,0.01
21,0.6999863432625576,61,0.07108664438837392,0.0,-0.032416785502764035,0.0024167855027640364,0.007583214497235964,15.166428994471927,0.010531408588774164,0.007195914972679434,9.099857396683156,0.025,0.0,-0.03,0.0,1.0,0.0,0.01
21,0.6999863432625576,62,0.07210571871791419,0.0,-0.03313448706851611,0.0031344870685161078,0.0068655129314838925,13.731025862967785,0.012305608738291663,0.005606516077042315,8.238615517780671,0.025,0.0,-0.03,0.0,1.0,0.0,0.01
21,0.6999863432625576,63,0.0731261017829423,0.0,-0.03385039987207468,0.0038503998720746807,0.0061496001279253195,12.29920025585064,0.011294094052174105,0.007986675129528206,7.379520153510383,0.025,0.0,-0.03,0.0,1.0,0.0,0.01
21,0.6999863432625576,64,0.07414467674926105,0.0,-0.0345687286095921,0.0045687286095921,0.0054312713904079,10.8625427808158,0.013333855359807979,0.006080454376045225,6.517525668489481,0.025,0.0,-0.03,0.0,1.0,0.0,0.01
21,0.6999863432625576,65,0.07516326851723683,0.0,-0.035287117017583275,0.005287117017583276,0.004712882982416724,9.425765964833449,0.012112536441104264,0.008805168073003156,5.655459578900069,0.025,0.0,-0.03,0.0,1.0,0.0,0.01
21,0.6999863432625576,66,0.07618179870347679,0.0,-0.03600550408890958,0.006005504088909583,0.003994495911090417,7.988991822180835,0.014377528880331968,0.00658585632883125,4.793395093308501,0.025,0.0,-0.03,0.0,1.0,0.0,0.01
21,0.6999863432625576,67,0.07720035477107445,0.0,-0.036723945997848964,0.006723945997848965,0.003276054002151035,6.55210800430207,0.012945060733178717,0.009610201572100336,3.931264802581242,0.025,0.0,-0.03,0.0,1.0,0.0,0.01
21,0.6999863432625576,68,0.07821885080012075,0.0,-0.03744237693279441,0.007442376932794412,0.0025576230672055885,5.115246134411177,0.015408811114432711,0.007110328706014479,3.069147680646706,0.025,0.0,-0.03,0.0,1.0,0.0,0.01
21,0.6999863432625576,69,0.07923738068676502,0.0,-0.03816085818617278,0.008160858186172779,0.0018391418138272216,3.678283627654443,0.013793449926016093,0.010394634200470909,2.206970176592666,0.025,0.0,-0.03,0.0,1.0,0.0,0.01
21,0.6999863432625576,70,0.08025585217232492,0.0,-0.038879320061336015,0.008879320061336016,0.0011206799386639845,2.241359877327969,0.016424013166671858,0.007659254908140179,1.3448159263967814,0.025,0.0,-0.03,0.0,1.0,0.0,0.01
21,0.6999863432625576,71,0.0812743642351804,0.0,-0.03959782804908799,0.009597828049087993,0.0004021719509120069,0.8043439018240138,0.01466109742902759,0.011153302358076612,0.48260634109440825,0.025,0.0,-0.03,0.0,1.0,0.0,0.01
22,0.7333190262750604,0,0.0,0.0,-0.02,0.009999999999999998,1.734723475976807e-18,3.469446951953614e-15,0.0,0.0,2.0816681711721685e-15,0.025,0.0,-0.03,0.0,1.0,0.0,0.01
22,0.7333190262750604,42,0.05099281564326971,0.0,-0.020181482506137664,0.009818517493862335,0.00018148250613766494,0.36296501227532985,-0.0030418100841654036,0.00163591098580024,0.2177790073651979,0.025,0.0,-0.03,0.0,1.0,0.0,0.01
22,0.7333190262750604,43,0.05214761571926078,0.0,-0.020650959995008124,0.009349040004991874,0.0006509599950081258,1.3019199900162517,-0.0036885135193580774,0.000849402418457406,0.781151994009751,0.025,0.0,-0.03,0.0,1.0,0.0,0.01
22,0.7333190262750604,44,0.05330351437352921,0.0,-0.021117735768316336,0.008882264231683663,0.0011177357683163375,2.235471536632675,-0.0035213605954203865,0.0020973040270196694,1.341282921979605,0.025,0.0,-0.03,0.0,1.0,0.0,0.01
22,0.7333190262750604,45,0.054460780649491725,0.0,-0.02158108554027929,0.008418914459720709,0.0015810855402792912,3.1621710805585823,-0.004345588995676573,0.0008459546432607418,1.8973026483351494,0.025,0.0,-0.03,0.0,1.0,0.0,0.01
22,0.7333190262750604,46,0.0556196957582608,0.0,-0.022040297766295857,0.007959702233704142,0.0020402977662958583,4.080595532591716,-0.003985157235004803,0.0025477874247842136,2.4483573195550297,0.025,0.0,-0.03,0.0,1.0,0.0,0.01
22,0.7333190262750604,47,0.05677912683394419,0.0,-0.02249783712632441,0.00750216287367559,0.0024978371263244103,4.99567425264882,-0.005129229393288421,0.0008922705096725537,2.997404551589292,0.025,0.0,-0.03,0.0,1.0,0.0,0.01
22,0.7333190262750604,48,0.05779146393377174,0.0,-0.02322505546023725,0.00677494453976275,0.0032250554602372503,6.450110920474501,-0.004327358949759929,0.0030959824792539366,3.8700665522847,0.025,0.0,-0.03,0.0,1.0,0.0,0.01
22,0.7333190262750604,49,0.05880220159925105,0.0,-0.02395449329413464,0.006045506705865358,0.003954493294134642,7.908986588269284,-0.00624248113782055,0.0012760323656446355,4.74539195296157,0.025,0.0,-0.03,0.0,1.0,0.0,0.01
22,0.7333190262750604,50,0.059811541293657636,0.0,-0.02468586697679838,0.00531413302320162,0.00468586697679838,9.371733953596761,-0.004939930128996667,0.0039485882953551096,5.623040372158057,0.025,0.0,-0.03,0.0,1.0,0.0,0.01
22,0.7333190262750604,51,0.060819685887775886,0.0,-0.025418888660286035,0.004581111339713964,0.005418888660286036,10.837777320572073,-0.007258423526249627,0.0016127159597610148,6.502666392343244,0.025,0.0,-0.03,0.0,1.0,0.0,0.01
22,0.7333190262750604,52,0.06182684071850149,0.0,-0.026153267693116423,0.003846732306883576,0.006153267693116424,12.306535386232849,-0.005573352889969439,0.004799547686499873,7.383921231739709,0.025,0.0,-0.03,0.0,1.0,0.0,0.01
22,0.7333190262750604,53,0.06283321925909756,0.0,-0.026888715622876265,0.003111284377123734,0.006888715622876266,13.777431245752533,-0.00826383171830719,0.0019686068263976525,8.26645874745152,0.025,0.0,-0.03,0.0,1.0,0.0,0.01
22,0.7333190262750604,54,0.06383902770045868,0.0,-0.027624935859276393,0.002375064140723606,0.007624935859276394,15.249871718552788,-0.00622103876440407,0.0056376054272288725,9.149923031131673,0.025,0.0,-0.03,0.0,1.0,0.0,0.01
22,0.7333190262750604,55,0.06484448800659144,0.0,-0.028361641321509513,0.0016383586784904855,0.008361641321509515,16.72328264301903,-0.00925538327196754,0.0023445877832135712,10.033969585811418,0.025,0.0,-0.03,0.0,1.0,0.0,0.01
22,0.7333190262750604,56,0.06584980411143537,0.0,-0.029098530691655654,0.0009014693083443451,0.009098530691655655,18.19706138331131,-0.006884948421958235,0.006458367258227053,10.918236829986787,0.025,0.0,-0.03,0.0,1.0,0.0,0.01
22,0.7333190262750604,57,0.06685520420577341,0.0,-0.02983532011546434,0.00016467988453565743,0.009835320115464343,19.670640230928687,-0.010229383446252646,0.0027404752874886757,11.802384138557212,0.025,0.0,-0.03,0.0,1.0,0.0,0.01
22,0.7333190262750604,58,0.06786088691286135,0.0,-0.03057170483777355,0.0005717048377735512,0.009428295162226449,18.8565903244529,0.007566614075799681,0.007257879887368783,11.313954194671739,0.025,0.0,-0.03,0.0,1.0,0.0,0.01
22,0.7333190262750604,59,0.0688670842536985,0.0,-0.03130740596997929,0.001307405969979289,0.008692594030020711,17.385188060041422,0.01118265760582136,0.0031556905195925873,10.431112836024854,0.025,0.0,-0.03,0.0,1.0,0.0,0.01
22,0.7333190262750604,60,0.0698739866125178,0.0,-0.03204211672581201,0.0020421167258120113,0.007957883274187989,15.915766548375977,0.00826702764183957,0.008032567313706614,9.549459929025586,0.025,0.0,-0.03,0.0,1.0,0.0,0.01
22,0.7333190262750604,61,0.07088182734033183,0.0,-0.03277556480772217,0.002775564807722168,0.007224435192277832,14.448870384555665,0.012112639569958913,0.0035893783382053776,8.669322230733398,0.025,0.0,-0.03,0.0,1.0,0.0,0.01
22,0.7333190262750604,62,0.07189078584561631,0.0,-0.03350744294977163,0.003507442949771629,0.006492557050228371,12.985114100456743,0.008985799267327366,0.008778611706336833,7.791068460274046,0.025,0.0,-0.03,0.0,1.0,0.0,0.01
22,0.7333190262750604,63,0.072901094221669,0.0,-0.034237486985645015,0.004237486985645016,0.005762513014354985,11.52502602870997,0.013026465928089283,0.004047046447243626,6.915015617225982,0.025,0.0,-0.03,0.0,1.0,0.0,0.01
22,0.7333190262750604,64,0.07390894988647215,0.0,-0.034970802086691684,0.004970802086691685,0.005029197913308315,10.05839582661663,0.009729788901619104,0.009501200392890442,6.035037495969978,0.025,0.0,-0.03,0.0,1.0,0.0,0.01
22,0.7333190262750604,65,0.07491679411682776,0.0,-0.035704170264650247,0.005704170264650248,0.004295829735349753,8.591659470699506,0.013974001637793148,0.004575143924453923,5.154995682419703,0.025,0.0,-0.03,0.0,1.0,0.0,0.01
22,0.7333190262750604,66,0.07592459280930641,0.0,-0.03643756009560171,0.006437560095601709,0.003562439904398291,7.124879808796583,0.010528182824082445,0.01022072287047658,4.2749278852779495,0.025,0.0,-0.03,0.0,1.0,0.0,0.01
22,0.7333190262750604,67,0.0769323886321279,0.0,-0.0371709962335952,0.007170996233595198,0.0028290037664048025,5.658007532809605,0.014894802857310865,0.0051294587596416455,3.394804519685763,0.025,0.0,-0.03,0.0,1.0,0.0,0.01
22,0.7333190262750604,68,0.07794014263240923,0.0,-0.03790444420391096,0.007904444203910961,0.002095555796089039,4.191111592178078,0.011349694704507203,0.010911565942287968,2.514666955306847,0.025,0.0,-0.03,0.0,1.0,0.0,0.01
22,0.7333190262750604,69,0.07894790154790475,0.0,-0.03863793215379326,0.008637932153793264,0.0013620678462067364,2.7241356924134728,0.015794661411923955,0.005714065163141958,1.6344814154480836,0.025,0.0,-0.03,0.0,1.0,0.0,0.01
22,0.7333190262750604,70,0.07995562218566138,0.0,-0.03937142306832412,0.009371423068324121,0.0006285769316758793,1.2571538633517585,0.012193458781588734,0.011573460582092679,0.7542923180110551,0.025,0.0,-0.03,0.0,1.0,0.0,0.01
23,0.7666517092875631,0,0.0,0.0,-0.02,0.009999999999999998,1.734723475976807e-18,3.469446951953614e-15,0.0,0.0,2.0816681711721685e-15,0.025,0.0,-0.03,0.0,1.0,0.0,0.01
23,0.7666517092875631,42,0.05095237965659443,0.0,-0.0202844619402651,0.0097155380597349,0.0002844619402650999,0.5689238805301998,-0.00296045787852455,0.0012346400617158388,0.3413543283181199,0.025,0.0,-0.03,0.0,1.0,0.0,0.01
23,0.7666517092875631,43,0.05210341279588148,0.0,-0.02076310993121979,0.009236890068780208,0.0007631099312197919,1.5262198624395837,-0.0032929087879864163,0.0011801842037567002,0.9157319174637502,0.025,0.0,-0.03,0.0,1.0,0.0,0.01
23,0.7666517092875631,44,0.05325558302964853,0.0,-0.02123903567446173,0.00876096432553827,0.0012390356744617307,2.4780713489234616,-0.0034395309012867866,0.0015809048446504864,1.4868428093540769,0.025,0.0,-0.03,0.0,1.0,0.0,0.01
23,0.7666517092875631,45,0.05440915821353514,0.0,-0.021711502800877948,0.008288497199122051,0.0017115028008779492,3.4230056017558983,-0.003873333133313873,0.0012694462978481988,2.053803361053539,0.025,0.0,-0.03,0.0,1.0,0.0,0.01
23,0.7666517092875631,46,0.055564443961424834,0.0,-0.022179798340228634,0.007820201659771365,0.0021797983402286353,4.359596680457271,-0.003909105349700113,0.00192150371173315,2.6157580082743626,0.025,0.0,-0.03,0.0,1.0,0.0,0.01
23,0.7666517092875631,47,0.05672024841839638,0.0,-0.022646409418622608,0.007353590581377391,0.0026464094186226094,5.2928188372452185,-0.004503029042637836,0.0013747477718283362,3.175691302347131,0.025,0.0,-0.03,0.0,1.0,0.0,0.01
23,0.7666517092875631,48,0.05772304359019234,0.0,-0.023386747170433483,0.006613252829566516,0.003386747170433484,6.773494340866968,-0.004392999257914982,0.00239952827879505,4.064096604520181,0.025,0.0,-0.03,0.0,1.0,0.0,0.01
23,0.7666517092875631,49,0.05872416223494494,0.0,-0.024129318837340073,0.005870681162659926,0.004129318837340074,8.258637674680148,-0.005401102378469998,0.0018203130093524611,4.955182604808089,0.025,0.0,-0.03,0.0,1.0,0.0,0.01
23,0.7666517092875631,50,0.05972384562424788,0.0,-0.02487385961923567,0.005126140380764328,0.004873859619235673,9.747719238471346,-0.005043181310280706,0.0030985340668614474,5.848631543082807,0.025,0.0,-0.03,0.0,1.0,0.0,0.01
23,0.7666517092875631,51,0.060722268389731104,0.0,-0.02562005069100924,0.004379949308990758,0.005620050691009243,11.240101382018485,-0.00626446660998969,0.002252161693349291,6.744060829211091,0.025,0.0,-0.03,0.0,1.0,0.0,0.01
23,0.7666517092875631,52,0.06171968639744016,0.0,-0.02636762879964969,0.003632371200350308,0.006367628799649692,12.735257599299384,-0.005703032617959023,0.0037997333075577944,7.64115455957963,0.025,0.0,-0.03,0.0,1.0,0.0,0.01
23,0.7666517092875631,53,0.06271627441870387,0.0,-0.027116266428940508,0.002883733571059491,0.007116266428940509,14.232532857881019,-0.007123866664031684,0.00269480035441634,8.53951971472861,0.025,0.0,-0.03,0.0,1.0,0.0,0.01
23,0.7666517092875631,54,0.06371230007244404,0.0,-0.027865702502033688,0.002134297497966311,0.00786570250203369,15.731405004067378,-0.0063699121414491616,0.004496791755841237,9.438843002440427,0.025,0.0,-0.03,0.0,1.0,0.0,0.01
23,0.7666517092875631,55,0.06470793611614196,0.0,-0.028615602897194278,0.0013843971028057213,0.008615602897194279,17.231205794388558,-0.00797702915899786,0.003147968411119482,10.338723476633135,0.025,0.0,-0.03,0.0,1.0,0.0,0.01
23,0.7666517092875631,56,0.06570345855140707,0.0,-0.029365709741551543,0.0006342902584484562,0.009365709741551544,18.73141948310309,-0.007044667157343899,0.0051863081646996495,11.238851689861853,0.025,0.0,-0.03,0.0,1.0,0.0,0.01
23,0.7666517092875631,57,0.06669903597827032,0.0,-0.030115684386516666,0.00011568438651666721,0.009884315613483333,19.768631226966665,0.008821488927888683,0.003610821678271844,11.86117873618,0.025,0.0,-0.03,0.0,1.0,0.0,0.01
23,0.7666517092875631,58,0.06769494932745002,0.0,-0.03086527311333302,0.0008652731133330198,0.00913472688666698,18.26945377333396,0.007727927805540024,0.0058651182187889435,10.961672264000375,0.025,0.0,-0.03,0.0,1.0,0.0,0.01
23,0.7666517092875631,59,0.06869136090390311,0.0,-0.03161413486718091,0.0016141348671809136,0.008385865132819087,16.771730265638173,0.00965505804483932,0.004082299932439691,10.063038159382904,0.025,0.0,-0.03,0.0,1.0,0.0,0.01
23,0.7666517092875631,60,0.06968855309858608,0.0,-0.032362020991713,0.0023620209917130028,0.007637979008286997,15.275958016573995,0.00842003389684063,0.006530267860530708,9.165574809944397,0.025,0.0,-0.03,0.0,1.0,0.0,0.01
23,0.7666517092875631,61,0.07068667982413566,0.0,-0.03310859018919087,0.0031085901891908727,0.0068914098108091276,13.782819621618255,0.010475892917844041,0.00456121279111681,8.269691772970953,0.025,0.0,-0.03,0.0,1.0,0.0,0.01
23,0.7666517092875631,62,0.0716860215075241,0.0,-0.03385359977569639,0.0038535997756963883,0.006146400224303612,12.292800448607224,0.009120476534307026,0.007178611263455952,7.375680269164334,0.025,0.0,-0.03,0.0,1.0,0.0,0.01
23,0.7666517092875631,63,0.07268672168178045,0.0,-0.03459671037167675,0.004596710371676749,0.005403289628323251,10.806579256646502,0.011287530272757385,0.005050020919875733,6.4839475539879015,0.025,0.0,-0.03,0.0,1.0,0.0,0.01
23,0.7666517092875631,64,0.07368437162375137,0.0,-0.03534390553011222,0.005343905530112221,0.004656094469887779,9.312188939775558,0.009842491931074063,0.007821274642264541,5.587313363865334,0.025,0.0,-0.03,0.0,1.0,0.0,0.01
23,0.7666517092875631,65,0.07468195048825611,0.0,-0.03609112197113486,0.006091121971134858,0.003908878028865142,7.817756057730285,0.012135581944029987,0.0055923450279339836,4.690653634638171,0.025,0.0,-0.03,0.0,1.0,0.0,0.01
23,0.7666517092875631,66,0.07567953248384002,0.0,-0.03683840775592155,0.006838407755921552,0.003161592244078448,6.323184488156896,0.010603599877013176,0.008472223408860929,3.793910692894137,0.025,0.0,-0.03,0.0,1.0,0.0,0.01
23,0.7666517092875631,67,0.07667704970458146,0.0,-0.03758570478680272,0.007585704786802719,0.0024142952131972813,4.8285904263945625,0.012969504524427347,0.006148233398079649,2.8971542558367376,0.025,0.0,-0.03,0.0,1.0,0.0,0.01
23,0.7666517092875631,68,0.0776745774738648,0.0,-0.03833306247257686,0.008333062472576862,0.0016669375274231384,3.3338750548462768,0.011377431752196479,0.009108655688053465,2.000325032907766,0.025,0.0,-0.03,0.0,1.0,0.0,0.01
23,0.7666517092875631,69,0.07867204667598424,0.0,-0.03908042227832191,0.009080422278321912,0.0009195777216780884,1.8391554433561768,0.01379248131628747,0.006720176737510912,1.103493266013706,0.025,0.0,-0.03,0.0,1.0,0.0,0.01
23,0.7666517092875631,70,0.0796695330098652,0.0,-0.03982783441022666,0.009827834410226659,0.00017216558977334144,0.3443311795466829,0.012163509477762654,0.009730217482668821,0.20659870772800973,0.025,0.0,-0.03,0.0,1.0,0.0,0.01
24,0.7999843923000658,0,0.0,0.0,-0.02,0.009999999999999998,1.734723475976807e-18,3.469446951953614e-15,0.0,0.0,2.0816681711721685e-15,0.025,0.0,-0.03,0.0,1.0,0.0,0.01
24,0.7999843923000658,42,0.05091389430603558,0.0,-0.020380372239804514,0.009619627760195485,0.00038037223980451514,0.7607444796090302,-0.002866080631939869,0.0009107502879600943,0.45644668776541814,0.025,0.0,-0.03,0.0,1.0,0.0,0.01
24,0.7999843923000658,43,0.052061347425156564,0.0,-0.02086756149446009,0.009132438505539908,0.000867561494460092,1.735122988920184,-0.002896780881699659,0.0015319630391950557,1.0410737933521104,0.025,0.0,-0.03,0.0,1.0,0.0,0.01
24,0.7999843923000658,44,0.053209963481132605,0.0,-0.021352005460925968,0.008647994539074031,0.0013520054609259691,2.704010921851938,-0.0034325368057839503,0.000941295482395804,1.6224065531111629,0.025,0.0,-0.03,0.0,1.0,0.0,0.01
24,0.7999843923000658,45,0.05436003285765785,0.0,-0.02183296619549858,0.008167033804501417,0.0018329661954985827,3.6659323909971655,-0.0033141812683704034,0.001923032965378192,2.1995594345982994,0.025,0.0,-0.03,0.0,1.0,0.0,0.01
24,0.7999843923000658,46,0.05551185539028074,0.0,-0.02230971778492598,0.007690282215074017,0.002309717784925983,4.619435569851966,-0.004009387242238103,0.0009584927602813677,2.7716613419111793,0.025,0.0,-0.03,0.0,1.0,0.0,0.01
24,0.7999843923000658,47,0.05666421726500027,0.0,-0.022784782490796133,0.007215217509203866,0.002784782490796134,5.5695649815922685,-0.003626711209628127,0.0022797125669900948,3.341738988955361,0.025,0.0,-0.03,0.0,1.0,0.0,0.01
24,0.7999843923000658,48,0.05765793625530179,0.0,-0.023537253997943968,0.006462746002056031,0.0035372539979439694,7.074507995887939,-0.004883691279493369,0.0011911611246525754,4.244704797532763,0.025,0.0,-0.03,0.0,1.0,0.0,0.01
24,0.7999843923000658,49,0.05864992807663049,0.0,-0.024291987016729466,0.005708012983270533,0.004291987016729467,8.583974033458935,-0.004079431428515448,0.002995939654775446,5.150384420075361,0.025,0.0,-0.03,0.0,1.0,0.0,0.01
24,0.7999843923000658,50,0.05964042406015412,0.0,-0.025048700889271712,0.004951299110728287,0.005048700889271713,10.097401778543427,-0.005775609761021391,0.0014957434956867112,6.058441067126056,0.025,0.0,-0.03,0.0,1.0,0.0,0.01
24,0.7999843923000658,51,0.06062962598824452,0.0,-0.025807087199515445,0.004192912800484554,0.0058070871995154465,11.614174399030894,-0.00459744499610933,0.0037689104005537394,6.968504639418536,0.025,0.0,-0.03,0.0,1.0,0.0,0.01
24,0.7999843923000658,52,0.061617777089464434,0.0,-0.026566864228054828,0.0034331357719451713,0.006566864228054829,13.133728456109658,-0.006663743375303342,0.0018007182244080694,7.8802370736657945,0.025,0.0,-0.03,0.0,1.0,0.0,0.01
24,0.7999843923000658,53,0.06260508261271103,0.0,-0.027327717287079112,0.002672282712920887,0.007327717287079113,14.655434574158226,-0.005118205389109594,0.004545080214544607,8.793260744494935,0.025,0.0,-0.03,0.0,1.0,0.0,0.01
24,0.7999843923000658,54,0.0635917946759008,0.0,-0.028089364583804413,0.0019106354161955857,0.008089364583804414,16.17872916760883,-0.0075501157869133405,0.0021114620900572053,9.707237500565297,0.025,0.0,-0.03,0.0,1.0,0.0,0.01
24,0.7999843923000658,55,0.06457811962017326,0.0,-0.028851487089517246,0.0011485129104827525,0.008851487089517248,17.702974179034495,-0.00564387603210185,0.005319435384627447,10.621784507420697,0.025,0.0,-0.03,0.0,1.0,0.0,0.01
24,0.7999843923000658,56,0.06556431513566013,0.0,-0.029613804078767694,0.0003861959212323046,0.009613804078767696,19.227608157535393,-0.00843048859830167,0.002428846411178224,11.536564894521236,0.025,0.0,-0.03,0.0,1.0,0.0,0.01
24,0.7999843923000658,57,0.06655058624941618,0.0,-0.03037599409347242,0.0003759940934724218,0.009624005906527578,19.248011813055157,0.006177252283675752,0.006087162941764018,11.548807087833094,0.025,0.0,-0.03,0.0,1.0,0.0,0.01
24,0.7999843923000658,58,0.06753719284621569,0.0,-0.03113777856839991,0.0011377785683999095,0.00886222143160009,17.72444286320018,0.00930053248034038,0.00275385831697817,10.63466571792011,0.025,0.0,-0.03,0.0,1.0,0.0,0.01
24,0.7999843923000658,59,0.06852433621510964,0.0,-0.03189883553611256,0.0018988355361125586,0.008101164463887442,16.202328927774882,0.00672114033135733,0.006843303444284618,9.721397356664928,0.025,0.0,-0.03,0.0,1.0,0.0,0.01
24,0.7999843923000658,60,0.06951227506615501,0.0,-0.03265888967484343,0.0026588896748434288,0.0073411103251565715,14.682220650313143,0.010155970612540073,0.0030876316576771714,8.809332390187885,0.025,0.0,-0.03,0.0,1.0,0.0,0.01
24,0.7999843923000658,61,0.07050120454423854,0.0,-0.03341762044083462,0.003417620440834622,0.006582379559165378,13.164759118330757,0.007278160985035022,0.007582738904173405,7.898855470998454,0.025,0.0,-0.03,0.0,1.0,0.0,0.01
24,0.7999843923000658,62,0.07149137888634118,0.0,-0.034174756871374244,0.004174756871374245,0.005825243128625755,11.65048625725151,0.010993657643039886,0.003432181760731285,6.990291754350905,0.025,0.0,-0.03,0.0,1.0,0.0,0.01
24,0.7999843923000658,63,0.07248298476076805,0.0,-0.034929981772299494,0.004929981772299495,0.005070018227700505,10.14003645540101,0.007840149820015156,0.008292280412385953,6.084021873240606,0.025,0.0,-0.03,0.0,1.0,0.0,0.01
24,0.7999843923000658,64,0.07347089240749465,0.0,-0.0356899927835645,0.005689992783564503,0.004310007216435497,8.620014432870995,0.011851813944920778,0.003825534520413137,5.172008659722597,0.025,0.0,-0.03,0.0,1.0,0.0,0.01
24,0.7999843923000658,65,0.07445874136672827,0.0,-0.036450045678689674,0.006450045678689675,0.003549954321310325,7.099908642620649,0.008454676666004255,0.009009008378318192,4.2599451855723895,0.025,0.0,-0.03,0.0,1.0,0.0,0.01
24,0.7999843923000658,66,0.075446568482123,0.0,-0.037210160510320604,0.007210160510320605,0.002789839489679395,5.57967897935879,0.012700370224519317,0.004256470637146011,3.347807387615274,0.025,0.0,-0.03,0.0,1.0,0.0,0.01
24,0.7999843923000658,67,0.07643434471737448,0.0,-0.03797030687766658,0.007970306877666582,0.0020296931223334185,4.059386244666837,0.009099046167078486,0.00970358436592183,2.435631746800102,0.025,0.0,-0.03,0.0,1.0,0.0,0.01
24,0.7999843923000658,68,0.07742210679470245,0.0,-0.038730505181893436,0.008730505181893437,0.0012694948181065629,2.5389896362131257,0.01352592735871478,0.004717368315698105,1.5233937817278753,0.025,0.0,-0.03,0.0,1.0,0.0,0.01
24,0.7999843923000658,69,0.07840982555916579,0.0,-0.039490725362705585,0.009490725362705586,0.000509274637294414,1.0185492745888278,0.009768175135819953,0.010367618959142734,0.6111295647532967,0.025,0.0,-0.03,0.0,1.0,0.0,0.01
25,0.8333170753125686,0,0.0,0.0,-0.02,0.009999999999999998,1.734723475976807e-18,3.469446951953614e-15,0.0,0.0,2.0816681711721685e-15,0.025,0.0,-0.03,0.0,1.0,0.0,0.01
25,0.8333170753125686,42,0.05087734892757907,0.0,-0.02046965800226944,0.009530341997730559,0.0004696580022694411,0.9393160045388822,-0.0025045219325353562,0.0012516580222060808,0.5635896027233293,0.025,0.0,-0.03,0.0,1.0,0.0,0.01
25,0.8333170753125686,43,0.05202140117163929,0.0,-0.020964796443268433,0.009035203556731566,0.0009647964432684345,1.929592886536869,-0.002867429645248813,0.0010407269043933545,1.1577557319221214,0.025,0.0,-0.03,0.0,1.0,0.0,0.01
25,0.8333170753125686,44,0.053166642970684616,0.0,-0.021457169320853224,0.008542830679146775,0.0014571693208532254,2.914338641706451,-0.003014730328387038,0.0013317075409171586,1.7486031850238706,0.025,0.0,-0.03,0.0,1.0,0.0,0.01
25,0.8333170753125686,45,0.054313383037457204,0.0,-0.02194603631552876,0.008053963684471237,0.0019460363155287628,3.8920726310575255,-0.0032735187422657844,0.0013579674254170448,2.335243578634515,0.025,0.0,-0.03,0.0,1.0,0.0,0.01
25,0.8333170753125686,46,0.0554619154636334,0.0,-0.022430659084391073,0.007569340915608926,0.002430659084391074,4.861318168782148,-0.003526302394168227,0.0014015188505793902,2.9167909012692887,0.025,0.0,-0.03,0.0,1.0,0.0,0.01
25,0.8333170753125686,47,0.056611009223765475,0.0,-0.02291359438769532,0.00708640561230468,0.0029135943876953205,5.827188775390641,-0.00365416643432639,0.0016674463763306565,3.4963132652343845,0.025,0.0,-0.03,0.0,1.0,0.0,0.01
25,0.8333170753125686,48,0.057596120841195385,0.0,-0.02367729026199874,0.00632270973800126,0.00367729026199874,7.35458052399748,-0.00417947896715762,0.0016376224827969843,4.412748314398488,0.025,0.0,-0.03,0.0,1.0,0.0,0.01
25,0.8333170753125686,49,0.058579463099528155,0.0,-0.024443276942759738,0.005556723057240261,0.0044432769427597395,8.88655388551948,-0.004198298146219066,0.002286214019474268,5.3319323313116875,0.025,0.0,-0.03,0.0,1.0,0.0,0.01
25,0.8333170753125686,50,0.05956124490057717,0.0,-0.025211248435262606,0.004788751564737393,0.005211248435262607,10.422496870525213,-0.004925832334855537,0.002023451572770641,6.253498122315128,0.025,0.0,-0.03,0.0,1.0,0.0,0.01
25,0.8333170753125686,51,0.060541710249915816,0.0,-0.025980919880460657,0.0040190801195393415,0.005980919880460659,11.961839760921318,-0.004752454996750209,0.00291661526773455,7.177103856552791,0.025,0.0,-0.03,0.0,1.0,0.0,0.01
25,0.8333170753125686,52,0.061521070268148646,0.0,-0.026751975784113625,0.0032480242158863734,0.006751975784113627,13.503951568227254,-0.005672155535364465,0.0024149705596713494,8.102370940936352,0.025,0.0,-0.03,0.0,1.0,0.0,0.01
25,0.8333170753125686,53,0.062499582838952364,0.0,-0.027524133221580253,0.0024758667784197455,0.007524133221580255,15.048266443160509,-0.005309457239469124,0.0035484392229499567,9.028959865896304,0.025,0.0,-0.03,0.0,1.0,0.0,0.01
25,0.8333170753125686,54,0.0634774579673381,0.0,-0.02829706858176056,0.0017029314182394374,0.008297068581760563,16.594137163521125,-0.0064166431264337425,0.0028128534595639365,9.956482298112675,0.025,0.0,-0.03,0.0,1.0,0.0,0.01
25,0.8333170753125686,55,0.06445496485526454,0.0,-0.029070502653998027,0.0009294973460019715,0.009070502653998029,18.141005307996057,-0.00587054198846867,0.004178121494484119,10.884603184797633,0.025,0.0,-0.03,0.0,1.0,0.0,0.01
25,0.8333170753125686,56,0.06543230916427484,0.0,-0.02984410500542392,0.00015589499457607792,0.009844105005423922,19.688210010847843,-0.007156653218215599,0.003216865689206217,11.812926006508706,0.025,0.0,-0.03,0.0,1.0,0.0,0.01
25,0.8333170753125686,57,0.06640976866992378,0.0,-0.030617601779732762,0.0006176017797327633,0.009382398220267237,18.764796440534475,0.006436933543907092,0.004802298838721891,11.258877864320684,0.025,0.0,-0.03,0.0,1.0,0.0,0.01
25,0.8333170753125686,58,0.06738754152666582,0.0,-0.03139065712114162,0.001390657121141621,0.00860934287885838,17.21868575771676,0.007889698910827948,0.0036266160621271763,10.331211454630056,0.025,0.0,-0.03,0.0,1.0,0.0,0.01
25,0.8333170753125686,59,0.06836591119633766,0.0,-0.03216300401929323,0.00216300401929323,0.00783699598070677,15.67399196141354,0.007009674884927194,0.005417741282861474,9.404395176848123,0.025,0.0,-0.03,0.0,1.0,0.0,0.01
25,0.8333170753125686,60,0.06934506529687612,0.0,-0.03293430274035843,0.002934302740358434,0.007065697259641566,14.131394519283132,0.008613499786312883,0.00404159269259313,8.47883671156988,0.025,0.0,-0.03,0.0,1.0,0.0,0.01
25,0.8333170753125686,61,0.07032528998037232,0.0,-0.033704294473291506,0.003704294473291507,0.006295705526708493,12.591411053416987,0.007589528654415029,0.006021324118592643,7.554846632050192,0.025,0.0,-0.03,0.0,1.0,0.0,0.01
25,0.8333170753125686,62,0.0713067595048418,0.0,-0.03447263732776457,0.004472637327764574,0.005527362672235426,11.054725344470853,0.0093265520469734,0.004461615842333523,6.632835206682512,0.025,0.0,-0.03,0.0,1.0,0.0,0.01
25,0.8333170753125686,63,0.07228975960371188,0.0,-0.03523908197440207,0.0052390819744020725,0.004760918025597928,9.521836051195855,0.008172113214237059,0.006606281373912677,5.713101630717513,0.025,0.0,-0.03,0.0,1.0,0.0,0.01
25,0.8333170753125686,64,0.0732684046068034,0.0,-0.03601093361760209,0.0060109336176020906,0.00398906638239791,7.978132764795819,0.010055937654941782,0.004913025664974643,4.786879658877491,0.025,0.0,-0.03,0.0,1.0,0.0,0.01
25,0.8333170753125686,65,0.07424703496100636,0.0,-0.0367828726781029,0.0067828726781029025,0.0032171273218970977,6.434254643794195,0.00879923563693933,0.0072112981116877976,3.860552786276517,0.025,0.0,-0.03,0.0,1.0,0.0,0.01
25,0.8333170753125686,66,0.07522558611249736,0.0,-0.03755483927884196,0.007554839278841964,0.002445160721158036,4.890321442316072,0.010789395332821876,0.005392294843195918,2.934192865389643,0.025,0.0,-0.03,0.0,1.0,0.0,0.01
25,0.8333170753125686,67,0.07620413411732833,0.0,-0.03832688455067561,0.008326884550675609,0.0016731154493243913,3.3462308986487823,0.009441399727865809,0.007805760427921893,2.0077385391892695,0.025,0.0,-0.03,0.0,1.0,0.0,0.01
25,0.8333170753125686,68,0.07718260881204819,0.0,-0.039098944484775966,0.009098944484775967,0.0009010555152240331,1.8021110304480663,0.01151187605076865,0.005886155227632505,1.0812666182688397,0.025,0.0,-0.03,0.0,1.0,0.0,0.01
25,0.8333170753125686,69,0.07816109106189717,0.0,-0.03987107442150025,0.009871074421500252,0.00012892557849974833,0.2578511569994967,0.010095708126547611,0.008386275709040523,0.154710694199698,0.025,0.0,-0.03,0.0,1.0,0.0,0.01
26,0.8666497583250713,0,0.0,0.0,-0.02,0.009999999999999998,1.734723475976807e-18,3.469446951953614e-15,0.0,0.0,2.0816681711721685e-15,0.025,0.0,-0.03,0.0,1.0,0.0,0.01
26,0.8666497583250713,41,0.049702778826059946,0.0,-0.020048173881408175,0.009951826118591824,4.8173881408175925e-05,0.09634776281635185,-0.0021857304909403286,0.0009238636237529877,0.05780865768981111,0.025,0.0,-0.03,0.0,1.0,0.0,0.01
26,0.8666497583250713,42,0.050842716733987624,0.0,-0.020552742115200345,0.009447257884799654,0.000552742115200346,1.105484230400692,-0.0023779013454512123,0.0010700324234526359,0.6632905382404152,0.025,0.0,-0.03,0.0,1.0,0.0,0.01
26,0.8666497583250713,43,0.05198354080559513,0.0,-0.021055273867944653,0.008944726132055346,0.0010552738679446543,2.1105477358893086,-0.0026746742089115874,0.0009725473790540015,1.266328641533585,0.025,0.0,-0.03,0.0,1.0,0.0,0.01
26,0.8666497583250713,44,0.05312559142540695,0.0,-0.02155502658376664,0.008444973416233358,0.001555026583766642,3.110053167533284,-0.0027401244918720227,0.0014092726945247364,1.8660319005199701,0.025,0.0,-0.03,0.0,1.0,0.0,0.01
26,0.8666497583250713,45,0.05426916824116618,0.0,-0.022051246613642845,0.007948753386357154,0.0020512466136428462,4.102493227285692,-0.0031705362813614487,0.000994813038668909,2.4614959363714153,0.025,0.0,-0.03,0.0,1.0,0.0,0.01
26,0.8666497583250713,46,0.055414591244661325,0.0,-0.02254319737360206,0.007456802626397939,0.0025431973736020613,5.086394747204123,-0.0030837182751459733,0.0017632767244713245,3.051836848322474,0.025,0.0,-0.03,0.0,1.0,0.0,0.01
26,0.8666497583250713,47,0.05656057710724254,0.0,-0.023033451146360316,0.006966548853639683,0.0030334511463603175,6.066902292720635,-0.0037453690279540385,0.0010236488423122625,3.640141375632381,0.025,0.0,-0.03,0.0,1.0,0.0,0.01
26,0.8666497583250713,48,0.057537554730959575,0.0,-0.023807537692168024,0.0061924623078319745,0.0038075376921680257,7.615075384336052,-0.00336170681573865,0.0022309913006133336,4.569045230601631,0.025,0.0,-0.03,0.0,1.0,0.0,0.01
26,0.8666497583250713,49,0.058512700250268376,0.0,-0.02458392495466811,0.00541607504533189,0.00458392495466811,9.16784990933622,-0.004565532300227511,0.0013198571339278736,5.500709945601732,0.025,0.0,-0.03,0.0,1.0,0.0,0.01
26,0.8666497583250713,50,0.059486250154613,0.0,-0.025362319672841128,0.004637680327158871,0.005362319672841129,10.724639345682258,-0.0037774322964154454,0.002928241262787372,6.434783607409354,0.025,0.0,-0.03,0.0,1.0,0.0,0.01
26,0.8666497583250713,51,0.060458433425752627,0.0,-0.02614241694153284,0.0038575830584671594,0.006142416941532841,12.284833883065682,-0.005352545699141936,0.0015747658159049084,7.370900329839409,0.025,0.0,-0.03,0.0,1.0,0.0,0.01
26,0.8666497583250713,52,0.06142949235528113,0.0,-0.02692391731499973,0.003076082685000269,0.006923917314999731,13.847834629999463,-0.004190091148077451,0.0036434544075004665,8.308700777999677,0.025,0.0,-0.03,0.0,1.0,0.0,0.01
26,0.8666497583250713,53,0.06239966643046917,0.0,-0.02770651496540744,0.0022934850345925593,0.007706514965407441,15.413029930814881,-0.006147428801663738,0.001824370277895697,9.247817958488929,0.025,0.0,-0.03,0.0,1.0,0.0,0.01
26,0.8666497583250713,54,0.06336920056696667,0.0,-0.02848990523322208,0.001510094766777919,0.008489905233222081,16.979810466444164,-0.0045979498909216624,0.004368698690584288,10.187886279866499,0.025,0.0,-0.03,0.0,1.0,0.0,0.01
26,0.8666497583250713,55,0.06433834213102159,0.0,-0.029273783223316707,0.0007262167766832923,0.009273783223316708,18.547566446633414,-0.00694628433758185,0.0020702679410792074,11.128539867980049,0.025,0.0,-0.03,0.0,1.0,0.0,0.01
26,0.8666497583250713,56,0.06530733529241722,0.0,-0.030057840249855545,5.784024985554595e-05,0.009942159750144454,19.884319500288907,0.005004417620738539,0.005098961834839577,11.930591700173343,0.025,0.0,-0.03,0.0,1.0,0.0,0.01
26,0.8666497583250713,57,0.06627643253621372,0.0,-0.03084177407387114,0.0008417740738711418,0.009158225926128858,18.316451852257718,0.007744186195775929,0.00231426825970411,10.98987111135463,0.025,0.0,-0.03,0.0,1.0,0.0,0.01
26,0.8666497583250713,58,0.06724587394651182,0.0,-0.03162527323118225,0.0016252732311822504,0.00837472676881775,16.7494535376355,0.005413460320019587,0.005828679520346445,10.049672122581299,0.025,0.0,-0.03,0.0,1.0,0.0,0.01
26,0.8666497583250713,59,0.06821591425881084,0.0,-0.03240803975902637,0.0024080397590263702,0.00759196024097363,15.18392048194726,0.008535772596077486,0.0025587184270052365,9.110352289168356,0.025,0.0,-0.03,0.0,1.0,0.0,0.01
26,0.8666497583250713,60,0.06918678622800964,0.0,-0.033189760761177294,0.0031897607611772946,0.006810239238822706,13.620478477645412,0.005829386310778267,0.006551784115279837,8.172287086587247,0.025,0.0,-0.03,0.0,1.0,0.0,0.01
26,0.8666497583250713,61,0.07015874390525341,0.0,-0.03397014408305028,0.003970144083050284,0.0060298559169497164,12.059711833899433,0.009315513844505413,0.0028065259059029397,7.23582710033966,0.025,0.0,-0.03,0.0,1.0,0.0,0.01
26,0.8666497583250713,62,0.07113200963370415,0.0,-0.03474887687399707,0.004748876873997068,0.005251123126002932,10.502246252005865,0.0062555331351080625,0.007260917928755356,6.301347751203519,0.025,0.0,-0.03,0.0,1.0,0.0,0.01
26,0.8666497583250713,63,0.07210683380678085,0.0,-0.03552567426942111,0.005525674269421112,0.0044743257305788885,8.948651461157777,0.010089864905983974,0.0030705918239387776,5.369190876694666,0.025,0.0,-0.03,0.0,1.0,0.0,0.01
26,0.8666497583250713,64,0.07307673964653791,0.0,-0.036308502368896385,0.006308502368896386,0.003691497631103614,7.382995262207228,0.006691021623421153,0.007949083589037622,4.429797157324336,0.025,0.0,-0.03,0.0,1.0,0.0,0.01
26,0.8666497583250713,65,0.07404660220864573,0.0,-0.037091406054005904,0.007091406054005905,0.002908593945994095,5.81718789198819,0.010888159780940364,0.0033945157012346084,3.4903127351929135,0.025,0.0,-0.03,0.0,1.0,0.0,0.01
26,0.8666497583250713,66,0.07501640337402968,0.0,-0.03787436096467457,0.007874360964674573,0.002125639035325427,4.251278070650854,0.0071773565578523,0.008639761508023275,2.5507668423905123,0.025,0.0,-0.03,0.0,1.0,0.0,0.01
26,0.8666497583250713,67,0.07598617248713352,0.0,-0.03865738117869754,0.008657381178697542,0.0013426188213024586,2.685237642604917,0.011655685558087839,0.003740605823343781,1.6111425855629502,0.025,0.0,-0.03,0.0,1.0,0.0,0.01
26,0.8666497583250713,68,0.07695588783118053,0.0,-0.03944043972805312,0.00944043972805312,0.0005595602719468806,1.119120543893761,0.007690115641812681,0.00930076729896033,0.6714723263362566,0.025,0.0,-0.03,0.0,1.0,0.0,0.01
27,0.8999824413375741,0,0.0,0.0,-0.02,0.009999999999999998,1.734723475976807e-18,3.469446951953614e-15,0.0,0.0,2.0816681711721685e-15,0.025,0.0,-0.03,0.0,1.0,0.0,0.01
27,0.8999824413375741,41,0.04967308579736969,0.0,-0.02011856830222216,0.009881431697777839,0.00011856830222216168,0.23713660444432336,-0.0016831131885575565,0.0016585265300548572,0.14228196266659401,0.025,0.0,-0.03,0.0,1.0,0.0,0.01
27,0.8999824413375741,42,0.05080995255518739,0.0,-0.020630023308485557,0.009369976691514442,0.0006300233084855587,1.2600466169711173,-0.0025777625836090976,0.00018347214447529935,0.7560279701826703,0.025,0.0,-0.03,0.0,1.0,0.0,0.01
27,0.8999824413375741,43,0.051947728195973854,0.0,-0.02113943310788422,0.008860566892115777,0.0011394331078842228,2.2788662157684456,-0.0021059708278387537,0.0017881686713003885,1.3673197294610673,0.025,0.0,-0.03,0.0,1.0,0.0,0.01
27,0.8999824413375741,44,0.05308675558240389,0.0,-0.021646047518921595,0.008353952481078404,0.001646047518921596,3.2920950378431924,-0.0029432891010890217,0.00042349264286365893,1.9752570227059154,0.025,0.0,-0.03,0.0,1.0,0.0,0.01
27,0.8999824413375741,45,0.054227343618766286,0.0,-0.02214910806328586,0.007850891936714139,0.002149108063285861,4.298216126571722,-0.002540302884012867,0.0018861747614139545,2.578929675943033,0.025,0.0,-0.03,0.0,1.0,0.0,0.01
27,0.8999824413375741,46,0.05536982178320198,0.0,-0.022647873659322255,0.0073521263406777435,0.0026478736593222568,5.295747318644514,-0.0033021480609304863,0.0006912003724329825,3.1774483911867084,0.025,0.0,-0.03,0.0,1.0,0.0,0.01
27,0.8999824413375741,47,0.056512869259295245,0.0,-0.023144935619207305,0.0068550643807926935,0.0031449356192073067,6.289871238414613,-0.0029088824209455664,0.0019199259674102325,3.7739227430487676,0.025,0.0,-0.03,0.0,1.0,0.0,0.01
27,0.8999824413375741,48,0.05748216209247954,0.0,-0.023928632649666305,0.006071367350333694,0.0039286326496663065,7.857265299332613,-0.0038580847489,0.0011608898396203587,4.714359179599567,0.025,0.0,-0.03,0.0,1.0,0.0,0.01
27,0.8999824413375741,49,0.058449565463231413,0.0,-0.024714639656328787,0.005285360343671212,0.004714639656328788,9.429279312657576,-0.003441340250965619,0.002258458330849378,5.657567587594545,0.025,0.0,-0.03,0.0,1.0,0.0,0.01
27,0.8999824413375741,50,0.05941533985996182,0.0,-0.025502674775038897,0.004497325224961102,0.0055026747750388984,11.005349550077797,-0.004367013411773711,0.001686600024303153,6.603209730046678,0.025,0.0,-0.03,0.0,1.0,0.0,0.01
27,0.8999824413375741,51,0.06037969917094996,0.0,-0.02629241285211125,0.003707587147888748,0.006292412852111252,12.584825704222505,-0.004058822146516542,0.0026337643675927026,7.550895422533502,0.025,0.0,-0.03,0.0,1.0,0.0,0.01
27,0.8999824413375741,52,0.061342918952748286,0.0,-0.027083573632672258,0.002916426367327741,0.007083573632672259,14.167147265344518,-0.004853117444933519,0.00223160493557655,8.50028835920671,0.025,0.0,-0.03,0.0,1.0,0.0,0.01
27,0.8999824413375741,53,0.06230521445210501,0.0,-0.02787582337155648,0.002124176628443518,0.007875823371556482,15.751646743112964,-0.00469472722891646,0.0029938800053801702,9.450988045867778,0.025,0.0,-0.03,0.0,1.0,0.0,0.01
27,0.8999824413375741,54,0.0632668734884085,0.0,-0.028668884478549313,0.0013311155214506855,0.008668884478549315,17.33776895709863,-0.005323825364523492,0.0027971127779415567,10.402661374259177,0.025,0.0,-0.03,0.0,1.0,0.0,0.01
27,0.8999824413375741,55,0.06422810970034233,0.0,-0.029462416264044004,0.0005375837359559953,0.009462416264044005,18.92483252808801,-0.005345648161515443,0.003339226224688301,11.354899516852806,0.025,0.0,-0.03,0.0,1.0,0.0,0.01
27,0.8999824413375741,56,0.0651892198993574,0.0,-0.030256145092894118,0.00025614509289411877,0.009743854907105881,19.48770981421176,0.005781417961961318,0.00337875659717016,11.692625888527056,0.025,0.0,-0.03,0.0,1.0,0.0,0.01
27,0.8999824413375741,57,0.06615041316363715,0.0,-0.031049724990136494,0.0010497249901364955,0.008950275009863505,17.90055001972701,0.0060078828605499325,0.0036712446658025153,10.740330011836205,0.025,0.0,-0.03,0.0,1.0,0.0,0.01
27,0.8999824413375741,58,0.06711199191229657,0.0,-0.03184288745265735,0.0018428874526573505,0.00815711254734265,16.3142250946853,0.006228869871056695,0.003971520704904574,9.78853505681118,0.025,0.0,-0.03,0.0,1.0,0.0,0.01
27,0.8999824413375741,59,0.0680741577510694,0.0,-0.032635282956297564,0.0026352829562975646,0.0073647170437024356,14.72943408740487,0.006677084546225767,0.003991946971800317,8.837660452442922,0.025,0.0,-0.03,0.0,1.0,0.0,0.01
27,0.8999824413375741,60,0.0690372152625785,0.0,-0.033426649218794666,0.0034266492187946668,0.0065733507812053334,13.146701562410668,0.00666971864831139,0.004569871386402097,7.8880209374464005,0.025,0.0,-0.03,0.0,1.0,0.0,0.01
27,0.8999824413375741,61,0.07000135576597338,0.0,-0.034216635005924353,0.004216635005924355,0.005783364994075646,11.566729988151291,0.007348464697549689,0.004303868214810807,6.940037992890774,0.025,0.0,-0.03,0.0,1.0,0.0,0.01
27,0.8999824413375741,62,0.07096688255010711,0.0,-0.03500498529346654,0.005004985293466539,0.004995014706533461,9.990029413066923,0.007107534679252242,0.005167603716131275,5.9940176478401535,0.025,0.0,-0.03,0.0,1.0,0.0,0.01
27,0.8999824413375741,63,0.07193397403578476,0.0,-0.03579134904218601,0.005791349042186013,0.004208650957813987,8.417301915627975,0.008019662060326574,0.004612143923750891,5.050381149376785,0.025,0.0,-0.03,0.0,1.0,0.0,0.01
27,0.8999824413375741,64,0.07289562813764609,0.0,-0.036584336364791546,0.006584336364791547,0.003415663635208453,6.831327270416906,0.007557789022401234,0.005772186860368737,4.098796362250143,0.025,0.0,-0.03,0.0,1.0,0.0,0.01
27,0.8999824413375741,65,0.07385718911805111,0.0,-0.037377368501496235,0.007377368501496236,0.0026226314985037646,5.245262997007529,0.008719926993214378,0.004958596992979543,3.1471577982045176,0.025,0.0,-0.03,0.0,1.0,0.0,0.01
27,0.8999824413375741,66,0.07481872941427653,0.0,-0.03817049465132917,0.008170494651329172,0.0018295053486708287,3.659010697341657,0.008033393894274375,0.006387631088738224,2.1954064184049944,0.025,0.0,-0.03,0.0,1.0,0.0,0.01
27,0.8999824413375741,67,0.07578018512016611,0.0,-0.03896365179069043,0.008963651790690433,0.0010363482093095674,2.0726964186191346,0.009410399145591648,0.00531492264722677,1.2436178511714806,0.025,0.0,-0.03,0.0,1.0,0.0,0.01
27,0.8999824413375741,68,0.07674163169908016,0.0,-0.0397568919855746,0.009756891985574598,0.0002431080144254024,0.48621602885080484,0.008520529043717421,0.006990704964516099,0.2917296173104829,0.025,0.0,-0.03,0.0,1.0,0.0,0.01
28,0.9333151243500768,0,0.0,0.0,-0.02,0.009999999999999998,1.734723475976807e-18,3.469446951953614e-15,0.0,0.0,2.0816681711721685e-15,0.025,0.0,-0.03,0.0,1.0,0.0,0.01
28,0.9333151243500768,41,0.049645045506160806,0.0,-0.020184026298856978,0.00981597370114302,0.00018402629885697942,0.3680525977139588,-0.001669537741113203,0.0013119783729124612,0.22083155862837528,0.025,0.0,-0.03,0.0,1.0,0.0,0.01
28,0.9333151243500768,42,0.05077900717452188,0.0,-0.020701881408990305,0.009298118591009694,0.0007018814089903066,1.4037628179806132,-0.0023393348116020696,0.00032077134237317286,0.8422576907883679,0.025,0.0,-0.03,0.0,1.0,0.0,0.01
28,0.9333151243500768,43,0.051913910258173525,0.0,-0.021217688472296867,0.008782311527703132,0.001217688472296868,2.435376944593736,-0.0019648622277489386,0.0016520765360570327,1.4612261667562414,0.025,0.0,-0.03,0.0,1.0,0.0,0.01
28,0.9333151243500768,44,0.05305007505847348,0.0,-0.021730679026422506,0.008269320973577493,0.0017306790264225071,3.4613580528450143,-0.0027817531157805463,0.0003161217674800598,2.0768148317070083,0.025,0.0,-0.03,0.0,1.0,0.0,0.01
28,0.9333151243500768,45,0.05418784909551325,0.0,-0.022240103505802095,0.007759896494197904,0.0022401035058020966,4.480207011604193,-0.0022609912965938527,0.001988028876674677,2.6881242069625157,0.025,0.0,-0.03,0.0,1.0,0.0,0.01
28,0.9333151243500768,46,0.0553275357580776,0.0,-0.022745201103639107,0.0072547988963608916,0.0027452011036391086,5.490402207278217,-0.0032353152483340334,0.00031734324396059607,3.29424132436693,0.025,0.0,-0.03,0.0,1.0,0.0,0.01
28,0.9333151243500768,47,0.05646781874600527,0.0,-0.0232485994386865,0.0067514005613135,0.0032485994386865,6.497198877373,-0.0024085246368279736,0.0022499894566265716,3.8983193264238,0.025,0.0,-0.03,0.0,1.0,0.0,0.01
28,0.9333151243500768,48,0.05742985219635741,0.0,-0.024041176894755534,0.005958823105244464,0.004041176894755536,8.082353789511071,-0.0040382606566359445,0.0005488240931876484,4.849412273706642,0.025,0.0,-0.03,0.0,1.0,0.0,0.01
28,0.9333151243500768,49,0.058389966863511555,0.0,-0.02483609099302188,0.005163909006978117,0.004836090993021883,9.672181986043766,-0.0026195861845995532,0.0028170341414829885,5.803309191626259,0.025,0.0,-0.03,0.0,1.0,0.0,0.01
28,0.9333151243500768,50,0.059348393647481734,0.0,-0.025633029578295306,0.004366970421704693,0.005633029578295307,11.266059156590615,-0.004755346869835458,0.000759223069591237,6.759635493954368,0.025,0.0,-0.03,0.0,1.0,0.0,0.01
28,0.9333151243500768,51,0.06030539072521263,0.0,-0.026431696197129612,0.0035683038028703866,0.006431696197129614,12.863392394259227,-0.0029447490961367075,0.0034628477163143275,7.718035436555536,0.025,0.0,-0.03,0.0,1.0,0.0,0.01
28,0.9333151243500768,52,0.061261199645856704,0.0,-0.027231775306771955,0.002768224693228044,0.007231775306771956,14.463550613543912,-0.005452768995556761,0.0009775476788284978,8.678130368126347,0.025,0.0,-0.03,0.0,1.0,0.0,0.01
28,0.9333151243500768,53,0.062216084991971336,0.0,-0.028032966183835835,0.001967033816164164,0.008032966183835836,16.06593236767167,-0.003283488018602375,0.004099316686297381,9.639559420603002,0.025,0.0,-0.03,0.0,1.0,0.0,0.01
28,0.9333151243500768,54,0.06317029604787218,0.0,-0.028834952013747573,0.0011650479862524259,0.008834952013747574,17.66990402749515,-0.006137406295174829,0.0012124701789786032,10.60194241649709,0.025,0.0,-0.03,0.0,1.0,0.0,0.01
28,0.9333151243500768,55,0.06412410031148366,0.0,-0.0296374289072423,0.00036257109275769986,0.0096374289072423,19.2748578144846,-0.0036370986465244725,0.004722593584737737,11.564914688690761,0.025,0.0,-0.03,0.0,1.0,0.0,0.01
28,0.9333151243500768,56,0.06507775195484972,0.0,-0.030440080534824995,0.00044008053482499573,0.009559919465175004,19.11983893035001,0.0068062721075848745,0.001463886456301002,11.471903358210005,0.025,0.0,-0.03,0.0,1.0,0.0,0.01
28,0.9333151243500768,57,0.06603151785499857,0.0,-0.031242600974786854,0.0012426009747868554,0.008757399025213145,17.51479805042629,0.0040074810509737446,0.005329900175658966,10.508878830255773,0.025,0.0,-0.03,0.0,1.0,0.0,0.01
28,0.9333151243500768,58,0.0669856541192891,0.0,-0.03204467605329993,0.002044676053299929,0.007955323946700071,15.910647893400142,0.007456725778123074,0.0017313733187531001,9.546388736040084,0.025,0.0,-0.03,0.0,1.0,0.0,0.01
28,0.9333151243500768,59,0.06794042350609346,0.0,-0.03284599899946364,0.002845998999463639,0.007154001000536361,14.308002001072722,0.0043961029078298545,0.0059186816970139685,8.584801200643634,0.025,0.0,-0.03,0.0,1.0,0.0,0.01
28,0.9333151243500768,60,0.06889608104406202,0.0,-0.03364625939789621,0.003646259397896208,0.006353740602103792,12.707481204207584,0.008086582225372778,0.0020143203852909385,7.62448872252455,0.025,0.0,-0.03,0.0,1.0,0.0,0.01
28,0.9333151243500768,61,0.06985288197847524,0.0,-0.03444515090263194,0.004445150902631943,0.005554849097368057,11.109698194736113,0.0048038625038649245,0.006486488591993829,6.665818916841668,0.025,0.0,-0.03,0.0,1.0,0.0,0.01
28,0.9333151243500768,62,0.07081107722920763,0.0,-0.03524236841240135,0.005242368412401353,0.004757631587598647,9.515263175197294,0.008695385896223843,0.0023130448309721142,5.709157905118376,0.025,0.0,-0.03,0.0,1.0,0.0,0.01
28,0.9333151243500768,63,0.0717709113042411,0.0,-0.036037607402100304,0.006037607402100305,0.003962392597899695,7.924785195799391,0.005217742653929462,0.007019920089752113,4.7548711174796345,0.025,0.0,-0.03,0.0,1.0,0.0,0.01
28,0.9333151243500768,64,0.07272474071547598,0.0,-0.036839958999186885,0.006839958999186886,0.003160041000813114,6.320082001626228,0.009322622536504043,0.0026654857140359675,3.792049200975737,0.025,0.0,-0.03,0.0,1.0,0.0,0.01
28,0.9333151243500768,65,0.07367850245068709,0.0,-0.037642385692952016,0.007642385692952017,0.0023576143070479835,4.715228614095967,0.005673804767933922,0.007554694842507176,2.82913716845758,0.025,0.0,-0.03,0.0,1.0,0.0,0.01
28,0.9333151243500768,66,0.07463220738551089,0.0,-0.03844488550218594,0.008444885502185938,0.0015551144978140623,3.1102289956281246,0.009928997435532622,0.00304620773299773,1.8661373973768747,0.025,0.0,-0.03,0.0,1.0,0.0,0.01
28,0.9333151243500768,67,0.07558585433212893,0.0,-0.039247446414221294,0.009247446414221296,0.0007525535857787046,1.5051071715574091,0.006161850875869367,0.008073100967320074,0.9030643029344454,0.025,0.0,-0.03,0.0,1.0,0.0,0.01
29,0.9666478073625796,0,0.0,0.0,-0.02,0.009999999999999998,1.734723475976807e-18,3.469446951953614e-15,0.0,0.0,2.0816681711721685e-15,0.025,0.0,-0.03,0.0,1.0,0.0,0.01
29,0.9666478073625796,41,0.04961860049211938,0.0,-0.02024487183000639,0.009755128169993608,0.0002448718300063924,0.4897436600127848,-0.001959895488778331,0.00033263418172560966,0.29384619600767087,0.025,0.0,-0.03,0.0,1.0,0.0,0.01
29,0.9666478073625796,42,0.05074983062584323,0.0,-0.020768678394289024,0.009231321605710975,0.0007686783942890251,1.5373567885780501,-0.001736044225232011,0.0012770934807673636,0.92241407314683,0.025,0.0,-0.03,0.0,1.0,0.0,0.01
29,0.9666478073625796,43,0.051882017881406006,0.0,-0.021290427901462187,0.008709572098537812,0.0012904279014621881,2.5808558029243764,-0.002292346012319174,0.0005124467326925221,1.5485134817546258,0.025,0.0,-0.03,0.0,1.0,0.0,0.01
29,0.9666478073625796,44,0.053015490296471124,0.0,-0.021809347625542957,0.008190652374457041,0.0018093476255429588,3.6186952510859176,-0.00209297250568294,0.0014095628527447841,2.1712171506515503,0.025,0.0,-0.03,0.0,1.0,0.0,0.01
29,0.9666478073625796,45,0.05415060423352283,0.0,-0.022324684425171284,0.007675315574828714,0.002324684425171286,4.649368850342571,-0.002619274283347952,0.0006969759666984286,2.789621310205543,0.025,0.0,-0.03,0.0,1.0,0.0,0.01
29,0.9666478073625796,46,0.055287664304494756,0.0,-0.022835670269995216,0.007164329730004783,0.0028356702699952174,5.671340539990434,-0.0024463272868555153,0.0015290996181605136,3.4028043239942605,0.025,0.0,-0.03,0.0,1.0,0.0,0.01
29,0.9666478073625796,47,0.056425334761666376,0.0,-0.02334495579271001,0.00665504420728999,0.0033449557927100106,6.689911585420021,-0.0029910417709314166,0.0009075168637419351,4.013946951252013,0.025,0.0,-0.03,0.0,1.0,0.0,0.01
29,0.9666478073625796,48,0.05738053623513281,0.0,-0.024145749284276805,0.005854250715723194,0.004145749284276806,8.291498568553612,-0.0027791201656609467,0.0017344696045111833,4.974899141132167,0.025,0.0,-0.03,0.0,1.0,0.0,0.01
29,0.9666478073625796,49,0.058333782771719175,0.0,-0.024948897625729154,0.005051102374270845,0.004948897625729155,9.89779525145831,-0.003508483217558933,0.0013402300761519244,5.9386771508749865,0.025,0.0,-0.03,0.0,1.0,0.0,0.01
29,0.9666478073625796,50,0.05928529388753424,0.0,-0.02575407241570255,0.004245927584297447,0.005754072415702553,11.508144831405106,-0.0032506306965035185,0.00212989327816347,6.904886898843063,0.025,0.0,-0.03,0.0,1.0,0.0,0.01
29,0.9666478073625796,51,0.06023535442872471,0.0,-0.026560992803223375,0.0034390071967766236,0.0065609928032233766,13.121985606446753,-0.003981994565807611,0.001748450401076891,7.8731913638680515,0.025,0.0,-0.03,0.0,1.0,0.0,0.01
29,0.9666478073625796,52,0.06118418761739734,0.0,-0.027369320552029106,0.0026306794479708934,0.007369320552029107,14.738641104058214,-0.003731081224299549,0.0025275035748596993,8.843184662434927,0.025,0.0,-0.03,0.0,1.0,0.0,0.01
29,0.9666478073625796,53,0.06213209219129719,0.0,-0.0281787769376523,0.0018212230623477002,0.0081787769376523,16.3575538753046,-0.004451701993504063,0.00216368873173461,9.814532325182759,0.025,0.0,-0.03,0.0,1.0,0.0,0.01
29,0.9666478073625796,54,0.06307929191429305,0.0,-0.02898901618785539,0.0010109838121446085,0.008989016187855392,17.978032375710782,-0.0042159731467015325,0.002923601320689422,10.786819425426469,0.025,0.0,-0.03,0.0,1.0,0.0,0.01
29,0.9666478073625796,55,0.06402609582538829,0.0,-0.02979976271932212,0.0002002372806778792,0.009799762719322121,19.599525438644243,-0.004917994243098611,0.0025840175034722856,11.759715263186544,0.025,0.0,-0.03,0.0,1.0,0.0,0.01
29,0.9666478073625796,56,0.06497272540372721,0.0,-0.03061066506731092,0.0006106650673109205,0.00938933493268908,18.77866986537816,0.004704234344127656,0.003317445468021209,11.267201919226896,0.025,0.0,-0.03,0.0,1.0,0.0,0.01
29,0.9666478073625796,57,0.06591949624247001,0.0,-0.031421451730998175,0.0014214517309981758,0.008578548269001824,17.15709653800365,0.0053811177482197235,0.0030072746983309793,10.29425792280219,0.025,0.0,-0.03,0.0,1.0,0.0,0.01
29,0.9666478073625796,58,0.0668666246962007,0.0,-0.03223176743148967,0.002231767431489673,0.007768232568510327,15.536465137020654,0.005194741555893399,0.0037083089816995225,9.321879082212392,0.025,0.0,-0.03,0.0,1.0,0.0,0.01
29,0.9666478073625796,59,0.06781442911191692,0.0,-0.033041345616046526,0.003041345616046527,0.006958654383953473,13.917308767906945,0.005841372348710465,0.0034312888038140798,8.350385260744167,0.025,0.0,-0.03,0.0,1.0,0.0,0.01
29,0.9666478073625796,60,0.06876311791075428,0.0,-0.033849829126439294,0.0038498291264392956,0.006150170873560705,12.30034174712141,0.005686331951354476,0.004095472722990585,7.380205048272845,0.025,0.0,-0.03,0.0,1.0,0.0,0.01
29,0.9666478073625796,61,0.06971300840329289,0.0,-0.03465695719394083,0.004656957193940832,0.005343042806059168,10.686085612118337,0.006299070626774607,0.0038539028993340363,6.411651367271002,0.025,0.0,-0.03,0.0,1.0,0.0,0.01
29,0.9666478073625796,62,0.07066429835348367,0.0,-0.03546237278302257,0.0054623727830225705,0.00453762721697743,9.075254433954859,0.0061777996018342685,0.004478207925350717,5.445152660372915,0.025,0.0,-0.03,0.0,1.0,0.0,0.01
29,0.9666478073625796,63,0.07161730026268617,0.0,-0.03626582182402652,0.0062658218240265184,0.0037341781759734818,7.468356351946963,0.006755597202132495,0.004273922778896181,4.481013811168178,0.025,0.0,-0.03,0.0,1.0,0.0,0.01
29,0.9666478073625796,64,0.07256375273582956,0.0,-0.03707682849154807,0.007076828491548073,0.002923171508451927,5.8463430169038535,0.00667986546077202,0.004870277457417502,3.507805810142312,0.025,0.0,-0.03,0.0,1.0,0.0,0.01
29,0.9666478073625796,65,0.07351016661964534,0.0,-0.03788794402012789,0.007887944020127893,0.002112055979872107,4.224111959744214,0.007239496906937045,0.004723412919332588,2.5344671758465283,0.025,0.0,-0.03,0.0,1.0,0.0,0.01
29,0.9666478073625796,66,0.07445648356977637,0.0,-0.03869910674093923,0.008699106740939232,0.0013008932590607685,2.601786518121537,0.007197295076958103,0.005279171218236342,1.561071910872922,0.025,0.0,-0.03,0.0,1.0,0.0,0.01
29,0.9666478073625796,67,0.07540277443751664,0.0,-0.03951036569881794,0.00951036569881794,0.0004896343011820594,0.9792686023641188,0.0077233553158986765,0.0051722226477944905,0.5875611614184713,0.025,0.0,-0.03,0.0,1.0,0.0,0.01
30,0.9999804903750823,0,0.0,0.0,-0.02,0.009999999999999998,1.734723475976807e-18,3.469446951953614e-15,0.0,0.0,2.0816681711721685e-15,0.025,0.0,-0.03,0.0,1.0,0.0,0.01
30,0.9999804903750823,41,0.04959369653080381,0.0,-0.020301414001552793,0.009698585998447206,0.0003014140015527942,0.6028280031055884,-0.001769882140448019,0.0004330584587687206,0.361696801863353,0.025,0.0,-0.03,0.0,1.0,0.0,0.01
30,0.9999804903750823,42,0.05072235943744727,0.0,-0.02083075233114347,0.009169247668856528,0.0008307523311434726,1.6615046622869452,-0.0016229356424852627,0.0011709583113003938,0.996902797372167,0.025,0.0,-0.03,0.0,1.0,0.0,0.01
30,0.9999804903750823,43,0.05185198350232447,0.0,-0.02135802042614831,0.00864197957385169,0.0013580204261483108,2.7160408522966217,-0.002162315230869085,0.00042067461892849245,1.629624511377973,0.025,0.0,-0.03,0.0,1.0,0.0,0.01
30,0.9999804903750823,44,0.052982927982767915,0.0,-0.021882452672073612,0.008117547327926387,0.0018824526720736135,3.764905344147227,-0.0018691564637295338,0.0014830690406411491,2.258943206488336,0.025,0.0,-0.03,0.0,1.0,0.0,0.01
30,0.9999804903750823,45,0.054115528265890854,0.0,-0.022403279285292288,0.007596720714707711,0.0024032792852922893,4.806558570584579,-0.0025533938142554384,0.0004020455915606836,2.883935142350747,0.025,0.0,-0.03,0.0,1.0,0.0,0.01
30,0.9999804903750823,46,0.05525012476975343,0.0,-0.022919741366784648,0.007080258633215351,0.0029197413667846495,5.839482733569299,-0.0021010064633543847,0.0017884229392878036,3.5036896401415794,0.025,0.0,-0.03,0.0,1.0,0.0,0.01
30,0.9999804903750823,47,0.05638532382378734,0.0,-0.023434491440419723,0.006565508559580276,0.0034344914404197246,6.868982880839449,-0.0030632369065333267,0.0004347553133984163,4.12138972850367,0.025,0.0,-0.03,0.0,1.0,0.0,0.01
30,0.9999804903750823,48,0.05733411147637809,0.0,-0.02424289196304416,0.005757108036955838,0.004242891963044162,8.485783926088324,-0.002163620284021957,0.0021246663258401737,5.091470355652994,0.025,0.0,-0.03,0.0,1.0,0.0,0.01
30,0.9999804903750823,49,0.058280885610421496,0.0,-0.025053644343376313,0.0049463556566236855,0.005053644343376315,10.107288686752629,-0.0037731738893310033,0.0006644478524449075,6.064373212051577,0.025,0.0,-0.03,0.0,1.0,0.0,0.01
30,0.9999804903750823,50,0.059225907350151714,0.0,-0.025866447707884575,0.004133552292115424,0.005866447707884576,11.732895415769152,-0.0024077519775753463,0.0027061439349184025,7.039737249461491,0.025,0.0,-0.03,0.0,1.0,0.0,0.01
30,0.9999804903750823,51,0.06016942786725169,0.0,-0.02668098635026481,0.0033190136497351884,0.006680986350264812,13.361972700529623,-0.004397934399638801,0.0008362407012929373,8.017183620317773,0.025,0.0,-0.03,0.0,1.0,0.0,0.01
30,0.9999804903750823,52,0.061111718823356975,0.0,-0.027496956566584903,0.0025030434334150954,0.007496956566584905,14.99391313316981,-0.0026672048982326183,0.0032899460639143996,8.996347879901887,0.025,0.0,-0.03,0.0,1.0,0.0,0.01
30,0.9999804903750823,53,0.062053038476611234,0.0,-0.028314038598236727,0.0016859614017632717,0.008314038598236729,16.628077196473456,-0.005014502108138149,0.0010191918267885118,9.976846317884073,0.025,0.0,-0.03,0.0,1.0,0.0,0.01
30,0.9999804903750823,54,0.06299366598566009,0.0,-0.029131927272977053,0.0008680727270229463,0.009131927272977054,18.263854545954107,-0.0029366611141031077,0.003866128276025284,10.958312727572464,0.025,0.0,-0.03,0.0,1.0,0.0,0.01
30,0.9999804903750823,55,0.06393386334617229,0.0,-0.029950300173522904,4.9699826477095366e-05,0.009950300173522905,19.90060034704581,-0.005620275670808569,0.0012143135247199958,11.940360208227485,0.025,0.0,-0.03,0.0,1.0,0.0,0.01
30,0.9999804903750823,56,0.06487391394596327,0.0,-0.030768852090465655,0.0007688520904656562,0.009231147909534344,18.46229581906869,0.003218540286908064,0.004431662257627138,11.077377491441213,0.025,0.0,-0.03,0.0,1.0,0.0,0.01
30,0.9999804903750823,57,0.06581408010422642,0.0,-0.031587259294535666,0.0015872592945356673,0.008412740705464333,16.825481410928667,0.0062121508567632815,0.0014218108903884547,10.0952888465572,0.025,0.0,-0.03,0.0,1.0,0.0,0.01
30,0.9999804903750823,58,0.06675464610929056,0.0,-0.03240521792512173,0.0024052179251217304,0.00759478207487827,15.18956414975654,0.0035150473825522268,0.004983688926336059,9.113738489853924,0.025,0.0,-0.03,0.0,1.0,0.0,0.01
30,0.9999804903750823,59,0.06769587117858991,0.0,-0.03322240429099002,0.003222404290990022,0.006777595709009978,13.555191418019957,0.0067873277482427856,0.0016417716146820878,8.133114850811975,0.025,0.0,-0.03,0.0,1.0,0.0,0.01
30,0.9999804903750823,60,0.06863803716194493,0.0,-0.03403851724697115,0.00403851724697115,0.00596148275302885,11.9229655060577,0.0038280490086223156,0.005519449319389734,7.15377930363462,0.025,0.0,-0.03,0.0,1.0,0.0,0.01
30,0.9999804903750823,61,0.06958139680201042,0.0,-0.03485323453236908,0.004853234532369084,0.005146765467630916,10.293530935261831,0.0073434697692405125,0.001874311728043237,6.176118561157098,0.025,0.0,-0.03,0.0,1.0,0.0,0.01
30,0.9999804903750823,62,0.0705262262100866,0.0,-0.03566625909319063,0.005666259093190629,0.0043337409068093715,8.667481813618743,0.004157711528833497,0.00603514331039703,5.2004890881712456,0.025,0.0,-0.03,0.0,1.0,0.0,0.01
30,0.9999804903750823,63,0.07147276840855604,0.0,-0.03647727155563505,0.006477271555635052,0.0035227284443649486,7.045456888729897,0.007892197007414859,0.0021311300129859285,4.227274133237938,0.025,0.0,-0.03,0.0,1.0,0.0,0.01
30,0.9999804903750823,64,0.07241231345170125,0.0,-0.03729631015588126,0.00729631015588126,0.0027036898441187406,5.407379688237481,0.004492576653713299,0.006521419134007212,3.2444278129424884,0.025,0.0,-0.03,0.0,1.0,0.0,0.01
30,0.9999804903750823,65,0.07335177531396575,0.0,-0.03811542776802974,0.008115427768029738,0.0018845722319702617,3.7691444639405236,0.008453329174425001,0.002442628846846735,2.261486678364314,0.025,0.0,-0.03,0.0,1.0,0.0,0.01
30,0.9999804903750823,66,0.07429117612555966,0.0,-0.038934631299726116,0.008934631299726117,0.0010653687002738828,2.1307374005477655,0.004876353641541436,0.007012490419585391,1.2784424403286592,0.025,0.0,-0.03,0.0,1.0,0.0,0.01
30,0.9999804903750823,67,0.07523050548960224,0.0,-0.03975389939675204,0.009753899396752044,0.0002461006032479559,0.4922012064959118,0.008983396597260159,0.0027701006264604115,0.2953207238975471,0.025,0.0,-0.03,0.0,1.0,0.0,0.01
31,1.033313173387585,0,0.0,0.0,-0.02,0.009999999999999998,1.734723475976807e-18,3.469446951953614e-15,0.0,0.0,2.0816681711721685e-15,0.025,0.0,-0.03,0.0,1.0,0.0,0.01
31,1.033313173387585,41,0.04957027902789034,0.0,-0.020353945503692922,0.009646054496307076,0.0003539455036929238,0.7078910073858475,-0.0014173933712600243,0.0008962615325251378,0.4247346044315085,0.025,0.0,-0.03,0.0,1.0,0.0,0.01
31,1.033313173387585,42,0.050696521346886125,0.0,-0.02088841921794546,0.00911158078205454,0.00088841921794546,1.77683843589092,-0.0017736197713151109,0.0005235219320475839,1.066103061534552,0.025,0.0,-0.03,0.0,1.0,0.0,0.01
31,1.033313173387585,43,0.051823741530503745,0.0,-0.021420816462504523,0.008579183537495476,0.0014208164625045244,2.8416329250090486,-0.0017026576314839992,0.001063039894586452,1.704979755005429,0.025,0.0,-0.03,0.0,1.0,0.0,0.01
31,1.033313173387585,44,0.052952302092541356,0.0,-0.02195036648713502,0.00804963351286498,0.00195036648713502,3.9007329742700403,-0.00208231455465748,0.0006328553917124247,2.340439784562024,0.025,0.0,-0.03,0.0,1.0,0.0,0.01
31,1.033313173387585,45,0.05408254494171273,0.0,-0.022476295835290747,0.007523704164709252,0.002476295835290748,4.952591670581496,-0.001984225414418286,0.0012341141030649454,2.9715550023488975,0.025,0.0,-0.03,0.0,1.0,0.0,0.01
31,1.033313173387585,46,0.055214817790026016,0.0,-0.022997842382177416,0.007002157617822583,0.002997842382177417,5.995684764354834,-0.0023967122857549115,0.0007345566894638608,3.5974108586129003,0.025,0.0,-0.03,0.0,1.0,0.0,0.01
31,1.033313173387585,47,0.05634769872691533,0.0,-0.023517672457824892,0.006482327542175106,0.0035176724578248938,7.035344915649787,-0.0022130484704024136,0.0013865356886567537,4.221206949389872,0.025,0.0,-0.03,0.0,1.0,0.0,0.01
31,1.033313173387585,48,0.057290455366939795,0.0,-0.024333103881979838,0.005666896118020161,0.0043331038819798395,8.66620776395968,-0.0028611634737321957,0.0009690093024390452,5.199724658375808,0.025,0.0,-0.03,0.0,1.0,0.0,0.01
31,1.033313173387585,49,0.05823115564605343,0.0,-0.025150893070103302,0.004849106929896697,0.0051508930701033035,10.301786140206607,-0.002521350268273509,0.0017793043742097168,6.181071684123964,0.025,0.0,-0.03,0.0,1.0,0.0,0.01
31,1.033313173387585,50,0.05917007531151438,0.0,-0.025970745631925054,0.004029254368074945,0.005970745631925055,11.94149126385011,-0.003335898170246569,0.0012531403678296804,7.164894758310067,0.025,0.0,-0.03,0.0,1.0,0.0,0.01
31,1.033313173387585,51,0.06010745913821705,0.0,-0.026792334078703007,0.003207665921296992,0.006792334078703008,13.584668157406016,-0.0028605610652058517,0.0022091321160667083,8.15080089444361,0.025,0.0,-0.03,0.0,1.0,0.0,0.01
31,1.033313173387585,52,0.061043597976315506,0.0,-0.027615365357187796,0.002384634642812203,0.007615365357187797,15.230730714375595,-0.003811731905001262,0.00153400692556886,9.138438428625356,0.025,0.0,-0.03,0.0,1.0,0.0,0.01
31,1.033313173387585,53,0.06197873939608287,0.0,-0.028439503999832545,0.0015604960001674544,0.008439503999832546,16.87900799966509,-0.0031974508128333585,0.002645498594094463,10.127404799799054,0.025,0.0,-0.03,0.0,1.0,0.0,0.01
31,1.033313173387585,54,0.06291318624856679,0.0,-0.029264459457000517,0.000735540542999482,0.009264459457000518,18.528918914001036,-0.004290487752881435,0.001813493297115049,11.117351348400621,0.025,0.0,-0.03,0.0,1.0,0.0,0.01
31,1.033313173387585,55,0.063847185603455,0.0,-0.030089889774156737,8.988977415673796e-05,0.009910110225843262,19.820220451686524,0.0035325211642372365,0.0030863065761944325,11.892132271011914,0.025,0.0,-0.03,0.0,1.0,0.0,0.01
31,1.033313173387585,56,0.06478104883132031,0.0,-0.030915508168448506,0.0009155081684485075,0.009084491831551493,18.168983663102985,0.004770582051640977,0.0020911541481893753,10.90139019786179,0.025,0.0,-0.03,0.0,1.0,0.0,0.01
31,1.033313173387585,57,0.06571501920250308,0.0,-0.03174096770548096,0.0017409677054809614,0.008259032294519039,16.518064589038076,0.003866859490348239,0.003529307369855628,9.910838753422846,0.025,0.0,-0.03,0.0,1.0,0.0,0.01
31,1.033313173387585,58,0.06664941301346078,0.0,-0.032565986512400356,0.0025659865124003575,0.007434013487599643,14.868026975199285,0.005250097092485355,0.0023668536620571937,8.920816185119572,0.025,0.0,-0.03,0.0,1.0,0.0,0.01
31,1.033313173387585,59,0.06758446647246762,0.0,-0.03339021425672184,0.0033902142567218407,0.0066097857432781595,13.219571486556319,0.0042018506368608636,0.003971931675680558,7.931742891933791,0.025,0.0,-0.03,0.0,1.0,0.0,0.01
31,1.033313173387585,60,0.06852049715247642,0.0,-0.03421337503115942,0.004213375031159421,0.00578662496884058,11.57324993768116,0.005726854611756868,0.002640771889140641,6.943949962608696,0.025,0.0,-0.03,0.0,1.0,0.0,0.01
31,1.033313173387585,61,0.06945773103380445,0.0,-0.035035116794628264,0.005035116794628265,0.004964883205371735,9.92976641074347,0.004539064548711319,0.0044113023658383715,5.957859846446082,0.025,0.0,-0.03,0.0,1.0,0.0,0.01
31,1.033313173387585,62,0.07039648331027046,0.0,-0.035855170616002574,0.005855170616002575,0.004144829383997425,8.28965876799485,0.006198996671577582,0.0029138234414111913,4.973795260796909,0.025,0.0,-0.03,0.0,1.0,0.0,0.01
31,1.033313173387585,63,0.07133696677716668,0.0,-0.03667318451206294,0.006673184512062939,0.003326815487937061,6.653630975874122,0.004874136312612735,0.004839060071123188,3.992178585524473,0.025,0.0,-0.03,0.0,1.0,0.0,0.01
31,1.033313173387585,64,0.07227001005422318,0.0,-0.03749964173477179,0.007499641734771793,0.002500358265228207,5.000716530456414,0.006687683834889012,0.0032118106500063737,3.000429918273848,0.025,0.0,-0.03,0.0,1.0,0.0,0.01
31,1.033313173387585,65,0.0732029461924014,0.0,-0.038326164652865716,0.008326164652865717,0.0016738353471342834,3.3476706942685666,0.005234990431263801,0.005283482134304245,2.00860241656114,0.025,0.0,-0.03,0.0,1.0,0.0,0.01
31,1.033313173387585,66,0.0741358368356484,0.0,-0.039152794850241854,0.009152794850241855,0.0008472051497581453,1.6944102995162906,0.007173867288082783,0.003525952683788717,1.0166461797097743,0.025,0.0,-0.03,0.0,1.0,0.0,0.01
31,1.033313173387585,67,0.07506863159796241,0.0,-0.039979474814561274,0.009979474814561275,2.0525185438725543e-05,0.04105037087745109,0.005609392539623325,0.005722722530165982,0.024630222526470652,0.025,0.0,-0.03,0.0,1.0,0.0,0.01
32,1.0666458564000878,0,0.0,0.0,-0.02,0.009999999999999998,1.734723475976807e-18,3.469446951953614e-15,0.0,0.0,2.0816681711721685e-15,0.025,0.0,-0.03,0.0,1.0,0.0,0.01
32,1.0666458564000878,41,0.04954828254818748,0.0,-0.020402737774577562,0.009597262225422436,0.0004027377745775638,0.8054755491551275,-0.001459745502769012,0.0005353277434054127,0.4832853294930765,0.025,0.0,-0.03,0.0,1.0,0.0,0.01
32,1.0666458564000878,42,0.05067224994718879,0.0,-0.02094197985831999,0.009058020141680008,0.0009419798583199922,1.8839597166399844,-0.0015260483706245915,0.0007516951267205444,1.1303758299839906,0.025,0.0,-0.03,0.0,1.0,0.0,0.01
32,1.0666458564000878,43,0.05179721473581864,0.0,-0.02147914164720873,0.008520858352791268,0.0014791416472087326,2.9582832944174653,-0.0016788084432758914,0.0007862149899899491,1.7749699766504792,0.025,0.0,-0.03,0.0,1.0,0.0,0.01
32,1.0666458564000878,44,0.05292353222622826,0.0,-0.02201344280360256,0.007986557196397438,0.002013442803602562,4.026885607205124,-0.0018607859327539225,0.0007550706505496366,2.416131364323074,0.025,0.0,-0.03,0.0,1.0,0.0,0.01
32,1.0666458564000878,45,0.05405156566018654,0.0,-0.022544113612495198,0.007455886387504801,0.0025441136124951993,5.088227224990399,-0.0018901431729064146,0.0010505243485799606,3.052936334994239,0.025,0.0,-0.03,0.0,1.0,0.0,0.01
32,1.0666458564000878,46,0.05518164924311583,0.0,-0.023070379448659254,0.006929620551340745,0.0030703794486592554,6.140758897318511,-0.002205223283040112,0.0007431828356740428,3.6844553383911065,0.025,0.0,-0.03,0.0,1.0,0.0,0.01
32,1.0666458564000878,47,0.05631235986622044,0.0,-0.023594932071505648,0.006405067928494351,0.003594932071505649,7.189864143011298,-0.002043887763679149,0.0013022130522511517,4.313918485806779,0.025,0.0,-0.03,0.0,1.0,0.0,0.01
32,1.0666458564000878,48,0.05724944912837912,0.0,-0.024416859518994964,0.005583140481005035,0.0044168595189949655,8.833719037989932,-0.00270719484070974,0.0008582536397701976,5.300231422793959,0.025,0.0,-0.03,0.0,1.0,0.0,0.01
32,1.0666458564000878,49,0.0581844597084035,0.0,-0.025241164367123852,0.004758835632876147,0.005241164367123853,10.482328734247707,-0.002245358886021943,0.0017700478719931511,6.289397240548624,0.025,0.0,-0.03,0.0,1.0,0.0,0.01
32,1.0666458564000878,50,0.05911764267072462,0.0,-0.026067525896080048,0.003932474103919951,0.006067525896080049,12.135051792160098,-0.003234689814845295,0.0010269646228216623,7.281031075296059,0.025,0.0,-0.03,0.0,1.0,0.0,0.01
32,1.0666458564000878,51,0.0600492811410082,0.0,-0.02689564436545367,0.0031043556345463283,0.006895644365453672,13.791288730907343,-0.002469352026191285,0.0022715512318051885,8.274773238544405,0.025,0.0,-0.03,0.0,1.0,0.0,0.01
32,1.0666458564000878,52,0.06097963324295132,0.0,-0.027725192235407977,0.002274807764592022,0.007725192235407978,15.450384470815957,-0.003764996618923354,0.0011915850177084035,9.270230682489574,0.025,0.0,-0.03,0.0,1.0,0.0,0.01
32,1.0666458564000878,53,0.061908993622038465,0.0,-0.028555869666897563,0.0014441303331024363,0.008555869666897564,17.11173933379513,-0.0026903688950808504,0.0027794977235428126,10.267043600277077,0.025,0.0,-0.03,0.0,1.0,0.0,0.01
32,1.0666458564000878,54,0.0628376238869017,0.0,-0.029387343884007062,0.0006126561159929371,0.009387343884007063,18.774687768014125,-0.004297862720174507,0.0013553750528390617,11.264812660808476,0.025,0.0,-0.03,0.0,1.0,0.0,0.01
32,1.0666458564000878,55,0.0637658268624203,0.0,-0.030219316338598996,0.0002193163385989967,0.009780683661401003,19.561367322802006,0.002910811027405372,0.003290412917334522,11.736820393681203,0.025,0.0,-0.03,0.0,1.0,0.0,0.01
32,1.0666458564000878,56,0.06469386416640484,0.0,-0.03105145036988739,0.0010514503698873905,0.00894854963011261,17.897099260225218,0.0048298319667258865,0.0015193434358755618,10.73825955613513,0.025,0.0,-0.03,0.0,1.0,0.0,0.01
32,1.0666458564000878,57,0.06562204333510623,0.0,-0.031883450029825185,0.0018834500298251858,0.008116549970174814,16.23309994034963,0.0031336949526262893,0.003800794095637158,9.739859964209776,0.025,0.0,-0.03,0.0,1.0,0.0,0.01
32,1.0666458564000878,58,0.06655062250111603,0.0,-0.03271497614143793,0.0027149761414379317,0.0072850238585620685,14.570047717124137,0.005357170362212514,0.0016847420346841047,8.742028630274481,0.025,0.0,-0.03,0.0,1.0,0.0,0.01
32,1.0666458564000878,59,0.06747991038346485,0.0,-0.033545736594030595,0.0035457365940305963,0.006454263405969404,12.908526811938808,0.003362241571127983,0.004306874299957559,7.745116087163284,0.025,0.0,-0.03,0.0,1.0,0.0,0.01
32,1.0666458564000878,60,0.06841015818103557,0.0,-0.034375391124576785,0.004375391124576786,0.0056246088754232145,11.249217750846428,0.005876005974629656,0.001853086672042815,6.7495306505078565,0.025,0.0,-0.03,0.0,1.0,0.0,0.01
32,1.0666458564000878,61,0.0693416722570536,0.0,-0.03520365265588974,0.005203652655889741,0.004796347344110259,9.592694688220517,0.0035996439851579297,0.004804568690641789,5.75561681293231,0.025,0.0,-0.03,0.0,1.0,0.0,0.01
32,1.0666458564000878,62,0.07027469354244516,0.0,-0.03603018136721688,0.006030181367216884,0.003969818632783116,7.9396372655662315,0.006383583979169579,0.002027140405174042,4.763782359339738,0.025,0.0,-0.03,0.0,1.0,0.0,0.01
32,1.0666458564000878,63,0.07120952251200902,0.0,-0.036854696440978246,0.006854696440978247,0.003145303559021753,6.290607118043505,0.0038377134951290337,0.005279651378681057,3.774364270826103,0.025,0.0,-0.03,0.0,1.0,0.0,0.01
32,1.0666458564000878,64,0.0721364301853549,0.0,-0.037687984947693216,0.0076879849476932174,0.0023120150523067828,4.624030104613565,0.00690832622316681,0.0022418415546972153,2.774418062768139,0.025,0.0,-0.03,0.0,1.0,0.0,0.01
32,1.0666458564000878,65,0.07306327156488315,0.0,-0.03852138286791104,0.008521382867911043,0.0014786171320889576,2.9572342641779152,0.004105739839240116,0.005758732063123424,1.774340558506749,0.025,0.0,-0.03,0.0,1.0,0.0,0.01
32,1.0666458564000878,66,0.07399001675968656,0.0,-0.039354849903474765,0.009354849903474766,0.0006451500965252346,1.2903001930504692,0.007414461165372446,0.0024767159628293362,0.7741801158302815,0.025,0.0,-0.03,0.0,1.0,0.0,0.01
33,1.0999785394125905,0,0.0,0.0,-0.02,0.009999999999999998,1.734723475976807e-18,3.469446951953614e-15,0.0,0.0,2.0816681711721685e-15,0.025,0.0,-0.03,0.0,1.0,0.0,0.01
33,1.0999785394125905,41,0.049527640320350064,0.0,-0.020448045540895188,0.009551954459104811,0.0004480455408951891,0.8960910817903782,-0.0014406108028211567,0.0003259440941007955,0.5376546490742269,0.025,0.0,-0.03,0.0,1.0,0.0,0.01
33,1.0999785394125905,42,0.050649478576267226,0.0,-0.020991717383697622,0.009008282616302377,0.0009917173836976236,1.9834347673952473,-0.0012855784287723875,0.0009794579226374707,1.1900608604371483,0.025,0.0,-0.03,0.0,1.0,0.0,0.01
33,1.0999785394125905,43,0.051772321309529544,0.0,-0.021533300212751374,0.008466699787248625,0.0015333002127513751,3.06660042550275,-0.0017381667439486184,0.0003589275758825768,1.83996025530165,0.025,0.0,-0.03,0.0,1.0,0.0,0.01
33,1.0999785394125905,44,0.05289654053039348,0.0,-0.022072015810828106,0.007927984189171892,0.0020720158108281077,4.144031621656215,-0.0014985927364710811,0.0011957408288240752,2.486418972993729,0.025,0.0,-0.03,0.0,1.0,0.0,0.01
33,1.0999785394125905,45,0.054022493742176075,0.0,-0.02260708599519915,0.007392914004800848,0.0026070859951991526,5.214171990398305,-0.0020362686295240223,0.00038389266128030237,3.128503194238983,0.025,0.0,-0.03,0.0,1.0,0.0,0.01
33,1.0999785394125905,46,0.055150530500204624,0.0,-0.023137737571287793,0.0068622624287122055,0.0031377375712877947,6.27547514257559,-0.001699373091981923,0.0014103477716181834,3.7652850855453535,0.025,0.0,-0.03,0.0,1.0,0.0,0.01
33,1.0999785394125905,47,0.05627919658463768,0.0,-0.02366667100069595,0.006333328999304048,0.003666671000695952,7.3333420013919035,-0.0024232987834648494,0.0004436364610163535,4.400005200835142,0.025,0.0,-0.03,0.0,1.0,0.0,0.01
33,1.0999785394125905,48,0.05721098135850995,0.0,-0.024494612241355622,0.005505387758644377,0.004494612241355623,8.989224482711247,-0.0017755447277378643,0.0016603396443129635,5.393534689626748,0.025,0.0,-0.03,0.0,1.0,0.0,0.01
33,1.0999785394125905,49,0.05814065005218851,0.0,-0.02532493548412778,0.0046750645158722196,0.005324935484127781,10.649870968255561,-0.0029634839556904394,0.000661900579744324,6.389922580953336,0.025,0.0,-0.03,0.0,1.0,0.0,0.01
33,1.0999785394125905,50,0.05906846511587877,0.0,-0.02615732437075166,0.0038426756292483377,0.0061573243707516625,12.314648741503325,-0.001984011252688854,0.0021100913316656794,7.388789244901995,0.025,0.0,-0.03,0.0,1.0,0.0,0.01
33,1.0999785394125905,51,0.05999470782015236,0.0,-0.026991472310498307,0.0030085276895016923,0.006991472310498308,13.982944620996616,-0.0034447362825343617,0.0008313265050141649,8.38976677259797,0.025,0.0,-0.03,0.0,1.0,0.0,0.01
33,1.0999785394125905,52,0.06091964708207134,0.0,-0.027827055825154018,0.002172944174845981,0.00782705582515402,15.654111650308039,-0.0021996215186262315,0.00256661855311484,9.392466990184824,0.025,0.0,-0.03,0.0,1.0,0.0,0.01
33,1.0999785394125905,53,0.061843576504254594,0.0,-0.02866376886564556,0.0013362311343544375,0.008663768865645563,17.327537731291127,-0.003924072592592123,0.0010043691151983424,10.396522638774675,0.025,0.0,-0.03,0.0,1.0,0.0,0.01
33,1.0999785394125905,54,0.06276676784466804,0.0,-0.029501282087136455,0.0004987179128635444,0.009501282087136456,19.002564174272912,-0.002418372950310457,0.003022654608831082,11.401538504563748,0.025,0.0,-0.03,0.0,1.0,0.0,0.01
33,1.0999785394125905,55,0.06368952376127249,0.0,-0.030339291502963536,0.0003392915029635374,0.009660708497036463,19.321416994072926,0.004399628258908972,0.0011815168800730187,11.592850196443756,0.025,0.0,-0.03,0.0,1.0,0.0,0.01
33,1.0999785394125905,56,0.06461211520703002,0.0,-0.0311774631074841,0.0011774631074841016,0.008822536892515899,17.645073785031798,0.0026421281191340916,0.0034758512832793026,10.587044271019078,0.025,0.0,-0.03,0.0,1.0,0.0,0.01
33,1.0999785394125905,57,0.06553485047660347,0.0,-0.03201549637364318,0.0020154963736431844,0.007984503626356816,15.96900725271363,0.004868912134977254,0.0013629424620093746,9.581404351628178,0.025,0.0,-0.03,0.0,1.0,0.0,0.01
33,1.0999785394125905,58,0.0664579960784884,0.0,-0.03285305388779683,0.0028530538877968303,0.00714694611220317,14.29389222440634,0.002872880176460456,0.003923724398663834,8.576335334643804,0.025,0.0,-0.03,0.0,1.0,0.0,0.01
33,1.0999785394125905,59,0.06738186243748312,0.0,-0.0336898398756734,0.003689839875673402,0.006310160124326598,12.620320248653195,0.005329375189495356,0.0015489810065516163,7.572192149191917,0.025,0.0,-0.03,0.0,1.0,0.0,0.01
33,1.0999785394125905,60,0.06830670805214599,0.0,-0.03452551486302761,0.004525514863027609,0.005474485136972391,10.948970273944783,0.003112639349377776,0.004363626338308616,6.5693821643668695,0.025,0.0,-0.03,0.0,1.0,0.0,0.01
33,1.0999785394125905,61,0.0692328419325668,0.0,-0.03535978904738711,0.005359789047387112,0.004640210952612888,9.280421905225777,0.005778556359824279,0.0017402118820804857,5.5682531431354665,0.025,0.0,-0.03,0.0,1.0,0.0,0.01
33,1.0999785394125905,62,0.07016051114693492,0.0,-0.03619232237484678,0.006192322374846779,0.0038076776251532215,7.615355250306443,0.003362350986921431,0.004791867358579688,4.569213150183866,0.025,0.0,-0.03,0.0,1.0,0.0,0.01
33,1.0999785394125905,63,0.07109001971926006,0.0,-0.03702283223463918,0.007022832234639183,0.0029771677653608174,5.954335530721635,0.006225165732622215,0.00194728093441012,3.572601318432981,0.025,0.0,-0.03,0.0,1.0,0.0,0.01
33,1.0999785394125905,64,0.07201119378454489,0.0,-0.03786245483468632,0.007862454834686318,0.0021375451653136823,4.275090330627364,0.0036129320811025315,0.005199580303003022,2.5650541983764183,0.025,0.0,-0.03,0.0,1.0,0.0,0.01
33,1.0999785394125905,65,0.07293229755017425,0.0,-0.03870219045454393,0.008702190454543929,0.0012978095454560714,2.595619090912143,0.006683342252500102,0.002196461774646716,1.5573714545472856,0.025,0.0,-0.03,0.0,1.0,0.0,0.01
33,1.0999785394125905,66,0.07385330087454524,0.0,-0.039541997684805465,0.009541997684805466,0.0004580023151945344,0.9160046303890689,0.003901322797680733,0.005615414635403346,0.5496027782334413,0.025,0.0,-0.03,0.0,1.0,0.0,0.01
34,1.1333112224250932,0,0.0,0.0,-0.02,0.009999999999999998,1.734723475976807e-18,3.469446951953614e-15,0.0,0.0,2.0816681711721685e-15,0.025,0.0,-0.03,0.0,1.0,0.0,0.01
34,1.1333112224250932,41,0.049508291594095435,0.0,-0.020490110700749093,0.009509889299250906,0.0004901107007490944,0.9802214014981887,-0.0011113261002571977,0.0007769260156954259,0.5881328408989132,0.025,0.0,-0.03,0.0,1.0,0.0,0.01
34,1.1333112224250932,42,0.05062813251379243,0.0,-0.021037893861067313,0.008962106138932686,0.0010378938610673145,2.075787722134629,-0.0014244111136329422,0.00043344154471959095,1.2454726332807773,0.025,0.0,-0.03,0.0,1.0,0.0,0.01
34,1.1333112224250932,43,0.05174898691898909,0.0,-0.021583581086804138,0.008416418913195861,0.001583581086804139,3.1671621736082782,-0.0013790825202003568,0.0008311906517723516,1.900297304164967,0.025,0.0,-0.03,0.0,1.0,0.0,0.01
34,1.1333112224250932,44,0.05287123937750828,0.0,-0.022126394799290794,0.007873605200709205,0.002126394799290795,4.2527895985815904,-0.0016276935968212768,0.0006168550629672075,2.551673759148954,0.025,0.0,-0.03,0.0,1.0,0.0,0.01
34,1.1333112224250932,45,0.053995241481874366,0.0,-0.022665548606779568,0.007334451393220431,0.0026655486067795695,5.331097213559139,-0.0016525357895018787,0.0008694131124742253,3.1986583281354832,0.025,0.0,-0.03,0.0,1.0,0.0,0.01
34,1.1333112224250932,46,0.05512136147761828,0.0,-0.02320027287916952,0.0067997271208304795,0.0032002728791695207,6.4005457583390415,-0.001822778007830157,0.000811107134760542,3.8403274550034245,0.025,0.0,-0.03,0.0,1.0,0.0,0.01
34,1.1333112224250932,47,0.05624810790148893,0.0,-0.023733271553171908,0.006266728446828091,0.003733271553171909,7.466543106343818,-0.0019356937611407059,0.0008946120610880558,4.47992586380629,0.025,0.0,-0.03,0.0,1.0,0.0,0.01
34,1.1333112224250932,48,0.05717492872537541,0.0,-0.024566777850154417,0.005433222149845582,0.004566777850154418,9.133555700308836,-0.0020398200361173117,0.001097154931713866,5.480133420185301,0.025,0.0,-0.03,0.0,1.0,0.0,0.01
34,1.1333112224250932,49,0.05809959005216715,0.0,-0.02540266282516093,0.00459733717483907,0.00540266282516093,10.80532565032186,-0.0023295300922933837,0.0010987470876276946,6.483195390193116,0.025,0.0,-0.03,0.0,1.0,0.0,0.01
34,1.1333112224250932,50,0.05902238396521982,0.0,-0.02624063105442521,0.0037593689455747877,0.0062406310544252126,12.481262108850425,-0.0022817923250050055,0.0014753331857352227,7.488757265310254,0.025,0.0,-0.03,0.0,1.0,0.0,0.01
34,1.1333112224250932,51,0.05994356669268496,0.0,-0.027080348420756312,0.0029196515792436865,0.007080348420756314,14.160696841512628,-0.0027343998389025535,0.0013003615613713093,8.496418104907576,0.025,0.0,-0.03,0.0,1.0,0.0,0.01
34,1.1333112224250932,52,0.0608634451110334,0.0,-0.027921520704022255,0.0020784792959777434,0.007921520704022257,15.843041408044513,-0.0025168192296044565,0.001863501555002665,9.505824844826707,0.025,0.0,-0.03,0.0,1.0,0.0,0.01
34,1.1333112224250932,53,0.0617822793593921,0.0,-0.028763806406600874,0.001236193593399125,0.008763806406600875,17.52761281320175,-0.0031462561498645882,0.0014973818741549712,10.516567687921048,0.025,0.0,-0.03,0.0,1.0,0.0,0.01
34,1.1333112224250932,54,0.06270038783774626,0.0,-0.02960691344242757,0.00039308655757243,0.00960691344242757,19.21382688485514,-0.002746287087313408,0.0022593937743282133,11.528296130913084,0.025,0.0,-0.03,0.0,1.0,0.0,0.01
34,1.1333112224250932,55,0.06361803121419984,0.0,-0.030450494463294495,0.0004504944632944957,0.009549505536705504,19.09901107341101,0.003563017304076211,0.0016902151688224893,11.459406644046606,0.025,0.0,-0.03,0.0,1.0,0.0,0.01
34,1.1333112224250932,56,0.06453553569672482,0.0,-0.03129426063803699,0.0012942606380369898,0.00870573936196301,17.41147872392602,0.002972052407204322,0.0026604265094302224,10.446887234355613,0.025,0.0,-0.03,0.0,1.0,0.0,0.01
34,1.1333112224250932,57,0.0654531590813726,0.0,-0.032137860280422044,0.002137860280422045,0.007862139719577955,15.72427943915591,0.003982145215431041,0.0018795140922607033,9.434567663493546,0.025,0.0,-0.03,0.0,1.0,0.0,0.01
34,1.1333112224250932,58,0.06637123157629989,0.0,-0.03298100883323058,0.002981008833230582,0.007018991166769418,14.037982333538837,0.0031963420803052364,0.003063711487844428,8.422789400123301,0.025,0.0,-0.03,0.0,1.0,0.0,0.01
34,1.1333112224250932,59,0.06729000471720499,0.0,-0.033823351835434244,0.0038233518354342452,0.006176648164565755,12.35329632913151,0.0044007897465599,0.0020662233066925948,7.411977797478905,0.025,0.0,-0.03,0.0,1.0,0.0,0.01
34,1.1333112224250932,60,0.06820980887265855,0.0,-0.03466460995913154,0.004664609959131538,0.005335390040868462,10.670780081736924,0.003421641271752522,0.00346608385308783,6.402468049042154,0.025,0.0,-0.03,0.0,1.0,0.0,0.01
34,1.1333112224250932,61,0.06913088600386155,0.0,-0.03550442761789922,0.005504427617899224,0.004495572382100776,8.991144764201552,0.004815954643459641,0.0022516207026121258,5.394686858520931,0.025,0.0,-0.03,0.0,1.0,0.0,0.01
34,1.1333112224250932,62,0.07005356282046399,0.0,-0.03634253165255034,0.006342531652550339,0.0036574683474496616,7.314936694899323,0.00364990584652628,0.003863543080641924,4.388962016939594,0.025,0.0,-0.03,0.0,1.0,0.0,0.01
34,1.1333112224250932,63,0.0709780685846239,0.0,-0.037178567059132785,0.007178567059132786,0.0028214329408672145,5.642865881734429,0.005230800839247281,0.002442869672382791,3.3857195290406574,0.025,0.0,-0.03,0.0,1.0,0.0,0.01
34,1.1333112224250932,64,0.07189389177617028,0.0,-0.03802406575608841,0.008024065756088411,0.001975934243911589,3.9518684878231785,0.003881393763125237,0.00425416469028528,2.371121092693907,0.025,0.0,-0.03,0.0,1.0,0.0,0.01
34,1.1333112224250932,65,0.07280959736859521,0.0,-0.038869640762839976,0.008869640762839977,0.0011303592371600234,2.260718474320047,0.005659138370996187,0.0026666207909589144,1.3564310845920282,0.025,0.0,-0.03,0.0,1.0,0.0,0.01
34,1.1333112224250932,66,0.07372524364694041,0.0,-0.039715331321972476,0.009715331321972477,0.0002846686780275231,0.5693373560550462,0.004138155350316331,0.004653065599577933,0.34160241363302773,0.025,0.0,-0.03,0.0,1.0,0.0,0.01
35,1.166643905437596,0,0.0,0.0,-0.02,0.009999999999999998,1.734723475976807e-18,3.469446951953614e-15,0.0,0.0,2.0816681711721685e-15,0.025,0.0,-0.03,0.0,1.0,0.0,0.01
35,1.166643905437596,41,0.049490173061831254,0.0,-0.02052915868284525,0.009470841317154748,0.0005291586828452526,1.0583173656905052,-0.0009654481663233543,0.0008595565941187921,0.6349904194143031,0.025,0.0,-0.03,0.0,1.0,0.0,0.01
35,1.166643905437596,42,0.050608138761044676,0.0,-0.021080755331402936,0.008919244668597063,0.0010807553314029373,2.1615106628058744,-0.0014321991929432752,0.0001817766861047997,1.2969063976835247,0.025,0.0,-0.03,0.0,1.0,0.0,0.01
35,1.166643905437596,43,0.05172713686344832,0.0,-0.021630254764521097,0.008369745235478902,0.0016302547645210986,3.260509529042197,-0.0011242864190313007,0.0010982028001902506,1.9563057174253182,0.025,0.0,-0.03,0.0,1.0,0.0,0.01
35,1.166643905437596,44,0.05284754060013577,0.0,-0.02217686892772183,0.00782313107227817,0.00217686892772183,4.3537378554436605,-0.001713273311855195,0.00015701141272514112,2.612242713266196,0.025,0.0,-0.03,0.0,1.0,0.0,0.01
35,1.166643905437596,45,0.05396972322655604,0.0,-0.022719816804485038,0.007280183195514961,0.0027198168044850392,5.4396336089700785,-0.0012823329822701018,0.001338006664991226,3.263780165382047,0.025,0.0,-0.03,0.0,1.0,0.0,0.01
35,1.166643905437596,46,0.05509403909842607,0.0,-0.02325831711984287,0.00674168288015713,0.00325831711984287,6.51663423968574,-0.0020052244030545024,0.0001337746254195381,3.909980543811444,0.025,0.0,-0.03,0.0,1.0,0.0,0.01
35,1.166643905437596,47,0.056218997106277785,0.0,-0.023795094861374246,0.006204905138625753,0.003795094861374247,7.590189722748494,-0.0013221241915576556,0.0015199958480892099,4.554113833649096,0.025,0.0,-0.03,0.0,1.0,0.0,0.01
35,1.166643905437596,48,0.05714116308778687,0.0,-0.02463374052745806,0.005366259472541938,0.004633740527458062,9.267481054916125,-0.002559384408168245,0.000275975842826791,5.560488632949675,0.025,0.0,-0.03,0.0,1.0,0.0,0.01
35,1.166643905437596,49,0.05806115001681256,0.0,-0.025474779075125076,0.004525220924874923,0.005474779075125077,10.949558150250153,-0.0013638435899717203,0.0019054989285046892,6.569734890150092,0.025,0.0,-0.03,0.0,1.0,0.0,0.01
35,1.166643905437596,50,0.05897923329220752,0.0,-0.026317896136739096,0.003682103863260903,0.006317896136739097,12.635792273478195,-0.003038564926479792,0.0003712206625740797,7.581475364086916,0.025,0.0,-0.03,0.0,1.0,0.0,0.01
35,1.166643905437596,51,0.05989569534095376,0.0,-0.027162776557028687,0.0028372234429713122,0.007162776557028688,14.325553114057376,-0.0014887423136503357,0.002359408235342906,8.595331868434425,0.025,0.0,-0.03,0.0,1.0,0.0,0.01
35,1.166643905437596,52,0.06081082318576697,0.0,-0.028009103400870098,0.001990896599129901,0.0080091034008701,16.0182068017402,-0.00350491308955799,0.0004684059645994878,9.61092408104412,0.025,0.0,-0.03,0.0,1.0,0.0,0.01
35,1.166643905437596,53,0.06172490674397944,0.0,-0.02885655752752682,0.00114344247247318,0.00885655752752682,17.713115055053642,-0.0016215846483520753,0.002808867235983905,10.627869033032185,0.025,0.0,-0.03,0.0,1.0,0.0,0.01
35,1.166643905437596,54,0.06263824129542163,0.0,-0.029704821005592717,0.0002951789944072823,0.009704821005592718,19.409642011185436,-0.0039631568093486,0.000574862037085638,11.645785206711261,0.025,0.0,-0.03,0.0,1.0,0.0,0.01
35,1.166643905437596,55,0.06355112055246905,0.0,-0.030553571884422797,0.0005535718844227981,0.009446428115577202,18.892856231154404,0.0017640770986454746,0.0032509888673254825,11.335713738692641,0.025,0.0,-0.03,0.0,1.0,0.0,0.01
35,1.166643905437596,56,0.06446384459149257,0.0,-0.03140249266248928,0.001402492662489284,0.008597507337510716,17.195014675021433,0.004410564820437946,0.0006909207751114094,10.31700880501286,0.025,0.0,-0.03,0.0,1.0,0.0,0.01
35,1.166643905437596,57,0.06537670716238697,0.0,-0.03225125973174554,0.0022512597317455377,0.0077487402682544625,15.497480536508926,0.001918487267291754,0.0036835643739838364,9.298488321905355,0.025,0.0,-0.03,0.0,1.0,0.0,0.01
35,1.166643905437596,58,0.06629000959615923,0.0,-0.03309955737483899,0.003099557374838989,0.006900442625161011,13.800885250322022,0.004844533544420471,0.0008168291341974568,8.280531150193212,0.025,0.0,-0.03,0.0,1.0,0.0,0.01
35,1.166643905437596,59,0.06720404192858061,0.0,-0.03394706150031669,0.0039470615003166926,0.006052938499683308,12.105876999366615,0.002086882769107925,0.004104402432697585,7.263526199619968,0.025,0.0,-0.03,0.0,1.0,0.0,0.01
35,1.166643905437596,60,0.06811910317598813,0.0,-0.034793459489873745,0.004793459489873746,0.0052065405101262546,10.413081020252509,0.005262693380439492,0.0009528419727285758,6.247848612151505,0.025,0.0,-0.03,0.0,1.0,0.0,0.01
35,1.166643905437596,61,0.06903547598006571,0.0,-0.0356384280105014,0.005638428010501399,0.004361571989498601,8.723143978997202,0.002270962364350456,0.004511208831562441,5.233886387398321,0.025,0.0,-0.03,0.0,1.0,0.0,0.01
35,1.166643905437596,62,0.06995345349865358,0.0,-0.036481658854135506,0.006481658854135507,0.0035183411458644936,7.0366822917289875,0.005664293321182456,0.0011004878819878179,4.222009375037392,0.025,0.0,-0.03,0.0,1.0,0.0,0.01
35,1.166643905437596,63,0.07087330744840575,0.0,-0.03732283078470067,0.007322830784700668,0.0026771692152993323,5.3543384305986645,0.0024578607992641415,0.004888664822024006,3.2126030583591985,0.025,0.0,-0.03,0.0,1.0,0.0,0.01
35,1.166643905437596,64,0.07178409158948737,0.0,-0.038173735706781994,0.008173735706781995,0.0018262642932180048,3.6525285864360093,0.006082708282567102,0.0012965009982544575,2.1915171518616057,0.025,0.0,-0.03,0.0,1.0,0.0,0.01
35,1.166643905437596,65,0.07269477444171285,0.0,-0.03902473803188359,0.00902473803188359,0.0009752619681164098,1.9505239362328195,0.0026721956200734674,0.005262446763952812,1.1703143617396916,0.025,0.0,-0.03,0.0,1.0,0.0,0.01
35,1.166643905437596,66,0.07360537430966423,0.0,-0.039875839901964694,0.009875839901964695,0.00012416009803530546,0.24832019607061093,0.006473463308275789,0.001507969909138237,0.14899211764236656,0.025,0.0,-0.03,0.0,1.0,0.0,0.01
36,1.1999765884500988,0,0.0,0.0,-0.02,0.009999999999999998,1.734723475976807e-18,3.469446951953614e-15,0.0,0.0,2.0816681711721685e-15,0.025,0.0,-0.03,0.0,1.0,0.0,0.01
36,1.1999765884500988,40,0.04835765153542049,0.0,-0.0200089469281357,0.009991053071864299,8.946928135701235e-06,0.01789385627140247,-0.0008814681861677326,0.0005689963848315206,0.010736313762841482,0.025,0.0,-0.03,0.0,1.0,0.0,0.01
36,1.1999765884500988,41,0.049473217697001956,0.0,-0.020565398287412273,0.009434601712587726,0.0005653982874122745,1.130796574824549,-0.0011129252518059707,0.00035829812094451694,0.6784779448947293,0.025,0.0,-0.03,0.0,1.0,0.0,0.01
36,1.1999765884500988,42,0.05058943078532715,0.0,-0.02112053469274104,0.008879465307258957,0.0011205346927410428,2.2410693854820853,-0.0010815128676736562,0.0006807611341412552,1.344641631289251,0.025,0.0,-0.03,0.0,1.0,0.0,0.01
36,1.1999765884500988,43,0.05170669016945656,0.0,-0.021673570985074962,0.008326429014925037,0.0016735709850749635,3.347141970149927,-0.0013208346870606771,0.0004513609622359138,2.0082851820899563,0.025,0.0,-0.03,0.0,1.0,0.0,0.01
36,1.1999765884500988,44,0.05282536542720446,0.0,-0.022223712643166575,0.007776287356833424,0.0022237126431665765,4.447425286333153,-0.001283330210826661,0.0007877442862763564,2.6684551717998914,0.025,0.0,-0.03,0.0,1.0,0.0,0.01
36,1.1999765884500988,45,0.05394584432394002,0.0,-0.022770181039837873,0.007229818960162126,0.0027701810398378744,5.540362079675749,-0.0015256435887033566,0.000546371479190424,3.324217247805449,0.025,0.0,-0.03,0.0,1.0,0.0,0.01
36,1.1999765884500988,46,0.05506847264272926,0.0,-0.023312186047569582,0.006687813952430417,0.0033121860475695836,6.624372095139167,-0.0014841389224398078,0.0008877886402643728,3.9746232570835,0.025,0.0,-0.03,0.0,1.0,0.0,0.01
36,1.1999765884500988,47,0.05619175662255593,0.0,-0.0238524709100495,0.006147529089950497,0.003852470910049503,7.704941820099006,-0.0017502622218832546,0.0006542770808133968,4.622965092059403,0.025,0.0,-0.03,0.0,1.0,0.0,0.01
36,1.1999765884500988,48,0.057109570441594114,0.0,-0.024695870084813915,0.005304129915186084,0.004695870084813916,9.391740169627832,-0.0016793154135596215,0.0010450768456839754,5.635044101776699,0.025,0.0,-0.03,0.0,1.0,0.0,0.01
36,1.1999765884500988,49,0.05802518732029999,0.0,-0.025541675693700756,0.0044583243062992425,0.005541675693700758,11.083351387401516,-0.002055741250878379,0.0009092183934383353,6.650010832440909,0.025,0.0,-0.03,0.0,1.0,0.0,0.01
36,1.1999765884500988,50,0.05893886563980036,0.0,-0.02638955398204972,0.00361044601795028,0.00638955398204972,12.77910796409944,-0.0019407488480896126,0.001310097444894256,7.667464778459664,0.025,0.0,-0.03,0.0,1.0,0.0,0.01
36,1.1999765884500988,51,0.05985091517408604,0.0,-0.027239210605635784,0.0027607893943642145,0.007239210605635786,14.478421211271572,-0.0023411996080119463,0.0011549415687917327,8.687052726762943,0.025,0.0,-0.03,0.0,1.0,0.0,0.01
36,1.1999765884500988,52,0.06076160004147202,0.0,-0.028090302964137247,0.0019096970358627521,0.008090302964137248,16.180605928274495,-0.0022074755712537006,0.0015750460668262556,9.708363556964697,0.025,0.0,-0.03,0.0,1.0,0.0,0.01
36,1.1999765884500988,53,0.0616712438685003,0.0,-0.028942538793063938,0.0010574612069360612,0.008942538793063939,17.885077586127878,-0.002623259600680908,0.001406119859199838,10.731046551676727,0.025,0.0,-0.03,0.0,1.0,0.0,0.01
36,1.1999765884500988,54,0.0625801128599297,0.0,-0.02979556858157397,0.0002044314184260279,0.009795568581573972,19.591137163147945,-0.0024780060059315517,0.0018378816513504623,11.754682297888767,0.025,0.0,-0.03,0.0,1.0,0.0,0.01
36,1.1999765884500988,55,0.06348854069544461,0.0,-0.030649103170549502,0.0006491031705495032,0.009350896829450497,18.701793658900993,0.002901802971321016,0.0016617566659669302,11.221076195340595,0.025,0.0,-0.03,0.0,1.0,0.0,0.01
36,1.1999765884500988,56,0.06439679227962684,0.0,-0.03150278769933668,0.0015027876993366843,0.008497212300663316,16.99442460132663,0.0027520349879639936,0.0020979044383280503,10.196654760795978,0.025,0.0,-0.03,0.0,1.0,0.0,0.01
36,1.1999765884500988,57,0.06530520739396774,0.0,-0.032356337045329545,0.0023563370453295457,0.0076436629546704545,15.28732590934091,0.0031768294667935213,0.0019206859791265506,9.172395545604545,0.025,0.0,-0.03,0.0,1.0,0.0,0.01
36,1.1999765884500988,58,0.06621404623737538,0.0,-0.03320939258746498,0.003209392587464978,0.006790607412535022,13.581214825070045,0.0030291029264391854,0.002354513250456494,8.148728895042026,0.025,0.0,-0.03,0.0,1.0,0.0,0.01
36,1.1999765884500988,59,0.06712365068552315,0.0,-0.03406167408678872,0.004061674086788723,0.005938325913211277,11.876651826422554,0.003448487501940997,0.002181642171583157,7.125991095853532,0.025,0.0,-0.03,0.0,1.0,0.0,0.01
36,1.1999765884500988,60,0.0680342728628004,0.0,-0.03491282081699285,0.004912820816992854,0.005087179183007147,10.174358366014292,0.0033086122362395217,0.0026072036048114555,6.104615019608575,0.025,0.0,-0.03,0.0,1.0,0.0,0.01
36,1.1999765884500988,61,0.06894625273673735,0.0,-0.03576255823508415,0.0057625582350841545,0.004237441764915846,8.474883529831692,0.003717037037366445,0.0024432755665305065,5.084930117899015,0.025,0.0,-0.03,0.0,1.0,0.0,0.01
36,1.1999765884500988,62,0.06985983109013917,0.0,-0.03661052525657736,0.0066105252565773626,0.0033894747434226376,6.778949486845275,0.0035898359334555143,0.002855549412969886,4.067369692107165,0.025,0.0,-0.03,0.0,1.0,0.0,0.01
36,1.1999765884500988,63,0.07077534198332315,0.0,-0.03745645392802797,0.007456453928027969,0.0025435460719720315,5.087092143944063,0.00398379446485116,0.00270508435094593,3.052255286366438,0.025,0.0,-0.03,0.0,1.0,0.0,0.01
36,1.1999765884500988,64,0.07168140636618925,0.0,-0.03831235168600832,0.008312351686008322,0.001687648313991678,3.375296627983356,0.0038778524300363505,0.003108283253738976,2.0251779767900135,0.025,0.0,-0.03,0.0,1.0,0.0,0.01
36,1.1999765884500988,65,0.07258739784862243,0.0,-0.03916837930675658,0.009168379306756583,0.0008316206932434175,1.663241386486835,0.004264690501660963,0.002988244525864397,0.9979448318921009,0.025,0.0,-0.03,0.0,1.0,0.0,0.01
37,1.2333092714626015,0,0.0,0.0,-0.02,0.009999999999999998,1.734723475976807e-18,3.469446951953614e-15,0.0,0.0,2.0816681711721685e-15,0.025,0.0,-0.03,0.0,1.0,0.0,0.01
37,1.2333092714626015,40,0.048343441727777194,0.0,-0.02003928897217682,0.009960711027823178,3.9288972176821854e-05,0.07857794435364371,-0.0007325249311667198,0.0007021796037279383,0.047146766612186225,0.025,0.0,-0.03,0.0,1.0,0.0,0.01
37,1.2333092714626015,41,0.04945736203222701,0.0,-0.020599025736049607,0.009400974263950392,0.000599025736049608,1.198051472099216,-0.0011449724228428599,0.00010982259180009968,0.7188308832595295,0.025,0.0,-0.03,0.0,1.0,0.0,0.01
37,1.2333092714626015,42,0.050571941201996574,0.0,-0.021157448770211366,0.008842551229788633,0.001157448770211367,2.3148975404227343,-0.000863929673471557,0.0009174826635657574,1.3889385242536405,0.025,0.0,-0.03,0.0,1.0,0.0,0.01
37,1.2333092714626015,43,0.051687569016717665,0.0,-0.02171376385813951,0.008286236141860488,0.0017137638581395127,3.4275277162790254,-0.0013925199043684166,8.325333415296468e-05,2.0565166297674153,0.025,0.0,-0.03,0.0,1.0,0.0,0.01
37,1.2333092714626015,44,0.05280463517511981,0.0,-0.022267181985653115,0.007732818014346884,0.0022671819856531165,4.534363971306233,-0.0009963697499038116,0.0011334425291020178,2.7206183827837394,0.025,0.0,-0.03,0.0,1.0,0.0,0.01
37,1.2333092714626015,45,0.05392351274836744,0.0,-0.022816913050118542,0.0071830869498814565,0.0028169130501185437,5.633826100237087,-0.0016381858889603924,5.447907339929093e-05,3.3802956601422522,0.025,0.0,-0.03,0.0,1.0,0.0,0.01
37,1.2333092714626015,46,0.0550445725038254,0.0,-0.02336217476322391,0.006637825236776088,0.003362174763223912,6.724349526447824,-0.0011166969925905435,0.0013410581682313817,4.034609715868695,0.025,0.0,-0.03,0.0,1.0,0.0,0.01
37,1.2333092714626015,47,0.056166280894217616,0.0,-0.023905707830499095,0.006094292169500904,0.003905707830499096,7.811415660998192,-0.00199724206193868,8.165739011129445e-05,4.686849396598915,0.025,0.0,-0.03,0.0,1.0,0.0,0.01
37,1.2333092714626015,48,0.057080039204737296,0.0,-0.0247535125494264,0.0052464874505736,0.0047535125494264,9.5070250988528,-0.0010511326956523569,0.0015347789261265657,5.70421505931168,0.025,0.0,-0.03,0.0,1.0,0.0,0.01
37,1.2333092714626015,49,0.057991561379825626,0.0,-0.025603716801500365,0.004396283198499634,0.005603716801500366,11.207433603000732,-0.0024957913323202918,0.00021739233157832486,6.724460161800439,0.025,0.0,-0.03,0.0,1.0,0.0,0.01
37,1.2333092714626015,50,0.05890113756051142,0.0,-0.026456011166236755,0.003543988833763244,0.006456011166236756,12.912022332473512,-0.0011337475078531355,0.0019346236777331494,7.747213399484107,0.025,0.0,-0.03,0.0,1.0,0.0,0.01
37,1.2333092714626015,51,0.05980904964815921,0.0,-0.027310071493141186,0.002689928506858813,0.007310071493141187,14.620142986282374,-0.0029116807719393014,0.0002912158577948217,8.772085791769424,0.025,0.0,-0.03,0.0,1.0,0.0,0.01
37,1.2333092714626015,52,0.0607156000705738,0.0,-0.02816558666855613,0.001834413331443869,0.008165586668556131,16.33117333711226,-0.0012313717336544321,0.0023359816294808862,9.798704002267357,0.025,0.0,-0.03,0.0,1.0,0.0,0.01
37,1.2333092714626015,53,0.06162107796319205,0.0,-0.029022228124595456,0.0009777718754045428,0.009022228124595457,18.044456249190915,-0.0033188087146714894,0.0003744837202272464,10.82667374951455,0.025,0.0,-0.03,0.0,1.0,0.0,0.01
37,1.2333092714626015,54,0.0625257945210262,0.0,-0.029879684230942994,0.00012031576905700489,0.009879684230942995,19.75936846188599,-0.0013387024705283647,0.0027298433441230005,11.855621077131595,0.025,0.0,-0.03,0.0,1.0,0.0,0.01
37,1.2333092714626015,55,0.06343004253314703,0.0,-0.030737623364531688,0.0007376233645316893,0.009262376635468311,18.52475327093662,0.0037153407835935418,0.00046807162444797214,11.114851962561973,0.025,0.0,-0.03,0.0,1.0,0.0,0.01
37,1.2333092714626015,56,0.06433413821339132,0.0,-0.0315957345591707,0.0015957345591707042,0.008404265440829296,16.80853088165859,0.0014577699749249494,0.0031143288633401997,10.085118528995155,0.025,0.0,-0.03,0.0,1.0,0.0,0.01
37,1.2333092714626015,57,0.06523837435944774,0.0,-0.03245368445669856,0.0024536844566985586,0.007546315543301442,15.092631086602884,0.0040989716406878715,0.0005720686557647663,9.05557865196173,0.025,0.0,-0.03,0.0,1.0,0.0,0.01
37,1.2333092714626015,58,0.06614306838781095,0.0,-0.03331116387218371,0.003311163872183713,0.006688836127816287,13.377672255632575,0.0015904041931256393,0.003487696957555293,8.026603353379544,0.025,0.0,-0.03,0.0,1.0,0.0,0.01
37,1.2333092714626015,59,0.0670485094476887,0.0,-0.034167839038881626,0.004167839038881627,0.0058321609611183736,11.664321922236747,0.004467671110411009,0.0006864850416702676,6.998593153342048,0.025,0.0,-0.03,0.0,1.0,0.0,0.01
37,1.2333092714626015,60,0.06795501233543445,0.0,-0.03502340364963938,0.00502340364963938,0.0049765963503606205,9.95319270072124,0.0017381337123512117,0.0038482631410269134,5.971915620432744,0.025,0.0,-0.03,0.0,1.0,0.0,0.01
37,1.2333092714626015,61,0.06886285894366957,0.0,-0.0358775249025433,0.005877524902543299,0.004122475097456701,8.244950194913402,0.004819831410149598,0.0008114083486138815,4.946970116948041,0.025,0.0,-0.03,0.0,1.0,0.0,0.01
37,1.2333092714626015,62,0.06977235767809031,0.0,-0.03672990048952409,0.006729900489524092,0.0032700995104759083,6.540199020951817,0.001900819682389794,0.004193126752624694,3.92411941257109,0.025,0.0,-0.03,0.0,1.0,0.0,0.01
37,1.2333092714626015,63,0.07068377969636094,0.0,-0.03758020001075889,0.007580200010758889,0.002419799989241111,4.839599978482222,0.005167873390238181,0.0009596960798574961,2.9037599870893334,0.025,0.0,-0.03,0.0,1.0,0.0,0.01
37,1.2333092714626015,64,0.0715854648692581,0.0,-0.03844074496786222,0.008440744967862221,0.0015592550321377793,3.1185100642755583,0.0020611832412117995,0.004506887981829395,1.8711060385653349,0.025,0.0,-0.03,0.0,1.0,0.0,0.01
37,1.2333092714626015,65,0.07248703853932773,0.0,-0.03930138877180442,0.00930138877180442,0.0006986112281955805,1.397222456391161,0.0055192739130769134,0.0011489393830586647,0.8383334738346966,0.025,0.0,-0.03,0.0,1.0,0.0,0.01
38,1.2666419544751042,0,0.0,0.0,-0.02,0.009999999999999998,1.734723475976807e-18,3.469446951953614e-15,0.0,0.0,2.0816681711721685e-15,0.025,0.0,-0.03,0.0,1.0,0.0,0.01
38,1.2666419544751042,40,0.048330164330703966,0.0,-0.020067441046681334,0.009932558953318665,6.744104668133556e-05,0.13488209336267112,-0.0008380448973869988,0.00033557080762099264,0.08092925601760267,0.025,0.0,-0.03,0.0,1.0,0.0,0.01
38,1.2666419544751042,41,0.049442547780010754,0.0,-0.020630226088399487,0.009369773911600512,0.0006302260883994885,1.260452176798977,-0.0008599167346257608,0.0005122665357933426,0.7562713060793861,0.025,0.0,-0.03,0.0,1.0,0.0,0.01
38,1.2666419544751042,42,0.0505555991218476,0.0,-0.021191697574342565,0.008808302425657433,0.0011916975743425668,2.3833951486851337,-0.001048174235307182,0.0003557641055981257,1.43003708921108,0.025,0.0,-0.03,0.0,1.0,0.0,0.01
38,1.2666419544751042,43,0.05166970413443406,0.0,-0.0217510552418148,0.0082489447581852,0.0017510552418148004,3.502110483629601,-0.0010007915874105282,0.0006723808070083503,2.1012662901777603,0.025,0.0,-0.03,0.0,1.0,0.0,0.01
38,1.2666419544751042,44,0.05278526481277358,0.0,-0.022307512131391444,0.0076924878686085545,0.0023075121313914457,4.6150242627828915,-0.0012597594579851826,0.00036894394247491294,2.7690145576697347,0.025,0.0,-0.03,0.0,1.0,0.0,0.01
38,1.2666419544751042,45,0.053902648565018876,0.0,-0.022860271308804764,0.007139728691195234,0.0028602713088047658,5.7205426176095315,-0.0011392394483667615,0.0008364996661437852,3.4323255705657187,0.025,0.0,-0.03,0.0,1.0,0.0,0.01
38,1.2666419544751042,46,0.05502223982215772,0.0,-0.023408553201702566,0.0065914467982974324,0.0034085532017025678,6.817106403405136,-0.0014770126944932708,0.0003777283786269178,4.090263842043082,0.025,0.0,-0.03,0.0,1.0,0.0,0.01
38,1.2666419544751042,47,0.056142479046818336,0.0,-0.023955101746173237,0.006044898253826762,0.003955101746173239,7.9102034923464775,-0.0012227375863836526,0.0009772553586573644,4.746122095407887,0.025,0.0,-0.03,0.0,1.0,0.0,0.01
38,1.2666419544751042,48,0.0570524474940883,0.0,-0.024806979238664064,0.005193020761335935,0.004806979238664065,9.613958477328131,-0.0018288963215563217,0.0004894678812139955,5.768375086396879,0.025,0.0,-0.03,0.0,1.0,0.0,0.01
38,1.2666419544751042,49,0.05796015021071801,0.0,-0.025661255529171062,0.004338744470828937,0.005661255529171063,11.322511058342126,-0.0013247226140545912,0.0012698068636671886,6.793506635005276,0.025,0.0,-0.03,0.0,1.0,0.0,0.01
38,1.2666419544751042,50,0.05886589217421585,0.0,-0.026517630938992825,0.003482369061007174,0.006517630938992826,13.035261877985652,-0.002167120572418514,0.000610743267469226,7.821157126791391,0.025,0.0,-0.03,0.0,1.0,0.0,0.01
38,1.2666419544751042,51,0.05976994599587494,0.0,-0.02737576873169475,0.0026242312683052472,0.007375768731694753,14.751537463389505,-0.0014596609413709662,0.0015955974860029927,8.850922478033702,0.025,0.0,-0.03,0.0,1.0,0.0,0.01
38,1.2666419544751042,52,0.06067263104905633,0.0,-0.028235370000786342,0.0017646299992136565,0.008235370000786344,16.470740001572686,-0.002502544677360586,0.0007318856530238567,9.882444000943611,0.025,0.0,-0.03,0.0,1.0,0.0,0.01
38,1.2666419544751042,53,0.06157422515633173,0.0,-0.029096091495822277,0.0009039085041777223,0.009096091495822278,18.192182991644557,-0.0015959797189388592,0.001922186713076146,10.915309794986735,0.025,0.0,-0.03,0.0,1.0,0.0,0.01
38,1.2666419544751042,54,0.062475058573984464,0.0,-0.029957635859276795,4.236414072320352e-05,0.009957635859276797,19.915271718553594,-0.002836288288410063,0.0008557462055218637,11.949163031132157,0.025,0.0,-0.03,0.0,1.0,0.0,0.01
38,1.2666419544751042,55,0.06337541086550828,0.0,-0.03081965487457147,0.0008196548745714703,0.00918034512542853,18.36069025085706,0.0017350185905554516,0.0022477029889939994,11.016414150514237,0.025,0.0,-0.03,0.0,1.0,0.0,0.01
38,1.2666419544751042,56,0.06427561921180969,0.0,-0.03168185370300028,0.00168185370300028,0.00831814629699972,16.63629259399944,0.003166466240870824,0.0009824852976164419,9.981775556399663,0.025,0.0,-0.03,0.0,1.0,0.0,0.01
38,1.2666419544751042,57,0.06517596141211487,0.0,-0.03254388066851666,0.002543880668516664,0.007456119331483336,14.912238662966672,0.0018783855076772524,0.002570377210884813,8.947343197780002,0.025,0.0,-0.03,0.0,1.0,0.0,0.01
38,1.2666419544751042,58,0.06607677753687732,0.0,-0.033405444335889566,0.0034054443358895667,0.0065945556641104335,13.189111328220868,0.0034911486737817486,0.0011123318041355084,7.9134667969325205,0.025,0.0,-0.03,0.0,1.0,0.0,0.01
38,1.2666419544751042,59,0.06697834010881216,0.0,-0.03426619110236809,0.004266191102368089,0.0057338088976319115,11.467617795263823,0.0020277030897892633,0.0028883544489856764,6.8805706771582935,0.025,0.0,-0.03,0.0,1.0,0.0,0.01
38,1.2666419544751042,60,0.06788098804251289,0.0,-0.03512583378311284,0.005125833783112842,0.0048741662168871585,9.748332433774317,0.003808419950447624,0.0012456090960227398,5.84899946026459,0.025,0.0,-0.03,0.0,1.0,0.0,0.01
38,1.2666419544751042,61,0.068784985124277,0.0,-0.03598401844296964,0.005984018442969641,0.004015981557030359,8.03196311406072,0.002184497644415077,0.0031996480015790674,4.819177868436431,0.025,0.0,-0.03,0.0,1.0,0.0,0.01
38,1.2666419544751042,62,0.06969066511473616,0.0,-0.03684046301270457,0.0068404630127045715,0.0031595369872954287,6.319073974590857,0.004117168043042275,0.0013834421835934871,3.7914443847545143,0.025,0.0,-0.03,0.0,1.0,0.0,0.01
38,1.2666419544751042,63,0.070598279767881,0.0,-0.03769481485882485,0.007694814858824853,0.0023051851411751475,4.610370282350295,0.002341804196138074,0.00349431809212469,2.766222169410177,0.025,0.0,-0.03,0.0,1.0,0.0,0.01
38,1.2666419544751042,64,0.07149586422272228,0.0,-0.038559648052225566,0.008559648052225567,0.001440351947774433,2.880703895548866,0.004438141321670168,0.0015510997751401975,1.7284223373293197,0.025,0.0,-0.03,0.0,1.0,0.0,0.01
38,1.2666419544751042,65,0.07239332233622511,0.0,-0.0394245708559515,0.009424570855951504,0.0005754291440484959,1.1508582880969918,0.0025179357364989905,0.003792522244701663,0.6905149728581951,0.025,0.0,-0.03,0.0,1.0,0.0,0.01
39,1.299974637487607,0,0.0,0.0,-0.02,0.009999999999999998,1.734723475976807e-18,3.469446951953614e-15,0.0,0.0,2.0816681711721685e-15,0.025,0.0,-0.03,0.0,1.0,0.0,0.01
39,1.299974637487607,40,0.04831776454010086,0.0,-0.020093556901932565,0.009906443098067434,9.355690193256667e-05,0.18711380386513335,-0.0009121050020702712,4.6016342510998934e-05,0.11226828231908001,0.025,0.0,-0.03,0.0,1.0,0.0,0.01
39,1.299974637487607,41,0.049428717657536356,0.0,-0.020659171790680535,0.009340828209319463,0.0006591717906805367,1.3183435813610735,-0.0006619617059860374,0.0007477020869093137,0.7910061488166441,0.025,0.0,-0.03,0.0,1.0,0.0,0.01
39,1.299974637487607,42,0.05054033700441544,0.0,-0.02122346829017929,0.00877653170982071,0.0012234682901792904,2.4469365803585807,-0.0011078777317877083,6.218906516038628e-05,1.4681619482151484,0.025,0.0,-0.03,0.0,1.0,0.0,0.01
39,1.299974637487607,43,0.05165302646624239,0.0,-0.02178565140987282,0.00821434859012718,0.0017856514098728207,3.5713028197456413,-0.0007941667373852376,0.000895938256408141,2.1427816918473845,0.025,0.0,-0.03,0.0,1.0,0.0,0.01
39,1.299974637487607,44,0.0527671742350702,0.0,-0.022344923590315348,0.007655076409684651,0.002344923590315349,4.689847180630698,-0.0013002916686733262,7.964300220829717e-05,2.813908308378419,0.025,0.0,-0.03,0.0,1.0,0.0,0.01
39,1.299974637487607,45,0.05388317117081592,0.0,-0.02290049572908867,0.007099504270911328,0.0029004957290886726,5.800991458177345,-0.0009280793907357562,0.0010397756636058367,3.480594874906407,0.025,0.0,-0.03,0.0,1.0,0.0,0.01
39,1.299974637487607,46,0.05500138226793522,0.0,-0.023451574901508884,0.006548425098491115,0.0034515749015088856,6.903149803017771,-0.0014990294778072233,0.00010344290235133661,4.141889881810663,0.025,0.0,-0.03,0.0,1.0,0.0,0.01
39,1.299974637487607,47,0.05612025892817525,0.0,-0.024000926512532394,0.005999073487467605,0.004000926512532395,8.00185302506479,-0.0009771443680078617,0.0011353026714487197,4.801111815038873,0.025,0.0,-0.03,0.0,1.0,0.0,0.01
39,1.299974637487607,48,0.0570266814284258,0.0,-0.0248565639647328,0.0051434360352672,0.0048565639647328,9.7131279294656,-0.0018845383616600323,0.0002544511387075756,5.82787675767936,0.025,0.0,-0.03,0.0,1.0,0.0,0.01
39,1.299974637487607,49,0.057930830479512495,0.0,-0.02571461671408333,0.004285383285916669,0.005714616714083331,11.429233428166663,-0.0010333743340922665,0.0013869906579630838,6.857540056899998,0.025,0.0,-0.03,0.0,1.0,0.0,0.01
39,1.299974637487607,50,0.058832983247663104,0.0,-0.026574756427243162,0.0034252435727568364,0.006574756427243164,13.149512854486327,-0.0022066295301882283,0.00036780026521001047,7.889707712691796,0.025,0.0,-0.03,0.0,1.0,0.0,0.01
39,1.299974637487607,51,0.059733449644249155,0.0,-0.027436677949303056,0.002563322050696943,0.007436677949303057,14.873355898606114,-0.0011551089522093773,0.0016902472230197233,8.924013539163669,0.025,0.0,-0.03,0.0,1.0,0.0,0.01
39,1.299974637487607,52,0.06063251407665979,0.0,-0.028300045637274993,0.0016999543627250063,0.008300045637274994,16.60009127454999,-0.0025164244233032255,0.0004841998137575378,9.960054764729993,0.025,0.0,-0.03,0.0,1.0,0.0,0.01
39,1.299974637487607,53,0.061530499347136655,0.0,-0.029164555409807665,0.0008354445901923337,0.009164555409807667,18.329110819615334,-0.0012848820036759666,0.001988539229219973,10.9974664917692,0.025,0.0,-0.03,0.0,1.0,0.0,0.01
39,1.299974637487607,54,0.06242769329250092,0.0,-0.03002986582808766,2.986582808766139e-05,0.009970134171912339,19.940268343824677,0.0028183988563370795,0.0006089666905963686,11.964161006294805,0.025,0.0,-0.03,0.0,1.0,0.0,0.01
39,1.299974637487607,55,0.0633244278856406,0.0,-0.030895675088442712,0.0008956750884427135,0.009104324911557287,18.208649823114573,0.0014231620417145495,0.0022802225945353196,10.925189893868744,0.025,0.0,-0.03,0.0,1.0,0.0,0.01
39,1.299974637487607,56,0.06422099068493922,0.0,-0.03176163725091915,0.00176163725091915,0.00823836274908085,16.476725498161702,0.003111375066471782,0.0007417168716868523,9.88603529889702,0.025,0.0,-0.03,0.0,1.0,0.0,0.01
39,1.299974637487607,57,0.06511771897683771,0.0,-0.03262745388492272,0.0026274538849227203,0.00737254611507728,14.74509223015456,0.0015707776327618537,0.0025643054010419247,8.847055338092735,0.025,0.0,-0.03,0.0,1.0,0.0,0.01
39,1.299974637487607,58,0.0660148963151202,0.0,-0.03349277586819591,0.0034927758681959145,0.006507224131804086,13.014448263608172,0.0033943617611007925,0.0008819216108860162,7.808668958164903,0.025,0.0,-0.03,0.0,1.0,0.0,0.01
39,1.299974637487607,59,0.06691286137993654,0.0,-0.034357309152618386,0.004357309152618387,0.005642690847381613,11.285381694763228,0.0017283268733770186,0.002839879217251829,6.771229016857936,0.025,0.0,-0.03,0.0,1.0,0.0,0.01
39,1.299974637487607,60,0.06781189004026154,0.0,-0.035220702823832814,0.005220702823832815,0.004779297176167185,9.55859435233437,0.0036666064275575343,0.0010289931592992803,5.7351566114006225,0.025,0.0,-0.03,0.0,1.0,0.0,0.01
39,1.299974637487607,61,0.06871231844470335,0.0,-0.03608266818316117,0.006082668183161173,0.003917331816838827,7.834663633677654,0.0018960841878748202,0.0031060135646482664,4.700798180206593,0.025,0.0,-0.03,0.0,1.0,0.0,0.01
39,1.299974637487607,62,0.06961441121303531,0.0,-0.036942854024762724,0.006942854024762725,0.0030571459752372753,6.11429195047455,0.003928489320249208,0.0011831784807994838,3.66857517028473,0.025,0.0,-0.03,0.0,1.0,0.0,0.01
39,1.299974637487607,63,0.07051849803943251,0.0,-0.03780097801977351,0.007800978019773509,0.002199021980226491,4.3980439604529815,0.0020653225679301266,0.0033535161874632935,2.6388263762717887,0.025,0.0,-0.03,0.0,1.0,0.0,0.01
39,1.299974637487607,64,0.07141222951937963,0.0,-0.038669753059286376,0.008669753059286377,0.0013302469407136235,2.660493881427247,0.004201831547791678,0.0013682759734830333,1.596296328856348,0.025,0.0,-0.03,0.0,1.0,0.0,0.01
39,1.299974637487607,65,0.07230587190751175,0.0,-0.03953865835242032,0.00953865835242032,0.00046134164757967965,0.9226832951593593,0.0022528005865408173,0.0036034613211456843,0.5536099770956155,0.025,0.0,-0.03,0.0,1.0,0.0,0.01
40,1.3333073205001098,0,0.0,0.0,-0.02,0.009999999999999998,1.734723475976807e-18,3.469446951953614e-15,0.0,0.0,2.0816681711721685e-15,0.025,0.0,-0.03,0.0,1.0,0.0,0.01
40,1.3333073205001098,40,0.04830619374750158,0.0,-0.02011778209115669,0.009882217908843308,0.00011778209115669187,0.23556418231338375,-0.0006306980174598878,0.00047148839423154785,0.14133850938803025,0.025,0.0,-0.03,0.0,1.0,0.0,0.01
40,1.3333073205001098,41,0.049415810934804474,0.0,-0.020686021011560533,0.009313978988439466,0.000686021011560534,1.372042023121068,-0.0008683232521494843,0.00019044481218563793,0.8232252138726407,0.025,0.0,-0.03,0.0,1.0,0.0,0.01
40,1.3333073205001098,42,0.050526096094571704,0.0,-0.021252938699164416,0.008747061300835583,0.0012529386991644176,2.505877398328835,-0.0007340632108924974,0.0006453296521040455,1.503526438997301,0.025,0.0,-0.03,0.0,1.0,0.0,0.01
40,1.3333073205001098,43,0.051637461710849895,0.0,-0.0218177410072382,0.008182258992761798,0.0018177410072382025,3.635482014476405,-0.0010692274399616676,0.00016670076061913214,2.181289208685843,0.025,0.0,-0.03,0.0,1.0,0.0,0.01
40,1.3333073205001098,44,0.05275029479697446,0.0,-0.022379626279421905,0.0076203737205780935,0.0023796262794219068,4.759252558843814,-0.0008345660976094676,0.0008266076921479586,2.8555515353062884,0.025,0.0,-0.03,0.0,1.0,0.0,0.01
40,1.3333073205001098,45,0.05386499283523093,0.0,-0.022937805247523948,0.007062194752476051,0.002937805247523949,5.875610495047899,-0.0012720952582712828,0.00013402428107982467,3.525366297028739,0.025,0.0,-0.03,0.0,1.0,0.0,0.01
40,1.3333073205001098,46,0.05498192158261122,0.0,-0.023491481867331916,0.006508518132668083,0.0034914818673319175,6.982963734663835,-0.0009232376971174734,0.0010089087248059685,4.189778240798301,0.025,0.0,-0.03,0.0,1.0,0.0,0.01
40,1.3333073205001098,47,0.05609952032862129,0.0,-0.024043429643616127,0.005956570356383872,0.004043429643616129,8.086859287232258,-0.0015616287524445247,0.00013612831403465674,4.852115572339355,0.025,0.0,-0.03,0.0,1.0,0.0,0.01
40,1.3333073205001098,48,0.057002642727399834,0.0,-0.024902551179588697,0.005097448820411302,0.004902551179588698,9.805102359177395,-0.0008695099581154323,0.001189766513405997,5.883061415506437,0.025,0.0,-0.03,0.0,1.0,0.0,0.01
40,1.3333073205001098,49,0.05790347000645968,0.0,-0.025764090536569133,0.004235909463430866,0.005764090536569134,11.528181073138269,-0.0019675358701789704,0.00022729580964383437,6.9169086438829614,0.025,0.0,-0.03,0.0,1.0,0.0,0.01
40,1.3333073205001098,50,0.05880228442457724,0.0,-0.026627720873613956,0.003372279126386043,0.006627720873613957,13.255441747227914,-0.00091498289957284,0.001530457800614423,7.953265048336748,0.025,0.0,-0.03,0.0,1.0,0.0,0.01
40,1.3333073205001098,51,0.05969939522864136,0.0,-0.02749313316251268,0.002506866837487319,0.007493133162512681,14.986266325025362,-0.002320207201063187,0.00026909302483130897,8.991759795015216,0.025,0.0,-0.03,0.0,1.0,0.0,0.01
40,1.3333073205001098,52,0.060595094454331935,0.0,-0.028359995614752692,0.0016400043852473067,0.008359995614752693,16.719991229505386,-0.0009660125534294081,0.0018770078156633162,10.031994737703231,0.025,0.0,-0.03,0.0,1.0,0.0,0.01
40,1.3333073205001098,53,0.061489701800222125,0.0,-0.029227997903736393,0.0007720020962636055,0.009227997903736395,18.45599580747279,-0.002671256526351543,0.00031325772966163856,11.073597484483672,0.025,0.0,-0.03,0.0,1.0,0.0,0.01
40,1.3333073205001098,54,0.06238351537230004,0.0,-0.03009680496355909,9.680496355909257e-05,0.009903195036440908,19.806390072881815,0.001019749824249798,0.0022227237362473576,11.883834043729088,0.025,0.0,-0.03,0.0,1.0,0.0,0.01
40,1.3333073205001098,55,0.0632768614406374,0.0,-0.030966106217185627,0.0009661062171856284,0.009033893782814372,18.067787565628745,0.003018507356119668,0.0003607438915480881,10.840672539377247,0.025,0.0,-0.03,0.0,1.0,0.0,0.01
40,1.3333073205001098,56,0.06417004055424337,0.0,-0.031835564713381434,0.0018355647133814351,0.008164435286618565,16.32887057323713,0.0010785842507199995,0.002565594487503522,9.797322343942277,0.025,0.0,-0.03,0.0,1.0,0.0,0.01
40,1.3333073205001098,57,0.06506338156982706,0.0,-0.03270487062080866,0.0027048706208086595,0.007295129379191341,14.590258758382681,0.0033592353467502938,0.0004122474313277677,8.754155255029609,0.025,0.0,-0.03,0.0,1.0,0.0,0.01
40,1.3333073205001098,58,0.06595718379478477,0.0,-0.0335736864585634,0.003573686458563402,0.006426313541436598,12.852627082873196,0.0011450320147064416,0.0029034704708480004,7.711576249723917,0.025,0.0,-0.03,0.0,1.0,0.0,0.01
40,1.3333073205001098,59,0.06685177466747988,0.0,-0.034441704113909996,0.004441704113909997,0.005558295886090003,11.116591772180007,0.003690656087356276,0.00046862817836891606,6.669955063308004,0.025,0.0,-0.03,0.0,1.0,0.0,0.01
40,1.3333073205001098,60,0.06774744856912794,0.0,-0.03530858693698046,0.0053085869369804625,0.004691413063019538,9.382826126039076,0.0012216228046279267,0.0032340307214042264,5.629695675623445,0.025,0.0,-0.03,0.0,1.0,0.0,0.01
40,1.3333073205001098,61,0.06864452755865383,0.0,-0.03617402953386214,0.0061740295338621395,0.0038259704661378607,7.651940932275721,0.004010105825098615,0.0005310220913379717,4.591164559365432,0.025,0.0,-0.03,0.0,1.0,0.0,0.01
40,1.3333073205001098,62,0.06954329746902192,0.0,-0.03703769748843228,0.007037697488432283,0.002962302511567717,5.924605023135434,0.0013095698222150697,0.003553600029679064,3.55476301388126,0.025,0.0,-0.03,0.0,1.0,0.0,0.01
40,1.3333073205001098,63,0.07044407110247294,0.0,-0.03789928922552117,0.007899289225521168,0.002100710774478832,4.201421548957664,0.004328265128190966,0.0006133864683027676,2.5208529293745983,0.025,0.0,-0.03,0.0,1.0,0.0,0.01
40,1.3333073205001098,64,0.07133423227293309,0.0,-0.038771733166478736,0.008771733166478737,0.0012282668335212629,2.4565336670425255,0.0013921043627243943,0.0038440123960948136,1.4739202002255152,0.025,0.0,-0.03,0.0,1.0,0.0,0.01
40,1.3333073205001098,65,0.07222429034798643,0.0,-0.03964429828340514,0.009644298283405142,0.00035570171659485804,0.7114034331897161,0.0046485203562463915,0.0007311111611750315,0.4268420599138297,0.025,0.0,-0.03,0.0,1.0,0.0,0.01
41,1.3666400035126125,0,0.0,0.0,-0.02,0.009999999999999998,1.734723475976807e-18,3.469446951953614e-15,0.0,0.0,2.0816681711721685e-15,0.025,0.0,-0.03,0.0,1.0,0.0,0.01
41,1.3666400035126125,40,0.04829540481474144,0.0,-0.020140252173457926,0.009859747826542073,0.00014025217345792727,0.2805043469158546,-0.0005225878910235276,0.0005610105239625342,0.16830260814951273,0.025,0.0,-0.03,0.0,1.0,0.0,0.01
41,1.3666400035126125,41,0.04940377067606183,0.0,-0.02071092184891313,0.009289078151086868,0.0007109218489131323,1.4218436978262645,-0.0008445166591068347,0.00010195106478642999,0.8531062186957586,0.025,0.0,-0.03,0.0,1.0,0.0,0.01
41,1.3666400035126125,42,0.05051281722033108,0.0,-0.021280273284137768,0.008719726715862231,0.001280273284137769,2.560546568275538,-0.0006664453773059894,0.0006280269505171615,1.5363279409653228,0.025,0.0,-0.03,0.0,1.0,0.0,0.01
41,1.3666400035126125,43,0.05162294225947927,0.0,-0.021847501674968628,0.008152498325031371,0.0018475016749686293,3.6950033499372585,-0.000979595172868264,0.00018186491221945452,2.217002009962355,0.025,0.0,-0.03,0.0,1.0,0.0,0.01
41,1.3666400035126125,44,0.052734555334788026,0.0,-0.02241181345130905,0.0075881865486909506,0.0024118134513090497,4.823626902618099,-0.0008137085849802863,0.0006881811510355004,2.8941761415708593,0.025,0.0,-0.03,0.0,1.0,0.0,0.01
41,1.3666400035126125,45,0.05384803559591863,0.0,-0.02297240694449257,0.007027593055507427,0.002972406944492573,5.944813888985146,-0.0011110423779760214,0.00026672943189045954,3.5668883333910872,0.025,0.0,-0.03,0.0,1.0,0.0,0.01
41,1.3666400035126125,46,0.05496377477956516,0.0,-0.023528495876872717,0.006471504123127282,0.003528495876872718,7.056991753745436,-0.0009591897155051235,0.0007388509915667036,4.234195052247261,0.025,0.0,-0.03,0.0,1.0,0.0,0.01
41,1.3666400035126125,47,0.05608017523370327,0.0,-0.024082847613868065,0.005917152386131934,0.004082847613868066,8.165695227736133,-0.0012704927605091537,0.0003716892201328648,4.89941713664168,0.025,0.0,-0.03,0.0,1.0,0.0,0.01
41,1.3666400035126125,48,0.05698022767842642,0.0,-0.024945197657095616,0.005054802342904383,0.004945197657095618,9.890395314191235,-0.001075274367565129,0.0008181350927570453,5.93423718851474,0.025,0.0,-0.03,0.0,1.0,0.0,0.01
41,1.3666400035126125,49,0.05787795251475218,0.0,-0.025809956873121025,0.0041900431268789735,0.005809956873121027,11.619913746242053,-0.0014845971144819667,0.0005718404662965748,6.971948247745232,0.025,0.0,-0.03,0.0,1.0,0.0,0.01
41,1.3666400035126125,50,0.05877366188144526,0.0,-0.026676822954502098,0.0033231770454979007,0.0066768229545020995,13.353645909004198,-0.0012576256965104924,0.0009951208964646744,8.012187545402519,0.025,0.0,-0.03,0.0,1.0,0.0,0.01
41,1.3666400035126125,51,0.059667637926244854,0.0,-0.027545457834998916,0.0024545421650010828,0.0075454578349989174,15.090915669997836,-0.0016701576917597706,0.0007551221365732116,9.0545494019987,0.025,0.0,-0.03,0.0,1.0,0.0,0.01
41,1.3666400035126125,52,0.06056020792866917,0.0,-0.02841556059002527,0.0015844394099747278,0.008415560590025272,16.831121180050545,-0.0014473426543627358,0.0011720636580012601,10.098672708030326,0.025,0.0,-0.03,0.0,1.0,0.0,0.01
41,1.3666400035126125,53,0.06145165894620373,0.0,-0.029286786163906117,0.0007132138360938824,0.009286786163906118,18.573572327812236,-0.0018511630099838385,0.0009434799202658571,11.144143396687342,0.025,0.0,-0.03,0.0,1.0,0.0,0.01
41,1.3666400035126125,54,0.06234232992505669,0.0,-0.03015883594435577,0.0001588359443557702,0.00984116405564423,19.68232811128846,0.0016414075159999117,0.0013461944153718081,11.809396866773076,0.025,0.0,-0.03,0.0,1.0,0.0,0.01
41,1.3666400035126125,55,0.06323250911053102,0.0,-0.031031359231192844,0.0010313592311928452,0.008968640768807155,17.93728153761431,0.002028179838553129,0.0011361593693335597,10.762368922568585,0.025,0.0,-0.03,0.0,1.0,0.0,0.01
41,1.3666400035126125,56,0.06412254321186615,0.0,-0.03190406079663375,0.001904060796633751,0.008095939203366249,16.1918784067325,0.0018392073704422336,0.0015173117918725705,9.7151270440395,0.025,0.0,-0.03,0.0,1.0,0.0,0.01
41,1.3666400035126125,57,0.06501271791185642,0.0,-0.03277658561738061,0.00277658561738061,0.00722341438261939,14.44682876523878,0.0022016496382687633,0.0013320159781021117,8.668097259143268,0.025,0.0,-0.03,0.0,1.0,0.0,0.01
41,1.3666400035126125,58,0.06590338368682123,0.0,-0.03364864281266111,0.0036486428126611126,0.006351357187338888,12.702714374677775,0.0020400044265928047,0.0016853256922041255,7.6216286248066645,0.025,0.0,-0.03,0.0,1.0,0.0,0.01
41,1.3666400035126125,59,0.06679481991825656,0.0,-0.034519874408869465,0.004519874408869466,0.005480125591130534,10.960251182261068,0.0023721537961953415,0.0015298211330266195,6.57615070935664,0.025,0.0,-0.03,0.0,1.0,0.0,0.01
41,1.3666400035126125,60,0.0676873768210509,0.0,-0.0353899947667677,0.0053899947667677,0.0046100052332323,9.2200104664646,0.0022429329252054535,0.0018502232547740847,5.53200627987876,0.025,0.0,-0.03,0.0,1.0,0.0,0.01
41,1.3666400035126125,61,0.06858132381547799,0.0,-0.0362586444331166,0.006258644433116599,0.0037413555668834014,7.482711133766803,0.0025404026905858344,0.0017283082931564351,4.4896266802600815,0.025,0.0,-0.03,0.0,1.0,0.0,0.01
41,1.3666400035126125,62,0.06947700684528624,0.0,-0.03712554388852998,0.007125543888529984,0.0028744561114700164,5.7489122229400325,0.0024468879733826636,0.002011920810135476,3.4493473337640195,0.025,0.0,-0.03,0.0,1.0,0.0,0.01
41,1.3666400035126125,63,0.07037468191770992,0.0,-0.03799033374662122,0.007990333746621218,0.0020096662533787817,4.019332506757563,0.002707875904244839,0.0019268498697238108,2.411599504054538,0.025,0.0,-0.03,0.0,1.0,0.0,0.01
41,1.3666400035126125,64,0.07126152471185561,0.0,-0.03886618182172204,0.008866181821722038,0.0011338181782779618,2.2676363565559234,0.0026550820673150646,0.0021774672254706758,1.360581813933554,0.025,0.0,-0.03,0.0,1.0,0.0,0.01
41,1.3666400035126125,65,0.07214823035741331,0.0,-0.03974212179072794,0.009742121790727941,0.00025787820927205933,0.5157564185441187,0.0028851435816302645,0.0021399044068834915,0.3094538511264712,0.025,0.0,-0.03,0.0,1.0,0.0,0.01
42,1.3999726865251152,0,0.0,0.0,-0.02,0.009999999999999998,1.734723475976807e-18,3.469446951953614e-15,0.0,0.0,2.0816681711721685e-15,0.025,0.0,-0.03,0.0,1.0,0.0,0.01
42,1.3999726865251152,40,0.04828534557092057,0.0,-0.02016108992280221,0.00983891007719779,0.00016108992280221106,0.32217984560442214,-0.0007694215661295719,3.620242874558071e-05,0.19330790736265327,0.025,0.0,-0.03,0.0,1.0,0.0,0.01
42,1.3999726865251152,41,0.04939254957800388,0.0,-0.020734015941071653,0.009265984058928346,0.000734015941071654,1.4680318821433078,-0.00047965922278161917,0.0006918855655844791,0.8808191292859847,0.025,0.0,-0.03,0.0,1.0,0.0,0.01
42,1.3999726865251152,42,0.05050043613298931,0.0,-0.021305621484285265,0.008694378515714734,0.0013056214842852663,2.6112429685705325,-0.0009393844464974712,4.9028723361696665e-05,1.5667457811423195,0.025,0.0,-0.03,0.0,1.0,0.0,0.01
42,1.3999726865251152,43,0.051609411083115925,0.0,-0.021875102800988453,0.008124897199011546,0.0018751028009884544,3.750205601976909,-0.0005701149560458621,0.0008408398141996541,2.2501233611861453,0.025,0.0,-0.03,0.0,1.0,0.0,0.01
42,1.3999726865251152,44,0.05271987964801663,0.0,-0.022441661140547593,0.007558338859452406,0.002441661140547594,4.883322281095188,-0.0011089199297804478,6.65940707504673e-05,2.9299933686571125,0.025,0.0,-0.03,0.0,1.0,0.0,0.01
42,1.3999726865251152,45,0.05383223290614421,0.0,-0.023004497809125748,0.006995502190874251,0.003004497809125749,6.0089956182514985,-0.0006595867747675204,0.0009919700452085036,3.605397370950899,0.025,0.0,-0.03,0.0,1.0,0.0,0.01
42,1.3999726865251152,46,0.05494685404060634,0.0,-0.023562819230198984,0.006437180769801015,0.003562819230198985,7.12563846039797,-0.0012892747071745817,8.295508417533389e-05,4.275383076238782,0.025,0.0,-0.03,0.0,1.0,0.0,0.01
42,1.3999726865251152,47,0.056062147077286115,0.0,-0.02411940629754728,0.0058805937024527175,0.004119406297547283,8.238812595094565,-0.0006447864061701582,0.0010921526085643956,4.943287557056739,0.025,0.0,-0.03,0.0,1.0,0.0,0.01
42,1.3999726865251152,48,0.05695932940035351,0.0,-0.024984735350318414,0.005015264649681585,0.0049847353503184155,9.969470700636831,-0.0016874524420508246,2.4796247245739196e-05,5.981682420382099,0.025,0.0,-0.03,0.0,1.0,0.0,0.01
42,1.3999726865251152,49,0.05785417460297107,0.0,-0.025852483870160717,0.004147516129839282,0.005852483870160718,11.704967740321436,-0.0006053716518142784,0.0013332306574962106,7.022980644192861,0.025,0.0,-0.03,0.0,1.0,0.0,0.01
42,1.3999726865251152,50,0.05874697899996449,0.0,-0.02672233207991708,0.0032776679200829176,0.006722332079917083,13.444664159834165,-0.0020080031903743694,5.841354778518582e-05,8.066798495900498,0.025,0.0,-0.03,0.0,1.0,0.0,0.01
42,1.3999726865251152,51,0.05963804805943609,0.0,-0.027593961476056608,0.0024060385239433914,0.007593961476056609,15.187922952113217,-0.000636736696861547,0.0016399024964973302,9.11275377126793,0.025,0.0,-0.03,0.0,1.0,0.0,0.01
42,1.3999726865251152,52,0.06052768785182819,0.0,-0.02846704770487867,0.0015329522951213273,0.008467047704878673,16.934095409757347,-0.002319426482214186,8.991144336741377e-05,10.160457245854408,0.025,0.0,-0.03,0.0,1.0,0.0,0.01
42,1.3999726865251152,53,0.06141621454421947,0.0,-0.02934127105815068,0.0006587289418493181,0.009341271058150682,18.682542116301363,-0.0006724008960230469,0.0019451812376480016,11.209525269780817,0.025,0.0,-0.03,0.0,1.0,0.0,0.01
42,1.3999726865251152,54,0.06230394018416101,0.0,-0.030216303798664097,0.00021630379866409769,0.009783696201335903,19.567392402671803,0.0026263324494826272,0.00012590812081390227,11.740435441603081,0.025,0.0,-0.03,0.0,1.0,0.0,0.01
42,1.3999726865251152,55,0.06319118788810685,0.0,-0.03109182628758895,0.0010918262875889498,0.00890817371241105,17.8163474248221,0.0007136553357780028,0.002247087626688729,10.68980845489326,0.025,0.0,-0.03,0.0,1.0,0.0,0.01
42,1.3999726865251152,56,0.0640782717960996,0.0,-0.03196750854558403,0.001967508545584029,0.008032491454415971,16.064982908831944,0.002926616846746176,0.00016671925697123448,9.638989745299165,0.025,0.0,-0.03,0.0,1.0,0.0,0.01
42,1.3999726865251152,57,0.06496551811998351,0.0,-0.03284303217901523,0.0028430321790152285,0.007156967820984772,14.313935641969543,0.000762473984254384,0.002544093400243019,8.588361385181726,0.025,0.0,-0.03,0.0,1.0,0.0,0.01
42,1.3999726865251152,58,0.0658532391715876,0.0,-0.03371806609781766,0.0037180660978176627,0.0062819339021823375,12.563867804364675,0.003218083861822839,0.00021275396684834562,7.538320682618805,0.025,0.0,-0.03,0.0,1.0,0.0,0.01
42,1.3999726865251152,59,0.06674176035743079,0.0,-0.034592294275809614,0.004592294275809615,0.005407705724190385,10.81541144838077,0.0008208564702491903,0.0028345226464906634,6.489246869028462,0.025,0.0,-0.03,0.0,1.0,0.0,0.01
42,1.3999726865251152,60,0.06763138826954233,0.0,-0.03546538568227412,0.005465385682274122,0.004534614317725878,9.069228635451756,0.003498549398093664,0.0002645866918315766,5.441537181271054,0.025,0.0,-0.03,0.0,1.0,0.0,0.01
42,1.3999726865251152,61,0.0685224436218252,0.0,-0.036337027772081164,0.006337027772081165,0.0036629722279188353,7.3259444558376705,0.0008906486095771844,0.0031164337649790923,4.395566673502602,0.025,0.0,-0.03,0.0,1.0,0.0,0.01
42,1.3999726865251152,62,0.06941522348965189,0.0,-0.037206890829132255,0.007206890829132256,0.0027931091708677438,5.586218341735488,0.0037671936741180702,0.00032422727113855455,3.3517310050412923,0.025,0.0,-0.03,0.0,1.0,0.0,0.01
42,1.3999726865251152,63,0.0703100400651235,0.0,-0.03807466695441984,0.008074666954419843,0.0019253330455801573,3.8506660911603143,0.0009602966294839,0.0033748723381180883,2.3103996546961887,0.025,0.0,-0.03,0.0,1.0,0.0,0.01
42,1.3999726865251152,64,0.07119376145653392,0.0,-0.03895363580000406,0.008953635800004064,0.0010463641999959358,2.0927283999918713,0.004051402085818878,0.0004241109117561952,1.2556370399951227,0.025,0.0,-0.03,0.0,1.0,0.0,0.01
42,1.3999726865251152,65,0.07207737268829971,0.0,-0.03983272698415723,0.009832726984157228,0.0001672730158427723,0.33454603168554464,0.0010473574716502075,0.0036273655367078037,0.20072761901132677,0.025,0.0,-0.03,0.0,1.0,0.0,0.01
43,1.433305369537618,0,0.0,0.0,-0.02,0.009999999999999998,1.734723475976807e-18,3.469446951953614e-15,0.0,0.0,2.0816681711721685e-15,0.025,0.0,-0.03,0.0,1.0,0.0,0.01
43,1.433305369537618,40,0.04827597142108098,0.0,-0.02018041226088868,0.009819587739111318,0.00018041226088868177,0.36082452177736357,-0.0005538301616025026,0.0002794053279205241,0.21649471306641813,0.025,0.0,-0.03,0.0,1.0,0.0,0.01
43,1.433305369537618,41,0.04938209601997267,0.0,-0.020755432001618952,0.009244567998381047,0.0007554320016189536,1.510864003237907,-0.0006377194374359375,0.00026541621882142895,0.9065184019427441,0.025,0.0,-0.03,0.0,1.0,0.0,0.01
43,1.433305369537618,42,0.050488899078231356,0.0,-0.02132912621656344,0.008670873783436558,0.0013291262165634424,2.658252433126885,-0.0006441235833954549,0.0004017418088419968,1.594951459876131,0.025,0.0,-0.03,0.0,1.0,0.0,0.01
43,1.433305369537618,43,0.05159680482073619,0.0,-0.021900697741740995,0.008099302258259004,0.0019006977417409966,3.801395483481993,-0.0007900036373399002,0.00026521016232435897,2.280837290089196,0.025,0.0,-0.03,0.0,1.0,0.0,0.01
43,1.433305369537618,44,0.052706205080526466,0.0,-0.02246933821973528,0.007530661780264718,0.002469338219735282,4.938676439470564,-0.0007321670804010409,0.0005288139078316278,2.9632058636823384,0.025,0.0,-0.03,0.0,1.0,0.0,0.01
43,1.433305369537618,45,0.053817509741757134,0.0,-0.02303425567604723,0.00696574432395277,0.00303425567604723,6.06851135209446,-0.0009435682496055235,0.00025890095081706305,3.641106811256676,0.025,0.0,-0.03,0.0,1.0,0.0,0.01
43,1.433305369537618,46,0.05493108810629549,0.0,-0.023594646718498327,0.006405353281501672,0.0035946467184983285,7.189293436996657,-0.0008141154795670095,0.0006571767367116966,4.313576062197994,0.025,0.0,-0.03,0.0,1.0,0.0,0.01
43,1.433305369537618,47,0.05604534978176317,0.0,-0.024153306867585347,0.005846693132414652,0.004153306867585348,8.306613735170696,-0.0011395575017427316,0.00026837067859723454,4.983968241102418,0.025,0.0,-0.03,0.0,1.0,0.0,0.01
43,1.433305369537618,48,0.05693985926499232,0.0,-0.025021392453659586,0.004978607546340413,0.005021392453659587,10.042784907319174,-0.0008314929482153696,0.0008024229444465731,6.025670944391504,0.025,0.0,-0.03,0.0,1.0,0.0,0.01
43,1.433305369537618,49,0.057832022352795026,0.0,-0.02589190657531942,0.004108093424680579,0.005891906575319421,11.783813150638842,-0.0014113166600796209,0.0003607451531013537,7.070287890383305,0.025,0.0,-0.03,0.0,1.0,0.0,0.01
43,1.433305369537618,50,0.058722122395532296,0.0,-0.026764514838534224,0.0032354851614657745,0.006764514838534226,13.52902967706845,-0.0009011451415219361,0.0010435122604356814,8.11741780624107,0.025,0.0,-0.03,0.0,1.0,0.0,0.01
43,1.433305369537618,51,0.05961048300379562,0.0,-0.027638913693963263,0.002361086306036736,0.007638913693963264,15.277827387926529,-0.001658796464031929,0.0004302740911781513,9.166696432755916,0.025,0.0,-0.03,0.0,1.0,0.0,0.01
43,1.433305369537618,52,0.06049739587466581,0.0,-0.028514761990750488,0.0014852380092495107,0.00851476199075049,17.02952398150098,-0.0009730389318108138,0.0012878071995095716,10.217714388900587,0.025,0.0,-0.03,0.0,1.0,0.0,0.01
43,1.433305369537618,53,0.061383197063305195,0.0,-0.02939175684346028,0.00060824315653972,0.00939175684346028,18.78351368692056,-0.00190564490304846,0.0005015160631156589,11.270108212152335,0.025,0.0,-0.03,0.0,1.0,0.0,0.01
43,1.433305369537618,54,0.062268182656446354,0.0,-0.030269552027625414,0.00026955202762541514,0.009730447972374585,19.46089594474917,0.00104636019662103,0.001531905365081208,11.6765375668495,0.025,0.0,-0.03,0.0,1.0,0.0,0.01
43,1.433305369537618,55,0.06315269725294069,0.0,-0.031147846365813105,0.0011478463658131065,0.008852153634186894,17.70430726837379,0.0021503929138668417,0.0005748204210358854,10.622584361024273,0.025,0.0,-0.03,0.0,1.0,0.0,0.01
43,1.433305369537618,56,0.06403703756990796,0.0,-0.03202628988153596,0.002026289881535963,0.007973710118464037,15.947420236928075,0.0011225550296645418,0.001774457179637147,9.568452142156845,0.025,0.0,-0.03,0.0,1.0,0.0,0.01
43,1.433305369537618,57,0.06492155271818204,0.0,-0.032904584072946004,0.002904584072946005,0.007095415927053995,14.19083185410799,0.0023913827708734936,0.0006504624621624856,8.514499112464794,0.025,0.0,-0.03,0.0,1.0,0.0,0.01
43,1.433305369537618,58,0.0658065362470671,0.0,-0.03378237652829861,0.00378237652829861,0.00621762347170139,12.43524694340278,0.0012031122883582347,0.0020140450721573347,7.461148166041667,0.025,0.0,-0.03,0.0,1.0,0.0,0.01
43,1.433305369537618,59,0.06669233770602344,0.0,-0.034659372327502644,0.004659372327502645,0.005340627672497355,10.68125534499471,0.0026269432745246505,0.0007287896692223286,6.408753206996826,0.025,0.0,-0.03,0.0,1.0,0.0,0.01
43,1.433305369537618,60,0.06757924370272,0.0,-0.035535217985786245,0.005535217985786246,0.004464782014213754,8.929564028427508,0.0012895086313339638,0.002249176025271137,5.357738417056505,0.025,0.0,-0.03,0.0,1.0,0.0,0.01
43,1.433305369537618,61,0.06846760016922868,0.0,-0.03640962305755023,0.006409623057550232,0.0035903769424497686,7.180753884899537,0.0028554802039608266,0.0008102791571975743,4.308452330939722,0.025,0.0,-0.03,0.0,1.0,0.0,0.01
43,1.433305369537618,62,0.069357683093533,0.0,-0.037282234433749076,0.007282234433749077,0.0027177655662509233,5.435531132501847,0.0013825004065586488,0.0024776416793737843,3.261318679501108,0.025,0.0,-0.03,0.0,1.0,0.0,0.01
43,1.433305369537618,63,0.07024983075821505,0.0,-0.03815276712298093,0.00815276712298093,0.001847232877019071,3.694465754038142,0.0030829763943319858,0.0009028042317865343,2.216679452422885,0.025,0.0,-0.03,0.0,1.0,0.0,0.01
43,1.433305369537618,64,0.07113065199941733,0.0,-0.03903463016043663,0.009034630160436631,0.0009653698395633691,1.9307396791267382,0.0014736962832723203,0.0026907359470748817,1.1584438074760428,0.025,0.0,-0.03,0.0,1.0,0.0,0.01
43,1.433305369537618,65,0.07201137312131367,0.0,-0.03991662919396514,0.009916629193965139,8.33708060348614e-05,0.1667416120697228,0.0033138213151446107,0.0010192541550931246,0.10004496724183368,0.025,0.0,-0.03,0.0,1.0,0.0,0.01
44,1.4666380525501208,0,0.0,0.0,-0.02,0.009999999999999998,1.734723475976807e-18,3.469446951953614e-15,0.0,0.0,2.0816681711721685e-15,0.025,0.0,-0.03,0.0,1.0,0.0,0.01
44,1.4666380525501208,40,0.04826724490951834,0.0,-0.020198330625774506,0.009801669374225493,0.0001983306257745069,0.39666125154901377,-0.000312782886019317,0.0006492801487175242,0.23799675092940825,0.025,0.0,-0.03,0.0,1.0,0.0,0.01
44,1.4666380525501208,41,0.04937235629624081,0.0,-0.020775287477887112,0.009224712522112887,0.0007752874778871131,1.550574955774226,-0.0007861667692039857,0.00013123322319944517,0.9303449734645356,0.025,0.0,-0.03,0.0,1.0,0.0,0.01
44,1.4666380525501208,42,0.050478158808899914,0.0,-0.021350922569723384,0.008649077430276614,0.0013509225697233857,2.7018451394467715,-0.0004094055169025236,0.000739919090012201,1.6211070836680628,0.025,0.0,-0.03,0.0,1.0,0.0,0.01
44,1.4666380525501208,43,0.05158505974461577,0.0,-0.02192442746250135,0.00807557253749865,0.0019244274625013508,3.8488549250027018,-0.000912114615381674,0.00010470617907724615,2.309312955001621,0.025,0.0,-0.03,0.0,1.0,0.0,0.01
44,1.4666380525501208,44,0.05269347465012449,0.0,-0.02249500329695945,0.007504996703040549,0.002495003296959451,4.990006593918902,-0.0005083309062808169,0.0008282201872143349,2.994003956351341,0.025,0.0,-0.03,0.0,1.0,0.0,0.01
44,1.4666380525501208,45,0.05380379260721767,0.0,-0.0230618449578366,0.006938155042163399,0.003061844957836601,6.123689915673202,-0.0010359998634315677,7.713302395871746e-05,3.6742139494039208,0.025,0.0,-0.03,0.0,1.0,0.0,0.01
44,1.4666380525501208,46,0.054916410360175666,0.0,-0.023624160386261604,0.006375839613738395,0.0036241603862616056,7.248320772523211,-0.0005989066691208744,0.0009086396635238798,4.348992463513927,0.025,0.0,-0.03,0.0,1.0,0.0,0.01
44,1.4666380525501208,47,0.05602970084401673,0.0,-0.02418473614239455,0.0058152638576054495,0.004184736142394551,8.3694722847891,-0.001239899077795565,7.092139898370188e-06,5.02168337087346,0.025,0.0,-0.03,0.0,1.0,0.0,0.01
44,1.4666380525501208,48,0.05692173262365329,0.0,-0.02505538119075202,0.004944618809247979,0.005055381190752021,10.110762381504042,-0.0005566730587729395,0.0009725067547588853,6.066457428902425,0.025,0.0,-0.03,0.0,1.0,0.0,0.01
44,1.4666380525501208,49,0.05781138818375958,0.0,-0.02592844408827757,0.004071555911722428,0.0059284440882775725,11.856888176555145,-0.0015247090651674317,0.00011633605654388477,7.114132905933087,0.025,0.0,-0.03,0.0,1.0,0.0,0.01
44,1.4666380525501208,50,0.05869898258627701,0.0,-0.026803617767285202,0.0031963822327147964,0.006803617767285204,13.607235534570407,-0.0006203142049422156,0.00118719649317912,8.164341320742244,0.025,0.0,-0.03,0.0,1.0,0.0,0.01
44,1.4666380525501208,51,0.05958480922387023,0.0,-0.027680566718291704,0.002319433281708295,0.007680566718291705,15.36113343658341,-0.0017491786273663044,0.00018913416548735346,9.216680061950045,0.025,0.0,-0.03,0.0,1.0,0.0,0.01
44,1.4666380525501208,52,0.06046919744337568,0.0,-0.028558984241806175,0.001441015758193824,0.008558984241806176,17.11796848361235,-0.0006936365950676953,0.0014053434788782145,10.27078109016741,0.025,0.0,-0.03,0.0,1.0,0.0,0.01
44,1.4666380525501208,53,0.061352446873008136,0.0,-0.02943852902372277,0.0005614709762772306,0.00943852902372277,18.87705804744554,-0.0019690460910742956,0.00026598777971963237,11.326234828467324,0.025,0.0,-0.03,0.0,1.0,0.0,0.01
44,1.4666380525501208,54,0.06223489750394493,0.0,-0.030318895654739414,0.00031889565473941506,0.009681104345260585,19.36220869052117,0.0007715813001518456,0.00162075070400417,11.617325214312702,0.025,0.0,-0.03,0.0,1.0,0.0,0.01
44,1.4666380525501208,55,0.0631168514346131,0.0,-0.03119973834490399,0.0011997383449039896,0.00880026165509601,17.60052331019202,0.002184019991216174,0.0003470507098275799,10.560313986115212,0.025,0.0,-0.03,0.0,1.0,0.0,0.01
44,1.4666380525501208,56,0.0639986552945954,0.0,-0.03208075399098396,0.0020807539909839592,0.007919246009016041,15.838492018032081,0.0008547999971623583,0.0018327266920470913,9.503095210819248,0.025,0.0,-0.03,0.0,1.0,0.0,0.01
44,1.4666380525501208,57,0.06488060984017816,0.0,-0.03296159361666091,0.0029615936166609083,0.007038406383339092,14.076812766678184,0.0023932368183835068,0.0004319832291521828,8.44608766000691,0.025,0.0,-0.03,0.0,1.0,0.0,0.01
44,1.4666380525501208,58,0.06576306425423173,0.0,-0.03384195734968725,0.0038419573496872514,0.006158042650312749,12.316085300625497,0.0009439930671156137,0.0020405408173042247,7.389651180375298,0.025,0.0,-0.03,0.0,1.0,0.0,0.01
44,1.4666380525501208,59,0.06664631413521994,0.0,-0.03472149434457091,0.004721494344570913,0.005278505655429087,10.557011310858174,0.002595837824506112,0.0005205324508896024,6.334206786514904,0.025,0.0,-0.03,0.0,1.0,0.0,0.01
44,1.4666380525501208,60,0.06753070711791372,0.0,-0.03559990884168195,0.005599908841681954,0.004400091158318046,8.800182316636093,0.0010398400837533669,0.00224336439698295,5.280109389981655,0.025,0.0,-0.03,0.0,1.0,0.0,0.01
44,1.4666380525501208,61,0.06841652988894203,0.0,-0.03647684951738518,0.006476849517385183,0.003523150482614817,7.0463009652296344,0.0027910681039072663,0.0006126313866783318,4.2277805791377805,0.025,0.0,-0.03,0.0,1.0,0.0,0.01
44,1.4666380525501208,62,0.0693041244739247,0.0,-0.037352025617434996,0.007352025617434997,0.002647974382565003,5.295948765130007,0.0011421347769342892,0.002439440567048386,3.177569259078004,0.025,0.0,-0.03,0.0,1.0,0.0,0.01
44,1.4666380525501208,63,0.07019376506779007,0.0,-0.038225086799671695,0.008225086799671696,0.0017749132003283038,3.5498264006566074,0.0029864142828920953,0.0007163584544745867,2.1298958403939645,0.025,0.0,-0.03,0.0,1.0,0.0,0.01
44,1.4666380525501208,64,0.0710719091513978,0.0,-0.039109650542494274,0.009109650542494276,0.0008903494575057246,1.7806989150114492,0.0012405749663050407,0.002619312923978905,1.0684193490068694,0.025,0.0,-0.03,0.0,1.0,0.0,0.01
44,1.4666380525501208,65,0.07194991578345351,0.0,-0.03999431631673401,0.00999431631673401,5.683683265990044e-06,0.011367366531980089,0.003185364664238457,0.0008422507817454507,0.006820419919188053,0.025,0.0,-0.03,0.0,1.0,0.0,0.01
45,1.4999707355626235,0,0.0,0.0,-0.02,0.009999999999999998,1.734723475976807e-18,3.469446951953614e-15,0.0,0.0,2.0816681711721685e-15,0.025,0.0,-0.03,0.0,1.0,0.0,0.01
45,1.4999707355626235,40,0.04825911952773891,0.0,-0.020214943149195384,0.009785056850804615,0.00021494314919538564,0.4298862983907713,-0.0006736218624440037,0.00013880334081163025,0.2579317790344628,0.025,0.0,-0.03,0.0,1.0,0.0,0.01
45,1.4999707355626235,41,0.049363290982924045,0.0,-0.020793697542036346,0.009206302457963653,0.0007936975420363476,1.5873950840726951,-0.00031867058575407026,0.0006740478095970814,0.952437050443617,0.025,0.0,-0.03,0.0,1.0,0.0,0.01
45,1.4999707355626235,42,0.05046815811582685,0.0,-0.021371129989435866,0.008628870010564133,0.001371129989435867,2.742259978871734,-0.0008153053737933423,0.0001602680480879265,1.6453559873230403,0.025,0.0,-0.03,0.0,1.0,0.0,0.01
45,1.4999707355626235,43,0.05157412828668677,0.0,-0.021946429658546995,0.008053570341453004,0.001946429658546996,3.892859317093992,-0.0003855118934694248,0.0008039618676021738,2.3357155902563953,0.025,0.0,-0.03,0.0,1.0,0.0,0.01
45,1.4999707355626235,44,0.0526816205364576,0.0,-0.022518797082556424,0.007481202917443575,0.002518797082556425,5.03759416511285,-0.0009546420818269415,0.00018263967707755668,3.02255649906771,0.025,0.0,-0.03,0.0,1.0,0.0,0.01
45,1.4999707355626235,45,0.05379102597924741,0.0,-0.02308742576004723,0.006912574239952767,0.003087425760047233,6.1748515200944665,-0.0004534732947681529,0.0009325793575047675,3.70491091205668,0.025,0.0,-0.03,0.0,1.0,0.0,0.01
45,1.4999707355626235,46,0.0549027426616174,0.0,-0.023651521900969117,0.006348478099030882,0.0036515219009691183,7.303043801938236,-0.0011032002255154053,0.0001996719951250937,4.381826281162942,0.025,0.0,-0.03,0.0,1.0,0.0,0.01
45,1.4999707355626235,47,0.05601513614589899,0.0,-0.02421387817040886,0.0057861218295911405,0.00421387817040886,8.42775634081772,-0.0004160047342603267,0.0010045824010468775,5.056653804490631,0.025,0.0,-0.03,0.0,1.0,0.0,0.01
45,1.4999707355626235,48,0.056904854966159206,0.0,-0.025086885629566777,0.004913114370433222,0.005086885629566778,10.173771259133556,-0.0014687733529146923,9.62066057430391e-05,6.104262755480133,0.025,0.0,-0.03,0.0,1.0,0.0,0.01
45,1.4999707355626235,49,0.05779218519084387,0.0,-0.025962314820142725,0.004037685179857274,0.005962314820142726,11.924629640285453,-0.0003461211129873041,0.0011987143506051203,7.154777784171271,0.025,0.0,-0.03,0.0,1.0,0.0,0.01
45,1.4999707355626235,50,0.05867743903264434,0.0,-0.026839853730410757,0.0031601462695892424,0.006839853730410758,13.679707460821515,-0.001744221212966936,8.262695234986522e-05,8.207824476492908,0.025,0.0,-0.03,0.0,1.0,0.0,0.01
45,1.4999707355626235,51,0.05956091778207077,0.0,-0.027719172241141357,0.0022808277588586418,0.0077191722411413585,15.438344482282718,-0.0003525787851878171,0.0014592768922586262,9.26300668936963,0.025,0.0,-0.03,0.0,1.0,0.0,0.01
45,1.4999707355626235,52,0.06044294572459434,0.0,-0.02859995636648993,0.0014000436335100674,0.008599956366489933,17.199912732979865,-0.0020075509026450697,6.908214417679754e-05,10.319947639787918,0.025,0.0,-0.03,0.0,1.0,0.0,0.01
45,1.4999707355626235,53,0.06132383275330364,0.0,-0.029481872538898453,0.000518127461101546,0.009481872538898454,18.963745077796908,-0.0003659977820903268,0.0017156616915530026,11.378247046678144,0.025,0.0,-0.03,0.0,1.0,0.0,0.01
45,1.4999707355626235,54,0.0622039115355481,0.0,-0.030364605768424865,0.0003646057684248659,0.009635394231575134,19.270788463150268,0.0022637523025957882,4.8805425415017074e-05,11.56247307789016,0.025,0.0,-0.03,0.0,1.0,0.0,0.01
45,1.4999707355626235,55,0.06308349674767218,0.0,-0.031247820325826802,0.0012478203258268032,0.008752179674173197,17.504359348346394,0.0003874073287083497,0.001966278332717298,10.502615609007837,0.025,0.0,-0.03,0.0,1.0,0.0,0.01
45,1.4999707355626235,56,0.06396292545637082,0.0,-0.032131201273038264,0.002131201273038265,0.007868798726961735,15.73759745392347,0.0025111380732254734,2.169055395062917e-05,9.442558472354081,0.025,0.0,-0.03,0.0,1.0,0.0,0.01
45,1.4999707355626235,57,0.06484251322831681,0.0,-0.033014411922682896,0.003014411922682897,0.006985588077317103,13.971176154634206,0.000418336100954899,0.002210093756876864,8.382705692780522,0.025,0.0,-0.03,0.0,1.0,0.0,0.01
45,1.4999707355626235,58,0.06572259749187878,0.0,-0.03389713839779232,0.0038971383977923213,0.006102861602207679,12.205723204415358,0.002748084162348366,1.2354158875782e-05,7.3234339226492144,0.025,0.0,-0.03,0.0,1.0,0.0,0.01
45,1.4999707355626235,59,0.06660349078330978,0.0,-0.03477904423999671,0.004779044239996713,0.005220955760003287,10.441911520006574,0.0004601982089623499,0.0024460345030229654,6.265146912003944,0.025,0.0,-0.03,0.0,1.0,0.0,0.01
45,1.4999707355626235,60,0.06748552686323168,0.0,-0.03565981764243196,0.005659817642431959,0.004340182357568041,8.680364715136081,0.0029731034290714034,5.348288096902691e-05,5.208218829081648,0.025,0.0,-0.03,0.0,1.0,0.0,0.01
45,1.4999707355626235,61,0.06836901135392905,0.0,-0.03653912359538429,0.006539123595384291,0.003460876404615709,6.921752809231418,0.0005141611363124864,0.0026728694048902815,4.15305168553885,0.025,0.0,-0.03,0.0,1.0,0.0,0.01
45,1.4999707355626235,62,0.06925427038607995,0.0,-0.037416653421358546,0.0074166534213585475,0.0025833465786414527,5.166693157282905,0.0031860431804957524,0.00010309633767411656,3.100015894369743,0.025,0.0,-0.03,0.0,1.0,0.0,0.01
45,1.4999707355626235,63,0.07014159890685812,0.0,-0.0382920748377878,0.008292074837787801,0.0017079251622121993,3.4158503244243987,0.0005687473688417134,0.002877022199268626,2.0495101946546392,0.025,0.0,-0.03,0.0,1.0,0.0,0.01
45,1.4999707355626235,64,0.07101722998707029,0.0,-0.03917911630156454,0.009179116301564538,0.0008208836984354619,1.6417673968709239,0.003412587893195007,0.0001905604444506167,0.9850604381225543,0.025,0.0,-0.03,0.0,1.0,0.0,0.01
46,1.5333034185751262,0,0.0,0.0,-0.02,0.009999999999999998,1.734723475976807e-18,3.469446951953614e-15,0.0,0.0,2.0816681711721685e-15,0.025,0.0,-0.03,0.0,1.0,0.0,0.01
46,1.5333034185751262,40,0.04825155469170729,0.0,-0.02023034283579798,0.009769657164202018,0.0002303428357979826,0.4606856715959652,-0.0005312262050280127,5.227050067209892e-05,0.2764114029575791,0.025,0.0,-0.03,0.0,1.0,0.0,0.01
46,1.5333034185751262,41,0.04935485827019975,0.0,-0.020810767114353725,0.009189232885646274,0.0008107671143537266,1.6215342287074532,-0.00041100151321862876,0.00040213767207156344,0.9729205372244719,0.025,0.0,-0.03,0.0,1.0,0.0,0.01
46,1.5333034185751262,42,0.050458848123354466,0.0,-0.02138986222405751,0.008610137775942488,0.0013898622240575125,2.779724448115025,-0.0006178619849122425,0.00012030856188364608,1.6678346688690149,0.025,0.0,-0.03,0.0,1.0,0.0,0.01
46,1.5333034185751262,43,0.05156395900713102,0.0,-0.02196682925314229,0.00803317074685771,0.00196682925314229,3.93365850628458,-0.0005176776706202376,0.00043345760674128736,2.360195103770748,0.025,0.0,-0.03,0.0,1.0,0.0,0.01
46,1.5333034185751262,44,0.052670585763627584,0.0,-0.022540854043659696,0.0074591459563403024,0.0025408540436596978,5.081708087319395,-0.0007026094288222672,0.0001904038124057416,3.049024852391637,0.025,0.0,-0.03,0.0,1.0,0.0,0.01
46,1.5333034185751262,45,0.05377914887250151,0.0,-0.023111142885234998,0.006888857114765001,0.003111142885234999,6.222285770469997,-0.0006250763476171185,0.00046136266784865343,3.7333714622819985,0.025,0.0,-0.03,0.0,1.0,0.0,0.01
46,1.5333034185751262,46,0.0548900202005086,0.0,-0.02367688635580393,0.00632311364419607,0.0036768863558039305,7.353772711607861,-0.0007880620442509461,0.00026279927410882703,4.412263626964716,0.025,0.0,-0.03,0.0,1.0,0.0,0.01
46,1.5333034185751262,47,0.05600158537122405,0.0,-0.024240897317438902,0.0057591026825610965,0.004240897317438904,8.481794634877808,-0.0007187665323006862,0.00047908087303206916,5.089076780926685,0.025,0.0,-0.03,0.0,1.0,0.0,0.01
46,1.5333034185751262,48,0.05688914664911652,0.0,-0.025116086101325385,0.004883913898674614,0.005116086101325386,10.232172202650773,-0.0009110191579805763,0.0003824361325216051,6.1393033215904635,0.025,0.0,-0.03,0.0,1.0,0.0,0.01
46,1.5333034185751262,49,0.05777431973507801,0.0,-0.025993710938134577,0.004006289061865422,0.005993710938134578,11.987421876269156,-0.0008419878959930677,0.0005826452747486936,7.192453125761493,0.025,0.0,-0.03,0.0,1.0,0.0,0.01
46,1.5333034185751262,50,0.05865739020320981,0.0,-0.026873432583055523,0.0031265674169444757,0.0068734325830555245,13.746865166111048,-0.0010295055090492318,0.0005194811856726944,8.248119099666628,0.025,0.0,-0.03,0.0,1.0,0.0,0.01
46,1.5333034185751262,51,0.05953869138614485,0.0,-0.02775495036050091,0.002245049639499088,0.007754950360500912,15.509900721001824,-0.0009780490201275705,0.0006982433463285932,9.305940432601094,0.025,0.0,-0.03,0.0,1.0,0.0,0.01
46,1.5333034185751262,52,0.060418517093042835,0.0,-0.02863791782216836,0.0013620821778316389,0.008637917822168361,17.275835644336723,-0.001145753307482241,0.0006567573707548009,10.365501386602034,0.025,0.0,-0.03,0.0,1.0,0.0,0.01
46,1.5333034185751262,53,0.06129721358233522,0.0,-0.02952203545922023,0.00047796454077976905,0.009522035459220231,19.04407091844046,-0.00111508001797077,0.0008145797093940213,11.426442551064277,0.025,0.0,-0.03,0.0,1.0,0.0,0.01
46,1.5333034185751262,54,0.06217507889613706,0.0,-0.03040695146210462,0.0004069514621046211,0.009593048537895379,19.18609707579076,0.0012615433935171665,0.0007949481759048536,11.511658245474456,0.025,0.0,-0.03,0.0,1.0,0.0,0.01
46,1.5333034185751262,55,0.06305246815483688,0.0,-0.0312923683801469,0.0012923683801469021,0.008707631619853098,17.415263239706196,0.0012524109764086473,0.0009313086493178091,10.449157943823717,0.025,0.0,-0.03,0.0,1.0,0.0,0.01
46,1.5333034185751262,56,0.0639296799069691,0.0,-0.032177930444086074,0.002177930444086075,0.007822069555913925,15.644139111827851,0.0013772047749901026,0.0009333481155759435,9.38648346709671,0.025,0.0,-0.03,0.0,1.0,0.0,0.01
46,1.5333034185751262,57,0.0648070739369578,0.0,-0.03306334308040941,0.0030633430804094114,0.006936656919590589,13.873313839181177,0.0013896137864818409,0.001048250203901978,8.323988303508706,0.025,0.0,-0.03,0.0,1.0,0.0,0.01
46,1.5333034185751262,58,0.06568494552806212,0.0,-0.033948247952146696,0.003948247952146697,0.0060517520478533034,12.103504095706606,0.0014930122877568174,0.001071266338862181,7.262102457423963,0.025,0.0,-0.03,0.0,1.0,0.0,0.01
46,1.5333034185751262,59,0.06656365489667179,0.0,-0.034832354124939104,0.004832354124939105,0.0051676458750608955,10.33529175012179,0.001526300963605551,0.0011651857720797532,6.201175050073074,0.025,0.0,-0.03,0.0,1.0,0.0,0.01
46,1.5333034185751262,60,0.06744349030450685,0.0,-0.0357153021244528,0.005715302124452801,0.0042846978755471995,8.5693957510944,0.0016091980320215374,0.0012080539398905883,5.141637450656639,0.025,0.0,-0.03,0.0,1.0,0.0,0.01
46,1.5333034185751262,61,0.06832480819599865,0.0,-0.03659680541486436,0.006596805414864362,0.003403194585135638,6.8063891702712755,0.00166211305476745,0.0012818479175269793,4.083833502162765,0.025,0.0,-0.03,0.0,1.0,0.0,0.01
46,1.5333034185751262,62,0.06920788614062723,0.0,-0.03747650489149958,0.007476504891499584,0.002523495108500416,5.046990217000832,0.0017260069172417973,0.0013431697069012912,3.028194130200499,0.025,0.0,-0.03,0.0,1.0,0.0,0.01
46,1.5333034185751262,63,0.07009307263653768,0.0,-0.03835411928713246,0.008354119287132464,0.0016458807128675364,3.2917614257350727,0.0017967730080363875,0.0013979805576160066,1.9750568554410435,0.025,0.0,-0.03,0.0,1.0,0.0,0.01
46,1.5333034185751262,64,0.07096635697442386,0.0,-0.03924344460082587,0.009243444600825872,0.0007565553991741285,1.513110798348257,0.0018467427027124375,0.0014813375450236693,0.9078664790089541,0.025,0.0,-0.03,0.0,1.0,0.0,0.01
47,1.566636101587629,0,0.0,0.0,-0.02,0.009999999999999998,1.734723475976807e-18,3.469446951953614e-15,0.0,0.0,2.0816681711721685e-15,0.025,0.0,-0.03,0.0,1.0,0.0,0.01
47,1.566636101587629,40,0.04824452203452157,0.0,-0.02024462136585011,0.009755378634149887,0.0002446213658501128,0.4892427317002256,-0.00011321827140608277,0.0007765990447354136,0.29354563902013536,0.025,0.0,-0.03,0.0,1.0,0.0,0.01
47,1.566636101587629,41,0.04934700851940409,0.0,-0.020826588519465783,0.009173411480534216,0.0008265885194657843,1.6531770389315685,-0.0007707160515585537,0.00037554910406217785,0.9919062233589411,0.025,0.0,-0.03,0.0,1.0,0.0,0.01
47,1.566636101587629,42,0.05045019265874009,0.0,-0.02140723023491323,0.008592769765086768,0.0014072302349132319,2.814460469826464,-0.00017426228901121856,0.0008812342954942731,1.6886762818958783,0.025,0.0,-0.03,0.0,1.0,0.0,0.01
47,1.566636101587629,43,0.05155449318800459,0.0,-0.021985737218427358,0.008014262781572641,0.001985737218427359,3.9714744368547183,-0.0008854516998922641,0.00038412553386413587,2.382884662112831,0.025,0.0,-0.03,0.0,1.0,0.0,0.01
47,1.566636101587629,44,0.05266032639225655,0.0,-0.022561304295339448,0.007438695704660551,0.0025613042953394494,5.122608590678899,-0.00024022939602325293,0.0009805530933445692,3.0735651544073392,0.025,0.0,-0.03,0.0,1.0,0.0,0.01
47,1.566636101587629,45,0.0537680937136657,0.0,-0.023133125919794304,0.006866874080205695,0.0031331259197943055,6.266251839588611,-0.0009958892555265953,0.00038805568508346576,3.759751103753166,0.025,0.0,-0.03,0.0,1.0,0.0,0.01
47,1.566636101587629,46,0.05487819128997905,0.0,-0.02370040304358249,0.006299596956417509,0.0037004030435824915,7.400806087164983,-0.00029582733632045534,0.0010663663708190313,4.4404836522989894,0.025,0.0,-0.03,0.0,1.0,0.0,0.01
47,1.566636101587629,47,0.055988973218424824,0.0,-0.02426594001660631,0.005734059983393689,0.004265940016606311,8.531880033212623,-0.0012265755537223767,0.0003233693941554578,5.119128019927573,0.025,0.0,-0.03,0.0,1.0,0.0,0.01
47,1.566636101587629,48,0.05687454045905468,0.0,-0.025143158018650132,0.004856841981349867,0.005143158018650134,10.286316037300267,-0.00013691354477288778,0.0010919215539246698,6.17178962238016,0.025,0.0,-0.03,0.0,1.0,0.0,0.01
47,1.566636101587629,49,0.05775769486410412,0.0,-0.026022802566441267,0.003977197433558732,0.006022802566441268,12.045605132882535,-0.0015531375683983859,0.00023834199549008296,7.227363079729521,0.025,0.0,-0.03,0.0,1.0,0.0,0.01
47,1.566636101587629,50,0.05863874878788658,0.0,-0.026904557928295065,0.003095442071704934,0.006904557928295066,13.809115856590132,-0.00012623043947540465,0.0013132690768418377,8.285469513954078,0.025,0.0,-0.03,0.0,1.0,0.0,0.01
47,1.566636101587629,51,0.059518010120503353,0.0,-0.027788096252677887,0.0022119037473221116,0.007788096252677889,15.576192505355777,-0.0017859931545360257,0.0002294390578739804,9.345715503213466,0.025,0.0,-0.03,0.0,1.0,0.0,0.01
47,1.566636101587629,52,0.06039580395720325,0.0,-0.028673100234151313,0.001326899765848686,0.008673100234151314,17.34620046830263,-0.00013249679221623233,0.001536187370946913,10.407720280981577,0.025,0.0,-0.03,0.0,1.0,0.0,0.01
47,1.566636101587629,53,0.06127244640645357,0.0,-0.029559238182046515,0.00044076181795348404,0.009559238182046516,19.11847636409303,-0.0020091396731205715,0.000212476544687473,11.471085818455817,0.025,0.0,-0.03,0.0,1.0,0.0,0.01
47,1.566636101587629,54,0.06214827148736978,0.0,-0.03044619229122571,0.0004461922912257117,0.009553807708774288,19.107615417548576,0.00014844538041847058,0.001751768355732358,11.464569250529145,0.025,0.0,-0.03,0.0,1.0,0.0,0.01
47,1.566636101587629,55,0.06302359967796954,0.0,-0.03133362827114302,0.0013336282711430211,0.008666371728856979,17.33274345771396,0.0022221575194442847,0.00018698226893675295,10.399646074628375,0.025,0.0,-0.03,0.0,1.0,0.0,0.01
47,1.566636101587629,56,0.06389876989236783,0.0,-0.032221228859073636,0.0022212288590736373,0.007778771140926363,15.557542281852726,0.00017501016186159687,0.00195946748284067,9.334525369111635,0.025,0.0,-0.03,0.0,1.0,0.0,0.01
47,1.566636101587629,57,0.06477410305543987,0.0,-0.03310865834967952,0.0031086583496795217,0.0068913416503204785,13.782683300640956,0.0024240224195185562,0.0001533037020895655,8.269609980384573,0.025,0.0,-0.03,0.0,1.0,0.0,0.01
47,1.566636101587629,58,0.06564993888179285,0.0,-0.033995600999098825,0.003995600999098826,0.006004399000901174,12.008798001802347,0.000213005716150507,0.0021588100929886785,7.205278801081408,0.025,0.0,-0.03,0.0,1.0,0.0,0.01
47,1.566636101587629,59,0.06652659480310472,0.0,-0.03488172087055565,0.0048817208705556545,0.005118279129444346,10.236558258888692,0.0026138911732735397,0.00011178679399998345,6.141934955333215,0.025,0.0,-0.03,0.0,1.0,0.0,0.01
47,1.566636101587629,60,0.06740440723881934,0.0,-0.03576670470181936,0.005766704701819364,0.004233295298180636,8.466590596361272,0.00026305434145241407,0.0023492966397358605,5.079954357816763,0.025,0.0,-0.03,0.0,1.0,0.0,0.01
47,1.566636101587629,61,0.06828368623299728,0.0,-0.036650217553652505,0.006650217553652506,0.0033497824463474945,6.699564892694989,0.0027912099078612135,6.263263984038413e-05,4.019738935616993,0.025,0.0,-0.03,0.0,1.0,0.0,0.01
47,1.566636101587629,62,0.06916476087560727,0.0,-0.03753194964817074,0.007531949648170742,0.002468050351829258,4.936100703658516,0.00032440709342336033,0.0025292057023596336,2.9616604221951097,0.025,0.0,-0.03,0.0,1.0,0.0,0.01
47,1.566636101587629,63,0.07004793005602844,0.0,-0.03841156834466201,0.008411568344662008,0.0015884316553379917,3.1768633106759836,0.0029676544485429178,6.000744251413132e-06,1.9061179864055902,0.025,0.0,-0.03,0.0,1.0,0.0,0.01
47,1.566636101587629,64,0.07091905757981345,0.0,-0.039303033116323556,0.009303033116323557,0.000696966883676443,1.393933767352886,0.00037844323499576315,0.002680897736189935,0.8363602604117316,0.025,0.0,-0.03,0.0,1.0,0.0,0.01
48,1.5999687846001316,0,0.0,0.0,-0.02,0.009999999999999998,1.734723475976807e-18,3.469446951953614e-15,0.0,0.0,2.0816681711721685e-15,0.025,0.0,-0.03,0.0,1.0,0.0,0.01
48,1.5999687846001316,40,0.04823798173604778,0.0,-0.02025785725340502,0.009742142746594979,0.00025785725340502115,0.5157145068100423,-0.0005205013341334643,7.470177715944242e-05,0.30942870408602535,0.025,0.0,-0.03,0.0,1.0,0.0,0.01
48,1.5999687846001316,41,0.04933970869681763,0.0,-0.020841254680820247,0.009158745319179751,0.0008412546808202487,1.6825093616404976,-0.0002728007648254022,0.0004992938222122655,1.0095056169842984,0.025,0.0,-0.03,0.0,1.0,0.0,0.01
48,1.5999687846001316,42,0.05044214289502975,0.0,-0.02142332965067878,0.00857667034932122,0.001423329650678781,2.846659301357562,-0.000627544933039013,7.936865202625898e-05,1.707995580814537,0.025,0.0,-0.03,0.0,1.0,0.0,0.01
48,1.5999687846001316,43,0.05154569082023244,0.0,-0.022003264557976708,0.00799673544202329,0.0020032645579767094,4.006529115953419,-0.00033212483068665937,0.0005904492529855884,2.4039174695720513,0.025,0.0,-0.03,0.0,1.0,0.0,0.01
48,1.5999687846001316,44,0.05265078469631673,0.0,-0.022580260564133807,0.007419739435866192,0.0025802605641338083,5.160521128267616,-0.0007321641182985123,8.322380235468483e-05,3.0963126769605696,0.025,0.0,-0.03,0.0,1.0,0.0,0.01
48,1.5999687846001316,45,0.05375781364124567,0.0,-0.023153503841381904,0.006846496158618095,0.0031535038413819053,6.30700768276381,-0.00039305786481318286,0.0006791469812081907,3.784204609658286,0.025,0.0,-0.03,0.0,1.0,0.0,0.01
48,1.5999687846001316,46,0.05486718958181769,0.0,-0.02372220155945939,0.0062777984405406086,0.0037222015594593916,7.444403118918784,-0.0008418258678204414,8.224319787959584e-05,4.46664187135127,0.025,0.0,-0.03,0.0,1.0,0.0,0.01
48,1.5999687846001316,47,0.055977245379974234,0.0,-0.024289154526576713,0.005710845473423286,0.004289154526576714,8.57830905315343,-0.00038383573996807603,0.0007277848566662895,5.146985431892057,0.025,0.0,-0.03,0.0,1.0,0.0,0.01
48,1.5999687846001316,48,0.056860956404914564,0.0,-0.025168248625193197,0.004831751374806802,0.005168248625193198,10.336497250386396,-0.001098916229233854,6.908061814453409e-06,6.201898350231837,0.025,0.0,-0.03,0.0,1.0,0.0,0.01
48,1.5999687846001316,49,0.05774223692657165,0.0,-0.02604976517800854,0.003950234821991458,0.006049765178008542,12.099530356017084,-0.0003575667931855199,0.0008694356430888069,7.25971821361025,0.025,0.0,-0.03,0.0,1.0,0.0,0.01
48,1.5999687846001316,50,0.05862141298976325,0.0,-0.026933399690629942,0.0030666003093700565,0.006933399690629944,13.866799381259888,-0.0012953513809191993,3.9891822310052016e-05,8.320079628755932,0.025,0.0,-0.03,0.0,1.0,0.0,0.01
48,1.5999687846001316,51,0.05949878163715562,0.0,-0.027818811630418893,0.002181188369581106,0.007818811630418894,15.637623260837788,-0.00038401641666619497,0.0010557512259129875,9.382573956502673,0.025,0.0,-0.03,0.0,1.0,0.0,0.01
48,1.5999687846001316,52,0.0603746825169086,0.0,-0.028705696429726774,0.0012943035702732246,0.008705696429726776,17.411392859453553,-0.0014826710640482692,7.41539438388579e-05,10.446835715672131,0.025,0.0,-0.03,0.0,1.0,0.0,0.01
48,1.5999687846001316,53,0.06124941994938764,0.0,-0.02959370859775873,0.00040629140224126767,0.009593708597758733,19.187417195517465,-0.0004162010803128856,0.0012383363282231802,11.51245031731048,0.025,0.0,-0.03,0.0,1.0,0.0,0.01
48,1.5999687846001316,54,0.06212334347556729,0.0,-0.030482544116262018,0.0004825441162620188,0.009517455883737981,19.03491176747596,0.0016641522677829314,0.00011399364628141683,11.420947060485576,0.025,0.0,-0.03,0.0,1.0,0.0,0.01
48,1.5999687846001316,55,0.062996760939647,0.0,-0.03137185396668914,0.0013718539666891377,0.008628146033310862,17.256292066621725,0.00045473044250456335,0.001416222637904316,10.353775239973034,0.025,0.0,-0.03,0.0,1.0,0.0,0.01
48,1.5999687846001316,56,0.06387002759483942,0.0,-0.032261335538985116,0.0022613355389851167,0.0077386644610148835,15.477328922029766,0.0018388210861463102,0.0001592807977102331,9.28639735321786,0.025,0.0,-0.03,0.0,1.0,0.0,0.01
48,1.5999687846001316,57,0.06474345099944835,0.0,-0.033150637632463634,0.003150637632463635,0.006849362367536365,13.69872473507273,0.0005004190374759175,0.0015888102993599493,8.219234841043638,0.025,0.0,-0.03,0.0,1.0,0.0,0.01
48,1.5999687846001316,58,0.06561738788052994,0.0,-0.03403945984322016,0.0040394598432201625,0.005960540156779838,11.921080313559676,0.0020058207079533394,0.00020983415989869576,7.152648188135806,0.025,0.0,-0.03,0.0,1.0,0.0,0.01
48,1.5999687846001316,59,0.06649214167266532,0.0,-0.034927450128338304,0.004927450128338305,0.005072549871661695,10.14509974332339,0.0005539427448433171,0.0017555188186787875,6.087059845994034,0.025,0.0,-0.03,0.0,1.0,0.0,0.01
48,1.5999687846001316,60,0.06736806634793269,0.0,-0.035814311079219514,0.0058143110792195155,0.004185688920780485,8.37137784156097,0.0021644410704300377,0.00026546934612998877,5.022826704936581,0.025,0.0,-0.03,0.0,1.0,0.0,0.01
48,1.5999687846001316,61,0.06824545741505539,0.0,-0.03669969119038479,0.006699691190384792,0.0033003088096152083,6.600617619230417,0.0006157748076043322,0.0019157159679019276,3.96037057153825,0.025,0.0,-0.03,0.0,1.0,0.0,0.01
48,1.5999687846001316,62,0.06912466193066125,0.0,-0.0375832968882063,0.007583296888206303,0.0024167031117936968,4.833406223587393,0.0023148287827835816,0.0003267311715461317,2.900043734152436,0.025,0.0,-0.03,0.0,1.0,0.0,0.01
48,1.5999687846001316,63,0.07000596382132121,0.0,-0.03846477862191704,0.008464778621917038,0.0015352213780829623,3.0704427561659244,0.0006783299712883626,0.0020608681240968847,1.8422656536995545,0.025,0.0,-0.03,0.0,1.0,0.0,0.01
48,1.5999687846001316,64,0.07087507767474967,0.0,-0.0393582150548448,0.009358215054844798,0.0006417849451552018,1.2835698903104036,0.0024742032455665106,0.0004131909174357551,0.7701419341862421,0.025,0.0,-0.03,0.0,1.0,0.0,0.01
49,1.6333014676126345,0,0.0,0.0,-0.02,0.009999999999999998,1.734723475976807e-18,3.469446951953614e-15,0.0,0.0,2.0816681711721685e-15,0.025,0.0,-0.03,0.0,1.0,0.0,0.01
49,1.6333014676126345,40,0.048231896087857114,0.0,-0.02027012330593671,0.009729876694063288,0.0002701233059367123,0.5402466118734246,-0.0005626028482037292,0.0002211836079389842,0.32414796712405475,0.025,0.0,-0.03,0.0,1.0,0.0,0.01
49,1.6333014676126345,41,0.049332927354521376,0.0,-0.02085485185805687,0.00914514814194313,0.0008548518580568706,1.7097037161137412,-0.000177862461720493,0.0006062507105075673,1.0258222296682447,0.025,0.0,-0.03,0.0,1.0,0.0,0.01
49,1.6333014676126345,42,0.05043465356046779,0.0,-0.02143824965044966,0.00856175034955034,0.0014382496504496602,2.8764993008993205,-0.0006509245719666312,0.0002053500792448303,1.7258995805395922,0.025,0.0,-0.03,0.0,1.0,0.0,0.01
49,1.6333014676126345,43,0.05153751291580398,0.0,-0.02201951384185789,0.007980486158142109,0.0020195138418578912,4.039027683715783,-0.00024485210669385616,0.0006689966186433035,2.4234166102294696,0.025,0.0,-0.03,0.0,1.0,0.0,0.01
49,1.6333014676126345,44,0.05264190800728601,0.0,-0.02259782840857835,0.00740217159142165,0.00259782840857835,5.1956568171567,-0.0007349481995735393,0.00018519903852005622,3.11739409029402,0.025,0.0,-0.03,0.0,1.0,0.0,0.01
49,1.6333014676126345,45,0.05374826218239112,0.0,-0.023172395417317772,0.006827604582682226,0.003172395417317774,6.344790834635548,-0.00031473343083967767,0.0007258932195749954,3.8068745007813285,0.025,0.0,-0.03,0.0,1.0,0.0,0.01
49,1.6333014676126345,46,0.054856955298482356,0.0,-0.023742403689328347,0.006257596310671652,0.003742403689328348,7.484807378656696,-0.0008243101673444379,0.0001562941366091314,4.490884427194017,0.025,0.0,-0.03,0.0,1.0,0.0,0.01
49,1.6333014676126345,47,0.055966347588623316,0.0,-0.024310676451269688,0.005689323548730311,0.004310676451269689,8.621352902539378,-0.00031125396711374434,0.0007376891259851346,5.172811741523627,0.025,0.0,-0.03,0.0,1.0,0.0,0.01
49,1.6333014676126345,48,0.05684832244192822,0.0,-0.025191497753018714,0.004808502246981285,0.005191497753018715,10.38299550603743,-0.001062624035283037,3.851414149847859e-05,6.229797303622457,0.025,0.0,-0.03,0.0,1.0,0.0,0.01
49,1.6333014676126345,49,0.05772787252598548,0.0,-0.02607475796078742,0.00392524203921258,0.00607475796078742,12.14951592157484,-0.00029448013313947044,0.0008429149007085839,7.289709552944904,0.025,0.0,-0.03,0.0,1.0,0.0,0.01
49,1.6333014676126345,50,0.058605291458926755,0.0,-0.02696011991141061,0.0030398800885893876,0.006960119911410613,13.920239822821225,-0.0012285194254943981,1.1797371814656974e-05,8.352143893692734,0.025,0.0,-0.03,0.0,1.0,0.0,0.01
49,1.6333014676126345,51,0.05948091370037039,0.0,-0.027847278700237597,0.002152721299762402,0.007847278700237598,15.694557400475196,-0.0003368866969820715,0.0009969917956261262,9.416734440285117,0.025,0.0,-0.03,0.0,1.0,0.0,0.01
49,1.6333014676126345,52,0.060355041934433196,0.0,-0.02873589082608587,0.001264109173914129,0.008735890826085871,17.471781652171742,-0.001383058184226202,6.296442120739381e-05,10.483068991303044,0.025,0.0,-0.03,0.0,1.0,0.0,0.01
49,1.6333014676126345,53,0.06122802294540128,0.0,-0.029625651895244954,0.00037434810475504496,0.009625651895244955,19.25130379048991,-0.00038610522738870143,0.0011469518710771356,11.550782274293946,0.025,0.0,-0.03,0.0,1.0,0.0,0.01
49,1.6333014676126345,54,0.06210016447476389,0.0,-0.030516213815775996,0.0005162138157759968,0.009483786184224003,18.967572368448007,0.0015311729675397494,0.00012001133652172806,11.380543421068804,0.025,0.0,-0.03,0.0,1.0,0.0,0.01
49,1.6333014676126345,55,0.06297182151940602,0.0,-0.031407273588750215,0.0014072735887502158,0.008592726411249784,17.18545282249957,0.00044191927609919877,0.001292003949838975,10.311271693499743,0.025,0.0,-0.03,0.0,1.0,0.0,0.01
49,1.6333014676126345,56,0.06384330308414228,0.0,-0.03229847988593806,0.002298479885938058,0.007701520114061942,15.403040228123885,0.0016725304572115752,0.00018247671096253515,9.24182413687433,0.025,0.0,-0.03,0.0,1.0,0.0,0.01
49,1.6333014676126345,57,0.064714968142772,0.0,-0.03318953191636933,0.00318953191636933,0.00681046808363067,13.620936167261341,0.0005045348977927672,0.001431961278238213,8.172561700356804,0.025,0.0,-0.03,0.0,1.0,0.0,0.01
49,1.6333014676126345,58,0.06558712311792364,0.0,-0.034080076448702985,0.004080076448702986,0.005919923551297014,11.839847102594028,0.0018068921391999084,0.0002498201791604885,7.103908261556417,0.025,0.0,-0.03,0.0,1.0,0.0,0.01
49,1.6333014676126345,59,0.06646012669613177,0.0,-0.034969815667022036,0.004969815667022037,0.005030184332977963,10.060368665955925,0.0005740242042779833,0.0015666571100338136,6.036221199573555,0.025,0.0,-0.03,0.0,1.0,0.0,0.01
49,1.6333014676126345,60,0.06733427888158883,0.0,-0.035858395796786464,0.0058583957967864655,0.004141604203213535,8.28320840642707,0.0019341543739976909,0.00032149966773928454,4.969925043856242,0.025,0.0,-0.03,0.0,1.0,0.0,0.01
49,1.6333014676126345,61,0.06820993384481877,0.0,-0.03674552277457095,0.006745522774570953,0.0032544772254290474,6.508954450858095,0.0006502653901930486,0.0016958587998892121,3.905372670514857,0.025,0.0,-0.03,0.0,1.0,0.0,0.01
49,1.6333014676126345,62,0.06908738141292746,0.0,-0.0376308437100909,0.007630843710090901,0.002369156289909099,4.738312579818198,0.0020550058938822156,0.000397670054180511,2.842987547890919,0.025,0.0,-0.03,0.0,1.0,0.0,0.01
49,1.6333014676126345,63,0.06996696706106167,0.0,-0.03851406918350263,0.008514069183502629,0.0014859308164973713,2.9718616329947425,0.0007265649896353872,0.0018128541732947638,1.7831169797968454,0.025,0.0,-0.03,0.0,1.0,0.0,0.01
49,1.6333014676126345,64,0.07083418980432996,0.0,-0.039409310620402434,0.009409310620402435,0.0005906893795975653,1.1813787591951306,0.00218395115827375,0.0004941923343333817,0.7088272555170784,0.025,0.0,-0.03,0.0,1.0,0.0,0.01
50,1.6666341506251372,0,0.0,0.0,-0.02,0.009999999999999998,1.734723475976807e-18,3.469446951953614e-15,0.0,0.0,2.0816681711721685e-15,0.025,0.0,-0.03,0.0,1.0,0.0,0.01
50,1.6666341506251372,40,0.04822624396446986,0.0,-0.020281494667730857,0.009718505332269142,0.00028149466773085864,0.5629893354617173,-3.250746918937109e-05,0.0007252654657508918,0.33779360127703034,0.025,0.0,-0.03,0.0,1.0,0.0,0.01
50,1.6666341506251372,41,0.04932662003693429,0.0,-0.020867452445746525,0.009132547554253474,0.000867452445746526,1.7349048914930518,-0.000674400743054949,0.0004086052634614979,1.040942934895831,0.025,0.0,-0.03,0.0,1.0,0.0,0.01
50,1.6666341506251372,42,0.05042769729777032,0.0,-0.021452081004816072,0.008547918995183926,0.0014520810048160738,2.9041620096321474,-7.542427500153369e-05,0.0008199736372956622,1.7424972057792885,0.025,0.0,-0.03,0.0,1.0,0.0,0.01
50,1.6666341506251372,43,0.05152990711127641,0.0,-0.022034572264211277,0.007965427735788722,0.002034572264211278,4.069144528422556,-0.0007708372159750205,0.0004255317009292598,2.4414867170535337,0.025,0.0,-0.03,0.0,1.0,0.0,0.01
50,1.6666341506251372,44,0.05263366273281617,0.0,-0.022614114091826766,0.007385885908173233,0.0026141140918267674,5.228228183653535,-0.00012349177459132908,0.0009091538214149999,3.1369369101921207,0.025,0.0,-0.03,0.0,1.0,0.0,0.01
50,1.6666341506251372,45,0.05373937928892343,0.0,-0.023189902647432,0.006810097352568,0.003189902647432,6.379805294864,-0.0008627533926082624,0.00043736925586543816,3.8278831769184,0.025,0.0,-0.03,0.0,1.0,0.0,0.01
50,1.6666341506251372,46,0.05484744855377921,0.0,-0.023761131254293556,0.006238868745706443,0.0037611312542935576,7.522262508587115,-0.00016195776247473643,0.0009848556780965956,4.5133575051522685,0.025,0.0,-0.03,0.0,1.0,0.0,0.01
50,1.6666341506251372,47,0.055956213414221405,0.0,-0.024330620538713602,0.005669379461286397,0.0043306205387136035,8.661241077427206,-0.0010733133429273595,0.00038025836885754994,5.196744646456324,0.025,0.0,-0.03,0.0,1.0,0.0,0.01
50,1.6666341506251372,48,0.05683658541710237,0.0,-0.025213049416325177,0.004786950583674822,0.005213049416325178,10.426098832650357,1.5094059908103172e-05,0.0009930575598543143,6.2556592995902145,0.025,0.0,-0.03,0.0,1.0,0.0,0.01
50,1.6666341506251372,49,0.05771451702261994,0.0,-0.026097913183319426,0.003902086816680573,0.006097913183319427,12.195826366638855,-0.0013736010077562816,0.0003164198114466037,7.317495819983312,0.025,0.0,-0.03,0.0,1.0,0.0,0.01
50,1.6666341506251372,50,0.05859031478043905,0.0,-0.02698488555335293,0.0030151144466470693,0.006984885553352931,13.969771106705862,4.879387255439057e-05,0.0011893461555560602,8.381862664023517,0.025,0.0,-0.03,0.0,1.0,0.0,0.01
50,1.6666341506251372,51,0.05946430198736147,0.0,-0.027873648849173677,0.002126351150826322,0.007873648849173678,15.747297698347356,-0.0015811153884321472,0.0003284036353827331,9.448378619008414,0.025,0.0,-0.03,0.0,1.0,0.0,0.01
50,1.6666341506251372,52,0.060336796369762316,0.0,-0.028763873091503803,0.0012361269084961955,0.008763873091503805,17.527746183007608,6.552360528565225e-05,0.0013865411661181932,10.516647709804564,0.025,0.0,-0.03,0.0,1.0,0.0,0.01
50,1.6666341506251372,53,0.061208131375982903,0.0,-0.02965523877475031,0.0003447612252496894,0.00965523877475031,19.31047754950062,-0.0017786153586106536,0.00033219212186316884,11.586286529700372,0.025,0.0,-0.03,0.0,1.0,0.0,0.01
50,1.6666341506251372,54,0.06207863198179037,0.0,-0.030547413620335043,0.0005474136203350438,0.009452586379664956,18.90517275932991,-7.224821572724865e-05,0.0015760217469429276,11.343103655597947,0.025,0.0,-0.03,0.0,1.0,0.0,0.01
50,1.6666341506251372,55,0.06294863776701932,0.0,-0.031440077331290894,0.0014400773312908954,0.008559922668709105,17.11984533741821,0.0019656522478798534,0.0003273117099494006,10.271907202450924,0.025,0.0,-0.03,0.0,1.0,0.0,0.01
50,1.6666341506251372,56,0.06381847701939962,0.0,-0.03233289651654531,0.0023328965165453144,0.007667103483454686,15.334206966909372,-6.804459572232112e-05,0.0017573646353769698,9.200524180145623,0.025,0.0,-0.03,0.0,1.0,0.0,0.01
50,1.6666341506251372,57,0.06468849133175686,0.0,-0.03322555106497799,0.0032255510649779884,0.006774448935022012,13.548897870044023,0.00214126464257232,0.00031407002785931187,8.129338722026413,0.025,0.0,-0.03,0.0,1.0,0.0,0.01
50,1.6666341506251372,58,0.06555900830610663,0.0,-0.03411770761147594,0.0041177076114759445,0.005882292388524056,11.764584777048112,-5.214358942423363e-05,0.00193022884445851,7.058750866228867,0.025,0.0,-0.03,0.0,1.0,0.0,0.01
50,1.6666341506251372,59,0.06643036740891015,0.0,-0.03500904718797279,0.005009047187972793,0.0049909528120272075,9.981905624054415,0.0023046973498160456,0.0002927910181123827,5.989143374432649,0.025,0.0,-0.03,0.0,1.0,0.0,0.01
50,1.6666341506251372,60,0.06730289156033367,0.0,-0.035899237595816015,0.005899237595816016,0.004100762404183984,8.201524808367967,-2.3990249419314086e-05,0.00209426571924213,4.92091488502078,0.025,0.0,-0.03,0.0,1.0,0.0,0.01
50,1.6666341506251372,61,0.06817691400480859,0.0,-0.03678796200080925,0.00678796200080925,0.00321203799919075,6.4240759983815,0.0024554963987571646,0.0002636786392839099,3.8544455990289,0.025,0.0,-0.03,0.0,1.0,0.0,0.01
50,1.6666341506251372,62,0.06905274905098538,0.0,-0.03767489056080362,0.0076748905608036225,0.0023251094391963777,4.650218878392756,1.5624360626732678e-05,0.0022479476438338566,2.7901313270356534,0.025,0.0,-0.03,0.0,1.0,0.0,0.01
50,1.6666341506251372,63,0.06993071972097258,0.0,-0.03855970966350647,0.00855970966350647,0.0014402903364935295,2.880580672987059,0.002605369195706128,0.00021485130542559576,1.7283484037922354,0.025,0.0,-0.03,0.0,1.0,0.0,0.01
50,1.6666341506251372,64,0.07079620567134202,0.0,-0.03945664268176492,0.009456642681764924,0.0005433573182350767,1.0867146364701534,4.739027013274185e-05,0.0023726433118003553,0.652028781882092,0.025,0.0,-0.03,0.0,1.0,0.0,0.01
51,1.69996683363764,0,0.0,0.0,-0.02,0.009999999999999998,1.734723475976807e-18,3.469446951953614e-15,0.0,0.0,2.0816681711721685e-15,0.025,0.0,-0.03,0.0,1.0,0.0,0.01
51,1.69996683363764,40,0.04822099377269896,0.0,-0.02029203504693287,0.009707964953067128,0.00029203504693287204,0.584070093865744,-0.00032813514800579204,0.00010703811493876521,0.3504420563194464,0.025,0.0,-0.03,0.0,1.0,0.0,0.01
51,1.69996683363764,41,0.049320757325542794,0.0,-0.02087913008961898,0.009120869910381017,0.0008791300896189829,1.7582601792379657,-0.00031112677318697045,0.00021863719461744059,1.0549561075427794,0.025,0.0,-0.03,0.0,1.0,0.0,0.01
51,1.69996683363764,42,0.05042123536846617,0.0,-0.02146490130222584,0.00853509869777416,0.001464901302225841,2.929802604451682,-0.00039852953331373633,0.00013315626858273436,1.7578815626710091,0.025,0.0,-0.03,0.0,1.0,0.0,0.01
51,1.69996683363764,43,0.05152283779245574,0.0,-0.022048527791120383,0.007951472208879616,0.002048527791120384,4.097055582240769,-0.0003723405255156306,0.0002626785642040401,2.4582333493444612,0.025,0.0,-0.03,0.0,1.0,0.0,0.01
51,1.69996683363764,44,0.052626003079121776,0.0,-0.02262920906332992,0.00737079093667008,0.00262920906332992,5.25841812665984,-0.0004687242727484484,0.0001583684736520393,3.155050875995904,0.025,0.0,-0.03,0.0,1.0,0.0,0.01
51,1.69996683363764,45,0.053731123254191576,0.0,-0.023206127740389056,0.006793872259610943,0.003206127740389057,6.412255480778114,-0.00043344398225450944,0.0003066662609800879,3.847353288466868,0.025,0.0,-0.03,0.0,1.0,0.0,0.01
51,1.69996683363764,46,0.05483861669514774,0.0,-0.023778489430031344,0.006221510569968655,0.003778489430031345,7.55697886006269,-0.0005395068384992428,0.00018289752015488795,4.534187316037614,0.025,0.0,-0.03,0.0,1.0,0.0,0.01
51,1.69996683363764,47,0.05594679481455033,0.0,-0.02434910385532494,0.005650896144675059,0.004349103855324941,8.698207710649882,-0.000480708728077615,0.00034330051931558614,5.218924626389929,0.025,0.0,-0.03,0.0,1.0,0.0,0.01
51,1.69996683363764,48,0.05682568129983573,0.0,-0.02523302381509909,0.00476697618490091,0.0052330238150990905,10.466047630198181,-0.0006475052774633276,0.00024374802582881604,6.279628578118909,0.025,0.0,-0.03,0.0,1.0,0.0,0.01
51,1.69996683363764,49,0.057702106007917794,0.0,-0.0261193685575689,0.0038806314424310977,0.0061193685575689025,12.238737115137805,-0.0005387891633880436,0.00043861264643127906,7.343242269082683,0.025,0.0,-0.03,0.0,1.0,0.0,0.01
51,1.69996683363764,50,0.0585764013631836,0.0,-0.027007835280338552,0.002992164719661447,0.007007835280338553,14.015670560677107,-0.0007525601108517361,0.00031357364718119567,8.409402336406263,0.025,0.0,-0.03,0.0,1.0,0.0,0.01
51,1.69996683363764,51,0.059448865972040174,0.0,-0.02789807996185444,0.00210192003814556,0.00789807996185444,15.796159923708881,-0.0006061284615052073,0.0005436384186165229,9.477695954225329,0.025,0.0,-0.03,0.0,1.0,0.0,0.01
51,1.69996683363764,52,0.06031984651557322,0.0,-0.028789800470972356,0.0012101995290276432,0.008789800470972357,17.579600941944715,-0.0008568728530756478,0.00038393763581842134,10.54776056516683,0.025,0.0,-0.03,0.0,1.0,0.0,0.01
51,1.69996683363764,53,0.06118964843060515,0.0,-0.029682647269241334,0.0003173527307586653,0.009682647269241335,19.36529453848267,-0.0006738797418605388,0.0006489408294775577,11.6191767230896,0.025,0.0,-0.03,0.0,1.0,0.0,0.01
51,1.69996683363764,54,0.062058628920359474,0.0,-0.030576319425506773,0.0005763194255067744,0.009423680574493226,18.84736114898645,0.0009606971443481673,0.00045516263579673986,11.308416689391871,0.025,0.0,-0.03,0.0,1.0,0.0,0.01
51,1.69996683363764,55,0.0629270964752701,0.0,-0.03147046332717202,0.0014704633271720238,0.008529536672827976,17.059073345655953,0.0007422810803079856,0.0007541589379390754,10.235444007393571,0.025,0.0,-0.03,0.0,1.0,0.0,0.01
51,1.69996683363764,56,0.06379541456552723,0.0,-0.03236478003946573,0.002364780039465733,0.007635219960534267,15.270439921068535,0.0010637201888336791,0.0005270317142525065,9.162263952641121,0.025,0.0,-0.03,0.0,1.0,0.0,0.01
51,1.69996683363764,57,0.06466389090828625,0.0,-0.033258913237144416,0.0032589132371444174,0.006741086762855583,13.482173525711165,0.0008115616963361772,0.000858876815250977,8.089304115426698,0.025,0.0,-0.03,0.0,1.0,0.0,0.01
51,1.69996683363764,58,0.0655328909245838,0.0,-0.034152566708197815,0.004152566708197816,0.005847433291802184,11.694866583604368,0.0011656238577401167,0.0005993582999823748,7.01691995016262,0.025,0.0,-0.03,0.0,1.0,0.0,0.01
51,1.69996683363764,59,0.06640271770579187,0.0,-0.03504538277776405,0.005045382777764049,0.0049546172222359516,9.909234444471902,0.0008819624083080875,0.0009626527626380868,5.945540666683141,0.025,0.0,-0.03,0.0,1.0,0.0,0.01
51,1.69996683363764,60,0.06727373431476308,0.0,-0.035937068667093314,0.005937068667093315,0.004062931332906685,8.12586266581337,0.0012660817730183503,0.0006719833251026225,4.875517599488022,0.025,0.0,-0.03,0.0,1.0,0.0,0.01
51,1.69996683363764,61,0.06814623540320573,0.0,-0.03682726676214041,0.006827266762140412,0.0031727332378595884,6.345466475719177,0.0009537252189139127,0.0010650214240612303,3.807279885431506,0.025,0.0,-0.03,0.0,1.0,0.0,0.01
51,1.69996683363764,62,0.06902057743220386,0.0,-0.0377156884743828,0.007715688474382802,0.002284311525617198,4.568623051234396,0.0013648788357641817,0.0007448926742580876,2.7411738307406375,0.025,0.0,-0.03,0.0,1.0,0.0,0.01
51,1.69996683363764,63,0.06989704295927962,0.0,-0.038601977697146815,0.008601977697146816,0.001398022302853184,2.796044605706368,0.001025283522038617,0.0011636808285101022,1.6776267634238207,0.025,0.0,-0.03,0.0,1.0,0.0,0.01
51,1.69996683363764,64,0.07076092023993792,0.0,-0.039500481557639404,0.009500481557639405,0.0004995184423605952,0.9990368847211905,0.0014675188637212752,0.0008254743681189858,0.5994221308327142,0.025,0.0,-0.03,0.0,1.0,0.0,0.01
52,1.7332995166501426,0,0.0,0.0,-0.02,0.009999999999999998,1.734723475976807e-18,3.469446951953614e-15,0.0,0.0,2.0816681711721685e-15,0.025,0.0,-0.03,0.0,1.0,0.0,0.01
52,1.7332995166501426,40,0.04821611090766998,0.0,-0.020301800965804962,0.009698199034195037,0.0003018009658049634,0.6036019316099268,-0.0005373450732497039,0.000341709107364787,0.3621611589659561,0.025,0.0,-0.03,0.0,1.0,0.0,0.01
52,1.7332995166501426,41,0.04931531659540847,0.0,-0.020889955840939126,0.009110044159060873,0.0008899558409391269,1.7799116818782539,-4.468512127472731e-05,0.0006648828147393934,1.0679470091269523,0.025,0.0,-0.03,0.0,1.0,0.0,0.01
52,1.7332995166501426,42,0.0504152263372617,0.0,-0.02147677989843025,0.008523220101569747,0.001476779898430253,2.9535597968605063,-0.000622313347210212,0.0003575751760662992,1.7721358781163037,0.025,0.0,-0.03,0.0,1.0,0.0,0.01
52,1.7332995166501426,43,0.05151627660004304,0.0,-0.02206146479224463,0.007938535207755369,0.0020614647922446317,4.122929584489263,-8.394157388377065e-05,0.0007435484253416495,2.473757750693558,0.025,0.0,-0.03,0.0,1.0,0.0,0.01
52,1.7332995166501426,44,0.05261888093728211,0.0,-0.02264319555088156,0.007356804449118438,0.002643195550881562,5.286391101763123,-0.000702617633201389,0.00036949809465025986,3.171834661057874,0.025,0.0,-0.03,0.0,1.0,0.0,0.01
52,1.7332995166501426,45,0.05372346000354271,0.0,-0.0232211682716362,0.006778831728363799,0.0032211682716362013,6.442336543272402,-0.00012647588783297418,0.0008167736403777455,3.8654019259634413,0.025,0.0,-0.03,0.0,1.0,0.0,0.01
52,1.7332995166501426,46,0.054830405252618786,0.0,-0.023794573127274597,0.006205426872725402,0.003794573127274598,7.5891462545491954,-0.0007909911248788982,0.00037104405428595605,4.5534877527295174,0.025,0.0,-0.03,0.0,1.0,0.0,0.01
52,1.7332995166501426,47,0.05593805126497512,0.0,-0.024366238549796634,0.005633761450203365,0.004366238549796635,8.73247709959327,-6.643797774849357e-05,0.0008292824132522032,5.239486259755962,0.025,0.0,-0.03,0.0,1.0,0.0,0.01
52,1.7332995166501426,48,0.05681554567120929,0.0,-0.025251528239972988,0.004748471760027011,0.0052515282399729895,10.503056479945979,-0.0010826102321184214,0.0002663298917205457,6.301833887967587,0.025,0.0,-0.03,0.0,1.0,0.0,0.01
52,1.7332995166501426,49,0.05769058347471901,0.0,-0.026139256468025982,0.0038607435319740167,0.0061392564680259835,12.278512936051968,3.251483017195433e-05,0.0009339350391300766,7.36710776163118,0.025,0.0,-0.03,0.0,1.0,0.0,0.01
52,1.7332995166501426,50,0.05856346994193996,0.0,-0.027029092866924866,0.0029709071330751326,0.007029092866924868,14.058185733849735,-0.00127109591926443,0.00027297610270318116,8.43491144030984,0.025,0.0,-0.03,0.0,1.0,0.0,0.01
52,1.7332995166501426,51,0.059434534933614475,0.0,-0.027920723552680295,0.0020792764473197035,0.007920723552680297,15.841447105360594,5.184019298280001e-05,0.0011058014572802048,9.504868263216355,0.025,0.0,-0.03,0.0,1.0,0.0,0.01
52,1.7332995166501426,52,0.06030409411062193,0.0,-0.02881381346933209,0.0011861865306679077,0.008813813469332092,17.627626938664186,-0.0014449559704336767,0.00027930050648109097,10.576576163198512,0.025,0.0,-0.03,0.0,1.0,0.0,0.01
52,1.7332995166501426,53,0.06117248846477092,0.0,-0.029708047917553722,0.00029195208244627707,0.009708047917553723,19.416095835107445,6.245001105623049e-05,0.0012719725773705495,11.649657501064466,0.025,0.0,-0.03,0.0,1.0,0.0,0.01
52,1.7332995166501426,54,0.062040040043565337,0.0,-0.030603088604751465,0.0006030886047514658,0.009396911395248534,18.793822790497067,0.0016102983936376234,0.0002782039507605768,11.27629367429824,0.025,0.0,-0.03,0.0,1.0,0.0,0.01
52,1.7332995166501426,55,0.06290709691264267,0.0,-0.03149862101961931,0.0014986210196193117,0.008501378980380688,17.002757960761375,-6.411085454769839e-05,0.0014314046099716668,10.201654776456826,0.025,0.0,-0.03,0.0,1.0,0.0,0.01
52,1.7332995166501426,56,0.06377398355591508,0.0,-0.032394304828464233,0.0023943048284642346,0.007605695171535766,15.211390343071532,0.0017662579078801923,0.00026988284471404637,9.126834205842918,0.025,0.0,-0.03,0.0,1.0,0.0,0.01
52,1.7332995166501426,57,0.06464105094913508,0.0,-0.0332898266384241,0.003289826638424101,0.006710173361575899,13.420346723151798,-5.6068917267856274e-05,0.0015837931047984703,8.052208033891079,0.025,0.0,-0.03,0.0,1.0,0.0,0.01
52,1.7332995166501426,58,0.06550862200769463,0.0,-0.03418484523641399,0.004184845236413992,0.005815154763586008,11.630309527172017,0.0019120910294883858,0.0002546137153458563,6.9781857163032095,0.025,0.0,-0.03,0.0,1.0,0.0,0.01
52,1.7332995166501426,59,0.06637704642606128,0.0,-0.03507904924276849,0.005079049242768488,0.004920950757231512,9.841901514463025,-3.774347507325193e-05,0.0017288438164653349,5.905140908677815,0.025,0.0,-0.03,0.0,1.0,0.0,0.01
52,1.7332995166501426,60,0.06724664155531923,0.0,-0.03597209774459059,0.005972097744590593,0.004027902255409407,8.055804510818813,0.002047235400959278,0.00023265951653288737,4.833482706491288,0.025,0.0,-0.03,0.0,1.0,0.0,0.01
52,1.7332995166501426,61,0.06811775165283622,0.0,-0.03686368228830778,0.006863682288307783,0.003136317711692217,6.2726354233844335,-8.82341180875098e-06,0.0018661502700258869,3.76358125403066,0.025,0.0,-0.03,0.0,1.0,0.0,0.01
52,1.7332995166501426,62,0.06899068458613793,0.0,-0.03775346350669009,0.007753463506690088,0.0022465364933099124,4.493072986619825,0.0021723294466749455,0.00020319895261493472,2.6958437919718947,0.025,0.0,-0.03,0.0,1.0,0.0,0.01
52,1.7332995166501426,63,0.06986577509154188,0.0,-0.0386411368814049,0.008641136881404901,0.001358863118595099,2.717726237190198,2.043237857783397e-05,0.0019847459153983687,1.6306357423141187,0.025,0.0,-0.03,0.0,1.0,0.0,0.01
52,1.7332995166501426,64,0.07072813504797625,0.0,-0.03954107097465016,0.009541070974650158,0.0004589290253498423,0.9178580506996846,0.002308277341914724,0.00014330321503436144,0.5507148304198107,0.025,0.0,-0.03,0.0,1.0,0.0,0.01
53,1.7666321996626455,0,0.0,0.0,-0.02,0.009999999999999998,1.734723475976807e-18,3.469446951953614e-15,0.0,0.0,2.0816681711721685e-15,0.025,0.0,-0.03,0.0,1.0,0.0,0.01
53,1.7666321996626455,40,0.04821157823478053,0.0,-0.020310852952702,0.009689147047297998,0.0003108529527020027,0.6217059054040054,-4.6543579316620206e-05,0.0005360520614054958,0.3730235432424032,0.025,0.0,-0.03,0.0,1.0,0.0,0.01
53,1.7666321996626455,41,0.049310260649784575,0.0,-0.020899987285582042,0.009100012714417956,0.0008999872855820438,1.7999745711640875,-0.0005142381312618295,0.0002781780507247617,1.0799847426984526,0.025,0.0,-0.03,0.0,1.0,0.0,0.01
53,1.7666321996626455,42,0.050409647913105315,0.0,-0.021487789840842278,0.008512210159157721,0.0014877898408422793,2.9755796816845583,-8.436881750880374e-05,0.0006041035627968828,1.7853478090107349,0.025,0.0,-0.03,0.0,1.0,0.0,0.01
53,1.7666321996626455,43,0.05151017978311939,0.0,-0.022073452682686026,0.007926547317313973,0.0020734526826860274,4.146905365372055,-0.0005877304396509439,0.00028447953116964676,2.488143219223233,0.025,0.0,-0.03,0.0,1.0,0.0,0.01
53,1.7666321996626455,44,0.052612268855499876,0.0,-0.02265615901063134,0.007343840989368657,0.002656159010631343,5.312318021262686,-0.00012547684687055086,0.0006689430819581643,3.1873908127576116,0.025,0.0,-0.03,0.0,1.0,0.0,0.01
53,1.7666321996626455,45,0.0537163394152003,0.0,-0.023235105497107097,0.006764894502892901,0.003235105497107099,6.470210994214198,-0.0006583214633583855,0.0002880621282830891,3.8821265965285185,0.025,0.0,-0.03,0.0,1.0,0.0,0.01
53,1.7666321996626455,46,0.054822781560224805,0.0,-0.023809480273325957,0.006190519726674042,0.003809480273325958,7.618960546651916,-0.0001594822012526043,0.000725038248251068,4.57137632799115,0.025,0.0,-0.03,0.0,1.0,0.0,0.01
53,1.7666321996626455,47,0.05592992739494854,0.0,-0.024382115945735926,0.0056178840542640725,0.004382115945735928,8.764231891471855,-0.0008142405093886732,0.0002429604118958892,5.2585391348831125,0.025,0.0,-0.03,0.0,1.0,0.0,0.01
53,1.7666321996626455,48,0.056806134837252935,0.0,-0.025268678544130306,0.004731321455869693,0.005268678544130307,10.537357088260615,-3.880557195835923e-05,0.0007354442049683548,6.322414252956369,0.025,0.0,-0.03,0.0,1.0,0.0,0.01
53,1.7666321996626455,49,0.057679879021585626,0.0,-0.026157681814879805,0.0038423181851201943,0.006157681814879806,12.315363629759611,-0.0010373472481928884,0.00018937033550699863,7.389218177855766,0.025,0.0,-0.03,0.0,1.0,0.0,0.01
53,1.7666321996626455,50,0.05855146346500374,0.0,-0.027048792445227145,0.0029512075547728535,0.007048792445227147,14.097584890454293,-2.0428182585234206e-05,0.0008847961040739802,8.458550934272575,0.025,0.0,-0.03,0.0,1.0,0.0,0.01
53,1.7666321996626455,51,0.0594212221622917,0.0,-0.02794169946618107,0.002058300533818929,0.007941699466181071,15.883398932362143,-0.001195048263724845,0.0001911724943421747,9.530039359417286,0.025,0.0,-0.03,0.0,1.0,0.0,0.01
53,1.7666321996626455,52,0.06028946861479054,0.0,-0.028836064286045546,0.0011639357139544525,0.008836064286045548,17.672128572091097,-1.3218269863365488e-05,0.00103561080244904,10.603277143254658,0.025,0.0,-0.03,0.0,1.0,0.0,0.01
53,1.7666321996626455,53,0.06115654845219986,0.0,-0.029731575667413634,0.00026842433258636444,0.009731575667413636,19.46315133482727,-0.0013464576425732306,0.00018786614618824295,11.677890800896362,0.025,0.0,-0.03,0.0,1.0,0.0,0.01
53,1.7666321996626455,54,0.06202278112614645,0.0,-0.03062789130008871,0.0006278913000887128,0.009372108699911287,18.744217399822574,1.2339804570737994e-05,0.0011817954910317665,11.246530439893544,0.025,0.0,-0.03,0.0,1.0,0.0,0.01
53,1.7666321996626455,55,0.0628885197910161,0.0,-0.031524700609868075,0.0015247006098680765,0.008475299390131924,16.950598780263846,0.0014911758022669451,0.00017916627017605663,10.170359268158307,0.025,0.0,-0.03,0.0,1.0,0.0,0.01
53,1.7666321996626455,56,0.06375408593559076,0.0,-0.03242165881746139,0.0024216588174613904,0.00757834118253861,15.15668236507722,1.8519580811484438e-05,0.001322988667219827,9.094009419046332,0.025,0.0,-0.03,0.0,1.0,0.0,0.01
53,1.7666321996626455,57,0.06461983601183988,0.0,-0.03331845687316503,0.0033184568731650307,0.0066815431268349695,13.36308625366994,0.0016284205939277765,0.0001652625771217561,8.017851752201963,0.025,0.0,-0.03,0.0,1.0,0.0,0.01
53,1.7666321996626455,58,0.06548608957953816,0.0,-0.03421474874742972,0.00421474874742972,0.005785251252570281,11.570502505140562,3.242718121654754e-05,0.0014588382034465502,6.9423015030843365,0.025,0.0,-0.03,0.0,1.0,0.0,0.01
53,1.7666321996626455,59,0.06635320213339566,0.0,-0.035110227736895205,0.0051102277368952065,0.004889772263104794,9.779544526209587,0.0017575022155377222,0.00014631386568525871,5.867726715725753,0.025,0.0,-0.03,0.0,1.0,0.0,0.01
53,1.7666321996626455,60,0.06722148734661659,0.0,-0.03600454780118372,0.0060045478011837225,0.003995452198816278,7.990904397632556,5.463075322662478e-05,0.0015889463889901686,4.794542638579533,0.025,0.0,-0.03,0.0,1.0,0.0,0.01
53,1.7666321996626455,61,0.06809129553830953,0.0,-0.036897405422043464,0.006897405422043465,0.0031025945779565352,6.205189155913071,0.0018778947050271616,0.0001223578769421304,3.7231134935478423,0.025,0.0,-0.03,0.0,1.0,0.0,0.01
53,1.7666321996626455,62,0.06896293061432006,0.0,-0.0377884558531724,0.0077884558531724005,0.0022115441468275997,4.4230882936552,8.477415668168242e-05,0.001712024711692113,2.6538529761931198,0.025,0.0,-0.03,0.0,1.0,0.0,0.01
53,1.7666321996626455,63,0.06983673356308036,0.0,-0.03867739970763291,0.008677399707632913,0.0013226002923670873,2.6452005847341744,0.001998088967321175,8.43108739454133e-05,1.5871203508405045,0.025,0.0,-0.03,0.0,1.0,0.0,0.01
53,1.7666321996626455,64,0.07069769533797177,0.0,-0.03957866892912671,0.009578668929126712,0.0004213310708732886,0.8426621417465773,0.00010872534999721468,0.0018139911687912122,0.5055972850479463,0.025,0.0,-0.03,0.0,1.0,0.0,0.01
54,1.7999648826751482,0,0.0,0.0,-0.02,0.009999999999999998,1.734723475976807e-18,3.469446951953614e-15,0.0,0.0,2.0816681711721685e-15,0.025,0.0,-0.03,0.0,1.0,0.0,0.01
54,1.7999648826751482,40,0.04820737212525894,0.0,-0.020319243241447155,0.009680756758552844,0.000319243241447156,0.638486482894312,-0.00018016674948896134,0.00023870740437388014,0.3830918897365872,0.025,0.0,-0.03,0.0,1.0,0.0,0.01
54,1.7999648826751482,41,0.049305562490825475,0.0,-0.02090928196704599,0.009090718032954009,0.0009092819670459915,1.818563934091983,-0.00033659112225769465,6.796383513050814e-06,1.0911383604551899,0.025,0.0,-0.03,0.0,1.0,0.0,0.01
54,1.7999648826751482,42,0.050404471073459904,0.0,-0.021497994713898492,0.008502005286101507,0.0014979947138984932,2.9959894277969865,-0.00022048570914837652,0.0002903631982420534,1.7975936566781918,0.025,0.0,-0.03,0.0,1.0,0.0,0.01
54,1.7999648826751482,43,0.05150451472828958,0.0,-0.022084560216952317,0.007915439783047682,0.002084560216952318,4.169120433904636,-0.0004005698762581493,1.1324919813336629e-05,2.5014722603427817,0.025,0.0,-0.03,0.0,1.0,0.0,0.01
54,1.7999648826751482,44,0.05260613248330696,0.0,-0.022668174345454747,0.0073318256545452515,0.0026681743454547487,5.336348690909498,-0.00026158673319011627,0.0003412713756426024,3.2018092145456984,0.025,0.0,-0.03,0.0,1.0,0.0,0.01
54,1.7999648826751482,45,0.053709723357065337,0.0,-0.023248019335425908,0.006751980664574091,0.003248019335425909,6.496038670851818,-0.00046380766629520315,1.614128083226999e-05,3.897623202511091,0.025,0.0,-0.03,0.0,1.0,0.0,0.01
54,1.7999648826751482,46,0.05481570604535285,0.0,-0.023823297045218683,0.006176702954781316,0.0038232970452186845,7.646594090437369,-0.0002990589100862142,0.00038867730999424943,4.587956454262422,0.025,0.0,-0.03,0.0,1.0,0.0,0.01
54,1.7999648826751482,47,0.055922379734363606,0.0,-0.024396826949086674,0.005603173050913325,0.004396826949086675,8.79365389817335,-0.0005594027402069384,3.876652872565773e-05,5.27619233890401,0.025,0.0,-0.03,0.0,1.0,0.0,0.01
54,1.7999648826751482,48,0.056797399750809004,0.0,-0.02528457440124681,0.004715425598753188,0.005284574401246812,10.569148802493624,-0.00028318910789871133,0.000431063394455378,6.341489281496174,0.025,0.0,-0.03,0.0,1.0,0.0,0.01
54,1.7999648826751482,49,0.057669935351471045,0.0,-0.026174750506146184,0.003825249493853815,0.006174750506146185,12.349501012292372,-0.0006912303505926293,9.178918076730179e-05,7.409700607375423,0.025,0.0,-0.03,0.0,1.0,0.0,0.01
54,1.7999648826751482,50,0.05854031920526944,0.0,-0.027067049148229865,0.0029329508517701337,0.0070670491482298665,14.134098296459733,-0.000308385127390718,0.0005361152547945513,8.48045897787584,0.025,0.0,-0.03,0.0,1.0,0.0,0.01
54,1.7999648826751482,51,0.05940885631295553,0.0,-0.027961128725770737,0.002038871274229262,0.007961128725770738,15.922257451541476,-0.0007990779927058443,0.00012516983915343482,9.553354470924885,0.025,0.0,-0.03,0.0,1.0,0.0,0.01
54,1.7999648826751482,52,0.06027589349676687,0.0,-0.02885668351372413,0.0011433164862758687,0.008856683513724132,17.713367027448264,-0.00033826490564707015,0.0006421648190518437,10.628020216468958,0.025,0.0,-0.03,0.0,1.0,0.0,0.01
54,1.7999648826751482,53,0.06114174290457673,0.0,-0.029753366688693165,0.00024663331130683405,0.009753366688693166,19.506733377386333,-0.0009042172181695181,0.00016096317846323797,11.7040400264318,0.025,0.0,-0.03,0.0,1.0,0.0,0.01
54,1.7999648826751482,54,0.0620067617429505,0.0,-0.03065087356173831,0.0006508735617383118,0.009349126438261688,18.698252876523377,0.00037089674325409527,0.0007463583385088036,11.218951725914026,0.025,0.0,-0.03,0.0,1.0,0.0,0.01
54,1.7999648826751482,55,0.06287126543592178,0.0,-0.03154885343360745,0.0015488534336074514,0.008451146566392549,16.902293132785097,0.0010064017023655616,0.000199352004810777,10.141375879671058,0.025,0.0,-0.03,0.0,1.0,0.0,0.01
54,1.7999648826751482,56,0.0637356173443112,0.0,-0.03244700349867078,0.0024470034986707814,0.007552996501329219,15.105993002658437,0.0004066933314877629,0.0008483025312671238,9.063595801595062,0.025,0.0,-0.03,0.0,1.0,0.0,0.01
54,1.7999648826751482,57,0.06460013224297216,0.0,-0.03334497045268194,0.003344970452681943,0.006655029547318057,13.310059094636115,0.001105161241371204,0.00024020598494740752,7.986035456781669,0.025,0.0,-0.03,0.0,1.0,0.0,0.01
54,1.7999648826751482,58,0.06546517535271518,0.0,-0.03424245414662587,0.004242454146625871,0.005757545853374129,11.515091706748258,0.0004460308535642778,0.0009476419584271984,6.909055024048954,0.025,0.0,-0.03,0.0,1.0,0.0,0.01
54,1.7999648826751482,59,0.06633105685258978,0.0,-0.03513909994691909,0.005139099946919093,0.004860900053080907,9.721800106161815,0.0012000914692037949,0.00028338621040335387,5.833080063697089,0.025,0.0,-0.03,0.0,1.0,0.0,0.01
54,1.7999648826751482,60,0.06719813953111341,0.0,-0.03603461111383617,0.006034611113836172,0.003965388886163828,7.930777772327657,0.000489213227743673,0.0010440217527334864,4.758466663396594,0.025,0.0,-0.03,0.0,1.0,0.0,0.01
54,1.7999648826751482,61,0.06806672506954081,0.0,-0.036928633014419426,0.0069286330144194275,0.0030713669855805727,6.142733971161145,0.0012909037211642777,0.00032880569926802466,3.685640382696687,0.025,0.0,-0.03,0.0,1.0,0.0,0.01
54,1.7999648826751482,62,0.06893716959182668,0.0,-0.037820873110754605,0.007820873110754606,0.0021791268892453943,4.358253778490789,0.0005360362145352989,0.001136640912000718,2.614952267094473,0.025,0.0,-0.03,0.0,1.0,0.0,0.01
54,1.7999648826751482,63,0.06980976254157882,0.0,-0.0387109781517433,0.0087109781517433,0.0012890218482567006,2.5780436965134013,0.0013812967598865469,0.0003803792798381809,1.5468262179080408,0.025,0.0,-0.03,0.0,1.0,0.0,0.01
54,1.7999648826751482,64,0.07066944095195322,0.0,-0.039613498744579256,0.009613498744579257,0.00038650125542074275,0.7730025108414855,0.0005814513194627088,0.0012210177079309944,0.46380150650489127,0.025,0.0,-0.03,0.0,1.0,0.0,0.01
55,1.833297565687651,0,0.0,0.0,-0.02,0.009999999999999998,1.734723475976807e-18,3.469446951953614e-15,0.0,0.0,2.0816681711721685e-15,0.025,0.0,-0.03,0.0,1.0,0.0,0.01
55,1.833297565687651,40,0.04820346250117509,0.0,-0.02032701607997665,0.009672983920023349,0.00032701607997665146,0.6540321599533029,-0.00045800215211597655,0.0003259795906625858,0.3924192959719817,0.025,0.0,-0.03,0.0,1.0,0.0,0.01
55,1.833297565687651,41,0.04930120526792477,0.0,-0.02091789775806739,0.009082102241932608,0.0009178977580673927,1.8357955161347854,-1.1886427582209835e-06,0.0005921261448152799,1.1014773096808712,0.025,0.0,-0.03,0.0,1.0,0.0,0.01
55,1.833297565687651,42,0.050399659761478185,0.0,-0.021507448832250052,0.008492551167749947,0.0015074488322500534,3.014897664500107,-0.0005337425151934062,0.000353897532667491,1.8089385987000641,0.025,0.0,-0.03,0.0,1.0,0.0,0.01
55,1.833297565687651,43,0.05149926022885888,0.0,-0.02209485610206573,0.007905143897934268,0.0020948561020657317,4.189712204131464,-2.4132825613892697e-05,0.0006710149089068694,2.5138273224788783,0.025,0.0,-0.03,0.0,1.0,0.0,0.01
55,1.833297565687651,44,0.052600429903081114,0.0,-0.02267930597591568,0.0073206940240843205,0.0026793059759156797,5.358611951831359,-0.0006060689568136293,0.0003800548323233834,3.2151671710988157,0.025,0.0,-0.03,0.0,1.0,0.0,0.01
55,1.833297565687651,45,0.05370358628813587,0.0,-0.023259989234877654,0.006740010765122345,0.003259989234877655,6.51997846975531,-4.9333746154958787e-05,0.0007468591418358145,3.911987081853186,0.025,0.0,-0.03,0.0,1.0,0.0,0.01
55,1.833297565687651,46,0.054809131207468144,0.0,-0.02383609776918487,0.00616390223081513,0.0038360977691848704,7.672195538369741,-0.0006871903605457021,0.00039808381817205233,4.6033173230218445,0.025,0.0,-0.03,0.0,1.0,0.0,0.01
55,1.833297565687651,47,0.055915377540938865,0.0,-0.0244104633741226,0.005589536625877398,0.004410463374122603,8.820926748245205,2.7730258061814194e-05,0.0007645861767572896,5.292556048947122,0.025,0.0,-0.03,0.0,1.0,0.0,0.01
55,1.833297565687651,48,0.05678928478169678,0.0,-0.02529929869938136,0.004700701300618639,0.005299298699381361,10.598597398762722,-0.0009698187684791499,0.0003161574618026073,6.359158439257633,0.025,0.0,-0.03,0.0,1.0,0.0,0.01
55,1.833297565687651,49,0.05766070932094617,0.0,-0.026190571437892995,0.0038094285621070034,0.006190571437892997,12.381142875785994,0.0001513749181675535,0.0008638720144672183,7.4286857254715954,0.025,0.0,-0.03,0.0,1.0,0.0,0.01
55,1.833297565687651,50,0.05852996710866437,0.0,-0.02708395813274354,0.0029160418672564588,0.007083958132743541,14.167916265487083,-0.0011526092199652808,0.0003492226469204876,8.50074975929225,0.025,0.0,-0.03,0.0,1.0,0.0,0.01
55,1.833297565687651,51,0.05939738279403507,0.0,-0.027979136051684603,0.002020863948315396,0.007979136051684604,15.958272103369207,0.00019884300735159173,0.0010302098661383195,9.574963262021525,0.025,0.0,-0.03,0.0,1.0,0.0,0.01
55,1.833297565687651,52,0.060263284144549865,0.0,-0.028875778826961077,0.0011242211730389216,0.008875778826961079,17.751557653922156,-0.0013225204015947286,0.000383154864263802,10.650934592353293,0.025,0.0,-0.03,0.0,1.0,0.0,0.01
55,1.833297565687651,53,0.06112800559200036,0.0,-0.02977356140877791,0.0002264385912220876,0.009773561408777913,19.547122817555824,0.0002390080493913556,0.0011919295361459868,11.728273690533493,0.025,0.0,-0.03,0.0,1.0,0.0,0.01
55,1.833297565687651,54,0.06199188275564453,0.0,-0.03067215572253603,0.0006721557225360317,0.009327844277463969,18.655688554927938,0.0014851342007218503,0.0004109280191700272,11.193413132956762,0.025,0.0,-0.03,0.0,1.0,0.0,0.01
55,1.833297565687651,55,0.06285525582162514,0.0,-0.03157123549140354,0.00157123549140354,0.00842876450859646,16.85752901719292,-0.00027130214033912125,0.0013479393542290875,10.114517410315752,0.025,0.0,-0.03,0.0,1.0,0.0,0.01
55,1.833297565687651,56,0.06371846419759149,0.0,-0.03247047200869626,0.0024704720086962603,0.00752952799130374,15.05905598260748,0.0016392798767510348,0.000432500960209834,9.035433589564487,0.025,0.0,-0.03,0.0,1.0,0.0,0.01
55,1.833297565687651,57,0.06458184970810533,0.0,-0.03336953879131367,0.0033695387913136726,0.006630461208686328,13.260922417372655,-0.00029461545805251245,0.0014977779895066342,7.956553450423592,0.025,0.0,-0.03,0.0,1.0,0.0,0.01
55,1.833297565687651,58,0.06544575142484503,0.0,-0.034268107523704835,0.004268107523704837,0.005731892476295164,11.463784952590327,0.001783840885845389,0.00044785180913044996,6.878270971554196,0.025,0.0,-0.03,0.0,1.0,0.0,0.01
55,1.833297565687651,59,0.06631050867208564,0.0,-0.035165852518455776,0.005165852518455777,0.004834147481544223,9.668294963088446,-0.00030794428207127974,0.0016409415454254567,5.800976977853067,0.025,0.0,-0.03,0.0,1.0,0.0,0.01
55,1.833297565687651,60,0.06717645606525639,0.0,-0.036062446875938806,0.006062446875938807,0.0039375531240611935,7.875106248122387,0.0019178224957404478,0.0004568945170605871,4.725063748873432,0.025,0.0,-0.03,0.0,1.0,0.0,0.01
55,1.833297565687651,61,0.06804392633104082,0.0,-0.03695756674054017,0.006957566740540169,0.003042433259459831,6.084866518919662,-0.00031050577423333503,0.0017767620230711987,3.6509199113517967,0.025,0.0,-0.03,0.0,1.0,0.0,0.01
55,1.833297565687651,62,0.06891324557699502,0.0,-0.037850887708271386,0.007850887708271387,0.0021491122917286134,4.298224583457227,0.0020414628368268213,0.00045833110312493435,2.578934750074336,0.025,0.0,-0.03,0.0,1.0,0.0,0.01
55,1.833297565687651,63,0.06978473593974363,0.0,-0.03874208887695863,0.008742088876958633,0.0012579111230413675,2.515822246082735,-0.00031310497837454493,0.0018928113463367853,1.509493347649641,0.025,0.0,-0.03,0.0,1.0,0.0,0.01
55,1.833297565687651,64,0.07064320212490299,0.0,-0.03964574629489677,0.00964574629489677,0.00035425370510322983,0.7085074102064597,0.002176763576169654,0.0004272528900983631,0.4251044461238758,0.025,0.0,-0.03,0.0,1.0,0.0,0.01
56,1.8666302487001536,0,0.0,0.0,-0.02,0.009999999999999998,1.734723475976807e-18,3.469446951953614e-15,0.0,0.0,2.0816681711721685e-15,0.025,0.0,-0.03,0.0,1.0,0.0,0.01
56,1.8666302487001536,40,0.04819983411143298,0.0,-0.02033421933808002,0.00966578066191998,0.00033421933808002076,0.6684386761600415,-8.66659625925662e-05,0.0003322191830862941,0.4010632056960249,0.025,0.0,-0.03,0.0,1.0,0.0,0.01
56,1.8666302487001536,41,0.049297159737808106,0.0,-0.02092588124938174,0.009074118750618258,0.0009258812493817426,1.8517624987634853,-0.00035552906093883676,0.00011789375620317062,1.111057499258091,0.025,0.0,-0.03,0.0,1.0,0.0,0.01
56,1.8666302487001536,42,0.05039519429517716,0.0,-0.021516209975702822,0.008483790024297177,0.0015162099757028234,3.0324199514056467,-0.0001247121776551707,0.0003707596400198708,1.8194519708433878,0.025,0.0,-0.03,0.0,1.0,0.0,0.01
56,1.8666302487001536,43,0.05149438185644359,0.0,-0.02210439646724943,0.00789560353275057,0.00210439646724943,4.2087929344988595,-0.0004064009522929536,0.00010721033067529972,2.5252757606993157,0.025,0.0,-0.03,0.0,1.0,0.0,0.01
56,1.8666302487001536,44,0.052595137009185666,0.0,-0.02268962151515555,0.007310378484844449,0.0026896215151555516,5.379243030311103,-0.00016466302703132936,0.0004071190400826297,3.2275458181866616,0.025,0.0,-0.03,0.0,1.0,0.0,0.01
56,1.8666302487001536,45,0.05369788873032932,0.0,-0.023271080865948063,0.006728919134051936,0.003271080865948064,6.542161731896128,-0.00045545613881350526,9.492464309951375e-05,3.9252970391376767,0.025,0.0,-0.03,0.0,1.0,0.0,0.01
56,1.8666302487001536,46,0.05480302850513138,0.0,-0.023847959920579885,0.006152040079420114,0.0038479599205798864,7.695919841159773,-0.00020126014623908766,0.00043857584809125295,4.617551904695864,0.025,0.0,-0.03,0.0,1.0,0.0,0.01
56,1.8666302487001536,47,0.055908877037771545,0.0,-0.024423099271235288,0.005576900728764711,0.004423099271235289,8.846198542470578,-0.0005481765734519656,5.738006377630771e-05,5.307719125482347,0.025,0.0,-0.03,0.0,1.0,0.0,0.01
56,1.8666302487001536,48,0.05678175243099164,0.0,-0.025312942585184815,0.004687057414815184,0.005312942585184817,10.625885170369633,-0.00016055790989164548,0.00045270341143123255,6.37553110222178,0.025,0.0,-0.03,0.0,1.0,0.0,0.01
56,1.8666302487001536,49,0.05765214496996617,0.0,-0.02620522984349765,0.0037947701565023487,0.0062052298434976515,12.410459686995303,-0.0006795907956699645,3.5787205584593074e-06,7.4462758121971815,0.025,0.0,-0.03,0.0,1.0,0.0,0.01
56,1.8666302487001536,50,0.05852035846030782,0.0,-0.027099624700156026,0.0029003752998439727,0.0070996247001560275,14.199249400312056,-0.00017596267930210447,0.0005465828997269918,8.519549640187233,0.025,0.0,-0.03,0.0,1.0,0.0,0.01
56,1.8666302487001536,51,0.059386732592404574,0.0,-0.027995818750950287,0.002004181249049712,0.007995818750950288,15.991637501900577,-0.0007769989399753223,2.136325028596134e-05,9.594982501140345,0.025,0.0,-0.03,0.0,1.0,0.0,0.01
56,1.8666302487001536,52,0.06025158052373212,0.0,-0.02889346955079815,0.0011065304492018473,0.008893469550798153,17.786939101596307,-0.00019702396367402456,0.000641389048884511,10.672163460957783,0.025,0.0,-0.03,0.0,1.0,0.0,0.01
56,1.8666302487001536,53,0.061115254420341734,0.0,-0.029792269307052564,0.00020773069294743526,0.009792269307052565,19.58453861410513,-0.0008712674020253308,4.902425370395574e-05,11.750723168463079,0.025,0.0,-0.03,0.0,1.0,0.0,0.01
56,1.8666302487001536,54,0.061978072674308424,0.0,-0.030691871055208195,0.0006918710552081958,0.009308128944791804,18.616257889583608,0.00022123841402609743,0.0007340631734359459,11.169754733750164,0.025,0.0,-0.03,0.0,1.0,0.0,0.01
56,1.8666302487001536,55,0.06284039579324999,0.0,-0.03159196852683331,0.0015919685268333122,0.008408031473166688,16.816062946333375,0.0009622445621378179,7.93725455146437e-05,10.089637767800024,0.025,0.0,-0.03,0.0,1.0,0.0,0.01
56,1.8666302487001536,56,0.06370254345722119,0.0,-0.032492211475153326,0.0024922114751533275,0.007507788524846673,15.015577049693345,0.0002488781228365216,0.000824410116981716,9.009346229816007,0.025,0.0,-0.03,0.0,1.0,0.0,0.01
56,1.8666302487001536,57,0.06456488025457645,0.0,-0.03339229598674573,0.0033922959867457303,0.00660770401325427,13.21540802650854,0.0010496126979798184,0.00011217870271100567,7.929244815905124,0.025,0.0,-0.03,0.0,1.0,0.0,0.01
56,1.8666302487001536,58,0.06542772316030188,0.0,-0.03429186975256749,0.004291869752567491,0.005708130247432509,11.416260494865018,0.0002801919597317523,0.0009122257692209771,6.8497562969190104,0.025,0.0,-0.03,0.0,1.0,0.0,0.01
56,1.8666302487001536,59,0.06629143654748476,0.0,-0.035190631990115455,0.005190631990115456,0.004809368009884544,9.618736019769088,0.001133089262875225,0.00014723726450207783,5.771241611861453,0.025,0.0,-0.03,0.0,1.0,0.0,0.01
56,1.8666302487001536,60,0.06715633070976981,0.0,-0.036088229584502945,0.006088229584502947,0.003911770415497054,7.823540830994107,0.00031539076321684636,0.0009972759944680927,4.694124498596464,0.025,0.0,-0.03,0.0,1.0,0.0,0.01
56,1.8666302487001536,61,0.06802276553672519,0.0,-0.03698436566150928,0.006984365661509284,0.003015634338490716,6.031268676981432,0.0012124510533615166,0.00018440234905142477,3.618761206188859,0.025,0.0,-0.03,0.0,1.0,0.0,0.01
56,1.8666302487001536,62,0.06889104075226536,0.0,-0.03787868763876964,0.007878687638769644,0.0021213123612303566,4.242624722460713,0.00035428458738637344,0.0010789223395929477,2.5455748334764277,0.025,0.0,-0.03,0.0,1.0,0.0,0.01
56,1.8666302487001536,63,0.06976150753398191,0.0,-0.038770903433023286,0.008770903433023287,0.0012290965669767128,2.4581931339534258,0.0012918271770250493,0.00022798706551922147,1.4749158803720555,0.025,0.0,-0.03,0.0,1.0,0.0,0.01
56,1.8666302487001536,64,0.07061884880002857,0.0,-0.03967561350510458,0.009675613505104583,0.0003243864948954175,0.648772989790835,0.0003905070793017244,0.0011512146028241858,0.389263793874501,0.025,0.0,-0.03,0.0,1.0,0.0,0.01
57,1.8999629317126563,0,0.0,0.0,-0.02,0.009999999999999998,1.734723475976807e-18,3.469446951953614e-15,0.0,0.0,2.0816681711721685e-15,0.025,0.0,-0.03,0.0,1.0,0.0,0.01
57,1.8999629317126563,40,0.048196469696914275,0.0,-0.020340895863148443,0.009659104136851556,0.0003408958631484441,0.6817917262968882,-8.152288185009262e-05,0.00030574532271021105,0.4090750357781329,0.025,0.0,-0.03,0.0,1.0,0.0,0.01
57,1.8999629317126563,41,0.04929340147809343,0.0,-0.02093327718085322,0.009066722819146777,0.0009332771808532227,1.8665543617064455,-0.00033635350796814233,0.0001221203729719022,1.1199326170238673,0.025,0.0,-0.03,0.0,1.0,0.0,0.01
57,1.8999629317126563,42,0.0503910534703249,0.0,-0.02152433030018093,0.008475669699819069,0.0015243303001809313,3.0486606003618624,-0.00010022338816860149,0.00037274881877709593,1.8291963602171173,0.025,0.0,-0.03,0.0,1.0,0.0,0.01
57,1.8999629317126563,43,0.05148985011619365,0.0,-0.02211323476580816,0.00788676523419184,0.0021132347658081602,4.2264695316163206,-0.0004005717644957801,0.00014474682643236334,2.5358817189697924,0.025,0.0,-0.03,0.0,1.0,0.0,0.01
57,1.8999629317126563,44,0.052590228716252525,0.0,-0.02269918239503124,0.00730081760496876,0.00269918239503124,5.39836479006248,-0.00011972349209537189,0.00044024144471399736,3.239018874037488,0.025,0.0,-0.03,0.0,1.0,0.0,0.01
57,1.8999629317126563,45,0.05369259618845026,0.0,-0.023281356363145506,0.006718643636854493,0.0032813563631455076,6.562712726291015,-0.00046422816281704903,0.00016801446013017896,3.937627635774609,0.025,0.0,-0.03,0.0,1.0,0.0,0.01
57,1.8999629317126563,46,0.05479736902569611,0.0,-0.023858954238222953,0.0061410457617770454,0.0038589542382229548,7.71790847644591,-0.00013248560858739855,0.0005036834187206864,4.630745085867546,0.025,0.0,-0.03,0.0,1.0,0.0,0.01
57,1.8999629317126563,47,0.05590283921322453,0.0,-0.024434804673787024,0.005565195326212975,0.004434804673787025,8.86960934757405,-0.0005898229111420422,0.00015860874135965782,5.32176560854443,0.025,0.0,-0.03,0.0,1.0,0.0,0.01
57,1.8999629317126563,48,0.05677476599867115,0.0,-0.025325589046665993,0.004674410953334006,0.005325589046665994,10.651178093331989,-3.3504373572348704e-05,0.0005356916669041171,6.390706855999193,0.025,0.0,-0.03,0.0,1.0,0.0,0.01
57,1.8999629317126563,49,0.057644191610430925,0.0,-0.02621880630821754,0.00378119369178246,0.00621880630821754,12.43761261643508,-0.0007688655131651258,0.0001388061312072611,7.462567569861048,0.025,0.0,-0.03,0.0,1.0,0.0,0.01
57,1.8999629317126563,50,0.05851144615927511,0.0,-0.027114144970563855,0.002885855029436144,0.007114144970563856,14.228289941127713,-1.02672411399461e-06,0.0006637900773018985,8.536973964676628,0.025,0.0,-0.03,0.0,1.0,0.0,0.01
57,1.8999629317126563,51,0.059376842757977555,0.0,-0.028011268496119398,0.001988731503880601,0.0080112684961194,16.0225369922388,-0.0009043742780192272,0.00015787974568844587,9.613522195343279,0.025,0.0,-0.03,0.0,1.0,0.0,0.01
57,1.8999629317126563,52,0.06024072504632342,0.0,-0.028909864866085877,0.0010901351339141219,0.008909864866085878,17.819729732171755,2.4356622966475093e-05,0.0007939189470482829,10.691837839303053,0.025,0.0,-0.03,0.0,1.0,0.0,0.01
57,1.8999629317126563,53,0.06110341412585447,0.0,-0.029809593203193534,0.00019040679680646516,0.009809593203193535,19.61918640638707,-0.0010361041046620556,0.00017402821755561267,11.771511843832242,0.025,0.0,-0.03,0.0,1.0,0.0,0.01
57,1.8999629317126563,54,0.06196526332045418,0.0,-0.030710141758717797,0.0007101417587177979,0.009289858241282202,18.579716482564404,-4.5779142683055885e-05,0.0009212693500434134,11.147829889538642,0.025,0.0,-0.03,0.0,1.0,0.0,0.01
57,1.8999629317126563,55,0.06282659777157266,0.0,-0.03161116656597117,0.00161116656597117,0.00838883343402883,16.77766686805766,0.0011633788973893743,0.0001866797543654941,10.066600120834597,0.025,0.0,-0.03,0.0,1.0,0.0,0.01
57,1.8999629317126563,56,0.06368777628607357,0.0,-0.03251235705138717,0.002512357051387172,0.007487642948612828,14.975285897225657,-6.223370989299116e-05,0.0010452734778917427,8.985171538335393,0.025,0.0,-0.03,0.0,1.0,0.0,0.01
57,1.8999629317126563,57,0.0645491240306073,0.0,-0.03341336733541406,0.003413367335414058,0.006586632664585942,13.173265329171883,0.001285126699569818,0.00019567714007648866,7.90395919750313,0.025,0.0,-0.03,0.0,1.0,0.0,0.01
57,1.8999629317126563,58,0.06541100103097221,0.0,-0.034313888856486854,0.0043138888564868555,0.005686111143513145,11.37222228702629,-7.271646001970866e-05,0.001165363123410021,6.823333372215774,0.025,0.0,-0.03,0.0,1.0,0.0,0.01
57,1.8999629317126563,59,0.0662737284424821,0.0,-0.035213574996593056,0.005213574996593057,0.0047864250034069435,9.572850006813887,0.0014003235634354719,0.00020082110428283782,5.743710004088332,0.025,0.0,-0.03,0.0,1.0,0.0,0.01
57,1.8999629317126563,60,0.06713766324829198,0.0,-0.03611212002850949,0.006112120028509492,0.003887879971490508,7.775759942981017,-7.628857707699697e-05,0.0012809149583350825,4.66545596578861,0.025,0.0,-0.03,0.0,1.0,0.0,0.01
57,1.8999629317126563,61,0.06800311860003852,0.0,-0.0370091778198753,0.007009177819875298,0.0029908221801247022,5.981644360249405,0.001508092253599146,0.00020177383413819974,3.5889866161496426,0.025,0.0,-0.03,0.0,1.0,0.0,0.01
57,1.8999629317126563,62,0.06887044423911702,0.0,-0.037904446344067956,0.007904446344067957,0.002095553655932043,4.191107311864086,-7.291263670915287e-05,0.0013904045806513005,2.5146643871184517,0.025,0.0,-0.03,0.0,1.0,0.0,0.01
57,1.8999629317126563,63,0.06973994146775762,0.0,-0.03879758124247393,0.008797581242473929,0.0012024187575260716,2.4048375150521433,0.0016157178998834328,0.00018985509957371896,1.442902509031286,0.025,0.0,-0.03,0.0,1.0,0.0,0.01
57,1.8999629317126563,64,0.07059625882374329,0.0,-0.03970328686098586,0.009703286860985864,0.0002967131390141358,0.5934262780282716,-7.513524656430565e-05,0.0014802983539614388,0.356055766816963,0.025,0.0,-0.03,0.0,1.0,0.0,0.01
58,1.9332956147251592,0,0.0,0.0,-0.02,0.009999999999999998,1.734723475976807e-18,3.469446951953614e-15,0.0,0.0,2.0816681711721685e-15,0.025,0.0,-0.03,0.0,1.0,0.0,0.01
58,1.9332956147251592,40,0.04819334446396309,0.0,-0.02034708078386938,0.00965291921613062,0.0003470807838693805,0.6941615677387609,-0.0003624027572934649,0.0002534841034542735,0.41649694064325654,0.025,0.0,-0.03,0.0,1.0,0.0,0.01
58,1.9332956147251592,41,0.04928991703682456,0.0,-0.020940132032293637,0.009059867967706362,0.000940132032293638,1.8802640645872761,-1.436693988211237e-06,0.0004688286168089236,1.1281584387523655,0.025,0.0,-0.03,0.0,1.0,0.0,0.01
58,1.9332956147251592,42,0.050387207435827176,0.0,-0.021531852869843233,0.008468147130156766,0.0015318528698432341,3.063705739686468,-0.0004257689320246495,0.0002812025051387227,1.8382234438118807,0.025,0.0,-0.03,0.0,1.0,0.0,0.01
58,1.9332956147251592,43,0.051485648183104304,0.0,-0.022121426231153464,0.007878573768846535,0.0021214262311534653,4.242852462306931,-1.6396284601650766e-05,0.0005376896426375168,2.5457114773841583,0.025,0.0,-0.03,0.0,1.0,0.0,0.01
58,1.9332956147251592,44,0.05258567019223096,0.0,-0.02270803964174759,0.0072919603582524105,0.0027080396417475897,5.416079283495179,-0.00048675701094532905,0.0003083083055113551,3.2496475700971073,0.025,0.0,-0.03,0.0,1.0,0.0,0.01
58,1.9332956147251592,45,0.053687688500227246,0.0,-0.023290879645493104,0.006709120354506895,0.003290879645493105,6.58175929098621,-3.288415121885067e-05,0.0006049034091727256,3.9490555745917257,0.025,0.0,-0.03,0.0,1.0,0.0,0.01
58,1.9332956147251592,46,0.054792113173284356,0.0,-0.023869139527815317,0.006130860472184682,0.003869139527815318,7.7382790556306364,-0.0005552286602707615,0.00032953234289425493,4.642967433378382,0.025,0.0,-0.03,0.0,1.0,0.0,0.01
58,1.9332956147251592,47,0.05589723978268093,0.0,-0.0244456536902966,0.0055543463097034,0.0044456536902966,8.8913073805932,3.589820910161953e-05,0.0006244078343202663,5.3347844283559205,0.025,0.0,-0.03,0.0,1.0,0.0,0.01
58,1.9332956147251592,48,0.05676827918698344,0.0,-0.025337303140912218,0.004662696859087781,0.005337303140912219,10.674606281824438,-0.0007920668345604894,0.00026818050239135483,6.404763769094663,0.025,0.0,-0.03,0.0,1.0,0.0,0.01
58,1.9332956147251592,49,0.057636815043464,0.0,-0.026231388953314255,0.0037686110466857436,0.0062313889533142566,12.462777906628514,0.0001461310029450063,0.0007100774648892929,7.477666743977108,0.025,0.0,-0.03,0.0,1.0,0.0,0.01
58,1.9332956147251592,50,0.058503171862369745,0.0,-0.027127593319727805,0.0028724066802721937,0.0071275933197278065,14.255186639455612,-0.0009474479199499316,0.0003030541999648578,8.553111983673366,0.025,0.0,-0.03,0.0,1.0,0.0,0.01
58,1.9332956147251592,51,0.05936767006966541,0.0,-0.028025586293239188,0.001974413706760811,0.00802558629323919,16.05117258647838,0.00019410500611651902,0.0008516403870430788,9.630703551887027,0.025,0.0,-0.03,0.0,1.0,0.0,0.01
58,1.9332956147251592,52,0.06023064720430134,0.0,-0.028925048673930673,0.0010749513260693254,0.008925048673930675,17.85009734786135,-0.001092698538791588,0.0003389091146264001,10.71005840871681,0.025,0.0,-0.03,0.0,1.0,0.0,0.01
58,1.9332956147251592,53,0.06109243231167788,0.0,-0.02982564689009569,0.00017435310990430997,0.00982564689009569,19.65129378019138,0.0002364130409000633,0.000989650197126337,11.790776268114827,0.025,0.0,-0.03,0.0,1.0,0.0,0.01
58,1.9332956147251592,54,0.06195337204800992,0.0,-0.030727061375120976,0.000727061375120977,0.009272938624879023,18.545877249758046,0.0012321880533335918,0.00036995487147998684,11.127526349854827,0.025,0.0,-0.03,0.0,1.0,0.0,0.01
58,1.9332956147251592,55,0.06281380005422493,0.0,-0.03162895607295668,0.0016289560729566832,0.008371043927043317,16.742087854086634,-0.0002724134761095189,0.001123171535327451,10.04525271245198,0.025,0.0,-0.03,0.0,1.0,0.0,0.01
58,1.9332956147251592,56,0.06367406796865764,0.0,-0.03253101204668146,0.0025310120466814634,0.007468987953318537,14.937975906637073,0.0013647988698797945,0.0003960773538058856,8.962785543982243,0.025,0.0,-0.03,0.0,1.0,0.0,0.01
58,1.9332956147251592,57,0.06453450993215909,0.0,-0.03343289183163622,0.0034328918316362186,0.006567108168363782,13.134216336727564,-0.00030102985874793845,0.0012517448147588738,7.880529802036538,0.025,0.0,-0.03,0.0,1.0,0.0,0.01
58,1.9332956147251592,58,0.0653954783624946,0.0,-0.034334278048319934,0.004334278048319935,0.005665721951680065,11.33144390336013,0.0014894441107285135,0.0004171599925808691,6.798866342016078,0.025,0.0,-0.03,0.0,1.0,0.0,0.01
58,1.9332956147251592,59,0.06625730378808964,0.0,-0.03523483289742981,0.005234832897429813,0.004765167102570187,9.530334205140376,-0.00032125777845006616,0.0013748606425446203,5.718200523084225,0.025,0.0,-0.03,0.0,1.0,0.0,0.01
58,1.9332956147251592,60,0.06712033520089504,0.0,-0.03613424146895542,0.006134241468955422,0.0038657585310445785,7.731517062089157,0.0016051243097344042,0.0004330189363992076,4.638910237253494,0.025,0.0,-0.03,0.0,1.0,0.0,0.01
58,1.9332956147251592,61,0.06798489545369313,0.0,-0.03703216675467184,0.007032166754671838,0.002967833245328162,5.935666490656324,-0.00033226420627730186,0.0014918609193338948,3.5613998943937943,0.025,0.0,-0.03,0.0,1.0,0.0,0.01
58,1.9332956147251592,62,0.06885132596602456,0.0,-0.0379282972670784,0.007928297267078402,0.0020717027329215983,4.1434054658431965,0.0017118831450080878,0.00044241802914814893,2.486043279505918,0.025,0.0,-0.03,0.0,1.0,0.0,0.01
58,1.9332956147251592,63,0.06971993798929474,0.0,-0.03882229799554851,0.008822297995548511,0.0011777020044514887,2.3554040089029775,-0.00034337295290508545,0.0015916937041010203,1.4132424053417865,0.025,0.0,-0.03,0.0,1.0,0.0,0.01
58,1.9332956147251592,64,0.07057529067057682,0.0,-0.03972891011682429,0.009728910116824294,0.0002710898831757066,0.5421797663514132,0.0018288105493569802,0.00042339712841504704,0.3253078598108479,0.025,0.0,-0.03,0.0,1.0,0.0,0.01
59,1.966628297737662,0,0.0,0.0,-0.02,0.009999999999999998,1.734723475976807e-18,3.469446951953614e-15,0.0,0.0,2.0816681711721685e-15,0.025,0.0,-0.03,0.0,1.0,0.0,0.01
59,1.966628297737662,40,0.04819044410066446,0.0,-0.020352811375558416,0.009647188624441583,0.00035281137555841745,0.7056227511168349,-0.00013400403156829023,0.0001423399883350584,0.42337365067010096,0.025,0.0,-0.03,0.0,1.0,0.0,0.01
59,1.966628297737662,41,0.04928668460624117,0.0,-0.020946484014122777,0.009053515985877222,0.0009464840141227785,1.892968028245557,-0.0002128351872012659,3.8493977338140545e-05,1.1357808169473342,0.025,0.0,-0.03,0.0,1.0,0.0,0.01
59,1.966628297737662,42,0.05038363798020794,0.0,-0.021538822725240776,0.008461177274759223,0.0015388227252407776,3.077645450481555,-0.00017406088214491413,0.00015390806202582715,1.846587270288933,0.025,0.0,-0.03,0.0,1.0,0.0,0.01
59,1.966628297737662,43,0.05148175031126789,0.0,-0.02212901682429648,0.00787098317570352,0.002129016824296481,4.258033648592962,-0.00024377675933922723,6.637041271454174e-05,2.554820189155777,0.025,0.0,-0.03,0.0,1.0,0.0,0.01
59,1.966628297737662,44,0.052581439334485607,0.0,-0.02271624601125052,0.007283753988749479,0.0027162460112505216,5.432492022501044,-0.00021508564710062884,0.00016351408816614837,3.259495213500626,0.025,0.0,-0.03,0.0,1.0,0.0,0.01
59,1.966628297737662,45,0.05368313608535173,0.0,-0.023299704420974104,0.006700295579025895,0.003299704420974105,6.59940884194821,-0.00027355524791940065,9.555855583399183e-05,3.9596453051689258,0.025,0.0,-0.03,0.0,1.0,0.0,0.01
59,1.966628297737662,46,0.054787234978465486,0.0,-0.023878576239675355,0.006121423760324644,0.003878576239675356,7.757152479350712,-0.00025672681284681143,0.00017109467927742833,4.654291487610426,0.025,0.0,-0.03,0.0,1.0,0.0,0.01
59,1.966628297737662,47,0.05589204568195186,0.0,-0.024455707308150915,0.005544292691849084,0.004455707308150916,8.911414616301832,-0.000306042668930097,0.00012778538032432121,5.346848769781099,0.025,0.0,-0.03,0.0,1.0,0.0,0.01
59,1.966628297737662,48,0.05676225885569063,0.0,-0.02534815513829476,0.004651844861705241,0.00534815513829476,10.69631027658952,-0.0002975860007886945,0.00018945059775273167,6.417786165953712,0.025,0.0,-0.03,0.0,1.0,0.0,0.01
59,1.966628297737662,49,0.0576299725082208,0.0,-0.026243048473420297,0.0037569515265797014,0.006243048473420299,12.486096946840597,-0.0003488412995689857,0.00018590973217027924,7.491658168104358,0.025,0.0,-0.03,0.0,1.0,0.0,0.01
59,1.966628297737662,50,0.05849549281421865,0.0,-0.027140050641386894,0.002859949358613105,0.007140050641386895,14.28010128277379,-0.00035130079579516477,0.00022983443317763875,8.568060769664275,0.025,0.0,-0.03,0.0,1.0,0.0,0.01
59,1.966628297737662,51,0.05935916166709019,0.0,-0.02803885292026183,0.0019611470797381673,0.008038852920261833,16.077705840523667,-0.0003872203051686821,0.00024181207478213003,9.6466235043142,0.025,0.0,-0.03,0.0,1.0,0.0,0.01
59,1.966628297737662,52,0.06022129453412071,0.0,-0.028939112439858663,0.001060887560141336,0.008939112439858664,17.87822487971733,-0.00040606999745276443,0.0002700132141951026,10.726934927830397,0.025,0.0,-0.03,0.0,1.0,0.0,0.01
59,1.966628297737662,53,0.06108224597426969,0.0,-0.02984052127635129,0.00015947872364870802,0.009840521276351292,19.681042552702586,-0.0004248386792583047,0.00029877746353104484,11.808625531621551,0.025,0.0,-0.03,0.0,1.0,0.0,0.01
59,1.966628297737662,54,0.06194233660019019,0.0,-0.030742731910295213,0.0007427319102952142,0.009257268089704786,18.51453617940957,0.0004615548045971218,0.000309854037488768,11.108721707645742,0.025,0.0,-0.03,0.0,1.0,0.0,0.01
59,1.966628297737662,55,0.06280192948505192,0.0,-0.03164543812604353,0.0016454381260435288,0.008354561873956471,16.709123747912944,0.0004618588151380493,0.00035644083436399795,10.025474248747766,0.025,0.0,-0.03,0.0,1.0,0.0,0.01
59,1.966628297737662,56,0.06366134640684167,0.0,-0.03254828896937981,0.0025482889693798083,0.007451711030620192,14.903422061240384,0.0005174982751606882,0.00034935850424224797,8.942053236744231,0.025,0.0,-0.03,0.0,1.0,0.0,0.01
59,1.966628297737662,57,0.06452095467381387,0.0,-0.03345098075521979,0.003450980755219789,0.006549019244780211,13.098038489560423,0.0004985187250897741,0.00041446278079739705,7.8588230937362535,0.025,0.0,-0.03,0.0,1.0,0.0,0.01
59,1.966628297737662,58,0.06538107320456457,0.0,-0.034353160295272175,0.0043531602952721765,0.005646839704727824,11.293679409455647,0.0005736103167667084,0.00038853602551019826,6.776207645673388,0.025,0.0,-0.03,0.0,1.0,0.0,0.01
59,1.966628297737662,59,0.06624206922581168,0.0,-0.035254527198189556,0.005254527198189557,0.004745472801810443,9.490945603620887,0.0005350788853142205,0.0004724884363960994,5.694567362172532,0.025,0.0,-0.03,0.0,1.0,0.0,0.01
59,1.966628297737662,60,0.06710425479132023,0.0,-0.0361547272830884,0.006154727283088399,0.0038452727169116015,7.690545433823203,0.0006295845445607825,0.0004274131912726499,4.614327260293922,0.025,0.0,-0.03,0.0,1.0,0.0,0.01
59,1.966628297737662,61,0.06796799275493293,0.0,-0.03705346421303732,0.007053464213037319,0.002946535786962681,5.893071573925361,0.0005717924588599308,0.0005301316823855921,3.535842944355217,0.025,0.0,-0.03,0.0,1.0,0.0,0.01
59,1.966628297737662,62,0.06883358439114699,0.0,-0.037950384143391816,0.007950384143391817,0.002049615856608183,4.0992317132163665,0.000685218163474399,0.0004661467083541541,2.4595390279298197,0.025,0.0,-0.03,0.0,1.0,0.0,0.01
59,1.966628297737662,63,0.0697013839247809,0.0,-0.038845195655881314,0.008845195655881315,0.0011548043441186855,2.309608688237371,0.000608356702246145,0.0005864286138730559,1.3857652129424225,0.025,0.0,-0.03,0.0,1.0,0.0,0.01
59,1.966628297737662,64,0.07055583263846106,0.0,-0.03975263766212988,0.00975263766212988,0.00024736233787012,0.49472467574024004,0.0007423296155622279,0.0005078860727844711,0.29683480544414403,0.025,0.0,-0.03,0.0,1.0,0.0,0.01
60,1.9999609807501646,0,0.0,0.0,-0.02,0.009999999999999998,1.734723475976807e-18,3.469446951953614e-15,0.0,0.0,2.0816681711721685e-15,0.025,0.0,-0.03,0.0,1.0,0.0,0.01
60,1.9999609807501646,40,0.04818775621957915,0.0,-0.020358122740125297,0.009641877259874702,0.0003581227401252985,0.716245480250597,-1.370543506092542e-05,0.00033822217324940923,0.4297472881503582,0.025,0.0,-0.03,0.0,1.0,0.0,0.01
60,1.9999609807501646,41,0.0492836824822373,0.0,-0.020952367825206774,0.009047632174793225,0.0009523678252067753,1.9047356504135506,-0.00032388484925238703,0.00020126583118193085,1.1428413902481303,0.025,0.0,-0.03,0.0,1.0,0.0,0.01
60,1.9999609807501646,42,0.05038032988368465,0.0,-0.021545282595009096,0.008454717404990902,0.0015452825950090978,3.0905651900181956,-1.8320974166500913e-05,0.0004112525873813634,1.8543391140109173,0.025,0.0,-0.03,0.0,1.0,0.0,0.01
60,1.9999609807501646,43,0.051478130288162484,0.0,-0.022136047997092442,0.007863952002907557,0.0021360479970924436,4.2720959941848875,-0.0003850532483097557,0.00023905917480029367,2.5632575965109323,0.025,0.0,-0.03,0.0,1.0,0.0,0.01
60,1.9999609807501646,44,0.05257751815503746,0.0,-0.022723851829098186,0.007276148170901813,0.002723851829098187,5.4477036581963745,-2.396238559795816e-05,0.00048506848456241473,3.2686221949178247,0.025,0.0,-0.03,0.0,1.0,0.0,0.01
60,1.9999609807501646,45,0.05367890827171659,0.0,-0.02330787887109209,0.0066921211289079074,0.0033078788710920928,6.6157577421841856,-0.0004455315786267627,0.00027759489014496255,3.969454645310511,0.025,0.0,-0.03,0.0,1.0,0.0,0.01
60,1.9999609807501646,46,0.054782713707048465,0.0,-0.023887322376214066,0.006112677623785933,0.003887322376214067,7.774644752428134,-2.1505507911280588e-05,0.0005542221017793309,4.66478685145688,0.025,0.0,-0.03,0.0,1.0,0.0,0.01
60,1.9999609807501646,47,0.055887222442908675,0.0,-0.0244650192843263,0.005534980715673699,0.004465019284326301,8.930038568652602,-0.0005836066473494535,0.0002749703747386585,5.358023141191561,0.025,0.0,-0.03,0.0,1.0,0.0,0.01
60,1.9999609807501646,48,0.05675667791218057,0.0,-0.02535821404445227,0.00464178595554773,0.00535821404445227,10.71642808890454,0.00012436478031285775,0.000576154634482712,6.429856853342724,0.025,0.0,-0.03,0.0,1.0,0.0,0.01
60,1.9999609807501646,49,0.05762361973816635,0.0,-0.026253845874571656,0.003746154125428343,0.006253845874571657,12.507691749143314,-0.0007832876568858959,0.00027498642095580614,7.504615049485988,0.025,0.0,-0.03,0.0,1.0,0.0,0.01
60,1.9999609807501646,50,0.05848837411308559,0.0,-0.027151597105122147,0.0028484028948778523,0.007151597105122148,14.303194210244296,0.000190085529449919,0.0007113073925868981,8.581916526146577,0.025,0.0,-0.03,0.0,1.0,0.0,0.01
60,1.9999609807501646,51,0.05935126267688881,0.0,-0.028051137420630375,0.0019488625793696243,0.008051137420630376,16.10227484126075,-0.0009286216900015185,0.00032420954393659184,9.66136490475645,0.025,0.0,-0.03,0.0,1.0,0.0,0.01
60,1.9999609807501646,52,0.060212624269966826,0.0,-0.028952147386264483,0.0010478526137355157,0.008952147386264485,17.90429477252897,0.00024718346607141675,0.0008487232034032797,10.742576863517382,0.025,0.0,-0.03,0.0,1.0,0.0,0.01
60,1.9999609807501646,53,0.0610727896094071,0.0,-0.02985429351628566,0.00014570648371433834,0.009854293516285662,19.708587032571323,-0.001069338601828105,0.000369999483578858,11.825152219542794,0.025,0.0,-0.03,0.0,1.0,0.0,0.01
60,1.9999609807501646,54,0.06193210624176764,0.0,-0.03075725557506268,0.0007572555750626798,0.00924274442493732,18.485488849874642,-0.0002994112189047823,0.0009826115434307492,11.091293309924785,0.025,0.0,-0.03,0.0,1.0,0.0,0.01
60,1.9999609807501646,55,0.06279090995119423,0.0,-0.03166069807111373,0.0016606980711137281,0.008339301928886272,16.678603857772544,0.0012045524568121103,0.0004116075124266144,10.007162314663526,0.025,0.0,-0.03,0.0,1.0,0.0,0.01
60,1.9999609807501646,56,0.06364955281575999,0.0,-0.03256430092842596,0.0025643009284259596,0.007435699071574041,14.871398143148081,-0.00034548389706992876,0.0011123610652317803,8.922838885888849,0.025,0.0,-0.03,0.0,1.0,0.0,0.01
60,1.9999609807501646,57,0.06450837159597753,0.0,-0.03346772773856518,0.003467727738565178,0.006532272261434822,13.064544522869644,0.001332923062643289,0.00044874974118208757,7.838726713721786,0.025,0.0,-0.03,0.0,1.0,0.0,0.01
60,1.9999609807501646,58,0.06536771866766011,0.0,-0.03437065948833222,0.004370659488332221,0.005629340511667779,11.258681023335559,-0.00038412035593410516,0.0012373490435001154,6.755208614001335,0.025,0.0,-0.03,0.0,1.0,0.0,0.01
60,1.9999609807501646,59,0.06622792765175933,0.0,-0.035272759926294396,0.005272759926294397,0.004727240073705603,9.454480147411205,0.0014531639654930565,0.0004810844936078033,5.672688088446723,0.025,0.0,-0.03,0.0,1.0,0.0,0.01
60,1.9999609807501646,60,0.0670893469943319,0.0,-0.036173712003143677,0.006173712003143678,0.0038262879968563226,7.652575993712645,-0.00041411397203180446,0.0013568789129893054,4.591545596227587,0.025,0.0,-0.03,0.0,1.0,0.0,0.01
60,1.9999609807501646,61,0.06795230310073475,0.0,-0.037073180736718475,0.007073180736718476,0.002926819263281524,5.8536385265630475,0.0015641597560537193,0.0005080993831893243,3.5121831159378285,0.025,0.0,-0.03,0.0,1.0,0.0,0.01
60,1.9999609807501646,62,0.06881713632930773,0.0,-0.03797085199713416,0.007970851997134161,0.0020291480028658392,4.058296005731679,-0.0004353554599248873,0.0014691399630915507,2.434977603439007,0.025,0.0,-0.03,0.0,1.0,0.0,0.01
60,1.9999609807501646,63,0.06968416191473964,0.0,-0.0388663932577632,0.0088663932577632,0.0011336067422368003,2.2672134844736007,0.0016750860774752676,0.0005186984956188426,1.3603280906841604,0.025,0.0,-0.03,0.0,1.0,0.0,0.01
60,1.9999609807501646,64,0.07053779269151739,0.0,-0.039774625384915836,0.009774625384915837,0.00022537461508416283,0.4507492301683257,-0.00046440361687145995,0.0015557845425720168,0.2704495381009954,0.025,0.0,-0.03,0.0,1.0,0.0,0.01
