frame_idx,time,node_idx,node_x,node_y,node_z,radial_dist,overlap,normal_force,normal_velocity,tangential_speed,friction_force,cyl_center_x,cyl_center_y,cyl_center_z,cyl_axis_x,cyl_axis_y,cyl_axis_z,cyl_radius
4,0.1333321021734826,79,0.06934880102490765,0.0,-0.01603218434517833,0.01396781565482167,0.0010321843451783289,2.0643686903566576,-0.5894645889241943,0.4101687568433907,1.2386212142139945,0.025,0.0,-0.03,0.0,1.0,0.0,0.015
4,0.1333321021734826,80,0.06976176954860631,0.0,-0.01721200396895194,0.01278799603104806,0.00221200396895194,4.42400793790388,-0.6431860400816899,0.4112186664810397,2.654404762742328,0.025,0.0,-0.03,0.0,1.0,0.0,0.015
5,0.16666512771685324,66,0.05598849697607476,0.0,-0.01621881209037774,0.01378118790962226,0.0012188120903777397,2.4376241807554795,-0.3618127090166833,0.28594296685850296,1.4625745084532877,0.025,0.0,-0.03,0.0,1.0,0.0,0.015
5,0.16666512771685324,67,0.05596162120081604,0.0,-0.017460024908433208,0.01253997509156679,0.0024600249084332088,4.920049816866418,-0.38936722648745975,0.30403014493815483,2.9520298901198507,0.025,0.0,-0.03,0.0,1.0,0.0,0.015
5,0.16666512771685324,68,0.05591701153111862,0.0,-0.018700524191710106,0.011299475808289893,0.0037005241917101063,7.401048383420212,-0.3631720135163156,0.3205084150128349,4.440629030052127,0.025,0.0,-0.03,0.0,1.0,0.0,0.015
5,0.16666512771685324,69,0.055853024353792795,0.0,-0.019940239668131327,0.010059760331868672,0.004940239668131327,9.880479336262654,-0.3909564592880344,0.33950863076851845,5.928287601757592,0.025,0.0,-0.03,0.0,1.0,0.0,0.015
5,0.16666512771685324,70,0.055768134589827434,0.0,-0.021178599849854648,0.008821400150145351,0.006178599849854648,12.357199699709296,-0.35258735189781526,0.35424771135602207,7.414319819825577,0.025,0.0,-0.03,0.0,1.0,0.0,0.015
5,0.16666512771685324,71,0.05566089214843554,0.0,-0.022415432827406597,0.007584567172593402,0.007415432827406598,14.830865654813195,-0.39488290891779215,0.3754318705665438,8.898519392887916,0.025,0.0,-0.03,0.0,1.0,0.0,0.015
5,0.16666512771685324,72,0.05553003665115345,0.0,-0.02364973883027258,0.006350261169727419,0.00864973883027258,17.29947766054516,-0.3462272395876383,0.3877868182142967,10.379686596327096,0.025,0.0,-0.03,0.0,1.0,0.0,0.015
5,0.16666512771685324,73,0.05537436548384891,0.0,-0.024881268927900883,0.005118731072099116,0.009881268927900883,19.762537855801767,-0.39681427372342754,0.4118599195715806,11.85752271348106,0.025,0.0,-0.03,0.0,1.0,0.0,0.015
5,0.16666512771685324,74,0.05519281593539093,0.0,-0.026109474996510826,0.003890525003489173,0.011109474996510826,22.218949993021653,-0.3332133919988019,0.42006687594129266,13.331369995812992,0.025,0.0,-0.03,0.0,1.0,0.0,0.015
5,0.16666512771685324,75,0.054984604585036956,0.0,-0.027333005205733483,0.002666994794266516,0.012333005205733483,24.666010411466967,-0.3870693236344852,0.4464644593861081,14.79960624688018,0.025,0.0,-0.03,0.0,1.0,0.0,0.015
5,0.16666512771685324,76,0.05474884720892031,0.0,-0.028551991309740305,0.0014480086902596938,0.013551991309740306,27.10398261948061,-0.3541907949071257,0.4586602842472362,16.262389571688367,0.025,0.0,-0.03,0.0,1.0,0.0,0.015
5,0.16666512771685324,77,0.05448508634085036,0.0,-0.029764969734560477,0.0002350302654395217,0.014764969734560478,29.529939469120954,-0.34241668861828345,0.47332706388592644,17.717963681472572,0.025,0.0,-0.03,0.0,1.0,0.0,0.015
5,0.16666512771685324,78,0.054192796659572516,0.0,-0.030971644431739588,0.0009716444317395892,0.01402835556826041,28.05671113652082,0.37051315604970386,0.4980165475292193,16.83402668191249,0.025,0.0,-0.03,0.0,1.0,0.0,0.015
5,0.16666512771685324,79,0.05387183274303042,0.0,-0.03217070132608957,0.002170701326089569,0.01282929867391043,25.658597347820862,0.33199113907005545,0.5069690700418237,15.395158408692517,0.025,0.0,-0.03,0.0,1.0,0.0,0.015
5,0.16666512771685324,80,0.05370051431669697,0.0,-0.03340920465718259,0.003409204657182592,0.011590795342817407,23.181590685634816,0.35624920675963834,0.5294932511532325,13.90895441138089,0.025,0.0,-0.03,0.0,1.0,0.0,0.015
6,0.1999981532602239,58,0.04775466451385985,0.0,-0.015771016422593407,0.014228983577406592,0.0007710164225934076,1.542032845186815,-0.16076268984980216,0.06922786655237682,0.925219707112089,0.025,0.0,-0.03,0.0,1.0,0.0,0.015
6,0.1999981532602239,59,0.04818310594047973,0.0,-0.016938357110553387,0.013061642889446612,0.0019383571105533876,3.8767142211067753,-0.16865943183036655,0.06374522372676432,2.3260285326640653,0.025,0.0,-0.03,0.0,1.0,0.0,0.015
6,0.1999981532602239,60,0.048623204202978235,0.0,-0.01810069281575265,0.011899307184247348,0.0031006928157526516,6.201385631505303,-0.15910477412604737,0.051481152556653684,3.7208313789031817,0.025,0.0,-0.03,0.0,1.0,0.0,0.015
6,0.1999981532602239,61,0.04907645602138835,0.0,-0.019258278581185513,0.010741721418814486,0.004258278581185514,8.516557162371027,-0.1538736848627649,0.04031528442463484,5.109934297422616,0.025,0.0,-0.03,0.0,1.0,0.0,0.015
6,0.1999981532602239,62,0.049543872008748394,0.0,-0.020410146029460244,0.009589853970539755,0.005410146029460244,10.820292058920488,-0.19785606928927124,0.051142968893965156,6.492175235352293,0.025,0.0,-0.03,0.0,1.0,0.0,0.015
6,0.1999981532602239,63,0.05002645410632146,0.0,-0.021555669150723968,0.008444330849276031,0.006555669150723968,13.111338301447937,-0.15506646625017836,0.025501156506411635,7.866802980868762,0.025,0.0,-0.03,0.0,1.0,0.0,0.015
6,0.1999981532602239,64,0.04956842755841746,0.0,-0.02270874844596913,0.007291251554030868,0.007708748445969131,15.417496891938262,-0.17306480133161875,0.02660600680684556,9.250498135162957,0.025,0.0,-0.03,0.0,1.0,0.0,0.015
6,0.1999981532602239,65,0.04909920346827645,0.0,-0.023857477954527178,0.006142522045472821,0.008857477954527179,17.714955909054357,-0.17638303896928867,0.014803888321739596,10.628973545432613,0.025,0.0,-0.03,0.0,1.0,0.0,0.015
6,0.1999981532602239,66,0.04861712191485261,0.0,-0.025000748715565166,0.004999251284434833,0.010000748715565166,20.001497431130332,-0.14608267687311335,0.020518690002508406,12.000898458678199,0.025,0.0,-0.03,0.0,1.0,0.0,0.015
6,0.1999981532602239,67,0.04812048782136453,0.0,-0.02613772018202345,0.0038622798179765473,0.011137720182023452,22.275440364046904,-0.18483998883754854,0.004836857068795931,13.365264218428143,0.025,0.0,-0.03,0.0,1.0,0.0,0.015
6,0.1999981532602239,68,0.04760770275545103,0.0,-0.027267542882786953,0.0027324571172130455,0.012267542882786954,24.535085765573907,-0.1486126670387713,0.0034931198355642626,14.721051459344343,0.025,0.0,-0.03,0.0,1.0,0.0,0.015
6,0.1999981532602239,69,0.04707732167398988,0.0,-0.02838924107716099,0.0016107589228390104,0.013389241077160989,26.778482154321978,-0.1534948980736012,0.006501501411958117,16.067089292593185,0.025,0.0,-0.03,0.0,1.0,0.0,0.015
6,0.1999981532602239,70,0.04652816898528936,0.0,-0.029501549882374065,0.0004984501176259343,0.014501549882374065,29.00309976474813,-0.15359000335750433,0.014614194712492059,17.401859858848876,0.025,0.0,-0.03,0.0,1.0,0.0,0.015
6,0.1999981532602239,71,0.04595883538858382,0.0,-0.030603923276015514,0.0006039232760155153,0.014396076723984484,28.792153447968968,0.1534111953887776,0.022959723975139353,17.27529206878138,0.025,0.0,-0.03,0.0,1.0,0.0,0.015
6,0.1999981532602239,72,0.04536836672544099,0.0,-0.031695159732505286,0.0016951597325052872,0.013304840267494712,26.609680534989426,0.14762602156009533,0.028305013967978215,15.965808320993656,0.025,0.0,-0.03,0.0,1.0,0.0,0.015
6,0.1999981532602239,73,0.04475602404151012,0.0,-0.03277399253146033,0.00277399253146033,0.01222600746853967,24.45201493707934,0.13749366008167063,0.030786830880890258,14.671208962247604,0.025,0.0,-0.03,0.0,1.0,0.0,0.015
6,0.1999981532602239,74,0.04412099179834357,0.0,-0.033839592534189326,0.0038395925341893275,0.011160407465810672,22.320814931621342,0.1354914576188591,0.03782325395569702,13.392488958972805,0.025,0.0,-0.03,0.0,1.0,0.0,0.015
6,0.1999981532602239,75,0.0434625571470524,0.0,-0.034891190344360216,0.0048911903443602175,0.010108809655639782,20.217619311279563,0.14138143679023005,0.05032206158341227,12.130571586767738,0.025,0.0,-0.03,0.0,1.0,0.0,0.015
6,0.1999981532602239,76,0.04278054223904633,0.0,-0.0359274601750616,0.0059274601750616,0.0090725398249384,18.1450796498768,0.1345663958980563,0.05497138990072413,10.88704778992608,0.025,0.0,-0.03,0.0,1.0,0.0,0.015
6,0.1999981532602239,77,0.042074654248995584,0.0,-0.03694759002857109,0.006947590028571093,0.008052409971428906,16.104819942857812,0.10974727021943444,0.04611185356248409,9.662891965714687,0.025,0.0,-0.03,0.0,1.0,0.0,0.015
6,0.1999981532602239,78,0.04134487949165129,0.0,-0.03795064760915897,0.007950647609158971,0.007049352390841028,14.098704781682056,0.14964440209408916,0.08452759072618533,8.459222869009233,0.025,0.0,-0.03,0.0,1.0,0.0,0.015
6,0.1999981532602239,79,0.04058988739241187,0.0,-0.038935602461897235,0.008935602461897237,0.006064397538102763,12.128795076205526,0.07728025387718311,0.04246021200780531,7.277277045723315,0.025,0.0,-0.03,0.0,1.0,0.0,0.015
6,0.1999981532602239,80,0.039914743781585105,0.0,-0.03998742396631665,0.009987423966316654,0.0050125760336833455,10.02515206736669,0.1600505391994618,0.10945877342288296,6.015091240420014,0.025,0.0,-0.03,0.0,1.0,0.0,0.015
7,0.23333117880359455,55,0.048230542025699846,0.0,-0.01605062165938358,0.013949378340616419,0.0010506216593835806,2.1012433187671613,-0.08163810759110854,0.02094423744581813,1.2607459912602967,0.025,0.0,-0.03,0.0,1.0,0.0,0.015
7,0.23333117880359455,56,0.04843868285094589,0.0,-0.017277060936413534,0.012722939063586465,0.0022770609364135344,4.554121872827069,-0.09723324639083572,0.019425258155168722,2.732473123696241,0.025,0.0,-0.03,0.0,1.0,0.0,0.015
7,0.23333117880359455,57,0.048656592648038594,0.0,-0.0185018760458603,0.0114981239541397,0.003501876045860299,7.003752091720599,-0.09398264826431851,0.01461977477594658,4.202251255032359,0.025,0.0,-0.03,0.0,1.0,0.0,0.015
7,0.23333117880359455,58,0.04888609267259127,0.0,-0.01972453769883076,0.010275462301169238,0.0047245376988307615,9.449075397661524,-0.08009515913115721,0.007383549588818202,5.669445238596914,0.025,0.0,-0.03,0.0,1.0,0.0,0.015
7,0.23333117880359455,59,0.04912892430539463,0.0,-0.020944350853786712,0.009055649146213287,0.0059443508537867125,11.888701707573425,-0.10187347601312641,0.007694983719174655,7.133221024544055,0.025,0.0,-0.03,0.0,1.0,0.0,0.015
7,0.23333117880359455,60,0.0493869770719511,0.0,-0.022161478436494218,0.007838521563505781,0.007161478436494218,14.322956872988437,-0.09811483138862463,0.0028998515020253685,8.593774123793061,0.025,0.0,-0.03,0.0,1.0,0.0,0.015
7,0.23333117880359455,61,0.04966167384373975,0.0,-0.02337425790446428,0.006625742095535719,0.00837425790446428,16.748515808928563,-0.07757735349089803,0.006528150814118126,10.049109485357137,0.025,0.0,-0.03,0.0,1.0,0.0,0.015
7,0.23333117880359455,62,0.04995492471480485,0.0,-0.024583334680414966,0.005416665319585033,0.009583334680414966,19.166669360829932,-0.11158049916019466,0.0013440569501373806,11.50000161649796,0.025,0.0,-0.03,0.0,1.0,0.0,0.015
7,0.23333117880359455,63,0.05026797256926314,0.0,-0.0257867896315268,0.004213210368473198,0.010786789631526801,21.573579263053603,-0.09346704020336885,0.014226223510439631,12.944147557832162,0.025,0.0,-0.03,0.0,1.0,0.0,0.015
7,0.23333117880359455,64,0.04965746043091666,0.0,-0.02686704008977715,0.0031329599102228496,0.01186704008977715,23.7340801795543,-0.08632166900581399,0.0073184871302998415,14.24044810773258,0.025,0.0,-0.03,0.0,1.0,0.0,0.015
7,0.23333117880359455,65,0.04903669974323932,0.0,-0.027941046114093086,0.0020589538859069126,0.012941046114093087,25.882092228186174,-0.10262661105815275,0.021833546139473078,15.529255336911703,0.025,0.0,-0.03,0.0,1.0,0.0,0.015
7,0.23333117880359455,66,0.04840382674674652,0.0,-0.029008198950301822,0.0009918010496981766,0.014008198950301823,28.016397900603646,-0.08362919275680492,0.014422092022405863,16.80983874036219,0.025,0.0,-0.03,0.0,1.0,0.0,0.015
7,0.23333117880359455,67,0.04775743778186323,0.0,-0.030067108310783786,6.710831078378734e-05,0.014932891689216212,29.865783378432425,0.09697726372072908,0.026854249587282705,17.919470027059454,0.025,0.0,-0.03,0.0,1.0,0.0,0.015
7,0.23333117880359455,68,0.04709614082171545,0.0,-0.03111657068111919,0.0011165706811191896,0.01388342931888081,27.76685863776162,0.07810684229674242,0.018890963928084842,16.66011518265697,0.025,0.0,-0.03,0.0,1.0,0.0,0.015
7,0.23333117880359455,69,0.04641841271089282,0.0,-0.03215574637688789,0.002155746376887889,0.01284425362311211,25.68850724622422,0.0941174740405816,0.033687301771436105,15.413104347734532,0.025,0.0,-0.03,0.0,1.0,0.0,0.015
7,0.23333117880359455,70,0.04572334386448359,0.0,-0.03318306003093752,0.003183060030937518,0.011816939969062482,23.633879938124963,0.07817887382099278,0.027142477113225268,14.180327962874978,0.025,0.0,-0.03,0.0,1.0,0.0,0.015
7,0.23333117880359455,71,0.04500958077587607,0.0,-0.034197798897292936,0.004197798897292937,0.010802201102707062,21.604402205414125,0.08290468003020535,0.03463936337986858,12.962641323248475,0.025,0.0,-0.03,0.0,1.0,0.0,0.015
7,0.23333117880359455,72,0.04427665842214967,0.0,-0.03519821737433533,0.005198217374335332,0.009801782625664668,19.603565251329336,0.08231920722684978,0.03881158276528495,11.762139150797601,0.025,0.0,-0.03,0.0,1.0,0.0,0.015
7,0.23333117880359455,73,0.04352326052941899,0.0,-0.03618395171296734,0.006183951712967338,0.008816048287032661,17.632096574065322,0.06912791458553827,0.03283623902476563,10.579257944439194,0.025,0.0,-0.03,0.0,1.0,0.0,0.015
7,0.23333117880359455,74,0.042749451771920556,0.0,-0.03715305727026371,0.007153057270263712,0.007846942729736288,15.693885459472575,0.08736669347251497,0.05223157787689364,9.416331275683545,0.025,0.0,-0.03,0.0,1.0,0.0,0.015
7,0.23333117880359455,75,0.04195428677461448,0.0,-0.038105139355748906,0.008105139355748907,0.006894860644251093,13.789721288502186,0.06000410311366079,0.03388395069964318,8.273832773101311,0.025,0.0,-0.03,0.0,1.0,0.0,0.015
7,0.23333117880359455,76,0.04113780370620923,0.0,-0.03903881820632515,0.009038818206325148,0.005961181793674851,11.922363587349702,0.07963389328001137,0.05558980182487925,7.153418152409821,0.025,0.0,-0.03,0.0,1.0,0.0,0.015
7,0.23333117880359455,77,0.04029987167007994,0.0,-0.03995320612649725,0.00995320612649725,0.00504679387350275,10.0935877470055,0.06460582080895137,0.04708946563914882,6.0561526482033,0.025,0.0,-0.03,0.0,1.0,0.0,0.015
7,0.23333117880359455,78,0.03944030736510409,0.0,-0.0408474932853965,0.010847493285396498,0.004152506714603502,8.305013429207003,0.06254477253837824,0.049737109098506906,4.983008057524201,0.025,0.0,-0.03,0.0,1.0,0.0,0.015
7,0.23333117880359455,79,0.03855814526927035,0.0,-0.041719902340285796,0.011719902340285797,0.0032800976597142026,6.560195319428405,0.07151986411704601,0.06331266548012633,3.9361171916570425,0.025,0.0,-0.03,0.0,1.0,0.0,0.015
7,0.23333117880359455,80,0.03771060490279329,0.0,-0.0426384462682536,0.012638446268253604,0.002361553731746395,4.72310746349279,0.04918462511783564,0.048275129337761104,2.833864478095674,0.025,0.0,-0.03,0.0,1.0,0.0,0.015
8,0.2666642043469652,53,0.04826034951095921,0.0,-0.016188403917701107,0.013811596082298892,0.0011884039177011071,2.3768078354022144,-0.06348482389352189,0.00108566342608043,1.4260847012413287,0.025,0.0,-0.03,0.0,1.0,0.0,0.015
8,0.2666642043469652,54,0.048341718339300475,0.0,-0.017430010430249665,0.012569989569750334,0.0024300104302496656,4.860020860499331,-0.07004146066597661,0.0033066392763667443,2.9160125162995985,0.025,0.0,-0.03,0.0,1.0,0.0,0.015
8,0.2666642043469652,55,0.048429308178378115,0.0,-0.018671584363365287,0.011328415636634712,0.003671584363365288,7.343168726730576,-0.06769366810345448,0.006252203443665094,4.405901236038345,0.025,0.0,-0.03,0.0,1.0,0.0,0.015
8,0.2666642043469652,56,0.04852516612156399,0.0,-0.019912032331599834,0.010087967668400165,0.004912032331599835,9.82406466319967,-0.07646491113260587,0.008123765331695084,5.894438797919801,0.025,0.0,-0.03,0.0,1.0,0.0,0.015
8,0.2666642043469652,57,0.048631467003724366,0.0,-0.021152028497568868,0.008847971502431131,0.006152028497568868,12.304056995137737,-0.05835733964025177,0.012682135905430776,7.382434197082642,0.025,0.0,-0.03,0.0,1.0,0.0,0.015
8,0.2666642043469652,58,0.04875020085076259,0.0,-0.022390574870270137,0.007609425129729862,0.007390574870270138,14.781149740540275,-0.08759943943462335,0.012126950579813951,8.868689844324164,0.025,0.0,-0.03,0.0,1.0,0.0,0.015
8,0.2666642043469652,59,0.048883424864594564,0.0,-0.02362778021869629,0.006372219781303708,0.008627780218696292,17.255560437392585,-0.0473027005721164,0.01977597926667304,10.353336262435551,0.025,0.0,-0.03,0.0,1.0,0.0,0.015
8,0.2666642043469652,60,0.04903304989181451,0.0,-0.02486285908799296,0.005137140912007038,0.009862859087992962,19.725718175985925,-0.0976455695993819,0.015647871589129964,11.835430905591554,0.025,0.0,-0.03,0.0,1.0,0.0,0.015
8,0.2666642043469652,61,0.04920104800979835,0.0,-0.02609587887778939,0.0039041211222106097,0.01109587887778939,22.19175775557878,-0.047568359471475474,0.025672572270236334,13.315054653347268,0.025,0.0,-0.03,0.0,1.0,0.0,0.015
8,0.2666642043469652,62,0.049389116620916496,0.0,-0.027325483330300732,0.0026745166696992666,0.012325483330300733,24.650966660601465,-0.08717231481103911,0.022040181931097937,14.79057999636088,0.025,0.0,-0.03,0.0,1.0,0.0,0.015
8,0.2666642043469652,63,0.049599126096258744,0.0,-0.02855188143639134,0.001448118563608658,0.013551881436391341,27.10376287278268,-0.06581457076277714,0.02765553722693253,16.26225772366961,0.025,0.0,-0.03,0.0,1.0,0.0,0.015
8,0.2666642043469652,64,0.0489087081564809,0.0,-0.029582643887264573,0.00041735611273542583,0.014582643887264574,29.165287774529148,-0.07110130935034151,0.028791605361190752,17.499172664717488,0.025,0.0,-0.03,0.0,1.0,0.0,0.015
8,0.2666642043469652,65,0.04820843681355689,0.0,-0.03060687234834769,0.0006068723483476923,0.014393127651652307,28.786255303304614,0.07331636941932428,0.033683675079711074,17.271753181982767,0.025,0.0,-0.03,0.0,1.0,0.0,0.015
8,0.2666642043469652,66,0.04749686077373468,0.0,-0.031623054296566644,0.001623054296566645,0.013376945703433354,26.75389140686671,0.06059793932481117,0.027328490356484835,16.052334844120026,0.025,0.0,-0.03,0.0,1.0,0.0,0.015
8,0.2666642043469652,67,0.04677231660987648,0.0,-0.032630184606031024,0.0026301846060310247,0.012369815393968975,24.739630787937948,0.07682961371225144,0.042187840551803024,14.843778472762768,0.025,0.0,-0.03,0.0,1.0,0.0,0.015
8,0.2666642043469652,68,0.04603357673408207,0.0,-0.033626791442105744,0.003626791442105745,0.011373208557894254,22.74641711578851,0.05595341361580618,0.029338782566671825,13.647850269473105,0.025,0.0,-0.03,0.0,1.0,0.0,0.015
8,0.2666642043469652,69,0.045279353324364155,0.0,-0.034611658149347635,0.004611658149347636,0.010388341850652363,20.776683701304727,0.07085098905598969,0.0438026202186531,12.466010220782836,0.025,0.0,-0.03,0.0,1.0,0.0,0.015
8,0.2666642043469652,70,0.044508442229546294,0.0,-0.03558361953227583,0.0055836195322758325,0.009416380467724167,18.832760935448334,0.059936906063775865,0.03816540964553573,11.299656561269,0.025,0.0,-0.03,0.0,1.0,0.0,0.015
8,0.2666642043469652,71,0.043720030940354225,0.0,-0.03654121512895239,0.006541215128952393,0.008458784871047606,16.91756974209521,0.059440703800798335,0.04057606527483825,10.150541845257125,0.025,0.0,-0.03,0.0,1.0,0.0,0.015
8,0.2666642043469652,72,0.042913160477961065,0.0,-0.03748336604287597,0.007483366042875972,0.007516633957124028,15.033267914248055,0.06416253984972183,0.047923053563760906,9.019960748548833,0.025,0.0,-0.03,0.0,1.0,0.0,0.015
8,0.2666642043469652,73,0.04208720766938245,0.0,-0.03840879925011908,0.00840879925011908,0.00659120074988092,13.18240149976184,0.0536238923257144,0.04156964785458624,7.9094408998571035,0.025,0.0,-0.03,0.0,1.0,0.0,0.015
8,0.2666642043469652,74,0.04124169115868678,0.0,-0.03931631010074798,0.00931631010074798,0.005683689899252019,11.367379798504038,0.059040495746647915,0.049771004134340976,6.820427879102422,0.025,0.0,-0.03,0.0,1.0,0.0,0.015
8,0.2666642043469652,75,0.040376244337196096,0.0,-0.04020479734978176,0.01020479734978176,0.004795202650218239,9.590405300436478,0.05359703518288222,0.04780276253470702,5.754243180261887,0.025,0.0,-0.03,0.0,1.0,0.0,0.015
8,0.2666642043469652,76,0.0394907042967895,0.0,-0.04107318161131841,0.011073181611318414,0.0039268183886815855,7.853636777363171,0.05355658514191038,0.05112992312909802,4.712182066417903,0.025,0.0,-0.03,0.0,1.0,0.0,0.015
8,0.2666642043469652,77,0.038584865488921496,0.0,-0.04192064231054313,0.011920642310543128,0.0030793576894568714,6.158715378913743,0.05294230445234697,0.05417590772287066,3.6952292273482454,0.025,0.0,-0.03,0.0,1.0,0.0,0.015
8,0.2666642043469652,78,0.037658510611665946,0.0,-0.04274534143896469,0.012745341438964691,0.002254658561035308,4.509317122070616,0.0445686237210525,0.04797972402804312,2.7055902732423696,0.025,0.0,-0.03,0.0,1.0,0.0,0.015
8,0.2666642043469652,79,0.0367104570384393,0.0,-0.04354620618458286,0.013546206184582861,0.0014537938154171384,2.9075876308342767,0.05611768086619983,0.06499836546878686,1.744552578500566,0.025,0.0,-0.03,0.0,1.0,0.0,0.015
8,0.2666642043469652,80,0.03578300246772055,0.0,-0.044384132664464754,0.014384132664464755,0.0006158673355352445,1.231734671070489,0.035907458768655226,0.04669762006668063,0.7390408026422934,0.025,0.0,-0.03,0.0,1.0,0.0,0.015
9,0.29999722989033584,51,0.04813703766869918,0.0,-0.015660858076837383,0.014339141923162615,0.000660858076837384,1.321716153674768,-0.06752666175898425,0.002189164656118918,0.7930296922048607,0.025,0.0,-0.03,0.0,1.0,0.0,0.015
9,0.29999722989033584,52,0.048146757111250854,0.0,-0.016905351840549646,0.013094648159450353,0.0019053518405496468,3.8107036810992936,-0.032716058615202215,0.004328459650247579,2.2864222086595762,0.025,0.0,-0.03,0.0,1.0,0.0,0.015
9,0.29999722989033584,53,0.048158313865931154,0.0,-0.018149870534960703,0.011850129465039296,0.0031498705349607033,6.2997410699214065,-0.0669087049823643,0.004980134016685549,3.7798446419528435,0.025,0.0,-0.03,0.0,1.0,0.0,0.015
9,0.29999722989033584,54,0.04817394162009163,0.0,-0.019394502451111146,0.010605497548888853,0.0043945024511111465,8.789004902222294,-0.03320566756516767,0.007258428296651558,5.273402941333376,0.025,0.0,-0.03,0.0,1.0,0.0,0.015
9,0.29999722989033584,55,0.04819584973464517,0.0,-0.020638840137776962,0.009361159862223037,0.005638840137776963,11.277680275553925,-0.0674339466403192,0.007644042396252516,6.766608165332355,0.025,0.0,-0.03,0.0,1.0,0.0,0.015
9,0.29999722989033584,56,0.048226236519634084,0.0,-0.0218829291720517,0.008117070827948297,0.006882929172051702,13.765858344103405,-0.036626839429653744,0.010134392224396507,8.259515006462042,0.025,0.0,-0.03,0.0,1.0,0.0,0.015
9,0.29999722989033584,57,0.048267291450484556,0.0,-0.023126999795160915,0.006873000204839084,0.008126999795160916,16.253999590321833,-0.05657168182703799,0.010752989159497541,9.7523997541931,0.025,0.0,-0.03,0.0,1.0,0.0,0.015
9,0.29999722989033584,58,0.04832111451297479,0.0,-0.024370114622803574,0.0056298853771964245,0.009370114622803575,18.74022924560715,-0.05282511888908387,0.012224813275613892,11.24413754736429,0.025,0.0,-0.03,0.0,1.0,0.0,0.015
9,0.29999722989033584,59,0.04838984272677867,0.0,-0.025612839914420444,0.004387160085579555,0.010612839914420445,21.22567982884089,-0.04295187405191101,0.014379094501670986,12.735407897304533,0.025,0.0,-0.03,0.0,1.0,0.0,0.015
9,0.29999722989033584,60,0.04847547187463203,0.0,-0.026854144098361815,0.0031458559016381837,0.011854144098361816,23.708288196723633,-0.05882021686557342,0.014476651148569749,14.22497291803418,0.025,0.0,-0.03,0.0,1.0,0.0,0.015
9,0.29999722989033584,61,0.048580037661040736,0.0,-0.02809429606057962,0.00190570393942038,0.01309429606057962,26.18859212115924,-0.044051620995618296,0.017193624821313692,15.713155272695543,0.025,0.0,-0.03,0.0,1.0,0.0,0.015
9,0.29999722989033584,62,0.048705381468511166,0.0,-0.02933206656050755,0.0006679334394924484,0.014332066560507551,28.6641331210151,-0.057207640222615375,0.01759326720440683,17.19847987260906,0.025,0.0,-0.03,0.0,1.0,0.0,0.015
9,0.29999722989033584,63,0.04885338573102812,0.0,-0.030567672645576735,0.0005676726455767361,0.014432327354423263,28.864654708846526,0.044037555114057575,0.016676309620097925,17.318792825307916,0.025,0.0,-0.03,0.0,1.0,0.0,0.015
9,0.29999722989033584,64,0.04810743129839371,0.0,-0.03155883610428666,0.0015588361042866636,0.013441163895713336,26.882327791426672,0.05650220534144794,0.02552760485890127,16.129396674856004,0.025,0.0,-0.03,0.0,1.0,0.0,0.015
9,0.29999722989033584,65,0.04735187335060341,0.0,-0.03254290677313532,0.002542906773135324,0.012457093226864675,24.91418645372935,0.046699810304466564,0.02063114194645213,14.94851187223761,0.025,0.0,-0.03,0.0,1.0,0.0,0.015
9,0.29999722989033584,66,0.04658525844470928,0.0,-0.03351829682003494,0.00351829682003494,0.01148170317996506,22.96340635993012,0.042182026855049175,0.019128013396946867,13.778043815958071,0.025,0.0,-0.03,0.0,1.0,0.0,0.015
9,0.29999722989033584,67,0.04580618088129998,0.0,-0.03448357451230877,0.004483574512308769,0.01051642548769123,21.032850975382463,0.058261459771939486,0.035009156503321016,12.619710585229477,0.025,0.0,-0.03,0.0,1.0,0.0,0.015
9,0.29999722989033584,68,0.045013135385478936,0.0,-0.03543755314736865,0.00543755314736865,0.00956244685263135,19.1248937052627,0.03229061624296469,0.015456069088864132,11.47493622315762,0.025,0.0,-0.03,0.0,1.0,0.0,0.015
9,0.29999722989033584,69,0.04420504235221554,0.0,-0.03637868421617402,0.006378684216174019,0.00862131578382598,17.242631567651962,0.05400269360696079,0.036799081711880885,10.345578940591176,0.025,0.0,-0.03,0.0,1.0,0.0,0.015
9,0.29999722989033584,70,0.0433808218924027,0.0,-0.03730560155455062,0.0073056015545506225,0.007694398445449377,15.388796890898753,0.035781163797648556,0.023050163318937188,9.233278134539251,0.025,0.0,-0.03,0.0,1.0,0.0,0.015
9,0.29999722989033584,71,0.04253943588995291,0.0,-0.0382170607332142,0.008217060733214203,0.0067829392667857966,13.565878533571594,0.048685200021907724,0.037797717404880096,8.139527120142956,0.025,0.0,-0.03,0.0,1.0,0.0,0.015
9,0.29999722989033584,72,0.04168025359026592,0.0,-0.03911157093975514,0.009111570939755141,0.005888429060244858,11.776858120489717,0.031263717182405525,0.0234424546738521,7.06611487229383,0.025,0.0,-0.03,0.0,1.0,0.0,0.015
9,0.29999722989033584,73,0.040802542011785146,0.0,-0.03998795467108641,0.009987954671086409,0.0050120453289135905,10.02409065782718,0.046552273915303755,0.04166072589981339,6.014454394696308,0.025,0.0,-0.03,0.0,1.0,0.0,0.015
9,0.29999722989033584,74,0.039905921937413144,0.0,-0.04084488532791122,0.010844885327911225,0.004155114672088775,8.31022934417755,0.034806922306913186,0.03246963360614105,4.98613760650653,0.025,0.0,-0.03,0.0,1.0,0.0,0.015
9,0.29999722989033584,75,0.03899006816914813,0.0,-0.041681210428489594,0.011681210428489595,0.003318789571510404,6.637579143020808,0.0316173152777646,0.03140460976907901,3.9825474858124847,0.025,0.0,-0.03,0.0,1.0,0.0,0.015
9,0.29999722989033584,76,0.038054895281436504,0.0,-0.042495780141295035,0.012495780141295036,0.0025042198587049633,5.008439717409926,0.04260815684885529,0.04756189068598493,3.005063830445956,0.025,0.0,-0.03,0.0,1.0,0.0,0.015
9,0.29999722989033584,77,0.037099718561771515,0.0,-0.04328715213378797,0.01328715213378797,0.0017128478662120292,3.4256957324240584,0.025065044129863205,0.02957287021484467,2.055417439454435,0.025,0.0,-0.03,0.0,1.0,0.0,0.015
9,0.29999722989033584,78,0.03612409197595769,0.0,-0.044053619770773315,0.014053619770773317,0.0009463802292266829,1.892760458453366,0.03484691920296006,0.04480976320636137,1.1356562750720196,0.025,0.0,-0.03,0.0,1.0,0.0,0.015
9,0.29999722989033584,79,0.035128292745583246,0.0,-0.04479451492647051,0.014794514926470513,0.00020548507352948636,0.4109701470589727,0.030066708471115092,0.042406987666956095,0.24658208823538363,0.025,0.0,-0.03,0.0,1.0,0.0,0.015
10,0.3333302554337065,50,0.04800393175714998,0.0,-0.015941570161196694,0.014058429838803305,0.0009415701611966941,1.8831403223933882,-0.02728741901087891,0.0065775306837746374,1.1298841934360329,0.025,0.0,-0.03,0.0,1.0,0.0,0.015
10,0.3333302554337065,51,0.0479776491772482,0.0,-0.01718616995734475,0.01281383004265525,0.0021861699573447503,4.3723399146895,-0.05396684435878651,0.007708891581996047,2.6234039488137,0.025,0.0,-0.03,0.0,1.0,0.0,0.015
10,0.3333302554337065,52,0.04795099904779127,0.0,-0.018430578464205826,0.011569421535794173,0.0034305784642058267,6.861156928411654,-0.03898972779369249,0.008472683806318408,4.116694157046992,0.025,0.0,-0.03,0.0,1.0,0.0,0.015
10,0.3333302554337065,53,0.04792622477116716,0.0,-0.01967518091369913,0.010324819086300868,0.004675180913699131,9.350361827398263,-0.03997397891572518,0.009398795057426551,5.610217096438958,0.025,0.0,-0.03,0.0,1.0,0.0,0.015
10,0.3333302554337065,54,0.04790556969114101,0.0,-0.020919703419583425,0.009080296580416574,0.005919703419583425,11.83940683916685,-0.04471963408897625,0.010323619452968794,7.10364410350011,0.025,0.0,-0.03,0.0,1.0,0.0,0.015
10,0.3333302554337065,55,0.047891261874404255,0.0,-0.02216438601660605,0.007835613983393948,0.007164386016606052,14.328772033212104,-0.04277372737580274,0.011198579688645616,8.597263219927262,0.025,0.0,-0.03,0.0,1.0,0.0,0.015
10,0.3333302554337065,56,0.04788551339383705,0.0,-0.0234091025298285,0.006590897470171497,0.008409102529828502,16.818205059657004,-0.04190151273638949,0.012108515610119285,10.090923035794201,0.025,0.0,-0.03,0.0,1.0,0.0,0.015
10,0.3333302554337065,57,0.0478905071733839,0.0,-0.02465370005256039,0.005346299947439608,0.009653700052560391,19.30740010512078,-0.03932294392971585,0.013084315003818337,11.584440063072469,0.025,0.0,-0.03,0.0,1.0,0.0,0.015
10,0.3333302554337065,58,0.047908405092620246,0.0,-0.025898376515265234,0.004101623484734765,0.010898376515265235,21.796753030530468,-0.04943452940042068,0.013670187394783427,13.078051818318281,0.025,0.0,-0.03,0.0,1.0,0.0,0.015
10,0.3333302554337065,59,0.04794129823092729,0.0,-0.027142321410224587,0.0028576785897754114,0.012142321410224588,24.284642820449175,-0.033322246523263516,0.015210957877244503,14.570785692269505,0.025,0.0,-0.03,0.0,1.0,0.0,0.015
10,0.3333302554337065,60,0.047991283695417594,0.0,-0.02838610076558714,0.0016138992344128592,0.01338610076558714,26.772201531174282,-0.05198479830974938,0.015118446304049175,16.06332091870457,0.025,0.0,-0.03,0.0,1.0,0.0,0.015
10,0.3333302554337065,61,0.048060329576309395,0.0,-0.02962857660621978,0.00037142339378021944,0.01462857660621978,29.25715321243956,-0.03384150381961559,0.017268608380465015,17.554291927463737,0.025,0.0,-0.03,0.0,1.0,0.0,0.015
10,0.3333302554337065,62,0.048150394514143775,0.0,-0.030869788496267366,0.0008697884962673673,0.014130211503732632,28.260423007465263,0.04856669537038112,0.016812954713638292,16.956253804479157,0.025,0.0,-0.03,0.0,1.0,0.0,0.015
10,0.3333302554337065,63,0.048263358084573486,0.0,-0.03210907457069284,0.0021090745706928427,0.012890925429307157,25.781850858614312,0.04100271613477551,0.01924095058858922,15.469110515168587,0.025,0.0,-0.03,0.0,1.0,0.0,0.015
10,0.3333302554337065,64,0.04747244946895715,0.0,-0.03306494996034985,0.0030649499603498526,0.011935050039650147,23.870100079300293,0.04039675125649974,0.01823189595673748,14.322060047580175,0.025,0.0,-0.03,0.0,1.0,0.0,0.015
10,0.3333302554337065,65,0.04667231330656974,0.0,-0.03401277509878333,0.004012775098783332,0.010987224901216668,21.974449802433334,0.04184217929309412,0.021898032717227837,13.18466988146,0.025,0.0,-0.03,0.0,1.0,0.0,0.015
10,0.3333302554337065,66,0.04586106033723168,0.0,-0.034951446623019265,0.004951446623019266,0.010048553376980733,20.097106753961466,0.04000416309895533,0.022439995123636022,12.05826405237688,0.025,0.0,-0.03,0.0,1.0,0.0,0.015
10,0.3333302554337065,67,0.04503759885311663,0.0,-0.03587909811836144,0.005879098118361438,0.009120901881638561,18.241803763277122,0.03588617492454099,0.020790958046802747,10.945082257966273,0.025,0.0,-0.03,0.0,1.0,0.0,0.015
10,0.3333302554337065,68,0.04420045914978988,0.0,-0.03679442780997056,0.0067944278099705616,0.008205572190029438,16.411144380058875,0.041997511923423464,0.028818584189315856,9.846686628035325,0.025,0.0,-0.03,0.0,1.0,0.0,0.015
10,0.3333302554337065,69,0.04334845185603643,0.0,-0.037695963747148134,0.007695963747148135,0.007304036252851864,14.608072505703728,0.03177052786432676,0.021273810890706995,8.764843503422236,0.025,0.0,-0.03,0.0,1.0,0.0,0.015
10,0.3333302554337065,70,0.04248061862382047,0.0,-0.03858215844710189,0.00858215844710189,0.00641784155289811,12.83568310579622,0.03524013403983095,0.026815769046471368,7.701409863477731,0.025,0.0,-0.03,0.0,1.0,0.0,0.015
10,0.3333302554337065,71,0.04159607925432473,0.0,-0.03945156837337861,0.009451568373378613,0.005548431626621386,11.096863253242773,0.04156190791531716,0.03621812015469807,6.6581179519456635,0.025,0.0,-0.03,0.0,1.0,0.0,0.015
10,0.3333302554337065,72,0.04069405943853685,0.0,-0.040302831987149595,0.010302831987149597,0.004697168012850403,9.394336025700806,0.018880309524653766,0.01396421465373442,5.636601615420483,0.025,0.0,-0.03,0.0,1.0,0.0,0.015
10,0.3333302554337065,73,0.03977399236283197,0.0,-0.041134580166928454,0.011134580166928455,0.003865419833071544,7.730839666143089,0.04492662683174825,0.04565668446959966,4.638503799685853,0.025,0.0,-0.03,0.0,1.0,0.0,0.015
10,0.3333302554337065,74,0.03883564366664267,0.0,-0.0419453680701211,0.011945368070121101,0.003054631929878898,6.109263859757796,0.02262279774205708,0.022686341788973132,3.6655583158546774,0.025,0.0,-0.03,0.0,1.0,0.0,0.015
10,0.3333302554337065,75,0.03787858953383242,0.0,-0.04273413059469773,0.012734130594697732,0.0022658694053022677,4.531738810604535,0.029904185086377145,0.03383273157428655,2.719043286362721,0.025,0.0,-0.03,0.0,1.0,0.0,0.015
10,0.3333302554337065,76,0.03690245134727018,0.0,-0.043499295151763005,0.013499295151763006,0.001500704848236993,3.0014096964739863,0.028558736220133107,0.035222156576723194,1.8008458178843916,0.025,0.0,-0.03,0.0,1.0,0.0,0.015
10,0.3333302554337065,77,0.03590676323499908,0.0,-0.044239105958226214,0.014239105958226216,0.0007608940417737839,1.521788083547568,0.025364082841599304,0.034042290803764225,0.9130728501285407,0.025,0.0,-0.03,0.0,1.0,0.0,0.015
10,0.3333302554337065,78,0.034891359946622874,0.0,-0.04495261279756981,0.014952612797569813,4.7387202430186626e-05,0.09477440486037325,0.02462607160992147,0.036172031112120355,0.05686464291622395,0.025,0.0,-0.03,0.0,1.0,0.0,0.015
11,0.3666632809770771,49,0.04776361053410281,0.0,-0.01604335707310072,0.013956642926899278,0.0010433570731007216,2.086714146201443,-0.041983726323699344,0.008267580915943979,1.2520284877208658,0.025,0.0,-0.03,0.0,1.0,0.0,0.015
11,0.3666632809770771,50,0.04771267836974539,0.0,-0.017287188146824933,0.012712811853175066,0.002287188146824933,4.574376293649866,-0.02623443646918512,0.008431196095806757,2.7446257761899195,0.025,0.0,-0.03,0.0,1.0,0.0,0.015
11,0.3666632809770771,51,0.04765922474410495,0.0,-0.018530996532008036,0.011469003467991963,0.0035309965320080364,7.061993064016073,-0.04769243615892441,0.009729815067593683,4.237195838409644,0.025,0.0,-0.03,0.0,1.0,0.0,0.015
11,0.3666632809770771,52,0.04760548330405316,0.0,-0.01977462756536988,0.01022537243463012,0.004774627565369879,9.549255130739759,-0.03341315220696132,0.009923572284950196,5.729553078443855,0.025,0.0,-0.03,0.0,1.0,0.0,0.015
11,0.3666632809770771,53,0.047553671313503805,0.0,-0.021018483509868777,0.008981516490131222,0.006018483509868777,12.036967019737554,-0.03781536260192202,0.01068988642122256,7.222180211842533,0.025,0.0,-0.03,0.0,1.0,0.0,0.015
11,0.3666632809770771,54,0.047506016393434804,0.0,-0.02226248631926408,0.0077375136807359204,0.007262486319264079,14.524972638528158,-0.03208323924682943,0.011223483571240152,8.714983583116895,0.025,0.0,-0.03,0.0,1.0,0.0,0.015
11,0.3666632809770771,55,0.047464732555395496,0.0,-0.023506500794909856,0.006493499205090143,0.008506500794909857,17.013001589819712,-0.05079574780150822,0.012163313409590069,10.207800953891827,0.025,0.0,-0.03,0.0,1.0,0.0,0.015
11,0.3666632809770771,56,0.04743200400526246,0.0,-0.02475109127217887,0.00524890872782113,0.00975109127217887,19.50218254435774,-0.02094776977481044,0.012412146749692338,11.701309526614644,0.025,0.0,-0.03,0.0,1.0,0.0,0.015
11,0.3666632809770771,57,0.047410009912886096,0.0,-0.025995498477461455,0.004004501522538544,0.010995498477461455,21.99099695492291,-0.04698521384947347,0.013285105221989862,13.194598172953745,0.025,0.0,-0.03,0.0,1.0,0.0,0.015
11,0.3666632809770771,58,0.04740088498728535,0.0,-0.02724041265308599,0.0027595873469140088,0.01224041265308599,24.48082530617198,-0.03869402561369281,0.013786718428867924,14.688495183703187,0.025,0.0,-0.03,0.0,1.0,0.0,0.015
11,0.3666632809770771,59,0.047406724413699725,0.0,-0.028484917879024324,0.0015150821209756749,0.013484917879024325,26.96983575804865,-0.027395941997738153,0.014753831815246874,16.181901454829188,0.025,0.0,-0.03,0.0,1.0,0.0,0.015
11,0.3666632809770771,60,0.0474295963848872,0.0,-0.029729598058515008,0.00027040194148499064,0.014729598058515009,29.459196117030018,-0.05022129847607585,0.014672739412061877,17.67551767021801,0.025,0.0,-0.03,0.0,1.0,0.0,0.015
11,0.3666632809770771,61,0.047471474928122474,0.0,-0.030973330301940365,0.0009733303019403665,0.014026669698059633,28.053339396119267,0.023876841677550296,0.01641526718413424,16.83200363767156,0.025,0.0,-0.03,0.0,1.0,0.0,0.015
11,0.3666632809770771,62,0.047534322062522436,0.0,-0.03221647087023426,0.002216470870234258,0.012783529129765742,25.567058259531482,0.05116736677389827,0.01619929425774546,15.340234955718888,0.025,0.0,-0.03,0.0,1.0,0.0,0.015
11,0.3666632809770771,63,0.04761998571857986,0.0,-0.03345794631811979,0.003457946318119791,0.011542053681880209,23.084107363760417,0.02425813819536102,0.012084800156497023,13.85046441825625,0.025,0.0,-0.03,0.0,1.0,0.0,0.015
11,0.3666632809770771,64,0.046791197678526276,0.0,-0.03438108962718504,0.004381089627185038,0.010618910372814962,21.237820745629925,0.04683795312138513,0.0271256888855592,12.742692447377955,0.025,0.0,-0.03,0.0,1.0,0.0,0.015
11,0.3666632809770771,65,0.04595318067354464,0.0,-0.03529567519093859,0.005295675190938591,0.009704324809061408,19.408649618122816,0.030130484611057943,0.014430138542938493,11.645189770873689,0.025,0.0,-0.03,0.0,1.0,0.0,0.015
11,0.3666632809770771,66,0.045104308296978576,0.0,-0.03620026216914141,0.006200262169141414,0.008799737830858585,17.59947566171717,0.03353839320247001,0.019465100742566153,10.559685397030302,0.025,0.0,-0.03,0.0,1.0,0.0,0.015
11,0.3666632809770771,67,0.044243322929596374,0.0,-0.03709309912859853,0.007093099128598533,0.007906900871401466,15.813801742802932,0.0370497643617142,0.025174802274858802,9.48828104568176,0.025,0.0,-0.03,0.0,1.0,0.0,0.015
11,0.3666632809770771,68,0.04336871691918782,0.0,-0.037972821173577705,0.007972821173577706,0.007027178826422294,14.054357652844587,0.02877150725266736,0.018952501792958654,8.432614591706752,0.025,0.0,-0.03,0.0,1.0,0.0,0.015
11,0.3666632809770771,69,0.04247965766633233,0.0,-0.038837541037859545,0.008837541037859546,0.006162458962140453,12.324917924280907,0.03489055359591744,0.027614147629837972,7.394950754568544,0.025,0.0,-0.03,0.0,1.0,0.0,0.015
11,0.3666632809770771,70,0.04157486255803327,0.0,-0.039685972547773694,0.009685972547773695,0.005314027452226304,10.628054904452608,0.023762451269711736,0.017706598136567647,6.376832942671564,0.025,0.0,-0.03,0.0,1.0,0.0,0.015
11,0.3666632809770771,71,0.04065371384127119,0.0,-0.04051637310616872,0.010516373106168722,0.004483626893831277,8.967253787662555,0.03658308408079591,0.03466710870825954,5.380352272597533,0.025,0.0,-0.03,0.0,1.0,0.0,0.015
11,0.3666632809770771,72,0.03971534824395249,0.0,-0.04132741308046911,0.011327413080469112,0.0036725869195308875,7.345173839061775,0.023374918173417185,0.021914667825463162,4.407104303437064,0.025,0.0,-0.03,0.0,1.0,0.0,0.015
11,0.3666632809770771,73,0.0387594886219393,0.0,-0.042117455797420295,0.012117455797420296,0.002882544202579704,5.765088405159408,0.022915738858130075,0.02331278652346936,3.4590530430956448,0.025,0.0,-0.03,0.0,1.0,0.0,0.015
11,0.3666632809770771,74,0.0377856696781802,0.0,-0.04288523797331406,0.012885237973314062,0.0021147620266859374,4.2295240533718745,0.03349071416560564,0.039998316487477564,2.5377144320231246,0.025,0.0,-0.03,0.0,1.0,0.0,0.015
11,0.3666632809770771,75,0.03679336674210237,0.0,-0.04362938586679472,0.01362938586679472,0.0013706141332052793,2.7412282664105585,0.017841041540573924,0.022077435097215478,1.644736959846335,0.025,0.0,-0.03,0.0,1.0,0.0,0.015
11,0.3666632809770771,76,0.03578245520236387,0.0,-0.04434772152137564,0.014347721521375638,0.0006522784786243616,1.3045569572487232,0.02010959946792049,0.027544640323729205,0.7827341743492339,0.025,0.0,-0.03,0.0,1.0,0.0,0.015
12,0.3999963065204478,48,0.047544321592548004,0.0,-0.015963640221780772,0.014036359778219227,0.0009636402217807725,1.9272804435615452,-0.021369248442774373,0.009778590488278545,1.156368266136927,0.025,0.0,-0.03,0.0,1.0,0.0,0.015
12,0.3999963065204478,49,0.04747956617364756,0.0,-0.01720722185398457,0.01279277814601543,0.0022072218539845694,4.414443707969139,-0.047235740167055486,0.010888544952558383,2.648666224781483,0.025,0.0,-0.03,0.0,1.0,0.0,0.015
12,0.3999963065204478,50,0.04741025397142027,0.0,-0.01845000478158658,0.01154999521841342,0.0034500047815865797,6.9000095631731595,-0.025130530437895232,0.010576593377980495,4.140005737903896,0.025,0.0,-0.03,0.0,1.0,0.0,0.015
12,0.3999963065204478,51,0.04733852508088813,0.0,-0.019693151649263173,0.010306848350736825,0.004693151649263174,9.386303298526348,-0.036000817798075076,0.011648984151813795,5.631781979115809,0.025,0.0,-0.03,0.0,1.0,0.0,0.015
12,0.3999963065204478,52,0.047266612272845863,0.0,-0.020935948099636583,0.009064051900363416,0.005935948099636584,11.871896199273166,-0.03953665065987697,0.012384909309037307,7.1231377195639,0.025,0.0,-0.03,0.0,1.0,0.0,0.015
12,0.3999963065204478,53,0.04719668850756733,0.0,-0.02217902343694852,0.007820976563051477,0.007179023436948522,14.358046873897043,-0.026223992602679734,0.012388283171155114,8.614828124338226,0.025,0.0,-0.03,0.0,1.0,0.0,0.015
12,0.3999963065204478,54,0.047130955116262696,0.0,-0.023422274762719113,0.0065777252372808855,0.008422274762719114,16.84454952543823,-0.04123865912112368,0.013584988377514337,10.106729715262937,0.025,0.0,-0.03,0.0,1.0,0.0,0.015
12,0.3999963065204478,55,0.047071591530140365,0.0,-0.024665814037968466,0.0053341859620315325,0.009665814037968467,19.331628075936933,-0.026623472623580363,0.013661974079392021,11.59897684556216,0.025,0.0,-0.03,0.0,1.0,0.0,0.015
12,0.3999963065204478,56,0.04702076230219942,0.0,-0.025909656175713062,0.004090343824286937,0.010909656175713062,21.819312351426124,-0.04606432704355445,0.014737414066038793,13.091587410855674,0.025,0.0,-0.03,0.0,1.0,0.0,0.015
12,0.3999963065204478,57,0.046980604372052294,0.0,-0.02715406725488019,0.0028459327451198085,0.012154067254880191,24.308134509760382,-0.018032088131898792,0.014823156786059987,14.584880705856229,0.025,0.0,-0.03,0.0,1.0,0.0,0.015
12,0.3999963065204478,58,0.04695323805186149,0.0,-0.028398441734105932,0.0016015582658940666,0.013398441734105933,26.796883468211867,-0.0464807767493303,0.015766710247803028,16.07813008092712,0.025,0.0,-0.03,0.0,1.0,0.0,0.015
12,0.3999963065204478,59,0.04694073223955594,0.0,-0.029643387923640806,0.0003566120763591925,0.014643387923640807,29.286775847281614,-0.03519248117612286,0.016105943119802714,17.57206550836897,0.025,0.0,-0.03,0.0,1.0,0.0,0.015
12,0.3999963065204478,60,0.04694512003264518,0.0,-0.030888098575553684,0.0008880985755536849,0.014111901424446315,28.22380284889263,0.01794386333475062,0.017320884327468856,16.934281709335576,0.025,0.0,-0.03,0.0,1.0,0.0,0.015
12,0.3999963065204478,61,0.04696837852714429,0.0,-0.03213258924040511,0.0021325892404051097,0.01286741075959489,25.73482151918978,0.054839124230671416,0.01651311142612845,15.440892911513867,0.025,0.0,-0.03,0.0,1.0,0.0,0.015
12,0.3999963065204478,62,0.04701243275955628,0.0,-0.03337663013178377,0.00337663013178377,0.01162336986821623,23.24673973643246,0.023841465025293614,0.019810506794181188,13.948043841859475,0.025,0.0,-0.03,0.0,1.0,0.0,0.015
12,0.3999963065204478,63,0.04707912933188508,0.0,-0.034619362067695704,0.004619362067695705,0.010380637932304294,20.76127586460859,0.026892801168870266,0.009173355659642349,12.456765518765152,0.025,0.0,-0.03,0.0,1.0,0.0,0.015
12,0.3999963065204478,64,0.04621541091437107,0.0,-0.03550984562619709,0.0055098456261970935,0.009490154373802906,18.98030874760581,0.05039625145357906,0.03716588743318219,11.388185248563486,0.025,0.0,-0.03,0.0,1.0,0.0,0.015
12,0.3999963065204478,65,0.045342534157937875,0.0,-0.0363911572399563,0.006391157239956299,0.0086088427600437,17.2176855200874,0.019548385885926035,0.007733039737925003,10.33061131205244,0.025,0.0,-0.03,0.0,1.0,0.0,0.015
12,0.3999963065204478,66,0.04445894705223166,0.0,-0.03726171759915817,0.007261717599158168,0.007738282400841831,15.476564801683661,0.03330979969514281,0.023671818858852906,9.285938881010196,0.025,0.0,-0.03,0.0,1.0,0.0,0.015
12,0.3999963065204478,67,0.043563281241589244,0.0,-0.03811981134285932,0.008119811342859322,0.0068801886571406776,13.760377314281355,0.03342776467771753,0.02606752392027071,8.256226388568813,0.025,0.0,-0.03,0.0,1.0,0.0,0.015
12,0.3999963065204478,68,0.04265436303445253,0.0,-0.03896368540539726,0.008963685405397263,0.006036314594602736,12.072629189205472,0.029184255036498092,0.023724761077165646,7.243577513523283,0.025,0.0,-0.03,0.0,1.0,0.0,0.015
12,0.3999963065204478,69,0.04173091789081796,0.0,-0.03979181703844861,0.009791817038448614,0.005208182961551386,10.416365923102772,0.02351909596078102,0.019170829209739632,6.249819553861663,0.025,0.0,-0.03,0.0,1.0,0.0,0.015
12,0.3999963065204478,70,0.040792332115087655,0.0,-0.04060226763102279,0.010602267631022788,0.004397732368977211,8.795464737954422,0.029844821713984063,0.02874674352377045,5.277278842772653,0.025,0.0,-0.03,0.0,1.0,0.0,0.015
12,0.3999963065204478,71,0.03983742688710378,0.0,-0.041393757197778665,0.011393757197778666,0.0036062428022213336,7.2124856044426675,0.03028840511600155,0.03220748301173776,4.3274913626656,0.025,0.0,-0.03,0.0,1.0,0.0,0.015
12,0.3999963065204478,72,0.038865875305579056,0.0,-0.04216447632108602,0.01216447632108602,0.00283552367891398,5.67104735782796,0.0152468199978031,0.014895349942829473,3.402628414696776,0.025,0.0,-0.03,0.0,1.0,0.0,0.015
12,0.3999963065204478,73,0.03787722683766934,0.0,-0.04291293899004766,0.01291293899004766,0.0020870610099523387,4.174122019904678,0.030602098539275716,0.037755792150767936,2.5044732119428064,0.025,0.0,-0.03,0.0,1.0,0.0,0.015
12,0.3999963065204478,74,0.036871032804225476,0.0,-0.043637848553250626,0.013637848553250627,0.0013621514467493726,2.724302893498745,0.022230584689675814,0.0294810116861457,1.634581736099247,0.025,0.0,-0.03,0.0,1.0,0.0,0.015
12,0.3999963065204478,75,0.03584695523085941,0.0,-0.04433718195223892,0.014337181952238924,0.0006628180477610754,1.325636095522151,0.01596243571804057,0.022276219324279246,0.7953816573132905,0.025,0.0,-0.03,0.0,1.0,0.0,0.015
13,0.43332933206381846,47,0.04726780445069133,0.0,-0.015859378214679355,0.014140621785320644,0.0008593782146793551,1.71875642935871,-0.021010892174915197,0.012490685672531827,1.031253857615226,0.025,0.0,-0.03,0.0,1.0,0.0,0.015
13,0.43332933206381846,48,0.04718942678110158,0.0,-0.017101834079867918,0.012898165920132081,0.002101834079867918,4.2036681597358365,-0.045691266067582774,0.010444446774361136,2.5222008958415016,0.025,0.0,-0.03,0.0,1.0,0.0,0.015
13,0.43332933206381846,49,0.04710448961421092,0.0,-0.018344097609786666,0.011655902390213333,0.0033440976097866663,6.688195219573332,-0.022767547974856205,0.010161831655176265,4.0129171317439996,0.025,0.0,-0.03,0.0,1.0,0.0,0.015
13,0.43332933206381846,50,0.04701512798161649,0.0,-0.019586032588528212,0.010413967411471787,0.004586032588528213,9.172065177056425,-0.03432646797741278,0.011289816239370008,5.503239106233854,0.025,0.0,-0.03,0.0,1.0,0.0,0.015
13,0.43332933206381846,51,0.046923506357346816,0.0,-0.020827632280913846,0.009172367719086152,0.005827632280913847,11.655264561827694,-0.04026279068375797,0.012194917748082882,6.993158737096617,0.025,0.0,-0.03,0.0,1.0,0.0,0.015
13,0.43332933206381846,52,0.04683176083133837,0.0,-0.02206939703295101,0.007930602967048988,0.0070693970329510115,14.138794065902022,-0.015988202657568885,0.01122302457278598,8.483276439541212,0.025,0.0,-0.03,0.0,1.0,0.0,0.015
13,0.43332933206381846,53,0.04674206134987796,0.0,-0.02331130804085669,0.00668869195914331,0.00831130804085669,16.622616081713378,-0.05325737157655473,0.013964202906354008,9.973569649028027,0.025,0.0,-0.03,0.0,1.0,0.0,0.015
13,0.43332933206381846,54,0.04665656987806517,0.0,-0.0245533631116228,0.005446636888377199,0.0095533631116228,19.1067262232456,-0.011597875265534649,0.012119248435039942,11.46403573394736,0.025,0.0,-0.03,0.0,1.0,0.0,0.015
13,0.43332933206381846,55,0.046577418219849884,0.0,-0.025795874605562964,0.004204125394437035,0.010795874605562965,21.59174921112593,-0.04855115966581873,0.014569351575857533,12.955049526675557,0.025,0.0,-0.03,0.0,1.0,0.0,0.015
13,0.43332933206381846,56,0.04650673119495562,0.0,-0.027039070859119246,0.0029609291408807525,0.012039070859119247,24.078141718238495,-0.023339506685192173,0.013887088293966045,14.446885030943097,0.025,0.0,-0.03,0.0,1.0,0.0,0.015
13,0.43332933206381846,57,0.04644663849168842,0.0,-0.028282397011948814,0.0017176029880511846,0.013282397011948815,26.56479402389763,-0.032311391709431994,0.014853430097359012,15.938876414338576,0.025,0.0,-0.03,0.0,1.0,0.0,0.015
13,0.43332933206381846,58,0.0463991902475374,0.0,-0.029526625984360233,0.0004733740156397659,0.014526625984360234,29.053251968720467,-0.04011341629327653,0.015443379944019252,17.43195118123228,0.025,0.0,-0.03,0.0,1.0,0.0,0.015
13,0.43332933206381846,59,0.046366450914830354,0.0,-0.030771094311896657,0.0007710943118966578,0.014228905688103342,28.457811376206685,0.019075194354053294,0.015773029192577098,17.07468682572401,0.025,0.0,-0.03,0.0,1.0,0.0,0.015
13,0.43332933206381846,60,0.046350414062391265,0.0,-0.03201582232150814,0.00201582232150814,0.01298417767849186,25.968355356983718,0.04702222264410358,0.016313260654099212,15.58101321419023,0.025,0.0,-0.03,0.0,1.0,0.0,0.015
13,0.43332933206381846,61,0.0463530362596695,0.0,-0.033260756759369146,0.0032607567593691475,0.011739243240630852,23.478486481261704,0.018435721994005026,0.017185586869611802,14.087091888757023,0.025,0.0,-0.03,0.0,1.0,0.0,0.015
13,0.43332933206381846,62,0.04637620421801371,0.0,-0.03450528859566727,0.004505288595667269,0.01049471140433273,20.989422808665463,0.04254122465849303,0.017167683206851494,12.593653685199277,0.025,0.0,-0.03,0.0,1.0,0.0,0.015
13,0.43332933206381846,63,0.0464217912764869,0.0,-0.0357491845913872,0.0057491845913872006,0.009250815408612799,18.501630817225596,0.027792998089522247,0.01826934684100449,11.100978490335358,0.025,0.0,-0.03,0.0,1.0,0.0,0.015
13,0.43332933206381846,64,0.04552579709969097,0.0,-0.03660721779204548,0.006607217792045483,0.008392782207954516,16.785564415909032,0.029627706328579483,0.016689945700268757,10.07133864954542,0.025,0.0,-0.03,0.0,1.0,0.0,0.015
13,0.43332933206381846,65,0.04462098140247959,0.0,-0.03745536548058502,0.007455365480585022,0.007544634519414978,15.089269038829956,0.03553418938567355,0.025966119350117993,9.053561423297973,0.025,0.0,-0.03,0.0,1.0,0.0,0.015
13,0.43332933206381846,66,0.04370531819641519,0.0,-0.0382923267585345,0.008292326758534502,0.006707673241465498,13.415346482930996,0.023075016381963173,0.014071270167636138,8.049207889758597,0.025,0.0,-0.03,0.0,1.0,0.0,0.015
13,0.43332933206381846,67,0.042777944112266215,0.0,-0.03911585563546915,0.009115855635469149,0.005884144364530851,11.768288729061702,0.03134198898972954,0.025577147310564815,7.060973237437021,0.025,0.0,-0.03,0.0,1.0,0.0,0.015
13,0.43332933206381846,68,0.0418375210507169,0.0,-0.03992428190314957,0.009924281903149569,0.00507571809685043,10.15143619370086,0.027591958044330286,0.0236683450966398,6.090861716220516,0.025,0.0,-0.03,0.0,1.0,0.0,0.015
13,0.43332933206381846,69,0.04088266067891019,0.0,-0.04071608995600289,0.010716089956002893,0.0042839100439971065,8.567820087994212,0.023286974558880028,0.020541984703809687,5.140692052796527,0.025,0.0,-0.03,0.0,1.0,0.0,0.015
13,0.43332933206381846,70,0.0399131165773356,0.0,-0.04148900773333949,0.011489007733339489,0.0035109922666605106,7.021984533321021,0.02669028701337134,0.027240545324198374,4.213190719992612,0.025,0.0,-0.03,0.0,1.0,0.0,0.015
13,0.43332933206381846,71,0.03892751302177794,0.0,-0.0422418420282194,0.012241842028219402,0.0027581579717805976,5.516315943561195,0.022229314243631587,0.023943122361223354,3.309789566136717,0.025,0.0,-0.03,0.0,1.0,0.0,0.015
13,0.43332933206381846,72,0.03792567559862772,0.0,-0.04297264241203201,0.012972642412032012,0.0020273575879679873,4.054715175935975,0.02413267008140904,0.029253477074970655,2.4328291055615847,0.025,0.0,-0.03,0.0,1.0,0.0,0.015
13,0.43332933206381846,73,0.03690717345155938,0.0,-0.043679879137591686,0.013679879137591687,0.0013201208624083124,2.640241724816625,0.018067347058923506,0.022980753510766783,1.584145034889975,0.025,0.0,-0.03,0.0,1.0,0.0,0.015
13,0.43332933206381846,74,0.035871437329680386,0.0,-0.04436184945809378,0.014361849458093781,0.0006381505419062183,1.2763010838124367,0.021314493025866493,0.03086012532216115,0.765780650287462,0.025,0.0,-0.03,0.0,1.0,0.0,0.015
14,0.4666623576071891,46,0.04623269869982047,0.0,-0.01588445195509895,0.01411554804490105,0.0008844519550989492,1.7689039101978985,-0.02514288929658793,0.014366145009053238,1.061342346118739,0.025,0.0,-0.03,0.0,1.0,0.0,0.015
14,0.4666623576071891,47,0.046940036197332946,0.0,-0.016908110715392995,0.013091889284607004,0.001908110715392996,3.816221430785992,-0.03615647879804544,0.010073047877921024,2.289732858471595,0.025,0.0,-0.03,0.0,1.0,0.0,0.015
14,0.4666623576071891,48,0.04684430784794078,0.0,-0.018149529961009773,0.011850470038990226,0.0031495299610097734,6.299059922019547,-0.02681146916317369,0.011728303343890443,3.7794359532117277,0.025,0.0,-0.03,0.0,1.0,0.0,0.015
14,0.4666623576071891,49,0.04674218383287577,0.0,-0.019390620825421746,0.010609379174578253,0.004390620825421746,8.781241650843493,-0.03822194149664484,0.013039162071012515,5.268744990506096,0.025,0.0,-0.03,0.0,1.0,0.0,0.015
14,0.4666623576071891,50,0.046635802070524146,0.0,-0.02063120091838355,0.00936879908161645,0.005631200918383549,11.262401836767099,-0.023763566851506518,0.012572645310899586,6.757441102060259,0.025,0.0,-0.03,0.0,1.0,0.0,0.015
14,0.4666623576071891,51,0.04652725491366021,0.0,-0.021871717519292632,0.008128282480707367,0.006871717519292633,13.743435038585265,-0.04100988210238871,0.014478254510027365,8.246061023151158,0.025,0.0,-0.03,0.0,1.0,0.0,0.015
14,0.4666623576071891,52,0.04641868181787185,0.0,-0.023112078652054478,0.006887921347945521,0.008112078652054478,16.224157304108957,-0.022726886085803706,0.013692685123079515,9.734494382465373,0.025,0.0,-0.03,0.0,1.0,0.0,0.015
14,0.4666623576071891,53,0.04631217245432449,0.0,-0.02435286651525534,0.00564713348474466,0.00935286651525534,18.70573303051068,-0.03670097791483661,0.015344632783792155,11.223439818306407,0.025,0.0,-0.03,0.0,1.0,0.0,0.015
14,0.4666623576071891,54,0.046209884775720474,0.0,-0.025593660604567695,0.004406339395432304,0.010593660604567696,21.18732120913539,-0.03293685991293465,0.01563157276955667,12.712392725481234,0.025,0.0,-0.03,0.0,1.0,0.0,0.015
14,0.4666623576071891,55,0.046113877034277495,0.0,-0.026835278992911347,0.0031647210070886514,0.011835278992911348,23.670557985822697,-0.024066533920461736,0.01570649386515008,14.202334791493618,0.025,0.0,-0.03,0.0,1.0,0.0,0.015
14,0.4666623576071891,56,0.046026282764074035,0.0,-0.028077186936992328,0.001922813063007671,0.013077186936992329,26.154373873984657,-0.04223321767137766,0.01733865442298333,15.692624324390794,0.025,0.0,-0.03,0.0,1.0,0.0,0.015
14,0.4666623576071891,57,0.045949136851088965,0.0,-0.029320055819938802,0.0006799441800611969,0.014320055819938803,28.640111639877606,-0.0194603761080198,0.016814659308321152,17.184066983926563,0.025,0.0,-0.03,0.0,1.0,0.0,0.015
14,0.4666623576071891,58,0.04588451260118902,0.0,-0.03056334274640041,0.0005633427464004116,0.014436657253599588,28.873314507199176,0.044517721140441176,0.018432110848717,17.323988704319504,0.025,0.0,-0.03,0.0,1.0,0.0,0.015
14,0.4666623576071891,59,0.04583440173356715,0.0,-0.031807397378919564,0.0018073973789195646,0.013192602621080435,26.38520524216087,0.01701087826209664,0.018248820738701762,15.83112314529652,0.025,0.0,-0.03,0.0,1.0,0.0,0.015
14,0.4666623576071891,60,0.04580078508344945,0.0,-0.03305203599935757,0.0030520359993575705,0.011947964000642429,23.895928001284858,0.0447788538446519,0.019341726775798294,14.337556800770914,0.025,0.0,-0.03,0.0,1.0,0.0,0.015
14,0.4666623576071891,61,0.045785585841338884,0.0,-0.0342967997844236,0.0042967997844235994,0.0107032002155764,21.4064004311528,0.0236230588457349,0.019940663763082043,12.84384025869168,0.025,0.0,-0.03,0.0,1.0,0.0,0.015
14,0.4666623576071891,62,0.04579068775921024,0.0,-0.035541685727286165,0.005541685727286166,0.009458314272713833,18.916628545427667,0.02966234148253613,0.019551546678128966,11.349977127256599,0.025,0.0,-0.03,0.0,1.0,0.0,0.015
14,0.4666623576071891,63,0.045817758530369006,0.0,-0.03678644791706904,0.00678644791706904,0.00821355208293096,16.42710416586192,0.04223019358228948,0.030033828535892423,9.856262499517152,0.025,0.0,-0.03,0.0,1.0,0.0,0.015
14,0.4666623576071891,64,0.04489070942844188,0.0,-0.03760988329105092,0.007609883291050924,0.007390116708949075,14.78023341789815,0.014425111806546301,0.0038082184041637207,8.86814005073889,0.025,0.0,-0.03,0.0,1.0,0.0,0.015
14,0.4666623576071891,65,0.043954057044143374,0.0,-0.038423701833748186,0.008423701833748187,0.006576298166251812,13.152596332503624,0.043649312989894086,0.039954875856198356,7.8915577995021735,0.025,0.0,-0.03,0.0,1.0,0.0,0.015
14,0.4666623576071891,66,0.04300760363365587,0.0,-0.039224861877976296,0.009224861877976297,0.005775138122023703,11.550276244047405,0.022231706680277446,0.01661274526844616,6.930165746428442,0.025,0.0,-0.03,0.0,1.0,0.0,0.015
14,0.4666623576071891,67,0.04204923373604017,0.0,-0.040012151250591654,0.010012151250591655,0.004987848749408344,9.975697498816688,0.02282545446511786,0.019092185811743705,5.985418499290012,0.025,0.0,-0.03,0.0,1.0,0.0,0.015
14,0.4666623576071891,68,0.041077955400279684,0.0,-0.040783517943983744,0.010783517943983745,0.004216482056016255,8.43296411203251,0.03724886426018246,0.040398282199486,5.059778467219505,0.025,0.0,-0.03,0.0,1.0,0.0,0.015
14,0.4666623576071891,69,0.040093026303202564,0.0,-0.04153689708359968,0.01153689708359968,0.0034631029164003194,6.926205832800639,0.012959502613813446,0.01028258183402853,4.155723499680383,0.025,0.0,-0.03,0.0,1.0,0.0,0.015
14,0.4666623576071891,70,0.039093279095059066,0.0,-0.04227070519755262,0.01227070519755262,0.0027292948024473795,5.458589604894759,0.03193017240886235,0.03884686131014118,3.2751537629368555,0.025,0.0,-0.03,0.0,1.0,0.0,0.015
14,0.4666623576071891,71,0.03807825138782135,0.0,-0.04298300775720475,0.012983007757204748,0.0020169922427952514,4.033984485590503,0.01909791722772127,0.02324502773374049,2.4203906913543016,0.025,0.0,-0.03,0.0,1.0,0.0,0.015
14,0.4666623576071891,72,0.037047366229233804,0.0,-0.04367215323327178,0.013672153233271783,0.0013278467667282162,2.655693533456432,0.020781982735845368,0.028050271967134353,1.5934161200738592,0.025,0.0,-0.03,0.0,1.0,0.0,0.015
14,0.4666623576071891,73,0.03600040697337637,0.0,-0.04433644825131632,0.014336448251316324,0.0006635517486836759,1.327103497367352,0.0241547430244029,0.03690428227872656,0.7962620984204111,0.025,0.0,-0.03,0.0,1.0,0.0,0.015
14,0.4666623576071891,74,0.03493671498603783,0.0,-0.044973770840389046,0.014973770840389047,2.622915961095207e-05,0.05245831922190414,0.010806564997400389,0.016687585034476097,0.03147499153314248,0.025,0.0,-0.03,0.0,1.0,0.0,0.015
15,0.49999538315055975,45,0.045201083959212116,0.0,-0.015886766753825523,0.014113233246174476,0.0008867667538255235,1.773533507651047,-0.033837650559953726,0.006964433685648754,1.0641201045906281,0.025,0.0,-0.03,0.0,1.0,0.0,0.015
15,0.49999538315055975,46,0.045874760566974836,0.0,-0.016933496796394106,0.013066503203605893,0.0019334967963941067,3.8669935927882135,-0.02593396514540451,0.013282894189499694,2.320196155672928,0.025,0.0,-0.03,0.0,1.0,0.0,0.015
15,0.49999538315055975,47,0.046547063113810745,0.0,-0.017980646055851857,0.012019353944148142,0.002980646055851858,5.961292111703716,-0.03600085552677716,0.009920958127214894,3.5767752670222293,0.025,0.0,-0.03,0.0,1.0,0.0,0.015
15,0.49999538315055975,48,0.04643010075703406,0.0,-0.019220502960438292,0.010779497039561707,0.004220502960438292,8.441005920876584,-0.029208716750371948,0.012061926609112504,5.06460355252595,0.025,0.0,-0.03,0.0,1.0,0.0,0.015
15,0.49999538315055975,49,0.046306965817806744,0.0,-0.020459514763928627,0.009540485236071372,0.005459514763928627,10.919029527857255,-0.029304531388410087,0.01239969682567269,6.551417716714353,0.025,0.0,-0.03,0.0,1.0,0.0,0.015
15,0.49999538315055975,50,0.04617966939334432,0.0,-0.021698502835240954,0.008301497164759045,0.006698502835240955,13.39700567048191,-0.03559742367678612,0.013611435273022911,8.038203402289145,0.025,0.0,-0.03,0.0,1.0,0.0,0.015
15,0.49999538315055975,51,0.046050353578848804,0.0,-0.022936909364611884,0.007063090635388115,0.007936909364611885,15.87381872922377,-0.028085847046863267,0.013499908238491665,9.52429123753426,0.025,0.0,-0.03,0.0,1.0,0.0,0.015
15,0.49999538315055975,52,0.04592104728521317,0.0,-0.02417548958784823,0.005824510412151769,0.00917548958784823,18.350979175696462,-0.030620778658852505,0.014329426336560966,11.010587505417877,0.025,0.0,-0.03,0.0,1.0,0.0,0.015
15,0.49999538315055975,53,0.04579383787189526,0.0,-0.025414368496241263,0.004585631503758736,0.010414368496241264,20.828736992482526,-0.033678437454321634,0.015194251132266494,12.497242195489514,0.025,0.0,-0.03,0.0,1.0,0.0,0.015
15,0.49999538315055975,54,0.0456708265322014,0.0,-0.026653450392710606,0.003346549607289393,0.011653450392710606,23.306900785421213,-0.02941849923313333,0.015405508921684699,13.984140471252728,0.025,0.0,-0.03,0.0,1.0,0.0,0.015
15,0.49999538315055975,55,0.045554049253955786,0.0,-0.027893239738167642,0.002106760261832357,0.012893239738167642,25.786479476335284,-0.029602368749126487,0.016031673672516733,15.47188768580117,0.025,0.0,-0.03,0.0,1.0,0.0,0.015
15,0.49999538315055975,56,0.04544556796402155,0.0,-0.029133784215023627,0.0008662157849763721,0.014133784215023627,28.267568430047255,-0.03453011569924028,0.016975873990933796,16.96054105802835,0.025,0.0,-0.03,0.0,1.0,0.0,0.015
15,0.49999538315055975,57,0.04534742088671795,0.0,-0.03037511253850509,0.0003751125385050916,0.014624887461494908,29.249774922989815,0.025669085864954796,0.017004703153690254,17.54986495379389,0.025,0.0,-0.03,0.0,1.0,0.0,0.015
15,0.49999538315055975,58,0.04526161437475512,0.0,-0.03161726928681715,0.001617269286817151,0.013382730713182849,26.765461426365697,0.038559804839583524,0.01830167431681211,16.059276855819416,0.025,0.0,-0.03,0.0,1.0,0.0,0.015
15,0.49999538315055975,59,0.0451901167742403,0.0,-0.03286043516018635,0.0028604351601863517,0.012139564839813648,24.279129679627296,0.018337813371832382,0.01805103640360122,14.567477807776378,0.025,0.0,-0.03,0.0,1.0,0.0,0.015
15,0.49999538315055975,60,0.04513488176445835,0.0,-0.03410429500790055,0.004104295007900549,0.01089570499209945,21.7914099841989,0.04799117076016838,0.019581503740084685,13.07484599051934,0.025,0.0,-0.03,0.0,1.0,0.0,0.015
15,0.49999538315055975,61,0.045097797776884295,0.0,-0.03534876571969193,0.005348765719691929,0.00965123428030807,19.30246856061614,0.012055222573319016,0.01953210876560354,11.581481136369684,0.025,0.0,-0.03,0.0,1.0,0.0,0.015
15,0.49999538315055975,62,0.04508072043569353,0.0,-0.03659368480046204,0.006593684800462039,0.00840631519953796,16.81263039907592,0.045354977048917895,0.02036739843071458,10.087578239445552,0.025,0.0,-0.03,0.0,1.0,0.0,0.015
15,0.49999538315055975,63,0.045085350680888564,0.0,-0.037838713824413776,0.007838713824413777,0.007161286175586222,14.322572351172443,0.02461937647383051,0.021198528719055556,8.593543410703466,0.025,0.0,-0.03,0.0,1.0,0.0,0.015
15,0.49999538315055975,64,0.044127707371182844,0.0,-0.038626583079929666,0.008626583079929667,0.006373416920070332,12.746833840140665,0.028580034205387673,0.01980399142662239,7.648100304084399,0.025,0.0,-0.03,0.0,1.0,0.0,0.015
15,0.49999538315055975,65,0.04316090696244903,0.0,-0.03940395373201746,0.00940395373201746,0.005596046267982539,11.19209253596508,0.03262743047166562,0.028422214009954563,6.7152555215790475,0.025,0.0,-0.03,0.0,1.0,0.0,0.015
15,0.49999538315055975,66,0.04218430828142366,0.0,-0.04016817676425085,0.010168176764250851,0.004831823235749148,9.663646471498296,0.021552783564058292,0.016118653640901058,5.7981878828989775,0.025,0.0,-0.03,0.0,1.0,0.0,0.015
15,0.49999538315055975,67,0.04119615858971488,0.0,-0.040917612726743983,0.010917612726743985,0.004082387273256015,8.16477454651203,0.03211163883536652,0.033003675652067285,4.898864727907218,0.025,0.0,-0.03,0.0,1.0,0.0,0.015
15,0.49999538315055975,68,0.040195410870918685,0.0,-0.041650194598531746,0.011650194598531748,0.003349805401468252,6.699610802936504,0.019892293871427005,0.018564945692391067,4.019766481761902,0.025,0.0,-0.03,0.0,1.0,0.0,0.015
15,0.49999538315055975,69,0.03918135203651567,0.0,-0.042363783004088544,0.012363783004088545,0.0026362169959114543,5.272433991822909,0.026089107614208545,0.030089486838774437,3.163460395093745,0.025,0.0,-0.03,0.0,1.0,0.0,0.015
15,0.49999538315055975,70,0.038152828125613256,0.0,-0.04305670102809502,0.013056701028095023,0.0019432989719049762,3.8865979438099525,0.02284475749023412,0.02825809975554477,2.3319587662859713,0.025,0.0,-0.03,0.0,1.0,0.0,0.015
15,0.49999538315055975,71,0.0371097288143548,0.0,-0.04372675872214294,0.013726758722142941,0.0012732412778570582,2.546482555714116,0.018371831624212086,0.02397267211221744,1.5278895334284697,0.025,0.0,-0.03,0.0,1.0,0.0,0.015
15,0.49999538315055975,72,0.03605097584669402,0.0,-0.04437256530151631,0.014372565301516309,0.0006274346984836907,1.2548693969673814,0.022404775169730846,0.03363788504990423,0.7529216381804288,0.025,0.0,-0.03,0.0,1.0,0.0,0.015
15,0.49999538315055975,73,0.03497680522877894,0.0,-0.04499162921602036,0.01499162921602036,8.370783979638752e-06,0.016741567959277504,0.016485276493770195,0.026688588010774113,0.010044940775566502,0.025,0.0,-0.03,0.0,1.0,0.0,0.015
16,0.5333284086939304,44,0.04424063627975927,0.0,-0.0158078861648045,0.014192113835195499,0.0008078861648045006,1.6157723296090012,-0.03018221004442837,0.009640259361556483,0.9694633977654007,0.025,0.0,-0.03,0.0,1.0,0.0,0.015
16,0.5333284086939304,45,0.04488114228489268,0.0,-0.016875199255640884,0.013124800744359115,0.0018751992556408845,3.750398511281769,-0.031821852154776925,0.010156874184273513,2.2502391067690612,0.025,0.0,-0.03,0.0,1.0,0.0,0.015
16,0.5333284086939304,46,0.045521514532414376,0.0,-0.01794321190376378,0.01205678809623622,0.0029432119037637802,5.88642380752756,-0.025595574248117918,0.014789572757511103,3.531854284516536,0.025,0.0,-0.03,0.0,1.0,0.0,0.015
16,0.5333284086939304,47,0.04615987318054796,0.0,-0.019011251186180852,0.010988748813819147,0.004011251186180852,8.022502372361705,-0.0422020656713881,0.011735903022354666,4.813501423417023,0.025,0.0,-0.03,0.0,1.0,0.0,0.015
16,0.5333284086939304,48,0.046022655505208676,0.0,-0.02024916572109621,0.009750834278903789,0.005249165721096211,10.498331442192422,-0.017874456477000675,0.012715327415228649,6.298998865315453,0.025,0.0,-0.03,0.0,1.0,0.0,0.015
16,0.5333284086939304,49,0.04587938574179718,0.0,-0.021486166118763944,0.008513833881236055,0.006486166118763945,12.972332237527889,-0.04272305055692235,0.015690624106015343,7.7833993425167325,0.025,0.0,-0.03,0.0,1.0,0.0,0.015
16,0.5333284086939304,50,0.04573208448523195,0.0,-0.022723046389480972,0.007276953610519027,0.0077230463894809726,15.446092778961946,-0.02815807131426054,0.014895958106722122,9.267655667377166,0.025,0.0,-0.03,0.0,1.0,0.0,0.015
16,0.5333284086939304,51,0.045582861458102926,0.0,-0.02395927139443369,0.006040728605566308,0.008959271394433692,17.918542788867384,-0.025057011732897257,0.015239625287196301,10.75112567332043,0.025,0.0,-0.03,0.0,1.0,0.0,0.015
16,0.5333284086939304,52,0.04543368166098669,0.0,-0.025195753677316957,0.004804246322683042,0.010195753677316958,20.391507354633916,-0.043968138465199945,0.017983228962112036,12.234904412780349,0.025,0.0,-0.03,0.0,1.0,0.0,0.015
16,0.5333284086939304,53,0.04528659504336145,0.0,-0.02643263186928676,0.00356736813071324,0.01143263186928676,22.865263738573518,-0.01696492505711601,0.01579627718598762,13.71915824314411,0.025,0.0,-0.03,0.0,1.0,0.0,0.015
16,0.5333284086939304,54,0.04514370426640465,0.0,-0.027669475425536803,0.0023305245744631962,0.012669475425536803,25.338950851073605,-0.044635086199732533,0.019357181075267228,15.203370510644163,0.025,0.0,-0.03,0.0,1.0,0.0,0.015
16,0.5333284086939304,55,0.04500691995915041,0.0,-0.02890760316492548,0.001092396835074519,0.01390760316492548,27.815206329850962,-0.01772529313212485,0.017392163101513022,16.689123797910575,0.025,0.0,-0.03,0.0,1.0,0.0,0.015
16,0.5333284086939304,56,0.04487836510058515,0.0,-0.03014609198318052,0.0001460919831805206,0.014853908016819479,29.70781603363896,0.04327712033228545,0.02045148003726008,17.824689620183374,0.025,0.0,-0.03,0.0,1.0,0.0,0.015
16,0.5333284086939304,57,0.04475995263763562,0.0,-0.031385954477146816,0.0013859544771468169,0.013614045522853183,27.228091045706364,0.02418627621473525,0.01946403177025544,16.33685462742382,0.025,0.0,-0.03,0.0,1.0,0.0,0.015
16,0.5333284086939304,58,0.044653718210462545,0.0,-0.032626518993578726,0.0026265189935787275,0.012373481006421272,24.746962012842545,0.027442050675769936,0.020566948217988476,14.848177207705525,0.025,0.0,-0.03,0.0,1.0,0.0,0.015
16,0.5333284086939304,59,0.044561554199072366,0.0,-0.03386849115018916,0.0038684911501891614,0.011131508849810838,22.263017699621678,0.04320642012893571,0.022093195875232754,13.357810619773007,0.025,0.0,-0.03,0.0,1.0,0.0,0.015
16,0.5333284086939304,60,0.044485402616458995,0.0,-0.03511141345598493,0.0051114134559849325,0.009888586544015067,19.777173088030136,0.016824232440329434,0.021539096052916956,11.866303852818081,0.025,0.0,-0.03,0.0,1.0,0.0,0.015
16,0.5333284086939304,61,0.044427126992807583,0.0,-0.036355030521624976,0.006355030521624977,0.008644969478375022,17.289938956750046,0.038387874901985676,0.02308091178772303,10.373963374050026,0.025,0.0,-0.03,0.0,1.0,0.0,0.015
16,0.5333284086939304,62,0.04438853949909873,0.0,-0.037599800392402356,0.0075998003924023574,0.007400199607597642,14.800399215195284,0.03212527491375645,0.024328286558804684,8.880239529117171,0.025,0.0,-0.03,0.0,1.0,0.0,0.015
16,0.5333284086939304,63,0.0443713648757117,0.0,-0.038844655391944885,0.008844655391944886,0.006155344608055113,12.310689216110227,0.022647821964701203,0.01697027556548911,7.386413529666136,0.025,0.0,-0.03,0.0,1.0,0.0,0.015
16,0.5333284086939304,64,0.043382834630778425,0.0,-0.039593523409651936,0.009593523409651937,0.0054064765903480624,10.812953180696125,0.041588407335303196,0.04143925972145412,6.487771908417675,0.025,0.0,-0.03,0.0,1.0,0.0,0.015
16,0.5333284086939304,65,0.04238555656268017,0.0,-0.0403310384657958,0.010331038465795798,0.004668961534204201,9.337923068408402,0.015512955210490764,0.008312586374135568,5.6027538410450415,0.025,0.0,-0.03,0.0,1.0,0.0,0.015
16,0.5333284086939304,66,0.04137851888178829,0.0,-0.04105485518568021,0.01105485518568021,0.00394514481431979,7.89028962863958,0.03517296978903722,0.03866685807831473,4.734173777183748,0.025,0.0,-0.03,0.0,1.0,0.0,0.015
16,0.5333284086939304,67,0.04036051604313762,0.0,-0.04176283919679653,0.011762839196796535,0.003237160803203465,6.47432160640693,0.025432863016190094,0.027695155172042105,3.884592963844158,0.025,0.0,-0.03,0.0,1.0,0.0,0.015
16,0.5333284086939304,68,0.03933013757737012,0.0,-0.04245311666389428,0.01245311666389428,0.0025468833361057194,5.093766672211439,0.019169614395244828,0.020502580790069592,3.056260003326863,0.025,0.0,-0.03,0.0,1.0,0.0,0.015
16,0.5333284086939304,69,0.03828693493311918,0.0,-0.043123324739338977,0.013123324739338978,0.0018766752606610218,3.7533505213220435,0.028486512596513896,0.03827938202172283,2.252010312793226,0.025,0.0,-0.03,0.0,1.0,0.0,0.015
16,0.5333284086939304,70,0.03722994774212544,0.0,-0.04377161024454372,0.013771610244543722,0.0012283897554562773,2.4567795109125545,0.019883042683997394,0.027439819750692748,1.4740677065475327,0.025,0.0,-0.03,0.0,1.0,0.0,0.015
16,0.5333284086939304,71,0.03615874381033895,0.0,-0.044395964300702,0.014395964300702002,0.0006040356992979973,1.2080713985959946,0.020347871436540196,0.03132053827417924,0.7248428391575967,0.025,0.0,-0.03,0.0,1.0,0.0,0.015
16,0.5333284086939304,72,0.03507293555999464,0.0,-0.04499454798884907,0.014994547988849069,5.452011150930414e-06,0.010904022301860827,0.017811856074084968,0.029592772350009768,0.006542413381116496,0.025,0.0,-0.03,0.0,1.0,0.0,0.015
17,0.5666614342373011,43,0.043286265155198,0.0,-0.015741504588570928,0.014258495411429071,0.0007415045885709286,1.4830091771418572,-0.021279340717684093,0.014476454760978088,0.8898055062851143,0.025,0.0,-0.03,0.0,1.0,0.0,0.015
17,0.5666614342373011,44,0.043891447185838886,0.0,-0.01682971634495966,0.01317028365504034,0.0018297163449596601,3.65943268991932,-0.04060354770400237,0.005039013796303034,2.195659613951592,0.025,0.0,-0.03,0.0,1.0,0.0,0.015
17,0.5666614342373011,45,0.04449496670019787,0.0,-0.017918550944058288,0.01208144905594171,0.002918550944058289,5.837101888116577,-0.02288839262633691,0.016419031053942008,3.5022611328699464,0.025,0.0,-0.03,0.0,1.0,0.0,0.015
17,0.5666614342373011,46,0.045097901341375396,0.0,-0.019008047473207015,0.010991952526792984,0.004008047473207016,8.016094946414032,-0.03785163058693603,0.009598762588389983,4.80965696784842,0.025,0.0,-0.03,0.0,1.0,0.0,0.015
17,0.5666614342373011,47,0.045698717910476104,0.0,-0.020098057837364586,0.009901942162635412,0.005098057837364587,10.196115674729175,-0.03013157170225931,0.015248991738041208,6.117669404837504,0.025,0.0,-0.03,0.0,1.0,0.0,0.015
17,0.5666614342373011,48,0.045536318239458556,0.0,-0.021332751477596883,0.008667248522403116,0.006332751477596883,12.665502955193766,-0.030585547679561037,0.014293681099986903,7.5993017731162595,0.025,0.0,-0.03,0.0,1.0,0.0,0.015
17,0.5666614342373011,49,0.04536801366046177,0.0,-0.02256697945615915,0.007433020543840849,0.00756697945615915,15.1339589123183,-0.03832203718459472,0.016238715652151216,9.08037534739098,0.025,0.0,-0.03,0.0,1.0,0.0,0.015
17,0.5666614342373011,50,0.045195840507563534,0.0,-0.023800562618553046,0.0061994373814469525,0.008800562618553047,17.601125237106093,-0.02507745353134114,0.015277312106062077,10.560675142263655,0.025,0.0,-0.03,0.0,1.0,0.0,0.015
17,0.5666614342373011,51,0.045021800114155096,0.0,-0.025033706051140487,0.004966293948859512,0.010033706051140488,20.067412102280976,-0.03659303914920248,0.017533115544026832,12.040447261368586,0.025,0.0,-0.03,0.0,1.0,0.0,0.015
17,0.5666614342373011,52,0.04484782841326811,0.0,-0.026267141429107414,0.0037328585708925853,0.011267141429107414,22.53428285821483,-0.03286319753823942,0.01780531329371738,13.520569714928898,0.025,0.0,-0.03,0.0,1.0,0.0,0.015
17,0.5666614342373011,53,0.0446759733628441,0.0,-0.02750074479170513,0.0024992552082948698,0.01250074479170513,25.001489583410258,-0.026946378143380165,0.017830008889768812,15.000893750046155,0.025,0.0,-0.03,0.0,1.0,0.0,0.015
17,0.5666614342373011,54,0.044508222174419625,0.0,-0.028734809867956245,0.0012651901320437538,0.013734809867956246,27.46961973591249,-0.03829456447723758,0.019999178186738204,16.481771841547495,0.025,0.0,-0.03,0.0,1.0,0.0,0.015
17,0.5666614342373011,55,0.04434653401747536,0.0,-0.02996977885089517,3.0221149104829592e-05,0.01496977885089517,29.93955770179034,-0.0262916824054588,0.019314171149877723,17.963734621074202,0.025,0.0,-0.03,0.0,1.0,0.0,0.015
17,0.5666614342373011,56,0.04419289069502661,0.0,-0.031205807052936893,0.0012058070529368942,0.013794192947063105,27.588385894126212,0.035650911189026024,0.021164350360055092,16.553031536475725,0.025,0.0,-0.03,0.0,1.0,0.0,0.015
17,0.5666614342373011,57,0.044049271923383024,0.0,-0.0324428430480593,0.0024428430480592997,0.0125571569519407,25.1143139038814,0.02884620271312262,0.02121867885921227,15.06858834232884,0.025,0.0,-0.03,0.0,1.0,0.0,0.015
17,0.5666614342373011,58,0.04391758621277322,0.0,-0.03368123702666369,0.003681237026663689,0.01131876297333631,22.63752594667262,0.03360120649615443,0.02243568872812248,13.582515568003572,0.025,0.0,-0.03,0.0,1.0,0.0,0.015
17,0.5666614342373011,59,0.043799736485971054,0.0,-0.034921188009607904,0.004921188009607905,0.010078811990392095,20.15762398078419,0.0296049334559899,0.02290081934313414,12.094574388470514,0.025,0.0,-0.03,0.0,1.0,0.0,0.015
17,0.5666614342373011,60,0.043697643012571744,0.0,-0.0361621305642978,0.006162130564297798,0.008837869435702202,17.675738871404402,0.03360018153232078,0.023979425761133627,10.60544332284264,0.025,0.0,-0.03,0.0,1.0,0.0,0.015
17,0.5666614342373011,61,0.04361309234798475,0.0,-0.03740468362122799,0.007404683621227988,0.0075953163787720115,15.190632757544023,0.028289253935225658,0.02441326054987976,9.114379654526413,0.025,0.0,-0.03,0.0,1.0,0.0,0.015
17,0.5666614342373011,62,0.04354792613947144,0.0,-0.03864815565076851,0.008648155650768513,0.006351844349231486,12.703688698462972,0.03587220067925056,0.026208840150867448,7.622213219077783,0.025,0.0,-0.03,0.0,1.0,0.0,0.015
17,0.5666614342373011,63,0.043503786370179966,0.0,-0.039892664558303495,0.009892664558303496,0.005107335441696503,10.214670883393007,0.024420418001294682,0.019763890090873978,6.128802530035804,0.025,0.0,-0.03,0.0,1.0,0.0,0.015
17,0.5666614342373011,64,0.042484400291227985,0.0,-0.040598705239175005,0.010598705239175006,0.004401294760824993,8.802589521649987,0.040450569248567214,0.04282328777490897,5.281553712989992,0.025,0.0,-0.03,0.0,1.0,0.0,0.015
17,0.5666614342373011,65,0.04145647019529485,0.0,-0.04129286497825222,0.011292864978252222,0.0037071350217477775,7.414270043495555,0.014832293184646853,0.0069814561287370935,4.448562026097333,0.025,0.0,-0.03,0.0,1.0,0.0,0.015
17,0.5666614342373011,66,0.040419266592832834,0.0,-0.04197246882561823,0.011972468825618234,0.003027531174381766,6.055062348763532,0.04001718040550714,0.049592327503909676,3.6330374092581192,0.025,0.0,-0.03,0.0,1.0,0.0,0.015
17,0.5666614342373011,67,0.03937126733910612,0.0,-0.04263549812979148,0.012635498129791478,0.0023645018702085213,4.729003740417043,0.017762991449848126,0.01709744222704015,2.837402244250226,0.025,0.0,-0.03,0.0,1.0,0.0,0.015
17,0.5666614342373011,68,0.03831180092398735,0.0,-0.043279533317464064,0.013279533317464065,0.0017204666825359344,3.440933365071869,0.02531079167434149,0.032614036998013414,2.0645600190431215,0.025,0.0,-0.03,0.0,1.0,0.0,0.015
17,0.5666614342373011,69,0.037239578534565644,0.0,-0.043902663139789244,0.013902663139789245,0.0010973368602107542,2.194673720421508,0.02678829287390693,0.03943348509208009,1.3168042322529048,0.025,0.0,-0.03,0.0,1.0,0.0,0.015
17,0.5666614342373011,70,0.036154508932937715,0.0,-0.04450245593478124,0.014502455934781243,0.0004975440652187565,0.9950881304375131,0.014618511228786619,0.020091620940381087,0.5970528782625079,0.025,0.0,-0.03,0.0,1.0,0.0,0.015
18,0.5999944597806717,42,0.04238270667269763,0.0,-0.015646622804004525,0.014353377195995474,0.0006466228040045256,1.2932456080090513,-0.03758333453264476,0.007067496409435887,0.7759473648054308,0.025,0.0,-0.03,0.0,1.0,0.0,0.015
18,0.5999944597806717,43,0.04295327772079004,0.0,-0.016753396738599467,0.013246603261400532,0.0017533967385994671,3.506793477198934,-0.02680378834491307,0.01421000943515491,2.1040760863193606,0.025,0.0,-0.03,0.0,1.0,0.0,0.015
18,0.5999944597806717,44,0.043521193318678104,0.0,-0.01786158814539357,0.012138411854606429,0.0028615881453935704,5.723176290787141,-0.03249040333202241,0.012763233906603128,3.4339057744722843,0.025,0.0,-0.03,0.0,1.0,0.0,0.015
18,0.5999944597806717,45,0.04408713234565225,0.0,-0.018970581329929938,0.011029418670070061,0.003970581329929938,7.941162659859876,-0.03513947105438108,0.012856045414987,4.7646975959159255,0.025,0.0,-0.03,0.0,1.0,0.0,0.015
18,0.5999944597806717,46,0.04465209928632568,0.0,-0.020080375455877045,0.009919624544122953,0.005080375455877046,10.160750911754093,-0.0343683202466727,0.015297146008169973,6.096450547052456,0.025,0.0,-0.03,0.0,1.0,0.0,0.015
18,0.5999944597806717,47,0.04521463793657062,0.0,-0.02119067227060028,0.00880932772939972,0.0061906722706002795,12.381344541200558,-0.029817656846513087,0.016597307802287277,7.428806724720335,0.025,0.0,-0.03,0.0,1.0,0.0,0.015
18,0.5999944597806717,48,0.045025576433060786,0.0,-0.022421860297328764,0.007578139702671235,0.007421860297328765,14.84372059465753,-0.036273140565744155,0.017566083040674238,8.906232356794517,0.025,0.0,-0.03,0.0,1.0,0.0,0.015
18,0.5999944597806717,49,0.04483078656858399,0.0,-0.023652124089486113,0.006347875910513886,0.008652124089486114,17.304248178972227,-0.042443169414807726,0.019573987334416197,10.382548907383336,0.025,0.0,-0.03,0.0,1.0,0.0,0.015
18,0.5999944597806717,50,0.04463218595955821,0.0,-0.024881992549837466,0.005118007450162533,0.009881992549837466,19.763985099674933,-0.015385947355657783,0.016397776603760572,11.85839105980496,0.025,0.0,-0.03,0.0,1.0,0.0,0.015
18,0.5999944597806717,51,0.04443180460629213,0.0,-0.02611122074767447,0.0038887792523255305,0.011111220747674469,22.22244149534894,-0.05178612156033927,0.022832555799876194,13.333464897209362,0.025,0.0,-0.03,0.0,1.0,0.0,0.015
18,0.5999944597806717,52,0.04423149812164754,0.0,-0.02734074623947518,0.0026592537605248205,0.012340746239475179,24.681492478950357,-0.02766711236564573,0.020041202855735126,14.808895487370213,0.025,0.0,-0.03,0.0,1.0,0.0,0.015
18,0.5999944597806717,53,0.04403326457992127,0.0,-0.028570574574789055,0.0014294254252109444,0.013570574574789055,27.14114914957811,-0.02543401486197934,0.020646462131570082,16.284689489746864,0.025,0.0,-0.03,0.0,1.0,0.0,0.015
18,0.5999944597806717,54,0.04383907649318622,0.0,-0.029800836491032726,0.0001991635089672733,0.014800836491032726,29.601672982065452,-0.04603574058888148,0.02455963099201846,17.761003789239272,0.025,0.0,-0.03,0.0,1.0,0.0,0.015
18,0.5999944597806717,55,0.043650816370182,0.0,-0.031032212235381385,0.0010322122353813856,0.013967787764618614,27.935575529237227,0.027398916245357306,0.022760420424351543,16.761345317542336,0.025,0.0,-0.03,0.0,1.0,0.0,0.015
18,0.5999944597806717,56,0.043470454832789156,0.0,-0.032264685647081896,0.0022646856470818974,0.012735314352918102,25.470628705836205,0.02820034842945711,0.023902320297573856,15.282377223501722,0.025,0.0,-0.03,0.0,1.0,0.0,0.015
18,0.5999944597806717,57,0.04329990248818129,0.0,-0.03349850671307903,0.0034985067130790318,0.011501493286920968,23.002986573841934,0.04289892150720551,0.026651838354636876,13.80179194430516,0.025,0.0,-0.03,0.0,1.0,0.0,0.015
18,0.5999944597806717,58,0.04314105873671559,0.0,-0.034733809429182715,0.004733809429182716,0.010266190570817284,20.532381141634566,0.025521887991982673,0.025498529929786542,12.319428684980739,0.025,0.0,-0.03,0.0,1.0,0.0,0.015
18,0.5999944597806717,59,0.04299577636839235,0.0,-0.03597089879603549,0.00597089879603549,0.00902910120396451,18.05820240792902,0.034705489087502484,0.02751650587581856,10.834921444757411,0.025,0.0,-0.03,0.0,1.0,0.0,0.015
18,0.5999944597806717,60,0.04286592832151115,0.0,-0.03720958333749036,0.007209583337490361,0.007790416662509639,15.580833325019277,0.032661244391997225,0.028262300234472966,9.348499995011567,0.025,0.0,-0.03,0.0,1.0,0.0,0.015
18,0.5999944597806717,61,0.04275332085246191,0.0,-0.038449764889481014,0.008449764889481015,0.006550235110518984,13.100470221037968,0.03478695660867757,0.02934574369703372,7.86028213262278,0.025,0.0,-0.03,0.0,1.0,0.0,0.015
18,0.5999944597806717,62,0.04265970605325374,0.0,-0.03969180473126905,0.00969180473126905,0.005308195268730949,10.616390537461898,0.026623700567573464,0.029257898679866615,6.369834322477138,0.025,0.0,-0.03,0.0,1.0,0.0,0.015
18,0.5999944597806717,63,0.042586749379552605,0.0,-0.0409349466339651,0.010934946633965104,0.004065053366034896,8.130106732069791,0.0401253984840992,0.037808625405316855,4.878064039241875,0.025,0.0,-0.03,0.0,1.0,0.0,0.015
18,0.5999944597806717,64,0.04153544173622526,0.0,-0.04159244607871826,0.01159244607871826,0.003407553921281739,6.815107842563478,0.02145254478062698,0.01695897329557549,4.089064705538086,0.025,0.0,-0.03,0.0,1.0,0.0,0.015
18,0.5999944597806717,65,0.04047602419063833,0.0,-0.042237257954646376,0.012237257954646377,0.0027627420453536222,5.525484090707245,0.040269066599792666,0.05185284418308749,3.3152904544243467,0.025,0.0,-0.03,0.0,1.0,0.0,0.015
18,0.5999944597806717,66,0.03940757421565424,0.0,-0.04286681613234926,0.01286681613234926,0.0021331838676507398,4.266367735301479,0.018119849101992068,0.016920203633903425,2.5598206411808873,0.025,0.0,-0.03,0.0,1.0,0.0,0.015
18,0.5999944597806717,67,0.03832923578591089,0.0,-0.043478617302959495,0.013478617302959496,0.0015213826970405034,3.0427653940810067,0.03190931371995765,0.045380616482591,1.825659236448604,0.025,0.0,-0.03,0.0,1.0,0.0,0.015
18,0.5999944597806717,68,0.03723968757937547,0.0,-0.04407054754283725,0.01407054754283725,0.0009294524571627494,1.8589049143254988,0.021895472161044576,0.030940927738395275,1.1153429485952993,0.025,0.0,-0.03,0.0,1.0,0.0,0.015
18,0.5999944597806717,69,0.03613824452508475,0.0,-0.044640273885362965,0.014640273885362966,0.0003597261146370337,0.7194522292740674,0.024818507575338225,0.0407227157919752,0.4316713375644404,0.025,0.0,-0.03,0.0,1.0,0.0,0.015
19,0.6333274853240424,41,0.04152758657904074,0.0,-0.015567042739367896,0.014432957260632102,0.000567042739367897,1.134085478735794,-0.019196694992899034,0.0007335692575583597,0.6804512872414763,0.025,0.0,-0.03,0.0,1.0,0.0,0.015
19,0.6333274853240424,42,0.04206362048789277,0.0,-0.016691070039939387,0.013308929960060611,0.001691070039939388,3.382140079878776,-0.027243476866817076,0.0028134060427885115,2.029284047927266,0.025,0.0,-0.03,0.0,1.0,0.0,0.015
19,0.6333274853240424,43,0.042595919903132974,0.0,-0.017816982726990022,0.012183017273009977,0.002816982726990023,5.6339654539800454,-0.019770454321228453,0.0011054601343111696,3.3803792723880273,0.025,0.0,-0.03,0.0,1.0,0.0,0.015
19,0.6333274853240424,44,0.04312513994160522,0.0,-0.0189441645330367,0.011055835466963298,0.003944164533036702,7.888329066073403,-0.02165260619907332,0.0004944605401426952,4.732997439644042,0.025,0.0,-0.03,0.0,1.0,0.0,0.015
19,0.6333274853240424,45,0.04365219621460046,0.0,-0.020072525827774936,0.009927474172225063,0.005072525827774937,10.145051655549873,-0.027600773687434566,0.001962965630133836,6.087030993329924,0.025,0.0,-0.03,0.0,1.0,0.0,0.015
19,0.6333274853240424,46,0.04417779499157724,0.0,-0.021201531596764748,0.008798468403235251,0.0062015315967647484,12.403063193529498,-0.01735043011153227,0.003009288179089983,7.441837916117699,0.025,0.0,-0.03,0.0,1.0,0.0,0.015
19,0.6333274853240424,47,0.04470075011403866,0.0,-0.022331163260774233,0.007668836739225766,0.007331163260774234,14.662326521548467,-0.026629998672406497,0.0007094571628077157,8.79739591292908,0.025,0.0,-0.03,0.0,1.0,0.0,0.015
19,0.6333274853240424,48,0.044481896781868806,0.0,-0.023557581188813237,0.006442418811186762,0.008557581188813237,17.115162377626476,-0.02392458191086847,0.0013525409972894625,10.269097426575884,0.025,0.0,-0.03,0.0,1.0,0.0,0.015
19,0.6333274853240424,49,0.04425742056471038,0.0,-0.024782792720926795,0.0052172072790732035,0.009782792720926796,19.565585441853592,-0.020579958503273318,0.000922753541341967,11.739351265112155,0.025,0.0,-0.03,0.0,1.0,0.0,0.015
19,0.6333274853240424,50,0.04402914087227707,0.0,-0.02600749576512284,0.00399250423487716,0.01100749576512284,22.014991530245677,-0.02451295222674189,0.0021676973377609534,13.208994918147406,0.025,0.0,-0.03,0.0,1.0,0.0,0.015
19,0.6333274853240424,51,0.04379897274577645,0.0,-0.027231708181961235,0.0027682918180387643,0.012231708181961235,24.46341636392247,-0.02175423930028397,0.00217275433049915,14.67804981835348,0.025,0.0,-0.03,0.0,1.0,0.0,0.015
19,0.6333274853240424,52,0.04356874514551451,0.0,-0.02845598396546916,0.0015440160345308387,0.01345598396546916,26.91196793093832,-0.02474199585717512,0.0031319815538497415,16.147180758562993,0.025,0.0,-0.03,0.0,1.0,0.0,0.015
19,0.6333274853240424,53,0.04334034585792364,0.0,-0.02968053343738304,0.0003194665626169574,0.014680533437383042,29.361066874766085,-0.021422192857194853,0.0029414224083802983,17.61664012485965,0.025,0.0,-0.03,0.0,1.0,0.0,0.015
19,0.6333274853240424,54,0.043115598893455585,0.0,-0.030905903929717107,0.0009059039297171084,0.014094096070282891,28.188192140565782,0.01944013890243148,0.0030318286062167143,16.91291528433947,0.025,0.0,-0.03,0.0,1.0,0.0,0.015
19,0.6333274853240424,55,0.042896309056392856,0.0,-0.032131990414871164,0.0021319904148711655,0.012868009585128834,25.736019170257666,0.03024342443088772,0.005277706959666608,15.441611502154599,0.025,0.0,-0.03,0.0,1.0,0.0,0.015
19,0.6333274853240424,56,0.042684136536201976,0.0,-0.033359630625144854,0.003359630625144855,0.011640369374855145,23.280738749710288,0.009697802880659303,0.0025267875043984487,13.968443249826173,0.025,0.0,-0.03,0.0,1.0,0.0,0.015
19,0.6333274853240424,57,0.042481163404440136,0.0,-0.03458877974145446,0.0045887797414544615,0.010411220258545538,20.822440517091074,0.03882394775226956,0.007453082994355392,12.493464310254645,0.025,0.0,-0.03,0.0,1.0,0.0,0.015
19,0.6333274853240424,58,0.04228944134947832,0.0,-0.03581945266953922,0.0058194526695392185,0.009180547330460781,18.361094660921562,0.002916792634805314,0.002915609796598507,11.016656796552937,0.025,0.0,-0.03,0.0,1.0,0.0,0.015
19,0.6333274853240424,59,0.042110776949628025,0.0,-0.037052411457520126,0.0070524114575201274,0.007947588542479872,15.895177084959744,0.04183985347564138,0.008708869282028884,9.537106250975846,0.025,0.0,-0.03,0.0,1.0,0.0,0.015
19,0.6333274853240424,60,0.041947107243385094,0.0,-0.03828726156602138,0.00828726156602138,0.00671273843397862,13.42547686795724,0.002931854592186237,0.004666649393221274,8.055286120774344,0.025,0.0,-0.03,0.0,1.0,0.0,0.015
19,0.6333274853240424,61,0.04180025743483974,0.0,-0.03952400554127055,0.009524005541270551,0.005475994458729448,10.951988917458896,0.03788438731068789,0.009039365989419944,6.571193350475338,0.025,0.0,-0.03,0.0,1.0,0.0,0.015
19,0.6333274853240424,62,0.04167198158591472,0.0,-0.04076314690659666,0.01076314690659666,0.004236853093403339,8.473706186806679,0.014267290985261534,0.008475227704023269,5.084223712084007,0.025,0.0,-0.03,0.0,1.0,0.0,0.015
19,0.6333274853240424,63,0.041564025455544176,0.0,-0.04200388629424606,0.012003886294246063,0.002996113705753936,5.992227411507872,0.020359590844929436,0.002588769830761131,3.595336446904723,0.025,0.0,-0.03,0.0,1.0,0.0,0.015
19,0.6333274853240424,64,0.04047991191816375,0.0,-0.0426057363971913,0.0126057363971913,0.0023942636028086994,4.788527205617399,0.027604227457106573,0.023952070609537034,2.8731163233704393,0.025,0.0,-0.03,0.0,1.0,0.0,0.015
19,0.6333274853240424,65,0.03938822352824048,0.0,-0.04319411141478621,0.013194111414786214,0.0018058885852137857,3.6117771704275716,0.010915640786549656,0.004354234402718874,2.167066302256543,0.025,0.0,-0.03,0.0,1.0,0.0,0.015
19,0.6333274853240424,66,0.038288045799425637,0.0,-0.043766385977421426,0.013766385977421428,0.0012336140225785719,2.467228045157144,0.023495795212959324,0.024671239695125663,1.4803368270942863,0.025,0.0,-0.03,0.0,1.0,0.0,0.015
19,0.6333274853240424,67,0.037178856326994004,0.0,-0.04431982974907714,0.01431982974907714,0.0006801702509228597,1.3603405018457193,0.01090940069730728,0.0032285793879639796,0.8162043011074316,0.025,0.0,-0.03,0.0,1.0,0.0,0.015
19,0.6333274853240424,68,0.03605888521010694,0.0,-0.04485244123033802,0.01485244123033802,0.000147558769661979,0.295117539323958,0.015835538996762856,0.018239144075978302,0.1770705235943748,0.025,0.0,-0.03,0.0,1.0,0.0,0.015
20,0.666660510867413,40,0.04102126395411128,0.0,-0.015032384014429905,0.014967615985570094,3.238401442990507e-05,0.06476802885981015,-0.012094623112178291,0.00018736704564415113,0.03886081731588609,0.025,0.0,-0.03,0.0,1.0,0.0,0.015
20,0.666660510867413,41,0.041559916715211524,0.0,-0.016155297400026334,0.013844702599973665,0.0011552974000263345,2.310594800052669,-0.018194656219485825,0.003157223311256736,1.3863568800316013,0.025,0.0,-0.03,0.0,1.0,0.0,0.015
20,0.666660510867413,42,0.04209397326800391,0.0,-0.017280484481596418,0.012719515518403581,0.0022804844815964183,4.5609689631928365,-0.01007493425779242,0.0007205330859805025,2.736581377915702,0.025,0.0,-0.03,0.0,1.0,0.0,0.015
20,0.666660510867413,43,0.04262412859820227,0.0,-0.018407514551386835,0.011592485448613164,0.003407514551386836,6.815029102773671,-0.01543469790191047,0.001856800399162129,4.089017461664203,0.025,0.0,-0.03,0.0,1.0,0.0,0.015
20,0.666660510867413,44,0.04315106966720269,0.0,-0.019535911273254596,0.010464088726745403,0.004535911273254596,9.071822546509193,-0.013522085880190542,0.0009627610968674389,5.443093527905515,0.025,0.0,-0.03,0.0,1.0,0.0,0.015
20,0.666660510867413,45,0.04367571831997082,0.0,-0.02066567896698636,0.00933432103301364,0.005665678966986359,11.331357933972718,-0.016128865940118985,0.002089629143128752,6.798814760383631,0.025,0.0,-0.03,0.0,1.0,0.0,0.015
20,0.666660510867413,46,0.04419856236215019,0.0,-0.02179587673056787,0.00820412326943213,0.006795876730567869,13.591753461135738,-0.007406850648505404,0.001330486918220365,8.155052076681443,0.025,0.0,-0.03,0.0,1.0,0.0,0.015
20,0.666660510867413,47,0.044718726216457394,0.0,-0.022927236022143395,0.007072763977856604,0.007927236022143395,15.85447204428679,-0.025699056935167823,0.0015581048335249824,9.512683226572074,0.025,0.0,-0.03,0.0,1.0,0.0,0.015
20,0.666660510867413,48,0.044485795750586477,0.0,-0.024150969147774343,0.005849030852225656,0.009150969147774343,18.301938295548688,0.0007536148597222642,0.0030727683923401044,10.981162977329213,0.025,0.0,-0.03,0.0,1.0,0.0,0.015
20,0.666660510867413,49,0.04424707338119163,0.0,-0.025373778325675594,0.004626221674324405,0.010373778325675594,20.74755665135119,-0.025620712343227908,0.0019544214101851537,12.448533990810713,0.025,0.0,-0.03,0.0,1.0,0.0,0.015
20,0.666660510867413,50,0.044004368802107716,0.0,-0.026595709392323363,0.0034042906076766355,0.011595709392323364,23.19141878464673,-0.008259948567748336,0.0008458725602729358,13.914851270788036,0.025,0.0,-0.03,0.0,1.0,0.0,0.015
20,0.666660510867413,51,0.04375946205238446,0.0,-0.027817249331914227,0.0021827506680857714,0.012817249331914228,25.634498663828456,-0.014103708102718313,0.0006846513374685018,15.380699198297073,0.025,0.0,-0.03,0.0,1.0,0.0,0.015
20,0.666660510867413,52,0.04351416627987905,0.0,-0.0290387077025771,0.0009612922974228978,0.014038707702577102,28.077415405154202,-0.013813841217300591,0.0010814732058346266,16.846449243092522,0.025,0.0,-0.03,0.0,1.0,0.0,0.015
20,0.666660510867413,53,0.04327029621199535,0.0,-0.030260393295470304,0.0002603932954703056,0.014739606704529694,29.479213409059387,0.016144575025370596,0.0019796559139788005,17.68752804543563,0.025,0.0,-0.03,0.0,1.0,0.0,0.015
20,0.666660510867413,54,0.043029621415997664,0.0,-0.031482837574503195,0.0014828375745031958,0.013517162425496804,27.034324850993606,0.008728320790216015,0.0010542153658053418,16.220594910596162,0.025,0.0,-0.03,0.0,1.0,0.0,0.015
20,0.666660510867413,55,0.04279372751236463,0.0,-0.03270603336363075,0.002706033363630754,0.012293966636369245,24.58793327273849,0.01611174330567926,0.002967303645635965,14.752759963643093,0.025,0.0,-0.03,0.0,1.0,0.0,0.015
20,0.666660510867413,56,0.042564127525696736,0.0,-0.033930783909643186,0.003930783909643187,0.011069216090356812,22.138432180713625,0.015809321723004154,0.0034695915944815054,13.283059308428175,0.025,0.0,-0.03,0.0,1.0,0.0,0.015
20,0.666660510867413,57,0.04234314103835601,0.0,-0.03515688333882999,0.005156883338829993,0.009843116661170007,19.686233322340012,0.0057268460655744155,0.0023839582794562787,11.811739993404007,0.025,0.0,-0.03,0.0,1.0,0.0,0.015
20,0.666660510867413,58,0.04213293910603033,0.0,-0.03638503832435519,0.006385038324355191,0.008614961675644808,17.229923351289617,0.02064991590351715,0.00530398692222448,10.33795401077377,0.025,0.0,-0.03,0.0,1.0,0.0,0.015
20,0.666660510867413,59,0.041935546202137575,0.0,-0.037615183474651204,0.007615183474651205,0.007384816525348795,14.769633050697589,0.0104699487694787,0.004189773411707848,8.861779830418554,0.025,0.0,-0.03,0.0,1.0,0.0,0.015
20,0.666660510867413,60,0.04175289930646926,0.0,-0.038847587882544596,0.008847587882544597,0.0061524121174554025,12.304824234910805,0.0081663846042353,0.004486672824070621,7.382894540946483,0.025,0.0,-0.03,0.0,1.0,0.0,0.015
20,0.666660510867413,61,0.04158692768142791,0.0,-0.040082361751342645,0.010082361751342646,0.004917638248657354,9.835276497314707,0.02088455915106551,0.006355149228787017,5.901165898388824,0.025,0.0,-0.03,0.0,1.0,0.0,0.015
20,0.666660510867413,62,0.0414395539821941,0.0,-0.04131931954034942,0.01131931954034942,0.00368068045965058,7.36136091930116,0.007681026263953059,0.00616264564233277,4.416816551580696,0.025,0.0,-0.03,0.0,1.0,0.0,0.015
20,0.666660510867413,63,0.04131256769612662,0.0,-0.04255867150821178,0.012558671508211779,0.002441328491788221,4.8826569835764415,0.011728751466058935,0.0017647276069983591,2.9295941901458646,0.025,0.0,-0.03,0.0,1.0,0.0,0.015
20,0.666660510867413,64,0.04020680881971097,0.0,-0.04311978413622698,0.013119784136226983,0.001880215863773016,3.760431727546032,0.015123923500260523,0.014169603572019874,2.256259036527619,0.025,0.0,-0.03,0.0,1.0,0.0,0.015
20,0.666660510867413,65,0.03909389973524898,0.0,-0.043666991085899706,0.013666991085899707,0.001333008914100292,2.666017828200584,0.010729051001439447,0.007396376739178157,1.5996106969203505,0.025,0.0,-0.03,0.0,1.0,0.0,0.015
20,0.666660510867413,66,0.037973215857946274,0.0,-0.04419750410594411,0.014197504105944114,0.0008024958940558852,1.6049917881117703,0.004535463527860339,0.004402930977922186,0.9629950728670622,0.025,0.0,-0.03,0.0,1.0,0.0,0.015
20,0.666660510867413,67,0.036843647235649826,0.0,-0.0447089249214188,0.0147089249214188,0.00029107507858119885,0.5821501571623977,0.01723485148628264,0.027823279726851634,0.3492900942974386,0.025,0.0,-0.03,0.0,1.0,0.0,0.015
21,0.6999935364107837,40,0.04105187852081216,0.0,-0.015408013046221209,0.01459198695377879,0.0004080130462212096,0.8160260924424192,-0.008394568883375567,0.0003972617187505162,0.4896156554654515,0.025,0.0,-0.03,0.0,1.0,0.0,0.015
21,0.6999935364107837,41,0.04159133167873903,0.0,-0.016530642078238022,0.013469357921761977,0.0015306420782380224,3.0612841564760447,-0.010038608737969067,0.0012569945817491207,1.8367704938856266,0.025,0.0,-0.03,0.0,1.0,0.0,0.015
21,0.6999935364107837,42,0.04212618459800496,0.0,-0.017655542555778066,0.012344457444221933,0.0026555425557780662,5.311085111556133,-0.008640696564078933,0.0006431759996237275,3.1866510669336794,0.025,0.0,-0.03,0.0,1.0,0.0,0.015
21,0.6999935364107837,43,0.042657102366518006,0.0,-0.018782264708132674,0.011217735291867325,0.0037822647081326745,7.564529416265349,-0.007271702138357047,6.106839912481186e-05,4.538717649759209,0.025,0.0,-0.03,0.0,1.0,0.0,0.015
21,0.6999935364107837,44,0.04318483681429751,0.0,-0.019910515607238846,0.010089484392761153,0.004910515607238847,9.821031214477694,-0.012769316733021726,0.0026991233896892035,5.8926187286866165,0.025,0.0,-0.03,0.0,1.0,0.0,0.015
21,0.6999935364107837,45,0.04371009407987348,0.0,-0.02103988700548009,0.00896011299451991,0.006039887005480089,12.079774010960179,-0.004074589496782462,0.0013680975002495187,7.247864406576107,0.025,0.0,-0.03,0.0,1.0,0.0,0.015
21,0.6999935364107837,46,0.044233646188397674,0.0,-0.022170098970495846,0.007829901029504153,0.007170098970495847,14.340197940991693,-0.012353203631061575,0.0026464818712699087,8.604118764595016,0.025,0.0,-0.03,0.0,1.0,0.0,0.015
21,0.6999935364107837,47,0.04475427261523222,0.0,-0.023301117812950398,0.006698882187049601,0.008301117812950398,16.602235625900796,-0.009154837517193643,8.789247314040534e-06,9.961341375540478,0.025,0.0,-0.03,0.0,1.0,0.0,0.015
21,0.6999935364107837,48,0.044508985910063636,0.0,-0.024522675435851113,0.005477324564148886,0.009522675435851113,19.045350871702226,-0.004265470413063146,0.0016102849336638058,11.427210523021335,0.025,0.0,-0.03,0.0,1.0,0.0,0.015
21,0.6999935364107837,49,0.04425778975966149,0.0,-0.025742924389823472,0.004257075610176526,0.010742924389823473,21.485848779646947,-0.01657083063247308,0.0012432837764076489,12.891509267788168,0.025,0.0,-0.03,0.0,1.0,0.0,0.015
21,0.6999935364107837,50,0.04400241722563387,0.0,-0.026962472390838314,0.0030375276091616846,0.011962472390838315,23.92494478167663,0.0007674547515567119,0.001893757583373011,14.354966869005978,0.025,0.0,-0.03,0.0,1.0,0.0,0.015
21,0.6999935364107837,51,0.043744718184546345,0.0,-0.02818134765166801,0.0018186523483319887,0.01318134765166801,26.36269530333602,-0.019010031211390648,0.0024139203132549666,15.817617182001612,0.025,0.0,-0.03,0.0,1.0,0.0,0.015
21,0.6999935364107837,52,0.04348640773333281,0.0,-0.02940028399837334,0.0005997160016266573,0.014400283998373342,28.800567996746686,0.0022305675179191847,0.0015115674800633549,17.280340798048012,0.025,0.0,-0.03,0.0,1.0,0.0,0.015
21,0.6999935364107837,53,0.043229343918887955,0.0,-0.03061930992267056,0.0006193099226705599,0.01438069007732944,28.76138015465888,0.01955323190841726,0.003197776170699366,17.256828092795327,0.025,0.0,-0.03,0.0,1.0,0.0,0.015
21,0.6999935364107837,54,0.04297525494769685,0.0,-0.031839083496383355,0.0018390834963833563,0.013160916503616643,26.321833007233288,-0.002151408453784562,0.0007722586890775976,15.793099804339972,0.025,0.0,-0.03,0.0,1.0,0.0,0.015
21,0.6999935364107837,55,0.042725613764678455,0.0,-0.03305973522317186,0.003059735223171864,0.011940264776828136,23.88052955365627,0.017937017698360192,0.0035299508212431317,14.328317732193762,0.025,0.0,-0.03,0.0,1.0,0.0,0.015
21,0.6999935364107837,56,0.04248191938846335,0.0,-0.03428176989406915,0.00428176989406915,0.01071823010593085,21.4364602118617,0.0002488733881709861,0.0006403540577193304,12.86187612711702,0.025,0.0,-0.03,0.0,1.0,0.0,0.015
21,0.6999935364107837,57,0.042246532728950605,0.0,-0.03550542511387289,0.005505425113872892,0.009494574886127108,18.989149772254216,0.014548907143071062,0.0036299944118053907,11.39348986335253,0.025,0.0,-0.03,0.0,1.0,0.0,0.015
21,0.6999935364107837,58,0.04202180963337976,0.0,-0.036731065274097925,0.006731065274097926,0.008268934725902073,16.537869451804145,0.0039096504234337895,0.0021814265273875397,9.922721671082487,0.025,0.0,-0.03,0.0,1.0,0.0,0.015
21,0.6999935364107837,59,0.04180977537233117,0.0,-0.03795897821183417,0.007958978211834174,0.007041021788165826,14.082043576331651,0.010338836944499436,0.0036592836411124194,8.44922614579899,0.025,0.0,-0.03,0.0,1.0,0.0,0.015
21,0.6999935364107837,60,0.04161246663055272,0.0,-0.03918918086551717,0.00918918086551717,0.0058108191344828294,11.62163826896566,0.007742936354566569,0.0035980712941983224,6.972982961379396,0.025,0.0,-0.03,0.0,1.0,0.0,0.015
21,0.6999935364107837,61,0.041431828139287356,0.0,-0.040422093796913916,0.010422093796913917,0.004577906203086082,9.155812406172165,0.006802833568466705,0.0038564344329135368,5.493487443703299,0.025,0.0,-0.03,0.0,1.0,0.0,0.015
21,0.6999935364107837,62,0.04126987054640483,0.0,-0.04165734190263848,0.01165734190263848,0.00334265809736152,6.68531619472304,0.010541984736759508,0.0050701699223841745,4.011189716833823,0.025,0.0,-0.03,0.0,1.0,0.0,0.015
21,0.6999935364107837,63,0.04112848942132012,0.0,-0.04289522287151993,0.01289522287151993,0.002104777128480069,4.209554256960138,0.004892392568471784,0.0013753240240806737,2.525732554176083,0.025,0.0,-0.03,0.0,1.0,0.0,0.015
21,0.6999935364107837,64,0.04001040089352427,0.0,-0.04343167577914136,0.01343167577914136,0.0015683242208586398,3.1366484417172797,0.010618111112693746,0.01191443597439847,1.8819890650303677,0.025,0.0,-0.03,0.0,1.0,0.0,0.015
21,0.6999935364107837,65,0.038885701724827665,0.0,-0.043953818090646295,0.013953818090646296,0.0010461819093537036,2.0923638187074074,0.003715142826931802,0.001572909113752577,1.2554182912244445,0.025,0.0,-0.03,0.0,1.0,0.0,0.015
21,0.6999935364107837,66,0.03775330276361311,0.0,-0.044459115091860534,0.014459115091860535,0.0005408849081394648,1.0817698162789298,0.00842099350417116,0.010929597803786682,0.6490618897673578,0.025,0.0,-0.03,0.0,1.0,0.0,0.015
21,0.6999935364107837,67,0.036612550952795725,0.0,-0.04494498218362916,0.014944982183629163,5.501781637083647e-05,0.11003563274167294,0.004416564428108582,0.0031101466413342984,0.06602137964500376,0.025,0.0,-0.03,0.0,1.0,0.0,0.015
22,0.7333265619541542,40,0.04107559971502947,0.0,-0.01565976567788431,0.014340234322115689,0.0006597656778843108,1.3195313557686217,-0.005259387335544188,0.00014097196522391549,0.791718813461173,0.025,0.0,-0.03,0.0,1.0,0.0,0.015
22,0.7333265619541542,41,0.04161630964155027,0.0,-0.016781865009666594,0.013218134990333405,0.0017818650096665944,3.563730019333189,-0.0067274013529167835,0.0009295558406037016,2.1382380115999133,0.025,0.0,-0.03,0.0,1.0,0.0,0.015
22,0.7333265619541542,42,0.042152455971435465,0.0,-0.017906242269020222,0.012093757730979777,0.0029062422690202226,5.8124845380404455,-0.0071710027338734855,0.0012040801151028077,3.4874907228242673,0.025,0.0,-0.03,0.0,1.0,0.0,0.015
22,0.7333265619541542,43,0.04268466651135993,0.0,-0.019032394122570243,0.010967605877429756,0.004032394122570244,8.064788245140488,-0.005053673609449707,0.0002657160273151681,4.838872947084292,0.025,0.0,-0.03,0.0,1.0,0.0,0.015
22,0.7333265619541542,44,0.043213727853273945,0.0,-0.02016012477117592,0.00983987522882408,0.00516012477117592,10.32024954235184,-0.008191686494605945,0.001822763746279194,6.192149725411104,0.025,0.0,-0.03,0.0,1.0,0.0,0.015
22,0.7333265619541542,45,0.04374029440224216,0.0,-0.021288942177138833,0.008711057822861166,0.006288942177138834,12.577884354277668,-0.004691727636553306,0.0002450022446556347,7.5467306125666,0.025,0.0,-0.03,0.0,1.0,0.0,0.015
22,0.7333265619541542,46,0.04426515167713897,0.0,-0.02241861650312375,0.007581383496876249,0.00741861650312375,14.837233006247502,-0.0076490614922106225,0.0016978797111440477,8.9023398037485,0.025,0.0,-0.03,0.0,1.0,0.0,0.015
22,0.7333265619541542,47,0.044787055066282104,0.0,-0.023549138960675217,0.006450861039324782,0.008549138960675218,17.098277921350437,-0.0056804728248010024,0.0009520067612578978,10.258966752810261,0.025,0.0,-0.03,0.0,1.0,0.0,0.015
22,0.7333265619541542,48,0.0445320360805546,0.0,-0.024768712152157604,0.005231287847842395,0.009768712152157605,19.53742430431521,-0.006434701409448303,0.0008777869460124408,11.722454582589124,0.025,0.0,-0.03,0.0,1.0,0.0,0.015
22,0.7333265619541542,49,0.04427097145576189,0.0,-0.025987004452642265,0.004012995547357734,0.010987004452642266,21.97400890528453,-0.006320579678046513,0.0005468636095853128,13.184405343170718,0.025,0.0,-0.03,0.0,1.0,0.0,0.015
22,0.7333265619541542,50,0.04400561438443025,0.0,-0.02720439734193218,0.00279560265806782,0.01220439734193218,24.408794683864357,-0.0060336135490411036,0.0002912127369247703,14.645276810318613,0.025,0.0,-0.03,0.0,1.0,0.0,0.015
22,0.7333265619541542,51,0.043737740038159195,0.0,-0.028421201542696055,0.001578798457303944,0.013421201542696055,26.84240308539211,-0.00607860662281734,3.8710097974219565e-05,16.105441851235266,0.025,0.0,-0.03,0.0,1.0,0.0,0.015
22,0.7333265619541542,52,0.04346909205313963,0.0,-0.029637906458975936,0.0003620935410240632,0.014637906458975936,29.27581291795187,-0.00620586198811994,0.00039603218124826335,17.565487750771123,0.025,0.0,-0.03,0.0,1.0,0.0,0.015
22,0.7333265619541542,53,0.043201472853094065,0.0,-0.03085472730591566,0.0008547273059156604,0.014145272694084339,28.290545388168677,0.005544844659810705,0.000590718347302781,16.974327232901206,0.025,0.0,-0.03,0.0,1.0,0.0,0.015
22,0.7333265619541542,54,0.04293659879139292,0.0,-0.03207228110002548,0.002072281100025483,0.012927718899974516,25.855437799949033,0.006595416201922652,0.001139621053097747,15.513262679969419,0.025,0.0,-0.03,0.0,1.0,0.0,0.015
22,0.7333265619541542,55,0.042675850451863354,0.0,-0.03329063422247031,0.0032906342224703136,0.011709365777529686,23.41873155505937,0.0046138601427514305,0.0011074446432519426,14.051238933035622,0.025,0.0,-0.03,0.0,1.0,0.0,0.015
22,0.7333265619541542,56,0.042420604219738506,0.0,-0.0345104771147556,0.0045104771147556,0.0104895228852444,20.9790457704888,0.007565504632212288,0.002067337479917315,12.58742746229328,0.025,0.0,-0.03,0.0,1.0,0.0,0.015
22,0.7333265619541542,57,0.04217339195496588,0.0,-0.03573185150499051,0.005731851504990511,0.009268148495009489,18.53629699001898,0.0031285797171250397,0.0015998082486456133,11.121778194011387,0.025,0.0,-0.03,0.0,1.0,0.0,0.015
22,0.7333265619541542,58,0.04193665948546336,0.0,-0.03695543285510467,0.006955432855104672,0.008044567144895327,16.089134289790653,0.008791426153261938,0.0030044641730564256,9.653480573874392,0.025,0.0,-0.03,0.0,1.0,0.0,0.015
22,0.7333265619541542,59,0.041712548176595726,0.0,-0.038181213575197485,0.008181213575197487,0.006818786424802513,13.637572849605025,0.0019067918236571498,0.002224257190654379,8.182543709763015,0.025,0.0,-0.03,0.0,1.0,0.0,0.015
22,0.7333265619541542,60,0.04150308609927605,0.0,-0.039409662888331275,0.009409662888331276,0.005590337111668724,11.180674223337448,0.009154047693537493,0.0037627368870323022,6.708404534002469,0.025,0.0,-0.03,0.0,1.0,0.0,0.015
22,0.7333265619541542,61,0.041310358350484334,0.0,-0.04064070462021157,0.01064070462021157,0.004359295379788429,8.718590759576857,0.002162262308601227,0.0031257262758360403,5.231154455746114,0.025,0.0,-0.03,0.0,1.0,0.0,0.015
22,0.7333265619541542,62,0.041136360579128846,0.0,-0.04187457290216776,0.011874572902167764,0.0031254270978322354,6.250854195664471,0.007720582174104956,0.004264833268829504,3.750512517398682,0.025,0.0,-0.03,0.0,1.0,0.0,0.015
22,0.7333265619541542,63,0.04098312142158645,0.0,-0.043111065102238194,0.013111065102238195,0.0018889348977618042,3.7778697955236087,0.004266087416541952,0.004014263526886156,2.2667218773141653,0.025,0.0,-0.03,0.0,1.0,0.0,0.015
22,0.7333265619541542,64,0.039857611353697704,0.0,-0.043631944029935095,0.013631944029935096,0.0013680559700649034,2.7361119401298066,0.005151725475931844,0.0047211820504764876,1.641667164077884,0.025,0.0,-0.03,0.0,1.0,0.0,0.015
22,0.7333265619541542,65,0.03872569368119295,0.0,-0.04413833315937049,0.014138333159370492,0.0008616668406295075,1.723333681259015,0.0046053412532320835,0.004758214206481383,1.034000208755409,0.025,0.0,-0.03,0.0,1.0,0.0,0.015
22,0.7333265619541542,66,0.03758624202192331,0.0,-0.04462775191407317,0.014627751914073173,0.0003722480859268268,0.7444961718536536,0.004103184603169352,0.0045835773733324215,0.44669770311219215,0.025,0.0,-0.03,0.0,1.0,0.0,0.015
23,0.7666595874975249,40,0.04110608303878973,0.0,-0.015858781176898037,0.014141218823101962,0.0008587811768980373,1.7175623537960747,-0.011682837854756125,0.003989192602122809,1.0305374122776447,0.025,0.0,-0.03,0.0,1.0,0.0,0.015
23,0.7666595874975249,41,0.04164940078641275,0.0,-0.016979754464582688,0.013020245535417311,0.0019797544645826885,3.959508929165377,9.797424027817937e-05,0.0016798723115721511,2.375705357499226,0.025,0.0,-0.03,0.0,1.0,0.0,0.015
23,0.7666595874975249,42,0.042188183660932375,0.0,-0.01810287722128141,0.01189712277871859,0.0031028772212814103,6.205754442562821,-0.010022088039637339,0.0033472147659520946,3.7234526655376925,0.025,0.0,-0.03,0.0,1.0,0.0,0.015
23,0.7666595874975249,43,0.04272314721279363,0.0,-0.019227839248195985,0.010772160751804014,0.004227839248195985,8.45567849639197,-0.002052852613477986,0.00037855184721696247,5.073407097835182,0.025,0.0,-0.03,0.0,1.0,0.0,0.015
23,0.7666595874975249,44,0.043254997664971324,0.0,-0.020354289210590057,0.009645710789409942,0.0053542892105900575,10.708578421180114,-0.00744517048068786,0.0023192581659380374,6.425147052708068,0.025,0.0,-0.03,0.0,1.0,0.0,0.015
23,0.7666595874975249,45,0.043784435485996226,0.0,-0.021481844535866445,0.008518155464133554,0.0064818445358664455,12.96368907173289,-0.004330628230554478,0.0009507023063666893,7.778213443039734,0.025,0.0,-0.03,0.0,1.0,0.0,0.015
23,0.7666595874975249,46,0.04431221573379311,0.0,-0.022610226258639076,0.007389773741360923,0.007610226258639077,15.220452517278153,-0.005410690678316715,0.0016206077018911583,9.132271510366891,0.025,0.0,-0.03,0.0,1.0,0.0,0.015
23,0.7666595874975249,47,0.04483706165905252,0.0,-0.02373942422594231,0.00626057577405769,0.008739424225942309,17.47884845188462,-0.00563466588635774,0.0015836026989855612,10.487309071130772,0.025,0.0,-0.03,0.0,1.0,0.0,0.015
23,0.7666595874975249,48,0.04457172573527416,0.0,-0.02495687738370148,0.00504312261629852,0.00995687738370148,19.91375476740296,-0.004526347930387202,0.0014309271126719482,11.948252860441775,0.025,0.0,-0.03,0.0,1.0,0.0,0.015
23,0.7666595874975249,49,0.04430021357414144,0.0,-0.026172867574706816,0.003827132425293183,0.011172867574706816,22.34573514941363,-0.005492691748022372,0.0009061344492384933,13.407441089648179,0.025,0.0,-0.03,0.0,1.0,0.0,0.015
23,0.7666595874975249,50,0.0440242109663656,0.0,-0.027387994450889762,0.002612005549110237,0.012387994450889762,24.775988901779524,-0.005218814538672862,0.0006214322054672144,14.865593341067713,0.025,0.0,-0.03,0.0,1.0,0.0,0.015
23,0.7666595874975249,51,0.04374551545430889,0.0,-0.028602352876578765,0.0013976471234212334,0.013602352876578766,27.204705753157533,-0.0038763297517171278,0.0005751188579726835,16.322823451894518,0.025,0.0,-0.03,0.0,1.0,0.0,0.015
23,0.7666595874975249,52,0.04346579974300491,0.0,-0.02981664201877656,0.00018335798122343788,0.014816642018776562,29.633284037553125,-0.006820082361265189,0.00042505941943695564,17.779970422531875,0.025,0.0,-0.03,0.0,1.0,0.0,0.015
23,0.7666595874975249,53,0.04318687300860533,0.0,-0.031030947460780618,0.0010309474607806193,0.01396905253921938,27.93810507843876,0.0020998952891493855,0.0002483841887434546,16.762863047063256,0.025,0.0,-0.03,0.0,1.0,0.0,0.015
23,0.7666595874975249,54,0.04291034927251712,0.0,-0.03224595804553917,0.002245958045539169,0.01275404195446083,25.508083908921662,0.007816013175945718,0.0013648027053869357,15.304850345352996,0.025,0.0,-0.03,0.0,1.0,0.0,0.015
23,0.7666595874975249,55,0.04263752132690072,0.0,-0.03346177755522042,0.0034617775552204244,0.011538222444779575,23.07644488955915,0.001493316141487776,0.0003812635361259949,13.845866933735488,0.025,0.0,-0.03,0.0,1.0,0.0,0.015
23,0.7666595874975249,56,0.04236978559303798,0.0,-0.03467901187718383,0.004679011877183829,0.01032098812281617,20.64197624563234,0.007349514756487911,0.0019832887075048344,12.385185747379403,0.025,0.0,-0.03,0.0,1.0,0.0,0.015
23,0.7666595874975249,57,0.042109767767216866,0.0,-0.035897906514740674,0.005897906514740675,0.009102093485259324,18.20418697051865,0.0022745299997403044,0.0013631771923487586,10.92251218231119,0.025,0.0,-0.03,0.0,1.0,0.0,0.015
23,0.7666595874975249,58,0.04186009514813287,0.0,-0.037118988308439314,0.0071189883084393155,0.007881011691560684,15.762023383121369,0.005851565223065288,0.0024553887776050795,9.457214029872821,0.025,0.0,-0.03,0.0,1.0,0.0,0.015
23,0.7666595874975249,59,0.04162294403797875,0.0,-0.03834249347310694,0.008342493473106942,0.0066575065268930575,13.315013053786116,0.0036277537272997795,0.0024386313716795744,7.989007832271669,0.025,0.0,-0.03,0.0,1.0,0.0,0.015
23,0.7666595874975249,60,0.04140044940378197,0.0,-0.039568727351357726,0.009568727351357727,0.005431272648642273,10.862545297284546,0.004312173993664428,0.002960851159200952,6.517527178370727,0.025,0.0,-0.03,0.0,1.0,0.0,0.015
23,0.7666595874975249,61,0.04119474231787534,0.0,-0.04079783521209178,0.01079783521209178,0.004202164787908219,8.404329575816439,0.004621417589159261,0.0033981898879892865,5.042597745489863,0.025,0.0,-0.03,0.0,1.0,0.0,0.015
23,0.7666595874975249,62,0.04100792304817704,0.0,-0.04202990992829643,0.012029909928296431,0.0029700900717035683,5.940180143407137,0.0034596030833928693,0.00355063476196932,3.564108086044282,0.025,0.0,-0.03,0.0,1.0,0.0,0.015
23,0.7666595874975249,63,0.0408420670259293,0.0,-0.043264925296547865,0.013264925296547866,0.001735074703452133,3.470149406904266,0.004792557616789238,0.004825130805054888,2.0820896441425596,0.025,0.0,-0.03,0.0,1.0,0.0,0.015
23,0.7666595874975249,64,0.03971166035889298,0.0,-0.043775240671788014,0.013775240671788015,0.0012247593282119842,2.4495186564239684,0.0031204004262621985,0.0026394875155449087,1.469711193854381,0.025,0.0,-0.03,0.0,1.0,0.0,0.015
23,0.7666595874975249,65,0.038574890561340204,0.0,-0.044271054252042384,0.014271054252042385,0.0007289457479576142,1.4578914959152285,0.004348491200065428,0.0062855543132667455,0.874734897549137,0.025,0.0,-0.03,0.0,1.0,0.0,0.015
23,0.7666595874975249,66,0.037430858730903564,0.0,-0.044749769139502196,0.014749769139502197,0.0002502308604978021,0.5004617209956042,0.0024980801202433875,0.002508266411803948,0.3002770325973625,0.025,0.0,-0.03,0.0,1.0,0.0,0.015
24,0.7999926130408956,40,0.04113666685725047,0.0,-0.016030841101727585,0.013969158898272414,0.0010308411017275858,2.0616822034551716,-0.005887152107778502,0.0014128512058606583,1.2370093220731029,0.025,0.0,-0.03,0.0,1.0,0.0,0.015
24,0.7999926130408956,41,0.041682914448411296,0.0,-0.01715046386953943,0.012849536130460568,0.002150463869539432,4.300927739078864,-0.0042051475000811885,0.0006863458410629785,2.580556643447318,0.025,0.0,-0.03,0.0,1.0,0.0,0.015
24,0.7999926130408956,42,0.04222469170003954,0.0,-0.01827216280025935,0.011727837199740649,0.0032721628002593504,6.544325600518701,-0.004627618691885164,0.0010063346478666564,3.9265953603112207,0.025,0.0,-0.03,0.0,1.0,0.0,0.015
24,0.7999926130408956,43,0.04276277023950565,0.0,-0.019395751527452855,0.010604248472547144,0.0043957515274528555,8.79150305490571,-0.005496135239088283,0.001534067218743631,5.274901832943426,0.025,0.0,-0.03,0.0,1.0,0.0,0.015
24,0.7999926130408956,44,0.04329776763913457,0.0,-0.02052070479696253,0.009479295203037467,0.005520704796962532,11.041409593925064,-0.0032244280902841522,0.0005601929580316529,6.624845756355038,0.025,0.0,-0.03,0.0,1.0,0.0,0.015
24,0.7999926130408956,45,0.043830475516425035,0.0,-0.021646840191487552,0.008353159808512447,0.006646840191487553,13.293680382975106,-0.006412372012902721,0.0021918304332133763,7.976208229785064,0.025,0.0,-0.03,0.0,1.0,0.0,0.015
24,0.7999926130408956,46,0.044361546700497,0.0,-0.022773672578898306,0.007226327421101693,0.007773672578898307,15.547345157796613,-0.0026525284620008316,0.0005979815034535182,9.328407094677967,0.025,0.0,-0.03,0.0,1.0,0.0,0.015
24,0.7999926130408956,47,0.044889753193522196,0.0,-0.023901412422597735,0.006098587577402264,0.008901412422597735,17.80282484519547,-0.006317379853476149,0.0017828171791480054,10.681694907117281,0.025,0.0,-0.03,0.0,1.0,0.0,0.015
24,0.7999926130408956,48,0.04461436887165274,0.0,-0.025116608259030258,0.004883391740969741,0.010116608259030258,20.233216518060516,-0.0028771171133359303,0.001521798272910503,12.13992991083631,0.025,0.0,-0.03,0.0,1.0,0.0,0.015
24,0.7999926130408956,49,0.044332650220071775,0.0,-0.026330385376022242,0.0036696146239777565,0.011330385376022243,22.660770752044485,-0.00541208433864077,0.0007259967592425884,13.59646245122669,0.025,0.0,-0.03,0.0,1.0,0.0,0.015
24,0.7999926130408956,50,0.044046317075498456,0.0,-0.027543063968751128,0.0024569360312488714,0.012543063968751128,25.086127937502255,-0.004166141893693656,0.0006826665535776288,15.051676762501351,0.025,0.0,-0.03,0.0,1.0,0.0,0.015
24,0.7999926130408956,51,0.04375707426172343,0.0,-0.028755097566195945,0.0012449024338040543,0.013755097566195945,27.51019513239189,-0.0032653156016905294,0.0005721915017910719,16.506117079435132,0.025,0.0,-0.03,0.0,1.0,0.0,0.015
24,0.7999926130408956,52,0.04346666701692214,0.0,-0.029966789184345824,3.321081565417494e-05,0.014966789184345825,29.93357836869165,-0.006308817985280732,0.0004511310318589689,17.96014702121499,0.025,0.0,-0.03,0.0,1.0,0.0,0.015
24,0.7999926130408956,53,0.043176784864369766,0.0,-0.031178695643956884,0.0011786956439568848,0.013821304356043115,27.64260871208623,0.0009384766193095667,0.0004539990057567459,16.585565227251738,0.025,0.0,-0.03,0.0,1.0,0.0,0.015
24,0.7999926130408956,54,0.04288909461762892,0.0,-0.03239102125920114,0.00239102125920114,0.01260897874079886,25.21795748159772,0.007832679908428699,0.0014659105751741396,15.13077448895863,0.025,0.0,-0.03,0.0,1.0,0.0,0.015
24,0.7999926130408956,55,0.04260470071021199,0.0,-0.0336043922854914,0.0036043922854913993,0.0113956077145086,22.7912154290172,-7.585157183048856e-05,4.1081932781523444e-05,13.67472925741032,0.025,0.0,-0.03,0.0,1.0,0.0,0.015
24,0.7999926130408956,56,0.04232509710866243,0.0,-0.03481892757836665,0.004818927578366654,0.010181072421633346,20.36214484326669,0.007622662853195663,0.00205324998393829,12.217286905960014,0.025,0.0,-0.03,0.0,1.0,0.0,0.015
24,0.7999926130408956,57,0.04205292105326038,0.0,-0.03603538894166356,0.006035388941663562,0.008964611058336437,17.929222116672875,0.0006400877818770724,0.0009719785451842754,10.757533270003725,0.025,0.0,-0.03,0.0,1.0,0.0,0.015
24,0.7999926130408956,58,0.04179102090026691,0.0,-0.03725392188935718,0.007253921889357182,0.007746078110642818,15.492156221285637,0.006035404875899658,0.0024363098770690235,9.295293732771382,0.025,0.0,-0.03,0.0,1.0,0.0,0.015
24,0.7999926130408956,59,0.04154156369464604,0.0,-0.038475165066252336,0.008475165066252337,0.006524834933747663,13.049669867495325,0.0022107160871601486,0.002058354309763778,7.829801920497195,0.025,0.0,-0.03,0.0,1.0,0.0,0.015
24,0.7999926130408956,60,0.04130680812300635,0.0,-0.0396991578922314,0.0096991578922314,0.0053008421077686,10.6016842155372,0.00427223380837489,0.0028079143538401793,6.36101052932232,0.025,0.0,-0.03,0.0,1.0,0.0,0.015
24,0.7999926130408956,61,0.041088910057621865,0.0,-0.040926315404963706,0.010926315404963707,0.004073684595036292,8.147369190072585,0.0033360029299928477,0.0030014531455979532,4.888421514043551,0.025,0.0,-0.03,0.0,1.0,0.0,0.015
24,0.7999926130408956,62,0.040890071157598865,0.0,-0.042156578149694465,0.012156578149694466,0.002843421850305533,5.686843700611066,0.00345364512095969,0.003390017166132907,3.4121062203666392,0.025,0.0,-0.03,0.0,1.0,0.0,0.015
24,0.7999926130408956,63,0.040712413191276796,0.0,-0.04339007424222114,0.01339007424222114,0.0016099257577788587,3.219851515557717,0.003417605833896067,0.003625948895013189,1.9319109093346303,0.025,0.0,-0.03,0.0,1.0,0.0,0.015
24,0.7999926130408956,64,0.03957814775257319,0.0,-0.043891940998321194,0.013891940998321195,0.0011080590016788044,2.216118003357609,0.003314733985622897,0.004125841236561757,1.3296708020145653,0.025,0.0,-0.03,0.0,1.0,0.0,0.015
24,0.7999926130408956,65,0.03843759622147038,0.0,-0.044379291583382906,0.014379291583382907,0.0006207084166170926,1.2414168332341853,0.0027551335308785125,0.0033965345408620397,0.7448500999405111,0.025,0.0,-0.03,0.0,1.0,0.0,0.015
24,0.7999926130408956,66,0.03728995582174007,0.0,-0.04484947071636513,0.01484947071636513,0.000150529283634869,0.301058567269738,0.003007403864524741,0.004739824264036866,0.1806351403618428,0.025,0.0,-0.03,0.0,1.0,0.0,0.015
25,0.8333256385842662,39,0.04061083005199031,0.0,-0.015067093115035608,0.014932906884964391,6.709311503560848e-05,0.13418623007121697,-0.008906063907087617,0.0030205118445592424,0.08051173804273018,0.025,0.0,-0.03,0.0,1.0,0.0,0.015
25,0.8333256385842662,40,0.041164928600133904,0.0,-0.016182870733973953,0.013817129266026046,0.0011828707339739536,2.365741467947907,0.00018514299540709145,0.001440649126894792,1.419444880768744,0.025,0.0,-0.03,0.0,1.0,0.0,0.015
25,0.8333256385842662,41,0.04171400008334461,0.0,-0.017301117768044636,0.012698882231955363,0.0023011177680446367,4.602235536089274,-0.008576278026529641,0.0030138972399941055,2.761341321653564,0.025,0.0,-0.03,0.0,1.0,0.0,0.015
25,0.8333256385842662,42,0.04225872332838422,0.0,-0.018421488802387566,0.011578511197612433,0.0034214888023875664,6.8429776047751325,-0.0005208141963881747,0.000841807453197235,4.105786562865079,0.025,0.0,-0.03,0.0,1.0,0.0,0.015
25,0.8333256385842662,43,0.04279979357288381,0.0,-0.0195436472958236,0.0104563527041764,0.0045436472958236,9.087294591647199,-0.007268797655884921,0.0025610870693046177,5.452376754988319,0.025,0.0,-0.03,0.0,1.0,0.0,0.015
25,0.8333256385842662,44,0.04333789458635597,0.0,-0.020667212044574917,0.009332787955425081,0.005667212044574918,11.334424089149836,-0.0019457984734516914,9.220897296253677e-05,6.800654453489901,0.025,0.0,-0.03,0.0,1.0,0.0,0.015
25,0.8333256385842662,45,0.04387375172567587,0.0,-0.021791870487715196,0.008208129512284803,0.0067918704877151966,13.583740975430393,-0.005569405496777869,0.0019567056637682877,8.150244585258235,0.025,0.0,-0.03,0.0,1.0,0.0,0.015
25,0.8333256385842662,46,0.044408065916567145,0.0,-0.02291724726794782,0.0070827527320521805,0.007917247267947819,15.834494535895638,-0.003411491837249047,0.0010228789725629946,9.500696721537382,0.025,0.0,-0.03,0.0,1.0,0.0,0.015
25,0.8333256385842662,47,0.04493953839442899,0.0,-0.024043480466107835,0.0059565195338921635,0.009043480466107836,18.08696093221567,-0.004078536400233175,0.001597318074941394,10.852176559329402,0.025,0.0,-0.03,0.0,1.0,0.0,0.015
25,0.8333256385842662,48,0.044654815784842795,0.0,-0.025256567560293666,0.004743432439706333,0.010256567560293667,20.513135120587332,-0.004473492054928853,0.0010657776819496063,12.3078810723524,0.025,0.0,-0.03,0.0,1.0,0.0,0.015
25,0.8333256385842662,49,0.044363630610390975,0.0,-0.02646812201556796,0.0035318779844320386,0.01146812201556796,22.93624403113592,-0.0031438298957096973,0.0010953672900871293,13.761746418681552,0.025,0.0,-0.03,0.0,1.0,0.0,0.015
25,0.8333256385842662,50,0.04406767336994436,0.0,-0.027678542099571535,0.0023214579004284634,0.012678542099571536,25.35708419914307,-0.004751603373903426,0.0004204920521923709,15.21425051948584,0.025,0.0,-0.03,0.0,1.0,0.0,0.015
25,0.8333256385842662,51,0.043768651982219714,0.0,-0.028888199831033377,0.0011118001689666215,0.013888199831033378,27.776399662066755,-0.00290640036503619,0.000555513286744267,16.665839797240054,0.025,0.0,-0.03,0.0,1.0,0.0,0.015
25,0.8333256385842662,52,0.04346826639769306,0.0,-0.03009753046621368,9.75304662136807e-05,0.014902469533786319,29.804939067572636,0.004518966974596327,0.00013594597452016685,17.88296344054358,0.025,0.0,-0.03,0.0,1.0,0.0,0.015
25,0.8333256385842662,53,0.043168225847130204,0.0,-0.03130694228160931,0.0013069422816093107,0.013693057718390689,27.386115436781377,0.0029032172173292683,6.824225446240857e-05,16.431669262068826,0.025,0.0,-0.03,0.0,1.0,0.0,0.015
25,0.8333256385842662,54,0.04287010021540851,0.0,-0.03251684395512231,0.0025168439551223123,0.012483156044877687,24.966312089755373,0.004309534481657931,0.0007263305005202994,14.979787253853223,0.025,0.0,-0.03,0.0,1.0,0.0,0.015
25,0.8333256385842662,55,0.04257496679499502,0.0,-0.03372764873906154,0.003727648739061541,0.011272351260938458,22.544702521876918,0.002676456802396699,0.0006703994080495001,13.52682151312615,0.025,0.0,-0.03,0.0,1.0,0.0,0.015
25,0.8333256385842662,56,0.04228424590694092,0.0,-0.03493972322595787,0.0049397232259578705,0.010060276774042129,20.120553548084256,0.004382114187200979,0.00139161026228703,12.072332128850553,0.025,0.0,-0.03,0.0,1.0,0.0,0.015
25,0.8333256385842662,57,0.04200073507974426,0.0,-0.036153643210247846,0.006153643210247847,0.008846356789752152,17.692713579504304,0.002191938449456933,0.00126907784306035,10.615628147702582,0.025,0.0,-0.03,0.0,1.0,0.0,0.015
25,0.8333256385842662,58,0.04172737194567932,0.0,-0.03736980871760094,0.0073698087176009425,0.007630191282399057,15.260382564798114,0.004592115637063458,0.002121567120304828,9.156229538878868,0.025,0.0,-0.03,0.0,1.0,0.0,0.015
25,0.8333256385842662,59,0.04146642132794643,0.0,-0.03858871341510727,0.008588713415107273,0.006411286584892727,12.822573169785453,0.0017932047180445774,0.0019123507641039504,7.693543901871272,0.025,0.0,-0.03,0.0,1.0,0.0,0.015
25,0.8333256385842662,60,0.04122017812649549,0.0,-0.03981057816158148,0.009810578161581478,0.005189421838418522,10.378843676837043,0.00451924151278383,0.0027740211765064594,6.2273062061022255,0.025,0.0,-0.03,0.0,1.0,0.0,0.015
25,0.8333256385842662,61,0.040990883587441976,0.0,-0.04103573775766668,0.011035737757666683,0.003964262242333316,7.9285244846666325,0.00186632504930269,0.0026489847972293074,4.7571146907999795,0.025,0.0,-0.03,0.0,1.0,0.0,0.015
25,0.8333256385842662,62,0.04078079442587159,0.0,-0.04226424042036613,0.012264240420366133,0.002735759579633866,5.471519159267732,0.0039357624198691835,0.0033451771510180197,3.282911495560639,0.025,0.0,-0.03,0.0,1.0,0.0,0.015
25,0.8333256385842662,63,0.040592111047296264,0.0,-0.043496186574888684,0.013496186574888686,0.0015038134251113139,3.0076268502226275,0.0024983456540561793,0.0032356156191030035,1.8045761101335764,0.025,0.0,-0.03,0.0,1.0,0.0,0.015
25,0.8333256385842662,64,0.03945463109152964,0.0,-0.04399097849739453,0.01399097849739453,0.00100902150260547,2.0180430052109397,0.0029850129334714672,0.004001223186270602,1.2108258031265637,0.025,0.0,-0.03,0.0,1.0,0.0,0.015
25,0.8333256385842662,65,0.03831097000997288,0.0,-0.044471229694783426,0.014471229694783427,0.0005287703052165721,1.0575406104331442,0.0024252965852502245,0.0032936770920771845,0.6345243662598865,0.025,0.0,-0.03,0.0,1.0,0.0,0.015
25,0.8333256385842662,66,0.03716032496835022,0.0,-0.0449342757153607,0.014934275715360698,6.572428463930136e-05,0.1314485692786027,0.002508552610553194,0.004095108424237475,0.07886914156716163,0.025,0.0,-0.03,0.0,1.0,0.0,0.015
26,0.8666586641276369,39,0.04063452473596136,0.0,-0.015207485330440659,0.01479251466955934,0.00020748533044065952,0.41497066088131906,-0.0011277468117233157,0.00080096800821142,0.24898239652879142,0.025,0.0,-0.03,0.0,1.0,0.0,0.015
26,0.8666586641276369,40,0.04119127511404216,0.0,-0.01632195594800834,0.013678044051991658,0.0013219559480083416,2.643911896016683,-0.007030763925275238,0.00227400542764845,1.5863471376100098,0.025,0.0,-0.03,0.0,1.0,0.0,0.015
26,0.8666586641276369,41,0.04174310715272814,0.0,-0.017438917745326542,0.012561082254673457,0.0024389177453265423,4.8778354906530845,-0.001034974041875409,0.00062108095108676,2.9267012943918504,0.025,0.0,-0.03,0.0,1.0,0.0,0.015
26,0.8666586641276369,42,0.04229065573878818,0.0,-0.018557942197266024,0.011442057802733975,0.0035579421972660244,7.115884394532049,-0.0065701523991500265,0.002220301231568136,4.269530636719229,0.025,0.0,-0.03,0.0,1.0,0.0,0.015
26,0.8666586641276369,43,0.04283464220337493,0.0,-0.019678750689795032,0.010321249310204967,0.0046787506897950325,9.357501379590065,-0.0017091904938772366,6.321863337075938e-05,5.614500827754039,0.025,0.0,-0.03,0.0,1.0,0.0,0.015
26,0.8666586641276369,44,0.04337572717170255,0.0,-0.020800921197444196,0.009199078802555802,0.005800921197444197,11.601842394888394,-0.0054621896197986795,0.001876007533242419,6.961105436933036,0.025,0.0,-0.03,0.0,1.0,0.0,0.015
26,0.8666586641276369,45,0.04391464725309765,0.0,-0.021924170833806815,0.008075829166193184,0.006924170833806816,13.848341667613632,-0.0027952572063121486,0.0006873962003023193,8.30900500056818,0.025,0.0,-0.03,0.0,1.0,0.0,0.015
26,0.8666586641276369,46,0.04445208810979789,0.0,-0.023048100130654437,0.006951899869345562,0.008048100130654438,16.096200261308876,-0.004210436694403592,0.001500378993530491,9.657720156785325,0.025,0.0,-0.03,0.0,1.0,0.0,0.015
26,0.8666586641276369,47,0.044986730581770475,0.0,-0.02417288112403824,0.005827118875961757,0.009172881124038242,18.345762248076486,-0.003800697749524778,0.0012618652490439062,11.007457348845891,0.025,0.0,-0.03,0.0,1.0,0.0,0.015
26,0.8666586641276369,48,0.04469321102100462,0.0,-0.025383895898823793,0.004616104101176206,0.010383895898823794,20.767791797647586,-0.003168982962286393,0.0012326698018077723,12.460675078588551,0.025,0.0,-0.03,0.0,1.0,0.0,0.015
26,0.8666586641276369,49,0.0443931055518671,0.0,-0.02659329707944643,0.0034067029205535684,0.011593297079446431,23.186594158892863,-0.004328750112913628,0.0006736526608596086,13.911956495335717,0.025,0.0,-0.03,0.0,1.0,0.0,0.015
26,0.8666586641276369,50,0.04408808474706342,0.0,-0.02780150110859705,0.002198498891402948,0.012801501108597051,25.603002217194103,-0.002728519093177319,0.0007839887487655148,15.36180133031646,0.025,0.0,-0.03,0.0,1.0,0.0,0.015
26,0.8666586641276369,51,0.04377984854078475,0.0,-0.029008856019720426,0.0009911439802795727,0.014008856019720427,28.017712039440852,-0.004222260303558489,0.00013518443956933433,16.81062722366451,0.025,0.0,-0.03,0.0,1.0,0.0,0.015
26,0.8666586641276369,52,0.04347006553697887,0.0,-0.03021586715750142,0.0002158671575014197,0.01478413284249858,29.568265684997158,0.002753270312340294,0.00020761335386000295,17.740959410998293,0.025,0.0,-0.03,0.0,1.0,0.0,0.015
26,0.8666586641276369,53,0.04316045225383701,0.0,-0.031422858977879636,0.0014228589778796374,0.013577141022120362,27.154282044240723,0.0038586160059010184,0.0003621230331040318,16.292569226544433,0.025,0.0,-0.03,0.0,1.0,0.0,0.015
26,0.8666586641276369,54,0.042852500913082806,0.0,-0.032630375367583404,0.0026303753675834055,0.012369624632416594,24.739249264833187,0.0027874343978189007,0.0003977179957580368,14.843549558899912,0.025,0.0,-0.03,0.0,1.0,0.0,0.015
26,0.8666586641276369,55,0.04254725087837193,0.0,-0.033838680253172715,0.003838680253172716,0.011161319746827283,22.322639493654567,0.0036676977705724033,0.0009200717766701045,13.39358369619274,0.025,0.0,-0.03,0.0,1.0,0.0,0.015
26,0.8666586641276369,56,0.042246054797024195,0.0,-0.035048328873131536,0.005048328873131537,0.009951671126868462,19.903342253736923,0.0025281750923655533,0.000978171866386364,11.942005352242154,0.025,0.0,-0.03,0.0,1.0,0.0,0.015
26,0.8666586641276369,57,0.041951860353311624,0.0,-0.036259755138228066,0.006259755138228067,0.008740244861771933,17.480489723543865,0.0037710005314428715,0.0015816275359747005,10.488293834126319,0.025,0.0,-0.03,0.0,1.0,0.0,0.015
26,0.8666586641276369,58,0.04166769134095514,0.0,-0.03747358556937479,0.007473585569374788,0.007526414430625211,15.052828861250422,0.002084124234535724,0.0015406370855825138,9.031697316750252,0.025,0.0,-0.03,0.0,1.0,0.0,0.015
26,0.8666586641276369,59,0.04139590822844987,0.0,-0.03869017830443441,0.008690178304434408,0.006309821695565591,12.619643391131182,0.0038759385504377867,0.0022429997272787887,7.571786034678709,0.025,0.0,-0.03,0.0,1.0,0.0,0.015
26,0.8666586641276369,60,0.04113883506346029,0.0,-0.039909940709089424,0.009909940709089425,0.005090059290910574,10.180118581821148,0.0018724370307205945,0.0021725936939596424,6.108071149092688,0.025,0.0,-0.03,0.0,1.0,0.0,0.015
26,0.8666586641276369,61,0.04089880073558423,0.0,-0.04113310888013978,0.011133108880139783,0.0038668911198602163,7.7337822397204325,0.0036048092809229694,0.0028148317894696505,4.6402693438322595,0.025,0.0,-0.03,0.0,1.0,0.0,0.015
26,0.8666586641276369,62,0.04067810744157165,0.0,-0.042359863337696396,0.012359863337696397,0.002640136662303602,5.280273324607204,0.0021599626091776806,0.002883790473877061,3.1681639947643228,0.025,0.0,-0.03,0.0,1.0,0.0,0.015
26,0.8666586641276369,63,0.04047903862119181,0.0,-0.043590250213122454,0.013590250213122455,0.001409749786877544,2.8194995737550883,0.0029007688876947755,0.003297542482008884,1.691699744253053,0.025,0.0,-0.03,0.0,1.0,0.0,0.015
26,0.8666586641276369,64,0.039338742639780266,0.0,-0.044078786673383163,0.014078786673383165,0.0009212133266168349,1.8424266532336697,0.0025200258941010874,0.003457893873086571,1.1054559919402018,0.025,0.0,-0.03,0.0,1.0,0.0,0.015
26,0.8666586641276369,65,0.038192376842128554,0.0,-0.044552757741795415,0.014552757741795416,0.0004472422582045832,0.8944845164091664,0.002227714927860106,0.003182765582001193,0.5366907098454998,0.025,0.0,-0.03,0.0,1.0,0.0,0.015
27,0.8999916896710075,39,0.04065563838648231,0.0,-0.015339328389876561,0.014660671610123438,0.00033932838987656144,0.6786567797531229,-0.003932576743311736,0.0005946484965349134,0.40719406785187373,0.025,0.0,-0.03,0.0,1.0,0.0,0.015
27,0.8999916896710075,40,0.04121481569369834,0.0,-0.01645262329600487,0.01354737670399513,0.00145262329600487,2.90524659200974,-0.0037182583620522154,0.0005705230920964245,1.743147955205844,0.025,0.0,-0.03,0.0,1.0,0.0,0.015
27,0.8999916896710075,41,0.041769154829709304,0.0,-0.01756839447242853,0.012431605527571468,0.002568394472428532,5.136788944857064,-0.004117913320348176,0.0008552204273844479,3.0820733669142384,0.025,0.0,-0.03,0.0,1.0,0.0,0.015
27,0.8999916896710075,42,0.04231928059852794,0.0,-0.018686199071079726,0.011313800928920273,0.0036861990710797266,7.372398142159453,-0.0034387876018769693,0.0006060170501265313,4.423438885295671,0.025,0.0,-0.03,0.0,1.0,0.0,0.015
27,0.8999916896710075,43,0.04286591428726582,0.0,-0.01980576377248476,0.010194236227515238,0.004805763772484761,9.611527544969523,-0.004240979517485733,0.0010904695925267633,5.7669165269817135,0.025,0.0,-0.03,0.0,1.0,0.0,0.015
27,0.8999916896710075,44,0.0434097153782021,0.0,-0.020926671449876505,0.009073328550123494,0.0059266714498765055,11.853342899753011,-0.00317877211805837,0.000662313365649488,7.112005739851806,0.025,0.0,-0.03,0.0,1.0,0.0,0.015
27,0.8999916896710075,45,0.043951410220989987,0.0,-0.022048625090843377,0.007951374909156622,0.007048625090843377,14.097250181686755,-0.004390999421487561,0.001340474032310109,8.458350109012052,0.025,0.0,-0.03,0.0,1.0,0.0,0.015
27,0.8999916896710075,46,0.04449169038073248,0.0,-0.023171245868584257,0.006828754131415742,0.008171245868584257,16.342491737168515,-0.002821242928484707,0.000736247098591888,9.805495042301109,0.025,0.0,-0.03,0.0,1.0,0.0,0.015
27,0.8999916896710075,47,0.04502920148900815,0.0,-0.02429469565128074,0.00570530434871926,0.00929469565128074,18.58939130256148,-0.004847022372511481,0.0011959738621920284,11.153634781536889,0.025,0.0,-0.03,0.0,1.0,0.0,0.015
27,0.8999916896710075,48,0.04472759531825977,0.0,-0.025503753147599527,0.004496246852400472,0.010503753147599527,21.007506295199054,-0.0017846340078322002,0.0013482400364435829,12.604503777119431,0.025,0.0,-0.03,0.0,1.0,0.0,0.015
27,0.8999916896710075,49,0.0444192909065978,0.0,-0.026711114928570878,0.0032888850714291214,0.011711114928570878,23.422229857141755,-0.005944178126926761,0.00011170074635891803,14.053337914285052,0.025,0.0,-0.03,0.0,1.0,0.0,0.015
27,0.8999916896710075,50,0.04410594377087449,0.0,-0.027917212435504508,0.002082787564495491,0.012917212435504508,25.834424871009016,-0.00044604947472573806,0.0012340378569695525,15.50065492260541,0.025,0.0,-0.03,0.0,1.0,0.0,0.015
27,0.8999916896710075,51,0.04378923836210566,0.0,-0.02912240699827723,0.0008775930017227672,0.014122406998277232,28.244813996554466,-0.006926873889305883,0.0006571635363629175,16.94688839793268,0.025,0.0,-0.03,0.0,1.0,0.0,0.015
27,0.8999916896710075,52,0.04347083418394259,0.0,-0.03032718957910446,0.00032718957910446086,0.014672810420895539,29.345620841791078,-0.0005854695342368105,0.0009929324710166302,17.607372505074647,0.025,0.0,-0.03,0.0,1.0,0.0,0.015
27,0.8999916896710075,53,0.043152424131238855,0.0,-0.03153193430206674,0.0015319343020667384,0.013468065697933261,26.93613139586652,0.0074339287584427646,0.0013230338962903756,16.16167883751991,0.025,0.0,-0.03,0.0,1.0,0.0,0.015
27,0.8999916896710075,54,0.04283547558094385,0.0,-0.032737136840427276,0.0027371368404272775,0.012262863159572722,24.525726319145445,-0.0010024824978900205,0.0005521725666549626,14.715435791487266,0.025,0.0,-0.03,0.0,1.0,0.0,0.015
27,0.8999916896710075,55,0.04252095061259515,0.0,-0.03394312664876748,0.003943126648767482,0.011056873351232517,22.113746702465033,0.007331033203066559,0.0018004857240851591,13.26824802147902,0.025,0.0,-0.03,0.0,1.0,0.0,0.015
27,0.8999916896710075,56,0.04221019439041795,0.0,-0.03515040809745726,0.00515040809745726,0.00984959190254274,19.69918380508548,-0.0009146775857744579,7.50454900385808e-05,11.819510283051287,0.025,0.0,-0.03,0.0,1.0,0.0,0.015
27,0.8999916896710075,57,0.04190620766281803,0.0,-0.036359504777445664,0.006359504777445665,0.008640495222554334,17.280990445108667,0.006586654523298251,0.002131664560794848,10.3685942670652,0.025,0.0,-0.03,0.0,1.0,0.0,0.015
27,0.8999916896710075,58,0.04161212578108999,0.0,-0.03757105112502927,0.007571051125029274,0.0074289488749707255,14.85789774994145,-0.00015082673974445112,0.0008997751191261156,8.91473864996487,0.025,0.0,-0.03,0.0,1.0,0.0,0.015
27,0.8999916896710075,59,0.04133038119682816,0.0,-0.03878545957954375,0.008785459579543749,0.006214540420456251,12.429080840912501,0.005424088550780254,0.002418485252565815,7.4574485045475,0.025,0.0,-0.03,0.0,1.0,0.0,0.015
27,0.8999916896710075,60,0.041063354881303436,0.0,-0.04000316634634503,0.01000316634634503,0.0049968336536549696,9.99366730730994,0.0008147494695714343,0.0017569400737539366,5.996200384385964,0.025,0.0,-0.03,0.0,1.0,0.0,0.015
27,0.8999916896710075,61,0.040813435620467936,0.0,-0.04122442893000263,0.011224428930002632,0.0037755710699973674,7.5511421399947345,0.004232512098873849,0.0027168753044474405,4.53068528399684,0.025,0.0,-0.03,0.0,1.0,0.0,0.015
27,0.8999916896710075,62,0.04058298260625822,0.0,-0.042449470034305964,0.012449470034305965,0.0025505299656940345,5.101059931388069,0.0017317964098105263,0.002532534874391721,3.0606359588328416,0.025,0.0,-0.03,0.0,1.0,0.0,0.015
27,0.8999916896710075,63,0.040374343902017565,0.0,-0.043678343223944635,0.013678343223944636,0.0013216567760553632,2.6433135521107265,0.0031500929306686526,0.0032795458903127567,1.585988131266436,0.025,0.0,-0.03,0.0,1.0,0.0,0.015
27,0.8999916896710075,64,0.039231404875492676,0.0,-0.04416087549310168,0.01416087549310168,0.0008391245068983186,1.6782490137966373,0.0022651890973431395,0.0026290739992851837,1.0069494082779824,0.025,0.0,-0.03,0.0,1.0,0.0,0.015
27,0.8999916896710075,65,0.03808247880347796,0.0,-0.044628830449555755,0.014628830449555756,0.0003711695504442433,0.7423391008884866,0.0024776981606695106,0.0036357084941617034,0.445403460533092,0.025,0.0,-0.03,0.0,1.0,0.0,0.015
28,0.9333247152143782,39,0.04067290342336006,0.0,-0.015468053973352191,0.014531946026647808,0.0004680539733521918,0.9361079467043836,-0.0022967174310781473,0.00032421720826864627,0.5616647680226301,0.025,0.0,-0.03,0.0,1.0,0.0,0.015
28,0.9333247152143782,40,0.04123409151692625,0.0,-0.01658045071444414,0.01341954928555586,0.0015804507144441399,3.1609014288882795,-0.005468129250230559,0.0013549472757556098,1.8965408573329676,0.025,0.0,-0.03,0.0,1.0,0.0,0.015
28,0.9333247152143782,41,0.04179044655785584,0.0,-0.017695197439039655,0.012304802560960344,0.002695197439039655,5.39039487807931,-0.00198871573685402,0.0003318046868631853,3.234236926847586,0.025,0.0,-0.03,0.0,1.0,0.0,0.015
28,0.9333247152143782,42,0.04234269488430476,0.0,-0.018812060202261643,0.011187939797738355,0.003812060202261644,7.624120404523288,-0.005594807047768573,0.0015371555002267727,4.574472242713973,0.025,0.0,-0.03,0.0,1.0,0.0,0.015
28,0.9333247152143782,43,0.04289145842076314,0.0,-0.019930574860406593,0.010069425139593406,0.004930574860406593,9.861149720813186,-0.0018546691526142721,0.0002474842655398445,5.916689832487911,0.025,0.0,-0.03,0.0,1.0,0.0,0.015
28,0.9333247152143782,44,0.043437475717159,0.0,-0.02105049242894981,0.008949507571050189,0.006050492428949811,12.100984857899622,-0.005512935599301366,0.0016253068763322817,7.2605909147397725,0.025,0.0,-0.03,0.0,1.0,0.0,0.015
28,0.9333247152143782,45,0.04398140095068716,0.0,-0.022171378766082397,0.007828621233917601,0.007171378766082398,14.342757532164796,-0.0019484009777007108,4.45790369507296e-05,8.605654519298877,0.025,0.0,-0.03,0.0,1.0,0.0,0.015
28,0.9333247152143782,46,0.04452397231782718,0.0,-0.023292959778067352,0.006707040221932647,0.008292959778067353,16.585919556134705,-0.005209469355101528,0.0015519701980144698,9.951551733680823,0.025,0.0,-0.03,0.0,1.0,0.0,0.015
28,0.9333247152143782,47,0.045063782084336625,0.0,-0.024415339736098437,0.005584660263901562,0.009415339736098437,18.830679472196874,-0.0020548477617587,0.0007561277215713813,11.298407683318123,0.025,0.0,-0.03,0.0,1.0,0.0,0.015
28,0.9333247152143782,48,0.04475504705291023,0.0,-0.025622623072825146,0.004377376927174853,0.010622623072825146,21.24524614565029,-0.0053043154293122416,0.00032456858441791804,12.747147687390175,0.025,0.0,-0.03,0.0,1.0,0.0,0.015
28,0.9333247152143782,49,0.044439512453546645,0.0,-0.026828152346336603,0.003171847653663396,0.011828152346336603,23.656304692673206,-0.0015266851812506673,0.0010042410760655969,14.193782815603923,0.025,0.0,-0.03,0.0,1.0,0.0,0.015
28,0.9333247152143782,50,0.044118830502214684,0.0,-0.02803233355490435,0.0019676664450956477,0.013032333554904352,26.064667109808703,-0.005622035180130974,0.0002606541085475102,15.638800265885221,0.025,0.0,-0.03,0.0,1.0,0.0,0.015
28,0.9333247152143782,51,0.04379465830762605,0.0,-0.02923558937447715,0.0007644106255228489,0.01423558937447715,28.4711787489543,-0.0010961459300960232,0.0006876817270521086,17.08270724937258,0.025,0.0,-0.03,0.0,1.0,0.0,0.015
28,0.9333247152143782,52,0.043468660570690695,0.0,-0.0304383453905173,0.00043834539051730223,0.014561654609482697,29.123309218965396,0.005720082407281605,0.000747215701737594,17.47398553137924,0.025,0.0,-0.03,0.0,1.0,0.0,0.015
28,0.9333247152143782,53,0.04314249561350028,0.0,-0.03164106728111235,0.0016410672811123517,0.013358932718887648,26.717865437775295,0.0008755306159142567,0.00029043765273983196,16.030719262665176,0.025,0.0,-0.03,0.0,1.0,0.0,0.015
28,0.9333247152143782,54,0.042817620504273506,0.0,-0.0328441666433239,0.0028441666433239032,0.012155833356676096,24.311666713352192,0.005597135935080442,0.0011827381205290423,14.587000028011314,0.025,0.0,-0.03,0.0,1.0,0.0,0.015
28,0.9333247152143782,55,0.042494932506269616,0.0,-0.03404806411016758,0.0040480641101675804,0.010951935889832419,21.903871779664836,0.0007806605370739226,0.00019239052956401302,13.142323067798902,0.025,0.0,-0.03,0.0,1.0,0.0,0.015
28,0.9333247152143782,56,0.042175790909913254,0.0,-0.0352531765850902,0.005253176585090204,0.009746823414909796,19.493646829819593,0.005476992158419756,0.0016228961211546922,11.696188097891755,0.025,0.0,-0.03,0.0,1.0,0.0,0.015
28,0.9333247152143782,57,0.04186316998325663,0.0,-0.036460155635721865,0.006460155635721866,0.008539844364278133,17.079688728556267,0.0008115830162523398,0.0007498778028534784,10.24781323713376,0.025,0.0,-0.03,0.0,1.0,0.0,0.015
28,0.9333247152143782,58,0.041560299110865444,0.0,-0.03766958020953859,0.00766958020953859,0.007330419790461409,14.660839580922818,0.0050286885156741595,0.001998171141624526,8.796503748553691,0.025,0.0,-0.03,0.0,1.0,0.0,0.015
28,0.9333247152143782,59,0.04126969377564668,0.0,-0.03888198664600673,0.008881986646006729,0.006118013353993271,12.236026707986541,0.0010968455253380191,0.0013726844291593579,7.341616024791924,0.025,0.0,-0.03,0.0,1.0,0.0,0.015
28,0.9333247152143782,60,0.040993803237103776,0.0,-0.04009776588422293,0.010097765884222933,0.004902234115777067,9.804468231554134,0.004413751236046081,0.0023450862028669655,5.88268093893248,0.025,0.0,-0.03,0.0,1.0,0.0,0.015
28,0.9333247152143782,61,0.04073505615869993,0.0,-0.04131726645866563,0.011317266458665633,0.0036827335413343668,7.365467082668734,0.0015990587848321051,0.0020370737890703142,4.41928024960124,0.025,0.0,-0.03,0.0,1.0,0.0,0.015
28,0.9333247152143782,62,0.04049587622219444,0.0,-0.04254068805002025,0.012540688050020253,0.0024593119499797464,4.918623899959493,0.0036051273245742152,0.002681353252654191,2.9511743399756956,0.025,0.0,-0.03,0.0,1.0,0.0,0.015
28,0.9333247152143782,63,0.04027866137410131,0.0,-0.04376814044647902,0.013768140446479019,0.0012318595535209809,2.4637191070419617,0.0023260202894766157,0.002555568060536795,1.478231464225177,0.025,0.0,-0.03,0.0,1.0,0.0,0.015
28,0.9333247152143782,64,0.03913295726334767,0.0,-0.04424423548499018,0.014244235484990181,0.0007557645150098186,1.5115290300196371,0.002663763643241248,0.0031109871110427366,0.9069174180117823,0.025,0.0,-0.03,0.0,1.0,0.0,0.015
28,0.9333247152143782,65,0.03798135163678612,0.0,-0.04470573349484894,0.014705733494848938,0.00029426650515106123,0.5885330103021225,0.002241334331896002,0.002706062225738158,0.3531198061812735,0.025,0.0,-0.03,0.0,1.0,0.0,0.015
29,0.9666577407577488,39,0.04068646707773655,0.0,-0.015594029726397953,0.014405970273602046,0.0005940297263979533,1.1880594527959067,-0.006071243785070586,0.0015635496973649742,0.712835671677544,0.025,0.0,-0.03,0.0,1.0,0.0,0.015
29,0.9666577407577488,40,0.04124918021138182,0.0,-0.016705661502615314,0.013294338497384685,0.0017056615026153146,3.411323005230629,-0.0014578883149066837,0.0007452151133681662,2.046793803138377,0.025,0.0,-0.03,0.0,1.0,0.0,0.015
29,0.9666577407577488,41,0.041807137155355785,0.0,-0.01781969044396179,0.012180309556038209,0.0028196904439617906,5.639380887923581,-0.005824592864577286,0.0015181532358778218,3.3836285327541487,0.025,0.0,-0.03,0.0,1.0,0.0,0.015
29,0.9666577407577488,42,0.042360997370086875,0.0,-0.018935759024140422,0.011064240975859577,0.003935759024140423,7.871518048280846,-0.001730116414182586,0.00048284830313406805,4.722910828968508,0.025,0.0,-0.03,0.0,1.0,0.0,0.015
29,0.9666577407577488,43,0.042911441568122904,0.0,-0.020053530119226344,0.009946469880773655,0.005053530119226345,10.10706023845269,-0.005379218889906711,0.0013892575982031564,6.064236143071613,0.025,0.0,-0.03,0.0,1.0,0.0,0.015
29,0.9666577407577488,44,0.04345914205149294,0.0,-0.02117263138204355,0.008827368617956449,0.006172631382043551,12.345262764087101,-0.002171115879090919,0.000143109484275731,7.4071576584522605,0.025,0.0,-0.03,0.0,1.0,0.0,0.015
29,0.9666577407577488,45,0.044004807859390135,0.0,-0.02229275034170115,0.007707249658298849,0.007292750341701151,14.585500683402302,-0.004792261272699336,0.0012029245557731152,8.751300410041381,0.025,0.0,-0.03,0.0,1.0,0.0,0.015
29,0.9666577407577488,46,0.044549117030455866,0.0,-0.023413499949264394,0.006586500050735605,0.008413499949264394,16.82699989852879,-0.0027145068823128922,0.0002608365928010185,10.096199939117273,0.025,0.0,-0.03,0.0,1.0,0.0,0.015
29,0.9666577407577488,47,0.045090692466455834,0.0,-0.024535099943743064,0.005464900056256935,0.009535099943743065,19.07019988748613,-0.004195076472882589,0.0008369024770511787,11.442119932491677,0.025,0.0,-0.03,0.0,1.0,0.0,0.015
29,0.9666577407577488,48,0.04477562309817518,0.0,-0.025740746135820166,0.004259253864179833,0.010740746135820167,21.481492271640334,-0.0030607294114761113,0.0006299021155752098,12.8888953629842,0.025,0.0,-0.03,0.0,1.0,0.0,0.015
29,0.9666577407577488,49,0.044453659963106594,0.0,-0.026944635678367895,0.0030553643216321043,0.011944635678367895,23.88927135673579,-0.0038389537076847233,0.00026265933947379683,14.333562814041473,0.025,0.0,-0.03,0.0,1.0,0.0,0.015
29,0.9666577407577488,50,0.044126467905181765,0.0,-0.028147054923091202,0.001852945076908797,0.013147054923091202,26.294109846182405,-0.0031564349073297414,0.0002397905454720986,15.776465907709442,0.025,0.0,-0.03,0.0,1.0,0.0,0.015
29,0.9666577407577488,51,0.043795654213095114,0.0,-0.029348571776921392,0.0006514282230786067,0.014348571776921393,28.697143553842785,-0.0035654268616711836,7.191535842040092e-05,17.21828613230567,0.025,0.0,-0.03,0.0,1.0,0.0,0.015
29,0.9666577407577488,52,0.04346291071319241,0.0,-0.030549463542978775,0.0005494635429787766,0.014450536457021223,28.901072914042444,0.0032052066595874965,0.000182079065583397,17.340643748425467,0.025,0.0,-0.03,0.0,1.0,0.0,0.015
29,0.9666577407577488,53,0.04312983823195801,0.0,-0.03175036615359892,0.0017503661535989215,0.013249633846401078,26.499267692802157,0.003327479017701335,0.00042379020988440625,15.899560615681294,0.025,0.0,-0.03,0.0,1.0,0.0,0.015
29,0.9666577407577488,54,0.04279789720440185,0.0,-0.032951524536024006,0.002951524536024007,0.012048475463975993,24.096950927951983,0.003202433556278973,0.0006110406220960219,14.45817055677119,0.025,0.0,-0.03,0.0,1.0,0.0,0.015
29,0.9666577407577488,55,0.04246790226420332,0.0,-0.034153529792974834,0.004153529792974835,0.010846470207025165,21.69294041405033,0.0031726336658832476,0.0008260316275146392,13.015764248430198,0.025,0.0,-0.03,0.0,1.0,0.0,0.015
29,0.9666577407577488,56,0.04214126367499132,0.0,-0.03535663051066339,0.005356630510663388,0.009643369489336612,19.286738978673224,0.0030561602503770464,0.0010231897370687974,11.572043387203934,0.025,0.0,-0.03,0.0,1.0,0.0,0.015
29,0.9666577407577488,57,0.04182092361111584,0.0,-0.03656167909066652,0.006561679090666524,0.008438320909333476,16.87664181866695,0.0030662129310655645,0.0012690496849572868,10.12598509120017,0.025,0.0,-0.03,0.0,1.0,0.0,0.015
29,0.9666577407577488,58,0.04151021586495713,0.0,-0.03776912997047536,0.007769129970475359,0.00723087002952464,14.46174005904928,0.0029883573403607657,0.001482086109632736,8.677044035429567,0.025,0.0,-0.03,0.0,1.0,0.0,0.015
29,0.9666577407577488,59,0.04121169736173319,0.0,-0.03897970552801655,0.008979705528016552,0.006020294471983448,12.040588943966895,0.0029168563734969506,0.0017059731421304402,7.224353366380137,0.025,0.0,-0.03,0.0,1.0,0.0,0.015
29,0.9666577407577488,60,0.040927893554954076,0.0,-0.040193684978386456,0.010193684978386457,0.004806315021613543,9.612630043227085,0.00291048630787964,0.0019425641237389506,5.767578025936251,0.025,0.0,-0.03,0.0,1.0,0.0,0.015
29,0.9666577407577488,61,0.04066125125139772,0.0,-0.04141156378283615,0.01141156378283615,0.00358843621716385,7.1768724343276995,0.0028009586069565706,0.00215518135751111,4.30612346059662,0.025,0.0,-0.03,0.0,1.0,0.0,0.015
29,0.9666577407577488,62,0.04041426195510645,0.0,-0.04263346533082004,0.012633465330820041,0.002366534669179958,4.733069338359916,0.0028238591654987867,0.0023958507895729193,2.8398416030159495,0.025,0.0,-0.03,0.0,1.0,0.0,0.015
29,0.9666577407577488,63,0.04018935500024073,0.0,-0.04385959445157751,0.013859594451577514,0.001140405548422485,2.28081109684497,0.0027251553091625974,0.0025815307839978123,1.3684866581069821,0.025,0.0,-0.03,0.0,1.0,0.0,0.015
29,0.9666577407577488,64,0.039040809423576336,0.0,-0.0443289019566716,0.014328901956671601,0.0006710980433283983,1.3421960866567968,0.002567094549347672,0.0027445058926764128,0.805317651994078,0.025,0.0,-0.03,0.0,1.0,0.0,0.015
29,0.9666577407577488,65,0.03788643749928398,0.0,-0.044783589480044864,0.014783589480044865,0.00021641051995513472,0.43282103991026943,0.002311833203816079,0.0027081167047346044,0.25969262394616166,0.025,0.0,-0.03,0.0,1.0,0.0,0.015
30,0.9999907663011195,39,0.04069740783940676,0.0,-0.01571720099889243,0.014282799001107568,0.0007172009988924317,1.4344019977848634,-0.0032529747792008896,9.041312907864415e-05,0.860641198670918,0.025,0.0,-0.03,0.0,1.0,0.0,0.015
30,0.9999907663011195,40,0.04126136821459372,0.0,-0.016828244582170054,0.013171755417829945,0.001828244582170055,3.65648916434011,-0.004065539244199921,0.0005493168856003758,2.193893498604066,0.025,0.0,-0.03,0.0,1.0,0.0,0.015
30,0.9999907663011195,41,0.04182060604721149,0.0,-0.017941667678664026,0.012058332321335973,0.0029416676786640263,5.883335357328052,-0.0031712579439294366,0.0001390601233927338,3.5300012143968313,0.025,0.0,-0.03,0.0,1.0,0.0,0.015
30,0.9999907663011195,42,0.04237578665749476,0.0,-0.019057134206815526,0.010942865793184473,0.004057134206815527,8.114268413631054,-0.004074345035741533,0.000637543539488489,4.868561048178632,0.025,0.0,-0.03,0.0,1.0,0.0,0.015
30,0.9999907663011195,43,0.042927568171064134,0.0,-0.020174272192167404,0.009825727807832595,0.005174272192167404,10.348544384334808,-0.0031086591296772843,0.00020077189658717395,6.209126630600885,0.025,0.0,-0.03,0.0,1.0,0.0,0.015
30,0.9999907663011195,44,0.043476643963968345,0.0,-0.021292762299827638,0.00870723770017236,0.006292762299827639,12.585524599655278,-0.004052160415928774,0.0007144593217551115,7.551314759793167,0.025,0.0,-0.03,0.0,1.0,0.0,0.015
30,0.9999907663011195,45,0.04402368611254103,0.0,-0.022412228264232743,0.007587771735767256,0.007412228264232743,14.824456528465486,-0.003082802382823533,0.0002841918118980729,8.894673917079292,0.025,0.0,-0.03,0.0,1.0,0.0,0.015
30,0.9999907663011195,46,0.044569404800935415,0.0,-0.023532361314527735,0.0064676386854722635,0.008532361314527736,17.06472262905547,-0.003993661917238486,0.0007557181006225247,10.238833577433281,0.025,0.0,-0.03,0.0,1.0,0.0,0.015
30,0.9999907663011195,47,0.045112375818858345,0.0,-0.024653299829834552,0.005346700170165447,0.009653299829834552,19.306599659669104,-0.0030255269506398036,0.0005552011694901081,11.583959795801462,0.025,0.0,-0.03,0.0,1.0,0.0,0.015
30,0.9999907663011195,48,0.04479151045633985,0.0,-0.025857478522009498,0.004142521477990501,0.010857478522009498,21.714957044019,-0.004081062928597783,0.00028067179066731463,13.028974226411398,0.025,0.0,-0.03,0.0,1.0,0.0,0.015
30,0.9999907663011195,49,0.044463689456143186,0.0,-0.027059768047915555,0.002940231952084444,0.012059768047915555,24.119536095831112,-0.002698923483306425,0.00044656633941663214,14.471721657498666,0.025,0.0,-0.03,0.0,1.0,0.0,0.015
30,0.9999907663011195,50,0.044130524414788735,0.0,-0.028260630486527206,0.001739369513472793,0.013260630486527206,26.521260973054414,-0.004223410400408719,0.00014525947983311474,15.912756583832648,0.025,0.0,-0.03,0.0,1.0,0.0,0.015
30,0.9999907663011195,51,0.04379366309126774,0.0,-0.029460428920596957,0.0005395710794030423,0.014460428920596957,28.920857841193914,-0.0024099475540141813,0.0001575702129832374,17.35251470471635,0.025,0.0,-0.03,0.0,1.0,0.0,0.015
30,0.9999907663011195,52,0.04345471900395316,0.0,-0.03065968590685905,0.0006596859068590498,0.01434031409314095,28.6806281862819,0.004269540905234842,0.0005421498045587755,17.20837691176914,0.025,0.0,-0.03,0.0,1.0,0.0,0.015
30,0.9999907663011195,53,0.04311535044293133,0.0,-0.0318587764124753,0.0018587764124753034,0.013141223587524696,26.28244717504939,0.002218513768576671,0.00017727351012978616,15.769468305029633,0.025,0.0,-0.03,0.0,1.0,0.0,0.015
30,0.9999907663011195,54,0.042776892913776614,0.0,-0.033058231112391416,0.003058231112391417,0.011941768887608582,23.883537775217164,0.004200254177925669,0.000919964070480599,14.330122665130299,0.025,0.0,-0.03,0.0,1.0,0.0,0.015
30,0.9999907663011195,55,0.042440206436300774,0.0,-0.03425834410718455,0.00425834410718455,0.01074165589281545,21.4833117856309,0.0021028879761574915,0.0005651965751291052,12.88998707137854,0.025,0.0,-0.03,0.0,1.0,0.0,0.015
30,0.9999907663011195,56,0.04210663717506699,0.0,-0.035459663310727405,0.005459663310727406,0.009540336689272594,19.08067337854519,0.004119899701471126,0.0013130144304748874,11.448404027127113,0.025,0.0,-0.03,0.0,1.0,0.0,0.015
30,0.9999907663011195,57,0.04177922287604834,0.0,-0.03666277914530025,0.006662779145300252,0.008337220854699748,16.674441709399495,0.0020477539898017816,0.001000127537116355,10.004665025639698,0.025,0.0,-0.03,0.0,1.0,0.0,0.015
30,0.9999907663011195,58,0.04146128544300286,0.0,-0.03786846691560649,0.007868466915606491,0.0071315330843935085,14.263066168787017,0.00384692875117537,0.0016688508788578191,8.55783970127221,0.025,0.0,-0.03,0.0,1.0,0.0,0.015
30,0.9999907663011195,59,0.04115550933356555,0.0,-0.03907721652684601,0.00907721652684601,0.005922783473153989,11.845566946307978,0.002144607792753263,0.0014852816771328623,7.107340167784787,0.025,0.0,-0.03,0.0,1.0,0.0,0.015
30,0.9999907663011195,60,0.04086440389701197,0.0,-0.04028956830032255,0.01028956830032255,0.004710431699677449,9.420863399354898,0.0035076908397933737,0.002017401743854767,5.652518039612938,0.025,0.0,-0.03,0.0,1.0,0.0,0.015
30,0.9999907663011195,61,0.04059050160062736,0.0,-0.041505838897444504,0.011505838897444505,0.0034941611025554944,6.988322205110989,0.0023181039474622633,0.0019838410140017872,4.1929933230665934,0.025,0.0,-0.03,0.0,1.0,0.0,0.015
30,0.9999907663011195,62,0.040336300620439205,0.0,-0.042726338757225236,0.012726338757225238,0.002273661242774762,4.547322485549524,0.0031233140433550165,0.002368612667347806,2.728393491329714,0.025,0.0,-0.03,0.0,1.0,0.0,0.015
30,0.9999907663011195,63,0.04010430101772309,0.0,-0.043951169991527705,0.013951169991527707,0.001048830008472293,2.0976600169445856,0.002565895189285466,0.0023983023494446223,1.2585960101667513,0.025,0.0,-0.03,0.0,1.0,0.0,0.015
30,0.9999907663011195,64,0.038952891374341346,0.0,-0.04441354241934245,0.014413542419342451,0.0005864575806575484,1.1729151613150968,0.0025997394573614376,0.0027408000368172366,0.7037490967890581,0.025,0.0,-0.03,0.0,1.0,0.0,0.015
30,0.9999907663011195,65,0.037795762304934026,0.0,-0.044861244952958866,0.014861244952958867,0.00013875504704113223,0.27751009408226446,0.002261111465224199,0.002514093168334664,0.16650605644935867,0.025,0.0,-0.03,0.0,1.0,0.0,0.015
31,1.0333237918444902,39,0.04070648767522479,0.0,-0.01583769475415726,0.014162305245842739,0.0008376947541572609,1.6753895083145218,-0.005683205887894651,0.0013385809187823144,1.005233704988713,0.025,0.0,-0.03,0.0,1.0,0.0,0.015
31,1.0333237918444902,40,0.04127149779599138,0.0,-0.0169482336715291,0.0130517663284709,0.0019482336715291003,3.8964673430582004,-0.0015409967489681971,0.0007538634890486883,2.33788040583492,0.025,0.0,-0.03,0.0,1.0,0.0,0.015
31,1.0333237918444902,41,0.04183182686809309,0.0,-0.018061162946423934,0.011938837053576064,0.003061162946423935,6.12232589284787,-0.0054237892613109824,0.0012592561665242022,3.673395535708722,0.025,0.0,-0.03,0.0,1.0,0.0,0.015
31,1.0333237918444902,42,0.042388115081176826,0.0,-0.019176107244917716,0.010823892755082283,0.004176107244917716,8.352214489835433,-0.0018548991662079367,0.0005026779371225284,5.01132869390126,0.025,0.0,-0.03,0.0,1.0,0.0,0.015
31,1.0333237918444902,43,0.04294103546150608,0.0,-0.020292734687525342,0.009707265312474657,0.0052927346875253425,10.585469375050685,-0.004954201313201479,0.0010881441544211958,6.351281625030411,0.025,0.0,-0.03,0.0,1.0,0.0,0.015
31,1.0333237918444902,44,0.04349125931323129,0.0,-0.02141069278040659,0.00858930721959341,0.006410692780406589,12.821385560813178,-0.0023504511817096173,0.0001686441488435392,7.692831336487907,0.025,0.0,-0.03,0.0,1.0,0.0,0.015
31,1.0333237918444902,45,0.04403946874468872,0.0,-0.022529636673984662,0.007470363326015337,0.0075296366739846625,15.059273347969325,-0.004334175838341703,0.0008539867882042484,9.035564008781595,0.025,0.0,-0.03,0.0,1.0,0.0,0.015
31,1.0333237918444902,46,0.04458635723396498,0.0,-0.02364923528862477,0.006350764711375228,0.008649235288624772,17.298470577249542,-0.0029594201147210334,0.00021547334612438552,10.379082346349724,0.025,0.0,-0.03,0.0,1.0,0.0,0.015
31,1.0333237918444902,47,0.04513049869550787,0.0,-0.024769650392965678,0.005230349607034321,0.009769650392965679,19.539300785931356,-0.003631008338162321,0.0006008655624615864,11.723580471558813,0.025,0.0,-0.03,0.0,1.0,0.0,0.015
31,1.0333237918444902,48,0.044804214686774445,0.0,-0.025972399078379543,0.004027600921620456,0.010972399078379543,21.944798156759088,-0.00357307865961661,0.00028755834920167494,13.166878894055452,0.025,0.0,-0.03,0.0,1.0,0.0,0.015
31,1.0333237918444902,49,0.04447090509446097,0.0,-0.027173204881783233,0.0028267951182167662,0.012173204881783233,24.346409763566466,-0.002936130934629186,0.0003041180830351015,14.607845858139878,0.025,0.0,-0.03,0.0,1.0,0.0,0.015
31,1.0333237918444902,50,0.04413216509945533,0.0,-0.028372537074858865,0.0016274629251411335,0.013372537074858866,26.74507414971773,-0.004029232847958197,0.00017193482346217277,16.047044489830636,0.025,0.0,-0.03,0.0,1.0,0.0,0.015
31,1.0333237918444902,51,0.043789631299039004,0.0,-0.029570751963086624,0.00042924803691337526,0.014570751963086624,29.141503926173247,-0.0023523234043163585,0.00011364670517614181,17.484902355703948,0.025,0.0,-0.03,0.0,1.0,0.0,0.015
31,1.0333237918444902,52,0.04344489820927005,0.0,-0.030768391222643247,0.0007683912226432478,0.014231608777356752,28.463217554713502,0.0043617576509793815,0.0006278000364136318,17.077930532828102,0.025,0.0,-0.03,0.0,1.0,0.0,0.015
31,1.0333237918444902,53,0.04309961582812334,0.0,-0.03196581406330437,0.001965814063304372,0.013034185936695628,26.068371873391254,0.0019083406230118321,0.00012796820817820634,15.641023124034751,0.025,0.0,-0.03,0.0,1.0,0.0,0.015
31,1.0333237918444902,54,0.04275506094591222,0.0,-0.03316357585205391,0.0031635758520539084,0.011836424147946091,23.672848295892184,0.004514352988906369,0.0010448801036110874,14.20370897753531,0.025,0.0,-0.03,0.0,1.0,0.0,0.015
31,1.0333237918444902,55,0.0424120700948718,0.0,-0.034361939077078955,0.0043619390770789565,0.010638060922921043,21.276121845842084,0.0016995681493809566,0.0004720153513016097,12.76567310750525,0.025,0.0,-0.03,0.0,1.0,0.0,0.015
31,1.0333237918444902,56,0.042072000281374006,0.0,-0.03556148343182424,0.005561483431824242,0.009438516568175757,18.877033136351514,0.004440287430792513,0.001414690082951391,11.326219881810909,0.025,0.0,-0.03,0.0,1.0,0.0,0.015
31,1.0333237918444902,57,0.041737922234860725,0.0,-0.036762800929951864,0.006762800929951865,0.008237199070048135,16.47439814009627,0.0016155710104686673,0.0008823397777623351,9.884638884057761,0.025,0.0,-0.03,0.0,1.0,0.0,0.015
31,1.0333237918444902,58,0.04141320563135943,0.0,-0.037966733920003486,0.007966733920003487,0.007033266079996513,14.066532159993026,0.004203681459958762,0.0017507004758122485,8.439919295995814,0.025,0.0,-0.03,0.0,1.0,0.0,0.015
31,1.0333237918444902,59,0.041100596769803724,0.0,-0.03917377302712664,0.009173773027126644,0.005826226972873355,11.65245394574671,0.00173107977192874,0.0013581586426341635,6.991472367448027,0.025,0.0,-0.03,0.0,1.0,0.0,0.015
31,1.0333237918444902,60,0.0408026343680971,0.0,-0.04038450817337177,0.010384508173371769,0.0046154918266282305,9.23098365325646,0.003804013236366574,0.0020519364140862196,5.538590191953876,0.025,0.0,-0.03,0.0,1.0,0.0,0.015
31,1.0333237918444902,61,0.04052189348840939,0.0,-0.04159925701728625,0.01159925701728625,0.003400742982713749,6.8014859654274975,0.0020145309213078157,0.001869402123225967,4.080891579256498,0.025,0.0,-0.03,0.0,1.0,0.0,0.015
31,1.0333237918444902,62,0.04026090643107359,0.0,-0.04281836950899306,0.012818369508993059,0.0021816304910069403,4.36326098201388,0.0032755876040120487,0.002343991170056231,2.6179565892083283,0.025,0.0,-0.03,0.0,1.0,0.0,0.015
31,1.0333237918444902,63,0.04002221671486324,0.0,-0.04404195266209116,0.014041952662091163,0.0009580473379088364,1.9160946758176727,0.002445142791367946,0.002277567548434586,1.1496568054906036,0.025,0.0,-0.03,0.0,1.0,0.0,0.015
31,1.0333237918444902,64,0.038867986261818185,0.0,-0.044497333536121016,0.014497333536121017,0.0005026664638789827,1.0053329277579652,0.0025900420461334563,0.002712290286785828,0.6031997566547791,0.025,0.0,-0.03,0.0,1.0,0.0,0.015
31,1.0333237918444902,65,0.03770812656056826,0.0,-0.044938003282907174,0.014938003282907175,6.199671709282428e-05,0.12399343418564857,0.0022177902324641173,0.0024087083061590173,0.07439606051138914,0.025,0.0,-0.03,0.0,1.0,0.0,0.015
32,1.0666568173878608,39,0.04071417277354359,0.0,-0.015955612701267177,0.014044387298732822,0.0009556127012671778,1.9112254025343556,-0.00259820564835527,0.00025422161423916995,1.1467352415206133,0.025,0.0,-0.03,0.0,1.0,0.0,0.015
32,1.0666568173878608,40,0.04128009786343739,0.0,-0.01706570136149719,0.01293429863850281,0.0020657013614971895,4.131402722994379,-0.0043302802007190834,0.0006709581346406512,2.4788416337966273,0.025,0.0,-0.03,0.0,1.0,0.0,0.015
32,1.0666568173878608,41,0.04184139048761975,0.0,-0.01817821377605657,0.01182178622394343,0.003178213776056569,6.3564275521131375,-0.0027057652746171317,0.00012466548606731277,3.8138565312678825,0.025,0.0,-0.03,0.0,1.0,0.0,0.015
32,1.0666568173878608,42,0.042398641955158016,0.0,-0.019292688961595514,0.010707311038404485,0.004292688961595514,8.585377923191029,-0.004146295396685741,0.0006380832851549932,5.151226753914617,0.025,0.0,-0.03,0.0,1.0,0.0,0.015
32,1.0666568173878608,43,0.04295256727372718,0.0,-0.020408888849130474,0.009591111150869525,0.005408888849130475,10.817777698260949,-0.002859299178906995,2.625587686414724e-05,6.49066661895657,0.025,0.0,-0.03,0.0,1.0,0.0,0.015
32,1.0666568173878608,44,0.04350378570231776,0.0,-0.02152636818001107,0.00847363181998893,0.00652636818001107,13.05273636002214,-0.003928001814093419,0.0005946538389383373,7.831641816013283,0.025,0.0,-0.03,0.0,1.0,0.0,0.015
32,1.0666568173878608,45,0.04405302149091354,0.0,-0.022644878064311702,0.007355121935688297,0.007644878064311703,15.289756128623406,-0.0030348519945882927,0.00018669592725013002,9.173853677174042,0.025,0.0,-0.03,0.0,1.0,0.0,0.015
32,1.0666568173878608,46,0.04460091838848207,0.0,-0.02376399742721747,0.006236002572782527,0.008763997427217472,17.527994854434944,-0.0036990466977586075,0.0005422228336765,10.516796912660967,0.025,0.0,-0.03,0.0,1.0,0.0,0.015
32,1.0666568173878608,47,0.04514607887993252,0.0,-0.024883982033416248,0.005116017966583751,0.009883982033416248,19.767964066832498,-0.003192559039402584,0.0003986479460087341,11.860778440099498,0.025,0.0,-0.03,0.0,1.0,0.0,0.015
32,1.0666568173878608,48,0.04481464971028086,0.0,-0.026085325287141272,0.003914674712858727,0.011085325287141273,22.170650574282543,-0.0035161368313482836,0.0002522473504305985,13.302390344569526,0.025,0.0,-0.03,0.0,1.0,0.0,0.015
32,1.0666568173878608,49,0.04447611854879801,0.0,-0.02728472719550396,0.0027152728044960404,0.012284727195503959,24.56945439100792,-0.0031818012035192355,0.0001675474416617129,14.74167263460475,0.025,0.0,-0.03,0.0,1.0,0.0,0.015
32,1.0666568173878608,50,0.04413209228726189,0.0,-0.028482544982856378,0.0015174550171436207,0.013482544982856379,26.965089965712757,-0.003385219120805567,5.477796884932523e-05,16.179053979427653,0.025,0.0,-0.03,0.0,1.0,0.0,0.015
32,1.0666568173878608,51,0.04378415724702098,0.0,-0.029679269972444116,0.0003207300275558829,0.014679269972444117,29.358539944888232,-0.0031268310556590603,0.0001537196080830138,17.615123966932938,0.025,0.0,-0.03,0.0,1.0,0.0,0.015
32,1.0666568173878608,52,0.043433934361221074,0.0,-0.030875299738011987,0.0008752997380119878,0.014124700261988012,28.249400523976025,0.003268014901273432,0.0003679867008057492,16.949640314385615,0.025,0.0,-0.03,0.0,1.0,0.0,0.015
32,1.0666568173878608,53,0.043083014946584945,0.0,-0.03207115559790046,0.0020711555979004634,0.012928844402099536,25.85768880419907,0.0030516266223567646,0.00048371525063579224,15.514613282519441,0.025,0.0,-0.03,0.0,1.0,0.0,0.015
32,1.0666568173878608,54,0.04273266894404222,0.0,-0.03326722756052994,0.0032672275605299395,0.01173277243947006,23.46554487894012,0.0031543809818908313,0.0006981128810565386,14.07932692736407,0.025,0.0,-0.03,0.0,1.0,0.0,0.015
32,1.0666568173878608,55,0.0423836557229843,0.0,-0.03446394049024085,0.004463940490240854,0.010536059509759145,21.07211901951829,0.0029797638001810606,0.0008408130692658752,12.643271411710973,0.025,0.0,-0.03,0.0,1.0,0.0,0.015
32,1.0666568173878608,56,0.04203740101396956,0.0,-0.03566170849164307,0.005661708491643068,0.009338291508356932,18.676583016713863,0.003012373866110758,0.0010443918015683564,11.205949810028317,0.025,0.0,-0.03,0.0,1.0,0.0,0.015
32,1.0666568173878608,57,0.04169695760827812,0.0,-0.036861322072618254,0.006861322072618255,0.008138677927381745,16.27735585476349,0.002901842106365913,0.001217357597890009,9.766413512858092,0.025,0.0,-0.03,0.0,1.0,0.0,0.015
32,1.0666568173878608,58,0.041365790960155184,0.0,-0.038063499676713075,0.008063499676713076,0.006936500323286923,13.873000646573846,0.0029046409459446178,0.00142035960396354,8.323800387944308,0.025,0.0,-0.03,0.0,1.0,0.0,0.015
32,1.0666568173878608,59,0.04104665784586619,0.0,-0.0392689081924888,0.009268908192488802,0.0057310918075111975,11.462183615022395,0.00280460267547598,0.0015994431776795786,6.877310169013437,0.025,0.0,-0.03,0.0,1.0,0.0,0.015
32,1.0666568173878608,60,0.040742163277560445,0.0,-0.04047802843208576,0.010478028432085763,0.004521971567914236,9.043943135828473,0.002804954476963888,0.0018029736893058034,5.426365881497083,0.025,0.0,-0.03,0.0,1.0,0.0,0.015
32,1.0666568173878608,61,0.04045489047765703,0.0,-0.04169131402637642,0.011691314026376423,0.0033086859736235763,6.617371947247152,0.0027165228668783107,0.001984693291156741,3.970423168348291,0.025,0.0,-0.03,0.0,1.0,0.0,0.015
32,1.0666568173878608,62,0.0401874284911336,0.0,-0.0429090438217344,0.012909043821734398,0.0020909561782656017,4.181912356531203,0.0027158385744632347,0.0021851997240701854,2.509147413918722,0.025,0.0,-0.03,0.0,1.0,0.0,0.015
32,1.0666568173878608,63,0.03994234249181525,0.0,-0.044131410687267135,0.014131410687267136,0.0008685893127328634,1.7371786254657269,0.0026461721741085536,0.0023529565069810797,1.0423071752794362,0.025,0.0,-0.03,0.0,1.0,0.0,0.015
32,1.0666568173878608,64,0.038785357225722634,0.0,-0.04457981193427683,0.014579811934276835,0.0004201880657231649,0.8403761314463298,0.0024641837553178725,0.002481048445077404,0.5042256788677979,0.025,0.0,-0.03,0.0,1.0,0.0,0.015
33,1.0999898429312314,39,0.04072073971999057,0.0,-0.016071014604457097,0.013928985395542902,0.0010710146044570976,2.1420292089141952,-0.002582514521825273,0.00025500669727678205,1.2852175253485172,0.025,0.0,-0.03,0.0,1.0,0.0,0.015
33,1.0999898429312314,40,0.04128751628541867,0.0,-0.017180754337005548,0.012819245662994451,0.0021807543370055485,4.361508674011097,-0.004142461745603698,0.0005800992817353163,2.6169052044066583,0.025,0.0,-0.03,0.0,1.0,0.0,0.015
33,1.0999898429312314,41,0.041849647488321456,0.0,-0.018292837292541247,0.011707162707458751,0.003292837292541248,6.585674585082496,-0.0028091437630951063,7.13115843779914e-05,3.9514047510494974,0.025,0.0,-0.03,0.0,1.0,0.0,0.015
33,1.0999898429312314,42,0.042407795034257595,0.0,-0.019406950873096938,0.010593049126903061,0.004406950873096938,8.813901746193876,-0.003844339211219007,0.0004843236638587333,5.288341047716325,0.025,0.0,-0.03,0.0,1.0,0.0,0.015
33,1.0999898429312314,43,0.04296259454276689,0.0,-0.02052271070757288,0.00947728929242712,0.005522710707572879,11.045421415145757,-0.0030769501594269367,0.000129459630652982,6.627252849087454,0.025,0.0,-0.03,0.0,1.0,0.0,0.015
33,1.0999898429312314,44,0.043514734057422,0.0,-0.021639819587457632,0.008360180412542367,0.006639819587457633,13.279639174915266,-0.0035259645162101193,0.00038600405788671605,7.967783504949159,0.025,0.0,-0.03,0.0,1.0,0.0,0.015
33,1.0999898429312314,45,0.04406486259263441,0.0,-0.022757888998857705,0.007242111001142294,0.007757888998857706,15.515777997715412,-0.0033447712415877523,0.0003252253547202153,9.309466798629247,0.025,0.0,-0.03,0.0,1.0,0.0,0.015
33,1.0999898429312314,46,0.04461368456525968,0.0,-0.023876633142419904,0.006123366857580095,0.008876633142419904,17.753266284839807,-0.0032181401446987837,0.0003152183043912662,10.651959770903884,0.025,0.0,-0.03,0.0,1.0,0.0,0.015
33,1.0999898429312314,47,0.045159740776382976,0.0,-0.0249961875986975,0.005003812401302498,0.009996187598697501,19.992375197395003,-0.0036469662599331386,0.0003662177054106521,11.995425118437002,0.025,0.0,-0.03,0.0,1.0,0.0,0.015
33,1.0999898429312314,48,0.04482336895548647,0.0,-0.026196216338581015,0.0038037836614189836,0.011196216338581016,22.39243267716203,-0.0027546930983189206,0.0003815591680822512,13.435459606297218,0.025,0.0,-0.03,0.0,1.0,0.0,0.015
33,1.0999898429312314,49,0.04447984473207648,0.0,-0.027394182610556848,0.002605817389443151,0.012394182610556848,24.788365221113697,-0.004012196492525241,0.00011915949572947273,14.873019132668217,0.025,0.0,-0.03,0.0,1.0,0.0,0.015
33,1.0999898429312314,50,0.04413072474981471,0.0,-0.028590600669154677,0.001409399330845322,0.013590600669154677,27.181201338309354,-0.002260383078398264,0.00021268261594149028,16.30872080298561,0.025,0.0,-0.03,0.0,1.0,0.0,0.015
33,1.0999898429312314,51,0.04377763024609648,0.0,-0.029785786179801058,0.0002142138201989413,0.014785786179801058,29.571572359602115,-0.00427432215167494,0.0005269735884933579,17.742943415761268,0.025,0.0,-0.03,0.0,1.0,0.0,0.015
33,1.0999898429312314,52,0.04342211147956496,0.0,-0.030980337714795927,0.0009803377147959286,0.014019662285204071,28.03932457040814,0.001892190752751696,1.0700123536322848e-05,16.823594742244882,0.025,0.0,-0.03,0.0,1.0,0.0,0.015
33,1.0999898429312314,53,0.043065806610308614,0.0,-0.032174566182854844,0.002174566182854845,0.012825433817145154,25.650867634290307,0.004382257655001749,0.0009074758003553437,15.390520580574183,0.025,0.0,-0.03,0.0,1.0,0.0,0.015
33,1.0999898429312314,54,0.042709867298540524,0.0,-0.03336908405909597,0.0033690840590959725,0.011630915940904027,23.261831881808053,0.0016899557964229082,0.0003044150550465544,13.957099129084831,0.025,0.0,-0.03,0.0,1.0,0.0,0.015
33,1.0999898429312314,55,0.0423550889799124,0.0,-0.03456408215927302,0.004564082159273022,0.010435917840726977,20.871835681453955,0.004307762530309236,0.001234783987331524,12.523101408872373,0.025,0.0,-0.03,0.0,1.0,0.0,0.015
33,1.0999898429312314,56,0.042002856349588905,0.0,-0.03576020675420398,0.005760206754203981,0.009239793245796019,18.479586491592038,0.0016278364687448996,0.0006775051718383686,11.087751894955222,0.025,0.0,-0.03,0.0,1.0,0.0,0.015
33,1.0999898429312314,57,0.04165631424149285,0.0,-0.03695805205304345,0.006958052053043451,0.008041947946956549,16.0838958939131,0.004095230587229861,0.0015356375529443642,9.650337536347859,0.025,0.0,-0.03,0.0,1.0,0.0,0.015
33,1.0999898429312314,58,0.04131892030077111,0.0,-0.03815859224371936,0.008158592243719363,0.006841407756280636,13.682815512561271,0.0017067843967329297,0.0011080650565873148,8.209689307536763,0.025,0.0,-0.03,0.0,1.0,0.0,0.015
33,1.0999898429312314,59,0.040993528769893546,0.0,-0.03936231827099834,0.009362318270998343,0.005637681729001656,11.275363458003312,0.003765631795371744,0.001829757356015317,6.765218074801987,0.025,0.0,-0.03,0.0,1.0,0.0,0.015
33,1.0999898429312314,60,0.040682730870814976,0.0,-0.04056991453625672,0.01056991453625672,0.00443008546374328,8.86017092748656,0.0018944718160861477,0.0015713142636421347,5.316102556491936,0.025,0.0,-0.03,0.0,1.0,0.0,0.015
33,1.0999898429312314,61,0.040389180616831784,0.0,-0.04178170199126612,0.011781701991266123,0.003218298008733876,6.436596017467752,0.0033441457802071963,0.0021014748362639646,3.8619576104806512,0.025,0.0,-0.03,0.0,1.0,0.0,0.015
33,1.0999898429312314,62,0.040115472510429837,0.0,-0.04299810481944111,0.012998104819441109,0.002001895180558891,4.003790361117781,0.0021837693897297475,0.0020323100604276315,2.4022742166706688,0.025,0.0,-0.03,0.0,1.0,0.0,0.015
33,1.0999898429312314,63,0.03986422991141439,0.0,-0.04421924199010892,0.014219241990108919,0.0007807580098910805,1.561516019782161,0.0028441511545899112,0.0024725723110617976,0.9369096118692966,0.025,0.0,-0.03,0.0,1.0,0.0,0.015
33,1.0999898429312314,64,0.03870455124038271,0.0,-0.04466073098598163,0.014660730985981633,0.000339269014018366,0.678538028036732,0.0023030135980065137,0.00217145951215261,0.4071228168220392,0.025,0.0,-0.03,0.0,1.0,0.0,0.015
34,1.1333228684746022,38,0.04015362127126793,0.0,-0.015077342705996376,0.014922657294003622,7.734270599637702e-05,0.15468541199275404,-0.0029238506774298826,9.564053163398414e-05,0.09281124719565242,0.025,0.0,-0.03,0.0,1.0,0.0,0.015
34,1.1333228684746022,39,0.04072640544817129,0.0,-0.01618403688910421,0.01381596311089579,0.0011840368891042098,2.36807377820842,-0.003790853466083145,0.00038377012939729363,1.4208442669250518,0.025,0.0,-0.03,0.0,1.0,0.0,0.015
34,1.1333228684746022,40,0.04129393487874075,0.0,-0.017293404914616922,0.012706595085383077,0.0022934049146169228,4.586809829233846,-0.002916233069009561,4.074270877646951e-05,2.7520858975403075,0.025,0.0,-0.03,0.0,1.0,0.0,0.015
34,1.1333228684746022,41,0.04185686376888257,0.0,-0.018405152723104095,0.011594847276895904,0.0034051527231040955,6.810305446208191,-0.0037527074069401874,0.00041487337253960226,4.086183267724914,0.025,0.0,-0.03,0.0,1.0,0.0,0.015
34,1.1333228684746022,42,0.0424158029901978,0.0,-0.019518878516383363,0.010481121483616636,0.004518878516383364,9.037757032766727,-0.002922089103218413,2.2388935602934705e-05,5.4226542196600365,0.025,0.0,-0.03,0.0,1.0,0.0,0.015
34,1.1333228684746022,43,0.04297143237984382,0.0,-0.02063429583202075,0.009365704167979248,0.005634295832020752,11.268591664041503,-0.0036932189234746143,0.0004392267836224414,6.761154998424902,0.025,0.0,-0.03,0.0,1.0,0.0,0.015
34,1.1333228684746022,44,0.04352438563835966,0.0,-0.02175101036244593,0.00824898963755407,0.006751010362445929,13.502020724891858,-0.0029534150025970866,9.842460030518365e-05,8.101212434935114,0.025,0.0,-0.03,0.0,1.0,0.0,0.015
34,1.1333228684746022,45,0.044075356589746664,0.0,-0.022868734481598985,0.007131265518401014,0.007868734481598985,15.737468963197971,-0.003604443391434254,0.0004507098072170895,9.442481377918782,0.025,0.0,-0.03,0.0,1.0,0.0,0.015
34,1.1333228684746022,46,0.04462499729626737,0.0,-0.023987087134290264,0.006012912865709735,0.008987087134290264,17.97417426858053,-0.0030115629744741895,0.00019716979317303267,10.784504561148317,0.025,0.0,-0.03,0.0,1.0,0.0,0.015
34,1.1333228684746022,47,0.04517188123369882,0.0,-0.02510630320279117,0.00489369679720883,0.01010630320279117,20.21260640558234,-0.003523706919176183,0.0003688896446275864,12.127563843349403,0.025,0.0,-0.03,0.0,1.0,0.0,0.015
34,1.1333228684746022,48,0.04483074184523857,0.0,-0.026304983691225404,0.003695016308774595,0.011304983691225404,22.609967382450808,-0.002958323402498323,0.0002710510606489716,13.565980429470484,0.025,0.0,-0.03,0.0,1.0,0.0,0.015
34,1.1333228684746022,49,0.044482377584784294,0.0,-0.027501612067508223,0.002498387932491776,0.012501612067508223,25.003224135016445,-0.0034993429174222388,2.62889525999508e-05,15.001934481009867,0.025,0.0,-0.03,0.0,1.0,0.0,0.015
34,1.1333228684746022,50,0.04412836136386127,0.0,-0.028696575442449503,0.0013034245575504963,0.013696575442449503,27.393150884899008,-0.0028134590756259178,1.2707803127582154e-05,16.435890530939403,0.025,0.0,-0.03,0.0,1.0,0.0,0.015
34,1.1333228684746022,51,0.043770257978096534,0.0,-0.02989034212409079,0.00010965787590920886,0.01489034212409079,29.780684248181583,-0.0034607658504822,0.0003353613852445115,17.868410548908948,0.025,0.0,-0.03,0.0,1.0,0.0,0.015
34,1.1333228684746022,52,0.043409651711394125,0.0,-0.03108334391854357,0.0010833439185435716,0.013916656081456428,27.833312162912854,0.002695669277189877,0.00027523530920526255,16.69998729774771,0.025,0.0,-0.03,0.0,1.0,0.0,0.015
34,1.1333228684746022,53,0.04304811355964481,0.0,-0.03227607779473045,0.0022760777947304495,0.01272392220526955,25.4478444105391,0.003381863136976826,0.0006442601890108248,15.26870664632346,0.025,0.0,-0.03,0.0,1.0,0.0,0.015
34,1.1333228684746022,54,0.042686796779414,0.0,-0.03346896236708846,0.003468962367088463,0.011531037632911537,23.062075265823072,0.0026084114586594565,0.0005903046818301402,13.837245159493843,0.025,0.0,-0.03,0.0,1.0,0.0,0.015
34,1.1333228684746022,55,0.042326411462070015,0.0,-0.03466237794148167,0.004662377941481673,0.010337622058518327,20.675244117036655,0.0032910895850741776,0.0009681870235400021,12.405146470221993,0.025,0.0,-0.03,0.0,1.0,0.0,0.015
34,1.1333228684746022,56,0.04196842322420205,0.0,-0.03585677726071956,0.0058567772607195645,0.009143222739280435,18.28644547856087,0.002484727333567396,0.0009220736262780139,10.971867287136522,0.025,0.0,-0.03,0.0,1.0,0.0,0.015
34,1.1333228684746022,57,0.041615952094815716,0.0,-0.037052980318853665,0.007052980318853666,0.007947019681146333,15.894039362292666,0.003172394849394039,0.0013020905118080784,9.536423617375599,0.025,0.0,-0.03,0.0,1.0,0.0,0.015
34,1.1333228684746022,58,0.04127255682294606,0.0,-0.03825180985141482,0.00825180985141482,0.00674819014858518,13.49638029717036,0.0024517651840839324,0.0012997287490448262,8.097828178302215,0.025,0.0,-0.03,0.0,1.0,0.0,0.015
34,1.1333228684746022,59,0.04094108684886861,0.0,-0.039453956879744984,0.009453956879744985,0.005546043120255015,11.09208624051003,0.0029967806728476987,0.0016336327758827568,6.6552517443060175,0.025,0.0,-0.03,0.0,1.0,0.0,0.015
34,1.1333228684746022,60,0.04062420388405374,0.0,-0.04065997306815409,0.01065997306815409,0.00434002693184591,8.68005386369182,0.0024451697695991683,0.0016880623429026166,5.208032318215092,0.025,0.0,-0.03,0.0,1.0,0.0,0.015
34,1.1333228684746022,61,0.04032456121501737,0.0,-0.04187033415656791,0.011870334156567908,0.0031296658434320918,6.259331686864184,0.002809935218382572,0.0019640502894189486,3.75559901211851,0.025,0.0,-0.03,0.0,1.0,0.0,0.015
34,1.1333228684746022,62,0.040044811629375066,0.0,-0.04308537662628885,0.01308537662628885,0.0019146233737111495,3.829246747422299,0.002467130440249198,0.0020734000235790575,2.2975480484533795,0.025,0.0,-0.03,0.0,1.0,0.0,0.015
34,1.1333228684746022,63,0.03978759357984298,0.0,-0.04430531658281019,0.014305316582810194,0.000694683417189805,1.3893668343796102,0.0026169278989512093,0.002318877430948082,0.833620100627766,0.025,0.0,-0.03,0.0,1.0,0.0,0.015
34,1.1333228684746022,64,0.038625311974774576,0.0,-0.04473996013022045,0.014739960130220449,0.00026003986977955057,0.5200797395591011,0.002325691509623223,0.0022963747334179925,0.3120478437354607,0.025,0.0,-0.03,0.0,1.0,0.0,0.015
35,1.1666558940179728,38,0.04015780841058862,0.0,-0.015188337138996522,0.014811662861003477,0.00018833713899652285,0.3766742779930457,-0.005028767780670212,0.001028160995715819,0.22600456679582742,0.025,0.0,-0.03,0.0,1.0,0.0,0.015
35,1.1666558940179728,39,0.04073127671006511,0.0,-0.01629471692284514,0.013705283077154858,0.001294716922845142,2.5894338456902837,-0.0016251727119246495,0.0007290204946651051,1.5536603074141702,0.025,0.0,-0.03,0.0,1.0,0.0,0.015
35,1.1666558940179728,40,0.04129951453471673,0.0,-0.01740376080468959,0.012596239195310409,0.0024037608046895906,4.807521609379181,-0.004818438641155456,0.0009495620972293581,2.8845129656275086,0.025,0.0,-0.03,0.0,1.0,0.0,0.015
35,1.1666558940179728,41,0.04186317280960232,0.0,-0.018515178104040228,0.011484821895959771,0.0035151781040402286,7.030356208080457,-0.001887344174501592,0.0005270633352549968,4.218213724848274,0.025,0.0,-0.03,0.0,1.0,0.0,0.015
35,1.1666558940179728,42,0.042422857730262324,0.0,-0.019628568141293514,0.010371431858706485,0.004628568141293515,9.257136282587028,-0.004438666638807541,0.0007963930715616821,5.554281769552217,0.025,0.0,-0.03,0.0,1.0,0.0,0.015
35,1.1666558940179728,43,0.04297924471249312,0.0,-0.020743646206683286,0.009256353793316713,0.005743646206683287,11.487292413366573,-0.0022956600287157656,0.00025837535057272843,6.892375448019943,0.025,0.0,-0.03,0.0,1.0,0.0,0.015
35,1.1666558940179728,44,0.043532963248190136,0.0,-0.02186002051538443,0.008139979484615568,0.006860020515384431,13.720041030768861,-0.003937711368302467,0.0005929587238962906,8.232024618461317,0.025,0.0,-0.03,0.0,1.0,0.0,0.015
35,1.1666558940179728,45,0.04408470188033918,0.0,-0.0229774038614659,0.0070225961385341,0.0079774038614659,15.954807722931799,-0.002796198833021036,4.802964014261975e-05,9.57288463375908,0.025,0.0,-0.03,0.0,1.0,0.0,0.015
35,1.1666558940179728,46,0.04463510886965316,0.0,-0.02409541885014376,0.0059045811498562376,0.009095418850143762,18.190837700287524,-0.003369907990964244,0.00037753083559426717,10.914502620172515,0.025,0.0,-0.03,0.0,1.0,0.0,0.015
35,1.1666558940179728,47,0.045182750078635064,0.0,-0.025214302492526024,0.0047856975074739745,0.010214302492526025,20.42860498505205,-0.0033880055509128808,0.0002393124454346598,12.25716299103123,0.025,0.0,-0.03,0.0,1.0,0.0,0.015
35,1.1666558940179728,48,0.04483698488160837,0.0,-0.02641168317854048,0.0035883168214595196,0.01141168317854048,22.82336635708096,-0.002627959055171386,0.00032872209196620493,13.694019814248575,0.025,0.0,-0.03,0.0,1.0,0.0,0.015
35,1.1666558940179728,49,0.04448393632523158,0.0,-0.02760696169726827,0.0023930383027317287,0.01260696169726827,25.213923394536543,-0.004007758208325898,0.00022091592214790637,15.128354036721925,0.025,0.0,-0.03,0.0,1.0,0.0,0.015
35,1.1666558940179728,50,0.044125161806053755,0.0,-0.02880053236407939,0.0011994676359206105,0.013800532364079389,27.60106472815878,-0.0019083100762812353,0.00023919881719875274,16.560638836895265,0.025,0.0,-0.03,0.0,1.0,0.0,0.015
35,1.1666558940179728,51,0.04376221374506298,0.0,-0.029992858386322964,7.141613677034975e-06,0.014992858386322964,29.98571677264593,-0.00448485174582787,0.000676860688792508,17.991430063587558,0.025,0.0,-0.03,0.0,1.0,0.0,0.015
35,1.1666558940179728,52,0.043396659936193065,0.0,-0.031184381695494055,0.0011843816954940564,0.013815618304505943,27.631236609011886,0.0013529375208743298,9.459952958760536e-05,16.57874196540713,0.025,0.0,-0.03,0.0,1.0,0.0,0.015
35,1.1666558940179728,53,0.043030059724221435,0.0,-0.032375592792608904,0.002375592792608905,0.012624407207391095,25.24881441478219,0.004755635762537491,0.0010876737592047064,15.149288648869312,0.025,0.0,-0.03,0.0,1.0,0.0,0.015
35,1.1666558940179728,54,0.04266350967905384,0.0,-0.033566917658394216,0.003566917658394217,0.011433082341605783,22.866164683211565,0.0010274178115849358,0.00014224293226974022,13.719698809926939,0.025,0.0,-0.03,0.0,1.0,0.0,0.015
35,1.1666558940179728,55,0.04229769450711806,0.0,-0.03475871950313805,0.004758719503138054,0.010241280496861946,20.48256099372389,0.004759855742314986,0.0014172722541202507,12.289536596234333,0.025,0.0,-0.03,0.0,1.0,0.0,0.015
35,1.1666558940179728,56,0.04193410225949145,0.0,-0.0359514647110608,0.005951464711060804,0.009048535288939195,18.09707057787839,0.000900697185101205,0.00047861501524110113,10.858242346727033,0.025,0.0,-0.03,0.0,1.0,0.0,0.015
35,1.1666558940179728,57,0.04157588597299838,0.0,-0.03714599385704181,0.007145993857041809,0.00785400614295819,15.70801228591638,0.004581654081806491,0.001700218921647381,9.424807371549829,0.025,0.0,-0.03,0.0,1.0,0.0,0.015
35,1.1666558940179728,58,0.041226650145126,0.0,-0.03834317528005531,0.008343175280055314,0.006656824719944686,13.313649439889371,0.001031009969671472,0.0009156100415073933,7.988189663933622,0.025,0.0,-0.03,0.0,1.0,0.0,0.015
35,1.1666558940179728,59,0.04088928557793228,0.0,-0.039543716898800776,0.009543716898800778,0.005456283101199222,10.912566202398445,0.0041607509583942845,0.0019332369436268488,6.547539721439066,0.025,0.0,-0.03,0.0,1.0,0.0,0.015
35,1.1666558940179728,60,0.04056648170166612,0.0,-0.040748200313727605,0.010748200313727606,0.004251799686272394,8.503599372544787,0.0013535669643900874,0.0014083213901235154,5.102159623526872,0.025,0.0,-0.03,0.0,1.0,0.0,0.015
35,1.1666558940179728,61,0.04026092413271588,0.0,-0.04195711627067166,0.011957116270671662,0.003042883729328337,6.085767458656674,0.0035713611754295536,0.0021268667540290187,3.6514604751940043,0.025,0.0,-0.03,0.0,1.0,0.0,0.015
35,1.1666558940179728,62,0.03997529651414862,0.0,-0.043170826031661676,0.013170826031661677,0.0018291739683383226,3.658347936676645,0.0018444288305919446,0.0019064778010549365,2.195008762005987,0.025,0.0,-0.03,0.0,1.0,0.0,0.015
35,1.1666558940179728,63,0.039712271427892555,0.0,-0.044389559971290266,0.014389559971290267,0.0006104400287097328,1.2208800574194656,0.0028398613943517027,0.0024534785724580938,0.7325280344516794,0.025,0.0,-0.03,0.0,1.0,0.0,0.015
35,1.1666558940179728,64,0.03854746184202509,0.0,-0.04481745431568236,0.014817454315682363,0.00018254568431763651,0.36509136863527303,0.0021710684393924677,0.002019803807198923,0.21905482118116382,0.025,0.0,-0.03,0.0,1.0,0.0,0.015
36,1.1999889195613433,38,0.04016134558459072,0.0,-0.01529705845023772,0.01470294154976228,0.0002970584502377197,0.5941169004754394,-0.004431488175070387,0.0007307732222628655,0.35647014028526364,0.025,0.0,-0.03,0.0,1.0,0.0,0.015
36,1.1999889195613433,39,0.04073544030834194,0.0,-0.016403121102531185,0.013596878897468814,0.0014031211025311852,2.8062422050623703,-0.001929370197889089,0.0005562441838103053,1.6837453230374222,0.025,0.0,-0.03,0.0,1.0,0.0,0.015
36,1.1999889195613433,40,0.041304353420485086,0.0,-0.01751188829334457,0.012488111706655428,0.002511888293344571,5.023776586689142,-0.004545300114828465,0.000822221032258601,3.0142659520134854,0.025,0.0,-0.03,0.0,1.0,0.0,0.015
36,1.1999889195613433,41,0.04186868095750117,0.0,-0.018622972999123532,0.011377027000876467,0.0036229729991235325,7.245945998247065,-0.001864367469707275,0.000528292601167596,4.347567598948239,0.025,0.0,-0.03,0.0,1.0,0.0,0.015
36,1.1999889195613433,42,0.04242907521921493,0.0,-0.019736074534889136,0.010263925465110863,0.004736074534889136,9.472149069778272,-0.00448957267010362,0.00083156596429493,5.683289441866963,0.025,0.0,-0.03,0.0,1.0,0.0,0.015
36,1.1999889195613433,43,0.04298615851498448,0.0,-0.0208508141253908,0.009149185874609198,0.005850814125390801,11.701628250781603,-0.001967430527475774,0.0004167134703333076,7.020976950468961,0.025,0.0,-0.03,0.0,1.0,0.0,0.015
36,1.1999889195613433,44,0.04354060195172436,0.0,-0.02196689309428387,0.008033106905716129,0.006966893094283871,13.93378618856774,-0.00427084826614885,0.000764740266413132,8.360271713140644,0.025,0.0,-0.03,0.0,1.0,0.0,0.015
36,1.1999889195613433,45,0.04409304707628026,0.0,-0.02308394139275811,0.006916058607241888,0.008083941392758111,16.167882785516223,-0.002220882262967058,0.00023188649002654237,9.700729671309734,0.025,0.0,-0.03,0.0,1.0,0.0,0.015
36,1.1999889195613433,46,0.04464417511891508,0.0,-0.024201659415207636,0.005798340584792363,0.009201659415207637,18.403318830415273,-0.003927248971977773,0.0006152485656573341,11.041991298249163,0.025,0.0,-0.03,0.0,1.0,0.0,0.015
36,1.1999889195613433,47,0.04519251624378723,0.0,-0.02532022173575467,0.0046797782642453295,0.01032022173575467,20.64044347150934,-0.0024965023575622357,0.00019652387162038057,12.384266082905603,0.025,0.0,-0.03,0.0,1.0,0.0,0.015
36,1.1999889195613433,48,0.04484225292691948,0.0,-0.026516333701402522,0.0034836662985974765,0.011516333701402523,23.032667402805046,-0.0037401743587294335,1.1249125647524974e-05,13.819600441683027,0.025,0.0,-0.03,0.0,1.0,0.0,0.015
36,1.1999889195613433,49,0.04448465455304073,0.0,-0.027710266790925465,0.002289733209074534,0.012710266790925465,25.42053358185093,-0.00241571712518847,0.00019892871344189022,15.252320149110556,0.025,0.0,-0.03,0.0,1.0,0.0,0.015
36,1.1999889195613433,50,0.044121249844778374,0.0,-0.028902479375109213,0.001097520624890786,0.013902479375109213,27.804958750218425,-0.0036941041439035437,0.000324884599808251,16.682975250131054,0.025,0.0,-0.03,0.0,1.0,0.0,0.015
36,1.1999889195613433,51,0.043753596798019136,0.0,-0.030093367975361187,9.33679753611881e-05,0.014906632024638811,29.813264049277624,0.002321824279851486,6.678201907586172e-05,17.887958429566574,0.025,0.0,-0.03,0.0,1.0,0.0,0.015
36,1.1999889195613433,52,0.04338322740827111,0.0,-0.031283449331851634,0.0012834493318516355,0.013716550668148364,27.43310133629673,0.003590984453016711,0.000605033369069136,16.45986080177804,0.025,0.0,-0.03,0.0,1.0,0.0,0.015
36,1.1999889195613433,53,0.043011709810243715,0.0,-0.03247314001869873,0.0024731400186987287,0.01252685998130127,25.053719962602543,0.002277109082930666,0.0003659785310446126,15.032231977561525,0.025,0.0,-0.03,0.0,1.0,0.0,0.015
36,1.1999889195613433,54,0.04264006357721675,0.0,-0.03366294062985758,0.0036629406298575792,0.01133705937014242,22.67411874028484,0.0034319250062789363,0.0008802018191232873,13.604471244170904,0.025,0.0,-0.03,0.0,1.0,0.0,0.015
36,1.1999889195613433,55,0.04226896892508641,0.0,-0.03485312967426541,0.004853129674265412,0.010146870325734587,20.293740651469175,0.0022223890575621577,0.0006889434182092181,12.176244390881505,0.025,0.0,-0.03,0.0,1.0,0.0,0.015
36,1.1999889195613433,56,0.04189991654403871,0.0,-0.03604425383272836,0.006044253832728358,0.008955746167271642,17.911492334543283,0.0033459363425545003,0.0011972296061284109,10.74689540072597,0.025,0.0,-0.03,0.0,1.0,0.0,0.015
36,1.1999889195613433,57,0.04153611185429927,0.0,-0.037237108985963205,0.007237108985963206,0.0077628910140367935,15.525782028073587,0.0021780627595437774,0.0010393546314271139,9.315469216844152,0.025,0.0,-0.03,0.0,1.0,0.0,0.015
36,1.1999889195613433,58,0.04118118615093174,0.0,-0.03843267033755499,0.008432670337554994,0.006567329662445005,13.134659324890011,0.00311609009239083,0.0014842409560052781,7.880795594934006,0.025,0.0,-0.03,0.0,1.0,0.0,0.015
36,1.1999889195613433,59,0.04083808536283962,0.0,-0.039631606243308345,0.009631606243308347,0.005368393756691653,10.736787513383305,0.002222062610228437,0.001424748853673395,6.442072508029983,0.025,0.0,-0.03,0.0,1.0,0.0,0.015
36,1.1999889195613433,60,0.040509512307593754,0.0,-0.04083457750411487,0.010834577504114873,0.004165422495885127,8.330844991770253,0.0028743218967316065,0.0017762968321764691,4.998506995062152,0.025,0.0,-0.03,0.0,1.0,0.0,0.015
36,1.1999889195613433,61,0.040198194972137585,0.0,-0.042042047460793264,0.012042047460793265,0.0029579525392067346,5.915905078413469,0.0022889011773886982,0.001814090576734787,3.5495430470480813,0.025,0.0,-0.03,0.0,1.0,0.0,0.015
36,1.1999889195613433,62,0.039906838339327434,0.0,-0.0432544360720114,0.013254436072011398,0.0017455639279886012,3.4911278559772025,0.002630552453523724,0.002072664665368829,2.0946767135863213,0.025,0.0,-0.03,0.0,1.0,0.0,0.015
36,1.1999889195613433,63,0.039638154848005605,0.0,-0.04447196266330778,0.014471962663307782,0.0005280373366922178,1.0560746733844355,0.0023806441398350068,0.002178541995473031,0.6336448040306613,0.025,0.0,-0.03,0.0,1.0,0.0,0.015
36,1.1999889195613433,64,0.038470895647450036,0.0,-0.044893206658986586,0.014893206658986587,0.00010679334101341281,0.21358668202682562,0.00225848064132296,0.0022985825708141485,0.12815200921609537,0.025,0.0,-0.03,0.0,1.0,0.0,0.015
37,1.233321945104714,38,0.040164277807409325,0.0,-0.015403547256007455,0.014596452743992544,0.00040354725600745545,0.8070945120149109,-0.00307560913783162,3.397408571231382e-05,0.48425670720894654,0.025,0.0,-0.03,0.0,1.0,0.0,0.015
37,1.233321945104714,39,0.04073897611745425,0.0,-0.016509342712560163,0.013490657287439835,0.001509342712560164,3.018685425120328,-0.003297363551045904,0.00017155258546385703,1.8112112550721966,0.025,0.0,-0.03,0.0,1.0,0.0,0.015
37,1.233321945104714,40,0.0413085078042486,0.0,-0.017617820613117858,0.012382179386882141,0.0026178206131178584,5.235641226235717,-0.002938691638462118,8.258607120383667e-06,3.14138473574143,0.025,0.0,-0.03,0.0,1.0,0.0,0.015
37,1.233321945104714,41,0.04187348007134124,0.0,-0.018728625085736285,0.011271374914263714,0.0037286250857362854,7.4572501714725705,-0.003415259707241642,0.00027557838774788904,4.474350102883542,0.025,0.0,-0.03,0.0,1.0,0.0,0.015
37,1.233321945104714,42,0.04243452492379219,0.0,-0.019841425806874015,0.010158574193125984,0.004841425806874015,9.682851613748031,-0.0027773936331366086,2.547301634581095e-05,5.809710968248819,0.025,0.0,-0.03,0.0,1.0,0.0,0.015
37,1.233321945104714,43,0.042992277189922476,0.0,-0.020955878874332735,0.009044121125667264,0.005955878874332736,11.911757748665472,-0.003547761679520521,0.0003872929930321267,7.1470546491992835,0.025,0.0,-0.03,0.0,1.0,0.0,0.015
37,1.233321945104714,44,0.043547386353082404,0.0,-0.022071653309499558,0.00792834669050044,0.007071653309499559,14.143306618999118,-0.0026113050045563865,5.890168671461071e-05,8.48598397139947,0.025,0.0,-0.03,0.0,1.0,0.0,0.015
37,1.233321945104714,45,0.044100506744539206,0.0,-0.0231884152824415,0.006811584717558498,0.008188415282441502,16.376830564883004,-0.0036734554170636266,0.0004918361202674138,9.826098338929802,0.025,0.0,-0.03,0.0,1.0,0.0,0.015
37,1.233321945104714,46,0.044652298251729027,0.0,-0.024305832759429307,0.005694167240570692,0.009305832759429308,18.611665518858615,-0.0024514012160369385,4.8419777294773934e-05,11.166999311315168,0.025,0.0,-0.03,0.0,1.0,0.0,0.015
37,1.233321945104714,47,0.045201299500354716,0.0,-0.02542411848575639,0.00457588151424361,0.01042411848575639,20.84823697151278,-0.003915199232420965,0.0002638354298415658,12.508942182907667,0.025,0.0,-0.03,0.0,1.0,0.0,0.015
37,1.233321945104714,48,0.04484665825288262,0.0,-0.026618953192970418,0.0033810468070295807,0.011618953192970419,23.23790638594084,-0.0018938647068841889,0.00043288036358307214,13.942743831564503,0.025,0.0,-0.03,0.0,1.0,0.0,0.015
37,1.233321945104714,49,0.04448462181555713,0.0,-0.02781158609900335,0.002188413900996649,0.01281158609900335,25.6231721980067,-0.004514652088234113,0.000456734361849907,15.373903318804018,0.025,0.0,-0.03,0.0,1.0,0.0,0.015
37,1.233321945104714,50,0.04411671786652714,0.0,-0.02900242549117626,0.0009975745088237377,0.014002425491176262,28.004850982352522,-0.0011517039591324868,0.00040367273047586317,16.802910589411514,0.025,0.0,-0.03,0.0,1.0,0.0,0.015
37,1.233321945104714,51,0.04374447254806718,0.0,-0.030191930211188312,0.00019193021118831324,0.014808069788811686,29.616139577623372,0.00500631423513812,0.0009144762186925405,17.76968374657402,0.025,0.0,-0.03,0.0,1.0,0.0,0.015
37,1.233321945104714,52,0.04336942469136513,0.0,-0.03138054903007734,0.0013805490300773382,0.013619450969922661,27.238901939845324,0.0006047413930029586,0.0002804783139333866,16.343341163907194,0.025,0.0,-0.03,0.0,1.0,0.0,0.015
37,1.233321945104714,53,0.04299310539026559,0.0,-0.03256877675015494,0.00256877675015494,0.01243122324984506,24.86244649969012,0.0052525838610216835,0.0013094210567731767,14.91746789981407,0.025,0.0,-0.03,0.0,1.0,0.0,0.015
37,1.233321945104714,54,0.04261650581149842,0.0,-0.03375702973404302,0.003757029734043023,0.011242970265956977,22.485940531913954,0.0003314541640797856,4.567758809502643e-05,13.491564319148372,0.025,0.0,-0.03,0.0,1.0,0.0,0.015
37,1.233321945104714,55,0.042240253409553924,0.0,-0.03494566174292166,0.004945661742921659,0.01005433825707834,20.10867651415668,0.0052144843468462975,0.0016055805266809774,12.065205908494008,0.025,0.0,-0.03,0.0,1.0,0.0,0.015
37,1.233321945104714,56,0.041865889292479336,0.0,-0.036135140567952646,0.0061351405679526475,0.008864859432047352,17.729718864094703,0.00022942148241883575,0.00028537547708194517,10.637831318456822,0.025,0.0,-0.03,0.0,1.0,0.0,0.015
37,1.233321945104714,57,0.04149662560433901,0.0,-0.03732637311659472,0.007326373116594724,0.007673626883405275,15.347253766810551,0.0049754343486498424,0.0018455095990645247,9.20835226008633,0.025,0.0,-0.03,0.0,1.0,0.0,0.015
37,1.233321945104714,58,0.04113616157542857,0.0,-0.03852029269671405,0.008520292696714053,0.006479707303285946,12.959414606571892,0.00047146088802225695,0.0007473197818122232,7.775648763943135,0.025,0.0,-0.03,0.0,1.0,0.0,0.015
37,1.233321945104714,59,0.04078745878742393,0.0,-0.039717664326652025,0.009717664326652026,0.005282335673347974,10.564671346695947,0.004434990101753037,0.0020168908675632135,6.338802808017568,0.025,0.0,-0.03,0.0,1.0,0.0,0.015
37,1.233321945104714,60,0.04045326538968869,0.0,-0.04091910620290742,0.010919106202907418,0.0040808937970925815,8.161787594185164,0.0009275565669298655,0.0012719020097367569,4.897072556511098,0.025,0.0,-0.03,0.0,1.0,0.0,0.015
37,1.233321945104714,61,0.04013632383121422,0.0,-0.04212515821710613,0.012125158217106129,0.0028748417828938708,5.749683565787741,0.0037032664726479123,0.002143153955149057,3.449810139472645,0.025,0.0,-0.03,0.0,1.0,0.0,0.015
37,1.233321945104714,62,0.039839380570513,0.0,-0.04333621445060902,0.013336214450609021,0.0016637855493909781,3.3275710987819562,0.0015726575224881479,0.0018008547144410935,1.9965426592691737,0.025,0.0,-0.03,0.0,1.0,0.0,0.015
37,1.233321945104714,63,0.03956517058150076,0.0,-0.04455254548983035,0.01455254548983035,0.0004474545101696495,0.894909020339299,0.0028045101467307192,0.0024318303770738806,0.5369454122035794,0.025,0.0,-0.03,0.0,1.0,0.0,0.015
37,1.233321945104714,64,0.03839554592732887,0.0,-0.044967234607951455,0.014967234607951456,3.276539204854351e-05,0.06553078409708701,0.002047522487147862,0.001892457962803322,0.03931847045825221,0.025,0.0,-0.03,0.0,1.0,0.0,0.015
38,1.2666549706480847,38,0.04016665730178069,0.0,-0.015507877551976138,0.01449212244802386,0.0005078775519761387,1.0157551039522774,-0.003385550159748005,0.00021519904213897285,0.6094530623713664,0.025,0.0,-0.03,0.0,1.0,0.0,0.015
38,1.2666549706480847,39,0.04074192886645858,0.0,-0.016613431795621088,0.013386568204378911,0.0016134317956210883,3.226863591242177,-0.002753880911576583,9.586264111135411e-05,1.936118154745306,0.025,0.0,-0.03,0.0,1.0,0.0,0.015
38,1.2666549706480847,40,0.04131203923701914,0.0,-0.01772163043387839,0.012278369566121609,0.0027216304338783907,5.4432608677567815,-0.0034540174657445104,0.00028874265195476354,3.265956520654069,0.025,0.0,-0.03,0.0,1.0,0.0,0.015
38,1.2666549706480847,41,0.0418776221846896,0.0,-0.018832178118334635,0.011167821881665364,0.003832178118334636,7.6643562366692715,-0.00268982396080046,8.270303264229303e-05,4.598613742001563,0.025,0.0,-0.03,0.0,1.0,0.0,0.015
38,1.2666549706480847,42,0.042439277748599624,0.0,-0.019944692216608093,0.010055307783391906,0.004944692216608093,9.889384433216186,-0.003448379616818412,0.00032632702631627285,5.933630659929712,0.025,0.0,-0.03,0.0,1.0,0.0,0.015
38,1.2666549706480847,43,0.042997661144205335,0.0,-0.02105887883786448,0.00894112116213552,0.006058878837864479,12.117757675728958,-0.002703074911291002,2.895516354932865e-05,7.270654605437374,0.025,0.0,-0.03,0.0,1.0,0.0,0.015
38,1.2666549706480847,44,0.04355339663548407,0.0,-0.02217436759027017,0.007825632409729829,0.0071743675902701705,14.348735180540341,-0.003364462806059356,0.0003266231205536007,8.609241108324204,0.025,0.0,-0.03,0.0,1.0,0.0,0.015
38,1.2666549706480847,45,0.044107150903753195,0.0,-0.02329085965069925,0.00670914034930075,0.008290859650699249,16.581719301398497,-0.0027902011802465815,6.124589994563947e-05,9.949031580839097,0.025,0.0,-0.03,0.0,1.0,0.0,0.015
38,1.2666549706480847,46,0.04465956698775035,0.0,-0.02440800014964288,0.005591999850357118,0.009408000149642881,18.81600029928576,-0.003215920705106988,0.00029316494635390453,11.289600179571456,0.025,0.0,-0.03,0.0,1.0,0.0,0.015
38,1.2666549706480847,47,0.04520918624867194,0.0,-0.025526021122827234,0.004473978877172765,0.010526021122827234,21.05204224565447,-0.0029225596884283962,0.000195808666971336,12.63122534739268,0.025,0.0,-0.03,0.0,1.0,0.0,0.015
38,1.2666549706480847,48,0.044850275026922355,0.0,-0.026719605061191056,0.0032803949388089428,0.011719605061191057,23.439210122382114,-0.003032123765977903,9.121052723187487e-05,14.063526073429268,0.025,0.0,-0.03,0.0,1.0,0.0,0.015
38,1.2666549706480847,49,0.0444839167017876,0.0,-0.027910937278884922,0.0020890627211150765,0.012910937278884923,25.821874557769846,-0.002963421534801142,3.502277070498789e-05,15.493124734661906,0.025,0.0,-0.03,0.0,1.0,0.0,0.015
38,1.2666549706480847,50,0.04411162060410468,0.0,-0.029100440703085234,0.0008995592969147648,0.014100440703085235,28.20088140617047,-0.0028474444265334385,0.00014098732223208238,16.920528843702282,0.025,0.0,-0.03,0.0,1.0,0.0,0.015
38,1.2666549706480847,51,0.043734905748227214,0.0,-0.030288553173520246,0.0002885531735202472,0.014711446826479752,29.422893652959505,0.002984952412621984,0.0003287334200727635,17.653736191775703,0.025,0.0,-0.03,0.0,1.0,0.0,0.015
38,1.2666549706480847,52,0.04335528809560189,0.0,-0.03147575434885044,0.0014757543488504443,0.013524245651149555,27.04849130229911,0.0026674227063181203,0.00037868881367512366,16.229094781379466,0.025,0.0,-0.03,0.0,1.0,0.0,0.015
38,1.2666549706480847,53,0.04297429594759412,0.0,-0.03266250501293507,0.002662505012935072,0.012337494987064927,24.674989974129854,0.002983464392821882,0.0006299486802572665,14.804993984477912,0.025,0.0,-0.03,0.0,1.0,0.0,0.015
38,1.2666549706480847,54,0.042592855387745196,0.0,-0.03384925813238869,0.0038492581323886915,0.011150741867611308,22.301483735222615,0.0025103160208025774,0.0006391149696663589,13.380890241133569,0.025,0.0,-0.03,0.0,1.0,0.0,0.015
38,1.2666549706480847,55,0.04221158017757475,0.0,-0.03503631590976983,0.0050363159097698285,0.009963684090230171,19.92736818046034,0.0029299724932931037,0.0009325632484844633,11.956420908276204,0.025,0.0,-0.03,0.0,1.0,0.0,0.015
38,1.2666549706480847,56,0.04183202318769071,0.0,-0.03622419515255405,0.0062241951525540545,0.008775804847445945,17.55160969489189,0.002403383026800121,0.0009410410980081015,10.530965816935135,0.025,0.0,-0.03,0.0,1.0,0.0,0.015
38,1.2666549706480847,57,0.041457440416623054,0.0,-0.03741378810904208,0.0074137881090420785,0.007586211890957921,15.172423781915843,0.002836079373067282,0.0012401518280888881,9.103454269149506,0.025,0.0,-0.03,0.0,1.0,0.0,0.015
38,1.2666549706480847,58,0.04109156320552636,0.0,-0.0386061059700799,0.008606105970079901,0.006393894029920098,12.787788059840196,0.0023151801018968655,0.0012655638542444201,7.672672835904117,0.025,0.0,-0.03,0.0,1.0,0.0,0.015
38,1.2666549706480847,59,0.04073739881914377,0.0,-0.039801898273617714,0.009801898273617715,0.005198101726382284,10.396203452764569,0.002714937964029015,0.0015521921796313074,6.237722071658741,0.025,0.0,-0.03,0.0,1.0,0.0,0.015
38,1.2666549706480847,60,0.040397712424483354,0.0,-0.041001841311858314,0.011001841311858315,0.003998158688141684,7.996317376283368,0.002267413892260611,0.0016073285550679806,4.797790425770021,0.025,0.0,-0.03,0.0,1.0,0.0,0.015
38,1.2666549706480847,61,0.040075283090701755,0.0,-0.04220646389339774,0.012206463893397738,0.002793536106602261,5.587072213204522,0.0025656664714042406,0.0018569435046232481,3.352243327922713,0.025,0.0,-0.03,0.0,1.0,0.0,0.015
38,1.2666549706480847,62,0.039772879885671936,0.0,-0.04341620565880774,0.013416205658807738,0.0015837943411922614,3.167588682384523,0.002262695277317866,0.0019526417382685786,1.9005532094307136,0.025,0.0,-0.03,0.0,1.0,0.0,0.015
38,1.2666549706480847,63,0.03949327382802638,0.0,-0.044631334945808544,0.014631334945808545,0.00036866505419145407,0.7373301083829081,0.002394927177997259,0.0021831226124017877,0.4423980650297449,0.025,0.0,-0.03,0.0,1.0,0.0,0.015
39,1.2999879961914553,38,0.04016852741075956,0.0,-0.015610125535726098,0.014389874464273901,0.0006101255357260985,1.2202510714521968,-0.004107933252171454,0.0006132945270494848,0.732150642871318,0.025,0.0,-0.03,0.0,1.0,0.0,0.015
39,1.2999879961914553,39,0.04074433096395157,0.0,-0.016715437826804264,0.013284562173195735,0.0017154378268042642,3.4308756536085285,-0.0019630820905382524,0.0004953432230651812,2.058525392165117,0.025,0.0,-0.03,0.0,1.0,0.0,0.015
39,1.2999879961914553,40,0.04131499434396146,0.0,-0.01782338842171985,0.01217661157828015,0.0028233884217198496,5.646776843439699,-0.004060812765170031,0.0006155188172595487,3.3880661060638197,0.025,0.0,-0.03,0.0,1.0,0.0,0.015
39,1.2999879961914553,41,0.041881146938314934,0.0,-0.018933682841417165,0.011066317158582833,0.003933682841417166,7.867365682834332,-0.0020523358680361163,0.00039885531529528564,4.7204194097005985,0.025,0.0,-0.03,0.0,1.0,0.0,0.015
39,1.2999879961914553,42,0.04244338343187891,0.0,-0.020045937701036704,0.009954062298963295,0.005045937701036705,10.09187540207341,-0.0038734237602079126,0.0005522175440043686,6.0551252412440455,0.025,0.0,-0.03,0.0,1.0,0.0,0.015
39,1.2999879961914553,43,0.04300235788954431,0.0,-0.021159866786584058,0.008840133213415941,0.006159866786584058,12.319733573168117,-0.0022740876795794614,0.00023825904285158016,7.39184014390087,0.025,0.0,-0.03,0.0,1.0,0.0,0.015
39,1.2999879961914553,44,0.043558685744515095,0.0,-0.02227509247702124,0.007724907522978761,0.007275092477021239,14.550184954042479,-0.0035649358053011088,0.0004339953765996317,8.730110972425488,0.025,0.0,-0.03,0.0,1.0,0.0,0.015
39,1.2999879961914553,45,0.04411303526507061,0.0,-0.023391329484658788,0.006608670515341211,0.008391329484658788,16.782658969317577,-0.002599811471429953,3.056940507244221e-05,10.069595381590545,0.025,0.0,-0.03,0.0,1.0,0.0,0.015
39,1.2999879961914553,46,0.044666038151782744,0.0,-0.02450821046694491,0.00549178953305509,0.00950821046694491,19.01642093388982,-0.0031717150684399766,0.0002840621084099374,11.40985256033389,0.025,0.0,-0.03,0.0,1.0,0.0,0.015
39,1.2999879961914553,47,0.04521623732829393,0.0,-0.0256259879898601,0.004374012010139899,0.0106259879898601,21.2519759797202,-0.003013231928302716,0.00014088504393733377,12.75118558783212,0.025,0.0,-0.03,0.0,1.0,0.0,0.015
39,1.2999879961914553,48,0.04485316250246293,0.0,-0.026818328059060502,0.003181671940939497,0.011818328059060502,23.636656118121007,-0.002653826664269505,0.00016540726593878587,14.181993670872604,0.025,0.0,-0.03,0.0,1.0,0.0,0.015
39,1.2999879961914553,49,0.04448258474768843,0.0,-0.028008387474945298,0.0019916125250547013,0.013008387474945298,26.016774949890596,-0.0034046089606190647,0.00020526508914614722,15.610064969934356,0.025,0.0,-0.03,0.0,1.0,0.0,0.015
39,1.2999879961914553,50,0.04410600948243228,0.0,-0.029196554046961424,0.000803445953038575,0.014196554046961424,28.393108093922848,-0.0021493942328397048,4.368428150514702e-05,17.035864856353708,0.025,0.0,-0.03,0.0,1.0,0.0,0.015
39,1.2999879961914553,51,0.043724928457040346,0.0,-0.0303833110561112,0.0003833110561111998,0.0146166889438888,29.2333778877776,0.003706308134065497,0.0005843200858758778,17.540026732666558,0.025,0.0,-0.03,0.0,1.0,0.0,0.015
39,1.2999879961914553,52,0.043340860086960566,0.0,-0.03156908727992863,0.0015690872799286326,0.013430912720071367,26.861825440142734,0.001741396606530163,0.00011131236183488694,16.11709526408564,0.025,0.0,-0.03,0.0,1.0,0.0,0.015
39,1.2999879961914553,53,0.04295530081119772,0.0,-0.03275440305462611,0.0027544030546261117,0.012245596945373888,24.491193890747777,0.003878140480271929,0.0009370410740144743,14.694716334448666,0.025,0.0,-0.03,0.0,1.0,0.0,0.015
39,1.2999879961914553,54,0.04256914466199505,0.0,-0.03393964398315548,0.00393964398315548,0.01106035601684452,22.12071203368904,0.0015310272058128593,0.0003474652593631088,13.272427220213423,0.025,0.0,-0.03,0.0,1.0,0.0,0.015
39,1.2999879961914553,55,0.042182957745788785,0.0,-0.035125170049556405,0.005125170049556406,0.009874829950443594,19.74965990088719,0.0038123309534942268,0.0012224723532098694,11.849795940532312,0.025,0.0,-0.03,0.0,1.0,0.0,0.015
39,1.2999879961914553,56,0.04179833924198953,0.0,-0.03631143558568902,0.006311435585689022,0.008688564414310977,17.377128828621956,0.0014084744629212437,0.0006450780394493126,10.426277297173174,0.025,0.0,-0.03,0.0,1.0,0.0,0.015
39,1.2999879961914553,57,0.041418555242058196,0.0,-0.037499429298559,0.007499429298558999,0.007500570701441001,15.001141402882002,0.003683472450008024,0.0014988358984239613,9.000684841729202,0.025,0.0,-0.03,0.0,1.0,0.0,0.015
39,1.2999879961914553,58,0.04104739988125584,0.0,-0.03869013223491786,0.00869013223491786,0.00630986776508214,12.61973553016428,0.001440586606216487,0.0010124344072933312,7.571841318098568,0.025,0.0,-0.03,0.0,1.0,0.0,0.015
39,1.2999879961914553,59,0.04068789578857073,0.0,-0.03988437864318321,0.009884378643183214,0.005115621356816785,10.23124271363357,0.0033967201188794464,0.0017402898049350456,6.138745628180142,0.025,0.0,-0.03,0.0,1.0,0.0,0.015
39,1.2999879961914553,60,0.04034284978965304,0.0,-0.04108281188510218,0.011082811885102184,0.0039171881148978155,7.834376229795631,0.001604330125365396,0.0014228219333440302,4.700625737877378,0.025,0.0,-0.03,0.0,1.0,0.0,0.015
39,1.2999879961914553,61,0.04001505557215035,0.0,-0.04228602820521992,0.012286028205219922,0.0027139717947800776,5.427943589560155,0.0029971464987597293,0.0019534814499014897,3.256766153736093,0.025,0.0,-0.03,0.0,1.0,0.0,0.015
39,1.2999879961914553,62,0.03970732067330841,0.0,-0.043494448243408146,0.013494448243408147,0.0015055517565918525,3.0111035131837047,0.0018856644014441021,0.001841243909429721,1.8066621079102227,0.025,0.0,-0.03,0.0,1.0,0.0,0.015
39,1.2999879961914553,63,0.039422438212095165,0.0,-0.04470838593876666,0.014708385938766659,0.0002916140612333404,0.5832281224666808,0.002502850848564381,0.002246982202798932,0.34993687348000846,0.025,0.0,-0.03,0.0,1.0,0.0,0.015
40,1.333321021734826,38,0.040169711706531275,0.0,-0.015711215374327035,0.014288784625672964,0.0007112153743270358,1.4224307486540715,-0.004076462348992593,0.0005792289342039667,0.8534584491924428,0.025,0.0,-0.03,0.0,1.0,0.0,0.015
40,1.333321021734826,39,0.04074598369603772,0.0,-0.016816309871001738,0.013183690128998261,0.001816309871001738,3.632619742003476,-0.001879183177235401,0.0005606665369206154,2.1795718452020854,0.025,0.0,-0.03,0.0,1.0,0.0,0.015
40,1.333321021734826,40,0.041317142764987436,0.0,-0.01792405246086253,0.012075947539137467,0.002924052460862532,5.8481049217250645,-0.004202907961282134,0.0006647494077407845,3.5088629530350386,0.025,0.0,-0.03,0.0,1.0,0.0,0.015
40,1.333321021734826,41,0.0418837958036028,0.0,-0.019034114779157025,0.010965885220842974,0.0040341147791570255,8.068229558314052,-0.0018004947653539312,0.00055657118585573,4.84093773498843,0.025,0.0,-0.03,0.0,1.0,0.0,0.015
40,1.333321021734826,42,0.0424465539755396,0.0,-0.02014615528464001,0.00985384471535999,0.005146155284640009,10.292310569280017,-0.004183370666327088,0.0006783556599815864,6.17538634156801,0.025,0.0,-0.03,0.0,1.0,0.0,0.015
40,1.333321021734826,43,0.043006045088487946,0.0,-0.021259846406306425,0.008740153593693574,0.0062598464063064255,12.51969281261285,-0.0018715067281771128,0.00047767424638457836,7.51181568756771,0.025,0.0,-0.03,0.0,1.0,0.0,0.015
40,1.333321021734826,44,0.043562903217874274,0.0,-0.02237485765309296,0.007625142346907039,0.00737485765309296,14.749715306185921,-0.004014752476515319,0.0006207416375519788,8.849829183711552,0.025,0.0,-0.03,0.0,1.0,0.0,0.015
40,1.333321021734826,45,0.04411776899237166,0.0,-0.02349085935198456,0.00650914064801544,0.00849085935198456,16.98171870396912,-0.002084081446739211,0.00032933583556885227,10.189031222381471,0.025,0.0,-0.03,0.0,1.0,0.0,0.015
40,1.333321021734826,46,0.044671292383800625,0.0,-0.024607531992606953,0.0053924680073930455,0.009607531992606954,19.21506398521391,-0.0037270684770126547,0.0004797917236985607,11.529038391128346,0.025,0.0,-0.03,0.0,1.0,0.0,0.015
40,1.333321021734826,47,0.04522199267382142,0.0,-0.02572508586580022,0.0042749141341997775,0.010725085865800222,21.450171731600445,-0.002310598166243109,7.588706212588788e-05,12.870103038960266,0.025,0.0,-0.03,0.0,1.0,0.0,0.015
40,1.333321021734826,48,0.044854873220242696,0.0,-0.026916224310562065,0.0030837756894379342,0.011916224310562065,23.83244862112413,-0.0036132571358781433,0.00015313957653907784,14.299469172674478,0.025,0.0,-0.03,0.0,1.0,0.0,0.015
40,1.333321021734826,49,0.04448020770500039,0.0,-0.028105007759608308,0.0018949922403916908,0.013105007759608309,26.21001551921662,-0.0021600468722211144,0.00013157107329065255,15.726009311529971,0.025,0.0,-0.03,0.0,1.0,0.0,0.015
40,1.333321021734826,50,0.044099470153750056,0.0,-0.02929189289643278,0.0007081071035672203,0.01429189289643278,28.58378579286556,-0.003643047400396305,0.00046212991958070865,17.150271475719336,0.025,0.0,-0.03,0.0,1.0,0.0,0.015
40,1.333321021734826,51,0.04371416383145901,0.0,-0.030477282631718738,0.00047728263171873883,0.01452271736828126,29.04543473656252,0.0020080384067091084,8.348872172235206e-05,17.42726084193751,0.025,0.0,-0.03,0.0,1.0,0.0,0.015
40,1.333321021734826,52,0.043325764800581014,0.0,-0.031661699154687556,0.001661699154687557,0.013338300845312442,26.676601690624885,0.0035979711274888807,0.0007303220080187146,16.00596101437493,0.025,0.0,-0.03,0.0,1.0,0.0,0.015
40,1.333321021734826,53,0.042935788209153926,0.0,-0.0328455630107444,0.0028455630107444008,0.012154436989255599,24.308873978511198,0.0019269242963398253,0.00033781950923178993,14.585324387106718,0.025,0.0,-0.03,0.0,1.0,0.0,0.015
40,1.333321021734826,54,0.04254504329055638,0.0,-0.03402935476638356,0.00402935476638356,0.01097064523361644,21.94129046723288,0.003488223036376459,0.0009873290410440279,13.164774280339726,0.025,0.0,-0.03,0.0,1.0,0.0,0.015
40,1.333321021734826,55,0.04215410487401572,0.0,-0.035213319114616067,0.005213319114616068,0.009786680885383932,19.573361770767864,0.0018537559583994066,0.0006238941170804801,11.744017062460719,0.025,0.0,-0.03,0.0,1.0,0.0,0.015
40,1.333321021734826,56,0.041764563050629505,0.0,-0.036398035680056444,0.006398035680056445,0.008601964319943554,17.20392863988711,0.003399666315421424,0.00126839499414119,10.322357183932265,0.025,0.0,-0.03,0.0,1.0,0.0,0.015
40,1.333321021734826,57,0.04137975218070777,0.0,-0.03758441073899687,0.00758441073899687,0.007415589261003129,14.831178522006258,0.0018250325651196161,0.0009475229855372533,8.898707113203754,0.025,0.0,-0.03,0.0,1.0,0.0,0.015
40,1.333321021734826,58,0.04100347652538153,0.0,-0.038773561856960556,0.008773561856960557,0.006226438143039442,12.452876286078885,0.0031513384554201257,0.0015079234868564887,7.47172577164733,0.025,0.0,-0.03,0.0,1.0,0.0,0.015
40,1.333321021734826,59,0.040638815062244545,0.0,-0.0399662490944059,0.009966249094405903,0.005033750905594096,10.067501811188192,0.0019067093255190225,0.0013127520076543216,6.040501086712915,0.025,0.0,-0.03,0.0,1.0,0.0,0.015
40,1.333321021734826,60,0.04028857428208398,0.0,-0.04116322345543499,0.011163223455434988,0.003836776544565011,7.6735530891300225,0.002869056707932946,0.0017447895628118033,4.604131853478013,0.025,0.0,-0.03,0.0,1.0,0.0,0.015
40,1.333321021734826,61,0.03995559403025999,0.0,-0.042365026446477175,0.012365026446477176,0.0026349735535228236,5.269947107045647,0.002030231103975939,0.0016875981152853687,3.1619682642273883,0.025,0.0,-0.03,0.0,1.0,0.0,0.015
40,1.333321021734826,62,0.03964269244098439,0.0,-0.043572157892846027,0.013572157892846028,0.0014278421071539718,2.8556842143079435,0.002565689924166563,0.0019853855476139317,1.713410528584766,0.025,0.0,-0.03,0.0,1.0,0.0,0.015
40,1.333321021734826,63,0.03935270294953419,0.0,-0.044784903918997004,0.014784903918997006,0.00021509608100299393,0.43019216200598787,0.0021966273943481106,0.0020201122293161257,0.2581152972035927,0.025,0.0,-0.03,0.0,1.0,0.0,0.015
41,1.3666540472781967,38,0.040170056018996196,0.0,-0.01581171816912031,0.014188281830879688,0.000811718169120311,1.623436338240622,-0.003277119214947301,0.00014223018588250188,0.9740618029443732,0.025,0.0,-0.03,0.0,1.0,0.0,0.015
41,1.3666540472781967,39,0.04074671261822019,0.0,-0.016916641000803836,0.013083358999196163,0.0019166410008038363,3.8332820016076727,-0.002764616807756088,0.00011503452980071562,2.2999692009646036,0.025,0.0,-0.03,0.0,1.0,0.0,0.015
41,1.3666540472781967,40,0.0413182779402282,0.0,-0.018024215975833487,0.011975784024166512,0.003024215975833487,6.0484319516669744,-0.003196678549837838,0.00012369764351965567,3.6290591710001845,0.025,0.0,-0.03,0.0,1.0,0.0,0.015
41,1.3666540472781967,41,0.04188534480820756,0.0,-0.019134097424137513,0.010865902575862486,0.004134097424137513,8.268194848275026,-0.0028408916494100504,4.6305019865513665e-05,4.960916908965015,0.025,0.0,-0.03,0.0,1.0,0.0,0.015
41,1.3666540472781967,42,0.0424485287283775,0.0,-0.020245962202749816,0.009754037797250183,0.005245962202749817,10.491924405499633,-0.0030882980439888943,9.451975733608967e-05,6.29515464329978,0.025,0.0,-0.03,0.0,1.0,0.0,0.015
41,1.3666540472781967,43,0.04300844636930991,0.0,-0.02135947127255012,0.00864052872744988,0.00635947127255012,12.718942545100239,-0.0029415947962980094,3.384610326712191e-05,7.631365527060143,0.025,0.0,-0.03,0.0,1.0,0.0,0.015
41,1.3666540472781967,44,0.0435657326014727,0.0,-0.022474306205119976,0.007525693794880023,0.0074743062051199766,14.948612410239953,-0.0029596522903182054,5.731595520653057e-05,8.969167446143972,0.025,0.0,-0.03,0.0,1.0,0.0,0.015
41,1.3666540472781967,45,0.04412102018069777,0.0,-0.02359013244876184,0.006409867551238159,0.00859013244876184,17.18026489752368,-0.0030572014380577345,0.00011832967321108261,10.30815893851421,0.025,0.0,-0.03,0.0,1.0,0.0,0.015
41,1.3666540472781967,46,0.044674956388093046,0.0,-0.024706635781435338,0.005293364218564661,0.009706635781435338,19.413271562870676,-0.002819109840226648,2.877739480748712e-05,11.647962937722406,0.025,0.0,-0.03,0.0,1.0,0.0,0.015
41,1.3666540472781967,47,0.04522605606036268,0.0,-0.02582402975521946,0.004175970244780537,0.010824029755219462,21.648059510438923,-0.003226019300247343,8.84421600450644e-05,12.988835706263353,0.025,0.0,-0.03,0.0,1.0,0.0,0.015
41,1.3666540472781967,48,0.044855030709284906,0.0,-0.02701397820752091,0.0029860217924790877,0.012013978207520912,24.027956415041825,-0.002513533182091685,0.00010612705762794343,14.416773849025095,0.025,0.0,-0.03,0.0,1.0,0.0,0.015
41,1.3666540472781967,49,0.044476410139083544,0.0,-0.02820153515951277,0.001798464840487228,0.013201535159512771,26.40307031902554,-0.003469924169790701,0.0003122218493037393,15.841842191415324,0.025,0.0,-0.03,0.0,1.0,0.0,0.015
41,1.3666540472781967,50,0.04409165915827243,0.0,-0.029387143401813337,0.0006128565981866618,0.014387143401813338,28.774286803626676,-0.002136354178091577,2.2488383477430876e-05,17.264572082176006,0.025,0.0,-0.03,0.0,1.0,0.0,0.015
41,1.3666540472781967,51,0.04370226178720648,0.0,-0.03057122556867141,0.0005712255686714102,0.01442877443132859,28.85754886265718,0.0036582139647870077,0.0006422634983922829,17.314529317594307,0.025,0.0,-0.03,0.0,1.0,0.0,0.015
41,1.3666540472781967,52,0.04330968799620263,0.0,-0.03175428105808419,0.0017542810580841936,0.013245718941915806,26.491437883831612,0.0018394303508979454,0.000192302338352613,15.894862730298966,0.025,0.0,-0.03,0.0,1.0,0.0,0.015
41,1.3666540472781967,53,0.04291543109323789,0.0,-0.03293675845694588,0.0029367584569458816,0.012063241543054118,24.126483086108237,0.0037383830915181755,0.000950709481648292,14.475889851664942,0.025,0.0,-0.03,0.0,1.0,0.0,0.015
41,1.3666540472781967,54,0.04252025777944472,0.0,-0.034119095619204426,0.004119095619204427,0.010880904380795572,21.761808761591144,0.0016799978715283622,0.0004254910644615402,13.057085256954686,0.025,0.0,-0.03,0.0,1.0,0.0,0.015
41,1.3666540472781967,55,0.04212470740373056,0.0,-0.035301562159014754,0.0053015621590147555,0.009698437840985244,19.39687568197049,0.003660471245374073,0.0012134928124695643,11.638125409182292,0.025,0.0,-0.03,0.0,1.0,0.0,0.015
41,1.3666540472781967,56,0.04173040803759714,0.0,-0.03648472261470605,0.006484722614706048,0.008515277385293951,17.0305547705879,0.0015937178534639646,0.0007142763073046533,10.21833286235274,0.025,0.0,-0.03,0.0,1.0,0.0,0.015
41,1.3666540472781967,57,0.04134072267835151,0.0,-0.037669540467894315,0.007669540467894316,0.007330459532105683,14.660919064211367,0.0035075795296721176,0.0014640191856783813,8.79655143852682,0.025,0.0,-0.03,0.0,1.0,0.0,0.015
41,1.3666540472781967,58,0.04095950423952283,0.0,-0.03885713597932505,0.008857135979325054,0.006142864020674946,12.285728041349891,0.0016308534849172188,0.0010596648887376597,7.371436824809934,0.025,0.0,-0.03,0.0,1.0,0.0,0.015
41,1.3666540472781967,59,0.040589846743600305,0.0,-0.040048317466999286,0.010048317466999288,0.004951682533000712,9.903365066001424,0.003241296673595013,0.0016929014720195475,5.942019039600854,0.025,0.0,-0.03,0.0,1.0,0.0,0.015
41,1.3666540472781967,60,0.04023458645283893,0.0,-0.041243832106439504,0.011243832106439505,0.003756167893560494,7.512335787120988,0.0017623776453518252,0.0014376086376348498,4.507401472272592,0.025,0.0,-0.03,0.0,1.0,0.0,0.015
41,1.3666540472781967,61,0.039896581477948646,0.0,-0.04244426156106596,0.012444261561065963,0.002555738438934037,5.111476877868074,0.002895177643905703,0.0019011337675335796,3.0668861267208443,0.025,0.0,-0.03,0.0,1.0,0.0,0.015
41,1.3666540472781967,62,0.03957867941778618,0.0,-0.043650106734640974,0.013650106734640975,0.0013498932653590243,2.6997865307180486,0.0019813934480192143,0.0018202524869309134,1.6198719184308292,0.025,0.0,-0.03,0.0,1.0,0.0,0.015
41,1.3666540472781967,63,0.03928373633974156,0.0,-0.044861683012991774,0.014861683012991775,0.0001383169870082246,0.2766339740164492,0.0024798093414400793,0.0021785074689963683,0.1659803844098695,0.025,0.0,-0.03,0.0,1.0,0.0,0.015
42,1.3999870728215673,38,0.040169693427678926,0.0,-0.015911723324379564,0.014088276675620435,0.0009117233243795646,1.8234466487591292,-0.0023650879151822265,0.00035378820660975747,1.0940679892554774,0.025,0.0,-0.03,0.0,1.0,0.0,0.015
42,1.3999870728215673,39,0.04074667359908675,0.0,-0.01701651559112798,0.01298348440887202,0.00201651559112798,4.03303118225596,-0.0035667732430024195,0.0002907630482466471,2.4198187093535757,0.025,0.0,-0.03,0.0,1.0,0.0,0.015
42,1.3999870728215673,40,0.041318575032197866,0.0,-0.01812395028968279,0.011876049710317207,0.003123950289682792,6.247900579365584,-0.0024761234790444497,0.00026701724592315167,3.7487403476193504,0.025,0.0,-0.03,0.0,1.0,0.0,0.015
42,1.3999870728215673,41,0.041885990491356655,0.0,-0.01923369142699437,0.010766308573005628,0.004233691426994372,8.467382853988743,-0.0034160549779862995,0.00023024958759471778,5.080429712393246,0.025,0.0,-0.03,0.0,1.0,0.0,0.015
42,1.3999870728215673,42,0.04244952756288752,0.0,-0.020345410661925738,0.009654589338074261,0.005345410661925738,10.690821323851477,-0.0026309563929424245,0.00016031907211194418,6.414492794310886,0.025,0.0,-0.03,0.0,1.0,0.0,0.015
42,1.3999870728215673,43,0.0430098019629965,0.0,-0.021458777480259338,0.008541222519740661,0.006458777480259338,12.917554960518677,-0.003231963571099625,0.0001572994465719762,7.750532976311206,0.025,0.0,-0.03,0.0,1.0,0.0,0.015
42,1.3999870728215673,44,0.043567441250239855,0.0,-0.022573469694067073,0.0074265303059329255,0.007573469694067074,15.146939388134149,-0.0028078234860228046,4.579784659230366e-05,9.08816363288049,0.025,0.0,-0.03,0.0,1.0,0.0,0.015
42,1.3999870728215673,45,0.044123076155822435,0.0,-0.023689159507226158,0.006310840492773841,0.008689159507226159,17.378319014452316,-0.0030368560794774278,8.191669142896072e-05,10.42699140867139,0.025,0.0,-0.03,0.0,1.0,0.0,0.015
42,1.3999870728215673,46,0.044677347593175515,0.0,-0.024805530927432123,0.0051944690725678755,0.009805530927432124,19.611061854864246,-0.002989516556529723,5.874206290436415e-05,11.766637112918547,0.025,0.0,-0.03,0.0,1.0,0.0,0.015
42,1.3999870728215673,47,0.04522876828582886,0.0,-0.025922802906026467,0.0040771970939735315,0.010922802906026468,21.845605812052934,-0.0028142714666741907,8.595799243054672e-05,13.10736348723176,0.025,0.0,-0.03,0.0,1.0,0.0,0.015
42,1.3999870728215673,48,0.044853936401952434,0.0,-0.027111581009100237,0.002888418990899762,0.012111581009100238,24.223162018200476,-0.00321828443245649,0.0001379720487377196,14.533897210920285,0.025,0.0,-0.03,0.0,1.0,0.0,0.015
42,1.3999870728215673,49,0.04447146351811232,0.0,-0.028297925968884627,0.001702074031115372,0.013297925968884627,26.595851937769254,-0.0024586112281300134,2.688776686996873e-05,15.957511162661552,0.025,0.0,-0.03,0.0,1.0,0.0,0.015
42,1.3999870728215673,50,0.044082800623075895,0.0,-0.02948228136721274,0.0005177186327872604,0.014482281367212739,28.964562734425478,-0.0034061794193131567,0.00045772282714468036,17.378737640655284,0.025,0.0,-0.03,0.0,1.0,0.0,0.015
42,1.3999870728215673,51,0.043689418833763774,0.0,-0.030665068615477943,0.0006650686154779442,0.014334931384522055,28.669862769044112,0.002157073777501536,0.00018426167099830663,17.201917661426467,0.025,0.0,-0.03,0.0,1.0,0.0,0.015
42,1.3999870728215673,52,0.04329277379140354,0.0,-0.03184678980157013,0.0018467898015701312,0.013153210198429868,26.306420396859735,0.003510294636770973,0.0007600156417486947,15.783852238115841,0.025,0.0,-0.03,0.0,1.0,0.0,0.015
42,1.3999870728215673,53,0.04289434641568915,0.0,-0.03302789134742685,0.003027891347426849,0.01197210865257315,23.9442173051463,0.0019417182815130373,0.0003812925068311628,14.36653038308778,0.025,0.0,-0.03,0.0,1.0,0.0,0.015
42,1.3999870728215673,54,0.042494849263461296,0.0,-0.034208800497251446,0.004208800497251447,0.010791199502748552,21.582399005497106,0.003475790397456536,0.0010286585081961974,12.949439403298262,0.025,0.0,-0.03,0.0,1.0,0.0,0.015
42,1.3999870728215673,55,0.042094797535237746,0.0,-0.03538977642526676,0.005389776425266758,0.009610223574733241,19.220447149466484,0.0018592357314612578,0.0006501584438301546,11.53226828967989,0.025,0.0,-0.03,0.0,1.0,0.0,0.015
42,1.3999870728215673,56,0.04169584773980846,0.0,-0.036571404630198485,0.006571404630198487,0.008428595369801513,16.857190739603027,0.003391562050173794,0.0012961042947253535,10.114314443761815,0.025,0.0,-0.03,0.0,1.0,0.0,0.015
42,1.3999870728215673,57,0.04130140470566603,0.0,-0.037754671829820306,0.007754671829820307,0.007245328170179692,14.490656340359385,0.0018045435061677846,0.0009525285779404327,8.69439380421563,0.025,0.0,-0.03,0.0,1.0,0.0,0.015
42,1.3999870728215673,58,0.040915359011684416,0.0,-0.038940733479844156,0.008940733479844157,0.006059266520155843,12.118533040311686,0.0031939162617753173,0.0015359024415322606,7.271119824187011,0.025,0.0,-0.03,0.0,1.0,0.0,0.015
42,1.3999870728215673,59,0.04054082539746896,0.0,-0.04013041486595634,0.010130414865956339,0.004869585134043661,9.739170268087321,0.0018565044491699035,0.0012957515394520663,5.843502160852393,0.025,0.0,-0.03,0.0,1.0,0.0,0.015
42,1.3999870728215673,60,0.04018066089490174,0.0,-0.04132448670196346,0.011324486701963461,0.003675513298036538,7.351026596073076,0.0029273576577676097,0.001759924408033734,4.410615957643846,0.025,0.0,-0.03,0.0,1.0,0.0,0.015
42,1.3999870728215673,61,0.03983774756748764,0.0,-0.0425235463052397,0.012523546305239698,0.0024764536947603014,4.952907389520603,0.001982630834009565,0.0016599781778046296,2.9717444337123617,0.025,0.0,-0.03,0.0,1.0,0.0,0.015
42,1.3999870728215673,62,0.039514956025099066,0.0,-0.04372811539979179,0.013728115399791789,0.0012718846002082104,2.543769200416421,0.0026098179280653845,0.0019807734831068517,1.5262615202498526,0.025,0.0,-0.03,0.0,1.0,0.0,0.015
42,1.3999870728215673,63,0.03921516824837299,0.0,-0.04493852337188604,0.014938523371886038,6.147662811396143e-05,0.12295325622792286,0.0021783822929686007,0.001975370026506036,0.07377195373675371,0.025,0.0,-0.03,0.0,1.0,0.0,0.015
43,1.433320098364938,38,0.04016872610946367,0.0,-0.0160113322427724,0.0139886677572276,0.0010113322427723996,2.0226644855447993,-0.00199361135389703,0.0005619482536017765,1.2135986913268795,0.025,0.0,-0.03,0.0,1.0,0.0,0.015
43,1.433320098364938,39,0.04074598177284824,0.0,-0.017116021055074742,0.012883978944925257,0.0021160210550747426,4.232042110149485,-0.004006423919309689,0.0005080789687154318,2.539225266089691,0.025,0.0,-0.03,0.0,1.0,0.0,0.015
43,1.433320098364938,40,0.041318168348202615,0.0,-0.018223339663771623,0.011776660336228376,0.003223339663771623,6.446679327543246,-0.0019411136756817891,0.0005592789196115521,3.8680075965259477,0.025,0.0,-0.03,0.0,1.0,0.0,0.015
43,1.433320098364938,41,0.041885881739575824,0.0,-0.019332967969494533,0.010667032030505466,0.004332967969494533,8.665935938989067,-0.0039936329952861595,0.0005106469377266153,5.1995615633934404,0.025,0.0,-0.03,0.0,1.0,0.0,0.015
43,1.433320098364938,42,0.042449718679644866,0.0,-0.020444566836782238,0.00955543316321776,0.005444566836782239,10.889133673564476,-0.001993937328340719,0.0005035421755389786,6.5334802041386855,0.025,0.0,-0.03,0.0,1.0,0.0,0.015
43,1.433320098364938,43,0.04301029659905265,0.0,-0.021557819551104467,0.008442180448895532,0.006557819551104467,13.115639102208934,-0.003877474243044894,0.0004643574443654696,7.86938346132536,0.025,0.0,-0.03,0.0,1.0,0.0,0.015
43,1.433320098364938,44,0.04356823320624062,0.0,-0.022672395242145444,0.007327604757854555,0.007672395242145445,15.34479048429089,-0.0021448652924790494,0.00040170275220011126,9.206874290574534,0.025,0.0,-0.03,0.0,1.0,0.0,0.015
43,1.433320098364938,45,0.04412415961956075,0.0,-0.02378797770301745,0.006212022296982547,0.008787977703017452,17.575955406034904,-0.003671999473257887,0.0003741288316526964,10.545573243620941,0.025,0.0,-0.03,0.0,1.0,0.0,0.015
43,1.433320098364938,46,0.044678708065685156,0.0,-0.0249042444965821,0.005095755503417898,0.009904244496582101,19.808488993164204,-0.0023681616691641097,0.00024593821495675624,11.885093395898522,0.025,0.0,-0.03,0.0,1.0,0.0,0.015
43,1.433320098364938,47,0.045230391418169126,0.0,-0.026021424584412742,0.003978575415587257,0.011021424584412742,22.042849168825484,-0.0034788415832952254,8.519200378358956e-05,13.22570950129529,0.025,0.0,-0.03,0.0,1.0,0.0,0.015
43,1.433320098364938,48,0.04485182457396843,0.0,-0.027209040033430085,0.0027909599665699135,0.012209040033430086,24.41808006686017,-0.0023771573319959966,7.343299476851456e-05,14.650848040116102,0.025,0.0,-0.03,0.0,1.0,0.0,0.015
43,1.433320098364938,49,0.044465571269309265,0.0,-0.02839418493809086,0.0016058150619091376,0.013394184938090862,26.788369876181722,-0.0034895399907502013,0.0003807289020455941,16.073021925709032,0.025,0.0,-0.03,0.0,1.0,0.0,0.015
43,1.433320098364938,50,0.04407307095953551,0.0,-0.029577294982872385,0.0004227050171276142,0.014577294982872385,29.15458996574477,-0.0021946878477244022,9.135545000775644e-05,17.49275397944686,0.025,0.0,-0.03,0.0,1.0,0.0,0.015
43,1.433320098364938,51,0.04367577845171842,0.0,-0.03075880056205304,0.00075880056205304,0.01424119943794696,28.482398875893917,0.003500078424952498,0.000646845775061708,17.08943932553635,0.025,0.0,-0.03,0.0,1.0,0.0,0.015
43,1.433320098364938,52,0.0432751389088164,0.0,-0.03193919406596858,0.001939194065968583,0.013060805934031416,26.121611868062832,0.002060204552537345,0.0003036752272892841,15.672967120837699,0.025,0.0,-0.03,0.0,1.0,0.0,0.015
43,1.433320098364938,53,0.04287261629316861,0.0,-0.03311893310621892,0.00311893310621892,0.01188106689378108,23.76213378756216,0.0034437243103914842,0.0009009118106030094,14.257280272537296,0.025,0.0,-0.03,0.0,1.0,0.0,0.015
43,1.433320098364938,54,0.04246887334335689,0.0,-0.03429841877077,0.004298418770770002,0.010701581229229998,21.403162458459995,0.0019657655872854177,0.0005483766674652058,12.841897475075998,0.025,0.0,-0.03,0.0,1.0,0.0,0.015
43,1.433320098364938,55,0.04206439571194636,0.0,-0.03547791513914694,0.005477915139146944,0.009522084860853056,19.044169721706112,0.0033648303299086526,0.001155840708101851,11.426501833023666,0.025,0.0,-0.03,0.0,1.0,0.0,0.015
43,1.433320098364938,56,0.041660874758140384,0.0,-0.036658013086974674,0.006658013086974675,0.008341986913025325,16.68397382605065,0.0018797326521824147,0.0008237740983355606,10.01038429563039,0.025,0.0,-0.03,0.0,1.0,0.0,0.015
43,1.433320098364938,57,0.04126175414651161,0.0,-0.03783973856229397,0.007839738562293974,0.007160261437706025,14.32052287541205,0.003210383776027498,0.0014002169973820102,8.59231372524723,0.025,0.0,-0.03,0.0,1.0,0.0,0.015
43,1.433320098364938,58,0.04087096566106939,0.0,-0.03902426778480851,0.009024267784808512,0.005975732215191487,11.951464430382973,0.0019113043323533984,0.001154114439866019,7.170878658229784,0.025,0.0,-0.03,0.0,1.0,0.0,0.015
43,1.433320098364938,59,0.04049163844436396,0.0,-0.04021245568174026,0.010212455681740264,0.004787544318259736,9.575088636519471,0.0029761028744655724,0.001631785672908491,5.745053181911683,0.025,0.0,-0.03,0.0,1.0,0.0,0.015
43,1.433320098364938,60,0.040126653082313994,0.0,-0.041405084334375446,0.011405084334375447,0.0035949156656245526,7.189831331249105,0.001987153942128546,0.0015011713021626408,4.313898798749463,0.025,0.0,-0.03,0.0,1.0,0.0,0.015
43,1.433320098364938,61,0.039778911810765635,0.0,-0.04260277706087703,0.012602777060877028,0.0023972229391229713,4.794445878245942,0.002708574459371505,0.0018559858145565167,2.8766675269475654,0.025,0.0,-0.03,0.0,1.0,0.0,0.015
43,1.433320098364938,62,0.039451309927563315,0.0,-0.04380606750458201,0.013806067504582013,0.0011939324954179861,2.3878649908359724,0.0021082815979324874,0.001847798379320938,1.4327189945015835,0.025,0.0,-0.03,0.0,1.0,0.0,0.015
44,1.4666531239083085,37,0.039584109238052057,0.0,-0.015008987485913743,0.014991012514086256,8.987485913743501e-06,0.017974971827487002,-0.003675685405546687,0.00031689165022445346,0.010784983096492201,0.025,0.0,-0.03,0.0,1.0,0.0,0.015
44,1.4666531239083085,38,0.0401672218389184,0.0,-0.016110619174355603,0.013889380825644396,0.001110619174355603,2.221238348711206,-0.0022664599758034755,0.0004283059797808092,1.3327430092267236,0.025,0.0,-0.03,0.0,1.0,0.0,0.015
44,1.4666531239083085,39,0.040744713540760084,0.0,-0.01721522251160222,0.012784777488397778,0.0022152225116022217,4.4304450232044434,-0.0036674846306607406,0.0003186518765034594,2.658267013922666,0.025,0.0,-0.03,0.0,1.0,0.0,0.015
44,1.4666531239083085,40,0.04131714643753906,0.0,-0.018322446112320992,0.011677553887679007,0.0033224461123209925,6.6448922246419855,-0.0023070630740682396,0.00038315497102871764,3.986935334785191,0.025,0.0,-0.03,0.0,1.0,0.0,0.015
44,1.4666531239083085,41,0.04188511764921276,0.0,-0.019431982181613492,0.010568017818386507,0.004431982181613493,8.863964363226986,-0.0035770837058322156,0.0002818732880952303,5.318378617936191,0.025,0.0,-0.03,0.0,1.0,0.0,0.015
44,1.4666531239083085,42,0.0424492127404177,0.0,-0.020543480190718427,0.009456519809281572,0.005543480190718427,11.086960381436855,-0.002423794169114514,0.000300717186593072,6.652176228862113,0.025,0.0,-0.03,0.0,1.0,0.0,0.015
44,1.4666531239083085,43,0.043010053270210895,0.0,-0.021656642013037786,0.008343357986962213,0.006656642013037787,13.313284026075573,-0.003417397813928285,0.00021362466918520165,7.987970415645344,0.025,0.0,-0.03,0.0,1.0,0.0,0.015
44,1.4666531239083085,44,0.04356824270170182,0.0,-0.022771119463234284,0.007228880536765715,0.007771119463234284,15.542238926468569,-0.0026005534507259026,0.00019141381237960416,9.325343355881142,0.025,0.0,-0.03,0.0,1.0,0.0,0.015
44,1.4666531239083085,45,0.044124418691724565,0.0,-0.023886620175892572,0.006113379824107427,0.008886620175892573,17.773240351785144,-0.003208959647412293,0.0001234857998498331,10.663944211071087,0.025,0.0,-0.03,0.0,1.0,0.0,0.015
44,1.4666531239083085,46,0.044679197242217174,0.0,-0.02500279989153475,0.0049972001084652475,0.010002799891534752,20.005599783069503,-0.0028158899673544663,6.952193977578535e-05,12.0033598698417,0.025,0.0,-0.03,0.0,1.0,0.0,0.015
44,1.4666531239083085,47,0.04523109886527759,0.0,-0.026119916176885784,0.003880083823114215,0.011119916176885784,22.23983235377157,-0.002966840477408174,4.2870196890504e-05,13.34389941226294,0.025,0.0,-0.03,0.0,1.0,0.0,0.015
44,1.4666531239083085,48,0.04484885062093005,0.0,-0.027306364928507052,0.0026936350714929468,0.012306364928507053,24.612729857014106,-0.003026969663524208,0.0001393328856013148,14.767637914208462,0.025,0.0,-0.03,0.0,1.0,0.0,0.015
44,1.4666531239083085,49,0.04445886663048373,0.0,-0.02849032461923179,0.0015096753807682106,0.013490324619231789,26.980649238463577,-0.002665646840850994,0.00014168337173568315,16.188389543078145,0.025,0.0,-0.03,0.0,1.0,0.0,0.015
44,1.4666531239083085,50,0.044062587262344945,0.0,-0.02967218006615409,0.00032781993384591035,0.014672180066154089,29.34436013230818,-0.0031590867592427153,0.0004284186534339131,17.606616079384906,0.025,0.0,-0.03,0.0,1.0,0.0,0.015
44,1.4666531239083085,51,0.04366143348038366,0.0,-0.030852423970303494,0.0008524239703034953,0.014147576029696504,28.295152059393008,0.002408000245530399,0.0003075690085148581,16.977091235635804,0.025,0.0,-0.03,0.0,1.0,0.0,0.015
44,1.4666531239083085,52,0.04325686076047334,0.0,-0.03203147596893817,0.0020314759689381706,0.012968524031061829,25.937048062123658,0.0032350647474723012,0.0007144665287126451,15.562228837274194,0.025,0.0,-0.03,0.0,1.0,0.0,0.015
44,1.4666531239083085,53,0.04285029245241926,0.0,-0.03320987494455313,0.0032098749445531316,0.011790125055446868,23.580250110893736,0.0022070031091594587,0.0005014179146570532,14.14815006653624,0.025,0.0,-0.03,0.0,1.0,0.0,0.015
44,1.4666531239083085,54,0.04244236647809232,0.0,-0.034387919888495815,0.004387919888495816,0.010612080111504184,21.22416022300837,0.003208834921397984,0.0009796053739454269,12.73449613380502,0.025,0.0,-0.03,0.0,1.0,0.0,0.015
44,1.4666531239083085,55,0.04203351251308309,0.0,-0.03556595692021059,0.005565956920210592,0.009434043079789407,18.868086159578816,0.00211752300453521,0.000760496383138525,11.320851695747288,0.025,0.0,-0.03,0.0,1.0,0.0,0.015
44,1.4666531239083085,56,0.04162548378566336,0.0,-0.036744504418308926,0.0067445044183089276,0.008255495581691072,16.510991163382144,0.003102666592686037,0.0012337294979310007,9.906594698029286,0.025,0.0,-0.03,0.0,1.0,0.0,0.015
44,1.4666531239083085,57,0.04122173834160769,0.0,-0.037924706596463374,0.007924706596463375,0.007075293403536624,14.150586807073248,0.002058753347707841,0.0010523545173648364,8.490352084243948,0.025,0.0,-0.03,0.0,1.0,0.0,0.015
44,1.4666531239083085,58,0.040826273365612176,0.0,-0.03910768385646638,0.009107683856466382,0.005892316143533617,11.784632287067234,0.002954575240452616,0.001486723550381649,7.070779372240341,0.025,0.0,-0.03,0.0,1.0,0.0,0.015
44,1.4666531239083085,59,0.040442208008332196,0.0,-0.04029439190036545,0.010294391900365449,0.004705608099634551,9.411216199269102,0.0020501481503615317,0.001365348920187214,5.646729719561461,0.025,0.0,-0.03,0.0,1.0,0.0,0.015
44,1.4666531239083085,60,0.04007246555269749,0.0,-0.04148555999287375,0.011485559992873748,0.0035144400071262516,7.028880014252503,0.002757101140505389,0.0017280623295057233,4.217328008551502,0.025,0.0,-0.03,0.0,1.0,0.0,0.015
44,1.4666531239083085,61,0.039719951538822504,0.0,-0.04268189242101544,0.012681892421015438,0.0023181075789845615,4.636215157969123,0.0020986508362365666,0.0016971039742029763,2.7817290947814737,0.025,0.0,-0.03,0.0,1.0,0.0,0.015
44,1.4666531239083085,62,0.039387598002246504,0.0,-0.04388389024466812,0.013883890244668122,0.0011161097553318775,2.232219510663755,0.002522534035527539,0.0019662463055121317,1.339331706398253,0.025,0.0,-0.03,0.0,1.0,0.0,0.015
45,1.4999861494516793,37,0.039581935615820456,0.0,-0.015107920867871286,0.014892079132128713,0.00010792086787128619,0.21584173574257237,-0.003095277276849775,2.222457906954145e-06,0.12950504144554342,0.025,0.0,-0.03,0.0,1.0,0.0,0.015
45,1.4999861494516793,38,0.040165238690828685,0.0,-0.0162094894394122,0.013790510560587797,0.0012094894394122022,2.4189788788244044,-0.0028102814683512527,0.00014359142312281046,1.4513873272946427,0.025,0.0,-0.03,0.0,1.0,0.0,0.015
45,1.4999861494516793,39,0.04074293454793055,0.0,-0.017314018397614567,0.012685981602385432,0.0023140183976145673,4.628036795229135,-0.0031041634317765885,1.824811201006908e-05,2.776822077137481,0.025,0.0,-0.03,0.0,1.0,0.0,0.015
45,1.4999861494516793,40,0.04131558652909826,0.0,-0.018421168361249723,0.011578831638750276,0.0034211683612497233,6.8423367224994465,-0.002804940307962654,0.00013064708751301063,4.105402033499668,0.025,0.0,-0.03,0.0,1.0,0.0,0.015
45,1.4999861494516793,41,0.04188378076556226,0.0,-0.019530620389716796,0.010469379610283203,0.004530620389716796,9.061240779433593,-0.0030899136551172475,2.4180517649403033e-05,5.436744467660156,0.025,0.0,-0.03,0.0,1.0,0.0,0.015
45,1.4999861494516793,42,0.04244810695654096,0.0,-0.020642042231899426,0.009357957768100573,0.005642042231899427,11.284084463798854,-0.00282104647023364,0.00010604325051418577,6.770450678279312,0.025,0.0,-0.03,0.0,1.0,0.0,0.015
45,1.4999861494516793,43,0.043009172775338035,0.0,-0.021755119152903332,0.008244880847096667,0.006755119152903333,13.510238305806666,-0.0030552057992754315,2.072899686413866e-05,8.106142983484,0.025,0.0,-0.03,0.0,1.0,0.0,0.015
45,1.4999861494516793,44,0.04356758774940592,0.0,-0.02286952559840284,0.0071304744015971595,0.00786952559840284,15.73905119680568,-0.0028555460389274195,7.299680069053466e-05,9.443430718083407,0.025,0.0,-0.03,0.0,1.0,0.0,0.015
45,1.4999861494516793,45,0.044123974059929384,0.0,-0.02398494941041452,0.006015050589585479,0.00898494941041452,17.96989882082904,-0.0030053484640413593,9.505403790238433e-06,10.781939292497425,0.025,0.0,-0.03,0.0,1.0,0.0,0.015
45,1.4999861494516793,46,0.04467895436513404,0.0,-0.025101070884374705,0.004898929115625294,0.010101070884374706,20.20214176874941,-0.002903126006140959,3.584229243082279e-05,12.121285061249646,0.025,0.0,-0.03,0.0,1.0,0.0,0.015
45,1.4999861494516793,47,0.04523103697762499,0.0,-0.02621812677772108,0.003781873222278919,0.01121812677772108,22.43625355544216,-0.0029458735128527896,3.5573339509076974e-06,13.461752133265296,0.025,0.0,-0.03,0.0,1.0,0.0,0.015
45,1.4999861494516793,48,0.044845146314599675,0.0,-0.02740342666587054,0.002596573334129458,0.012403426665870541,24.80685333174108,-0.002925403703098621,0.00012851933106121868,14.884111999044649,0.025,0.0,-0.03,0.0,1.0,0.0,0.015
45,1.4999861494516793,49,0.04445148095692763,0.0,-0.028586179994983526,0.001413820005016473,0.013586179994983526,27.172359989967052,-0.0028213208248501374,0.00021502569608428264,16.30341599398023,0.025,0.0,-0.03,0.0,1.0,0.0,0.015
45,1.4999861494516793,50,0.04405145689021428,0.0,-0.02976680911172153,0.00023319088827846932,0.01476680911172153,29.53361822344306,-0.002900446026111587,0.0003651974684422426,17.720170934065834,0.025,0.0,-0.03,0.0,1.0,0.0,0.015
45,1.4999861494516793,51,0.04364649620064117,0.0,-0.030945760666137734,0.0009457606661377356,0.014054239333862264,28.108478667724526,0.002702965880558114,0.00042558441225473465,16.865087200634715,0.025,0.0,-0.03,0.0,1.0,0.0,0.015
45,1.4999861494516793,52,0.043238023260009174,0.0,-0.032123506772022845,0.0021235067720228457,0.012876493227977154,25.752986455954307,0.002858889716908981,0.0006078634320202735,15.451791873572583,0.025,0.0,-0.03,0.0,1.0,0.0,0.015
45,1.4999861494516793,53,0.04282746710355107,0.0,-0.033300528484720586,0.003300528484720587,0.011699471515279412,23.398943030558826,0.00259388694573823,0.0006506065579758766,14.039365818335295,0.025,0.0,-0.03,0.0,1.0,0.0,0.015
45,1.4999861494516793,54,0.04241539118923716,0.0,-0.03447716959115264,0.004477169591152644,0.010522830408847356,21.04566081769471,0.002785991465700947,0.0008543240339340194,12.627396490616826,0.025,0.0,-0.03,0.0,1.0,0.0,0.015
45,1.4999861494516793,55,0.04200222007600806,0.0,-0.035653705444561555,0.005653705444561556,0.009346294555438443,18.692589110876888,0.0025092516864447813,0.0009048292366160816,11.215553466526133,0.025,0.0,-0.03,0.0,1.0,0.0,0.015
45,1.4999861494516793,56,0.04158971852957456,0.0,-0.036830735122270336,0.006830735122270337,0.008169264877729662,16.338529755459323,0.002694222406953379,0.0011152116782519332,9.803117853275593,0.025,0.0,-0.03,0.0,1.0,0.0,0.015
45,1.4999861494516793,57,0.04118140980577092,0.0,-0.038009370243333555,0.008009370243333556,0.006990629756666443,13.981259513332885,0.0024213959953652523,0.0011775858786839545,8.388755707999731,0.025,0.0,-0.03,0.0,1.0,0.0,0.015
45,1.4999861494516793,58,0.040781308491693195,0.0,-0.03919082281740389,0.009190822817403889,0.0058091771825961105,11.618354365192221,0.0025887213706497674,0.0013839632310741644,6.971012619115332,0.025,0.0,-0.03,0.0,1.0,0.0,0.015
45,1.4999861494516793,59,0.04039256557499048,0.0,-0.040376012431000655,0.010376012431000656,0.004623987568999344,9.247975137998687,0.002349251040487917,0.0014633712936597625,5.548785082799212,0.025,0.0,-0.03,0.0,1.0,0.0,0.015
45,1.4999861494516793,60,0.040018109285163764,0.0,-0.04156573792174903,0.01156573792174903,0.0034342620782509686,6.8685241565019375,0.002474040117169277,0.0016542228781240072,4.121114493901162,0.025,0.0,-0.03,0.0,1.0,0.0,0.015
45,1.4999861494516793,61,0.03966087898711791,0.0,-0.0427606793655999,0.012760679365599902,0.002239320634400098,4.478641268800196,0.002295379512955217,0.0017560695309820136,2.6871847612801174,0.025,0.0,-0.03,0.0,1.0,0.0,0.015
45,1.4999861494516793,62,0.03932381896405857,0.0,-0.04396139034181976,0.013961390341819764,0.0010386096581802354,2.0772193163604706,0.002357227132262335,0.0019242526613585085,1.2463315898162823,0.025,0.0,-0.03,0.0,1.0,0.0,0.015
46,1.5333191749950499,37,0.03957935760642286,0.0,-0.015206200500139967,0.014793799499860032,0.00020620050013996777,0.41240100027993554,-0.0026865308072663236,0.0002188732337913079,0.24744060016796132,0.025,0.0,-0.03,0.0,1.0,0.0,0.015
46,1.5333191749950499,38,0.040162827192799136,0.0,-0.016307715949903556,0.013692284050096443,0.001307715949903556,2.615431899807112,-0.0031621021133409555,4.0870536606553835e-05,1.5692591398842672,0.025,0.0,-0.03,0.0,1.0,0.0,0.015
46,1.5333191749950499,39,0.040740705674703726,0.0,-0.017412186229942533,0.012587813770057465,0.002412186229942534,4.824372459885068,-0.002745820177719474,0.00017316569774947392,2.894623475931041,0.025,0.0,-0.03,0.0,1.0,0.0,0.015
46,1.5333191749950499,40,0.04131355007256511,0.0,-0.018519269496244967,0.011480730503755032,0.003519269496244967,7.038538992489935,-0.003082713308815706,9.451980132823368e-06,4.22312339549396,0.025,0.0,-0.03,0.0,1.0,0.0,0.015
46,1.5333191749950499,41,0.04188194634011578,0.0,-0.01962865641356489,0.01037134358643511,0.004628656413564889,9.257312827129779,-0.0028288537357775046,0.00011551654225731168,5.554387696277867,0.025,0.0,-0.03,0.0,1.0,0.0,0.015
46,1.5333191749950499,42,0.04244647474410997,0.0,-0.020740006669734856,0.009259993330265143,0.005740006669734857,11.480013339469714,-0.002984918742762335,2.8434722149754162e-05,6.888008003681828,0.025,0.0,-0.03,0.0,1.0,0.0,0.015
46,1.5333191749950499,43,0.0430077450070958,0.0,-0.021853020002851185,0.008146979997148814,0.006853020002851186,13.706040005702372,-0.0029231681010545465,5.3525622734402666e-05,8.223624003421422,0.025,0.0,-0.03,0.0,1.0,0.0,0.015
46,1.5333191749950499,44,0.043566355042331785,0.0,-0.0229673586809042,0.007032641319095798,0.007967358680904202,15.934717361808403,-0.0028827248462589654,6.719001509786144e-05,9.560830417085041,0.025,0.0,-0.03,0.0,1.0,0.0,0.015
46,1.5333191749950499,45,0.04412293048973884,0.0,-0.024082728205521653,0.005917271794478346,0.009082728205521653,18.16545641104331,-0.0030161200647486623,4.650269656606895e-06,10.899273846625984,0.025,0.0,-0.03,0.0,1.0,0.0,0.015
46,1.5333191749950499,46,0.04467808141854314,0.0,-0.025198794408302812,0.004801205591697187,0.010198794408302812,20.397588816605623,-0.0027850553420896915,9.275419799775532e-05,12.238553289963374,0.025,0.0,-0.03,0.0,1.0,0.0,0.015
46,1.5333191749950499,47,0.04523032075404009,0.0,-0.026315813692010716,0.0036841863079892824,0.011315813692010717,22.631627384021435,-0.0031415431609879536,3.9851180768829235e-05,13.57897643041286,0.025,0.0,-0.03,0.0,1.0,0.0,0.015
46,1.5333191749950499,48,0.044840829512553027,0.0,-0.02749995191010131,0.0025000480898986904,0.012499951910101309,24.99990382020262,-0.002548769257309488,3.3722023524704835e-05,14.99994229212157,0.025,0.0,-0.03,0.0,1.0,0.0,0.015
46,1.5333191749950499,49,0.04444351788419201,0.0,-0.028681516716413436,0.0013184832835865627,0.013681516716413437,27.363033432826875,-0.003314625530606819,0.00039985415188614607,16.417820059696123,0.025,0.0,-0.03,0.0,1.0,0.0,0.015
46,1.5333191749950499,50,0.04403979715440743,0.0,-0.02986089926501889,0.00013910073498111034,0.014860899265018889,29.721798530037777,-0.0022427958110950597,0.00016516493376189033,17.833079118022667,0.025,0.0,-0.03,0.0,1.0,0.0,0.015
46,1.5333191749950499,51,0.043631063322273476,0.0,-0.031038583216035216,0.0010385832160352167,0.013961416783964783,27.922833567929565,0.0034400176874631906,0.0006957209252786779,16.75370014075774,0.025,0.0,-0.03,0.0,1.0,0.0,0.015
46,1.5333191749950499,52,0.043218741684969246,0.0,-0.03221499704195247,0.0022149970419524725,0.012785002958047527,25.570005916095052,0.0020033077032565517,0.00033341942225005133,15.342003549657031,0.025,0.0,-0.03,0.0,1.0,0.0,0.015
46,1.5333191749950499,53,0.042804231190090615,0.0,-0.03339066977175654,0.0033906697717565396,0.01160933022824346,23.21866045648692,0.0034765865947591883,0.0009729654599431701,13.931196273892152,0.025,0.0,-0.03,0.0,1.0,0.0,0.015
46,1.5333191749950499,54,0.04238805934566296,0.0,-0.03456587682255226,0.004565876822552259,0.01043412317744774,20.868246354895483,0.0018743565040111173,0.0005574323404291598,12.520947812937289,0.025,0.0,-0.03,0.0,1.0,0.0,0.015
46,1.5333191749950499,55,0.04197060592954788,0.0,-0.03574093813422778,0.005740938134227783,0.009259061865772217,18.518123731544435,0.0033925473221878394,0.0012195958226118942,11.11087423892666,0.025,0.0,-0.03,0.0,1.0,0.0,0.015
46,1.5333191749950499,56,0.04155368664711838,0.0,-0.03691641722067563,0.006916417220675632,0.008083582779324368,16.167165558648737,0.0017688249354207723,0.0008178308090927058,9.700299335189241,0.025,0.0,-0.03,0.0,1.0,0.0,0.015
46,1.5333191749950499,57,0.041140852256397055,0.0,-0.03809350904042229,0.00809350904042229,0.00690649095957771,13.81298191915542,0.003264585702977248,0.0014640992363078628,8.287789151493252,0.025,0.0,-0.03,0.0,1.0,0.0,0.015
46,1.5333191749950499,58,0.04073617037835005,0.0,-0.039273405992141526,0.009273405992141527,0.005726594007858472,11.453188015716945,0.0017836298362939166,0.0011375767091408482,6.8719128094301665,0.025,0.0,-0.03,0.0,1.0,0.0,0.015
46,1.5333191749950499,59,0.040342790059609134,0.0,-0.04045709472061593,0.010457094720615928,0.004542905279384071,9.085810558768143,0.003029107417130565,0.0016821161098948556,5.451486335260886,0.025,0.0,-0.03,0.0,1.0,0.0,0.015
46,1.5333191749950499,60,0.03996367272954582,0.0,-0.0416453510472325,0.0116453510472325,0.0033546489527674986,6.7092979055349975,0.0018723792179255263,0.0014847669900241308,4.025578743320998,0.025,0.0,-0.03,0.0,1.0,0.0,0.015
46,1.5333191749950499,61,0.039601767412987925,0.0,-0.042838910369397326,0.012838910369397327,0.0021610896306026722,4.322179261205345,0.0027340067381064785,0.0018850109847281633,2.593307556723207,0.025,0.0,-0.03,0.0,1.0,0.0,0.015
46,1.5333191749950499,62,0.039260048738281615,0.0,-0.04403831433931497,0.014038314339314968,0.0009616856606850313,1.9233713213700625,0.002028524942404265,0.001837480768539798,1.1540227928220375,0.025,0.0,-0.03,0.0,1.0,0.0,0.015
47,1.5666522005384205,37,0.039576392282016135,0.0,-0.01530384368890492,0.014696156311095079,0.0003038436889049208,0.6076873778098415,-0.0026284836140488,0.000251261223541149,0.3646124266859049,0.025,0.0,-0.03,0.0,1.0,0.0,0.015
47,1.5666522005384205,38,0.04016000539593547,0.0,-0.01640531343059866,0.01359468656940134,0.0014053134305986592,2.8106268611973184,-0.0032507565804587566,8.553920050258373e-05,1.686376116718391,0.025,0.0,-0.03,0.0,1.0,0.0,0.015
47,1.5666522005384205,39,0.040738046335263296,0.0,-0.017509738669188778,0.012490261330811221,0.0025097386691887782,5.019477338377556,-0.002556214488620606,0.0002757638374174769,3.0116864030265336,0.025,0.0,-0.03,0.0,1.0,0.0,0.015
47,1.5666522005384205,40,0.04131106040444091,0.0,-0.01861676491600202,0.011383235083997977,0.0036167649160020222,7.233529832004044,-0.003295281305865324,0.00011574541234880093,4.3401178992024265,0.025,0.0,-0.03,0.0,1.0,0.0,0.015
47,1.5666522005384205,41,0.04187963654268291,0.0,-0.019726098385434706,0.010273901614565293,0.0047260983854347065,9.452196770869413,-0.0025288121549168897,0.00027493222390671243,5.671318062521648,0.025,0.0,-0.03,0.0,1.0,0.0,0.015
47,1.5666522005384205,42,0.04244434476024106,0.0,-0.020837389127278023,0.009162610872721976,0.005837389127278023,11.674778254556047,-0.003294090294938691,0.00012360664968723937,7.004866952733628,0.025,0.0,-0.03,0.0,1.0,0.0,0.015
47,1.5666522005384205,43,0.04300579545326532,0.0,-0.021950348567899326,0.008049651432100673,0.006950348567899327,13.900697135798653,-0.002545589427195793,0.0002519103421793581,8.340418281479192,0.025,0.0,-0.03,0.0,1.0,0.0,0.015
47,1.5666522005384205,44,0.043564578497582204,0.0,-0.02306463381657932,0.00693536618342068,0.00806463381657932,16.12926763315864,-0.0032509035891892936,0.00011082356884587641,9.677560579895184,0.025,0.0,-0.03,0.0,1.0,0.0,0.015
47,1.5666522005384205,45,0.04412131749315698,0.0,-0.024179957040537402,0.005820042959462597,0.009179957040537402,18.359914081074805,-0.002601687422786149,0.00021006093248757176,11.015948448644883,0.025,0.0,-0.03,0.0,1.0,0.0,0.015
47,1.5666522005384205,46,0.04467661708783548,0.0,-0.025295984285163192,0.004704015714836807,0.010295984285163193,20.591968570326387,-0.0031773562663395265,7.037635894756098e-05,12.355181142195832,0.025,0.0,-0.03,0.0,1.0,0.0,0.015
47,1.5666522005384205,47,0.045228987969295524,0.0,-0.02641297289957074,0.0035870271004292582,0.011412972899570741,22.825945799141483,-0.0026468316883988216,6.598873938356966e-05,13.69556747948489,0.025,0.0,-0.03,0.0,1.0,0.0,0.015
47,1.5666522005384205,48,0.04483593072870995,0.0,-0.02759595736729925,0.002404042632700748,0.012595957367299251,25.1919147345985,-0.003170262428068884,0.0002430525633788838,15.115148840759101,0.025,0.0,-0.03,0.0,1.0,0.0,0.015
47,1.5666522005384205,49,0.044435013147838966,0.0,-0.028776322181254185,0.0012236778187458136,0.013776322181254186,27.55264436250837,-0.002484759282337107,0.00014651596224688154,16.53158661750502,0.025,0.0,-0.03,0.0,1.0,0.0,0.015
47,1.5666522005384205,50,0.044027628399003586,0.0,-0.029954472210533937,4.5527789466062035e-05,0.014954472210533937,29.908944421067876,-0.0031983925545064785,0.0005078119699313001,17.945366652640725,0.025,0.0,-0.03,0.0,1.0,0.0,0.015
47,1.5666522005384205,51,0.04361516508823459,0.0,-0.03113087139295218,0.0011308713929521798,0.01386912860704782,27.73825721409564,0.002324918050473127,0.00033408222139979713,16.64295432845738,0.025,0.0,-0.03,0.0,1.0,0.0,0.015
47,1.5666522005384205,52,0.04319902695663779,0.0,-0.03230597113448128,0.002305971134481284,0.012694028865518715,25.38805773103743,0.0031831742767371466,0.0007577621486180479,15.232834638622458,0.025,0.0,-0.03,0.0,1.0,0.0,0.015
47,1.5666522005384205,53,0.04278060834275815,0.0,-0.033480273457327896,0.0034802734573278968,0.011519726542672103,23.039453085344206,0.002205502567810942,0.0005476309640555131,13.823671851206523,0.025,0.0,-0.03,0.0,1.0,0.0,0.015
47,1.5666522005384205,54,0.04236037336636483,0.0,-0.03465406550888961,0.00465406550888961,0.01034593449111039,20.69186898222078,0.0031101388667947984,0.0009997711340193904,12.415121389332468,0.025,0.0,-0.03,0.0,1.0,0.0,0.015
47,1.5666522005384205,55,0.04193868538257425,0.0,-0.03582762790095122,0.005827627900951218,0.009172372099048781,18.344744198097562,0.0021257752853847374,0.0008018086546343109,11.006846518858536,0.025,0.0,-0.03,0.0,1.0,0.0,0.015
47,1.5666522005384205,56,0.04151738232774388,0.0,-0.037001573207813894,0.007001573207813895,0.007998426792186104,15.996853584372209,0.0030062486824859796,0.001248869235852391,9.598112150623326,0.025,0.0,-0.03,0.0,1.0,0.0,0.015
47,1.5666522005384205,57,0.04110007109742559,0.0,-0.03817709663676969,0.008177096636769694,0.006822903363230305,13.645806726460611,0.0020727272244545417,0.0010865124817329417,8.187484035876366,0.025,0.0,-0.03,0.0,1.0,0.0,0.015
47,1.5666522005384205,58,0.04069084541177781,0.0,-0.03935545138021583,0.009355451380215832,0.005644548619784168,11.289097239568335,0.002839730545599194,0.0014876156839981863,6.773458343741001,0.025,0.0,-0.03,0.0,1.0,0.0,0.015
47,1.5666522005384205,59,0.0402928756146938,0.0,-0.04053761614291656,0.01053761614291656,0.004462383857083439,8.924767714166878,0.002069551447600682,0.0013940022336803397,5.354860628500126,0.025,0.0,-0.03,0.0,1.0,0.0,0.015
47,1.5666522005384205,60,0.0399091349590524,0.0,-0.04172441104282932,0.01172441104282932,0.003275588957170679,6.551177914341358,0.0026451115017321067,0.0017220394933067254,3.930706748604815,0.025,0.0,-0.03,0.0,1.0,0.0,0.015
47,1.5666522005384205,61,0.03954259933149487,0.0,-0.042916568696859066,0.012916568696859067,0.0020834313031409327,4.166862606281866,0.002102857989149059,0.0017138344246001936,2.5001175637691193,0.025,0.0,-0.03,0.0,1.0,0.0,0.015
47,1.5666522005384205,62,0.039196259584381325,0.0,-0.04411466620738405,0.014114666207384052,0.0008853337926159471,1.7706675852318943,0.0024311439846619464,0.0019567823214202227,1.0624005511391366,0.025,0.0,-0.03,0.0,1.0,0.0,0.015
48,1.5999852260817913,37,0.03957304918386178,0.0,-0.015400869523301728,0.014599130476698271,0.0004008695233017282,0.8017390466034564,-0.002741444231670991,0.00019215965113180515,0.48104342796207383,0.025,0.0,-0.03,0.0,1.0,0.0,0.015
48,1.5999852260817913,38,0.04015678716307057,0.0,-0.01650230631369957,0.013497693686300428,0.0015023063136995717,3.004612627399143,-0.003054643243490781,2.0661913677765114e-05,1.8027675764394857,0.025,0.0,-0.03,0.0,1.0,0.0,0.015
48,1.5999852260817913,39,0.040734968693394644,0.0,-0.017606694094986674,0.012393305905013325,0.0026066940949866745,5.213388189973349,-0.0027565131131351553,0.0001739071081297284,3.1280329139840095,0.025,0.0,-0.03,0.0,1.0,0.0,0.015
48,1.5999852260817913,40,0.04130813341880594,0.0,-0.018713677182749276,0.011286322817250723,0.003713677182749276,7.4273543654985525,-0.003029296462970651,2.6335939582995332e-05,4.456412619299131,0.025,0.0,-0.03,0.0,1.0,0.0,0.015
48,1.5999852260817913,41,0.04187686645999562,0.0,-0.019822964252869436,0.010177035747130563,0.004822964252869436,9.645928505738873,-0.002781807896444194,0.00014959447677996603,5.787557103443324,0.025,0.0,-0.03,0.0,1.0,0.0,0.015
48,1.5999852260817913,42,0.042441734959614244,0.0,-0.020934209961646067,0.009065790038353932,0.005934209961646068,11.868419923292135,-0.0029965439230697196,3.4081954563060094e-05,7.1210519539752815,0.025,0.0,-0.03,0.0,1.0,0.0,0.015
48,1.5999852260817913,43,0.04300334237981617,0.0,-0.022047122536836307,0.007952877463163692,0.0070471225368363075,14.094245073672615,-0.002810788390577963,0.00012388424148068218,8.45654704420357,0.025,0.0,-0.03,0.0,1.0,0.0,0.015
48,1.5999852260817913,44,0.04356227822381899,0.0,-0.023161368926111852,0.006838631073888147,0.008161368926111853,16.322737852223707,-0.0029629679389197926,4.188765853099808e-05,9.793642711334224,0.025,0.0,-0.03,0.0,1.0,0.0,0.015
48,1.5999852260817913,45,0.0441191567040797,0.0,-0.024276653384248406,0.005723346615751593,0.009276653384248407,18.553306768496814,-0.002839151508970052,9.998031798071754e-05,11.131984061098088,0.025,0.0,-0.03,0.0,1.0,0.0,0.015
48,1.5999852260817913,46,0.04467458389144346,0.0,-0.02539265585150016,0.00460734414849984,0.01039265585150016,20.785311703000318,-0.0029327280350306627,5.021851711236031e-05,12.47118702180019,0.025,0.0,-0.03,0.0,1.0,0.0,0.015
48,1.5999852260817913,47,0.04522706289486476,0.0,-0.026509621952937257,0.0034903780470627414,0.011509621952937258,23.019243905874514,-0.0028614853606311825,7.070685793425888e-05,13.811546343524709,0.025,0.0,-0.03,0.0,1.0,0.0,0.015
48,1.5999852260817913,48,0.04483047273651934,0.0,-0.027691454956734685,0.0023085450432653136,0.012691454956734686,25.382909913469373,-0.002885145069304164,0.00017966366688010218,15.229745948081623,0.025,0.0,-0.03,0.0,1.0,0.0,0.015
48,1.5999852260817913,49,0.04442598453572225,0.0,-0.028870615344577674,0.0011293846554223247,0.013870615344577675,27.74123068915535,-0.002792753577663035,0.00026909410664042424,16.64473841349321,0.025,0.0,-0.03,0.0,1.0,0.0,0.015
48,1.5999852260817913,50,0.04401496900141953,0.0,-0.030047536373026675,4.753637302667632e-05,0.014952463626973323,29.904927253946646,0.0028143761063803116,0.00039727420402055536,17.942956352367986,0.025,0.0,-0.03,0.0,1.0,0.0,0.015
48,1.5999852260817913,51,0.043598813230177655,0.0,-0.031222645056970155,0.0012226450569701557,0.013777354943029844,27.554709886059687,0.0027143990827226887,0.00048635381156841905,16.532825931635813,0.025,0.0,-0.03,0.0,1.0,0.0,0.015
48,1.5999852260817913,52,0.043178892663037406,0.0,-0.032396434612148466,0.0023964346121484667,0.012603565387851533,25.207130775703064,0.0027387112640309603,0.0006215866980753561,15.124278465421838,0.025,0.0,-0.03,0.0,1.0,0.0,0.015
48,1.5999852260817913,53,0.042756604353494355,0.0,-0.033569359459487344,0.003569359459487345,0.011430640540512654,22.861281081025307,0.0026320920188656724,0.0007145360937239105,13.716768648615185,0.025,0.0,-0.03,0.0,1.0,0.0,0.015
48,1.5999852260817913,54,0.04233234158759337,0.0,-0.034741739340051474,0.004741739340051475,0.010258260659948525,20.51652131989705,0.0026458027958948154,0.000854220176442746,12.30991279193823,0.025,0.0,-0.03,0.0,1.0,0.0,0.015
48,1.5999852260817913,55,0.0419064587260769,0.0,-0.03591379367109633,0.005913793671096332,0.009086206328903668,18.172412657807335,0.002557539948964865,0.0009644794196451247,10.903447594684401,0.025,0.0,-0.03,0.0,1.0,0.0,0.015
48,1.5999852260817913,56,0.04148080811349688,0.0,-0.037086205949931526,0.0070862059499315275,0.007913794050068472,15.827588100136945,0.002553447624174048,0.0011092971159443162,9.496552860082167,0.025,0.0,-0.03,0.0,1.0,0.0,0.015
48,1.5999852260817913,57,0.04105906124025288,0.0,-0.038260150174281686,0.008260150174281687,0.006739849825718312,13.479699651436624,0.002462591974301126,0.001225888604847289,8.087819790861975,0.025,0.0,-0.03,0.0,1.0,0.0,0.015
48,1.5999852260817913,58,0.04064532983794013,0.0,-0.03943696177303312,0.009436961773033124,0.005563038226966875,11.12607645393375,0.002456531873615996,0.001374863385362249,6.67564587236025,0.025,0.0,-0.03,0.0,1.0,0.0,0.015
48,1.5999852260817913,59,0.04024281169543227,0.0,-0.040617591503975876,0.010617591503975878,0.004382408496024122,8.764816992048244,0.002374861190916042,0.001498988830902918,5.258890195228946,0.025,0.0,-0.03,0.0,1.0,0.0,0.015
48,1.5999852260817913,60,0.03985448566799252,0.0,-0.04180292138495604,0.01180292138495604,0.0031970786150439592,6.394157230087918,0.002360132868577714,0.0016451850013464425,3.8364943380527508,0.025,0.0,-0.03,0.0,1.0,0.0,0.015
48,1.5999852260817913,61,0.03948335901004397,0.0,-0.04299366634136807,0.012993666341368074,0.002006333658631926,4.012667317263851,0.002295659759790787,0.0017759701627058622,2.4076003903583105,0.025,0.0,-0.03,0.0,1.0,0.0,0.015
48,1.5999852260817913,62,0.03913243477190945,0.0,-0.04419045086808565,0.014190450868085652,0.0008095491319143472,1.6190982638286944,0.002269756670022616,0.0019162565381988207,0.9714589582972166,0.025,0.0,-0.03,0.0,1.0,0.0,0.015
49,1.6333182516251619,37,0.039569336658994377,0.0,-0.015497297026808802,0.014502702973191197,0.0004972970268088024,0.9945940536176048,-0.002842665424854249,0.00013923365760632944,0.5967564321705628,0.025,0.0,-0.03,0.0,1.0,0.0,0.015
49,1.6333182516251619,38,0.04015318288051373,0.0,-0.016598715492663847,0.013401284507336152,0.0015987154926638478,3.1974309853276957,-0.0028949926102031258,0.00010774040410110914,1.9184585911966172,0.025,0.0,-0.03,0.0,1.0,0.0,0.015
49,1.6333182516251619,39,0.04073148366636432,0.0,-0.017703072412789497,0.012296927587210502,0.002703072412789498,5.406144825578996,-0.0028988936203311316,0.00010227638028107002,3.2436868953473974,0.025,0.0,-0.03,0.0,1.0,0.0,0.015
49,1.6333182516251619,40,0.041304780297242105,0.0,-0.018810024603577814,0.011189975396422185,0.003810024603577815,7.620049207155629,-0.0028430708145323618,0.0001271172531741701,4.572029524293377,0.025,0.0,-0.03,0.0,1.0,0.0,0.015
49,1.6333182516251619,41,0.041873649638285916,0.0,-0.01991927473509214,0.010080725264907858,0.004919274735092141,9.838549470184283,-0.00293830890532245,7.375030282787855e-05,5.90312968211057,0.025,0.0,-0.03,0.0,1.0,0.0,0.015
49,1.6333182516251619,42,0.04243865753725306,0.0,-0.021030484991856068,0.00896951500814393,0.006030484991856069,12.060969983712138,-0.002810865434736416,0.00013463614654188934,7.2365819902272825,0.025,0.0,-0.03,0.0,1.0,0.0,0.015
49,1.6333182516251619,43,0.04300040193380619,0.0,-0.022143363159546278,0.00785663684045372,0.007143363159546279,14.286726319092558,-0.002955072980731038,5.7034388218305217e-05,8.572035791455535,0.025,0.0,-0.03,0.0,1.0,0.0,0.015
49,1.6333182516251619,44,0.04355946773584923,0.0,-0.02325757762691093,0.006742422373089068,0.008257577626910931,16.515155253821863,-0.002802649387988934,0.00013013227227420205,9.909093152293117,0.025,0.0,-0.03,0.0,1.0,0.0,0.015
49,1.6333182516251619,45,0.044116466749153,0.0,-0.024372838560205914,0.005627161439794085,0.009372838560205914,18.745677120411827,-0.0029487284508248595,5.315711240388715e-05,11.247406272247096,0.025,0.0,-0.03,0.0,1.0,0.0,0.015
49,1.6333182516251619,46,0.04467199727488509,0.0,-0.025488820834848352,0.004511179165151646,0.010488820834848353,20.977641669696705,-0.0028162789921156147,0.00011427022173272947,12.586585001818023,0.025,0.0,-0.03,0.0,1.0,0.0,0.015
49,1.6333182516251619,47,0.0452245641003105,0.0,-0.026605782823351243,0.003394217176648756,0.011605782823351243,23.211565646702486,-0.0029331147365213015,7.871146679382665e-05,13.926939388021491,0.025,0.0,-0.03,0.0,1.0,0.0,0.015
49,1.6333182516251619,48,0.04482447471810509,0.0,-0.027786451933676785,0.0022135480663232135,0.012786451933676786,25.57290386735357,-0.002784183732977232,0.00017040031364563068,15.343742320412142,0.025,0.0,-0.03,0.0,1.0,0.0,0.015
49,1.6333182516251619,49,0.044416442922896954,0.0,-0.02896442230535588,0.0010355776946441193,0.01396442230535588,27.92884461071176,-0.0028714507850396234,0.0003156293986007538,16.757306766427057,0.025,0.0,-0.03,0.0,1.0,0.0,0.015
49,1.6333182516251619,50,0.044001835999642254,0.0,-0.030140093402928496,0.00014009340292849698,0.014859906597071502,29.719813194143004,0.0027010689037981137,0.00037732493346194214,17.8318879164858,0.025,0.0,-0.03,0.0,1.0,0.0,0.015
49,1.6333182516251619,51,0.04358201292255821,0.0,-0.03131393361266495,0.0013139336126649498,0.01368606638733505,27.3721327746701,0.0028012307990269974,0.0005351559309577488,16.42327966480206,0.025,0.0,-0.03,0.0,1.0,0.0,0.015
49,1.6333182516251619,52,0.043158352894914834,0.0,-0.03248638503443806,0.002486385034438064,0.012513614965561935,25.02722993112387,0.0026219980003710517,0.0005977538994858962,15.01633795867432,0.025,0.0,-0.03,0.0,1.0,0.0,0.015
49,1.6333182516251619,53,0.04273221922916595,0.0,-0.03365795865198805,0.0036579586519880497,0.01134204134801195,22.6840826960239,0.002717337679163758,0.0007607332036545804,13.61044961761434,0.025,0.0,-0.03,0.0,1.0,0.0,0.015
49,1.6333182516251619,54,0.042303974144455685,0.0,-0.03482889418233637,0.0048288941823363685,0.010171105817663631,20.342211635327264,0.0025421035854315357,0.0008329625365812277,12.205326981196357,0.025,0.0,-0.03,0.0,1.0,0.0,0.015
49,1.6333182516251619,55,0.04187392173798871,0.0,-0.035999465551159855,0.005999465551159856,0.009000534448840143,18.001068897680288,0.0026304181886802037,0.001004598795658909,10.800641338608171,0.025,0.0,-0.03,0.0,1.0,0.0,0.015
49,1.6333182516251619,56,0.041443969703895994,0.0,-0.03717031032527193,0.007170310325271934,0.007829689674728066,15.659379349456131,0.002441545937697656,0.0010827855106043025,9.395627609673678,0.025,0.0,-0.03,0.0,1.0,0.0,0.015
49,1.6333182516251619,57,0.04101781453097296,0.0,-0.038342698072017276,0.008342698072017277,0.006657301927982723,13.314603855965446,0.002535076097965059,0.0012636187322527252,7.988762313579267,0.025,0.0,-0.03,0.0,1.0,0.0,0.015
49,1.6333182516251619,58,0.04059962366031659,0.0,-0.03951793378879221,0.009517933788792211,0.005482066211207788,10.964132422415576,0.002363868666161427,0.001354923479801789,6.578479453449345,0.025,0.0,-0.03,0.0,1.0,0.0,0.015
49,1.6333182516251619,59,0.04019258681894741,0.0,-0.04069704528969945,0.010697045289699454,0.004302954710300545,8.60590942060109,0.002423894199629612,0.0015246985037589927,5.163545652360654,0.025,0.0,-0.03,0.0,1.0,0.0,0.015
49,1.6333182516251619,60,0.03979971865519477,0.0,-0.04188088198900001,0.01188088198900001,0.0031191180109999897,6.238236021999979,0.0022926905685246002,0.0016331909892617765,3.7429416131999873,0.025,0.0,-0.03,0.0,1.0,0.0,0.015
49,1.6333182516251619,61,0.03942403209180571,0.0,-0.04307022258903768,0.01307022258903768,0.0019297774109623203,3.8595548219246405,0.002316414173193866,0.0017892337940393634,2.315732893154784,0.025,0.0,-0.03,0.0,1.0,0.0,0.015
49,1.6333182516251619,62,0.0390685619045066,0.0,-0.04426567290790693,0.01426567290790693,0.0007343270920930692,1.4686541841861382,0.0022312276883896913,0.001912464433522038,0.8811925105116829,0.025,0.0,-0.03,0.0,1.0,0.0,0.015
50,1.6666512771685325,37,0.03956526406468558,0.0,-0.015593148520882468,0.01440685147911753,0.000593148520882469,1.186297041764938,-0.002701498318652503,0.00021652719898825667,0.7117782250589628,0.025,0.0,-0.03,0.0,1.0,0.0,0.015
50,1.6666512771685325,38,0.04014919997668293,0.0,-0.016694558258092143,0.013305441741907856,0.0016945582580921437,3.3891165161842873,-0.0030566761538317463,2.4384694322906704e-05,2.0334699097105724,0.025,0.0,-0.03,0.0,1.0,0.0,0.015
50,1.6666512771685325,39,0.0407276008756052,0.0,-0.017798893550395392,0.012201106449604607,0.0027988935503953927,5.597787100790786,-0.002655491131326549,0.00023314956846658624,3.358672260474471,0.025,0.0,-0.03,0.0,1.0,0.0,0.015
50,1.6666512771685325,40,0.041301010751040194,0.0,-0.01890582572872375,0.01109417427127625,0.0039058257287237497,7.8116514574475,-0.0030948498347635736,3.213526548217109e-07,4.6869908744685,0.025,0.0,-0.03,0.0,1.0,0.0,0.015
50,1.6666512771685325,41,0.04186999599630578,0.0,-0.020015047143391553,0.009984952856608446,0.005015047143391554,10.030094286783108,-0.0026229046774098705,0.00024094810212252894,6.018056572069864,0.025,0.0,-0.03,0.0,1.0,0.0,0.015
50,1.6666512771685325,42,0.04243512457933822,0.0,-0.02112623407161946,0.008873765928380538,0.006126234071619462,12.252468143238923,-0.0031159618219044724,1.5681088517170167e-05,7.351480885943354,0.025,0.0,-0.03,0.0,1.0,0.0,0.015
50,1.6666512771685325,43,0.042996984479467974,0.0,-0.022239085143473336,0.007760914856526663,0.007239085143473337,14.478170286946673,-0.0026094404524466446,0.00023890406056371286,8.686902172168004,0.025,0.0,-0.03,0.0,1.0,0.0,0.015
50,1.6666512771685325,44,0.04355616147463491,0.0,-0.023353280868466938,0.006646719131533061,0.008353280868466938,16.706561736933878,-0.0031161654660328843,2.0924109541015474e-05,10.023937042160327,0.025,0.0,-0.03,0.0,1.0,0.0,0.015
50,1.6666512771685325,45,0.04411325872313517,0.0,-0.024468524911555902,0.005531475088444097,0.009468524911555903,18.937049823111806,-0.0026185068005812654,0.0002257874430161322,11.362229893867083,0.025,0.0,-0.03,0.0,1.0,0.0,0.015
50,1.6666512771685325,46,0.04466887361713318,0.0,-0.025584500978074007,0.004415499021925992,0.010584500978074007,21.169001956148016,-0.0030988162539993236,3.2237233381927956e-06,12.70140117368881,0.025,0.0,-0.03,0.0,1.0,0.0,0.015
50,1.6666512771685325,47,0.045221506601981834,0.0,-0.026701464563273346,0.003298535436726653,0.011701464563273346,23.40292912654669,-0.0026047831719675186,0.00010634751677153618,14.041757475928014,0.025,0.0,-0.03,0.0,1.0,0.0,0.015
50,1.6666512771685325,48,0.044817946808411585,0.0,-0.02788097417384446,0.00211902582615554,0.01288097417384446,25.761948347688918,-0.003158704593254592,0.000306235416600465,15.45716900861335,0.025,0.0,-0.03,0.0,1.0,0.0,0.015
50,1.6666512771685325,49,0.04440640439276621,0.0,-0.029057745226569745,0.0009422547734302539,0.014057745226569746,28.11549045313949,-0.002378010602564862,0.0001664110129226581,16.869294271883692,0.025,0.0,-0.03,0.0,1.0,0.0,0.015
50,1.6666512771685325,50,0.04398823371864088,0.0,-0.030232174742085432,0.00023217474208543296,0.014767825257914566,29.535650515829133,0.00324522130456901,0.0005864437425843213,17.72139030949748,0.025,0.0,-0.03,0.0,1.0,0.0,0.015
50,1.6666512771685325,51,0.04356477882115966,0.0,-0.03140473330153219,0.0014047333015321933,0.013595266698467806,27.190533396935614,0.0021656165632105285,0.0003281420124707765,16.314320038161366,0.025,0.0,-0.03,0.0,1.0,0.0,0.015
50,1.6666512771685325,52,0.043137406917388495,0.0,-0.032575857466377055,0.002575857466377056,0.012424142533622944,24.848285067245886,0.003274215896890394,0.0008479645246932913,14.90897104034753,0.025,0.0,-0.03,0.0,1.0,0.0,0.015
50,1.6666512771685325,53,0.04270746533790495,0.0,-0.03374606361860223,0.003746063618602233,0.011253936381397767,22.507872762795532,0.0020105914889282737,0.0005211896110088067,13.504723657677319,0.025,0.0,-0.03,0.0,1.0,0.0,0.015
50,1.6666512771685325,54,0.04227526630628972,0.0,-0.03491556573385939,0.004915565733859394,0.010084434266140606,20.168868532281213,0.0032246537097149926,0.001093105810934204,12.101321119368727,0.025,0.0,-0.03,0.0,1.0,0.0,0.015
50,1.6666512771685325,55,0.04184108308423375,0.0,-0.036084635485573814,0.006084635485573815,0.008915364514426184,17.830729028852367,0.0019166937299868853,0.0007653934698791542,10.69843741731142,0.025,0.0,-0.03,0.0,1.0,0.0,0.015
50,1.6666512771685325,56,0.041406858944283184,0.0,-0.03725392138145964,0.007253921381459638,0.007746078618540361,15.492157237080722,0.0031252610102047475,0.0013364063281633366,9.295294342248432,0.025,0.0,-0.03,0.0,1.0,0.0,0.015
50,1.6666512771685325,57,0.040976335173885034,0.0,-0.03842473304356281,0.00842473304356281,0.00657526695643719,13.15053391287438,0.0018684534903787543,0.0010489498169068722,7.890320347724628,0.025,0.0,-0.03,0.0,1.0,0.0,0.015
50,1.6666512771685325,58,0.040553716286084215,0.0,-0.039598398922791614,0.009598398922791615,0.0054016010772083844,10.80320215441677,0.002940467550346067,0.0015594535939561565,6.481921292650061,0.025,0.0,-0.03,0.0,1.0,0.0,0.015
50,1.6666512771685325,59,0.04014219981178094,0.0,-0.04077597364720046,0.010775973647200461,0.004224026352799538,8.448052705599077,0.0018896926736614245,0.0013613311289058729,5.068831623359446,0.025,0.0,-0.03,0.0,1.0,0.0,0.015
50,1.6666512771685325,60,0.03974482146117339,0.0,-0.04195831904212371,0.01195831904212371,0.00304168095787629,6.0833619157525805,0.0027103879595084613,0.0017719408698611229,3.650017149451548,0.025,0.0,-0.03,0.0,1.0,0.0,0.015
50,1.6666512771685325,61,0.039364611544019525,0.0,-0.04314623884586784,0.013146238845867839,0.0018537611541321608,3.7075223082643216,0.0019636336215661816,0.001692344698258416,2.224513384958593,0.025,0.0,-0.03,0.0,1.0,0.0,0.015
50,1.6666512771685325,62,0.039004626856769135,0.0,-0.04434035174037711,0.014340351740377108,0.0006596482596228914,1.3192965192457828,0.002445458687588673,0.0019830777846841863,0.7915779115474697,0.025,0.0,-0.03,0.0,1.0,0.0,0.015
51,1.699984302711903,37,0.039560839365278426,0.0,-0.015688444761923506,0.014311555238076493,0.0006884447619235068,1.3768895238470136,-0.002540347046083803,0.00030490870498257297,0.8261337143082081,0.025,0.0,-0.03,0.0,1.0,0.0,0.015
51,1.699984302711903,38,0.04014484465024094,0.0,-0.016789850948143222,0.013210149051856777,0.0017898509481432227,3.5797018962864455,-0.0031834747857644153,4.058963578648721e-05,2.1478211377718672,0.025,0.0,-0.03,0.0,1.0,0.0,0.015
51,1.699984302711903,39,0.04072332936991313,0.0,-0.017894178082511366,0.012105821917488633,0.0028941780825113665,5.788356165022733,-0.002504720725906325,0.0003156577910567792,3.4730136990136393,0.025,0.0,-0.03,0.0,1.0,0.0,0.015
51,1.699984302711903,40,0.04129683191411372,0.0,-0.019001096254725017,0.010998903745274981,0.004001096254725018,8.002192509450037,-0.0031996139631434465,5.020625953664054e-05,4.801315505670022,0.025,0.0,-0.03,0.0,1.0,0.0,0.015
51,1.699984302711903,41,0.041865915584065605,0.0,-0.02011030154243961,0.009889698457560388,0.005110301542439612,10.220603084879224,-0.0025079591789537543,0.0003050713931385366,6.132361850927534,0.025,0.0,-0.03,0.0,1.0,0.0,0.015
51,1.699984302711903,42,0.042431144386586524,0.0,-0.02122147254130828,0.008778527458691718,0.006221472541308282,12.442945082616564,-0.0031741183132032043,3.990640796836298e-05,7.465767049569938,0.025,0.0,-0.03,0.0,1.0,0.0,0.015
51,1.699984302711903,43,0.042993100992715846,0.0,-0.022334307706249,0.0076656922937509975,0.007334307706249002,14.668615412498005,-0.002552823200538722,0.00027410475577844526,8.801169247498802,0.025,0.0,-0.03,0.0,1.0,0.0,0.015
51,1.699984302711903,44,0.043552369123687776,0.0,-0.023448493897104843,0.006551506102895156,0.008448493897104843,16.896987794209686,-0.0031084913654098323,1.0048007135094488e-05,10.138192676525811,0.025,0.0,-0.03,0.0,1.0,0.0,0.015
51,1.699984302711903,45,0.04410954447512236,0.0,-0.024563730511249618,0.005436269488750381,0.009563730511249618,19.127461022499237,-0.0026353403656942326,0.0002261307466678988,11.47647661349954,0.025,0.0,-0.03,0.0,1.0,0.0,0.015
51,1.699984302711903,46,0.04466522419011911,0.0,-0.025679711615820312,0.004320288384179687,0.010679711615820313,21.359423231640626,-0.003012554158076144,4.008992551075921e-05,12.815653938984376,0.025,0.0,-0.03,0.0,1.0,0.0,0.015
51,1.699984302711903,47,0.04521790293362914,0.0,-0.026796683966918738,0.003203316033081261,0.011796683966918738,23.593367933837477,-0.0027293832645554172,0.00013387818553590961,14.156020760302486,0.025,0.0,-0.03,0.0,1.0,0.0,0.015
51,1.699984302711903,48,0.044810900081660276,0.0,-0.02797503702536565,0.0020249629746343506,0.012975037025365649,25.9500740507313,-0.0029144381782297618,0.0002472281035888633,15.570044430438779,0.025,0.0,-0.03,0.0,1.0,0.0,0.015
51,1.699984302711903,49,0.04439587841327738,0.0,-0.02915060008032708,0.0008493999196729184,0.014150600080327081,28.30120016065416,-0.0026887318895389943,0.00029226593443668563,16.980720096392496,0.025,0.0,-0.03,0.0,1.0,0.0,0.015
51,1.699984302711903,50,0.043974170263216504,0.0,-0.030323795544989703,0.0003237955449897044,0.014676204455010295,29.35240891002059,0.002822424402148294,0.00045714564739883284,17.611445346012353,0.025,0.0,-0.03,0.0,1.0,0.0,0.015
51,1.699984302711903,51,0.0435471175745217,0.0,-0.031495059338657865,0.0014950593386578656,0.013504940661342134,27.00988132268427,0.0026329091376271077,0.0005111673767952647,16.20592879361056,0.025,0.0,-0.03,0.0,1.0,0.0,0.015
51,1.699984302711903,52,0.04311605976119472,0.0,-0.032664866823387664,0.0026648668233876655,0.012335133176612334,24.67026635322467,0.0027223034765418135,0.0006676400301757053,14.8021598119348,0.025,0.0,-0.03,0.0,1.0,0.0,0.015
51,1.699984302711903,53,0.0426823464114352,0.0,-0.03383368884996115,0.003833688849961152,0.011166311150038848,22.332622300077695,0.0025740888455180683,0.000741670105371725,13.399573380046617,0.025,0.0,-0.03,0.0,1.0,0.0,0.015
51,1.699984302711903,54,0.042246220043446484,0.0,-0.03500176847093658,0.005001768470936578,0.009998231529063421,19.996463058126842,0.002623505754842542,0.0008924331230987354,11.997877834876105,0.025,0.0,-0.03,0.0,1.0,0.0,0.015
51,1.699984302711903,55,0.0418079434390083,0.0,-0.036169317507649665,0.006169317507649666,0.008830682492350334,17.66136498470067,0.0024901442317389138,0.0009832188064324643,10.5968189908204,0.025,0.0,-0.03,0.0,1.0,0.0,0.015
51,1.699984302711903,56,0.04136947460520744,0.0,-0.037337053343797215,0.007337053343797216,0.007662946656202783,15.325893312405567,0.0025310123957171904,0.0011416833626316208,9.195535987443339,0.025,0.0,-0.03,0.0,1.0,0.0,0.015
51,1.699984302711903,57,0.04093462074025879,0.0,-0.038506268491745474,0.008506268491745475,0.006493731508254524,12.987463016509048,0.0024031909716018727,0.0012425326051534074,7.792477809905429,0.025,0.0,-0.03,0.0,1.0,0.0,0.015
51,1.699984302711903,58,0.04050760327800003,0.0,-0.03967837101842001,0.009678371018420014,0.005321628981579986,10.643257963159972,0.002419758218107641,0.0013960719922503776,6.385954777895983,0.025,0.0,-0.03,0.0,1.0,0.0,0.015
51,1.699984302711903,59,0.04009164496428305,0.0,-0.04085438961950096,0.010854389619500963,0.004145610380499036,8.291220760998073,0.0023239135916983886,0.0015122653949569988,4.9747324565988436,0.025,0.0,-0.03,0.0,1.0,0.0,0.015
51,1.699984302711903,60,0.03968978646656431,0.0,-0.04203524597032016,0.012035245970320164,0.002964754029679835,5.92950805935967,0.00231544562013673,0.0016579869234137543,3.557704835615802,0.025,0.0,-0.03,0.0,1.0,0.0,0.015
51,1.699984302711903,61,0.039305088378921646,0.0,-0.043221727957482435,0.013221727957482436,0.0017782720425175633,3.5565440850351266,0.0022468817894013933,0.0017843586703346617,2.133926451021076,0.025,0.0,-0.03,0.0,1.0,0.0,0.015
51,1.699984302711903,62,0.03894061892486759,0.0,-0.044414500382274506,0.014414500382274507,0.000585499617725492,1.1709992354509842,0.00222227415013044,0.001922927702649839,0.7025995412705904,0.025,0.0,-0.03,0.0,1.0,0.0,0.015
52,1.7333173282552738,37,0.039556067694636515,0.0,-0.015783201811249772,0.014216798188750226,0.000783201811249773,1.566403622499546,-0.002758582356848355,0.00018922154846201514,0.9398421734997275,0.025,0.0,-0.03,0.0,1.0,0.0,0.015
52,1.7333173282552738,38,0.04014012427774502,0.0,-0.01688461291020807,0.01311538708979193,0.0018846129102080694,3.769225820416139,-0.0028965947809215017,0.00011412159646609033,2.2615354922496835,0.025,0.0,-0.03,0.0,1.0,0.0,0.015
52,1.7333173282552738,39,0.04071867565094539,0.0,-0.01798894276378183,0.012011057236218169,0.002988942763781831,5.977885527563662,-0.002789558665388146,0.0001692558803396429,3.586731316538197,0.025,0.0,-0.03,0.0,1.0,0.0,0.015
52,1.7333173282552738,40,0.04129225132887632,0.0,-0.019095853933382402,0.010904146066617597,0.004095853933382403,8.191707866764805,-0.0028628308322371262,0.000128775751864781,4.915024720058883,0.025,0.0,-0.03,0.0,1.0,0.0,0.015
52,1.7333173282552738,41,0.04186141640130723,0.0,-0.02020505554301016,0.009794944456989838,0.005205055543010161,10.410111086020322,-0.0028265486354578755,0.00014562632121202125,6.246066651612193,0.025,0.0,-0.03,0.0,1.0,0.0,0.015
52,1.7333173282552738,42,0.04242672469919686,0.0,-0.021316216427771786,0.008683783572228213,0.006316216427771786,12.632432855543572,-0.002823058459297494,0.00014501077565696742,7.579459713326143,0.025,0.0,-0.03,0.0,1.0,0.0,0.015
52,1.7333173282552738,43,0.04298876102329236,0.0,-0.0224290493160269,0.0075709506839731,0.007429049316026899,14.858098632053798,-0.002867879443560177,0.0001203013545981566,8.914859179232279,0.025,0.0,-0.03,0.0,1.0,0.0,0.015
52,1.7333173282552738,44,0.04354809872899448,0.0,-0.02354323105132412,0.006456768948675879,0.00854323105132412,17.08646210264824,-0.0027809562779096218,0.00016229941880284806,10.251877261588945,0.025,0.0,-0.03,0.0,1.0,0.0,0.015
52,1.7333173282552738,45,0.04410533505704852,0.0,-0.02465847452237133,0.005341525477628669,0.00965847452237133,19.31694904474266,-0.0029101609905954774,9.675519339313418e-05,11.590169426845597,0.025,0.0,-0.03,0.0,1.0,0.0,0.015
52,1.7333173282552738,46,0.04466105771346423,0.0,-0.025774465506717907,0.004225534493282092,0.010774465506717908,21.548931013435816,-0.0027389279975007967,0.00017327821286765814,12.92935860806149,0.025,0.0,-0.03,0.0,1.0,0.0,0.015
52,1.7333173282552738,47,0.045213763638691486,0.0,-0.02689146149414984,0.003108538505850158,0.011891461494149842,23.782922988299685,-0.002977563503347553,0.00013805364938451175,14.269753792979811,0.025,0.0,-0.03,0.0,1.0,0.0,0.015
52,1.7333173282552738,48,0.0448033460723734,0.0,-0.028068649502754256,0.001931350497245743,0.013068649502754257,26.137299005508513,-0.002589154684705913,0.00016464935174771247,15.682379403305108,0.025,0.0,-0.03,0.0,1.0,0.0,0.015
52,1.7333173282552738,49,0.04438487002772038,0.0,-0.02924301125923119,0.0007569887407688075,0.014243011259231192,28.486022518462384,-0.003053790338952004,0.0004384593068681579,17.09161351107743,0.025,0.0,-0.03,0.0,1.0,0.0,0.015
52,1.7333173282552738,50,0.043959656303185685,0.0,-0.030414960208659445,0.0004149602086594463,0.014585039791340553,29.170079582681105,0.0023720674207718903,0.0003148808735902495,17.50204774960866,0.025,0.0,-0.03,0.0,1.0,0.0,0.015
52,1.7333173282552738,51,0.04352903024647489,0.0,-0.03158493934979004,0.0015849393497900377,0.013415060650209962,26.830121300419922,0.0031028256996840343,0.0006983357177667772,16.098072780251954,0.025,0.0,-0.03,0.0,1.0,0.0,0.015
52,1.7333173282552738,52,0.043094320624024025,0.0,-0.0327534141879826,0.0027534141879826043,0.012246585812017395,24.49317162403479,0.0021919926004251283,0.0004908920512202039,14.695902974420873,0.025,0.0,-0.03,0.0,1.0,0.0,0.015
52,1.7333173282552738,53,0.04265686005764958,0.0,-0.03392086366996282,0.003920863669962818,0.011079136330037181,22.158272660074363,0.003095919564794576,0.0009501531533039634,13.294963596044617,0.025,0.0,-0.03,0.0,1.0,0.0,0.015
52,1.7333173282552738,54,0.04221684226462555,0.0,-0.03508750233578466,0.005087502335784658,0.009912497664215342,19.824995328430685,0.0020720700772992482,0.0007051555264387066,11.89499719705841,0.025,0.0,-0.03,0.0,1.0,0.0,0.015
52,1.7333173282552738,55,0.04177449798999209,0.0,-0.036253540529036385,0.006253540529036386,0.008746459470963613,17.492918941927226,0.0030164288786046463,0.0011880783847285565,10.495751365156336,0.025,0.0,-0.03,0.0,1.0,0.0,0.015
52,1.7333173282552738,56,0.041331821079074856,0.0,-0.0374197057666642,0.007419705766664203,0.0075802942333357964,15.160588466671593,0.001974433525400073,0.0009538434056151802,9.096353080002956,0.025,0.0,-0.03,0.0,1.0,0.0,0.015
52,1.7333173282552738,57,0.04089266459200203,0.0,-0.038587332240602734,0.008587332240602735,0.006412667759397264,12.825335518794528,0.0028953782809605813,0.0014254295732171636,7.695201311276716,0.025,0.0,-0.03,0.0,1.0,0.0,0.015
52,1.7333173282552738,58,0.04046128593414695,0.0,-0.03975785143035702,0.009757851430357019,0.005242148569642981,10.484297139285962,0.0019457464392227352,0.0012429755847225123,6.290578283571577,0.025,0.0,-0.03,0.0,1.0,0.0,0.015
52,1.7333173282552738,59,0.04004091465231418,0.0,-0.04093231818902748,0.010932318189027485,0.004067681810972515,8.13536362194503,0.002712610768107692,0.0016500442777496326,4.881218173167018,0.025,0.0,-0.03,0.0,1.0,0.0,0.015
52,1.7333173282552738,60,0.0396346115898041,0.0,-0.04211166728855505,0.012111667288555054,0.002888332711444945,5.77666542288989,0.0019643812314546053,0.0015528218141359774,3.465999253733934,0.025,0.0,-0.03,0.0,1.0,0.0,0.015
52,1.7333173282552738,61,0.039245454463024396,0.0,-0.04329671094723885,0.013296710947238853,0.0017032890527611463,3.406578105522293,0.002493593423112337,0.001864823670354118,2.0439468633133755,0.025,0.0,-0.03,0.0,1.0,0.0,0.015
52,1.7333173282552738,62,0.03887653266250308,0.0,-0.04448812764765625,0.014488127647656251,0.000511872352343748,1.023744704687496,0.002029081406876858,0.0018681271659271902,0.6142468228124975,0.025,0.0,-0.03,0.0,1.0,0.0,0.015
53,1.7666503537986444,37,0.0395507919596169,0.0,-0.01587734855515504,0.01412265144484496,0.00087734855515504,1.75469711031008,-0.0030593237349485916,3.581964409555252e-05,1.052818266186048,0.025,0.0,-0.03,0.0,1.0,0.0,0.015
53,1.7666503537986444,38,0.040134860307098695,0.0,-0.016978790613348314,0.013021209386651685,0.001978790613348314,3.9575812266966284,-0.0025573272580401646,0.0003057387173678926,2.374548736017977,0.025,0.0,-0.03,0.0,1.0,0.0,0.015
53,1.7666503537986444,39,0.040713433376372156,0.0,-0.018083140679882637,0.011916859320117362,0.003083140679882638,6.166281359765276,-0.003077055931992398,3.2342333838376454e-05,3.6997688158591653,0.025,0.0,-0.03,0.0,1.0,0.0,0.015
53,1.7666503537986444,40,0.04128704100181542,0.0,-0.019190071198639375,0.010809928801360624,0.004190071198639376,8.380142397278751,-0.002559682675345991,0.00030363285816672184,5.028085438367251,0.025,0.0,-0.03,0.0,1.0,0.0,0.015
53,1.7666503537986444,41,0.041856241160269494,0.0,-0.020299287332834023,0.009700712667165975,0.005299287332834024,10.598574665668048,-0.003064444223182358,4.301977083104694e-05,6.359144799400829,0.025,0.0,-0.03,0.0,1.0,0.0,0.015
53,1.7666503537986444,42,0.04242158580613747,0.0,-0.021410464183159412,0.008589535816840587,0.006410464183159412,12.820928366318824,-0.0025911340135825363,0.00028677309191734796,7.692557019791295,0.025,0.0,-0.03,0.0,1.0,0.0,0.015
53,1.7666503537986444,43,0.04298365448529347,0.0,-0.02252331440358365,0.007476685596416351,0.007523314403583649,15.046628807167298,-0.003024024363640652,6.700660159585474e-05,9.027977284300379,0.025,0.0,-0.03,0.0,1.0,0.0,0.015
53,1.7666503537986444,44,0.04354301640971686,0.0,-0.023637517024085116,0.006362482975914883,0.008637517024085117,17.275034048170234,-0.002648268594923052,0.0002586473047345021,10.36502042890214,0.025,0.0,-0.03,0.0,1.0,0.0,0.015
53,1.7666503537986444,45,0.04410026553302889,0.0,-0.024752788938682733,0.005247211061317265,0.009752788938682734,19.505577877365468,-0.0029619162219987386,0.00010238010501021413,11.70334672641928,0.025,0.0,-0.03,0.0,1.0,0.0,0.015
53,1.7666503537986444,46,0.04465598342910862,0.0,-0.025868814117957942,0.0041311858820420565,0.010868814117957943,21.737628235915885,-0.0027238984298973354,0.00022199018053980726,13.04257694154953,0.025,0.0,-0.03,0.0,1.0,0.0,0.015
53,1.7666503537986444,47,0.04520866757535507,0.0,-0.026985857637905477,0.003014142362094522,0.011985857637905478,23.971715275810954,-0.0028947873068758075,0.0001633658466533036,14.383029165486573,0.025,0.0,-0.03,0.0,1.0,0.0,0.015
53,1.7666503537986444,48,0.04479490413643073,0.0,-0.028161892068109824,0.0018381079318901747,0.013161892068109825,26.32378413621965,-0.002745496977301787,0.0002608657710790519,15.79427048173179,0.025,0.0,-0.03,0.0,1.0,0.0,0.015
53,1.7666503537986444,49,0.04437304270306094,0.0,-0.029335068894230962,0.0006649311057690364,0.014335068894230963,28.670137788461926,-0.002793503148237862,0.00038608080845982807,17.202082673077154,0.025,0.0,-0.03,0.0,1.0,0.0,0.015
53,1.7666503537986444,50,0.04394439688113677,0.0,-0.030505781952358115,0.0005057819523581163,0.014494218047641883,28.988436095283767,0.002696913720807525,0.0004659968101704981,17.39306165717026,0.025,0.0,-0.03,0.0,1.0,0.0,0.015
53,1.7666503537986444,51,0.04351027036530555,0.0,-0.031674496660886585,0.001674496660886586,0.013325503339113413,26.65100667822683,0.0026976792392453364,0.0005828770710556565,15.990604006936096,0.025,0.0,-0.03,0.0,1.0,0.0,0.015
53,1.7666503537986444,52,0.0430719889007051,0.0,-0.03284164928587584,0.0028416492858758385,0.012158350714124161,24.316701428248322,0.002641242723029786,0.0006816011197676446,14.590020856948993,0.025,0.0,-0.03,0.0,1.0,0.0,0.015
53,1.7666503537986444,53,0.04263086020646797,0.0,-0.034007749700950406,0.004007749700950407,0.010992250299049593,21.984500598099185,0.002599831433639186,0.0007886900324511623,13.19070035885951,0.025,0.0,-0.03,0.0,1.0,0.0,0.015
53,1.7666503537986444,54,0.04218703902224245,0.0,-0.03517295900181511,0.005172959001815108,0.009827040998184891,19.654081996369783,0.0025699832775582213,0.000905610287920476,11.792449197821869,0.025,0.0,-0.03,0.0,1.0,0.0,0.015
53,1.7666503537986444,55,0.04174071473680761,0.0,-0.03633751291523371,0.006337512915233712,0.008662487084766288,17.324974169532574,0.0025140864240723163,0.0010185475854179427,10.394984501719543,0.025,0.0,-0.03,0.0,1.0,0.0,0.015
53,1.7666503537986444,56,0.04129392859960921,0.0,-0.03750212331825996,0.0075021233182599595,0.00749787668174004,14.99575336348008,0.0024707059873709295,0.0011396571421586977,8.997452018088048,0.025,0.0,-0.03,0.0,1.0,0.0,0.015
53,1.7666503537986444,57,0.04085057297870059,0.0,-0.03866819274804138,0.008668192748041384,0.0063318072519586155,12.66361450391723,0.0024250146943156146,0.0012644524186204557,7.598168702350338,0.025,0.0,-0.03,0.0,1.0,0.0,0.015
53,1.7666503537986444,58,0.0404149486752183,0.0,-0.03983714854480834,0.009837148544808341,0.005162851455191658,10.325702910383317,0.002384762842625844,0.001390925041972554,6.19542174622999,0.025,0.0,-0.03,0.0,1.0,0.0,0.015
53,1.7666503537986444,59,0.03999027868443613,0.0,-0.0410100947903529,0.0110100947903529,0.0039899052096471,7.979810419294201,0.0023292267818626412,0.001513933748289095,4.78788625157652,0.025,0.0,-0.03,0.0,1.0,0.0,0.015
53,1.7666503537986444,60,0.03957965019384836,0.0,-0.042187956389643747,0.012187956389643748,0.002812043610356252,5.624087220712504,0.002298298906413768,0.001645356173755808,3.374452332427502,0.025,0.0,-0.03,0.0,1.0,0.0,0.015
53,1.7666503537986444,61,0.039186150095803896,0.0,-0.04337158849383656,0.013371588493836559,0.0016284115061634408,3.2568230123268815,0.0022426267847886544,0.0017685912162887737,1.954093807396129,0.025,0.0,-0.03,0.0,1.0,0.0,0.015
53,1.7666503537986444,62,0.03881289244984196,0.0,-0.04456166703415021,0.01456166703415021,0.00043833296584978865,0.8766659316995773,0.0022159460557600896,0.0019006209171374849,0.5259995590197464,0.025,0.0,-0.03,0.0,1.0,0.0,0.015
54,1.799983379342015,37,0.03954566147291175,0.0,-0.01597134212408755,0.01402865787591245,0.0009713421240875493,1.9426842481750985,-0.003039614045451854,2.2326341522183044e-05,1.165610548905059,0.025,0.0,-0.03,0.0,1.0,0.0,0.015
54,1.799983379342015,38,0.040129786039299224,0.0,-0.017072793460577076,0.012927206539422923,0.0020727934605770763,4.145586921154153,-0.0026004624953388845,0.0002519662156204275,2.4873521526924915,0.025,0.0,-0.03,0.0,1.0,0.0,0.015
54,1.799983379342015,39,0.04070842468244438,0.0,-0.0181771406366523,0.011822859363347697,0.0031771406366523022,6.354281273304604,-0.0030149017930044685,2.708367347942201e-05,3.812568763982762,0.025,0.0,-0.03,0.0,1.0,0.0,0.015
54,1.799983379342015,40,0.04128210989690032,0.0,-0.01928407045955224,0.010715929540447759,0.004284070459552241,8.568140919104481,-0.002627548700275572,0.00022355223606428302,5.140884551462689,0.025,0.0,-0.03,0.0,1.0,0.0,0.015
54,1.799983379342015,41,0.041851388814448685,0.0,-0.020393276964695995,0.009606723035304004,0.005393276964695996,10.78655392939199,-0.002973107372246252,3.814191477222049e-05,6.471932357635194,0.025,0.0,-0.03,0.0,1.0,0.0,0.015
54,1.799983379342015,42,0.04241681645399786,0.0,-0.021504451067509766,0.008495548932490233,0.0065044510675097665,13.008902135019532,-0.002669724599687189,0.0001876025378166587,7.805341281011719,0.025,0.0,-0.03,0.0,1.0,0.0,0.015
54,1.799983379342015,43,0.04297896111822464,0.0,-0.022617293637893658,0.007382706362106341,0.007617293637893659,15.234587275787318,-0.002917556964215086,5.48184039755792e-05,9.140752365472391,0.025,0.0,-0.03,0.0,1.0,0.0,0.015
54,1.799983379342015,44,0.043538394703772715,0.0,-0.023731499246884218,0.006268500753115781,0.008731499246884218,17.462998493768435,-0.0027237740719785264,0.00014703694476117323,10.47779909626106,0.025,0.0,-0.03,0.0,1.0,0.0,0.015
54,1.799983379342015,45,0.04409570049683025,0.0,-0.024846774126754734,0.005153225873245265,0.009846774126754734,19.69354825350947,-0.0028529866386097042,7.584266177207594e-05,11.81612895210568,0.025,0.0,-0.03,0.0,1.0,0.0,0.015
54,1.799983379342015,46,0.04465146158225354,0.0,-0.025962815821766475,0.004037184178233524,0.010962815821766475,21.92563164353295,-0.002786088481061364,0.00010692120278416345,13.15537898611977,0.025,0.0,-0.03,0.0,1.0,0.0,0.015
54,1.799983379342015,47,0.04520416942820734,0.0,-0.027079880876454212,0.002920119123545787,0.012079880876454212,24.159761752908423,-0.002776953245190894,8.214862940742951e-05,14.495857051745054,0.025,0.0,-0.03,0.0,1.0,0.0,0.015
54,1.799983379342015,48,0.044787067139188334,0.0,-0.0282547591792674,0.0017452408207325985,0.013254759179267401,26.5095183585348,-0.0028350614147690627,0.00022044238032993814,15.90571101512088,0.025,0.0,-0.03,0.0,1.0,0.0,0.015
54,1.799983379342015,49,0.04436182862363617,0.0,-0.029426734879561864,0.000573265120438135,0.014426734879561864,28.85346975912373,-0.002616181242029701,0.0002600570973176702,17.312081855474236,0.025,0.0,-0.03,0.0,1.0,0.0,0.015
54,1.799983379342015,50,0.04392974950049596,0.0,-0.03059620995663819,0.0005962099566381926,0.014403790043361807,28.807580086723615,0.0028393783228028474,0.0004609762521658607,17.284548052034168,0.025,0.0,-0.03,0.0,1.0,0.0,0.015
54,1.799983379342015,51,0.04349212235181295,0.0,-0.03176363647056757,0.00176363647056757,0.01323636352943243,26.47272705886486,0.0024669578836110447,0.0004472670026255155,15.883636235318914,0.025,0.0,-0.03,0.0,1.0,0.0,0.015
54,1.799983379342015,52,0.04305025339092407,0.0,-0.03292946118320842,0.002929461183208422,0.012070538816791578,24.141077633583155,0.0028168363393415658,0.0007035673065701369,14.484646580149892,0.025,0.0,-0.03,0.0,1.0,0.0,0.015
54,1.799983379342015,53,0.04260540322216186,0.0,-0.034094174345101175,0.004094174345101176,0.010905825654898824,21.811651309797647,0.002338660770326556,0.0006557047959690717,13.086990785878587,0.025,0.0,-0.03,0.0,1.0,0.0,0.015
54,1.799983379342015,54,0.04215768697486464,0.0,-0.03525793469042535,0.005257934690425348,0.009742065309574652,19.484130619149305,0.002749414767100125,0.0009468839665122273,11.690478371489583,0.025,0.0,-0.03,0.0,1.0,0.0,0.015
54,1.799983379342015,55,0.041707328235870415,0.0,-0.03642096366070512,0.006420963660705124,0.008579036339294875,17.15807267858975,0.0022441645225893944,0.0009001140574141658,10.29484360715385,0.025,0.0,-0.03,0.0,1.0,0.0,0.015
54,1.799983379342015,56,0.041256402295862624,0.0,-0.037584009321178995,0.007584009321178996,0.007415990678821004,14.831981357642007,0.0026508063134269948,0.0011945185601580054,8.899188814585203,0.025,0.0,-0.03,0.0,1.0,0.0,0.015
54,1.799983379342015,57,0.0408088593418934,0.0,-0.038748495711711975,0.008748495711711976,0.006251504288288023,12.503008576576047,0.002161223700698315,0.0011631481138535537,7.501805145945628,0.025,0.0,-0.03,0.0,1.0,0.0,0.015
54,1.799983379342015,58,0.04036901579134964,0.0,-0.03991589192503288,0.00991589192503288,0.00508410807496712,10.168216149934239,0.0025274405514447897,0.001438118080154102,6.100929689960543,0.025,0.0,-0.03,0.0,1.0,0.0,0.015
54,1.799983379342015,59,0.03994009255352551,0.0,-0.0410873042826944,0.011087304282694402,0.003912695717305598,7.825391434611195,0.0021049180465508373,0.0014373305615634534,4.695234860766717,0.025,0.0,-0.03,0.0,1.0,0.0,0.015
54,1.799983379342015,60,0.03952518695835225,0.0,-0.04226368602091514,0.01226368602091514,0.002736313979084859,5.472627958169718,0.0023859664374921282,0.0016762563758388083,3.2835767749018308,0.025,0.0,-0.03,0.0,1.0,0.0,0.015
54,1.799983379342015,61,0.03912740344494069,0.0,-0.04344590025964554,0.013445900259645538,0.0015540997403544615,3.1081994807089233,0.002075977696106988,0.0017204947099641985,1.8649196884253538,0.025,0.0,-0.03,0.0,1.0,0.0,0.015
54,1.799983379342015,62,0.038749869263005825,0.0,-0.044634646670810844,0.014634646670810846,0.0003653533291891539,0.7307066583783078,0.002233797981269118,0.0019122896430590743,0.4384239950269847,0.025,0.0,-0.03,0.0,1.0,0.0,0.015
55,1.8333164048853856,37,0.03954093767542394,0.0,-0.01606432958891127,0.01393567041108873,0.0010643295889112697,2.1286591778225397,-0.0029652126771643316,3.2271047017918364e-05,1.2771955066935237,0.025,0.0,-0.03,0.0,1.0,0.0,0.015
55,1.8333164048853856,38,0.040125237887993576,0.0,-0.01716572252866686,0.012834277471333137,0.002165722528666862,4.331445057333724,-0.002556057248343732,0.00024421968264268316,2.5988670344002345,0.025,0.0,-0.03,0.0,1.0,0.0,0.015
55,1.8333164048853856,39,0.0407040666201667,0.0,-0.018270004577762875,0.011729995422237124,0.0032700045777628757,6.540009155525752,-0.002958900159507156,2.3929916980148552e-05,3.924005493315451,0.025,0.0,-0.03,0.0,1.0,0.0,0.015
55,1.8333164048853856,40,0.04127795318677556,0.0,-0.01937686564242061,0.010623134357579389,0.00437686564242061,8.753731284841221,-0.0025600433579263523,0.00022473255652004863,5.252238770904732,0.025,0.0,-0.03,0.0,1.0,0.0,0.015
55,1.8333164048853856,41,0.04184743936421595,0.0,-0.020485998907643053,0.009514001092356946,0.005485998907643053,10.971997815286107,-0.002938665508121516,2.0568836527793857e-05,6.583198689171664,0.025,0.0,-0.03,0.0,1.0,0.0,0.015
55,1.8333164048853856,42,0.04241307853158496,0.0,-0.021597101830867577,0.008402898169132422,0.006597101830867577,13.194203661735154,-0.002577639094686841,0.00019790600525789414,7.9165221970410915,0.025,0.0,-0.03,0.0,1.0,0.0,0.015
55,1.8333164048853856,43,0.04297543173318247,0.0,-0.022709871052852108,0.007290128947147891,0.007709871052852108,15.419742105704216,-0.0029041606499133022,2.3257511814467775e-05,9.25184526342253,0.025,0.0,-0.03,0.0,1.0,0.0,0.015
55,1.8333164048853856,44,0.043535070617078134,0.0,-0.02382401076899082,0.00617598923100918,0.008824010768990819,17.648021537981638,-0.0026093007970133543,0.00016484744874742475,10.588812922788982,0.025,0.0,-0.03,0.0,1.0,0.0,0.015
55,1.8333164048853856,45,0.044092569761489876,0.0,-0.024939220227496426,0.005060779772503573,0.009939220227496427,19.87844045499285,-0.002856914548104494,3.267894948016707e-05,11.927064272995711,0.025,0.0,-0.03,0.0,1.0,0.0,0.015
55,1.8333164048853856,46,0.04464851294599109,0.0,-0.026055208901251098,0.003944791098748901,0.011055208901251098,22.110417802502198,-0.002652261719044663,0.00012496288653406683,13.266250681501319,0.025,0.0,-0.03,0.0,1.0,0.0,0.015
55,1.8333164048853856,47,0.0452013854295723,0.0,-0.027172224242399637,0.002827775757600362,0.012172224242399637,24.344448484799276,-0.002810898259830316,7.003602811663748e-05,14.606669090879565,0.025,0.0,-0.03,0.0,1.0,0.0,0.015
55,1.8333164048853856,48,0.04478082617570259,0.0,-0.028345895063069865,0.0016541049369301342,0.013345895063069865,26.69179012613973,-0.0026363584645097316,0.00016115160407978197,16.015074075683838,0.025,0.0,-0.03,0.0,1.0,0.0,0.015
55,1.8333164048853856,49,0.044352092667152856,0.0,-0.02951661141607504,0.00048338858392495826,0.014516611416075041,29.03322283215008,-0.002734488242498013,0.00031121485983211906,17.41993369929005,0.025,0.0,-0.03,0.0,1.0,0.0,0.015
55,1.8333164048853856,50,0.043916458947233755,0.0,-0.03068479612454659,0.0006847961245465897,0.01431520387545341,28.63040775090682,0.0025552414310418534,0.000367131607051056,17.17824465054409,0.025,0.0,-0.03,0.0,1.0,0.0,0.015
55,1.8333164048853856,51,0.04347521342282822,0.0,-0.03185087153641704,0.0018508715364170397,0.01314912846358296,26.29825692716592,0.002657068091556327,0.0005283282919710258,15.778954156299552,0.025,0.0,-0.03,0.0,1.0,0.0,0.015
55,1.8333164048853856,52,0.04302963587399409,0.0,-0.03301531568195424,0.0030153156819542407,0.011984684318045759,23.969368636091517,0.0024732507901538358,0.0005866924005008423,14.381621181654909,0.025,0.0,-0.03,0.0,1.0,0.0,0.015
55,1.8333164048853856,53,0.042580940656330835,0.0,-0.03417857463519968,0.004178574635199682,0.010821425364800318,21.642850729600635,0.0025687673367834215,0.0007547211794183247,12.98571043776038,0.025,0.0,-0.03,0.0,1.0,0.0,0.015
55,1.8333164048853856,54,0.04212920194228324,0.0,-0.03534083254360768,0.005340832543607683,0.009659167456392316,19.318334912784632,0.00238294107622612,0.0008216482492949209,11.591000947670778,0.025,0.0,-0.03,0.0,1.0,0.0,0.015
55,1.8333164048853856,55,0.04167470315058499,0.0,-0.03650227384589826,0.006502273845898264,0.008497726154101735,16.995452308203472,0.0024782974308118037,0.0009997402838639292,10.197271384922082,0.025,0.0,-0.03,0.0,1.0,0.0,0.015
55,1.8333164048853856,56,0.041219541791639745,0.0,-0.03766370931006034,0.007663709310060343,0.007336290689939656,14.672581379879313,0.0022908483044149284,0.0010752400285951387,8.803548827927587,0.025,0.0,-0.03,0.0,1.0,0.0,0.015
55,1.8333164048853856,57,0.040767731163227176,0.0,-0.03882655778290521,0.008826557782905212,0.006173442217094788,12.346884434189576,0.0023698481409100995,0.0012496877277407773,7.408130660513745,0.025,0.0,-0.03,0.0,1.0,0.0,0.015
55,1.8333164048853856,58,0.040323590389086596,0.0,-0.03999235541808741,0.009992355418087413,0.005007644581912586,10.015289163825173,0.002206847427238142,0.0013379998652195877,6.0091734982951035,0.025,0.0,-0.03,0.0,1.0,0.0,0.015
55,1.8333164048853856,59,0.03989034745097536,0.0,-0.04116218673286036,0.01116218673286036,0.0038378132671396392,7.675626534279278,0.002259383500536459,0.001502715414414513,4.605375920567567,0.025,0.0,-0.03,0.0,1.0,0.0,0.015
55,1.8333164048853856,60,0.039471101578173004,0.0,-0.0423370550546178,0.012337055054617803,0.0026629449453821966,5.325889890764393,0.0021289560110604694,0.0016043859288752706,3.1955339344586355,0.025,0.0,-0.03,0.0,1.0,0.0,0.015
55,1.8333164048853856,61,0.0390689806585607,0.0,-0.04351781261252545,0.013517812612525451,0.0014821873874745484,2.9643747749490967,0.002153142670348901,0.0017568452656258511,1.778624864969458,0.025,0.0,-0.03,0.0,1.0,0.0,0.015
55,1.8333164048853856,62,0.03868711952044536,0.0,-0.044705197983924215,0.014705197983924216,0.0002948020160757833,0.5896040321515666,0.0020614524414425267,0.0018704243318141923,0.35376241929094,0.025,0.0,-0.03,0.0,1.0,0.0,0.015
56,1.8666494304287564,36,0.038945720034004254,0.0,-0.015057341452208663,0.014942658547791336,5.734145220866356e-05,0.11468290441732712,-0.0024578907143856343,0.00028592468066661455,0.06880974265039627,0.025,0.0,-0.03,0.0,1.0,0.0,0.015
56,1.8666494304287564,37,0.0395361898882236,0.0,-0.01615546825043979,0.01384453174956021,0.0011554682504397902,2.3109365008795804,-0.0029813246581656266,4.24173510787071e-06,1.386561900527748,0.025,0.0,-0.03,0.0,1.0,0.0,0.015
56,1.8666494304287564,38,0.04012069260477155,0.0,-0.01725679137626008,0.01274320862373992,0.0022567913762600797,4.5135827525201595,-0.002412636415627723,0.0002923683538072767,2.7081496515120955,0.025,0.0,-0.03,0.0,1.0,0.0,0.015
56,1.8666494304287564,39,0.04069973614108636,0.0,-0.018360991700641358,0.011639008299358641,0.003360991700641358,6.721983401282716,-0.0030042878641084424,2.8374253843315216e-05,4.03319004076963,0.025,0.0,-0.03,0.0,1.0,0.0,0.015
56,1.8666494304287564,40,0.041273851694091236,0.0,-0.019467771461209232,0.010532228538790767,0.004467771461209233,8.935542922418465,-0.002393979105919147,0.0002824447162544422,5.361325753451079,0.025,0.0,-0.03,0.0,1.0,0.0,0.015
56,1.8666494304287564,41,0.04184357183965818,0.0,-0.02057681535145471,0.009423184648545288,0.005576815351454711,11.153630702909423,-0.002997631963342241,3.9061980013117015e-05,6.692178421745654,0.025,0.0,-0.03,0.0,1.0,0.0,0.015
56,1.8666494304287564,42,0.042409451336198396,0.0,-0.021687832852458677,0.008312167147541322,0.006687832852458678,13.375665704917356,-0.0024047852393690927,0.00025681004730510043,8.025399422950413,0.025,0.0,-0.03,0.0,1.0,0.0,0.015
56,1.8666494304287564,43,0.04297204236218067,0.0,-0.022800512958627804,0.007199487041372195,0.007800512958627805,15.60102591725561,-0.0029610805218961422,3.588015435290635e-05,9.360615550353366,0.025,0.0,-0.03,0.0,1.0,0.0,0.015
56,1.8666494304287564,44,0.043531916968629875,0.0,-0.023914570427953134,0.006085429572046865,0.008914570427953135,17.82914085590627,-0.0024445095517638986,0.00021746458482341499,10.697484513543762,0.025,0.0,-0.03,0.0,1.0,0.0,0.015
56,1.8666494304287564,45,0.04408964181765173,0.0,-0.025029698821637757,0.0049703011783622415,0.010029698821637758,20.059397643275517,-0.0028980000355503677,1.9038627362890932e-05,12.03563858596531,0.025,0.0,-0.03,0.0,1.0,0.0,0.015
56,1.8666494304287564,46,0.04464579972630603,0.0,-0.02614561572238933,0.0038543842776106695,0.01114561572238933,22.29123144477866,-0.0025064267691369273,0.00016175620932908804,13.374738866867196,0.025,0.0,-0.03,0.0,1.0,0.0,0.015
56,1.8666494304287564,47,0.04519887178254075,0.0,-0.027262565923938838,0.0027374340760611612,0.012262565923938838,24.525131847877677,-0.0028405690816476563,6.287703568237745e-05,14.715079108726606,0.025,0.0,-0.03,0.0,1.0,0.0,0.015
56,1.8666494304287564,48,0.0447748643183998,0.0,-0.028435016335234636,0.0015649836647653632,0.013435016335234636,26.87003267046927,-0.0024733855643712757,0.00012234520852501596,16.12201960228156,0.025,0.0,-0.03,0.0,1.0,0.0,0.015
56,1.8666494304287564,49,0.04434264198509902,0.0,-0.0296044691714827,0.000395530828517298,0.014604469171482701,29.208938342965403,-0.002803617791142902,0.00035253961560140294,17.52536300577924,0.025,0.0,-0.03,0.0,1.0,0.0,0.015
56,1.8666494304287564,50,0.043903464559897805,0.0,-0.03077134684767739,0.0007713468476773927,0.014228653152322607,28.457306304645215,0.0023490624392597447,0.00030623084827928064,17.074383782787127,0.025,0.0,-0.03,0.0,1.0,0.0,0.015
56,1.8666494304287564,51,0.0434586066865219,0.0,-0.03193606940999833,0.0019360694099983325,0.013063930590001667,26.127861180003332,0.0027621748394911294,0.0005836208008011004,15.676716708002,0.025,0.0,-0.03,0.0,1.0,0.0,0.015
56,1.8666494304287564,52,0.043009334041390054,0.0,-0.033099113353077095,0.003099113353077096,0.011900886646922904,23.801773293845805,0.0022394091848294386,0.0005119004304556219,14.281063976307482,0.025,0.0,-0.03,0.0,1.0,0.0,0.015
56,1.8666494304287564,53,0.04255680355505795,0.0,-0.0342609176395539,0.004260917639553899,0.0107390823604461,21.478164720892202,0.002690254973336137,0.0008155479943861418,12.886898832535321,0.025,0.0,-0.03,0.0,1.0,0.0,0.015
56,1.8666494304287564,54,0.042101064015833536,0.0,-0.0354216521443559,0.005421652144355901,0.009578347855644098,19.156695711288197,0.0021453593894649003,0.0007441753574170937,11.494017426772919,0.025,0.0,-0.03,0.0,1.0,0.0,0.015
56,1.8666494304287564,55,0.041642439447997746,0.0,-0.03658150546980093,0.006581505469800929,0.00841849453019907,16.836989060398142,0.0025960636755344977,0.0010569324946799778,10.102193436238885,0.025,0.0,-0.03,0.0,1.0,0.0,0.015
56,1.8666494304287564,56,0.04118306233165484,0.0,-0.03774130866084075,0.0077413086608407525,0.007258691339159247,14.517382678318494,0.0020557929499998113,0.000997973107387612,8.710429606991097,0.025,0.0,-0.03,0.0,1.0,0.0,0.015
56,1.8666494304287564,57,0.040726990684687096,0.0,-0.03890251607055986,0.008902516070559863,0.006097483929440137,12.194967858880274,0.0024742544963904543,0.0012981057569709216,7.316980715328164,0.025,0.0,-0.03,0.0,1.0,0.0,0.015
56,1.8666494304287564,58,0.04027856173577492,0.0,-0.040066691000774944,0.010066691000774945,0.004933308999225054,9.866617998450108,0.0019980646556453183,0.0012716944567164646,5.9199707990700645,0.025,0.0,-0.03,0.0,1.0,0.0,0.015
56,1.8666494304287564,59,0.03984100061997828,0.0,-0.04123493448278696,0.011234934482786958,0.0037650655172130412,7.530131034426082,0.002329662034929192,0.0015353229997872027,4.51807862065565,0.025,0.0,-0.03,0.0,1.0,0.0,0.015
56,1.8666494304287564,60,0.039417420741589,0.0,-0.042408266566038064,0.012408266566038065,0.0025917334339619347,5.183466867923869,0.0019597859270929323,0.0015540856386969146,3.110080120754321,0.025,0.0,-0.03,0.0,1.0,0.0,0.015
56,1.8666494304287564,61,0.039010964263791144,0.0,-0.04358755806641512,0.013587558066415123,0.0014124419335848765,2.8248838671697527,0.002176572408122585,0.0017695936947362564,1.6949303203018515,0.025,0.0,-0.03,0.0,1.0,0.0,0.015
56,1.8666494304287564,62,0.03862478187621434,0.0,-0.04477356314669013,0.014773563146690129,0.00022643685330987068,0.45287370661974136,0.0019433617674420951,0.0018372134680636474,0.2717242239718448,0.025,0.0,-0.03,0.0,1.0,0.0,0.015
57,1.899982455972127,36,0.038940696016617565,0.0,-0.015146739855770803,0.014853260144229196,0.00014673985577080308,0.2934797115416061,-0.002666807107060873,0.00014617573541902845,0.17608782692496366,0.025,0.0,-0.03,0.0,1.0,0.0,0.015
57,1.899982455972127,37,0.03953135717498939,0.0,-0.016244794953887417,0.013755205046112582,0.0012447949538874174,2.489589907774835,-0.00264477864955216,0.0001511517670197168,1.4937539446649009,0.025,0.0,-0.03,0.0,1.0,0.0,0.015
57,1.899982455972127,38,0.040116071984621575,0.0,-0.01734604182602997,0.01265395817397003,0.0023460418260299702,4.6920836520599405,-0.002654564403751954,0.00013825290126945892,2.815250191235964,0.025,0.0,-0.03,0.0,1.0,0.0,0.015
57,1.899982455972127,39,0.040695340860635726,0.0,-0.01845015542129233,0.011549844578707669,0.0034501554212923308,6.900310842584662,-0.002650516184056886,0.00013218875740211055,4.140186505550797,0.025,0.0,-0.03,0.0,1.0,0.0,0.015
57,1.899982455972127,40,0.04126969512554119,0.0,-0.019556846697312617,0.010443153302687382,0.004556846697312617,9.113693394625235,-0.002635687125499561,0.00013133295698584003,5.468216036775141,0.025,0.0,-0.03,0.0,1.0,0.0,0.015
57,1.899982455972127,41,0.04183966073058859,0.0,-0.02066579653609379,0.009334203463906208,0.005665796536093792,11.331593072187584,-0.0026611093140692698,0.0001092459941276773,6.79895584331255,0.025,0.0,-0.03,0.0,1.0,0.0,0.015
57,1.899982455972127,42,0.04240579092709603,0.0,-0.021776720581554748,0.00822327941844525,0.006776720581554749,13.553441163109497,-0.0026116683507506214,0.00012563029788030492,8.132064697865697,0.025,0.0,-0.03,0.0,1.0,0.0,0.015
57,1.899982455972127,43,0.04296863256966956,0.0,-0.02288930682159181,0.007110693178408189,0.00788930682159181,15.778613643183622,-0.0026753096254750353,8.409969777261281e-05,9.467168185910174,0.025,0.0,-0.03,0.0,1.0,0.0,0.015
57,1.899982455972127,44,0.04352875446267511,0.0,-0.024003273138910854,0.005996726861089145,0.009003273138910854,18.00654627782171,-0.0025852846697432164,0.00012082886378600843,10.803927766693025,0.025,0.0,-0.03,0.0,1.0,0.0,0.015
57,1.899982455972127,45,0.04408671941668174,0.0,-0.025118315179526254,0.004881684820473745,0.010118315179526254,20.23663035905251,-0.002690743437323759,5.952754373536627e-05,12.141978215431505,0.025,0.0,-0.03,0.0,1.0,0.0,0.015
57,1.899982455972127,46,0.0446431054135253,0.0,-0.026234150537546384,0.0037658494624536153,0.011234150537546384,22.468301075092768,-0.0025584117213654774,0.00011188811860533933,13.480980645055661,0.025,0.0,-0.03,0.0,1.0,0.0,0.015
57,1.899982455972127,47,0.045196392742564706,0.0,-0.027351029603733513,0.0026489703962664854,0.012351029603733514,24.702059207467027,-0.0027239756247917878,7.934734036771613e-05,14.821235524480215,0.025,0.0,-0.03,0.0,1.0,0.0,0.015
57,1.899982455972127,48,0.044768969312178476,0.0,-0.028522256496487406,0.0014777435035125928,0.013522256496487407,27.044512992974813,-0.002446863865081536,0.0001283626978729486,16.226707795784886,0.025,0.0,-0.03,0.0,1.0,0.0,0.015
57,1.899982455972127,49,0.04433328906758023,0.0,-0.02969044889032401,0.0003095511096759887,0.01469044889032401,29.38089778064802,-0.002745393502872649,0.00035123772748739277,17.62853866838881,0.025,0.0,-0.03,0.0,1.0,0.0,0.015
57,1.899982455972127,50,0.04389060226990917,0.0,-0.030856014872036507,0.0008560148720365077,0.014143985127963492,28.287970255926982,0.0022755123634574928,0.000295918258198754,16.97278215355619,0.025,0.0,-0.03,0.0,1.0,0.0,0.015
57,1.899982455972127,51,0.043442163755164964,0.0,-0.032019389078673965,0.0020193890786739666,0.012980610921326033,25.961221842652066,0.00274761947485772,0.0005962137880054674,15.576733105591238,0.025,0.0,-0.03,0.0,1.0,0.0,0.015
57,1.899982455972127,52,0.042989232720173985,0.0,-0.033181026800778585,0.003181026800778586,0.011818973199221414,23.63794639844283,0.0021272088752255563,0.0004831804448508805,14.182767839065697,0.025,0.0,-0.03,0.0,1.0,0.0,0.015
57,1.899982455972127,53,0.042532902296850576,0.0,-0.03434138142022248,0.00434138142022248,0.01065861857977752,21.317237159555038,0.0027076205298587693,0.0008373841343406724,12.790342295733023,0.025,0.0,-0.03,0.0,1.0,0.0,0.015
57,1.899982455972127,54,0.04207320528397041,0.0,-0.035500585699461254,0.005500585699461255,0.009499414300538744,18.998828601077488,0.002023402693837209,0.0007095589845440614,11.399297160646492,0.025,0.0,-0.03,0.0,1.0,0.0,0.015
57,1.899982455972127,55,0.041610494450954515,0.0,-0.03665885604482636,0.0066588560448263626,0.008341143955173637,16.682287910347274,0.0026098753746364857,0.001074830204193682,10.009372746208363,0.025,0.0,-0.03,0.0,1.0,0.0,0.015
57,1.899982455972127,56,0.041146944482548124,0.0,-0.037817019194134306,0.007817019194134307,0.007182980805865692,14.365961611731384,0.001929977247992227,0.0009588354714046943,8.61957696703883,0.025,0.0,-0.03,0.0,1.0,0.0,0.015
57,1.899982455972127,57,0.04068664675139751,0.0,-0.038976588472009376,0.008976588472009377,0.006023411527990623,12.046823055981246,0.002492906049893889,0.0013142020892463243,7.228093833588748,0.025,0.0,-0.03,0.0,1.0,0.0,0.015
57,1.899982455972127,58,0.0402339657216654,0.0,-0.040139131081191215,0.010139131081191216,0.004860868918808783,9.721737837617567,0.001873931380567721,0.0012318662604320252,5.83304270257054,0.025,0.0,-0.03,0.0,1.0,0.0,0.015
57,1.899982455972127,59,0.03979211789621063,0.0,-0.04130578666083451,0.01130578666083451,0.003694213339165489,7.388426678330978,0.0023398822156317756,0.001544077253408824,4.433056006998586,0.025,0.0,-0.03,0.0,1.0,0.0,0.015
57,1.899982455972127,60,0.0393642380730675,0.0,-0.042477572800522584,0.012477572800522585,0.0025224271994774145,5.044854398954829,0.001850298199409597,0.0015187587959576002,3.0269126393728976,0.025,0.0,-0.03,0.0,1.0,0.0,0.015
57,1.899982455972127,61,0.03895347718580147,0.0,-0.043655395711124804,0.013655395711124806,0.0013446042888751938,2.689208577750388,0.0021661942686244523,0.0017668746699908108,1.6135251466502327,0.025,0.0,-0.03,0.0,1.0,0.0,0.015
57,1.899982455972127,62,0.03856300659928649,0.0,-0.04484001185579435,0.014840011855794352,0.00015998814420564722,0.31997628841129444,0.001859245799976919,0.0018089049588298548,0.19198577304677666,0.025,0.0,-0.03,0.0,1.0,0.0,0.015
58,1.9333154815154976,36,0.0389355495824096,0.0,-0.01523437337078378,0.01476562662921622,0.00023437337078377994,0.4687467415675599,-0.0027669920974931835,6.694488010528207e-05,0.28124804494053596,0.025,0.0,-0.03,0.0,1.0,0.0,0.015
58,1.9333154815154976,37,0.0395264062672349,0.0,-0.01633236128521539,0.01366763871478461,0.0013323612852153902,2.66472257043078,-0.0024208516388965064,0.0002475401567289133,1.598833542258468,0.025,0.0,-0.03,0.0,1.0,0.0,0.015
58,1.9333154815154976,38,0.04011133095667708,0.0,-0.01743352482180647,0.01256647517819353,0.0024335248218064695,4.867049643612939,-0.002789291454512469,4.283065848826716e-05,2.9202297861677633,0.025,0.0,-0.03,0.0,1.0,0.0,0.015
58,1.9333154815154976,39,0.04069082926347282,0.0,-0.018537556591642777,0.011462443408357222,0.003537556591642777,7.075113183285555,-0.0024006552018562373,0.00024029681301392724,4.245067909971333,0.025,0.0,-0.03,0.0,1.0,0.0,0.015
58,1.9333154815154976,40,0.04126542012434177,0.0,-0.019644152410546428,0.01035584758945357,0.004644152410546429,9.288304821092858,-0.0027874436042582907,2.9263131077860796e-05,5.572982892655714,0.025,0.0,-0.03,0.0,1.0,0.0,0.015
58,1.9333154815154976,41,0.04183563514522218,0.0,-0.020753012559781094,0.009246987440218905,0.005753012559781095,11.506025119562189,-0.002403542591161335,0.0002195731332410434,6.903615071737313,0.025,0.0,-0.03,0.0,1.0,0.0,0.015
58,1.9333154815154976,42,0.04240201475395427,0.0,-0.02186383681498821,0.008136163185011789,0.0068638368149882105,13.72767362997642,-0.0027618916740333502,2.6254495861210863e-05,8.236604177985852,0.025,0.0,-0.03,0.0,1.0,0.0,0.015
58,1.9333154815154976,43,0.04296511089287565,0.0,-0.02297633214287241,0.0070236678571275885,0.007976332142872411,15.952664285744822,-0.002428571203310702,0.0001875560744594746,9.571598571446893,0.025,0.0,-0.03,0.0,1.0,0.0,0.015
58,1.9333154815154976,44,0.04352548028565844,0.0,-0.024090202042713352,0.005909797957286647,0.009090202042713352,18.180404085426705,-0.0027157736536087907,3.2878170082408484e-05,10.908242451256022,0.025,0.0,-0.03,0.0,1.0,0.0,0.015
58,1.9333154815154976,45,0.044083689290200984,0.0,-0.025205158558628735,0.0047948414413712635,0.010205158558628736,20.41031711725747,-0.0024721141407407577,0.0001472445190328688,12.246190270354482,0.025,0.0,-0.03,0.0,1.0,0.0,0.015
58,1.9333154815154976,46,0.044640305655559216,0.0,-0.02632090843565348,0.00367909156434652,0.01132090843565348,22.641816871306958,-0.002655435926200004,4.898806508072471e-05,13.585090122784175,0.025,0.0,-0.03,0.0,1.0,0.0,0.015
58,1.9333154815154976,47,0.04519381257642152,0.0,-0.02743771453702312,0.00256228546297688,0.01243771453702312,24.875429074046238,-0.0025219242060373057,8.901870699342707e-05,14.925257444427743,0.025,0.0,-0.03,0.0,1.0,0.0,0.015
58,1.9333154815154976,48,0.04476301792896388,0.0,-0.02860772318762609,0.001392276812373909,0.01360772318762609,27.21544637525218,-0.0025753337121139836,0.00019092139535907996,16.32926782515131,0.025,0.0,-0.03,0.0,1.0,0.0,0.015
58,1.9333154815154976,49,0.04432392604127242,0.0,-0.029774658690287708,0.00022534130971229097,0.014774658690287708,29.549317380575417,-0.002472724916422111,0.0002717144448989721,17.72959042834525,0.025,0.0,-0.03,0.0,1.0,0.0,0.015
58,1.9333154815154976,50,0.04387777550117465,0.0,-0.03093892063956659,0.00093892063956659,0.01406107936043341,28.122158720866818,0.002481073553265744,0.0003921894569711703,16.87329523252009,0.025,0.0,-0.03,0.0,1.0,0.0,0.015
58,1.9333154815154976,51,0.043425805082685696,0.0,-0.03210094857290636,0.0021009485729063596,0.01289905142709364,25.79810285418728,0.0024104015863832522,0.0004859041520498717,15.478861712512368,0.025,0.0,-0.03,0.0,1.0,0.0,0.015
58,1.9333154815154976,52,0.042969262908660474,0.0,-0.0332611894271534,0.0032611894271534006,0.011738810572846599,23.4776211456932,0.002382842783501069,0.0005986359227674132,14.086572687415918,0.025,0.0,-0.03,0.0,1.0,0.0,0.015
58,1.9333154815154976,53,0.042509185743652346,0.0,-0.03442009510490768,0.004420095104907679,0.01057990489509232,21.159809790184642,0.002339924244789662,0.0007103574130460261,12.695885874110784,0.025,0.0,-0.03,0.0,1.0,0.0,0.015
58,1.9333154815154976,54,0.04204558415781093,0.0,-0.035577779162577546,0.005577779162577547,0.009422220837422453,18.844441674844905,0.0022876320181607975,0.0008241080268460486,11.306665004906943,0.025,0.0,-0.03,0.0,1.0,0.0,0.015
58,1.9333154815154976,55,0.0415788448479118,0.0,-0.03673446688986045,0.006734466889860451,0.008265533110139549,16.531066220279097,0.0022475924127006754,0.0009469188779348822,9.918639732167458,0.025,0.0,-0.03,0.0,1.0,0.0,0.015
58,1.9333154815154976,56,0.04111117593016314,0.0,-0.037890999577466236,0.007890999577466237,0.007109000422533762,14.218000845067525,0.002188249795353946,0.001065303785267331,8.530800507040516,0.025,0.0,-0.03,0.0,1.0,0.0,0.015
58,1.9333154815154976,57,0.04064670769610515,0.0,-0.03904892987281457,0.009048929872814568,0.005951070127185432,11.902140254370863,0.0021547534451644154,0.0011955992339748888,7.141284152622518,0.025,0.0,-0.03,0.0,1.0,0.0,0.015
58,1.9333154815154976,58,0.04018982503759489,0.0,-0.04020984750538569,0.010209847505385693,0.004790152494614307,9.580304989228614,0.0020862585525186785,0.0013132455315879807,5.748182993537168,0.025,0.0,-0.03,0.0,1.0,0.0,0.015
58,1.9333154815154976,59,0.039743743516883964,0.0,-0.04137491314636641,0.011374913146366412,0.003625086853633587,7.250173707267174,0.0020604063836819736,0.001447292086723787,4.3501042243603045,0.025,0.0,-0.03,0.0,1.0,0.0,0.015
58,1.9333154815154976,60,0.03931161365469697,0.0,-0.0425451582051693,0.012545158205169299,0.0024548417948307005,4.909683589661401,0.001992787883569107,0.0015663809782428806,2.9458101537968404,0.025,0.0,-0.03,0.0,1.0,0.0,0.015
58,1.9333154815154976,61,0.03889660003804898,0.0,-0.043721510135496446,0.013721510135496447,0.0012784898645035528,2.5569797290071055,0.001967829670473616,0.0016994559645388868,1.5341878374042632,0.025,0.0,-0.03,0.0,1.0,0.0,0.015
58,1.9333154815154976,62,0.03850189090596191,0.0,-0.04490473941633744,0.014904739416337444,9.526058366255558e-05,0.19052116732511115,0.0019112757505635961,0.0018208841382512636,0.11431270039506669,0.025,0.0,-0.03,0.0,1.0,0.0,0.015
59,1.9666485070588684,36,0.03893026939333936,0.0,-0.015320287817541705,0.014679712182458294,0.00032028781754170517,0.6405756350834103,-0.0025682738008428537,0.00015169180473083492,0.3843453810500462,0.025,0.0,-0.03,0.0,1.0,0.0,0.015
59,1.9666485070588684,37,0.03952131617848698,0.0,-0.016418208677081266,0.013581791322918733,0.0014182086770812667,2.8364173541625335,-0.002521971358319485,0.00017000577458092583,1.70185041249752,0.025,0.0,-0.03,0.0,1.0,0.0,0.015
59,1.9666485070588684,38,0.04010644707976921,0.0,-0.017519292921924556,0.012480707078075443,0.002519292921924557,5.038585843849114,-0.002587130387091908,0.00012789985364794674,3.023151506309468,0.025,0.0,-0.03,0.0,1.0,0.0,0.015
59,1.9666485070588684,39,0.040686168545280184,0.0,-0.018623242458110822,0.011376757541889177,0.0036232424581108223,7.246484916221645,-0.0024955358107766816,0.0001684439783443685,4.347890949732987,0.025,0.0,-0.03,0.0,1.0,0.0,0.015
59,1.9666485070588684,40,0.04126099226652379,0.0,-0.01972974750329226,0.010270252496707738,0.0047297475032922615,9.459495006584524,-0.002602208071348549,0.00010436863195706979,5.675697003950714,0.025,0.0,-0.03,0.0,1.0,0.0,0.015
59,1.9666485070588684,41,0.041831450131485606,0.0,-0.020838517255578632,0.009161482744421367,0.005838517255578633,11.677034511157265,-0.002471708745070105,0.0001634909352243842,7.006220706694359,0.025,0.0,-0.03,0.0,1.0,0.0,0.015
59,1.9666485070588684,42,0.04239807545224621,0.0,-0.021949246436989468,0.008050753563010531,0.006949246436989468,13.898492873978936,-0.0026133718691303868,8.193676996229977e-05,8.339095724387361,0.025,0.0,-0.03,0.0,1.0,0.0,0.015
59,1.9666485070588684,43,0.04296141979915218,0.0,-0.023061650158440083,0.006938349841559915,0.008061650158440084,16.12330031688017,-0.0024517668471525805,0.0001557733242520985,9.6739801901281,0.025,0.0,-0.03,0.0,1.0,0.0,0.015
59,1.9666485070588684,44,0.04352203314089149,0.0,-0.02417542776172738,0.0058245722382726205,0.009175427761727379,18.350855523454758,-0.0026198621966900325,6.190160701691593e-05,11.010513314072854,0.025,0.0,-0.03,0.0,1.0,0.0,0.015
59,1.9666485070588684,45,0.04408048076341967,0.0,-0.025290298369801328,0.004709701630198671,0.010290298369801328,20.580596739602658,-0.002437411747563816,0.00014509116881784121,12.348358043761595,0.025,0.0,-0.03,0.0,1.0,0.0,0.015
59,1.9666485070588684,46,0.04463732423623004,0.0,-0.026405965734629718,0.0035940342653702807,0.011405965734629719,22.811931469259438,-0.0026228090864788547,5.095811242742797e-05,13.687158881555662,0.025,0.0,-0.03,0.0,1.0,0.0,0.015
59,1.9666485070588684,47,0.04519104679824207,0.0,-0.02752269893188383,0.00247730106811617,0.01252269893188383,25.045397863767658,-0.00240781605083061,8.408649681493557e-05,15.027238718260595,0.025,0.0,-0.03,0.0,1.0,0.0,0.015
59,1.9666485070588684,48,0.04475693434250534,0.0,-0.02869149843439595,0.0013085015656040498,0.01369149843439595,27.3829968687919,-0.0026499884246177583,0.00024053795767471796,16.429798121275137,0.025,0.0,-0.03,0.0,1.0,0.0,0.015
59,1.9666485070588684,49,0.04431448510663045,0.0,-0.02985718525470364,0.0001428147452963574,0.014857185254703642,29.714370509407285,-0.002239706471777163,0.00020572741220327412,17.82862230564437,0.025,0.0,-0.03,0.0,1.0,0.0,0.015
59,1.9666485070588684,50,0.0438649257900022,0.0,-0.031020152501713343,0.0010201525017133443,0.013979847498286655,27.95969499657331,0.002669132138997544,0.00048413603144347735,16.775816997943988,0.025,0.0,-0.03,0.0,1.0,0.0,0.015
59,1.9666485070588684,51,0.04340947970631017,0.0,-0.03218084326343289,0.0021808432634328884,0.012819156736567111,25.63831347313422,0.002078850127910169,0.00037589782481630644,15.382988083880532,0.025,0.0,-0.03,0.0,1.0,0.0,0.015
59,1.9666485070588684,52,0.04294938394646674,0.0,-0.03333969660352143,0.0033396966035214304,0.011660303396478569,23.32060679295714,0.0026532151387650654,0.0007220167660411861,13.992364075774283,0.025,0.0,-0.03,0.0,1.0,0.0,0.015
59,1.9666485070588684,53,0.04248562005433702,0.0,-0.03449716285456158,0.00449716285456158,0.01050283714543842,21.00567429087684,0.0019491546396207247,0.0005715390906445129,12.603404574526104,0.025,0.0,-0.03,0.0,1.0,0.0,0.015
59,1.9666485070588684,54,0.04201817716987469,0.0,-0.0356533357968339,0.0056533357968339,0.0093466642031661,18.6933284063322,0.0025837969479609642,0.0009532522602972056,11.21599704379932,0.025,0.0,-0.03,0.0,1.0,0.0,0.015
59,1.9666485070588684,55,0.0415474740038479,0.0,-0.03680845053449656,0.006808450534496559,0.00819154946550344,16.38309893100688,0.0018562238827603424,0.0008043414159914391,9.829859358604129,0.025,0.0,-0.03,0.0,1.0,0.0,0.015
59,1.9666485070588684,56,0.04107575134374391,0.0,-0.03796336172435657,0.00796336172435657,0.0070366382756434295,14.07327655128686,0.002483657259390933,0.0011875216043279076,8.443965930772116,0.025,0.0,-0.03,0.0,1.0,0.0,0.015
59,1.9666485070588684,57,0.04060717684152337,0.0,-0.039119661790935935,0.009119661790935936,0.0058803382090640635,11.760676418128128,0.001782069042846766,0.0010605532522375799,7.056405850876876,0.025,0.0,-0.03,0.0,1.0,0.0,0.015
59,1.9666485070588684,58,0.040146156048399016,0.0,-0.0402789618932554,0.010278961893255403,0.004721038106744596,9.442076213489193,0.002340504145491308,0.0014106922302920333,5.665245728093516,0.025,0.0,-0.03,0.0,1.0,0.0,0.015
59,1.9666485070588684,59,0.0396959038947026,0.0,-0.04144244472739463,0.011442444727394634,0.003557555272605366,7.115110545210731,0.001746919113784329,0.0013346080454668147,4.269066327126438,0.025,0.0,-0.03,0.0,1.0,0.0,0.015
59,1.9666485070588684,60,0.03925958693038374,0.0,-0.042611154418772945,0.012611154418772946,0.002388845581227053,4.777691162454106,0.002172415559148521,0.0016262575644378826,2.8666146974724636,0.025,0.0,-0.03,0.0,1.0,0.0,0.015
59,1.9666485070588684,61,0.03884038289457298,0.0,-0.04378604062962202,0.01378604062962202,0.0012139593703779789,2.427918740755958,0.001745112247740568,0.0016204384973841442,1.4567512444535746,0.025,0.0,-0.03,0.0,1.0,0.0,0.015
59,1.9666485070588684,62,0.03844149711384499,0.0,-0.04496788691563605,0.014967886915636053,3.2113084363946665e-05,0.06422616872789333,0.001987239770196256,0.0018391024337794954,0.038535701236736,0.025,0.0,-0.03,0.0,1.0,0.0,0.015
60,1.999981532602239,36,0.03892485058204728,0.0,-0.015404523907266272,0.014595476092733727,0.0004045239072662729,0.8090478145325458,-0.002424932189587384,0.00020697491218968022,0.4854286887195275,0.025,0.0,-0.03,0.0,1.0,0.0,0.015
60,1.999981532602239,37,0.0395160784985118,0.0,-0.016502379851266645,0.013497620148733354,0.0015023798512666456,3.004759702533291,-0.0025637693732498516,0.00012518627020976844,1.8028558215199746,0.025,0.0,-0.03,0.0,1.0,0.0,0.015
60,1.999981532602239,38,0.04010140812385149,0.0,-0.017603390510275638,0.012396609489724361,0.0026033905102756383,5.206781020551277,-0.002449088865065957,0.00017980006738934642,3.124068612330766,0.025,0.0,-0.03,0.0,1.0,0.0,0.015
60,1.999981532602239,39,0.040681342965139526,0.0,-0.018707259854381306,0.011292740145618693,0.0037072598543813062,7.4145197087626125,-0.0025313367522468246,0.00012866294315011815,4.4487118252575675,0.025,0.0,-0.03,0.0,1.0,0.0,0.015
60,1.999981532602239,40,0.041256391660557994,0.0,-0.019813680251745572,0.010186319748254426,0.004813680251745573,9.627360503491147,-0.0024714026210139683,0.00015226804976621976,5.776416302094688,0.025,0.0,-0.03,0.0,1.0,0.0,0.015
60,1.999981532602239,41,0.041827082149859036,0.0,-0.02092236155460868,0.00907763844539132,0.005922361554608679,11.844723109217359,-0.0025006203138657405,0.0001288910420129335,7.106833865530415,0.025,0.0,-0.03,0.0,1.0,0.0,0.015
60,1.999981532602239,42,0.04239394512152387,0.0,-0.022033001903064717,0.007966998096935282,0.007033001903064717,14.066003806129434,-0.002489970935004343,0.00012611593966144002,8.43960228367766,0.025,0.0,-0.03,0.0,1.0,0.0,0.015
60,1.999981532602239,43,0.0429575274258773,0.0,-0.023145315911731364,0.006854684088268635,0.008145315911731364,16.29063182346273,-0.002474027131301624,0.0001259279795158173,9.774379094077636,0.025,0.0,-0.03,0.0,1.0,0.0,0.015
60,1.999981532602239,44,0.04351837671075299,0.0,-0.024259007249304947,0.005740992750695052,0.009259007249304948,18.518014498609897,-0.0025035770981849123,0.00010276787199618754,11.110808699165938,0.025,0.0,-0.03,0.0,1.0,0.0,0.015
60,1.999981532602239,45,0.04407705309297661,0.0,-0.025373793847423103,0.004626206152576896,0.010373793847423103,20.747587694846207,-0.0024531041544462225,0.00012004333170815064,12.448552616907724,0.025,0.0,-0.03,0.0,1.0,0.0,0.015
60,1.999981532602239,46,0.044634115920310365,0.0,-0.026489384211317198,0.0035106157886828013,0.011489384211317198,22.978768422634396,-0.002512871640594722,8.544962153945218e-05,13.787261053580638,0.025,0.0,-0.03,0.0,1.0,0.0,0.015
60,1.999981532602239,47,0.045188045455047295,0.0,-0.0276060462589876,0.002393953741012398,0.012606046258987601,25.212092517975204,-0.0024285897867895806,9.15613586100477e-05,15.127255510785123,0.025,0.0,-0.03,0.0,1.0,0.0,0.015
60,1.999981532602239,48,0.0447506731967592,0.0,-0.028773649336430545,0.001226350663569454,0.013773649336430546,27.547298672861093,-0.0025113693637508925,0.00021553142279068704,16.528379203716653,0.025,0.0,-0.03,0.0,1.0,0.0,0.015
60,1.999981532602239,49,0.044304926673667255,0.0,-0.029938096152730152,6.19038472698466e-05,0.014938096152730153,29.876192305460307,-0.0023088469814395236,0.0002529537004048014,17.925715383276184,0.025,0.0,-0.03,0.0,1.0,0.0,0.015
60,1.999981532602239,50,0.043852017617401456,0.0,-0.031099783239359288,0.0010997832393592893,0.01390021676064071,27.80043352128142,0.0024818967490866746,0.00043315772895252826,16.680260112768853,0.025,0.0,-0.03,0.0,1.0,0.0,0.015
60,1.999981532602239,51,0.04339315855309729,0.0,-0.03225914525392168,0.0022591452539216794,0.01274085474607832,25.48170949215664,0.0021916769989085553,0.00043737730799789615,15.289025695293983,0.025,0.0,-0.03,0.0,1.0,0.0,0.015
60,1.999981532602239,52,0.0429295704872991,0.0,-0.03341662691703076,0.003416626917030763,0.011583373082969237,23.166746165938473,0.00243251484404501,0.0006522088881656672,13.900047699563084,0.025,0.0,-0.03,0.0,1.0,0.0,0.015
60,1.999981532602239,53,0.04246218663931006,0.0,-0.03457266186284233,0.004572661862842331,0.010427338137157668,20.854676274315338,0.002086318541263741,0.0006392840827164825,12.512805764589203,0.025,0.0,-0.03,0.0,1.0,0.0,0.015
60,1.999981532602239,54,0.04199096904624019,0.0,-0.03572733981992417,0.005727339819924168,0.009272660180075831,18.545320360151663,0.0023540452097924507,0.0008755249381249634,11.127192216090998,0.025,0.0,-0.03,0.0,1.0,0.0,0.015
60,1.999981532602239,55,0.04151637345679557,0.0,-0.03688088991965693,0.006880889919656928,0.008119110080343071,16.238220160686144,0.0019947539610946897,0.0008675069281767544,9.742932096411685,0.025,0.0,-0.03,0.0,1.0,0.0,0.015
60,1.999981532602239,56,0.041040666242195795,0.0,-0.038034195714320276,0.008034195714320277,0.006965804285679722,13.931608571359444,0.0022571213236816535,0.0011076996877161791,8.358965142815666,0.025,0.0,-0.03,0.0,1.0,0.0,0.015
60,1.999981532602239,57,0.040568057588394595,0.0,-0.03918887345566555,0.009188873455665554,0.005811126544334445,11.622253088668892,0.0019087705561564767,0.0011120371652164637,6.9733518532013345,0.025,0.0,-0.03,0.0,1.0,0.0,0.015
60,1.999981532602239,58,0.04010296760574254,0.0,-0.04034657056955192,0.010346570569551919,0.0046534294304480806,9.306858860896162,0.0021399066205474385,0.0013384946935372107,5.584115316537697,0.025,0.0,-0.03,0.0,1.0,0.0,0.015
60,1.999981532602239,59,0.03964861621737091,0.0,-0.04150847761539033,0.011508477615390332,0.0034915223846096674,6.983044769219335,0.0018414045561849551,0.0013672687031929876,4.189826861531601,0.025,0.0,-0.03,0.0,1.0,0.0,0.015
60,1.999981532602239,60,0.03920818118704686,0.0,-0.04267566384451437,0.012675663844514372,0.0023243361554856276,4.648672310971255,0.002013024776163207,0.0015675028760553714,2.789203386582753,0.025,0.0,-0.03,0.0,1.0,0.0,0.015
60,1.999981532602239,61,0.038784857003349826,0.0,-0.043849090304380264,0.013849090304380265,0.001150909695619734,2.301819391239468,0.0017925728347558967,0.0016291647883304582,1.3810916347436808,0.025,0.0,-0.03,0.0,1.0,0.0,0.015
